id,severity,gate,url,template,entity,component,issue,rootCause
RQ-00001-X,MEDIUM,cross-surface,https://kitletics.com/products/adidas-adizero-adios-pro-4,product,product:adidas-adizero-adios-pro-4,decision.bestFor[0],bestFor:GENERIC,Rendered bestFor on product:adidas-adizero-adios-pro-4 classified GENERIC · 2 surfaces
RQ-00003-X,MEDIUM,cross-surface,https://kitletics.com/products/adidas-adizero-boston-12,product,product:adidas-adizero-boston-12,decision.bestFor[1],bestFor:GENERIC,Rendered bestFor on product:adidas-adizero-boston-12 classified GENERIC · 2 surfaces
RQ-00004-X,MEDIUM,cross-surface,https://kitletics.com/products/adidas-adizero-boston-13,product,product:adidas-adizero-boston-13,decision.bestFor[0],bestFor:GENERIC,Rendered bestFor on product:adidas-adizero-boston-13 classified GENERIC · 2 surfaces
RQ-00006-X,MEDIUM,cross-surface,https://kitletics.com/products/adidas-adizero-evo-sl,product,product:adidas-adizero-evo-sl,decision.bestFor[0],bestFor:GENERIC,Rendered bestFor on product:adidas-adizero-evo-sl classified GENERIC · 2 surfaces
RQ-00008-X,MEDIUM,cross-surface,https://kitletics.com/products/adidas-terrex-agravic-3,product,product:adidas-terrex-agravic-3,decision.bestFor[0],bestFor:GENERIC,Rendered bestFor on product:adidas-terrex-agravic-3 classified GENERIC · 2 surfaces
RQ-00011-X,MEDIUM,cross-surface,https://kitletics.com/products/adidas-ultraboost-5,product,product:adidas-ultraboost-5,decision.bestFor[0],bestFor:GENERIC,Rendered bestFor on product:adidas-ultraboost-5 classified GENERIC · 2 surfaces
RQ-00013-X,MEDIUM,cross-surface,https://kitletics.com/products/altra-escalante-4,product,product:altra-escalante-4,decision.bestFor[0],bestFor:GENERIC,Rendered bestFor on product:altra-escalante-4 classified GENERIC · 2 surfaces
RQ-00015-X,MEDIUM,cross-surface,https://kitletics.com/products/altra-experience-flow,product,product:altra-experience-flow,decision.bestFor[0],bestFor:GENERIC,Rendered bestFor on product:altra-experience-flow classified GENERIC · 2 surfaces
RQ-00017-X,MEDIUM,cross-surface,https://kitletics.com/products/altra-lone-peak-8,product,product:altra-lone-peak-8,decision.bestFor[0],bestFor:GENERIC,Rendered bestFor on product:altra-lone-peak-8 classified GENERIC · 2 surfaces
RQ-00019-X,MEDIUM,cross-surface,https://kitletics.com/products/altra-torin-8,product,product:altra-torin-8,decision.bestFor[0],bestFor:GENERIC,Rendered bestFor on product:altra-torin-8 classified GENERIC · 2 surfaces
RQ-00021-X,MEDIUM,cross-surface,https://kitletics.com/products/asics-gel-cumulus-27,product,product:asics-gel-cumulus-27,decision.bestFor[0],bestFor:GENERIC,Rendered bestFor on product:asics-gel-cumulus-27 classified GENERIC · 2 surfaces
RQ-00023-X,MEDIUM,cross-surface,https://kitletics.com/products/asics-gel-nimbus-27,product,product:asics-gel-nimbus-27,decision.bestFor[0],bestFor:GENERIC,Rendered bestFor on product:asics-gel-nimbus-27 classified GENERIC · 2 surfaces
RQ-00025-X,MEDIUM,cross-surface,https://kitletics.com/products/asics-gel-trabuco-13,product,product:asics-gel-trabuco-13,decision.bestFor[0],bestFor:GENERIC,Rendered bestFor on product:asics-gel-trabuco-13 classified GENERIC · 2 surfaces
RQ-00028-X,MEDIUM,cross-surface,https://kitletics.com/products/asics-metaspeed-sky-paris,product,product:asics-metaspeed-sky-paris,decision.bestFor[0],bestFor:GENERIC,Rendered bestFor on product:asics-metaspeed-sky-paris classified GENERIC · 2 surfaces
RQ-00030-X,MEDIUM,cross-surface,https://kitletics.com/products/brooks-cascadia-18,product,product:brooks-cascadia-18,decision.bestFor[0],bestFor:GENERIC,Rendered bestFor on product:brooks-cascadia-18 classified GENERIC · 2 surfaces
RQ-00033-X,MEDIUM,cross-surface,https://kitletics.com/products/brooks-glycerin-21,product,product:brooks-glycerin-21,decision.bestFor[0],bestFor:GENERIC,Rendered bestFor on product:brooks-glycerin-21 classified GENERIC · 2 surfaces
RQ-00036-X,MEDIUM,cross-surface,https://kitletics.com/products/hoka-clifton-9,product,product:hoka-clifton-9,decision.bestFor[0],bestFor:GENERIC,Rendered bestFor on product:hoka-clifton-9 classified GENERIC · 2 surfaces
RQ-00038-X,MEDIUM,cross-surface,https://kitletics.com/products/hoka-mach-6,product,product:hoka-mach-6,decision.bestFor[0],bestFor:GENERIC,Rendered bestFor on product:hoka-mach-6 classified GENERIC · 2 surfaces
RQ-00040-X,MEDIUM,cross-surface,https://kitletics.com/products/mizuno-wave-rebellion-pro-3,product,product:mizuno-wave-rebellion-pro-3,decision.bestFor[0],bestFor:GENERIC,Rendered bestFor on product:mizuno-wave-rebellion-pro-3 classified GENERIC · 2 surfaces
RQ-00042-X,MEDIUM,cross-surface,https://kitletics.com/products/new-balance-fresh-foam-x-1080-v13,product,product:new-balance-fresh-foam-x-1080-v13,decision.bestFor[2],bestFor:GENERIC,Rendered bestFor on product:new-balance-fresh-foam-x-1080-v13 classified GENERIC · 2 surfaces
RQ-00043-X,MEDIUM,cross-surface,https://kitletics.com/products/new-balance-fresh-foam-x-1080-v14,product,product:new-balance-fresh-foam-x-1080-v14,decision.bestFor[0],bestFor:GENERIC,Rendered bestFor on product:new-balance-fresh-foam-x-1080-v14 classified GENERIC · 2 surfaces
RQ-00045-X,MEDIUM,cross-surface,https://kitletics.com/products/new-balance-fresh-foam-x-hierro-v9,product,product:new-balance-fresh-foam-x-hierro-v9,decision.bestFor[0],bestFor:GENERIC,Rendered bestFor on product:new-balance-fresh-foam-x-hierro-v9 classified GENERIC · 2 surfaces
RQ-00047-X,MEDIUM,cross-surface,https://kitletics.com/products/new-balance-fuelcell-rebel-v5,product,product:new-balance-fuelcell-rebel-v5,decision.bestFor[0],bestFor:GENERIC,Rendered bestFor on product:new-balance-fuelcell-rebel-v5 classified GENERIC · 2 surfaces
RQ-00049-X,MEDIUM,cross-surface,https://kitletics.com/products/new-balance-fuelcell-supercomp-elite-v4,product,product:new-balance-fuelcell-supercomp-elite-v4,decision.bestFor[0],bestFor:GENERIC,Rendered bestFor on product:new-balance-fuelcell-supercomp-elite-v4 classified GENERIC · 2 surfaces
RQ-00051-X,MEDIUM,cross-surface,https://kitletics.com/products/nike-pegasus-41,product,product:nike-pegasus-41,decision.bestFor[0],bestFor:GENERIC,Rendered bestFor on product:nike-pegasus-41 classified GENERIC · 2 surfaces
RQ-00053-X,MEDIUM,cross-surface,https://kitletics.com/products/nike-pegasus-trail-5,product,product:nike-pegasus-trail-5,decision.bestFor[0],bestFor:GENERIC,Rendered bestFor on product:nike-pegasus-trail-5 classified GENERIC · 2 surfaces
RQ-00056-X,MEDIUM,cross-surface,https://kitletics.com/products/on-cloudmonster-2,product,product:on-cloudmonster-2,decision.bestFor[0],bestFor:GENERIC,Rendered bestFor on product:on-cloudmonster-2 classified GENERIC · 2 surfaces
RQ-00058-X,MEDIUM,cross-surface,https://kitletics.com/products/on-cloudmonster-hyper,product,product:on-cloudmonster-hyper,decision.bestFor[0],bestFor:GENERIC,Rendered bestFor on product:on-cloudmonster-hyper classified GENERIC · 2 surfaces
RQ-00060-X,MEDIUM,cross-surface,https://kitletics.com/products/on-cloudsurfer-2,product,product:on-cloudsurfer-2,decision.bestFor[0],bestFor:GENERIC,Rendered bestFor on product:on-cloudsurfer-2 classified GENERIC · 2 surfaces
RQ-00062-X,MEDIUM,cross-surface,https://kitletics.com/products/on-cloudsurfer-next,product,product:on-cloudsurfer-next,decision.bestFor[0],bestFor:GENERIC,Rendered bestFor on product:on-cloudsurfer-next classified GENERIC · 2 surfaces
RQ-00064-X,MEDIUM,cross-surface,https://kitletics.com/products/puma-magnify-nitro-2,product,product:puma-magnify-nitro-2,decision.bestFor[0],bestFor:GENERIC,Rendered bestFor on product:puma-magnify-nitro-2 classified GENERIC · 2 surfaces
RQ-00066-X,MEDIUM,cross-surface,https://kitletics.com/products/salomon-aero-glide-2,product,product:salomon-aero-glide-2,decision.bestFor[0],bestFor:GENERIC,Rendered bestFor on product:salomon-aero-glide-2 classified GENERIC · 2 surfaces
RQ-00068-X,MEDIUM,cross-surface,https://kitletics.com/products/salomon-genesis,product,product:salomon-genesis,decision.bestFor[0],bestFor:GENERIC,Rendered bestFor on product:salomon-genesis classified GENERIC · 2 surfaces
RQ-00071-X,MEDIUM,cross-surface,https://kitletics.com/products/salomon-ultra-glide-2,product,product:salomon-ultra-glide-2,decision.bestFor[0],bestFor:GENERIC,Rendered bestFor on product:salomon-ultra-glide-2 classified GENERIC · 2 surfaces
RQ-00073-X,MEDIUM,cross-surface,https://kitletics.com/products/saucony-endorphin-pro-3,product,product:saucony-endorphin-pro-3,decision.bestFor[0],bestFor:GENERIC,Rendered bestFor on product:saucony-endorphin-pro-3 classified GENERIC · 2 surfaces
RQ-00075-X,MEDIUM,cross-surface,https://kitletics.com/products/saucony-endorphin-pro-4,product,product:saucony-endorphin-pro-4,decision.bestFor[0],bestFor:GENERIC,Rendered bestFor on product:saucony-endorphin-pro-4 classified GENERIC · 2 surfaces
RQ-00077-X,MEDIUM,cross-surface,https://kitletics.com/products/saucony-endorphin-speed-4,product,product:saucony-endorphin-speed-4,decision.bestFor[0],bestFor:GENERIC,Rendered bestFor on product:saucony-endorphin-speed-4 classified GENERIC · 2 surfaces
RQ-00079-X,MEDIUM,cross-surface,https://kitletics.com/products/saucony-ride-18,product,product:saucony-ride-18,decision.bestFor[0],bestFor:GENERIC,Rendered bestFor on product:saucony-ride-18 classified GENERIC · 2 surfaces
RQ-00081-X,MEDIUM,cross-surface,https://kitletics.com/products/saucony-xodus-ultra-3,product,product:saucony-xodus-ultra-3,decision.bestFor[0],bestFor:GENERIC,Rendered bestFor on product:saucony-xodus-ultra-3 classified GENERIC · 2 surfaces
RQ-00084-X,MEDIUM,cross-surface,https://kitletics.com/products/topo-athletic-phantom-3,product,product:topo-athletic-phantom-3,decision.bestFor[0],bestFor:GENERIC,Rendered bestFor on product:topo-athletic-phantom-3 classified GENERIC · 2 surfaces
RQ-00086-X,MEDIUM,cross-surface,https://kitletics.com/products/topo-athletic-specter-2,product,product:topo-athletic-specter-2,decision.bestFor[0],bestFor:GENERIC,Rendered bestFor on product:topo-athletic-specter-2 classified GENERIC · 2 surfaces
RQ-00088-X,MEDIUM,cross-surface,https://kitletics.com/products/topo-athletic-terraventure-5,product,product:topo-athletic-terraventure-5,decision.bestFor[0],bestFor:GENERIC,Rendered bestFor on product:topo-athletic-terraventure-5 classified GENERIC · 2 surfaces
RQ-00179,HIGH,content-sanity,https://kitletics.com/about,static,page:/about,body,machine_filler,Machine filler on /about
RQ-00180,HIGH,content-sanity,https://kitletics.com/best/race-shoes,best-guide,best-guide:race-shoes,body,machine_filler,Machine filler on /best/race-shoes
RQ-00181,HIGH,content-sanity,https://kitletics.com/best/running-anti-chafe,best-guide,best-guide:running-anti-chafe,body,machine_filler,Machine filler on /best/running-anti-chafe
RQ-00182,HIGH,content-sanity,https://kitletics.com/best/running-rain-jackets,best-guide,best-guide:running-rain-jackets,body,machine_filler,Machine filler on /best/running-rain-jackets
RQ-00183,HIGH,content-sanity,https://kitletics.com/best/running-recovery-gear,best-guide,best-guide:running-recovery-gear,body,awkward_skip_line,Awkward uniqueness-era skip line on /best/running-recovery-gear
RQ-00184,HIGH,content-sanity,https://kitletics.com/best/running-shoes-wide-feet,best-guide,best-guide:running-shoes-wide-feet,body,duplicate_paragraph,Duplicate paragraph on best-guide:running-shoes-wide-feet
RQ-00185,HIGH,content-sanity,https://kitletics.com/best/running-shorts,best-guide,best-guide:running-shorts,body,machine_filler,Machine filler on /best/running-shorts
RQ-00186,HIGH,content-sanity,https://kitletics.com/best/running-sunglasses,best-guide,best-guide:running-sunglasses,body,machine_filler,Machine filler on /best/running-sunglasses
RQ-00187,HIGH,content-sanity,https://kitletics.com/best/tempo-running-shoes,best-guide,best-guide:tempo-running-shoes,body,awkward_skip_line,Awkward uniqueness-era skip line on /best/tempo-running-shoes
RQ-00188,HIGH,content-sanity,https://kitletics.com/brands/adidas,brand-hub,brand:adidas,body,machine_filler,Machine filler on /brands/adidas
RQ-00189,HIGH,content-sanity,https://kitletics.com/brands/adidas-padel,brand-hub,brand:adidas-padel,body,duplicate_paragraph,Duplicate paragraph on brand:adidas-padel
RQ-00190,HIGH,content-sanity,https://kitletics.com/brands/adidas-padel,brand-hub,brand:adidas-padel,body,machine_filler,Machine filler on /brands/adidas-padel
RQ-00191,HIGH,content-sanity,https://kitletics.com/brands/altra,brand-hub,brand:altra,body,duplicate_paragraph,Duplicate paragraph on brand:altra
RQ-00192,HIGH,content-sanity,https://kitletics.com/brands/altra,brand-hub,brand:altra,body,machine_filler,Machine filler on /brands/altra
RQ-00193,HIGH,content-sanity,https://kitletics.com/brands/amazfit,brand-hub,brand:amazfit,body,duplicate_paragraph,Duplicate paragraph on brand:amazfit
RQ-00194,HIGH,content-sanity,https://kitletics.com/brands/amphipod,brand-hub,brand:amphipod,body,duplicate_paragraph,Duplicate paragraph on brand:amphipod
RQ-00195,HIGH,content-sanity,https://kitletics.com/brands/apple,brand-hub,brand:apple,body,duplicate_paragraph,Duplicate paragraph on brand:apple
RQ-00196,HIGH,content-sanity,https://kitletics.com/brands/asics,brand-hub,brand:asics,body,machine_filler,Machine filler on /brands/asics
RQ-00197,HIGH,content-sanity,https://kitletics.com/brands/asics-racket,brand-hub,brand:asics-racket,body,duplicate_paragraph,Duplicate paragraph on brand:asics-racket
RQ-00198,HIGH,content-sanity,https://kitletics.com/brands/asics-racket,brand-hub,brand:asics-racket,body,machine_filler,Machine filler on /brands/asics-racket
RQ-00199,HIGH,content-sanity,https://kitletics.com/brands/assault-fitness,brand-hub,brand:assault-fitness,body,duplicate_paragraph,Duplicate paragraph on brand:assault-fitness
RQ-00200,HIGH,content-sanity,https://kitletics.com/brands/babolat,brand-hub,brand:babolat,body,duplicate_paragraph,Duplicate paragraph on brand:babolat
RQ-00201,HIGH,content-sanity,https://kitletics.com/brands/babolat,brand-hub,brand:babolat,body,machine_filler,Machine filler on /brands/babolat
RQ-00202,HIGH,content-sanity,https://kitletics.com/brands/black-diamond,brand-hub,brand:black-diamond,body,duplicate_paragraph,Duplicate paragraph on brand:black-diamond
RQ-00203,HIGH,content-sanity,https://kitletics.com/brands/blackroll,brand-hub,brand:blackroll,body,duplicate_paragraph,Duplicate paragraph on brand:blackroll
RQ-00204,HIGH,content-sanity,https://kitletics.com/brands/brooks,brand-hub,brand:brooks,body,duplicate_paragraph,Duplicate paragraph on brand:brooks
RQ-00205,HIGH,content-sanity,https://kitletics.com/brands/brooks,brand-hub,brand:brooks,body,machine_filler,Machine filler on /brands/brooks
RQ-00206,HIGH,content-sanity,https://kitletics.com/brands/buff,brand-hub,brand:buff,body,duplicate_paragraph,Duplicate paragraph on brand:buff
RQ-00207,HIGH,content-sanity,https://kitletics.com/brands/bullpadel,brand-hub,brand:bullpadel,body,duplicate_paragraph,Duplicate paragraph on brand:bullpadel
RQ-00208,HIGH,content-sanity,https://kitletics.com/brands/camelbak,brand-hub,brand:camelbak,body,duplicate_paragraph,Duplicate paragraph on brand:camelbak
RQ-00209,HIGH,content-sanity,https://kitletics.com/brands/cep,brand-hub,brand:cep,body,duplicate_paragraph,Duplicate paragraph on brand:cep
RQ-00210,HIGH,content-sanity,https://kitletics.com/brands/concept2,brand-hub,brand:concept2,body,duplicate_paragraph,Duplicate paragraph on brand:concept2
RQ-00211,HIGH,content-sanity,https://kitletics.com/brands/craft,brand-hub,brand:craft,body,duplicate_paragraph,Duplicate paragraph on brand:craft
RQ-00212,HIGH,content-sanity,https://kitletics.com/brands/decathlon,brand-hub,brand:decathlon,body,duplicate_paragraph,Duplicate paragraph on brand:decathlon
RQ-00213,HIGH,content-sanity,https://kitletics.com/brands/eleiko,brand-hub,brand:eleiko,body,duplicate_paragraph,Duplicate paragraph on brand:eleiko
RQ-00214,HIGH,content-sanity,https://kitletics.com/brands/gornation,brand-hub,brand:gornation,body,duplicate_paragraph,Duplicate paragraph on brand:gornation
RQ-00215,HIGH,content-sanity,https://kitletics.com/brands/gravity-fitness,brand-hub,brand:gravity-fitness,body,duplicate_paragraph,Duplicate paragraph on brand:gravity-fitness
RQ-00216,HIGH,content-sanity,https://kitletics.com/brands/gu-energy,brand-hub,brand:gu-energy,body,duplicate_paragraph,Duplicate paragraph on brand:gu-energy
RQ-00217,HIGH,content-sanity,https://kitletics.com/brands/head,brand-hub,brand:head,body,duplicate_paragraph,Duplicate paragraph on brand:head
RQ-00218,HIGH,content-sanity,https://kitletics.com/brands/hoka,brand-hub,brand:hoka,body,duplicate_paragraph,Duplicate paragraph on brand:hoka
RQ-00219,HIGH,content-sanity,https://kitletics.com/brands/hoka,brand-hub,brand:hoka,body,machine_filler,Machine filler on /brands/hoka
RQ-00220,HIGH,content-sanity,https://kitletics.com/brands/hydrapak,brand-hub,brand:hydrapak,body,duplicate_paragraph,Duplicate paragraph on brand:hydrapak
RQ-00221,HIGH,content-sanity,https://kitletics.com/brands/hyperice,brand-hub,brand:hyperice,body,duplicate_paragraph,Duplicate paragraph on brand:hyperice
RQ-00222,HIGH,content-sanity,https://kitletics.com/brands/inov-8,brand-hub,brand:inov-8,body,machine_filler,Machine filler on /brands/inov-8
RQ-00223,HIGH,content-sanity,https://kitletics.com/brands/janji,brand-hub,brand:janji,body,duplicate_paragraph,Duplicate paragraph on brand:janji
RQ-00224,HIGH,content-sanity,https://kitletics.com/brands/joma,brand-hub,brand:joma,body,machine_filler,Machine filler on /brands/joma
RQ-00225,HIGH,content-sanity,https://kitletics.com/brands/julbo,brand-hub,brand:julbo,body,duplicate_paragraph,Duplicate paragraph on brand:julbo
RQ-00226,HIGH,content-sanity,https://kitletics.com/brands/maurten,brand-hub,brand:maurten,body,duplicate_paragraph,Duplicate paragraph on brand:maurten
RQ-00227,HIGH,content-sanity,https://kitletics.com/brands/mirafit,brand-hub,brand:mirafit,body,duplicate_paragraph,Duplicate paragraph on brand:mirafit
RQ-00228,HIGH,content-sanity,https://kitletics.com/brands/mizuno,brand-hub,brand:mizuno,body,duplicate_paragraph,Duplicate paragraph on brand:mizuno
RQ-00229,HIGH,content-sanity,https://kitletics.com/brands/mizuno,brand-hub,brand:mizuno,body,machine_filler,Machine filler on /brands/mizuno
RQ-00230,HIGH,content-sanity,https://kitletics.com/brands/nathan,brand-hub,brand:nathan,body,duplicate_paragraph,Duplicate paragraph on brand:nathan
RQ-00231,HIGH,content-sanity,https://kitletics.com/brands/new-balance,brand-hub,brand:new-balance,body,duplicate_paragraph,Duplicate paragraph on brand:new-balance
RQ-00232,HIGH,content-sanity,https://kitletics.com/brands/new-balance,brand-hub,brand:new-balance,body,machine_filler,Machine filler on /brands/new-balance
RQ-00233,HIGH,content-sanity,https://kitletics.com/brands/nike,brand-hub,brand:nike,body,machine_filler,Machine filler on /brands/nike
RQ-00234,HIGH,content-sanity,https://kitletics.com/brands/nnormal,brand-hub,brand:nnormal,body,duplicate_paragraph,Duplicate paragraph on brand:nnormal
RQ-00235,HIGH,content-sanity,https://kitletics.com/brands/nnormal,brand-hub,brand:nnormal,body,machine_filler,Machine filler on /brands/nnormal
RQ-00236,HIGH,content-sanity,https://kitletics.com/brands/nobull,brand-hub,brand:nobull,body,duplicate_paragraph,Duplicate paragraph on brand:nobull
RQ-00237,HIGH,content-sanity,https://kitletics.com/brands/nobull,brand-hub,brand:nobull,body,machine_filler,Machine filler on /brands/nobull
RQ-00238,HIGH,content-sanity,https://kitletics.com/brands/nox,brand-hub,brand:nox,body,duplicate_paragraph,Duplicate paragraph on brand:nox
RQ-00239,HIGH,content-sanity,https://kitletics.com/brands/oakley,brand-hub,brand:oakley,body,duplicate_paragraph,Duplicate paragraph on brand:oakley
RQ-00240,HIGH,content-sanity,https://kitletics.com/brands/on,brand-hub,brand:on,body,duplicate_paragraph,Duplicate paragraph on brand:on
RQ-00241,HIGH,content-sanity,https://kitletics.com/brands/on,brand-hub,brand:on,body,machine_filler,Machine filler on /brands/on
RQ-00242,HIGH,content-sanity,https://kitletics.com/brands/osprey,brand-hub,brand:osprey,body,duplicate_paragraph,Duplicate paragraph on brand:osprey
RQ-00243,HIGH,content-sanity,https://kitletics.com/brands/patagonia,brand-hub,brand:patagonia,body,duplicate_paragraph,Duplicate paragraph on brand:patagonia
RQ-00244,HIGH,content-sanity,https://kitletics.com/brands/petzl,brand-hub,brand:petzl,body,duplicate_paragraph,Duplicate paragraph on brand:petzl
RQ-00245,HIGH,content-sanity,https://kitletics.com/brands/polar,brand-hub,brand:polar,body,duplicate_paragraph,Duplicate paragraph on brand:polar
RQ-00246,HIGH,content-sanity,https://kitletics.com/brands/powerblock,brand-hub,brand:powerblock,body,duplicate_paragraph,Duplicate paragraph on brand:powerblock
RQ-00247,HIGH,content-sanity,https://kitletics.com/brands/precision-fuel-hydration,brand-hub,brand:precision-fuel-hydration,body,duplicate_paragraph,Duplicate paragraph on brand:precision-fuel-hydration
RQ-00248,HIGH,content-sanity,https://kitletics.com/brands/pullup-and-dip,brand-hub,brand:pullup-and-dip,body,duplicate_paragraph,Duplicate paragraph on brand:pullup-and-dip
RQ-00249,HIGH,content-sanity,https://kitletics.com/brands/puma,brand-hub,brand:puma,body,duplicate_paragraph,Duplicate paragraph on brand:puma
RQ-00250,HIGH,content-sanity,https://kitletics.com/brands/puma,brand-hub,brand:puma,body,machine_filler,Machine filler on /brands/puma
RQ-00251,HIGH,content-sanity,https://kitletics.com/brands/reebok,brand-hub,brand:reebok,body,duplicate_paragraph,Duplicate paragraph on brand:reebok
RQ-00252,HIGH,content-sanity,https://kitletics.com/brands/reebok,brand-hub,brand:reebok,body,machine_filler,Machine filler on /brands/reebok
RQ-00253,HIGH,content-sanity,https://kitletics.com/brands/rep-fitness,brand-hub,brand:rep-fitness,body,duplicate_paragraph,Duplicate paragraph on brand:rep-fitness
RQ-00254,HIGH,content-sanity,https://kitletics.com/brands/salomon,brand-hub,brand:salomon,body,duplicate_paragraph,Duplicate paragraph on brand:salomon
RQ-00255,HIGH,content-sanity,https://kitletics.com/brands/salomon,brand-hub,brand:salomon,body,machine_filler,Machine filler on /brands/salomon
RQ-00256,HIGH,content-sanity,https://kitletics.com/brands/samsung,brand-hub,brand:samsung,body,duplicate_paragraph,Duplicate paragraph on brand:samsung
RQ-00257,HIGH,content-sanity,https://kitletics.com/brands/samsung,brand-hub,brand:samsung,body,machine_filler,Machine filler on /brands/samsung
RQ-00258,HIGH,content-sanity,https://kitletics.com/brands/saucony,brand-hub,brand:saucony,body,duplicate_paragraph,Duplicate paragraph on brand:saucony
RQ-00259,HIGH,content-sanity,https://kitletics.com/brands/saucony,brand-hub,brand:saucony,body,machine_filler,Machine filler on /brands/saucony
RQ-00260,HIGH,content-sanity,https://kitletics.com/brands/science-in-sport,brand-hub,brand:science-in-sport,body,duplicate_paragraph,Duplicate paragraph on brand:science-in-sport
RQ-00261,HIGH,content-sanity,https://kitletics.com/brands/shokz,brand-hub,brand:shokz,body,duplicate_paragraph,Duplicate paragraph on brand:shokz
RQ-00262,HIGH,content-sanity,https://kitletics.com/brands/suunto,brand-hub,brand:suunto,body,duplicate_paragraph,Duplicate paragraph on brand:suunto
RQ-00263,HIGH,content-sanity,https://kitletics.com/brands/therabody,brand-hub,brand:therabody,body,duplicate_paragraph,Duplicate paragraph on brand:therabody
RQ-00264,HIGH,content-sanity,https://kitletics.com/brands/topo-athletic,brand-hub,brand:topo-athletic,body,duplicate_paragraph,Duplicate paragraph on brand:topo-athletic
RQ-00265,HIGH,content-sanity,https://kitletics.com/brands/topo-athletic,brand-hub,brand:topo-athletic,body,machine_filler,Machine filler on /brands/topo-athletic
RQ-00266,HIGH,content-sanity,https://kitletics.com/brands/tracksmith,brand-hub,brand:tracksmith,body,duplicate_paragraph,Duplicate paragraph on brand:tracksmith
RQ-00267,HIGH,content-sanity,https://kitletics.com/brands/tyr,brand-hub,brand:tyr,body,machine_filler,Machine filler on /brands/tyr
RQ-00268,HIGH,content-sanity,https://kitletics.com/brands/ultimate-direction,brand-hub,brand:ultimate-direction,body,duplicate_paragraph,Duplicate paragraph on brand:ultimate-direction
RQ-00269,HIGH,content-sanity,https://kitletics.com/brands/ultraspire,brand-hub,brand:ultraspire,body,duplicate_paragraph,Duplicate paragraph on brand:ultraspire
RQ-00270,HIGH,content-sanity,https://kitletics.com/brands/under-armour,brand-hub,brand:under-armour,body,duplicate_paragraph,Duplicate paragraph on brand:under-armour
RQ-00271,HIGH,content-sanity,https://kitletics.com/brands/under-armour,brand-hub,brand:under-armour,body,machine_filler,Machine filler on /brands/under-armour
RQ-00272,HIGH,content-sanity,https://kitletics.com/brands/wahoo,brand-hub,brand:wahoo,body,duplicate_paragraph,Duplicate paragraph on brand:wahoo
RQ-00273,HIGH,content-sanity,https://kitletics.com/brands/wilson,brand-hub,brand:wilson,body,duplicate_paragraph,Duplicate paragraph on brand:wilson
RQ-00274,HIGH,content-sanity,https://kitletics.com/brands/yonex,brand-hub,brand:yonex,body,duplicate_paragraph,Duplicate paragraph on brand:yonex
RQ-00275,HIGH,content-sanity,https://kitletics.com/compare/asics-novablast-4-vs-asics-novablast-5,comparison,page:asics-novablast-4-vs-asics-novablast-5,body,template_repetition,Scaffold phrases (6) including is built for a specific job in the category — use that job as your first filter
RQ-00276,HIGH,content-sanity,https://kitletics.com/compare/asics-novablast-6-vs-hoka-clifton-10,comparison,page:asics-novablast-6-vs-hoka-clifton-10,body,internal_taxonomy,Catalog field names in rendered copy on /compare/asics-novablast-6-vs-hoka-clifton-10
RQ-00277,HIGH,content-sanity,https://kitletics.com/compare/black-diamond-distance-22-vs-ultimate-direction-fastpack-20,comparison,page:black-diamond-distance-22-vs-ultimate-direction-fastpack-20,body,template_repetition,Scaffold phrases (5) including is built for a specific job in the category — use that job as your first filter
RQ-00278,HIGH,content-sanity,https://kitletics.com/compare/black-diamond-spot-400-r-vs-petzl-actik-core,comparison,page:black-diamond-spot-400-r-vs-petzl-actik-core,body,duplicate_paragraph,Duplicate paragraph on page:black-diamond-spot-400-r-vs-petzl-actik-core
RQ-00279,HIGH,content-sanity,https://kitletics.com/compare/black-diamond-spot-400-r-vs-petzl-actik-core,comparison,page:black-diamond-spot-400-r-vs-petzl-actik-core,body,template_repetition,Scaffold phrases (6) including is built for a specific job in the category — use that job as your first filter
RQ-00280,HIGH,content-sanity,https://kitletics.com/compare/camelbak-zephyr-pro-vs-camelbak-apex-pro,comparison,page:camelbak-zephyr-pro-vs-camelbak-apex-pro,body,template_repetition,Scaffold phrases (5) including is built for a specific job in the category — use that job as your first filter
RQ-00281,HIGH,content-sanity,https://kitletics.com/compare/clif-bloks-vs-gu-chews,comparison,page:clif-bloks-vs-gu-chews,body,duplicate_paragraph,Duplicate paragraph on page:clif-bloks-vs-gu-chews
RQ-00282,HIGH,content-sanity,https://kitletics.com/compare/coros-hrm-vs-polar-verity-sense,comparison,page:coros-hrm-vs-polar-verity-sense,body,template_repetition,Scaffold phrases (6) including is built for a specific job in the category — use that job as your first filter
RQ-00283,HIGH,content-sanity,https://kitletics.com/compare/coros-pace-pro-vs-coros-pace-4,comparison,page:coros-pace-pro-vs-coros-pace-4,body,template_repetition,Scaffold phrases (6) including is built for a specific job in the category — use that job as your first filter
RQ-00284,HIGH,content-sanity,https://kitletics.com/compare/feetures-elite-vs-darn-tough-run,comparison,page:feetures-elite-vs-darn-tough-run,body,template_repetition,Scaffold phrases (9) including is built for a specific job in the category — use that job as your first filter
RQ-00285,HIGH,content-sanity,https://kitletics.com/compare/flipbelt-classic-vs-naked-running-band,comparison,page:flipbelt-classic-vs-naked-running-band,body,template_repetition,Scaffold phrases (9) including is built for a specific job in the category — use that job as your first filter
RQ-00286,HIGH,content-sanity,https://kitletics.com/compare/garmin-hrm-600-vs-hrm-pro-plus,comparison,page:garmin-hrm-600-vs-hrm-pro-plus,body,template_repetition,Scaffold phrases (6) including is built for a specific job in the category — use that job as your first filter
RQ-00287,HIGH,content-sanity,https://kitletics.com/compare/garmin-hrm-600-vs-polar-h10,comparison,page:garmin-hrm-600-vs-polar-h10,body,template_repetition,Scaffold phrases (6) including is built for a specific job in the category — use that job as your first filter
RQ-00288,HIGH,content-sanity,https://kitletics.com/compare/garmin-hrm-pro-plus-vs-polar-h10,comparison,page:garmin-hrm-pro-plus-vs-polar-h10,body,template_repetition,Scaffold phrases (6) including is built for a specific job in the category — use that job as your first filter
RQ-00289,HIGH,content-sanity,https://kitletics.com/compare/hydrapak-softflask-speed-500-vs-hydrapak-skyflask-speed-500,comparison,page:hydrapak-softflask-speed-500-vs-hydrapak-skyflask-speed-500,body,template_repetition,Scaffold phrases (6) including is built for a specific job in the category — use that job as your first filter
RQ-00290,HIGH,content-sanity,https://kitletics.com/compare/julbo-ultimate-vs-smith-shift-mag,comparison,page:julbo-ultimate-vs-smith-shift-mag,body,duplicate_paragraph,Duplicate paragraph on page:julbo-ultimate-vs-smith-shift-mag
RQ-00291,HIGH,content-sanity,https://kitletics.com/compare/julbo-ultimate-vs-smith-shift-mag,comparison,page:julbo-ultimate-vs-smith-shift-mag,body,machine_filler,Machine filler on /compare/julbo-ultimate-vs-smith-shift-mag
RQ-00292,HIGH,content-sanity,https://kitletics.com/compare/maurten-drink-mix-320-vs-tailwind-endurance,comparison,page:maurten-drink-mix-320-vs-tailwind-endurance,body,duplicate_paragraph,Duplicate paragraph on page:maurten-drink-mix-320-vs-tailwind-endurance
RQ-00293,HIGH,content-sanity,https://kitletics.com/compare/maurten-gel-100-vs-precision-pf30-gel,comparison,page:maurten-gel-100-vs-precision-pf30-gel,body,duplicate_paragraph,Duplicate paragraph on page:maurten-gel-100-vs-precision-pf30-gel
RQ-00294,HIGH,content-sanity,https://kitletics.com/compare/maurten-gel-100-vs-sis-go-isotonic-gel,comparison,page:maurten-gel-100-vs-sis-go-isotonic-gel,body,duplicate_paragraph,Duplicate paragraph on page:maurten-gel-100-vs-sis-go-isotonic-gel
RQ-00295,HIGH,content-sanity,https://kitletics.com/compare/nathan-peak-vs-ultimate-direction-race-belt,comparison,page:nathan-peak-vs-ultimate-direction-race-belt,body,duplicate_paragraph,Duplicate paragraph on page:nathan-peak-vs-ultimate-direction-race-belt
RQ-00296,HIGH,content-sanity,https://kitletics.com/compare/nathan-peak-vs-ultimate-direction-race-belt,comparison,page:nathan-peak-vs-ultimate-direction-race-belt,body,template_repetition,Scaffold phrases (6) including is built for a specific job in the category — use that job as your first filter
RQ-00297,HIGH,content-sanity,https://kitletics.com/compare/nathan-streak-vs-proviz-reflect360,comparison,page:nathan-streak-vs-proviz-reflect360,body,duplicate_paragraph,Duplicate paragraph on page:nathan-streak-vs-proviz-reflect360
RQ-00298,HIGH,content-sanity,https://kitletics.com/compare/nathan-streak-vs-proviz-reflect360,comparison,page:nathan-streak-vs-proviz-reflect360,body,template_repetition,Scaffold phrases (6) including is built for a specific job in the category — use that job as your first filter
RQ-00299,HIGH,content-sanity,https://kitletics.com/compare/nathan-vaporair-4-vs-salomon-adv-skin-5,comparison,page:nathan-vaporair-4-vs-salomon-adv-skin-5,body,template_repetition,Scaffold phrases (7) including is built for a specific job in the category — use that job as your first filter
RQ-00300,HIGH,content-sanity,https://kitletics.com/compare/nike-miler-vs-patagonia-capilene-cool,comparison,page:nike-miler-vs-patagonia-capilene-cool,body,template_repetition,Scaffold phrases (5) including is built for a specific job in the category — use that job as your first filter
RQ-00301,HIGH,content-sanity,https://kitletics.com/compare/normatec-3-vs-normatec-go,comparison,page:normatec-3-vs-normatec-go,body,duplicate_paragraph,Duplicate paragraph on page:normatec-3-vs-normatec-go
RQ-00302,HIGH,content-sanity,https://kitletics.com/compare/nuun-sport-vs-precision-ph1500,comparison,page:nuun-sport-vs-precision-ph1500,body,duplicate_paragraph,Duplicate paragraph on page:nuun-sport-vs-precision-ph1500
RQ-00303,HIGH,content-sanity,https://kitletics.com/compare/oakley-encoder-vs-oakley-radar-ev-path,comparison,page:oakley-encoder-vs-oakley-radar-ev-path,body,duplicate_paragraph,Duplicate paragraph on page:oakley-encoder-vs-oakley-radar-ev-path
RQ-00304,HIGH,content-sanity,https://kitletics.com/compare/osprey-duro-6-vs-osprey-dyna-6,comparison,page:osprey-duro-6-vs-osprey-dyna-6,body,template_repetition,Scaffold phrases (6) including is built for a specific job in the category — use that job as your first filter
RQ-00305,HIGH,content-sanity,https://kitletics.com/compare/osprey-duro-lt-vs-ultimate-direction-race-vest-6,comparison,page:osprey-duro-lt-vs-ultimate-direction-race-vest-6,body,template_repetition,Scaffold phrases (6) including is built for a specific job in the category — use that job as your first filter
RQ-00306,HIGH,content-sanity,https://kitletics.com/compare/patagonia-houdini-vs-brooks-canopy,comparison,page:patagonia-houdini-vs-brooks-canopy,body,duplicate_paragraph,Duplicate paragraph on page:patagonia-houdini-vs-brooks-canopy
RQ-00307,HIGH,content-sanity,https://kitletics.com/compare/patagonia-strider-pro-vs-rabbit-fuel-n-fly,comparison,page:patagonia-strider-pro-vs-rabbit-fuel-n-fly,body,duplicate_paragraph,Duplicate paragraph on page:patagonia-strider-pro-vs-rabbit-fuel-n-fly
RQ-00308,HIGH,content-sanity,https://kitletics.com/compare/petzl-swift-rl-vs-biolite-headlamp-800,comparison,page:petzl-swift-rl-vs-biolite-headlamp-800,body,duplicate_paragraph,Duplicate paragraph on page:petzl-swift-rl-vs-biolite-headlamp-800
RQ-00309,HIGH,content-sanity,https://kitletics.com/compare/petzl-swift-rl-vs-biolite-headlamp-800,comparison,page:petzl-swift-rl-vs-biolite-headlamp-800,body,template_repetition,Scaffold phrases (9) including is built for a specific job in the category — use that job as your first filter
RQ-00310,HIGH,content-sanity,https://kitletics.com/compare/petzl-swift-rl-vs-petzl-nao-rl,comparison,page:petzl-swift-rl-vs-petzl-nao-rl,body,duplicate_paragraph,Duplicate paragraph on page:petzl-swift-rl-vs-petzl-nao-rl
RQ-00311,HIGH,content-sanity,https://kitletics.com/compare/petzl-swift-rl-vs-petzl-nao-rl,comparison,page:petzl-swift-rl-vs-petzl-nao-rl,body,template_repetition,Scaffold phrases (9) including is built for a specific job in the category — use that job as your first filter
RQ-00312,HIGH,content-sanity,https://kitletics.com/compare/salomon-adv-skin-12-vs-nathan-vaporair-2,comparison,page:salomon-adv-skin-12-vs-nathan-vaporair-2,body,template_repetition,Scaffold phrases (6) including is built for a specific job in the category — use that job as your first filter
RQ-00313,HIGH,content-sanity,https://kitletics.com/compare/salomon-adv-skin-12-vs-salomon-adv-skin-5,comparison,page:salomon-adv-skin-12-vs-salomon-adv-skin-5,body,template_repetition,Scaffold phrases (6) including is built for a specific job in the category — use that job as your first filter
RQ-00314,HIGH,content-sanity,https://kitletics.com/compare/salomon-adv-skin-12-vs-ultimate-direction-race-vest-6,comparison,page:salomon-adv-skin-12-vs-ultimate-direction-race-vest-6,body,template_repetition,Scaffold phrases (6) including is built for a specific job in the category — use that job as your first filter
RQ-00315,HIGH,content-sanity,https://kitletics.com/compare/salomon-bonatti-vs-janji-rainrunner,comparison,page:salomon-bonatti-vs-janji-rainrunner,body,duplicate_paragraph,Duplicate paragraph on page:salomon-bonatti-vs-janji-rainrunner
RQ-00316,HIGH,content-sanity,https://kitletics.com/compare/salomon-bonatti-vs-janji-rainrunner,comparison,page:salomon-bonatti-vs-janji-rainrunner,body,machine_filler,Machine filler on /compare/salomon-bonatti-vs-janji-rainrunner
RQ-00317,HIGH,content-sanity,https://kitletics.com/compare/salomon-xa-15-vs-osprey-duro-15,comparison,page:salomon-xa-15-vs-osprey-duro-15,body,template_repetition,Scaffold phrases (5) including is built for a specific job in the category — use that job as your first filter
RQ-00318,HIGH,content-sanity,https://kitletics.com/compare/shokz-openrun-pro-2-vs-airpods-pro-2,comparison,page:shokz-openrun-pro-2-vs-airpods-pro-2,body,template_repetition,Scaffold phrases (6) including is built for a specific job in the category — use that job as your first filter
RQ-00319,HIGH,content-sanity,https://kitletics.com/compare/shokz-openrun-pro-2-vs-bose-ultra-open,comparison,page:shokz-openrun-pro-2-vs-bose-ultra-open,body,template_repetition,Scaffold phrases (6) including is built for a specific job in the category — use that job as your first filter
RQ-00320,HIGH,content-sanity,https://kitletics.com/compare/sis-beta-fuel-gel-vs-neversecond-c30-gel,comparison,page:sis-beta-fuel-gel-vs-neversecond-c30-gel,body,duplicate_paragraph,Duplicate paragraph on page:sis-beta-fuel-gel-vs-neversecond-c30-gel
RQ-00321,HIGH,content-sanity,https://kitletics.com/compare/theragun-mini-vs-hypervolt-go-2,comparison,page:theragun-mini-vs-hypervolt-go-2,body,template_repetition,Scaffold phrases (7) including is built for a specific job in the category — use that job as your first filter
RQ-00322,HIGH,content-sanity,https://kitletics.com/compare/tracksmith-session-short-vs-janji-multi-short,comparison,page:tracksmith-session-short-vs-janji-multi-short,body,duplicate_paragraph,Duplicate paragraph on page:tracksmith-session-short-vs-janji-multi-short
RQ-00323,HIGH,content-sanity,https://kitletics.com/compare/tracksmith-twilight-half-vs-nike-fast-tight,comparison,page:tracksmith-twilight-half-vs-nike-fast-tight,body,duplicate_paragraph,Duplicate paragraph on page:tracksmith-twilight-half-vs-nike-fast-tight
RQ-00324,HIGH,content-sanity,https://kitletics.com/compare/ultimate-direction-fastpack-20-vs-osprey-talon-velocity-20,comparison,page:ultimate-direction-fastpack-20-vs-osprey-talon-velocity-20,body,template_repetition,Scaffold phrases (5) including is built for a specific job in the category — use that job as your first filter
RQ-00325,HIGH,content-sanity,https://kitletics.com/compare/ultimate-direction-fastpack-20-vs-salomon-adv-skin-12,comparison,page:ultimate-direction-fastpack-20-vs-salomon-adv-skin-12,body,template_repetition,Scaffold phrases (5) including is built for a specific job in the category — use that job as your first filter
RQ-00326,HIGH,content-sanity,https://kitletics.com/compare/wahoo-trackr-vs-polar-h10,comparison,page:wahoo-trackr-vs-polar-h10,body,template_repetition,Scaffold phrases (6) including is built for a specific job in the category — use that job as your first filter
RQ-00327,HIGH,content-sanity,https://kitletics.com/guides/anti-chafe-for-runners,buying-guide,guide:anti-chafe-for-runners,body,machine_filler,Machine filler on /guides/anti-chafe-for-runners
RQ-00328,HIGH,content-sanity,https://kitletics.com/guides/running-jackets-explained,buying-guide,guide:running-jackets-explained,body,machine_filler,Machine filler on /guides/running-jackets-explained
RQ-00329,HIGH,content-sanity,https://kitletics.com/guides/running-shoe-cushioning,buying-guide,guide:running-shoe-cushioning,body,internal_taxonomy,Catalog field names in rendered copy on /guides/running-shoe-cushioning
RQ-00330,HIGH,content-sanity,https://kitletics.com/guides/what-is-a-daily-trainer,buying-guide,guide:what-is-a-daily-trainer,body,machine_filler,Machine filler on /guides/what-is-a-daily-trainer
RQ-00331-X,HIGH,cross-surface,https://kitletics.com/products/100-percent-s3,product,product:100-percent-s3,body,duplicate_paragraph,Duplicate paragraph on product:100-percent-s3 · 2 surfaces
RQ-00332-X,HIGH,cross-surface,https://kitletics.com/products/100-percent-s3,product,product:100-percent-s3,body,keyword_stuffing,"Repeated phrase ""shield coverage at a"" on /products/100-percent-s3 · 2 surfaces"
RQ-00333-X,HIGH,cross-surface,https://kitletics.com/products/226ers-high-energy-gel,product,product:226ers-high-energy-gel,body,duplicate_paragraph,Duplicate paragraph on product:226ers-high-energy-gel · 2 surfaces
RQ-00334-X,HIGH,cross-surface,https://kitletics.com/products/226ers-high-energy-gel,product,product:226ers-high-energy-gel,body,keyword_stuffing,"Repeated phrase ""hour fueling on long"" on /products/226ers-high-energy-gel · 2 surfaces"
RQ-00335-X,HIGH,cross-surface,https://kitletics.com/products/2toms-sportshield,product,product:2toms-sportshield,body,duplicate_paragraph,Duplicate paragraph on product:2toms-sportshield · 2 surfaces
RQ-00336-X,HIGH,cross-surface,https://kitletics.com/products/2toms-sportshield,product,product:2toms-sportshield,body,keyword_stuffing,"Repeated phrase ""sportshield anti"" on /products/2toms-sportshield · 2 surfaces"
RQ-00337-X,HIGH,cross-surface,https://kitletics.com/products/adidas-adizero-adios-pro-4,product,product:adidas-adizero-adios-pro-4,body,keyword_stuffing,"Repeated phrase ""adidas adizero adios pro"" on /products/adidas-adizero-adios-pro-4 · 3 surfaces"
RQ-00338-X,HIGH,cross-surface,https://kitletics.com/products/adidas-adizero-adios-pro-4,product,product:adidas-adizero-adios-pro-4,body,template_repetition,Scaffold phrases (10) including is built for a specific job in the category — use that job as your first filter · 2 surfaces
RQ-00339,HIGH,content-sanity,https://kitletics.com/products/adidas-adizero-adios-pro-4/alternatives,alternatives,product:adidas-adizero-adios-pro-4,body,duplicate_paragraph,Duplicate paragraph on product:adidas-adizero-adios-pro-4
RQ-00341,HIGH,content-sanity,https://kitletics.com/products/adidas-adizero-adios-pro-4/alternatives,alternatives,product:adidas-adizero-adios-pro-4,body,internal_taxonomy,Catalog field names in rendered copy on /products/adidas-adizero-adios-pro-4/alternatives
RQ-00342-X,HIGH,cross-surface,https://kitletics.com/products/adidas-adizero-boston-12,product,product:adidas-adizero-boston-12,body,keyword_stuffing,"Repeated phrase ""adidas adizero boston"" on /products/adidas-adizero-boston-12 · 2 surfaces"
RQ-00343-X,HIGH,cross-surface,https://kitletics.com/products/adidas-adizero-boston-12,product,product:adidas-adizero-boston-12,body,template_repetition,Scaffold phrases (11) including is built for a specific job in the category — use that job as your first filter · 2 surfaces
RQ-00344,HIGH,content-sanity,https://kitletics.com/products/adidas-adizero-boston-12/alternatives,alternatives,product:adidas-adizero-boston-12,body,internal_taxonomy,Catalog field names in rendered copy on /products/adidas-adizero-boston-12/alternatives
RQ-00345-X,HIGH,cross-surface,https://kitletics.com/products/adidas-adizero-boston-13,product,product:adidas-adizero-boston-13,body,keyword_stuffing,"Repeated phrase ""adidas adizero boston"" on /products/adidas-adizero-boston-13 · 2 surfaces"
RQ-00346-X,HIGH,cross-surface,https://kitletics.com/products/adidas-adizero-boston-13,product,product:adidas-adizero-boston-13,body,template_repetition,Scaffold phrases (10) including is built for a specific job in the category — use that job as your first filter · 2 surfaces
RQ-00347,HIGH,content-sanity,https://kitletics.com/products/adidas-adizero-boston-13/alternatives,alternatives,product:adidas-adizero-boston-13,body,internal_taxonomy,Catalog field names in rendered copy on /products/adidas-adizero-boston-13/alternatives
RQ-00348-X,HIGH,cross-surface,https://kitletics.com/products/adidas-adizero-evo-sl,product,product:adidas-adizero-evo-sl,body,keyword_stuffing,"Repeated phrase ""adidas adizero evo sl"" on /products/adidas-adizero-evo-sl · 2 surfaces"
RQ-00349-X,HIGH,cross-surface,https://kitletics.com/products/adidas-adizero-evo-sl,product,product:adidas-adizero-evo-sl,body,template_repetition,Scaffold phrases (10) including is built for a specific job in the category — use that job as your first filter · 2 surfaces
RQ-00350,HIGH,content-sanity,https://kitletics.com/products/adidas-adizero-evo-sl/alternatives,alternatives,product:adidas-adizero-evo-sl,body,internal_taxonomy,Catalog field names in rendered copy on /products/adidas-adizero-evo-sl/alternatives
RQ-00351-X,HIGH,cross-surface,https://kitletics.com/products/adidas-own-the-run-short-men,product,product:adidas-own-the-run-short-men,body,duplicate_paragraph,Duplicate paragraph on product:adidas-own-the-run-short-men · 2 surfaces
RQ-00352-X,HIGH,cross-surface,https://kitletics.com/products/adidas-own-the-run-short-men,product,product:adidas-own-the-run-short-men,body,keyword_stuffing,"Repeated phrase ""adidas own the run"" on /products/adidas-own-the-run-short-men · 2 surfaces"
RQ-00353-X,HIGH,cross-surface,https://kitletics.com/products/adidas-own-the-run-tee-men,product,product:adidas-own-the-run-tee-men,body,duplicate_paragraph,Duplicate paragraph on product:adidas-own-the-run-tee-men · 2 surfaces
RQ-00354-X,HIGH,cross-surface,https://kitletics.com/products/adidas-own-the-run-tee-men,product,product:adidas-own-the-run-tee-men,body,keyword_stuffing,"Repeated phrase ""adidas own the run"" on /products/adidas-own-the-run-tee-men · 2 surfaces"
RQ-00355-X,HIGH,cross-surface,https://kitletics.com/products/adidas-terrex-agravic-3,product,product:adidas-terrex-agravic-3,body,keyword_stuffing,"Repeated phrase ""adidas terrex agravic"" on /products/adidas-terrex-agravic-3 · 2 surfaces"
RQ-00356-X,HIGH,cross-surface,https://kitletics.com/products/adidas-terrex-agravic-3,product,product:adidas-terrex-agravic-3,body,template_repetition,Scaffold phrases (7) including is built for a specific job in the category — use that job as your first filter · 3 surfaces
RQ-00357,HIGH,content-sanity,https://kitletics.com/products/adidas-terrex-agravic-3/alternatives,alternatives,product:adidas-terrex-agravic-3,body,duplicate_paragraph,Duplicate paragraph on product:adidas-terrex-agravic-3
RQ-00359,HIGH,content-sanity,https://kitletics.com/products/adidas-terrex-agravic-3/alternatives,alternatives,product:adidas-terrex-agravic-3,body,internal_taxonomy,Catalog field names in rendered copy on /products/adidas-terrex-agravic-3/alternatives
RQ-00360-X,HIGH,cross-surface,https://kitletics.com/products/adidas-ultraboost-5,product,product:adidas-ultraboost-5,body,keyword_stuffing,"Repeated phrase ""adidas ultraboost"" on /products/adidas-ultraboost-5 · 2 surfaces"
RQ-00361-X,HIGH,cross-surface,https://kitletics.com/products/adidas-ultraboost-5,product,product:adidas-ultraboost-5,body,template_repetition,Scaffold phrases (7) including is built for a specific job in the category — use that job as your first filter · 2 surfaces
RQ-00362,HIGH,content-sanity,https://kitletics.com/products/adidas-ultraboost-5/alternatives,alternatives,product:adidas-ultraboost-5,body,internal_taxonomy,Catalog field names in rendered copy on /products/adidas-ultraboost-5/alternatives
RQ-00363-X,HIGH,cross-surface,https://kitletics.com/products/altra-escalante-4,product,product:altra-escalante-4,body,keyword_stuffing,"Repeated phrase ""altra escalante"" on /products/altra-escalante-4 · 2 surfaces"
RQ-00364-X,HIGH,cross-surface,https://kitletics.com/products/altra-escalante-4,product,product:altra-escalante-4,body,template_repetition,Scaffold phrases (7) including is built for a specific job in the category — use that job as your first filter · 3 surfaces
RQ-00365,HIGH,content-sanity,https://kitletics.com/products/altra-escalante-4/alternatives,alternatives,product:altra-escalante-4,body,duplicate_paragraph,Duplicate paragraph on product:altra-escalante-4
RQ-00367,HIGH,content-sanity,https://kitletics.com/products/altra-escalante-4/alternatives,alternatives,product:altra-escalante-4,body,internal_taxonomy,Catalog field names in rendered copy on /products/altra-escalante-4/alternatives
RQ-00368-X,HIGH,cross-surface,https://kitletics.com/products/altra-experience-flow,product,product:altra-experience-flow,body,keyword_stuffing,"Repeated phrase ""altra experience flow"" on /products/altra-experience-flow · 2 surfaces"
RQ-00369-X,HIGH,cross-surface,https://kitletics.com/products/altra-experience-flow,product,product:altra-experience-flow,body,template_repetition,Scaffold phrases (7) including is built for a specific job in the category — use that job as your first filter · 3 surfaces
RQ-00370,HIGH,content-sanity,https://kitletics.com/products/altra-experience-flow/alternatives,alternatives,product:altra-experience-flow,body,duplicate_paragraph,Duplicate paragraph on product:altra-experience-flow
RQ-00372,HIGH,content-sanity,https://kitletics.com/products/altra-experience-flow/alternatives,alternatives,product:altra-experience-flow,body,internal_taxonomy,Catalog field names in rendered copy on /products/altra-experience-flow/alternatives
RQ-00373-X,HIGH,cross-surface,https://kitletics.com/products/altra-lone-peak-8,product,product:altra-lone-peak-8,body,keyword_stuffing,"Repeated phrase ""altra lone peak"" on /products/altra-lone-peak-8 · 2 surfaces"
RQ-00374-X,HIGH,cross-surface,https://kitletics.com/products/altra-lone-peak-8,product,product:altra-lone-peak-8,body,template_repetition,Scaffold phrases (7) including is built for a specific job in the category — use that job as your first filter · 2 surfaces
RQ-00375,HIGH,content-sanity,https://kitletics.com/products/altra-lone-peak-8/alternatives,alternatives,product:altra-lone-peak-8,body,duplicate_paragraph,Duplicate paragraph on product:altra-lone-peak-8
RQ-00376,HIGH,content-sanity,https://kitletics.com/products/altra-lone-peak-8/alternatives,alternatives,product:altra-lone-peak-8,body,internal_taxonomy,Catalog field names in rendered copy on /products/altra-lone-peak-8/alternatives
RQ-00377-X,HIGH,cross-surface,https://kitletics.com/products/altra-paradigm-7,product,product:altra-paradigm-7,body,keyword_stuffing,"Repeated phrase ""altra paradigm"" on /products/altra-paradigm-7 · 2 surfaces"
RQ-00378-X,HIGH,cross-surface,https://kitletics.com/products/altra-paradigm-7,product,product:altra-paradigm-7,body,template_repetition,Scaffold phrases (6) including is built for a specific job in the category — use that job as your first filter · 2 surfaces
RQ-00379,HIGH,content-sanity,https://kitletics.com/products/altra-paradigm-7/alternatives,alternatives,product:altra-paradigm-7,body,duplicate_paragraph,Duplicate paragraph on product:altra-paradigm-7
RQ-00380,HIGH,content-sanity,https://kitletics.com/products/altra-paradigm-7/alternatives,alternatives,product:altra-paradigm-7,body,internal_taxonomy,Catalog field names in rendered copy on /products/altra-paradigm-7/alternatives
RQ-00381-X,HIGH,cross-surface,https://kitletics.com/products/altra-torin-8,product,product:altra-torin-8,body,template_repetition,Scaffold phrases (7) including is built for a specific job in the category — use that job as your first filter · 2 surfaces
RQ-00382,HIGH,content-sanity,https://kitletics.com/products/altra-torin-8/alternatives,alternatives,product:altra-torin-8,body,keyword_stuffing,"Repeated phrase ""drop cushioned road trainer"" on /products/altra-torin-8/alternatives"
RQ-00383,HIGH,content-sanity,https://kitletics.com/products/altra-torin-8/alternatives,alternatives,product:altra-torin-8,body,internal_taxonomy,Catalog field names in rendered copy on /products/altra-torin-8/alternatives
RQ-00384-X,HIGH,cross-surface,https://kitletics.com/products/amazfit-active-2,product,product:amazfit-active-2,body,keyword_stuffing,"Repeated phrase ""amazfit active"" on /products/amazfit-active-2 · 3 surfaces"
RQ-00385-X,HIGH,cross-surface,https://kitletics.com/products/amazfit-active-2,product,product:amazfit-active-2,body,template_repetition,Scaffold phrases (6) including is built for a specific job in the category — use that job as your first filter · 2 surfaces
RQ-00387-X,HIGH,cross-surface,https://kitletics.com/products/amazfit-t-rex-3-pro,product,product:amazfit-t-rex-3-pro,body,keyword_stuffing,"Repeated phrase ""battery claims for the"" on /products/amazfit-t-rex-3-pro · 2 surfaces"
RQ-00388-X,HIGH,cross-surface,https://kitletics.com/products/amazfit-t-rex-3-pro,product,product:amazfit-t-rex-3-pro,body,template_repetition,Scaffold phrases (6) including is built for a specific job in the category — use that job as your first filter · 2 surfaces
RQ-00389-X,HIGH,cross-surface,https://kitletics.com/products/amphipod-airflow-lite-belt,product,product:amphipod-airflow-lite-belt,body,duplicate_paragraph,Duplicate paragraph on product:amphipod-airflow-lite-belt · 2 surfaces
RQ-00390-X,HIGH,cross-surface,https://kitletics.com/products/amphipod-airflow-lite-belt,product,product:amphipod-airflow-lite-belt,body,keyword_stuffing,"Repeated phrase ""first carry without flipbelt"" on /products/amphipod-airflow-lite-belt · 2 surfaces"
RQ-00391-X,HIGH,cross-surface,https://kitletics.com/products/amphipod-hydraform-ergo-lite-handheld,product,product:amphipod-hydraform-ergo-lite-handheld,body,duplicate_paragraph,Duplicate paragraph on product:amphipod-hydraform-ergo-lite-handheld · 2 surfaces
RQ-00392-X,HIGH,cross-surface,https://kitletics.com/products/amphipod-hydraform-ergo-lite-handheld,product,product:amphipod-hydraform-ergo-lite-handheld,body,keyword_stuffing,"Repeated phrase ""amphipod hydraform ergo"" on /products/amphipod-hydraform-ergo-lite-handheld · 2 surfaces"
RQ-00393-X,HIGH,cross-surface,https://kitletics.com/products/amphipod-vizlet-led,product,product:amphipod-vizlet-led,body,duplicate_paragraph,Duplicate paragraph on product:amphipod-vizlet-led · 2 surfaces
RQ-00394-X,HIGH,cross-surface,https://kitletics.com/products/amphipod-vizlet-led,product,product:amphipod-vizlet-led,body,keyword_stuffing,"Repeated phrase ""amphipod vizlet led reflector"" on /products/amphipod-vizlet-led · 2 surfaces"
RQ-00395-X,HIGH,cross-surface,https://kitletics.com/products/amphipod-xinglet,product,product:amphipod-xinglet,body,duplicate_paragraph,Duplicate paragraph on product:amphipod-xinglet · 2 surfaces
RQ-00396-X,HIGH,cross-surface,https://kitletics.com/products/amphipod-xinglet,product,product:amphipod-xinglet,body,keyword_stuffing,"Repeated phrase ""brilliance reflective coverage in"" on /products/amphipod-xinglet · 2 surfaces"
RQ-00397-X,HIGH,cross-surface,https://kitletics.com/products/amphipod-xinglet-optic-beam,product,product:amphipod-xinglet-optic-beam,body,duplicate_paragraph,Duplicate paragraph on product:amphipod-xinglet-optic-beam · 2 surfaces
RQ-00398-X,HIGH,cross-surface,https://kitletics.com/products/amphipod-xinglet-optic-beam,product,product:amphipod-xinglet-optic-beam,body,keyword_stuffing,"Repeated phrase ""reflective coverage in one"" on /products/amphipod-xinglet-optic-beam · 2 surfaces"
RQ-00399,HIGH,content-sanity,https://kitletics.com/products/apple-airpods-4,product,product:apple-airpods-4,body,machine_filler,Machine filler on /products/apple-airpods-4
RQ-00400-X,HIGH,cross-surface,https://kitletics.com/products/apple-airpods-pro-2,product,product:apple-airpods-pro-2,body,keyword_stuffing,"Repeated phrase ""apple airpods pro"" on /products/apple-airpods-pro-2 · 2 surfaces"
RQ-00401-X,HIGH,cross-surface,https://kitletics.com/products/apple-airpods-pro-2,product,product:apple-airpods-pro-2,body,template_repetition,Scaffold phrases (7) including is built for a specific job in the category — use that job as your first filter · 2 surfaces
RQ-00402-X,HIGH,cross-surface,https://kitletics.com/products/apple-watch-series-10,product,product:apple-watch-series-10,body,keyword_stuffing,"Repeated phrase ""apple watch series"" on /products/apple-watch-series-10 · 2 surfaces"
RQ-00403-X,HIGH,cross-surface,https://kitletics.com/products/apple-watch-series-10,product,product:apple-watch-series-10,body,template_repetition,Scaffold phrases (6) including is built for a specific job in the category — use that job as your first filter · 2 surfaces
RQ-00404,HIGH,content-sanity,https://kitletics.com/products/apple-watch-series-10/alternatives,alternatives,product:apple-watch-series-10,body,duplicate_paragraph,Duplicate paragraph on product:apple-watch-series-10
RQ-00405-X,HIGH,cross-surface,https://kitletics.com/products/apple-watch-ultra-2,product,product:apple-watch-ultra-2,body,keyword_stuffing,"Repeated phrase ""apple watch ultra"" on /products/apple-watch-ultra-2 · 2 surfaces"
RQ-00406-X,HIGH,cross-surface,https://kitletics.com/products/apple-watch-ultra-2,product,product:apple-watch-ultra-2,body,template_repetition,Scaffold phrases (7) including is built for a specific job in the category — use that job as your first filter · 3 surfaces
RQ-00408-X,HIGH,cross-surface,https://kitletics.com/products/apple-watch-ultra-3,product,product:apple-watch-ultra-3,body,keyword_stuffing,"Repeated phrase ""apple watch ultra"" on /products/apple-watch-ultra-3 · 2 surfaces"
RQ-00409-X,HIGH,cross-surface,https://kitletics.com/products/apple-watch-ultra-3,product,product:apple-watch-ultra-3,body,template_repetition,Scaffold phrases (6) including is built for a specific job in the category — use that job as your first filter · 2 surfaces
RQ-00410-X,HIGH,cross-surface,https://kitletics.com/products/asics-core-split-short,product,product:asics-core-split-short,body,keyword_stuffing,"Repeated phrase ""asics core split short"" on /products/asics-core-split-short · 2 surfaces"
RQ-00411-X,HIGH,cross-surface,https://kitletics.com/products/asics-gel-cumulus-27,product,product:asics-gel-cumulus-27,body,template_repetition,Scaffold phrases (7) including is built for a specific job in the category — use that job as your first filter · 2 surfaces
RQ-00412,HIGH,content-sanity,https://kitletics.com/products/asics-gel-cumulus-27/alternatives,alternatives,product:asics-gel-cumulus-27,body,internal_taxonomy,Catalog field names in rendered copy on /products/asics-gel-cumulus-27/alternatives
RQ-00413-X,HIGH,cross-surface,https://kitletics.com/products/asics-gel-kayano-32,product,product:asics-gel-kayano-32,body,keyword_stuffing,"Repeated phrase ""heavier than neutral daily"" on /products/asics-gel-kayano-32 · 2 surfaces"
RQ-00414-X,HIGH,cross-surface,https://kitletics.com/products/asics-gel-kayano-32,product,product:asics-gel-kayano-32,body,template_repetition,Scaffold phrases (9) including is built for a specific job in the category — use that job as your first filter · 2 surfaces
RQ-00415,HIGH,content-sanity,https://kitletics.com/products/asics-gel-kayano-32/alternatives,alternatives,product:asics-gel-kayano-32,body,duplicate_paragraph,Duplicate paragraph on product:asics-gel-kayano-32
RQ-00416,HIGH,content-sanity,https://kitletics.com/products/asics-gel-kayano-32/alternatives,alternatives,product:asics-gel-kayano-32,body,internal_taxonomy,Catalog field names in rendered copy on /products/asics-gel-kayano-32/alternatives
RQ-00417-X,HIGH,cross-surface,https://kitletics.com/products/asics-gel-nimbus-27,product,product:asics-gel-nimbus-27,body,keyword_stuffing,"Repeated phrase ""asics gel nimbus"" on /products/asics-gel-nimbus-27 · 2 surfaces"
RQ-00418-X,HIGH,cross-surface,https://kitletics.com/products/asics-gel-nimbus-27,product,product:asics-gel-nimbus-27,body,template_repetition,Scaffold phrases (10) including is built for a specific job in the category — use that job as your first filter · 2 surfaces
RQ-00419,HIGH,content-sanity,https://kitletics.com/products/asics-gel-nimbus-27/alternatives,alternatives,product:asics-gel-nimbus-27,body,internal_taxonomy,Catalog field names in rendered copy on /products/asics-gel-nimbus-27/alternatives
RQ-00420-X,HIGH,cross-surface,https://kitletics.com/products/asics-gel-trabuco-13,product,product:asics-gel-trabuco-13,body,keyword_stuffing,"Repeated phrase ""asics gel trabuco"" on /products/asics-gel-trabuco-13 · 2 surfaces"
RQ-00421-X,HIGH,cross-surface,https://kitletics.com/products/asics-gel-trabuco-13,product,product:asics-gel-trabuco-13,body,template_repetition,Scaffold phrases (10) including is built for a specific job in the category — use that job as your first filter · 2 surfaces
RQ-00422,HIGH,content-sanity,https://kitletics.com/products/asics-gel-trabuco-13/alternatives,alternatives,product:asics-gel-trabuco-13,body,duplicate_paragraph,Duplicate paragraph on product:asics-gel-trabuco-13
RQ-00423,HIGH,content-sanity,https://kitletics.com/products/asics-gel-trabuco-13/alternatives,alternatives,product:asics-gel-trabuco-13,body,internal_taxonomy,Catalog field names in rendered copy on /products/asics-gel-trabuco-13/alternatives
RQ-00424-X,HIGH,cross-surface,https://kitletics.com/products/asics-gt-1000-13,product,product:asics-gt-1000-13,body,template_repetition,Scaffold phrases (6) including is built for a specific job in the category — use that job as your first filter · 3 surfaces
RQ-00425,HIGH,content-sanity,https://kitletics.com/products/asics-gt-1000-13/alternatives,alternatives,product:asics-gt-1000-13,body,duplicate_paragraph,Duplicate paragraph on product:asics-gt-1000-13
RQ-00427,HIGH,content-sanity,https://kitletics.com/products/asics-gt-1000-13/alternatives,alternatives,product:asics-gt-1000-13,body,internal_taxonomy,Catalog field names in rendered copy on /products/asics-gt-1000-13/alternatives
RQ-00428-X,HIGH,cross-surface,https://kitletics.com/products/asics-gt-2000-14,product,product:asics-gt-2000-14,body,template_repetition,Scaffold phrases (6) including is built for a specific job in the category — use that job as your first filter · 2 surfaces
RQ-00429,HIGH,content-sanity,https://kitletics.com/products/asics-gt-2000-14/alternatives,alternatives,product:asics-gt-2000-14,body,duplicate_paragraph,Duplicate paragraph on product:asics-gt-2000-14
RQ-00430,HIGH,content-sanity,https://kitletics.com/products/asics-gt-2000-14/alternatives,alternatives,product:asics-gt-2000-14,body,internal_taxonomy,Catalog field names in rendered copy on /products/asics-gt-2000-14/alternatives
RQ-00431-X,HIGH,cross-surface,https://kitletics.com/products/asics-metaspeed-sky-paris,product,product:asics-metaspeed-sky-paris,body,keyword_stuffing,"Repeated phrase ""asics metaspeed sky paris"" on /products/asics-metaspeed-sky-paris · 2 surfaces"
RQ-00432-X,HIGH,cross-surface,https://kitletics.com/products/asics-metaspeed-sky-paris,product,product:asics-metaspeed-sky-paris,body,template_repetition,Scaffold phrases (10) including is built for a specific job in the category — use that job as your first filter · 2 surfaces
RQ-00433,HIGH,content-sanity,https://kitletics.com/products/asics-metaspeed-sky-paris/alternatives,alternatives,product:asics-metaspeed-sky-paris,body,internal_taxonomy,Catalog field names in rendered copy on /products/asics-metaspeed-sky-paris/alternatives
RQ-00434-X,HIGH,cross-surface,https://kitletics.com/products/asics-novablast-4,product,product:asics-novablast-4,body,keyword_stuffing,"Repeated phrase ""asics novablast"" on /products/asics-novablast-4 · 2 surfaces"
RQ-00435-X,HIGH,cross-surface,https://kitletics.com/products/asics-novablast-4,product,product:asics-novablast-4,body,template_repetition,Scaffold phrases (7) including is built for a specific job in the category — use that job as your first filter · 2 surfaces
RQ-00436,HIGH,content-sanity,https://kitletics.com/products/asics-novablast-4/alternatives,alternatives,product:asics-novablast-4,body,duplicate_paragraph,Duplicate paragraph on product:asics-novablast-4
RQ-00437,HIGH,content-sanity,https://kitletics.com/products/asics-novablast-4/alternatives,alternatives,product:asics-novablast-4,body,internal_taxonomy,Catalog field names in rendered copy on /products/asics-novablast-4/alternatives
RQ-00438-X,HIGH,cross-surface,https://kitletics.com/products/asics-novablast-5,product,product:asics-novablast-5,body,awkward_skip_line,Awkward uniqueness-era skip line on /products/asics-novablast-5 · 2 surfaces
RQ-00439,HIGH,content-sanity,https://kitletics.com/products/asics-novablast-5/alternatives,alternatives,product:asics-novablast-5,body,internal_taxonomy,Catalog field names in rendered copy on /products/asics-novablast-5/alternatives
RQ-00440,HIGH,content-sanity,https://kitletics.com/products/asics-novablast-6/alternatives,alternatives,product:asics-novablast-6,body,duplicate_paragraph,Duplicate paragraph on product:asics-novablast-6
RQ-00441,HIGH,content-sanity,https://kitletics.com/products/asics-novablast-6/alternatives,alternatives,product:asics-novablast-6,body,internal_taxonomy,Catalog field names in rendered copy on /products/asics-novablast-6/alternatives
RQ-00442-X,HIGH,cross-surface,https://kitletics.com/products/asics-superblast-2,product,product:asics-superblast-2,body,keyword_stuffing,"Repeated phrase ""asics superblast"" on /products/asics-superblast-2 · 2 surfaces"
RQ-00443-X,HIGH,cross-surface,https://kitletics.com/products/asics-superblast-2,product,product:asics-superblast-2,body,template_repetition,Scaffold phrases (10) including is built for a specific job in the category — use that job as your first filter · 2 surfaces
RQ-00444,HIGH,content-sanity,https://kitletics.com/products/asics-superblast-2/alternatives,alternatives,product:asics-superblast-2,body,duplicate_paragraph,Duplicate paragraph on product:asics-superblast-2
RQ-00445,HIGH,content-sanity,https://kitletics.com/products/asics-superblast-2/alternatives,alternatives,product:asics-superblast-2,body,internal_taxonomy,Catalog field names in rendered copy on /products/asics-superblast-2/alternatives
RQ-00446-X,HIGH,cross-surface,https://kitletics.com/products/assaultrunner-elite,product,product:assaultrunner-elite,body,template_repetition,Scaffold phrases (7) including is built for a specific job in the category — use that job as your first filter · 2 surfaces
RQ-00447-X,HIGH,cross-surface,https://kitletics.com/products/assaultrunner-pro,product,product:assaultrunner-pro,body,template_repetition,Scaffold phrases (7) including is built for a specific job in the category — use that job as your first filter · 2 surfaces
RQ-00448-X,HIGH,cross-surface,https://kitletics.com/products/balega-blister-resist,product,product:balega-blister-resist,body,keyword_stuffing,"Repeated phrase ""balega blister resist quarter"" on /products/balega-blister-resist · 2 surfaces"
RQ-00449-X,HIGH,cross-surface,https://kitletics.com/products/balega-blister-resist,product,product:balega-blister-resist,body,template_repetition,Scaffold phrases (6) including is built for a specific job in the category — use that job as your first filter · 2 surfaces
RQ-00450-X,HIGH,cross-surface,https://kitletics.com/products/balega-hidden-comfort,product,product:balega-hidden-comfort,body,template_repetition,Scaffold phrases (5) including is built for a specific job in the category — use that job as your first filter · 2 surfaces
RQ-00451-X,HIGH,cross-surface,https://kitletics.com/products/beats-fit-pro,product,product:beats-fit-pro,body,template_repetition,Scaffold phrases (5) including is built for a specific job in the category — use that job as your first filter · 2 surfaces
RQ-00452-X,HIGH,cross-surface,https://kitletics.com/products/biolite-headlamp-800-pro,product,product:biolite-headlamp-800-pro,body,duplicate_paragraph,Duplicate paragraph on product:biolite-headlamp-800-pro · 2 surfaces
RQ-00453-X,HIGH,cross-surface,https://kitletics.com/products/biolite-headlamp-800-pro,product,product:biolite-headlamp-800-pro,body,keyword_stuffing,"Repeated phrase ""slimfit band is among"" on /products/biolite-headlamp-800-pro · 2 surfaces"
RQ-00454-X,HIGH,cross-surface,https://kitletics.com/products/black-diamond-distance-15,product,product:black-diamond-distance-15,body,template_repetition,Scaffold phrases (5) including is built for a specific job in the category — use that job as your first filter · 2 surfaces
RQ-00455-X,HIGH,cross-surface,https://kitletics.com/products/black-diamond-distance-1500,product,product:black-diamond-distance-1500,body,duplicate_paragraph,Duplicate paragraph on product:black-diamond-distance-1500 · 2 surfaces
RQ-00456-X,HIGH,cross-surface,https://kitletics.com/products/black-diamond-distance-1500,product,product:black-diamond-distance-1500,body,keyword_stuffing,"Repeated phrase ""sealed performance for committing"" on /products/black-diamond-distance-1500 · 2 surfaces"
RQ-00457-X,HIGH,cross-surface,https://kitletics.com/products/black-diamond-distance-22,product,product:black-diamond-distance-22,body,template_repetition,Scaffold phrases (5) including is built for a specific job in the category — use that job as your first filter · 2 surfaces
RQ-00458-X,HIGH,cross-surface,https://kitletics.com/products/black-diamond-distance-8,product,product:black-diamond-distance-8,body,keyword_stuffing,"Repeated phrase ""black diamond distance"" on /products/black-diamond-distance-8 · 2 surfaces"
RQ-00459-X,HIGH,cross-surface,https://kitletics.com/products/black-diamond-distance-8,product,product:black-diamond-distance-8,body,template_repetition,Scaffold phrases (7) including is built for a specific job in the category — use that job as your first filter · 2 surfaces
RQ-00460-X,HIGH,cross-surface,https://kitletics.com/products/black-diamond-spot-400-r,product,product:black-diamond-spot-400-r,body,keyword_stuffing,"Repeated phrase ""black diamond spot"" on /products/black-diamond-spot-400-r · 2 surfaces"
RQ-00461-X,HIGH,cross-surface,https://kitletics.com/products/black-diamond-spot-400-r,product,product:black-diamond-spot-400-r,body,template_repetition,Scaffold phrases (7) including is built for a specific job in the category — use that job as your first filter · 2 surfaces
RQ-00462-X,HIGH,cross-surface,https://kitletics.com/products/blackroll-pro,product,product:blackroll-pro,body,duplicate_paragraph,Duplicate paragraph on product:blackroll-pro · 2 surfaces
RQ-00463-X,HIGH,cross-surface,https://kitletics.com/products/blackroll-pro,product,product:blackroll-pro,body,keyword_stuffing,"Repeated phrase ""blackroll pro foam roller"" on /products/blackroll-pro · 2 surfaces"
RQ-00464-X,HIGH,cross-surface,https://kitletics.com/products/body-glide-original,product,product:body-glide-original,body,keyword_stuffing,"Repeated phrase ""body glide original anti"" on /products/body-glide-original · 2 surfaces"
RQ-00465-X,HIGH,cross-surface,https://kitletics.com/products/bose-ultra-open-earbuds,product,product:bose-ultra-open-earbuds,body,keyword_stuffing,"Repeated phrase ""bose ultra open earbuds"" on /products/bose-ultra-open-earbuds · 2 surfaces"
RQ-00466-X,HIGH,cross-surface,https://kitletics.com/products/bose-ultra-open-earbuds,product,product:bose-ultra-open-earbuds,body,template_repetition,Scaffold phrases (7) including is built for a specific job in the category — use that job as your first filter · 2 surfaces
RQ-00467-X,HIGH,cross-surface,https://kitletics.com/products/brazyn-morph,product,product:brazyn-morph,body,duplicate_paragraph,Duplicate paragraph on product:brazyn-morph · 2 surfaces
RQ-00468-X,HIGH,cross-surface,https://kitletics.com/products/brazyn-morph,product,product:brazyn-morph,body,keyword_stuffing,"Repeated phrase ""brazyn morph collapsible foam"" on /products/brazyn-morph · 2 surfaces"
RQ-00469,HIGH,content-sanity,https://kitletics.com/products/brooks-adrenaline-gts-25/alternatives,alternatives,product:brooks-adrenaline-gts-25,body,duplicate_paragraph,Duplicate paragraph on product:brooks-adrenaline-gts-25
RQ-00470,HIGH,content-sanity,https://kitletics.com/products/brooks-adrenaline-gts-25/alternatives,alternatives,product:brooks-adrenaline-gts-25,body,internal_taxonomy,Catalog field names in rendered copy on /products/brooks-adrenaline-gts-25/alternatives
RQ-00471-X,HIGH,cross-surface,https://kitletics.com/products/brooks-canopy-jacket-men,product,product:brooks-canopy-jacket-men,body,duplicate_paragraph,Duplicate paragraph on product:brooks-canopy-jacket-men · 2 surfaces
RQ-00472-X,HIGH,cross-surface,https://kitletics.com/products/brooks-canopy-jacket-men,product,product:brooks-canopy-jacket-men,body,keyword_stuffing,"Repeated phrase ""brooks canopy jacket"" on /products/brooks-canopy-jacket-men · 2 surfaces"
RQ-00473-X,HIGH,cross-surface,https://kitletics.com/products/brooks-cascadia-18,product,product:brooks-cascadia-18,body,keyword_stuffing,"Repeated phrase ""brooks cascadia"" on /products/brooks-cascadia-18 · 2 surfaces"
RQ-00474-X,HIGH,cross-surface,https://kitletics.com/products/brooks-cascadia-18,product,product:brooks-cascadia-18,body,template_repetition,Scaffold phrases (10) including is built for a specific job in the category — use that job as your first filter · 2 surfaces
RQ-00475,HIGH,content-sanity,https://kitletics.com/products/brooks-cascadia-18/alternatives,alternatives,product:brooks-cascadia-18,body,duplicate_paragraph,Duplicate paragraph on product:brooks-cascadia-18
RQ-00476,HIGH,content-sanity,https://kitletics.com/products/brooks-cascadia-18/alternatives,alternatives,product:brooks-cascadia-18,body,internal_taxonomy,Catalog field names in rendered copy on /products/brooks-cascadia-18/alternatives
RQ-00477-X,HIGH,cross-surface,https://kitletics.com/products/brooks-chaser-5-women,product,product:brooks-chaser-5-women,body,duplicate_paragraph,Duplicate paragraph on product:brooks-chaser-5-women · 2 surfaces
RQ-00478-X,HIGH,cross-surface,https://kitletics.com/products/brooks-chaser-5-women,product,product:brooks-chaser-5-women,body,keyword_stuffing,"Repeated phrase ""brooks chaser"" on /products/brooks-chaser-5-women · 2 surfaces"
RQ-00479-X,HIGH,cross-surface,https://kitletics.com/products/brooks-ghost-16,product,product:brooks-ghost-16,body,keyword_stuffing,"Repeated phrase ""brooks ghost"" on /products/brooks-ghost-16 · 2 surfaces"
RQ-00480-X,HIGH,cross-surface,https://kitletics.com/products/brooks-ghost-16,product,product:brooks-ghost-16,body,template_repetition,Scaffold phrases (10) including is built for a specific job in the category — use that job as your first filter · 2 surfaces
RQ-00481,HIGH,content-sanity,https://kitletics.com/products/brooks-ghost-16/alternatives,alternatives,product:brooks-ghost-16,body,internal_taxonomy,Catalog field names in rendered copy on /products/brooks-ghost-16/alternatives
RQ-00482-X,HIGH,cross-surface,https://kitletics.com/products/brooks-ghost-18,product,product:brooks-ghost-18,body,keyword_stuffing,"Repeated phrase ""brooks ghost"" on /products/brooks-ghost-18 · 2 surfaces"
RQ-00483-X,HIGH,cross-surface,https://kitletics.com/products/brooks-ghost-18,product,product:brooks-ghost-18,body,template_repetition,Scaffold phrases (10) including is built for a specific job in the category — use that job as your first filter · 2 surfaces
RQ-00484,HIGH,content-sanity,https://kitletics.com/products/brooks-ghost-18/alternatives,alternatives,product:brooks-ghost-18,body,duplicate_paragraph,Duplicate paragraph on product:brooks-ghost-18
RQ-00485,HIGH,content-sanity,https://kitletics.com/products/brooks-ghost-18/alternatives,alternatives,product:brooks-ghost-18,body,internal_taxonomy,Catalog field names in rendered copy on /products/brooks-ghost-18/alternatives
RQ-00486-X,HIGH,cross-surface,https://kitletics.com/products/brooks-glycerin-21,product,product:brooks-glycerin-21,body,keyword_stuffing,"Repeated phrase ""brooks glycerin"" on /products/brooks-glycerin-21 · 2 surfaces"
RQ-00487-X,HIGH,cross-surface,https://kitletics.com/products/brooks-glycerin-21,product,product:brooks-glycerin-21,body,template_repetition,Scaffold phrases (7) including is built for a specific job in the category — use that job as your first filter · 3 surfaces
RQ-00489,HIGH,content-sanity,https://kitletics.com/products/brooks-glycerin-21/alternatives,alternatives,product:brooks-glycerin-21,body,internal_taxonomy,Catalog field names in rendered copy on /products/brooks-glycerin-21/alternatives
RQ-00490-X,HIGH,cross-surface,https://kitletics.com/products/brooks-glycerin-22,product,product:brooks-glycerin-22,body,keyword_stuffing,"Repeated phrase ""brooks glycerin"" on /products/brooks-glycerin-22 · 2 surfaces"
RQ-00491-X,HIGH,cross-surface,https://kitletics.com/products/brooks-glycerin-22,product,product:brooks-glycerin-22,body,template_repetition,Scaffold phrases (10) including is built for a specific job in the category — use that job as your first filter · 2 surfaces
RQ-00492,HIGH,content-sanity,https://kitletics.com/products/brooks-glycerin-22/alternatives,alternatives,product:brooks-glycerin-22,body,duplicate_paragraph,Duplicate paragraph on product:brooks-glycerin-22
RQ-00493,HIGH,content-sanity,https://kitletics.com/products/brooks-glycerin-22/alternatives,alternatives,product:brooks-glycerin-22,body,internal_taxonomy,Catalog field names in rendered copy on /products/brooks-glycerin-22/alternatives
RQ-00494-X,HIGH,cross-surface,https://kitletics.com/products/brooks-glycerin-gts-22,product,product:brooks-glycerin-gts-22,body,keyword_stuffing,"Repeated phrase ""brooks glycerin gts"" on /products/brooks-glycerin-gts-22 · 2 surfaces"
RQ-00495-X,HIGH,cross-surface,https://kitletics.com/products/brooks-glycerin-gts-22,product,product:brooks-glycerin-gts-22,body,template_repetition,Scaffold phrases (9) including is built for a specific job in the category — use that job as your first filter · 2 surfaces
RQ-00496-X,HIGH,cross-surface,https://kitletics.com/products/brooks-hyperion-max-2,product,product:brooks-hyperion-max-2,body,keyword_stuffing,"Repeated phrase ""brooks hyperion max"" on /products/brooks-hyperion-max-2 · 2 surfaces"
RQ-00497-X,HIGH,cross-surface,https://kitletics.com/products/brooks-hyperion-max-2,product,product:brooks-hyperion-max-2,body,template_repetition,Scaffold phrases (7) including is built for a specific job in the category — use that job as your first filter · 3 surfaces
RQ-00499,HIGH,content-sanity,https://kitletics.com/products/brooks-hyperion-max-2/alternatives,alternatives,product:brooks-hyperion-max-2,body,internal_taxonomy,Catalog field names in rendered copy on /products/brooks-hyperion-max-2/alternatives
RQ-00500-X,HIGH,cross-surface,https://kitletics.com/products/brooks-method-tight-women,product,product:brooks-method-tight-women,body,duplicate_paragraph,Duplicate paragraph on product:brooks-method-tight-women · 2 surfaces
RQ-00501-X,HIGH,cross-surface,https://kitletics.com/products/brooks-method-tight-women,product,product:brooks-method-tight-women,body,keyword_stuffing,"Repeated phrase ""brooks method"" on /products/brooks-method-tight-women · 2 surfaces"
RQ-00502-X,HIGH,cross-surface,https://kitletics.com/products/brooks-notch-thermal-beanie,product,product:brooks-notch-thermal-beanie,body,duplicate_paragraph,Duplicate paragraph on product:brooks-notch-thermal-beanie · 2 surfaces
RQ-00503-X,HIGH,cross-surface,https://kitletics.com/products/brooks-notch-thermal-beanie,product,product:brooks-notch-thermal-beanie,body,keyword_stuffing,"Repeated phrase ""brooks notch thermal beanie"" on /products/brooks-notch-thermal-beanie · 2 surfaces"
RQ-00504-X,HIGH,cross-surface,https://kitletics.com/products/brooks-notch-thermal-men,product,product:brooks-notch-thermal-men,body,duplicate_paragraph,Duplicate paragraph on product:brooks-notch-thermal-men · 2 surfaces
RQ-00505-X,HIGH,cross-surface,https://kitletics.com/products/brooks-notch-thermal-men,product,product:brooks-notch-thermal-men,body,keyword_stuffing,"Repeated phrase ""warmth for easy miles"" on /products/brooks-notch-thermal-men · 2 surfaces"
RQ-00506-X,HIGH,cross-surface,https://kitletics.com/products/brooks-sherpa-7-men,product,product:brooks-sherpa-7-men,body,duplicate_paragraph,Duplicate paragraph on product:brooks-sherpa-7-men · 2 surfaces
RQ-00507-X,HIGH,cross-surface,https://kitletics.com/products/brooks-sherpa-7-men,product,product:brooks-sherpa-7-men,body,keyword_stuffing,"Repeated phrase ""brooks sherpa"" on /products/brooks-sherpa-7-men · 2 surfaces"
RQ-00508-X,HIGH,cross-surface,https://kitletics.com/products/buff-coolnet-uv,product,product:buff-coolnet-uv,body,duplicate_paragraph,Duplicate paragraph on product:buff-coolnet-uv · 2 surfaces
RQ-00509-X,HIGH,cross-surface,https://kitletics.com/products/buff-coolnet-uv,product,product:buff-coolnet-uv,body,keyword_stuffing,"Repeated phrase ""buff coolnet uv"" on /products/buff-coolnet-uv · 2 surfaces"
RQ-00510-X,HIGH,cross-surface,https://kitletics.com/products/buff-merino-lightweight,product,product:buff-merino-lightweight,body,duplicate_paragraph,Duplicate paragraph on product:buff-merino-lightweight · 2 surfaces
RQ-00511-X,HIGH,cross-surface,https://kitletics.com/products/buff-merino-lightweight,product,product:buff-merino-lightweight,body,keyword_stuffing,"Repeated phrase ""wash care vs"" on /products/buff-merino-lightweight · 2 surfaces"
RQ-00512-X,HIGH,cross-surface,https://kitletics.com/products/buff-original,product,product:buff-original,body,duplicate_paragraph,Duplicate paragraph on product:buff-original · 2 surfaces
RQ-00513-X,HIGH,cross-surface,https://kitletics.com/products/buff-original,product,product:buff-original,body,keyword_stuffing,"Repeated phrase ""want one always"" on /products/buff-original · 2 surfaces"
RQ-00514-X,HIGH,cross-surface,https://kitletics.com/products/camelbak-apex-pro,product,product:camelbak-apex-pro,body,keyword_stuffing,"Repeated phrase ""vest build for long"" on /products/camelbak-apex-pro · 2 surfaces"
RQ-00515-X,HIGH,cross-surface,https://kitletics.com/products/camelbak-apex-pro,product,product:camelbak-apex-pro,body,template_repetition,Scaffold phrases (7) including is built for a specific job in the category — use that job as your first filter · 2 surfaces
RQ-00516-X,HIGH,cross-surface,https://kitletics.com/products/camelbak-circuit-run-vest,product,product:camelbak-circuit-run-vest,body,template_repetition,Scaffold phrases (7) including is built for a specific job in the category — use that job as your first filter · 2 surfaces
RQ-00517-X,HIGH,cross-surface,https://kitletics.com/products/camelbak-crux-15,product,product:camelbak-crux-15,body,keyword_stuffing,"Repeated phrase ""camelbak crux"" on /products/camelbak-crux-15 · 2 surfaces"
RQ-00518-X,HIGH,cross-surface,https://kitletics.com/products/camelbak-crux-15,product,product:camelbak-crux-15,body,template_repetition,Scaffold phrases (8) including is built for a specific job in the category — use that job as your first filter · 2 surfaces
RQ-00519-X,HIGH,cross-surface,https://kitletics.com/products/camelbak-quick-grip-chill,product,product:camelbak-quick-grip-chill,body,duplicate_paragraph,Duplicate paragraph on product:camelbak-quick-grip-chill · 2 surfaces
RQ-00520-X,HIGH,cross-surface,https://kitletics.com/products/camelbak-quick-grip-chill,product,product:camelbak-quick-grip-chill,body,keyword_stuffing,"Repeated phrase ""valve sipping without a"" on /products/camelbak-quick-grip-chill · 2 surfaces"
RQ-00521-X,HIGH,cross-surface,https://kitletics.com/products/camelbak-zephyr,product,product:camelbak-zephyr,body,template_repetition,Scaffold phrases (7) including is built for a specific job in the category — use that job as your first filter · 2 surfaces
RQ-00522-X,HIGH,cross-surface,https://kitletics.com/products/camelbak-zephyr-pro,product,product:camelbak-zephyr-pro,body,template_repetition,Scaffold phrases (5) including is built for a specific job in the category — use that job as your first filter · 2 surfaces
RQ-00523-X,HIGH,cross-surface,https://kitletics.com/products/cep-calf-sleeves-3,product,product:cep-calf-sleeves-3,body,duplicate_paragraph,Duplicate paragraph on product:cep-calf-sleeves-3 · 2 surfaces
RQ-00524-X,HIGH,cross-surface,https://kitletics.com/products/cep-calf-sleeves-3,product,product:cep-calf-sleeves-3,body,keyword_stuffing,"Repeated phrase ""calf sleeves"" on /products/cep-calf-sleeves-3 · 2 surfaces"
RQ-00525-X,HIGH,cross-surface,https://kitletics.com/products/cep-run-compression-sock-3,product,product:cep-run-compression-sock-3,body,keyword_stuffing,"Repeated phrase ""compression sock"" on /products/cep-run-compression-sock-3 · 2 surfaces"
RQ-00526-X,HIGH,cross-surface,https://kitletics.com/products/cep-run-compression-sock-3,product,product:cep-run-compression-sock-3,body,template_repetition,Scaffold phrases (6) including is built for a specific job in the category — use that job as your first filter · 2 surfaces
RQ-00527-X,HIGH,cross-surface,https://kitletics.com/products/cep-the-run-calf-sleeves,product,product:cep-the-run-calf-sleeves,body,duplicate_paragraph,Duplicate paragraph on product:cep-the-run-calf-sleeves · 2 surfaces
RQ-00528-X,HIGH,cross-surface,https://kitletics.com/products/cep-the-run-calf-sleeves,product,product:cep-the-run-calf-sleeves,body,keyword_stuffing,"Repeated phrase ""comfort routines"" on /products/cep-the-run-calf-sleeves · 2 surfaces"
RQ-00529-X,HIGH,cross-surface,https://kitletics.com/products/ciele-gocap-athletics,product,product:ciele-gocap-athletics,body,duplicate_paragraph,Duplicate paragraph on product:ciele-gocap-athletics · 2 surfaces
RQ-00530-X,HIGH,cross-surface,https://kitletics.com/products/ciele-gocap-athletics,product,product:ciele-gocap-athletics,body,keyword_stuffing,"Repeated phrase ""ciele gocap athletics is"" on /products/ciele-gocap-athletics · 2 surfaces"
RQ-00531-X,HIGH,cross-surface,https://kitletics.com/products/clif-bar-original,product,product:clif-bar-original,body,duplicate_paragraph,Duplicate paragraph on product:clif-bar-original · 2 surfaces
RQ-00532-X,HIGH,cross-surface,https://kitletics.com/products/clif-bar-original,product,product:clif-bar-original,body,keyword_stuffing,"Repeated phrase ""slower efforts"" on /products/clif-bar-original · 2 surfaces"
RQ-00533-X,HIGH,cross-surface,https://kitletics.com/products/clif-bloks-energy-chews,product,product:clif-bloks-energy-chews,body,duplicate_paragraph,Duplicate paragraph on product:clif-bloks-energy-chews · 2 surfaces
RQ-00534-X,HIGH,cross-surface,https://kitletics.com/products/clif-bloks-energy-chews,product,product:clif-bloks-energy-chews,body,keyword_stuffing,"Repeated phrase ""bloks at a time"" on /products/clif-bloks-energy-chews · 2 surfaces"
RQ-00535-X,HIGH,cross-surface,https://kitletics.com/products/compressport-free-belt-pro,product,product:compressport-free-belt-pro,body,duplicate_paragraph,Duplicate paragraph on product:compressport-free-belt-pro · 2 surfaces
RQ-00536-X,HIGH,cross-surface,https://kitletics.com/products/compressport-free-belt-pro,product,product:compressport-free-belt-pro,body,keyword_stuffing,"Repeated phrase ""phone storage without a"" on /products/compressport-free-belt-pro · 2 surfaces"
RQ-00537-X,HIGH,cross-surface,https://kitletics.com/products/compressport-ultrun-s-pack,product,product:compressport-ultrun-s-pack,body,template_repetition,Scaffold phrases (5) including is built for a specific job in the category — use that job as your first filter · 2 surfaces
RQ-00538-X,HIGH,cross-surface,https://kitletics.com/products/coros-apex-2-pro,product,product:coros-apex-2-pro,body,template_repetition,Scaffold phrases (7) including is built for a specific job in the category — use that job as your first filter · 3 surfaces
RQ-00539,HIGH,content-sanity,https://kitletics.com/products/coros-apex-2-pro/alternatives,alternatives,product:coros-apex-2-pro,body,keyword_stuffing,"Repeated phrase ""less vivid than amoled"" on /products/coros-apex-2-pro/alternatives"
RQ-00541-X,HIGH,cross-surface,https://kitletics.com/products/coros-apex-4,product,product:coros-apex-4,body,keyword_stuffing,"Repeated phrase ""full offline topo"" on /products/coros-apex-4 · 3 surfaces"
RQ-00542-X,HIGH,cross-surface,https://kitletics.com/products/coros-apex-4,product,product:coros-apex-4,body,template_repetition,Scaffold phrases (6) including is built for a specific job in the category — use that job as your first filter · 2 surfaces
RQ-00544-X,HIGH,cross-surface,https://kitletics.com/products/coros-heart-rate-monitor,product,product:coros-heart-rate-monitor,body,keyword_stuffing,"Repeated phrase ""coros heart rate monitor"" on /products/coros-heart-rate-monitor · 3 surfaces"
RQ-00545-X,HIGH,cross-surface,https://kitletics.com/products/coros-heart-rate-monitor,product,product:coros-heart-rate-monitor,body,template_repetition,Scaffold phrases (7) including is built for a specific job in the category — use that job as your first filter · 3 surfaces
RQ-00548-X,HIGH,cross-surface,https://kitletics.com/products/coros-pace-3,product,product:coros-pace-3,body,keyword_stuffing,"Repeated phrase ""smaller ecosystem than garmin"" on /products/coros-pace-3 · 2 surfaces"
RQ-00549-X,HIGH,cross-surface,https://kitletics.com/products/coros-pace-3,product,product:coros-pace-3,body,template_repetition,Scaffold phrases (5) including is built for a specific job in the category — use that job as your first filter · 2 surfaces
RQ-00550-X,HIGH,cross-surface,https://kitletics.com/products/coros-pace-4,product,product:coros-pace-4,body,keyword_stuffing,"Repeated phrase ""with nylon band"" on /products/coros-pace-4 · 3 surfaces"
RQ-00551-X,HIGH,cross-surface,https://kitletics.com/products/coros-pace-4,product,product:coros-pace-4,body,template_repetition,Scaffold phrases (6) including is built for a specific job in the category — use that job as your first filter · 2 surfaces
RQ-00553-X,HIGH,cross-surface,https://kitletics.com/products/coros-pace-pro,product,product:coros-pace-pro,body,keyword_stuffing,"Repeated phrase ""party app ecosystem than"" on /products/coros-pace-pro · 2 surfaces"
RQ-00554-X,HIGH,cross-surface,https://kitletics.com/products/coros-pace-pro,product,product:coros-pace-pro,body,template_repetition,Scaffold phrases (7) including is built for a specific job in the category — use that job as your first filter · 2 surfaces
RQ-00555-X,HIGH,cross-surface,https://kitletics.com/products/coros-vertix-2s,product,product:coros-vertix-2s,body,keyword_stuffing,"Repeated phrase ""coros vertix"" on /products/coros-vertix-2s · 2 surfaces"
RQ-00556-X,HIGH,cross-surface,https://kitletics.com/products/coros-vertix-2s,product,product:coros-vertix-2s,body,template_repetition,Scaffold phrases (6) including is built for a specific job in the category — use that job as your first filter · 2 surfaces
RQ-00557-X,HIGH,cross-surface,https://kitletics.com/products/craft-active-extreme-x-men,product,product:craft-active-extreme-x-men,body,duplicate_paragraph,Duplicate paragraph on product:craft-active-extreme-x-men · 2 surfaces
RQ-00558-X,HIGH,cross-surface,https://kitletics.com/products/craft-active-extreme-x-men,product,product:craft-active-extreme-x-men,body,keyword_stuffing,"Repeated phrase ""craft active extreme x"" on /products/craft-active-extreme-x-men · 2 surfaces"
RQ-00559-X,HIGH,cross-surface,https://kitletics.com/products/craft-adv-essence-light-wind-men,product,product:craft-adv-essence-light-wind-men,body,duplicate_paragraph,Duplicate paragraph on product:craft-adv-essence-light-wind-men · 2 surfaces
RQ-00560-X,HIGH,cross-surface,https://kitletics.com/products/craft-adv-essence-light-wind-men,product,product:craft-adv-essence-light-wind-men,body,keyword_stuffing,"Repeated phrase ""craft adv essence light"" on /products/craft-adv-essence-light-wind-men · 2 surfaces"
RQ-00561-X,HIGH,cross-surface,https://kitletics.com/products/craft-adv-essence-light-wind-vest-men,product,product:craft-adv-essence-light-wind-vest-men,body,duplicate_paragraph,Duplicate paragraph on product:craft-adv-essence-light-wind-vest-men · 2 surfaces
RQ-00562-X,HIGH,cross-surface,https://kitletics.com/products/craft-adv-essence-light-wind-vest-men,product,product:craft-adv-essence-light-wind-vest-men,body,keyword_stuffing,"Repeated phrase ""plus reflective accents for"" on /products/craft-adv-essence-light-wind-vest-men · 2 surfaces"
RQ-00563-X,HIGH,cross-surface,https://kitletics.com/products/craft-adv-essence-short,product,product:craft-adv-essence-short,body,keyword_stuffing,"Repeated phrase ""craft adv essence short"" on /products/craft-adv-essence-short · 2 surfaces"
RQ-00564-X,HIGH,cross-surface,https://kitletics.com/products/craft-adv-essence-tight-men,product,product:craft-adv-essence-tight-men,body,duplicate_paragraph,Duplicate paragraph on product:craft-adv-essence-tight-men · 2 surfaces
RQ-00565-X,HIGH,cross-surface,https://kitletics.com/products/craft-adv-essence-tight-men,product,product:craft-adv-essence-tight-men,body,keyword_stuffing,"Repeated phrase ""craft adv essence tights"" on /products/craft-adv-essence-tight-men · 2 surfaces"
RQ-00566-X,HIGH,cross-surface,https://kitletics.com/products/craft-adv-lumen-glove,product,product:craft-adv-lumen-glove,body,duplicate_paragraph,Duplicate paragraph on product:craft-adv-lumen-glove · 2 surfaces
RQ-00567-X,HIGH,cross-surface,https://kitletics.com/products/craft-adv-lumen-glove,product,product:craft-adv-lumen-glove,body,keyword_stuffing,"Repeated phrase ""craft adv lumen fleece"" on /products/craft-adv-lumen-glove · 2 surfaces"
RQ-00568-X,HIGH,cross-surface,https://kitletics.com/products/darn-tough-run-1-4,product,product:darn-tough-run-1-4,body,keyword_stuffing,"Repeated phrase ""darn tough run"" on /products/darn-tough-run-1-4 · 2 surfaces"
RQ-00569-X,HIGH,cross-surface,https://kitletics.com/products/darn-tough-run-1-4,product,product:darn-tough-run-1-4,body,template_repetition,Scaffold phrases (6) including is built for a specific job in the category — use that job as your first filter · 2 surfaces
RQ-00570-X,HIGH,cross-surface,https://kitletics.com/products/drymax-run-lite-mesh,product,product:drymax-run-lite-mesh,body,keyword_stuffing,"Repeated phrase ""focused lite"" on /products/drymax-run-lite-mesh · 2 surfaces"
RQ-00571-X,HIGH,cross-surface,https://kitletics.com/products/drymax-run-lite-mesh,product,product:drymax-run-lite-mesh,body,template_repetition,Scaffold phrases (5) including is built for a specific job in the category — use that job as your first filter · 2 surfaces
RQ-00572,HIGH,content-sanity,https://kitletics.com/products/enervit-c2-1-carbo-gel,product,product:enervit-c2-1-carbo-gel,body,duplicate_paragraph,Duplicate paragraph on product:enervit-c2-1-carbo-gel
RQ-00573,HIGH,content-sanity,https://kitletics.com/products/enervit-c2-1-carbo-gel,product,product:enervit-c2-1-carbo-gel,body,keyword_stuffing,"Repeated phrase ""carbs per serving aligns"" on /products/enervit-c2-1-carbo-gel"
RQ-00574,HIGH,content-sanity,https://kitletics.com/products/enervit-c2-1-carbo-gel,product,product:enervit-c2-1-carbo-gel,body,machine_filler,Machine filler on /products/enervit-c2-1-carbo-gel
RQ-00575-X,HIGH,cross-surface,https://kitletics.com/products/feetures-elite-light-cushion,product,product:feetures-elite-light-cushion,body,keyword_stuffing,"Repeated phrase ""feetures elite light cushion"" on /products/feetures-elite-light-cushion · 2 surfaces"
RQ-00576-X,HIGH,cross-surface,https://kitletics.com/products/feetures-elite-light-cushion,product,product:feetures-elite-light-cushion,body,template_repetition,Scaffold phrases (10) including is built for a specific job in the category — use that job as your first filter · 2 surfaces
RQ-00577-X,HIGH,cross-surface,https://kitletics.com/products/fitletic-fully-loaded,product,product:fitletic-fully-loaded,body,duplicate_paragraph,Duplicate paragraph on product:fitletic-fully-loaded · 2 surfaces
RQ-00578-X,HIGH,cross-surface,https://kitletics.com/products/fitletic-fully-loaded,product,product:fitletic-fully-loaded,body,keyword_stuffing,"Repeated phrase ""pocket layout for gels"" on /products/fitletic-fully-loaded · 2 surfaces"
RQ-00579-X,HIGH,cross-surface,https://kitletics.com/products/flipbelt-classic,product,product:flipbelt-classic,body,keyword_stuffing,"Repeated phrase ""bounce stretch tube design"" on /products/flipbelt-classic · 2 surfaces"
RQ-00580-X,HIGH,cross-surface,https://kitletics.com/products/flipbelt-classic,product,product:flipbelt-classic,body,template_repetition,Scaffold phrases (10) including is built for a specific job in the category — use that job as your first filter · 2 surfaces
RQ-00581-X,HIGH,cross-surface,https://kitletics.com/products/garmin-enduro-3,product,product:garmin-enduro-3,body,keyword_stuffing,"Repeated phrase ""garmin enduro"" on /products/garmin-enduro-3 · 2 surfaces"
RQ-00582-X,HIGH,cross-surface,https://kitletics.com/products/garmin-enduro-3,product,product:garmin-enduro-3,body,template_repetition,Scaffold phrases (6) including is built for a specific job in the category — use that job as your first filter · 2 surfaces
RQ-00583-X,HIGH,cross-surface,https://kitletics.com/products/garmin-epix-pro-gen-2,product,product:garmin-epix-pro-gen-2,body,keyword_stuffing,"Repeated phrase ""garmin epix pro"" on /products/garmin-epix-pro-gen-2 · 2 surfaces"
RQ-00584-X,HIGH,cross-surface,https://kitletics.com/products/garmin-epix-pro-gen-2,product,product:garmin-epix-pro-gen-2,body,template_repetition,Scaffold phrases (6) including is built for a specific job in the category — use that job as your first filter · 2 surfaces
RQ-00585-X,HIGH,cross-surface,https://kitletics.com/products/garmin-fenix-8,product,product:garmin-fenix-8,body,keyword_stuffing,"Repeated phrase ""garmin fenix"" on /products/garmin-fenix-8 · 2 surfaces"
RQ-00586-X,HIGH,cross-surface,https://kitletics.com/products/garmin-fenix-8,product,product:garmin-fenix-8,body,template_repetition,Scaffold phrases (6) including is built for a specific job in the category — use that job as your first filter · 2 surfaces
RQ-00587,HIGH,content-sanity,https://kitletics.com/products/garmin-fenix-8/alternatives,alternatives,product:garmin-fenix-8,body,duplicate_paragraph,Duplicate paragraph on product:garmin-fenix-8
RQ-00588-X,HIGH,cross-surface,https://kitletics.com/products/garmin-forerunner-165,product,product:garmin-forerunner-165,body,keyword_stuffing,"Repeated phrase ""garmin forerunner"" on /products/garmin-forerunner-165 · 2 surfaces"
RQ-00589-X,HIGH,cross-surface,https://kitletics.com/products/garmin-forerunner-165,product,product:garmin-forerunner-165,body,template_repetition,Scaffold phrases (7) including is built for a specific job in the category — use that job as your first filter · 2 surfaces
RQ-00590-X,HIGH,cross-surface,https://kitletics.com/products/garmin-forerunner-255,product,product:garmin-forerunner-255,body,keyword_stuffing,"Repeated phrase ""garmin forerunner"" on /products/garmin-forerunner-255 · 2 surfaces"
RQ-00591-X,HIGH,cross-surface,https://kitletics.com/products/garmin-forerunner-255,product,product:garmin-forerunner-255,body,template_repetition,Scaffold phrases (7) including is built for a specific job in the category — use that job as your first filter · 2 surfaces
RQ-00592-X,HIGH,cross-surface,https://kitletics.com/products/garmin-forerunner-265,product,product:garmin-forerunner-265,body,keyword_stuffing,"Repeated phrase ""garmin forerunner"" on /products/garmin-forerunner-265 · 3 surfaces"
RQ-00593-X,HIGH,cross-surface,https://kitletics.com/products/garmin-forerunner-265,product,product:garmin-forerunner-265,body,template_repetition,Scaffold phrases (7) including is built for a specific job in the category — use that job as your first filter · 2 surfaces
RQ-00595-X,HIGH,cross-surface,https://kitletics.com/products/garmin-forerunner-265s,product,product:garmin-forerunner-265s,body,keyword_stuffing,"Repeated phrase ""garmin forerunner"" on /products/garmin-forerunner-265s · 2 surfaces"
RQ-00596-X,HIGH,cross-surface,https://kitletics.com/products/garmin-forerunner-265s,product,product:garmin-forerunner-265s,body,template_repetition,Scaffold phrases (6) including is built for a specific job in the category — use that job as your first filter · 2 surfaces
RQ-00597-X,HIGH,cross-surface,https://kitletics.com/products/garmin-forerunner-55,product,product:garmin-forerunner-55,body,keyword_stuffing,"Repeated phrase ""garmin forerunner"" on /products/garmin-forerunner-55 · 3 surfaces"
RQ-00598-X,HIGH,cross-surface,https://kitletics.com/products/garmin-forerunner-55,product,product:garmin-forerunner-55,body,template_repetition,Scaffold phrases (7) including is built for a specific job in the category — use that job as your first filter · 3 surfaces
RQ-00601-X,HIGH,cross-surface,https://kitletics.com/products/garmin-forerunner-570,product,product:garmin-forerunner-570,body,keyword_stuffing,"Repeated phrase ""garmin forerunner"" on /products/garmin-forerunner-570 · 2 surfaces"
RQ-00602-X,HIGH,cross-surface,https://kitletics.com/products/garmin-forerunner-570,product,product:garmin-forerunner-570,body,template_repetition,Scaffold phrases (7) including is built for a specific job in the category — use that job as your first filter · 2 surfaces
RQ-00603-X,HIGH,cross-surface,https://kitletics.com/products/garmin-forerunner-965,product,product:garmin-forerunner-965,body,keyword_stuffing,"Repeated phrase ""garmin forerunner"" on /products/garmin-forerunner-965 · 2 surfaces"
RQ-00604-X,HIGH,cross-surface,https://kitletics.com/products/garmin-forerunner-965,product,product:garmin-forerunner-965,body,template_repetition,Scaffold phrases (7) including is built for a specific job in the category — use that job as your first filter · 2 surfaces
RQ-00605-X,HIGH,cross-surface,https://kitletics.com/products/garmin-forerunner-970,product,product:garmin-forerunner-970,body,keyword_stuffing,"Repeated phrase ""garmin forerunner"" on /products/garmin-forerunner-970 · 3 surfaces"
RQ-00606-X,HIGH,cross-surface,https://kitletics.com/products/garmin-forerunner-970,product,product:garmin-forerunner-970,body,template_repetition,Scaffold phrases (5) including is built for a specific job in the category — use that job as your first filter · 2 surfaces
RQ-00608-X,HIGH,cross-surface,https://kitletics.com/products/garmin-hrm-200,product,product:garmin-hrm-200,body,template_repetition,Scaffold phrases (7) including is built for a specific job in the category — use that job as your first filter · 2 surfaces
RQ-00609,HIGH,content-sanity,https://kitletics.com/products/garmin-hrm-200/alternatives,alternatives,product:garmin-hrm-200,body,keyword_stuffing,"Repeated phrase ""entry garmin ecg chest"" on /products/garmin-hrm-200/alternatives"
RQ-00610-X,HIGH,cross-surface,https://kitletics.com/products/garmin-hrm-600,product,product:garmin-hrm-600,body,template_repetition,Scaffold phrases (7) including is built for a specific job in the category — use that job as your first filter · 3 surfaces
RQ-00611,HIGH,content-sanity,https://kitletics.com/products/garmin-hrm-600/alternatives,alternatives,product:garmin-hrm-600,body,keyword_stuffing,"Repeated phrase ""running economy"" on /products/garmin-hrm-600/alternatives"
RQ-00613-X,HIGH,cross-surface,https://kitletics.com/products/garmin-hrm-fit,product,product:garmin-hrm-fit,body,template_repetition,Scaffold phrases (7) including is built for a specific job in the category — use that job as your first filter · 3 surfaces
RQ-00615-X,HIGH,cross-surface,https://kitletics.com/products/garmin-hrm-pro-plus,product,product:garmin-hrm-pro-plus,body,keyword_stuffing,"Repeated phrase ""standalone recording and rechargeable"" on /products/garmin-hrm-pro-plus · 3 surfaces"
RQ-00616-X,HIGH,cross-surface,https://kitletics.com/products/garmin-hrm-pro-plus,product,product:garmin-hrm-pro-plus,body,template_repetition,Scaffold phrases (7) including is built for a specific job in the category — use that job as your first filter · 3 surfaces
RQ-00619-X,HIGH,cross-surface,https://kitletics.com/products/garmin-instinct-3,product,product:garmin-instinct-3,body,keyword_stuffing,"Repeated phrase ""garmin instinct"" on /products/garmin-instinct-3 · 2 surfaces"
RQ-00620-X,HIGH,cross-surface,https://kitletics.com/products/garmin-instinct-3,product,product:garmin-instinct-3,body,template_repetition,Scaffold phrases (6) including is built for a specific job in the category — use that job as your first filter · 2 surfaces
RQ-00621-X,HIGH,cross-surface,https://kitletics.com/products/garmin-vivoactive-6,product,product:garmin-vivoactive-6,body,keyword_stuffing,"Repeated phrase ""garmin vivoactive"" on /products/garmin-vivoactive-6 · 2 surfaces"
RQ-00622-X,HIGH,cross-surface,https://kitletics.com/products/garmin-vivoactive-6,product,product:garmin-vivoactive-6,body,template_repetition,Scaffold phrases (6) including is built for a specific job in the category — use that job as your first filter · 2 surfaces
RQ-00623-X,HIGH,cross-surface,https://kitletics.com/products/goodr-circle-gs,product,product:goodr-circle-gs,body,duplicate_paragraph,Duplicate paragraph on product:goodr-circle-gs · 2 surfaces
RQ-00624-X,HIGH,cross-surface,https://kitletics.com/products/goodr-circle-gs,product,product:goodr-circle-gs,body,keyword_stuffing,"Repeated phrase ""easy daily outdoor miles"" on /products/goodr-circle-gs · 2 surfaces"
RQ-00625-X,HIGH,cross-surface,https://kitletics.com/products/goodr-ogs,product,product:goodr-ogs,body,keyword_stuffing,"Repeated phrase ""duty than premium optics"" on /products/goodr-ogs · 2 surfaces"
RQ-00626-X,HIGH,cross-surface,https://kitletics.com/products/gu-energy-chews,product,product:gu-energy-chews,body,duplicate_paragraph,Duplicate paragraph on product:gu-energy-chews · 2 surfaces
RQ-00627-X,HIGH,cross-surface,https://kitletics.com/products/gu-energy-chews,product,product:gu-energy-chews,body,keyword_stuffing,"Repeated phrase ""across a long run"" on /products/gu-energy-chews · 2 surfaces"
RQ-00628-X,HIGH,cross-surface,https://kitletics.com/products/gu-energy-gel,product,product:gu-energy-gel,body,duplicate_paragraph,Duplicate paragraph on product:gu-energy-gel · 2 surfaces
RQ-00629-X,HIGH,cross-surface,https://kitletics.com/products/gu-energy-gel,product,product:gu-energy-gel,body,keyword_stuffing,"Repeated phrase ""carbs is lower density"" on /products/gu-energy-gel · 2 surfaces"
RQ-00630,HIGH,content-sanity,https://kitletics.com/products/gu-roctane-gel,product,product:gu-roctane-gel,body,duplicate_paragraph,Duplicate paragraph on product:gu-roctane-gel
RQ-00631,HIGH,content-sanity,https://kitletics.com/products/gu-roctane-gel,product,product:gu-roctane-gel,body,keyword_stuffing,"Repeated phrase ""roctane energy gel is"" on /products/gu-roctane-gel"
RQ-00632,HIGH,content-sanity,https://kitletics.com/products/gu-roctane-gel,product,product:gu-roctane-gel,body,machine_filler,Machine filler on /products/gu-roctane-gel
RQ-00633-X,HIGH,cross-surface,https://kitletics.com/products/high5-energy-gel,product,product:high5-energy-gel,body,duplicate_paragraph,Duplicate paragraph on product:high5-energy-gel · 2 surfaces
RQ-00634-X,HIGH,cross-surface,https://kitletics.com/products/high5-energy-gel,product,product:high5-energy-gel,body,keyword_stuffing,"Repeated phrase ""carry single"" on /products/high5-energy-gel · 2 surfaces"
RQ-00635-X,HIGH,cross-surface,https://kitletics.com/products/high5-zero,product,product:high5-zero,body,duplicate_paragraph,Duplicate paragraph on product:high5-zero · 2 surfaces
RQ-00636-X,HIGH,cross-surface,https://kitletics.com/products/high5-zero,product,product:high5-zero,body,keyword_stuffing,"Repeated phrase ""carb bottle option alongside"" on /products/high5-zero · 2 surfaces"
RQ-00637-X,HIGH,cross-surface,https://kitletics.com/products/hoka-arahi-7,product,product:hoka-arahi-7,body,template_repetition,Scaffold phrases (9) including is built for a specific job in the category — use that job as your first filter · 2 surfaces
RQ-00638,HIGH,content-sanity,https://kitletics.com/products/hoka-arahi-7/alternatives,alternatives,product:hoka-arahi-7,body,duplicate_paragraph,Duplicate paragraph on product:hoka-arahi-7
RQ-00639,HIGH,content-sanity,https://kitletics.com/products/hoka-arahi-7/alternatives,alternatives,product:hoka-arahi-7,body,internal_taxonomy,Catalog field names in rendered copy on /products/hoka-arahi-7/alternatives
RQ-00640-X,HIGH,cross-surface,https://kitletics.com/products/hoka-bondi-8,product,product:hoka-bondi-8,body,template_repetition,Scaffold phrases (7) including is built for a specific job in the category — use that job as your first filter · 3 surfaces
RQ-00642,HIGH,content-sanity,https://kitletics.com/products/hoka-bondi-8/alternatives,alternatives,product:hoka-bondi-8,body,internal_taxonomy,Catalog field names in rendered copy on /products/hoka-bondi-8/alternatives
RQ-00643-X,HIGH,cross-surface,https://kitletics.com/products/hoka-bondi-9,product,product:hoka-bondi-9,body,keyword_stuffing,"Repeated phrase ""softest easy"" on /products/hoka-bondi-9 · 2 surfaces"
RQ-00644-X,HIGH,cross-surface,https://kitletics.com/products/hoka-bondi-9,product,product:hoka-bondi-9,body,template_repetition,Scaffold phrases (9) including is built for a specific job in the category — use that job as your first filter · 2 surfaces
RQ-00645,HIGH,content-sanity,https://kitletics.com/products/hoka-bondi-9/alternatives,alternatives,product:hoka-bondi-9,body,internal_taxonomy,Catalog field names in rendered copy on /products/hoka-bondi-9/alternatives
RQ-00646-X,HIGH,cross-surface,https://kitletics.com/products/hoka-clifton-10,product,product:hoka-clifton-10,body,keyword_stuffing,"Repeated phrase ""hoka clifton"" on /products/hoka-clifton-10 · 2 surfaces"
RQ-00647-X,HIGH,cross-surface,https://kitletics.com/products/hoka-clifton-10,product,product:hoka-clifton-10,body,template_repetition,Scaffold phrases (10) including is built for a specific job in the category — use that job as your first filter · 2 surfaces
RQ-00648,HIGH,content-sanity,https://kitletics.com/products/hoka-clifton-10/alternatives,alternatives,product:hoka-clifton-10,body,duplicate_paragraph,Duplicate paragraph on product:hoka-clifton-10
RQ-00649,HIGH,content-sanity,https://kitletics.com/products/hoka-clifton-10/alternatives,alternatives,product:hoka-clifton-10,body,internal_taxonomy,Catalog field names in rendered copy on /products/hoka-clifton-10/alternatives
RQ-00650-X,HIGH,cross-surface,https://kitletics.com/products/hoka-clifton-9,product,product:hoka-clifton-9,body,keyword_stuffing,"Repeated phrase ""hoka clifton"" on /products/hoka-clifton-9 · 2 surfaces"
RQ-00651-X,HIGH,cross-surface,https://kitletics.com/products/hoka-clifton-9,product,product:hoka-clifton-9,body,template_repetition,Scaffold phrases (10) including is built for a specific job in the category — use that job as your first filter · 2 surfaces
RQ-00652,HIGH,content-sanity,https://kitletics.com/products/hoka-clifton-9/alternatives,alternatives,product:hoka-clifton-9,body,duplicate_paragraph,Duplicate paragraph on product:hoka-clifton-9
RQ-00653,HIGH,content-sanity,https://kitletics.com/products/hoka-clifton-9/alternatives,alternatives,product:hoka-clifton-9,body,internal_taxonomy,Catalog field names in rendered copy on /products/hoka-clifton-9/alternatives
RQ-00654-X,HIGH,cross-surface,https://kitletics.com/products/hoka-clifton-pro,product,product:hoka-clifton-pro,body,keyword_stuffing,"Repeated phrase ""hoka clifton pro"" on /products/hoka-clifton-pro · 2 surfaces"
RQ-00655-X,HIGH,cross-surface,https://kitletics.com/products/hoka-clifton-pro,product,product:hoka-clifton-pro,body,template_repetition,Scaffold phrases (6) including is built for a specific job in the category — use that job as your first filter · 3 surfaces
RQ-00656,HIGH,content-sanity,https://kitletics.com/products/hoka-clifton-pro/alternatives,alternatives,product:hoka-clifton-pro,body,duplicate_paragraph,Duplicate paragraph on product:hoka-clifton-pro
RQ-00658,HIGH,content-sanity,https://kitletics.com/products/hoka-clifton-pro/alternatives,alternatives,product:hoka-clifton-pro,body,internal_taxonomy,Catalog field names in rendered copy on /products/hoka-clifton-pro/alternatives
RQ-00659-X,HIGH,cross-surface,https://kitletics.com/products/hoka-gaviota-5,product,product:hoka-gaviota-5,body,keyword_stuffing,"Repeated phrase ""hoka gaviota"" on /products/hoka-gaviota-5 · 2 surfaces"
RQ-00660-X,HIGH,cross-surface,https://kitletics.com/products/hoka-gaviota-5,product,product:hoka-gaviota-5,body,template_repetition,Scaffold phrases (9) including is built for a specific job in the category — use that job as your first filter · 2 surfaces
RQ-00661,HIGH,content-sanity,https://kitletics.com/products/hoka-gaviota-5/alternatives,alternatives,product:hoka-gaviota-5,body,duplicate_paragraph,Duplicate paragraph on product:hoka-gaviota-5
RQ-00662,HIGH,content-sanity,https://kitletics.com/products/hoka-gaviota-5/alternatives,alternatives,product:hoka-gaviota-5,body,internal_taxonomy,Catalog field names in rendered copy on /products/hoka-gaviota-5/alternatives
RQ-00663-X,HIGH,cross-surface,https://kitletics.com/products/hoka-mach-6,product,product:hoka-mach-6,body,template_repetition,Scaffold phrases (7) including is built for a specific job in the category — use that job as your first filter · 2 surfaces
RQ-00664,HIGH,content-sanity,https://kitletics.com/products/hoka-mach-6/alternatives,alternatives,product:hoka-mach-6,body,internal_taxonomy,Catalog field names in rendered copy on /products/hoka-mach-6/alternatives
RQ-00665-X,HIGH,cross-surface,https://kitletics.com/products/hoka-speedgoat-6,product,product:hoka-speedgoat-6,body,keyword_stuffing,"Repeated phrase ""hoka speedgoat"" on /products/hoka-speedgoat-6 · 2 surfaces"
RQ-00666-X,HIGH,cross-surface,https://kitletics.com/products/hoka-speedgoat-6,product,product:hoka-speedgoat-6,body,template_repetition,Scaffold phrases (9) including is built for a specific job in the category — use that job as your first filter · 2 surfaces
RQ-00667,HIGH,content-sanity,https://kitletics.com/products/hoka-speedgoat-6/alternatives,alternatives,product:hoka-speedgoat-6,body,duplicate_paragraph,Duplicate paragraph on product:hoka-speedgoat-6
RQ-00668,HIGH,content-sanity,https://kitletics.com/products/hoka-speedgoat-6/alternatives,alternatives,product:hoka-speedgoat-6,body,internal_taxonomy,Catalog field names in rendered copy on /products/hoka-speedgoat-6/alternatives
RQ-00669-X,HIGH,cross-surface,https://kitletics.com/products/honey-stinger-organic-energy-gel,product,product:honey-stinger-organic-energy-gel,body,duplicate_paragraph,Duplicate paragraph on product:honey-stinger-organic-energy-gel · 2 surfaces
RQ-00670-X,HIGH,cross-surface,https://kitletics.com/products/honey-stinger-organic-energy-gel,product,product:honey-stinger-organic-energy-gel,body,keyword_stuffing,"Repeated phrase ""forward taste many runners"" on /products/honey-stinger-organic-energy-gel · 2 surfaces"
RQ-00671-X,HIGH,cross-surface,https://kitletics.com/products/huma-gel-original,product,product:huma-gel-original,body,duplicate_paragraph,Duplicate paragraph on product:huma-gel-original · 2 surfaces
RQ-00672-X,HIGH,cross-surface,https://kitletics.com/products/huma-gel-original,product,product:huma-gel-original,body,keyword_stuffing,"Repeated phrase ""chia texture alternative to"" on /products/huma-gel-original · 2 surfaces"
RQ-00673-X,HIGH,cross-surface,https://kitletics.com/products/hydrapak-skyflask-speed-500,product,product:hydrapak-skyflask-speed-500,body,keyword_stuffing,"Repeated phrase ""handed volume limit on"" on /products/hydrapak-skyflask-speed-500 · 2 surfaces"
RQ-00674-X,HIGH,cross-surface,https://kitletics.com/products/hydrapak-skyflask-speed-500,product,product:hydrapak-skyflask-speed-500,body,template_repetition,Scaffold phrases (7) including is built for a specific job in the category — use that job as your first filter · 2 surfaces
RQ-00675-X,HIGH,cross-surface,https://kitletics.com/products/hydrapak-softflask-250,product,product:hydrapak-softflask-250,body,template_repetition,Scaffold phrases (7) including is built for a specific job in the category — use that job as your first filter · 2 surfaces
RQ-00676-X,HIGH,cross-surface,https://kitletics.com/products/hydrapak-softflask-500,product,product:hydrapak-softflask-500,body,duplicate_paragraph,Duplicate paragraph on product:hydrapak-softflask-500 · 2 surfaces
RQ-00677-X,HIGH,cross-surface,https://kitletics.com/products/hydrapak-softflask-500,product,product:hydrapak-softflask-500,body,keyword_stuffing,"Repeated phrase ""hydrapak softflask"" on /products/hydrapak-softflask-500 · 2 surfaces"
RQ-00678-X,HIGH,cross-surface,https://kitletics.com/products/hydrapak-softflask-speed-500,product,product:hydrapak-softflask-speed-500,body,keyword_stuffing,"Repeated phrase ""flow bite valve speeds"" on /products/hydrapak-softflask-speed-500 · 2 surfaces"
RQ-00679-X,HIGH,cross-surface,https://kitletics.com/products/hydrapak-softflask-speed-500,product,product:hydrapak-softflask-speed-500,body,template_repetition,Scaffold phrases (7) including is built for a specific job in the category — use that job as your first filter · 2 surfaces
RQ-00680-X,HIGH,cross-surface,https://kitletics.com/products/hydrapak-tube-kit,product,product:hydrapak-tube-kit,body,duplicate_paragraph,Duplicate paragraph on product:hydrapak-tube-kit · 2 surfaces
RQ-00681-X,HIGH,cross-surface,https://kitletics.com/products/hydrapak-tube-kit,product,product:hydrapak-tube-kit,body,keyword_stuffing,"Repeated phrase ""softflasks or reservoirs hands"" on /products/hydrapak-tube-kit · 2 surfaces"
RQ-00682-X,HIGH,cross-surface,https://kitletics.com/products/hyperice-hypervolt-2,product,product:hyperice-hypervolt-2,body,duplicate_paragraph,Duplicate paragraph on product:hyperice-hypervolt-2 · 2 surfaces
RQ-00683-X,HIGH,cross-surface,https://kitletics.com/products/hyperice-hypervolt-2,product,product:hyperice-hypervolt-2,body,keyword_stuffing,"Repeated phrase ""hyperice hypervolt"" on /products/hyperice-hypervolt-2 · 2 surfaces"
RQ-00684-X,HIGH,cross-surface,https://kitletics.com/products/hyperice-hypervolt-go-2,product,product:hyperice-hypervolt-go-2,body,keyword_stuffing,"Repeated phrase ""hyperice hypervolt go"" on /products/hyperice-hypervolt-go-2 · 2 surfaces"
RQ-00685-X,HIGH,cross-surface,https://kitletics.com/products/hyperice-hypervolt-go-2,product,product:hyperice-hypervolt-go-2,body,template_repetition,Scaffold phrases (6) including is built for a specific job in the category — use that job as your first filter · 2 surfaces
RQ-00686-X,HIGH,cross-surface,https://kitletics.com/products/hyperice-normatec-3,product,product:hyperice-normatec-3,body,duplicate_paragraph,Duplicate paragraph on product:hyperice-normatec-3 · 2 surfaces
RQ-00687-X,HIGH,cross-surface,https://kitletics.com/products/hyperice-normatec-3,product,product:hyperice-normatec-3,body,keyword_stuffing,"Repeated phrase ""hyperice normatec"" on /products/hyperice-normatec-3 · 2 surfaces"
RQ-00688-X,HIGH,cross-surface,https://kitletics.com/products/hyperice-normatec-go,product,product:hyperice-normatec-go,body,keyword_stuffing,"Repeated phrase ""common runner soft"" on /products/hyperice-normatec-go · 2 surfaces"
RQ-00689-X,HIGH,cross-surface,https://kitletics.com/products/hyperice-normatec-go,product,product:hyperice-normatec-go,body,template_repetition,Scaffold phrases (6) including is built for a specific job in the category — use that job as your first filter · 2 surfaces
RQ-00690-X,HIGH,cross-surface,https://kitletics.com/products/hyperice-vyper-3,product,product:hyperice-vyper-3,body,duplicate_paragraph,Duplicate paragraph on product:hyperice-vyper-3 · 2 surfaces
RQ-00691-X,HIGH,cross-surface,https://kitletics.com/products/hyperice-vyper-3,product,product:hyperice-vyper-3,body,keyword_stuffing,"Repeated phrase ""hyperice vyper"" on /products/hyperice-vyper-3 · 2 surfaces"
RQ-00692-X,HIGH,cross-surface,https://kitletics.com/products/injinji-run-midweight,product,product:injinji-run-midweight,body,keyword_stuffing,"Repeated phrase ""most of your sessions"" on /products/injinji-run-midweight · 2 surfaces"
RQ-00693-X,HIGH,cross-surface,https://kitletics.com/products/injinji-run-midweight,product,product:injinji-run-midweight,body,template_repetition,Scaffold phrases (6) including is built for a specific job in the category — use that job as your first filter · 2 surfaces
RQ-00694-X,HIGH,cross-surface,https://kitletics.com/products/inov8-trailfly-ultra-g-300-max,product,product:inov8-trailfly-ultra-g-300-max,body,keyword_stuffing,"Repeated phrase ""trailfly ultra g"" on /products/inov8-trailfly-ultra-g-300-max · 3 surfaces"
RQ-00695-X,HIGH,cross-surface,https://kitletics.com/products/inov8-trailfly-ultra-g-300-max,product,product:inov8-trailfly-ultra-g-300-max,body,template_repetition,Scaffold phrases (6) including is built for a specific job in the category — use that job as your first filter · 3 surfaces
RQ-00698-X,HIGH,cross-surface,https://kitletics.com/products/janji-multi-short-men,product,product:janji-multi-short-men,body,duplicate_paragraph,Duplicate paragraph on product:janji-multi-short-men · 2 surfaces
RQ-00699-X,HIGH,cross-surface,https://kitletics.com/products/janji-multi-short-men,product,product:janji-multi-short-men,body,keyword_stuffing,"Repeated phrase ""coverage with phone"" on /products/janji-multi-short-men · 2 surfaces"
RQ-00700-X,HIGH,cross-surface,https://kitletics.com/products/janji-multi-short-men,product,product:janji-multi-short-men,body,template_repetition,Scaffold phrases (6) including is built for a specific job in the category — use that job as your first filter · 2 surfaces
RQ-00701-X,HIGH,cross-surface,https://kitletics.com/products/janji-pace-short-women,product,product:janji-pace-short-women,body,duplicate_paragraph,Duplicate paragraph on product:janji-pace-short-women · 2 surfaces
RQ-00702-X,HIGH,cross-surface,https://kitletics.com/products/janji-pace-short-women,product,product:janji-pace-short-women,body,keyword_stuffing,"Repeated phrase ""length balances coverage and"" on /products/janji-pace-short-women · 2 surfaces"
RQ-00703-X,HIGH,cross-surface,https://kitletics.com/products/janji-pace-short-women,product,product:janji-pace-short-women,body,template_repetition,Scaffold phrases (6) including is built for a specific job in the category — use that job as your first filter · 2 surfaces
RQ-00704-X,HIGH,cross-surface,https://kitletics.com/products/janji-rainrunner-men,product,product:janji-rainrunner-men,body,duplicate_paragraph,Duplicate paragraph on product:janji-rainrunner-men · 2 surfaces
RQ-00705-X,HIGH,cross-surface,https://kitletics.com/products/janji-rainrunner-men,product,product:janji-rainrunner-men,body,keyword_stuffing,"Repeated phrase ""janji rainrunner jacket"" on /products/janji-rainrunner-men · 2 surfaces"
RQ-00706-X,HIGH,cross-surface,https://kitletics.com/products/janji-run-tee-men,product,product:janji-run-tee-men,body,duplicate_paragraph,Duplicate paragraph on product:janji-run-tee-men · 2 surfaces
RQ-00707-X,HIGH,cross-surface,https://kitletics.com/products/janji-run-tee-men,product,product:janji-run-tee-men,body,keyword_stuffing,"Repeated phrase ""janji run tee"" on /products/janji-run-tee-men · 2 surfaces"
RQ-00708-X,HIGH,cross-surface,https://kitletics.com/products/julbo-aerolite,product,product:julbo-aerolite,body,duplicate_paragraph,Duplicate paragraph on product:julbo-aerolite · 2 surfaces
RQ-00709-X,HIGH,cross-surface,https://kitletics.com/products/julbo-aerolite,product,product:julbo-aerolite,body,keyword_stuffing,"Repeated phrase ""reactiv options lens"" on /products/julbo-aerolite · 2 surfaces"
RQ-00710-X,HIGH,cross-surface,https://kitletics.com/products/julbo-rush,product,product:julbo-rush,body,duplicate_paragraph,Duplicate paragraph on product:julbo-rush · 2 surfaces
RQ-00711-X,HIGH,cross-surface,https://kitletics.com/products/julbo-rush,product,product:julbo-rush,body,keyword_stuffing,"Repeated phrase ""reactiv photochromic"" on /products/julbo-rush · 2 surfaces"
RQ-00712,HIGH,content-sanity,https://kitletics.com/products/julbo-ultimate,product,product:julbo-ultimate,body,duplicate_paragraph,Duplicate paragraph on product:julbo-ultimate
RQ-00713,HIGH,content-sanity,https://kitletics.com/products/julbo-ultimate,product,product:julbo-ultimate,body,keyword_stuffing,"Repeated phrase ""tint covers shade"" on /products/julbo-ultimate"
RQ-00714,HIGH,content-sanity,https://kitletics.com/products/julbo-ultimate,product,product:julbo-ultimate,body,machine_filler,Machine filler on /products/julbo-ultimate
RQ-00715-X,HIGH,cross-surface,https://kitletics.com/products/kiprun-running-belt,product,product:kiprun-running-belt,body,duplicate_paragraph,Duplicate paragraph on product:kiprun-running-belt · 2 surfaces
RQ-00716-X,HIGH,cross-surface,https://kitletics.com/products/kiprun-running-belt,product,product:kiprun-running-belt,body,keyword_stuffing,"Repeated phrase ""essentials pouch belt"" on /products/kiprun-running-belt · 2 surfaces"
RQ-00717-X,HIGH,cross-surface,https://kitletics.com/products/ledlenser-neo9r,product,product:ledlenser-neo9r,body,duplicate_paragraph,Duplicate paragraph on product:ledlenser-neo9r · 2 surfaces
RQ-00718-X,HIGH,cross-surface,https://kitletics.com/products/ledlenser-neo9r,product,product:ledlenser-neo9r,body,keyword_stuffing,"Repeated phrase ""beam image for technical"" on /products/ledlenser-neo9r · 2 surfaces"
RQ-00719-X,HIGH,cross-surface,https://kitletics.com/products/maurten-drink-mix-160,product,product:maurten-drink-mix-160,body,duplicate_paragraph,Duplicate paragraph on product:maurten-drink-mix-160 · 2 surfaces
RQ-00720-X,HIGH,cross-surface,https://kitletics.com/products/maurten-drink-mix-160,product,product:maurten-drink-mix-160,body,keyword_stuffing,"Repeated phrase ""carbs per bottle simplifies"" on /products/maurten-drink-mix-160 · 2 surfaces"
RQ-00721-X,HIGH,cross-surface,https://kitletics.com/products/maurten-drink-mix-320,product,product:maurten-drink-mix-320,body,duplicate_paragraph,Duplicate paragraph on product:maurten-drink-mix-320 · 2 surfaces
RQ-00722-X,HIGH,cross-surface,https://kitletics.com/products/maurten-drink-mix-320,product,product:maurten-drink-mix-320,body,keyword_stuffing,"Repeated phrase ""carbs per bottle supports"" on /products/maurten-drink-mix-320 · 2 surfaces"
RQ-00723-X,HIGH,cross-surface,https://kitletics.com/products/maurten-gel-100,product,product:maurten-gel-100,body,duplicate_paragraph,Duplicate paragraph on product:maurten-gel-100 · 2 surfaces
RQ-00724-X,HIGH,cross-surface,https://kitletics.com/products/maurten-gel-100,product,product:maurten-gel-100,body,keyword_stuffing,"Repeated phrase ""carbs per sachet makes"" on /products/maurten-gel-100 · 2 surfaces"
RQ-00725-X,HIGH,cross-surface,https://kitletics.com/products/maurten-gel-100-caf-100,product,product:maurten-gel-100-caf-100,body,duplicate_paragraph,Duplicate paragraph on product:maurten-gel-100-caf-100 · 2 surfaces
RQ-00726-X,HIGH,cross-surface,https://kitletics.com/products/maurten-gel-100-caf-100,product,product:maurten-gel-100-caf-100,body,keyword_stuffing,"Repeated phrase ""caffeine option stacks cleanly"" on /products/maurten-gel-100-caf-100 · 2 surfaces"
RQ-00727-X,HIGH,cross-surface,https://kitletics.com/products/maurten-gel-160,product,product:maurten-gel-160,body,duplicate_paragraph,Duplicate paragraph on product:maurten-gel-160 · 2 surfaces
RQ-00728-X,HIGH,cross-surface,https://kitletics.com/products/maurten-gel-160,product,product:maurten-gel-160,body,keyword_stuffing,"Repeated phrase ""carbs per packet reduces"" on /products/maurten-gel-160 · 2 surfaces"
RQ-00729-X,HIGH,cross-surface,https://kitletics.com/products/mirafit-folding-treadmill,product,product:mirafit-folding-treadmill,body,keyword_stuffing,"Repeated phrase ""commercial curved sprint deck"" on /products/mirafit-folding-treadmill · 2 surfaces"
RQ-00730-X,HIGH,cross-surface,https://kitletics.com/products/mirafit-folding-treadmill,product,product:mirafit-folding-treadmill,body,template_repetition,Scaffold phrases (7) including is built for a specific job in the category — use that job as your first filter · 2 surfaces
RQ-00731-X,HIGH,cross-surface,https://kitletics.com/products/mizuno-wave-rebellion-pro-3,product,product:mizuno-wave-rebellion-pro-3,body,keyword_stuffing,"Repeated phrase ""mizuno wave rebellion pro"" on /products/mizuno-wave-rebellion-pro-3 · 3 surfaces"
RQ-00732-X,HIGH,cross-surface,https://kitletics.com/products/mizuno-wave-rebellion-pro-3,product,product:mizuno-wave-rebellion-pro-3,body,template_repetition,Scaffold phrases (7) including is built for a specific job in the category — use that job as your first filter · 2 surfaces
RQ-00733,HIGH,content-sanity,https://kitletics.com/products/mizuno-wave-rebellion-pro-3/alternatives,alternatives,product:mizuno-wave-rebellion-pro-3,body,duplicate_paragraph,Duplicate paragraph on product:mizuno-wave-rebellion-pro-3
RQ-00735,HIGH,content-sanity,https://kitletics.com/products/mizuno-wave-rebellion-pro-3/alternatives,alternatives,product:mizuno-wave-rebellion-pro-3,body,internal_taxonomy,Catalog field names in rendered copy on /products/mizuno-wave-rebellion-pro-3/alternatives
RQ-00736-X,HIGH,cross-surface,https://kitletics.com/products/mizuno-wave-rider-28,product,product:mizuno-wave-rider-28,body,keyword_stuffing,"Repeated phrase ""mizuno wave rider"" on /products/mizuno-wave-rider-28 · 3 surfaces"
RQ-00737-X,HIGH,cross-surface,https://kitletics.com/products/mizuno-wave-rider-28,product,product:mizuno-wave-rider-28,body,template_repetition,Scaffold phrases (6) including is built for a specific job in the category — use that job as your first filter · 3 surfaces
RQ-00738,HIGH,content-sanity,https://kitletics.com/products/mizuno-wave-rider-28/alternatives,alternatives,product:mizuno-wave-rider-28,body,duplicate_paragraph,Duplicate paragraph on product:mizuno-wave-rider-28
RQ-00741,HIGH,content-sanity,https://kitletics.com/products/mizuno-wave-rider-28/alternatives,alternatives,product:mizuno-wave-rider-28,body,internal_taxonomy,Catalog field names in rendered copy on /products/mizuno-wave-rider-28/alternatives
RQ-00742-X,HIGH,cross-surface,https://kitletics.com/products/naak-ultra-energy-bar,product,product:naak-ultra-energy-bar,body,duplicate_paragraph,Duplicate paragraph on product:naak-ultra-energy-bar · 2 surfaces
RQ-00743-X,HIGH,cross-surface,https://kitletics.com/products/naak-ultra-energy-bar,product,product:naak-ultra-energy-bar,body,keyword_stuffing,"Repeated phrase ""trail food variety beyond"" on /products/naak-ultra-energy-bar · 2 surfaces"
RQ-00744-X,HIGH,cross-surface,https://kitletics.com/products/naak-ultra-energy-drink-mix,product,product:naak-ultra-energy-drink-mix,body,duplicate_paragraph,Duplicate paragraph on product:naak-ultra-energy-drink-mix · 2 surfaces
RQ-00745-X,HIGH,cross-surface,https://kitletics.com/products/naak-ultra-energy-drink-mix,product,product:naak-ultra-energy-drink-mix,body,keyword_stuffing,"Repeated phrase ""ultra energy drink mix"" on /products/naak-ultra-energy-drink-mix · 2 surfaces"
RQ-00746-X,HIGH,cross-surface,https://kitletics.com/products/naked-running-band,product,product:naked-running-band,body,template_repetition,Scaffold phrases (10) including is built for a specific job in the category — use that job as your first filter · 2 surfaces
RQ-00747-X,HIGH,cross-surface,https://kitletics.com/products/nathan-exoshot-2,product,product:nathan-exoshot-2,body,keyword_stuffing,"Repeated phrase ""nathan exoshot"" on /products/nathan-exoshot-2 · 2 surfaces"
RQ-00748-X,HIGH,cross-surface,https://kitletics.com/products/nathan-exoshot-2,product,product:nathan-exoshot-2,body,template_repetition,Scaffold phrases (7) including is built for a specific job in the category — use that job as your first filter · 2 surfaces
RQ-00749-X,HIGH,cross-surface,https://kitletics.com/products/nathan-lightbender-rx,product,product:nathan-lightbender-rx,body,duplicate_paragraph,Duplicate paragraph on product:nathan-lightbender-rx · 2 surfaces
RQ-00750-X,HIGH,cross-surface,https://kitletics.com/products/nathan-lightbender-rx,product,product:nathan-lightbender-rx,body,keyword_stuffing,"Repeated phrase ""nathan lightbender rx armband"" on /products/nathan-lightbender-rx · 2 surfaces"
RQ-00751-X,HIGH,cross-surface,https://kitletics.com/products/nathan-mirage-pak,product,product:nathan-mirage-pak,body,template_repetition,Scaffold phrases (7) including is built for a specific job in the category — use that job as your first filter · 2 surfaces
RQ-00752-X,HIGH,cross-surface,https://kitletics.com/products/nathan-peak-hydration-waist-pack,product,product:nathan-peak-hydration-waist-pack,body,template_repetition,Scaffold phrases (7) including is built for a specific job in the category — use that job as your first filter · 2 surfaces
RQ-00753-X,HIGH,cross-surface,https://kitletics.com/products/nathan-pinnacle-12,product,product:nathan-pinnacle-12,body,keyword_stuffing,"Repeated phrase ""first layout suits hot"" on /products/nathan-pinnacle-12 · 2 surfaces"
RQ-00754-X,HIGH,cross-surface,https://kitletics.com/products/nathan-pinnacle-12,product,product:nathan-pinnacle-12,body,template_repetition,Scaffold phrases (7) including is built for a specific job in the category — use that job as your first filter · 2 surfaces
RQ-00755-X,HIGH,cross-surface,https://kitletics.com/products/nathan-softflask-18oz,product,product:nathan-softflask-18oz,body,duplicate_paragraph,Duplicate paragraph on product:nathan-softflask-18oz · 2 surfaces
RQ-00756-X,HIGH,cross-surface,https://kitletics.com/products/nathan-softflask-18oz,product,product:nathan-softflask-18oz,body,keyword_stuffing,"Repeated phrase ""ecosystem spare for vaporair"" on /products/nathan-softflask-18oz · 2 surfaces"
RQ-00757-X,HIGH,cross-surface,https://kitletics.com/products/nathan-speeddraw-plus-insulated-18oz,product,product:nathan-speeddraw-plus-insulated-18oz,body,template_repetition,Scaffold phrases (7) including is built for a specific job in the category — use that job as your first filter · 2 surfaces
RQ-00758-X,HIGH,cross-surface,https://kitletics.com/products/nathan-streak-reflective-vest,product,product:nathan-streak-reflective-vest,body,keyword_stuffing,"Repeated phrase ""nathan streak reflective vest"" on /products/nathan-streak-reflective-vest · 2 surfaces"
RQ-00759-X,HIGH,cross-surface,https://kitletics.com/products/nathan-streak-reflective-vest,product,product:nathan-streak-reflective-vest,body,template_repetition,Scaffold phrases (7) including is built for a specific job in the category — use that job as your first filter · 2 surfaces
RQ-00760-X,HIGH,cross-surface,https://kitletics.com/products/nathan-vaporair-2,product,product:nathan-vaporair-2,body,keyword_stuffing,"Repeated phrase ""nathan vaporair"" on /products/nathan-vaporair-2 · 2 surfaces"
RQ-00761-X,HIGH,cross-surface,https://kitletics.com/products/nathan-vaporair-2,product,product:nathan-vaporair-2,body,template_repetition,Scaffold phrases (7) including is built for a specific job in the category — use that job as your first filter · 2 surfaces
RQ-00762-X,HIGH,cross-surface,https://kitletics.com/products/nathan-vaporair-4,product,product:nathan-vaporair-4,body,keyword_stuffing,"Repeated phrase ""nathan vaporair"" on /products/nathan-vaporair-4 · 2 surfaces"
RQ-00763-X,HIGH,cross-surface,https://kitletics.com/products/nathan-vaporair-4,product,product:nathan-vaporair-4,body,template_repetition,Scaffold phrases (8) including is built for a specific job in the category — use that job as your first filter · 2 surfaces
RQ-00764-X,HIGH,cross-surface,https://kitletics.com/products/nathan-zippered-stash,product,product:nathan-zippered-stash,body,template_repetition,Scaffold phrases (5) including is built for a specific job in the category — use that job as your first filter · 2 surfaces
RQ-00765-X,HIGH,cross-surface,https://kitletics.com/products/nathan-zipster-lite,product,product:nathan-zipster-lite,body,duplicate_paragraph,Duplicate paragraph on product:nathan-zipster-lite · 2 surfaces
RQ-00766-X,HIGH,cross-surface,https://kitletics.com/products/nathan-zipster-lite,product,product:nathan-zipster-lite,body,keyword_stuffing,"Repeated phrase ""keys on race day"" on /products/nathan-zipster-lite · 2 surfaces"
RQ-00767-X,HIGH,cross-surface,https://kitletics.com/products/nb-rc-essential-short-men,product,product:nb-rc-essential-short-men,body,duplicate_paragraph,Duplicate paragraph on product:nb-rc-essential-short-men · 2 surfaces
RQ-00768-X,HIGH,cross-surface,https://kitletics.com/products/nb-rc-essential-short-men,product,product:nb-rc-essential-short-men,body,keyword_stuffing,"Repeated phrase ""balance rc essential short"" on /products/nb-rc-essential-short-men · 2 surfaces"
RQ-00769-X,HIGH,cross-surface,https://kitletics.com/products/neversecond-c30-gel,product,product:neversecond-c30-gel,body,duplicate_paragraph,Duplicate paragraph on product:neversecond-c30-gel · 2 surfaces
RQ-00770-X,HIGH,cross-surface,https://kitletics.com/products/neversecond-c30-gel,product,product:neversecond-c30-gel,body,keyword_stuffing,"Repeated phrase ""meaningful sodium in one"" on /products/neversecond-c30-gel · 2 surfaces"
RQ-00771-X,HIGH,cross-surface,https://kitletics.com/products/neversecond-c30-sports-drink,product,product:neversecond-c30-sports-drink,body,duplicate_paragraph,Duplicate paragraph on product:neversecond-c30-sports-drink · 2 surfaces
RQ-00772-X,HIGH,cross-surface,https://kitletics.com/products/neversecond-c30-sports-drink,product,product:neversecond-c30-sports-drink,body,keyword_stuffing,"Repeated phrase ""sodium per scoop is"" on /products/neversecond-c30-sports-drink · 2 surfaces"
RQ-00773-X,HIGH,cross-surface,https://kitletics.com/products/new-balance-fresh-foam-x-1080-v13,product,product:new-balance-fresh-foam-x-1080-v13,body,keyword_stuffing,"Repeated phrase ""balance fresh foam x"" on /products/new-balance-fresh-foam-x-1080-v13 · 3 surfaces"
RQ-00774-X,HIGH,cross-surface,https://kitletics.com/products/new-balance-fresh-foam-x-1080-v13,product,product:new-balance-fresh-foam-x-1080-v13,body,template_repetition,Scaffold phrases (7) including is built for a specific job in the category — use that job as your first filter · 3 surfaces
RQ-00777,HIGH,content-sanity,https://kitletics.com/products/new-balance-fresh-foam-x-1080-v13/alternatives,alternatives,product:new-balance-fresh-foam-x-1080-v13,body,internal_taxonomy,Catalog field names in rendered copy on /products/new-balance-fresh-foam-x-1080-v13/alternatives
RQ-00778-X,HIGH,cross-surface,https://kitletics.com/products/new-balance-fresh-foam-x-1080-v14,product,product:new-balance-fresh-foam-x-1080-v14,body,keyword_stuffing,"Repeated phrase ""balance fresh foam x"" on /products/new-balance-fresh-foam-x-1080-v14 · 3 surfaces"
RQ-00779-X,HIGH,cross-surface,https://kitletics.com/products/new-balance-fresh-foam-x-1080-v14,product,product:new-balance-fresh-foam-x-1080-v14,body,template_repetition,Scaffold phrases (10) including is built for a specific job in the category — use that job as your first filter · 2 surfaces
RQ-00780,HIGH,content-sanity,https://kitletics.com/products/new-balance-fresh-foam-x-1080-v14/alternatives,alternatives,product:new-balance-fresh-foam-x-1080-v14,body,duplicate_paragraph,Duplicate paragraph on product:new-balance-fresh-foam-x-1080-v14
RQ-00782,HIGH,content-sanity,https://kitletics.com/products/new-balance-fresh-foam-x-1080-v14/alternatives,alternatives,product:new-balance-fresh-foam-x-1080-v14,body,internal_taxonomy,Catalog field names in rendered copy on /products/new-balance-fresh-foam-x-1080-v14/alternatives
RQ-00783-X,HIGH,cross-surface,https://kitletics.com/products/new-balance-fresh-foam-x-860-v14,product,product:new-balance-fresh-foam-x-860-v14,body,keyword_stuffing,"Repeated phrase ""balance fresh foam x"" on /products/new-balance-fresh-foam-x-860-v14 · 2 surfaces"
RQ-00784-X,HIGH,cross-surface,https://kitletics.com/products/new-balance-fresh-foam-x-860-v14,product,product:new-balance-fresh-foam-x-860-v14,body,template_repetition,Scaffold phrases (9) including is built for a specific job in the category — use that job as your first filter · 2 surfaces
RQ-00785,HIGH,content-sanity,https://kitletics.com/products/new-balance-fresh-foam-x-860-v14/alternatives,alternatives,product:new-balance-fresh-foam-x-860-v14,body,duplicate_paragraph,Duplicate paragraph on product:new-balance-fresh-foam-x-860-v14
RQ-00786,HIGH,content-sanity,https://kitletics.com/products/new-balance-fresh-foam-x-860-v14/alternatives,alternatives,product:new-balance-fresh-foam-x-860-v14,body,internal_taxonomy,Catalog field names in rendered copy on /products/new-balance-fresh-foam-x-860-v14/alternatives
RQ-00787-X,HIGH,cross-surface,https://kitletics.com/products/new-balance-fresh-foam-x-hierro-v9,product,product:new-balance-fresh-foam-x-hierro-v9,body,keyword_stuffing,"Repeated phrase ""balance fresh foam x"" on /products/new-balance-fresh-foam-x-hierro-v9 · 2 surfaces"
RQ-00788-X,HIGH,cross-surface,https://kitletics.com/products/new-balance-fresh-foam-x-hierro-v9,product,product:new-balance-fresh-foam-x-hierro-v9,body,template_repetition,Scaffold phrases (10) including is built for a specific job in the category — use that job as your first filter · 2 surfaces
RQ-00789,HIGH,content-sanity,https://kitletics.com/products/new-balance-fresh-foam-x-hierro-v9/alternatives,alternatives,product:new-balance-fresh-foam-x-hierro-v9,body,internal_taxonomy,Catalog field names in rendered copy on /products/new-balance-fresh-foam-x-hierro-v9/alternatives
RQ-00790-X,HIGH,cross-surface,https://kitletics.com/products/new-balance-fuelcell-rebel-v4,product,product:new-balance-fuelcell-rebel-v4,body,keyword_stuffing,"Repeated phrase ""balance fuelcell rebel"" on /products/new-balance-fuelcell-rebel-v4 · 3 surfaces"
RQ-00791,HIGH,content-sanity,https://kitletics.com/products/new-balance-fuelcell-rebel-v4/alternatives,alternatives,product:new-balance-fuelcell-rebel-v4,body,duplicate_paragraph,Duplicate paragraph on product:new-balance-fuelcell-rebel-v4
RQ-00793,HIGH,content-sanity,https://kitletics.com/products/new-balance-fuelcell-rebel-v4/alternatives,alternatives,product:new-balance-fuelcell-rebel-v4,body,internal_taxonomy,Catalog field names in rendered copy on /products/new-balance-fuelcell-rebel-v4/alternatives
RQ-00794-X,HIGH,cross-surface,https://kitletics.com/products/new-balance-fuelcell-rebel-v5,product,product:new-balance-fuelcell-rebel-v5,body,keyword_stuffing,"Repeated phrase ""balance fuelcell rebel"" on /products/new-balance-fuelcell-rebel-v5 · 2 surfaces"
RQ-00795-X,HIGH,cross-surface,https://kitletics.com/products/new-balance-fuelcell-rebel-v5,product,product:new-balance-fuelcell-rebel-v5,body,template_repetition,Scaffold phrases (7) including is built for a specific job in the category — use that job as your first filter · 2 surfaces
RQ-00796,HIGH,content-sanity,https://kitletics.com/products/new-balance-fuelcell-rebel-v5/alternatives,alternatives,product:new-balance-fuelcell-rebel-v5,body,duplicate_paragraph,Duplicate paragraph on product:new-balance-fuelcell-rebel-v5
RQ-00797,HIGH,content-sanity,https://kitletics.com/products/new-balance-fuelcell-rebel-v5/alternatives,alternatives,product:new-balance-fuelcell-rebel-v5,body,internal_taxonomy,Catalog field names in rendered copy on /products/new-balance-fuelcell-rebel-v5/alternatives
RQ-00798-X,HIGH,cross-surface,https://kitletics.com/products/new-balance-fuelcell-supercomp-elite-v4,product,product:new-balance-fuelcell-supercomp-elite-v4,body,keyword_stuffing,"Repeated phrase ""balance fuelcell supercomp elite"" on /products/new-balance-fuelcell-supercomp-elite-v4 · 2 surfaces"
RQ-00799-X,HIGH,cross-surface,https://kitletics.com/products/new-balance-fuelcell-supercomp-elite-v4,product,product:new-balance-fuelcell-supercomp-elite-v4,body,template_repetition,Scaffold phrases (10) including is built for a specific job in the category — use that job as your first filter · 3 surfaces
RQ-00800,HIGH,content-sanity,https://kitletics.com/products/new-balance-fuelcell-supercomp-elite-v4/alternatives,alternatives,product:new-balance-fuelcell-supercomp-elite-v4,body,duplicate_paragraph,Duplicate paragraph on product:new-balance-fuelcell-supercomp-elite-v4
RQ-00802,HIGH,content-sanity,https://kitletics.com/products/new-balance-fuelcell-supercomp-elite-v4/alternatives,alternatives,product:new-balance-fuelcell-supercomp-elite-v4,body,internal_taxonomy,Catalog field names in rendered copy on /products/new-balance-fuelcell-supercomp-elite-v4/alternatives
RQ-00803-X,HIGH,cross-surface,https://kitletics.com/products/new-balance-fuelcell-supercomp-trainer-v3,product,product:new-balance-fuelcell-supercomp-trainer-v3,body,keyword_stuffing,"Repeated phrase ""balance fuelcell supercomp trainer"" on /products/new-balance-fuelcell-supercomp-trainer-v3 · 2 surfaces"
RQ-00804-X,HIGH,cross-surface,https://kitletics.com/products/new-balance-fuelcell-supercomp-trainer-v3,product,product:new-balance-fuelcell-supercomp-trainer-v3,body,template_repetition,Scaffold phrases (10) including is built for a specific job in the category — use that job as your first filter · 3 surfaces
RQ-00805,HIGH,content-sanity,https://kitletics.com/products/new-balance-fuelcell-supercomp-trainer-v3/alternatives,alternatives,product:new-balance-fuelcell-supercomp-trainer-v3,body,duplicate_paragraph,Duplicate paragraph on product:new-balance-fuelcell-supercomp-trainer-v3
RQ-00807,HIGH,content-sanity,https://kitletics.com/products/new-balance-fuelcell-supercomp-trainer-v3/alternatives,alternatives,product:new-balance-fuelcell-supercomp-trainer-v3,body,internal_taxonomy,Catalog field names in rendered copy on /products/new-balance-fuelcell-supercomp-trainer-v3/alternatives
RQ-00808-X,HIGH,cross-surface,https://kitletics.com/products/nike-aerobill-cap,product,product:nike-aerobill-cap,body,duplicate_paragraph,Duplicate paragraph on product:nike-aerobill-cap · 2 surfaces
RQ-00809-X,HIGH,cross-surface,https://kitletics.com/products/nike-aerobill-cap,product,product:nike-aerobill-cap,body,keyword_stuffing,"Repeated phrase ""nike aerobill"" on /products/nike-aerobill-cap · 2 surfaces"
RQ-00810-X,HIGH,cross-surface,https://kitletics.com/products/nike-aeroswift-singlet-men,product,product:nike-aeroswift-singlet-men,body,keyword_stuffing,"Repeated phrase ""race belt still needed"" on /products/nike-aeroswift-singlet-men · 2 surfaces"
RQ-00811-X,HIGH,cross-surface,https://kitletics.com/products/nike-aeroswift-singlet-men,product,product:nike-aeroswift-singlet-men,body,template_repetition,Scaffold phrases (6) including is built for a specific job in the category — use that job as your first filter · 2 surfaces
RQ-00812-X,HIGH,cross-surface,https://kitletics.com/products/nike-alphafly-3,product,product:nike-alphafly-3,body,keyword_stuffing,"Repeated phrase ""nike alphafly"" on /products/nike-alphafly-3 · 2 surfaces"
RQ-00813-X,HIGH,cross-surface,https://kitletics.com/products/nike-alphafly-3,product,product:nike-alphafly-3,body,template_repetition,Scaffold phrases (10) including is built for a specific job in the category — use that job as your first filter · 2 surfaces
RQ-00814,HIGH,content-sanity,https://kitletics.com/products/nike-alphafly-3/alternatives,alternatives,product:nike-alphafly-3,body,duplicate_paragraph,Duplicate paragraph on product:nike-alphafly-3
RQ-00815,HIGH,content-sanity,https://kitletics.com/products/nike-alphafly-3/alternatives,alternatives,product:nike-alphafly-3,body,internal_taxonomy,Catalog field names in rendered copy on /products/nike-alphafly-3/alternatives
RQ-00816-X,HIGH,cross-surface,https://kitletics.com/products/nike-dri-fit-miler-men,product,product:nike-dri-fit-miler-men,body,keyword_stuffing,"Repeated phrase ""daily tee with wide"" on /products/nike-dri-fit-miler-men · 2 surfaces"
RQ-00817-X,HIGH,cross-surface,https://kitletics.com/products/nike-dri-fit-miler-men,product,product:nike-dri-fit-miler-men,body,template_repetition,Scaffold phrases (6) including is built for a specific job in the category — use that job as your first filter · 2 surfaces
RQ-00818-X,HIGH,cross-surface,https://kitletics.com/products/nike-dri-fit-miler-women,product,product:nike-dri-fit-miler-women,body,duplicate_paragraph,Duplicate paragraph on product:nike-dri-fit-miler-women · 2 surfaces
RQ-00819-X,HIGH,cross-surface,https://kitletics.com/products/nike-dri-fit-miler-women,product,product:nike-dri-fit-miler-women,body,keyword_stuffing,"Repeated phrase ""specific miler patterning for"" on /products/nike-dri-fit-miler-women · 2 surfaces"
RQ-00820-X,HIGH,cross-surface,https://kitletics.com/products/nike-dri-fit-stride-short,product,product:nike-dri-fit-stride-short,body,keyword_stuffing,"Repeated phrase ""varies by length option"" on /products/nike-dri-fit-stride-short · 2 surfaces"
RQ-00821-X,HIGH,cross-surface,https://kitletics.com/products/nike-fast-tight-men,product,product:nike-fast-tight-men,body,duplicate_paragraph,Duplicate paragraph on product:nike-fast-tight-men · 2 surfaces
RQ-00822-X,HIGH,cross-surface,https://kitletics.com/products/nike-fast-tight-men,product,product:nike-fast-tight-men,body,keyword_stuffing,"Repeated phrase ""compression for faster sessions"" on /products/nike-fast-tight-men · 2 surfaces"
RQ-00823-X,HIGH,cross-surface,https://kitletics.com/products/nike-impossibly-light-men,product,product:nike-impossibly-light-men,body,duplicate_paragraph,Duplicate paragraph on product:nike-impossibly-light-men · 2 surfaces
RQ-00824-X,HIGH,cross-surface,https://kitletics.com/products/nike-impossibly-light-men,product,product:nike-impossibly-light-men,body,keyword_stuffing,"Repeated phrase ""windrunner light shell"" on /products/nike-impossibly-light-men · 2 surfaces"
RQ-00825-X,HIGH,cross-surface,https://kitletics.com/products/nike-invincible-3,product,product:nike-invincible-3,body,keyword_stuffing,"Repeated phrase ""nike invincible"" on /products/nike-invincible-3 · 2 surfaces"
RQ-00826-X,HIGH,cross-surface,https://kitletics.com/products/nike-invincible-3,product,product:nike-invincible-3,body,template_repetition,Scaffold phrases (7) including is built for a specific job in the category — use that job as your first filter · 2 surfaces
RQ-00827,HIGH,content-sanity,https://kitletics.com/products/nike-invincible-3/alternatives,alternatives,product:nike-invincible-3,body,duplicate_paragraph,Duplicate paragraph on product:nike-invincible-3
RQ-00828,HIGH,content-sanity,https://kitletics.com/products/nike-invincible-3/alternatives,alternatives,product:nike-invincible-3,body,internal_taxonomy,Catalog field names in rendered copy on /products/nike-invincible-3/alternatives
RQ-00829-X,HIGH,cross-surface,https://kitletics.com/products/nike-pegasus-41,product,product:nike-pegasus-41,body,keyword_stuffing,"Repeated phrase ""nike pegasus"" on /products/nike-pegasus-41 · 2 surfaces"
RQ-00830-X,HIGH,cross-surface,https://kitletics.com/products/nike-pegasus-41,product,product:nike-pegasus-41,body,template_repetition,Scaffold phrases (7) including is built for a specific job in the category — use that job as your first filter · 2 surfaces
RQ-00831,HIGH,content-sanity,https://kitletics.com/products/nike-pegasus-41/alternatives,alternatives,product:nike-pegasus-41,body,duplicate_paragraph,Duplicate paragraph on product:nike-pegasus-41
RQ-00832,HIGH,content-sanity,https://kitletics.com/products/nike-pegasus-41/alternatives,alternatives,product:nike-pegasus-41,body,internal_taxonomy,Catalog field names in rendered copy on /products/nike-pegasus-41/alternatives
RQ-00833-X,HIGH,cross-surface,https://kitletics.com/products/nike-pegasus-42,product,product:nike-pegasus-42,body,keyword_stuffing,"Repeated phrase ""nike pegasus"" on /products/nike-pegasus-42 · 3 surfaces"
RQ-00834-X,HIGH,cross-surface,https://kitletics.com/products/nike-pegasus-42,product,product:nike-pegasus-42,body,template_repetition,Scaffold phrases (10) including is built for a specific job in the category — use that job as your first filter · 2 surfaces
RQ-00835,HIGH,content-sanity,https://kitletics.com/products/nike-pegasus-42/alternatives,alternatives,product:nike-pegasus-42,body,duplicate_paragraph,Duplicate paragraph on product:nike-pegasus-42
RQ-00837,HIGH,content-sanity,https://kitletics.com/products/nike-pegasus-42/alternatives,alternatives,product:nike-pegasus-42,body,internal_taxonomy,Catalog field names in rendered copy on /products/nike-pegasus-42/alternatives
RQ-00838-X,HIGH,cross-surface,https://kitletics.com/products/nike-pegasus-trail-5,product,product:nike-pegasus-trail-5,body,keyword_stuffing,"Repeated phrase ""nike pegasus trail"" on /products/nike-pegasus-trail-5 · 2 surfaces"
RQ-00839-X,HIGH,cross-surface,https://kitletics.com/products/nike-pegasus-trail-5,product,product:nike-pegasus-trail-5,body,template_repetition,Scaffold phrases (10) including is built for a specific job in the category — use that job as your first filter · 2 surfaces
RQ-00840-X,HIGH,cross-surface,https://kitletics.com/products/nike-react-infinity-run-4,product,product:nike-react-infinity-run-4,body,keyword_stuffing,"Repeated phrase ""nike react infinity run"" on /products/nike-react-infinity-run-4 · 3 surfaces"
RQ-00841-X,HIGH,cross-surface,https://kitletics.com/products/nike-react-infinity-run-4,product,product:nike-react-infinity-run-4,body,template_repetition,Scaffold phrases (9) including is built for a specific job in the category — use that job as your first filter · 3 surfaces
RQ-00842,HIGH,content-sanity,https://kitletics.com/products/nike-react-infinity-run-4/alternatives,alternatives,product:nike-react-infinity-run-4,body,duplicate_paragraph,Duplicate paragraph on product:nike-react-infinity-run-4
RQ-00845,HIGH,content-sanity,https://kitletics.com/products/nike-react-infinity-run-4/alternatives,alternatives,product:nike-react-infinity-run-4,body,internal_taxonomy,Catalog field names in rendered copy on /products/nike-react-infinity-run-4/alternatives
RQ-00846-X,HIGH,cross-surface,https://kitletics.com/products/nike-structure-26,product,product:nike-structure-26,body,keyword_stuffing,"Repeated phrase ""nike structure"" on /products/nike-structure-26 · 2 surfaces"
RQ-00847-X,HIGH,cross-surface,https://kitletics.com/products/nike-structure-26,product,product:nike-structure-26,body,template_repetition,Scaffold phrases (6) including is built for a specific job in the category — use that job as your first filter · 3 surfaces
RQ-00848,HIGH,content-sanity,https://kitletics.com/products/nike-structure-26/alternatives,alternatives,product:nike-structure-26,body,duplicate_paragraph,Duplicate paragraph on product:nike-structure-26
RQ-00850,HIGH,content-sanity,https://kitletics.com/products/nike-structure-26/alternatives,alternatives,product:nike-structure-26,body,internal_taxonomy,Catalog field names in rendered copy on /products/nike-structure-26/alternatives
RQ-00851-X,HIGH,cross-surface,https://kitletics.com/products/nike-structure-plus,product,product:nike-structure-plus,body,keyword_stuffing,"Repeated phrase ""nike structure plus"" on /products/nike-structure-plus · 2 surfaces"
RQ-00852-X,HIGH,cross-surface,https://kitletics.com/products/nike-structure-plus,product,product:nike-structure-plus,body,template_repetition,Scaffold phrases (6) including is built for a specific job in the category — use that job as your first filter · 3 surfaces
RQ-00853,HIGH,content-sanity,https://kitletics.com/products/nike-structure-plus/alternatives,alternatives,product:nike-structure-plus,body,duplicate_paragraph,Duplicate paragraph on product:nike-structure-plus
RQ-00855,HIGH,content-sanity,https://kitletics.com/products/nike-structure-plus/alternatives,alternatives,product:nike-structure-plus,body,internal_taxonomy,Catalog field names in rendered copy on /products/nike-structure-plus/alternatives
RQ-00856-X,HIGH,cross-surface,https://kitletics.com/products/nike-swoosh-medium-support,product,product:nike-swoosh-medium-support,body,duplicate_paragraph,Duplicate paragraph on product:nike-swoosh-medium-support · 2 surfaces
RQ-00857-X,HIGH,cross-surface,https://kitletics.com/products/nike-swoosh-medium-support,product,product:nike-swoosh-medium-support,body,keyword_stuffing,"Repeated phrase ""nike swoosh medium support"" on /products/nike-swoosh-medium-support · 2 surfaces"
RQ-00858-X,HIGH,cross-surface,https://kitletics.com/products/nike-therma-fit-glove,product,product:nike-therma-fit-glove,body,duplicate_paragraph,Duplicate paragraph on product:nike-therma-fit-glove · 2 surfaces
RQ-00859-X,HIGH,cross-surface,https://kitletics.com/products/nike-therma-fit-glove,product,product:nike-therma-fit-glove,body,keyword_stuffing,"Repeated phrase ""glove with reflective accents"" on /products/nike-therma-fit-glove · 2 surfaces"
RQ-00860-X,HIGH,cross-surface,https://kitletics.com/products/nike-vaporfly-4,product,product:nike-vaporfly-4,body,keyword_stuffing,"Repeated phrase ""nike vaporfly"" on /products/nike-vaporfly-4 · 2 surfaces"
RQ-00861-X,HIGH,cross-surface,https://kitletics.com/products/nike-vaporfly-4,product,product:nike-vaporfly-4,body,template_repetition,Scaffold phrases (10) including is built for a specific job in the category — use that job as your first filter · 2 surfaces
RQ-00862,HIGH,content-sanity,https://kitletics.com/products/nike-vaporfly-4/alternatives,alternatives,product:nike-vaporfly-4,body,internal_taxonomy,Catalog field names in rendered copy on /products/nike-vaporfly-4/alternatives
RQ-00863-X,HIGH,cross-surface,https://kitletics.com/products/nike-vomero-18,product,product:nike-vomero-18,body,keyword_stuffing,"Repeated phrase ""feel soft underfoot for"" on /products/nike-vomero-18 · 2 surfaces"
RQ-00864-X,HIGH,cross-surface,https://kitletics.com/products/nike-vomero-18,product,product:nike-vomero-18,body,template_repetition,Scaffold phrases (10) including is built for a specific job in the category — use that job as your first filter · 2 surfaces
RQ-00865,HIGH,content-sanity,https://kitletics.com/products/nike-vomero-18/alternatives,alternatives,product:nike-vomero-18,body,internal_taxonomy,Catalog field names in rendered copy on /products/nike-vomero-18/alternatives
RQ-00866-X,HIGH,cross-surface,https://kitletics.com/products/nitecore-nu43,product,product:nitecore-nu43,body,duplicate_paragraph,Duplicate paragraph on product:nitecore-nu43 · 2 surfaces
RQ-00867-X,HIGH,cross-surface,https://kitletics.com/products/nitecore-nu43,product,product:nitecore-nu43,body,keyword_stuffing,"Repeated phrase ""punches above most mid"" on /products/nitecore-nu43 · 2 surfaces"
RQ-00868-X,HIGH,cross-surface,https://kitletics.com/products/nnormal-race-vest,product,product:nnormal-race-vest,body,keyword_stuffing,"Repeated phrase ""minimal profile for fast"" on /products/nnormal-race-vest · 2 surfaces"
RQ-00869-X,HIGH,cross-surface,https://kitletics.com/products/nnormal-race-vest,product,product:nnormal-race-vest,body,template_repetition,Scaffold phrases (7) including is built for a specific job in the category — use that job as your first filter · 2 surfaces
RQ-00870,HIGH,content-sanity,https://kitletics.com/products/nnormal-tomir-02/alternatives,alternatives,product:nnormal-tomir-02,body,duplicate_paragraph,Duplicate paragraph on product:nnormal-tomir-02
RQ-00871,HIGH,content-sanity,https://kitletics.com/products/nnormal-tomir-02/alternatives,alternatives,product:nnormal-tomir-02,body,internal_taxonomy,Catalog field names in rendered copy on /products/nnormal-tomir-02/alternatives
RQ-00872-X,HIGH,cross-surface,https://kitletics.com/products/nuun-sport,product,product:nuun-sport,body,duplicate_paragraph,Duplicate paragraph on product:nuun-sport · 2 surfaces
RQ-00873-X,HIGH,cross-surface,https://kitletics.com/products/nuun-sport,product,product:nuun-sport,body,keyword_stuffing,"Repeated phrase ""portable tubes for travel"" on /products/nuun-sport · 2 surfaces"
RQ-00874-X,HIGH,cross-surface,https://kitletics.com/products/oakley-encoder,product,product:oakley-encoder,body,duplicate_paragraph,Duplicate paragraph on product:oakley-encoder · 2 surfaces
RQ-00875-X,HIGH,cross-surface,https://kitletics.com/products/oakley-encoder,product,product:oakley-encoder,body,keyword_stuffing,"Repeated phrase ""julbo aerolite is the"" on /products/oakley-encoder · 2 surfaces"
RQ-00876-X,HIGH,cross-surface,https://kitletics.com/products/oakley-kato,product,product:oakley-kato,body,duplicate_paragraph,Duplicate paragraph on product:oakley-kato · 2 surfaces
RQ-00877-X,HIGH,cross-surface,https://kitletics.com/products/oakley-kato,product,product:oakley-kato,body,keyword_stuffing,"Repeated phrase ""flexible than photochromic julbo"" on /products/oakley-kato · 2 surfaces"
RQ-00878-X,HIGH,cross-surface,https://kitletics.com/products/oakley-radar-ev-path,product,product:oakley-radar-ev-path,body,duplicate_paragraph,Duplicate paragraph on product:oakley-radar-ev-path · 2 surfaces
RQ-00879-X,HIGH,cross-surface,https://kitletics.com/products/oakley-radar-ev-path,product,product:oakley-radar-ev-path,body,keyword_stuffing,"Repeated phrase ""photochromic options"" on /products/oakley-radar-ev-path · 2 surfaces"
RQ-00880-X,HIGH,cross-surface,https://kitletics.com/products/oakley-sutro-lite,product,product:oakley-sutro-lite,body,duplicate_paragraph,Duplicate paragraph on product:oakley-sutro-lite · 2 surfaces
RQ-00881-X,HIGH,cross-surface,https://kitletics.com/products/oakley-sutro-lite,product,product:oakley-sutro-lite,body,keyword_stuffing,"Repeated phrase ""plus strong road glare"" on /products/oakley-sutro-lite · 2 surfaces"
RQ-00882-X,HIGH,cross-surface,https://kitletics.com/products/odlo-active-warm-eco-bottom-men,product,product:odlo-active-warm-eco-bottom-men,body,duplicate_paragraph,Duplicate paragraph on product:odlo-active-warm-eco-bottom-men · 2 surfaces
RQ-00883-X,HIGH,cross-surface,https://kitletics.com/products/odlo-active-warm-eco-bottom-men,product,product:odlo-active-warm-eco-bottom-men,body,keyword_stuffing,"Repeated phrase ""odlo active warm eco"" on /products/odlo-active-warm-eco-bottom-men · 2 surfaces"
RQ-00884-X,HIGH,cross-surface,https://kitletics.com/products/odlo-active-warm-eco-men,product,product:odlo-active-warm-eco-men,body,duplicate_paragraph,Duplicate paragraph on product:odlo-active-warm-eco-men · 2 surfaces
RQ-00885-X,HIGH,cross-surface,https://kitletics.com/products/odlo-active-warm-eco-men,product,product:odlo-active-warm-eco-men,body,keyword_stuffing,"Repeated phrase ""odlo active warm eco"" on /products/odlo-active-warm-eco-men · 2 surfaces"
RQ-00886-X,HIGH,cross-surface,https://kitletics.com/products/on-cloudmonster-2,product,product:on-cloudmonster-2,body,template_repetition,Scaffold phrases (7) including is built for a specific job in the category — use that job as your first filter · 2 surfaces
RQ-00887,HIGH,content-sanity,https://kitletics.com/products/on-cloudmonster-2/alternatives,alternatives,product:on-cloudmonster-2,body,internal_taxonomy,Catalog field names in rendered copy on /products/on-cloudmonster-2/alternatives
RQ-00888-X,HIGH,cross-surface,https://kitletics.com/products/on-cloudmonster-hyper,product,product:on-cloudmonster-hyper,body,keyword_stuffing,"Repeated phrase ""cloudmonster hyper"" on /products/on-cloudmonster-hyper · 2 surfaces"
RQ-00889-X,HIGH,cross-surface,https://kitletics.com/products/on-cloudmonster-hyper,product,product:on-cloudmonster-hyper,body,template_repetition,Scaffold phrases (10) including is built for a specific job in the category — use that job as your first filter · 2 surfaces
RQ-00890,HIGH,content-sanity,https://kitletics.com/products/on-cloudmonster-hyper/alternatives,alternatives,product:on-cloudmonster-hyper,body,duplicate_paragraph,Duplicate paragraph on product:on-cloudmonster-hyper
RQ-00891,HIGH,content-sanity,https://kitletics.com/products/on-cloudmonster-hyper/alternatives,alternatives,product:on-cloudmonster-hyper,body,internal_taxonomy,Catalog field names in rendered copy on /products/on-cloudmonster-hyper/alternatives
RQ-00892-X,HIGH,cross-surface,https://kitletics.com/products/on-cloudsurfer-2,product,product:on-cloudsurfer-2,body,template_repetition,Scaffold phrases (10) including is built for a specific job in the category — use that job as your first filter · 2 surfaces
RQ-00893,HIGH,content-sanity,https://kitletics.com/products/on-cloudsurfer-2/alternatives,alternatives,product:on-cloudsurfer-2,body,internal_taxonomy,Catalog field names in rendered copy on /products/on-cloudsurfer-2/alternatives
RQ-00894-X,HIGH,cross-surface,https://kitletics.com/products/on-cloudsurfer-next,product,product:on-cloudsurfer-next,body,keyword_stuffing,"Repeated phrase ""cloudsurfer next"" on /products/on-cloudsurfer-next · 2 surfaces"
RQ-00895-X,HIGH,cross-surface,https://kitletics.com/products/on-cloudsurfer-next,product,product:on-cloudsurfer-next,body,template_repetition,Scaffold phrases (7) including is built for a specific job in the category — use that job as your first filter · 2 surfaces
RQ-00896,HIGH,content-sanity,https://kitletics.com/products/on-cloudsurfer-next/alternatives,alternatives,product:on-cloudsurfer-next,body,internal_taxonomy,Catalog field names in rendered copy on /products/on-cloudsurfer-next/alternatives
RQ-00897-X,HIGH,cross-surface,https://kitletics.com/products/on-performance-short-men,product,product:on-performance-short-men,body,duplicate_paragraph,Duplicate paragraph on product:on-performance-short-men · 2 surfaces
RQ-00898-X,HIGH,cross-surface,https://kitletics.com/products/on-performance-short-men,product,product:on-performance-short-men,body,keyword_stuffing,"Repeated phrase ""performance shorts"" on /products/on-performance-short-men · 2 surfaces"
RQ-00899-X,HIGH,cross-surface,https://kitletics.com/products/on-performance-tight-women,product,product:on-performance-tight-women,body,duplicate_paragraph,Duplicate paragraph on product:on-performance-tight-women · 2 surfaces
RQ-00900-X,HIGH,cross-surface,https://kitletics.com/products/on-performance-tight-women,product,product:on-performance-tight-women,body,keyword_stuffing,"Repeated phrase ""performance tights"" on /products/on-performance-tight-women · 2 surfaces"
RQ-00901-X,HIGH,cross-surface,https://kitletics.com/products/on-ultra-vest-pro,product,product:on-ultra-vest-pro,body,keyword_stuffing,"Repeated phrase ""ultra capacity for cold"" on /products/on-ultra-vest-pro · 2 surfaces"
RQ-00902-X,HIGH,cross-surface,https://kitletics.com/products/on-ultra-vest-pro,product,product:on-ultra-vest-pro,body,template_repetition,Scaffold phrases (7) including is built for a specific job in the category — use that job as your first filter · 2 surfaces
RQ-00903-X,HIGH,cross-surface,https://kitletics.com/products/on-weather-jacket-men,product,product:on-weather-jacket-men,body,duplicate_paragraph,Duplicate paragraph on product:on-weather-jacket-men · 2 surfaces
RQ-00904-X,HIGH,cross-surface,https://kitletics.com/products/on-weather-jacket-men,product,product:on-weather-jacket-men,body,keyword_stuffing,"Repeated phrase ""weather jacket"" on /products/on-weather-jacket-men · 2 surfaces"
RQ-00905-X,HIGH,cross-surface,https://kitletics.com/products/oofos-oolala,product,product:oofos-oolala,body,duplicate_paragraph,Duplicate paragraph on product:oofos-oolala · 2 surfaces
RQ-00906-X,HIGH,cross-surface,https://kitletics.com/products/oofos-oolala,product,product:oofos-oolala,body,keyword_stuffing,"Repeated phrase ""running or technical trails"" on /products/oofos-oolala · 2 surfaces"
RQ-00907-X,HIGH,cross-surface,https://kitletics.com/products/oofos-ooriginal,product,product:oofos-ooriginal,body,template_repetition,Scaffold phrases (7) including is built for a specific job in the category — use that job as your first filter · 2 surfaces
RQ-00908-X,HIGH,cross-surface,https://kitletics.com/products/osprey-duro-15,product,product:osprey-duro-15,body,template_repetition,Scaffold phrases (5) including is built for a specific job in the category — use that job as your first filter · 2 surfaces
RQ-00909-X,HIGH,cross-surface,https://kitletics.com/products/osprey-duro-6,product,product:osprey-duro-6,body,keyword_stuffing,"Repeated phrase ""dyna is the women"" on /products/osprey-duro-6 · 2 surfaces"
RQ-00910-X,HIGH,cross-surface,https://kitletics.com/products/osprey-duro-6,product,product:osprey-duro-6,body,template_repetition,Scaffold phrases (7) including is built for a specific job in the category — use that job as your first filter · 2 surfaces
RQ-00911-X,HIGH,cross-surface,https://kitletics.com/products/osprey-duro-lt,product,product:osprey-duro-lt,body,template_repetition,Scaffold phrases (7) including is built for a specific job in the category — use that job as your first filter · 2 surfaces
RQ-00912-X,HIGH,cross-surface,https://kitletics.com/products/osprey-dyna-6,product,product:osprey-dyna-6,body,template_repetition,Scaffold phrases (7) including is built for a specific job in the category — use that job as your first filter · 2 surfaces
RQ-00913-X,HIGH,cross-surface,https://kitletics.com/products/osprey-dyna-lt,product,product:osprey-dyna-lt,body,template_repetition,Scaffold phrases (5) including is built for a specific job in the category — use that job as your first filter · 2 surfaces
RQ-00914-X,HIGH,cross-surface,https://kitletics.com/products/osprey-talon-velocity-20,product,product:osprey-talon-velocity-20,body,template_repetition,Scaffold phrases (5) including is built for a specific job in the category — use that job as your first filter · 2 surfaces
RQ-00915-X,HIGH,cross-surface,https://kitletics.com/products/osprey-talon-velocity-30,product,product:osprey-talon-velocity-30,body,template_repetition,Scaffold phrases (5) including is built for a specific job in the category — use that job as your first filter · 2 surfaces
RQ-00916-X,HIGH,cross-surface,https://kitletics.com/products/osprey-tempest-velocity-20,product,product:osprey-tempest-velocity-20,body,template_repetition,Scaffold phrases (5) including is built for a specific job in the category — use that job as your first filter · 2 surfaces
RQ-00917-X,HIGH,cross-surface,https://kitletics.com/products/patagonia-capilene-cool-daily-men,product,product:patagonia-capilene-cool-daily-men,body,duplicate_paragraph,Duplicate paragraph on product:patagonia-capilene-cool-daily-men · 2 surfaces
RQ-00918-X,HIGH,cross-surface,https://kitletics.com/products/patagonia-capilene-cool-daily-men,product,product:patagonia-capilene-cool-daily-men,body,keyword_stuffing,"Repeated phrase ""patagonia capilene cool daily"" on /products/patagonia-capilene-cool-daily-men · 2 surfaces"
RQ-00919-X,HIGH,cross-surface,https://kitletics.com/products/patagonia-capilene-midweight-zip-men,product,product:patagonia-capilene-midweight-zip-men,body,duplicate_paragraph,Duplicate paragraph on product:patagonia-capilene-midweight-zip-men · 2 surfaces
RQ-00920-X,HIGH,cross-surface,https://kitletics.com/products/patagonia-capilene-midweight-zip-men,product,product:patagonia-capilene-midweight-zip-men,body,keyword_stuffing,"Repeated phrase ""patagonia capilene midweight zip"" on /products/patagonia-capilene-midweight-zip-men · 2 surfaces"
RQ-00921-X,HIGH,cross-surface,https://kitletics.com/products/patagonia-capilene-thermal-crew-men,product,product:patagonia-capilene-thermal-crew-men,body,duplicate_paragraph,Duplicate paragraph on product:patagonia-capilene-thermal-crew-men · 2 surfaces
RQ-00922-X,HIGH,cross-surface,https://kitletics.com/products/patagonia-endless-run-tight-women,product,product:patagonia-endless-run-tight-women,body,duplicate_paragraph,Duplicate paragraph on product:patagonia-endless-run-tight-women · 2 surfaces
RQ-00923-X,HIGH,cross-surface,https://kitletics.com/products/patagonia-endless-run-tight-women,product,product:patagonia-endless-run-tight-women,body,keyword_stuffing,"Repeated phrase ""patagonia endless run tights"" on /products/patagonia-endless-run-tight-women · 2 surfaces"
RQ-00924-X,HIGH,cross-surface,https://kitletics.com/products/patagonia-houdini-men,product,product:patagonia-houdini-men,body,duplicate_paragraph,Duplicate paragraph on product:patagonia-houdini-men · 2 surfaces
RQ-00925-X,HIGH,cross-surface,https://kitletics.com/products/patagonia-houdini-men,product,product:patagonia-houdini-men,body,keyword_stuffing,"Repeated phrase ""patagonia houdini jacket"" on /products/patagonia-houdini-men · 2 surfaces"
RQ-00926-X,HIGH,cross-surface,https://kitletics.com/products/patagonia-nano-puff-vest-men,product,product:patagonia-nano-puff-vest-men,body,duplicate_paragraph,Duplicate paragraph on product:patagonia-nano-puff-vest-men · 2 surfaces
RQ-00927-X,HIGH,cross-surface,https://kitletics.com/products/patagonia-nano-puff-vest-men,product,product:patagonia-nano-puff-vest-men,body,keyword_stuffing,"Repeated phrase ""patagonia nano"" on /products/patagonia-nano-puff-vest-men · 2 surfaces"
RQ-00928-X,HIGH,cross-surface,https://kitletics.com/products/patagonia-strider-pro-men,product,product:patagonia-strider-pro-men,body,duplicate_paragraph,Duplicate paragraph on product:patagonia-strider-pro-men · 2 surfaces
RQ-00929-X,HIGH,cross-surface,https://kitletics.com/products/patagonia-strider-pro-men,product,product:patagonia-strider-pro-men,body,keyword_stuffing,"Repeated phrase ""patagonia strider pro shorts"" on /products/patagonia-strider-pro-men · 2 surfaces"
RQ-00930-X,HIGH,cross-surface,https://kitletics.com/products/patagonia-trailfarer-short-women,product,product:patagonia-trailfarer-short-women,body,duplicate_paragraph,Duplicate paragraph on product:patagonia-trailfarer-short-women · 2 surfaces
RQ-00931-X,HIGH,cross-surface,https://kitletics.com/products/patagonia-trailfarer-short-women,product,product:patagonia-trailfarer-short-women,body,keyword_stuffing,"Repeated phrase ""patagonia trailfarer shorts"" on /products/patagonia-trailfarer-short-women · 2 surfaces"
RQ-00932-X,HIGH,cross-surface,https://kitletics.com/products/petzl-actik-core,product,product:petzl-actik-core,body,duplicate_paragraph,Duplicate paragraph on product:petzl-actik-core · 2 surfaces
RQ-00933-X,HIGH,cross-surface,https://kitletics.com/products/petzl-actik-core,product,product:petzl-actik-core,body,keyword_stuffing,"Repeated phrase ""means you can finish"" on /products/petzl-actik-core · 2 surfaces"
RQ-00934-X,HIGH,cross-surface,https://kitletics.com/products/petzl-nao-rl,product,product:petzl-nao-rl,body,duplicate_paragraph,Duplicate paragraph on product:petzl-nao-rl · 2 surfaces
RQ-00935-X,HIGH,cross-surface,https://kitletics.com/products/petzl-nao-rl,product,product:petzl-nao-rl,body,keyword_stuffing,"Repeated phrase ""throw for technical night"" on /products/petzl-nao-rl · 2 surfaces"
RQ-00936-X,HIGH,cross-surface,https://kitletics.com/products/petzl-swift-rl,product,product:petzl-swift-rl,body,template_repetition,Scaffold phrases (10) including is built for a specific job in the category — use that job as your first filter · 2 surfaces
RQ-00937-X,HIGH,cross-surface,https://kitletics.com/products/polar-grit-x2,product,product:polar-grit-x2,body,keyword_stuffing,"Repeated phrase ""polar training"" on /products/polar-grit-x2 · 3 surfaces"
RQ-00938-X,HIGH,cross-surface,https://kitletics.com/products/polar-grit-x2,product,product:polar-grit-x2,body,template_repetition,Scaffold phrases (6) including is built for a specific job in the category — use that job as your first filter · 2 surfaces
RQ-00940-X,HIGH,cross-surface,https://kitletics.com/products/polar-h9,product,product:polar-h9,body,template_repetition,Scaffold phrases (7) including is built for a specific job in the category — use that job as your first filter · 2 surfaces
RQ-00941-X,HIGH,cross-surface,https://kitletics.com/products/polar-pacer,product,product:polar-pacer,body,duplicate_paragraph,Duplicate paragraph on product:polar-pacer · 2 surfaces
RQ-00942-X,HIGH,cross-surface,https://kitletics.com/products/polar-pacer,product,product:polar-pacer,body,keyword_stuffing,"Repeated phrase ""flow coaching at an"" on /products/polar-pacer · 2 surfaces"
RQ-00943-X,HIGH,cross-surface,https://kitletics.com/products/polar-pacer,product,product:polar-pacer,body,template_repetition,Scaffold phrases (6) including is built for a specific job in the category — use that job as your first filter · 2 surfaces
RQ-00944-X,HIGH,cross-surface,https://kitletics.com/products/polar-pacer-pro,product,product:polar-pacer-pro,body,template_repetition,Scaffold phrases (7) including is built for a specific job in the category — use that job as your first filter · 2 surfaces
RQ-00945-X,HIGH,cross-surface,https://kitletics.com/products/polar-vantage-v3,product,product:polar-vantage-v3,body,keyword_stuffing,"Repeated phrase ""polar vantage"" on /products/polar-vantage-v3 · 2 surfaces"
RQ-00946-X,HIGH,cross-surface,https://kitletics.com/products/polar-vantage-v3,product,product:polar-vantage-v3,body,template_repetition,Scaffold phrases (7) including is built for a specific job in the category — use that job as your first filter · 2 surfaces
RQ-00947-X,HIGH,cross-surface,https://kitletics.com/products/polar-verity-sense,product,product:polar-verity-sense,body,keyword_stuffing,"Repeated phrase ""intervals vs good chest"" on /products/polar-verity-sense · 3 surfaces"
RQ-00948-X,HIGH,cross-surface,https://kitletics.com/products/polar-verity-sense,product,product:polar-verity-sense,body,template_repetition,Scaffold phrases (7) including is built for a specific job in the category — use that job as your first filter · 3 surfaces
RQ-00951-X,HIGH,cross-surface,https://kitletics.com/products/powerbar-energize,product,product:powerbar-energize,body,duplicate_paragraph,Duplicate paragraph on product:powerbar-energize · 2 surfaces
RQ-00952-X,HIGH,cross-surface,https://kitletics.com/products/powerbar-energize,product,product:powerbar-energize,body,keyword_stuffing,"Repeated phrase ""fuel bar format across"" on /products/powerbar-energize · 2 surfaces"
RQ-00953-X,HIGH,cross-surface,https://kitletics.com/products/precision-pf30-drink-mix,product,product:precision-pf30-drink-mix,body,duplicate_paragraph,Duplicate paragraph on product:precision-pf30-drink-mix · 2 surfaces
RQ-00954-X,HIGH,cross-surface,https://kitletics.com/products/precision-pf30-drink-mix,product,product:precision-pf30-drink-mix,body,keyword_stuffing,"Repeated phrase ""hydration pf"" on /products/precision-pf30-drink-mix · 2 surfaces"
RQ-00955-X,HIGH,cross-surface,https://kitletics.com/products/precision-pf30-gel,product,product:precision-pf30-gel,body,duplicate_paragraph,Duplicate paragraph on product:precision-pf30-gel · 2 surfaces
RQ-00956-X,HIGH,cross-surface,https://kitletics.com/products/precision-pf30-gel,product,product:precision-pf30-gel,body,keyword_stuffing,"Repeated phrase ""hydration pf"" on /products/precision-pf30-gel · 2 surfaces"
RQ-00957-X,HIGH,cross-surface,https://kitletics.com/products/precision-ph1500,product,product:precision-ph1500,body,duplicate_paragraph,Duplicate paragraph on product:precision-ph1500 · 2 surfaces
RQ-00958-X,HIGH,cross-surface,https://kitletics.com/products/precision-ph1500,product,product:precision-ph1500,body,keyword_stuffing,"Repeated phrase ""hydration ph"" on /products/precision-ph1500 · 2 surfaces"
RQ-00959-X,HIGH,cross-surface,https://kitletics.com/products/proviz-reflect360-running-vest,product,product:proviz-reflect360-running-vest,body,duplicate_paragraph,Duplicate paragraph on product:proviz-reflect360-running-vest · 2 surfaces
RQ-00960-X,HIGH,cross-surface,https://kitletics.com/products/proviz-reflect360-running-vest,product,product:proviz-reflect360-running-vest,body,keyword_stuffing,"Repeated phrase ""material under vehicle lights"" on /products/proviz-reflect360-running-vest · 2 surfaces"
RQ-00961-X,HIGH,cross-surface,https://kitletics.com/products/puma-deviate-nitro-3,product,product:puma-deviate-nitro-3,body,keyword_stuffing,"Repeated phrase ""puma deviate nitro"" on /products/puma-deviate-nitro-3 · 2 surfaces"
RQ-00962-X,HIGH,cross-surface,https://kitletics.com/products/puma-deviate-nitro-3,product,product:puma-deviate-nitro-3,body,template_repetition,Scaffold phrases (7) including is built for a specific job in the category — use that job as your first filter · 2 surfaces
RQ-00963,HIGH,content-sanity,https://kitletics.com/products/puma-deviate-nitro-3/alternatives,alternatives,product:puma-deviate-nitro-3,body,internal_taxonomy,Catalog field names in rendered copy on /products/puma-deviate-nitro-3/alternatives
RQ-00964-X,HIGH,cross-surface,https://kitletics.com/products/puma-magnify-nitro-2,product,product:puma-magnify-nitro-2,body,keyword_stuffing,"Repeated phrase ""puma magnify nitro"" on /products/puma-magnify-nitro-2 · 3 surfaces"
RQ-00965-X,HIGH,cross-surface,https://kitletics.com/products/puma-magnify-nitro-2,product,product:puma-magnify-nitro-2,body,template_repetition,Scaffold phrases (7) including is built for a specific job in the category — use that job as your first filter · 2 surfaces
RQ-00967,HIGH,content-sanity,https://kitletics.com/products/puma-magnify-nitro-2/alternatives,alternatives,product:puma-magnify-nitro-2,body,internal_taxonomy,Catalog field names in rendered copy on /products/puma-magnify-nitro-2/alternatives
RQ-00968-X,HIGH,cross-surface,https://kitletics.com/products/rabbit-fuel-n-fly-men,product,product:rabbit-fuel-n-fly-men,body,duplicate_paragraph,Duplicate paragraph on product:rabbit-fuel-n-fly-men · 2 surfaces
RQ-00969-X,HIGH,cross-surface,https://kitletics.com/products/rabbit-fuel-n-fly-men,product,product:rabbit-fuel-n-fly-men,body,keyword_stuffing,"Repeated phrase ""focused pocket layout for"" on /products/rabbit-fuel-n-fly-men · 2 surfaces"
RQ-00970-X,HIGH,cross-surface,https://kitletics.com/products/roka-phantom-air,product,product:roka-phantom-air,body,duplicate_paragraph,Duplicate paragraph on product:roka-phantom-air · 2 surfaces
RQ-00971-X,HIGH,cross-surface,https://kitletics.com/products/roka-phantom-air,product,product:roka-phantom-air,body,keyword_stuffing,"Repeated phrase ""style contact points stay"" on /products/roka-phantom-air · 2 surfaces"
RQ-00972-X,HIGH,cross-surface,https://kitletics.com/products/rudy-project-cutline,product,product:rudy-project-cutline,body,duplicate_paragraph,Duplicate paragraph on product:rudy-project-cutline · 2 surfaces
RQ-00973-X,HIGH,cross-surface,https://kitletics.com/products/rudy-project-cutline,product,product:rudy-project-cutline,body,keyword_stuffing,"Repeated phrase ""style lens interchange with"" on /products/rudy-project-cutline · 2 surfaces"
RQ-00974-X,HIGH,cross-surface,https://kitletics.com/products/salomon-adv-skin-12,product,product:salomon-adv-skin-12,body,keyword_stuffing,"Repeated phrase ""salomon adv skin"" on /products/salomon-adv-skin-12 · 2 surfaces"
RQ-00975-X,HIGH,cross-surface,https://kitletics.com/products/salomon-adv-skin-12,product,product:salomon-adv-skin-12,body,template_repetition,Scaffold phrases (7) including is built for a specific job in the category — use that job as your first filter · 2 surfaces
RQ-00976-X,HIGH,cross-surface,https://kitletics.com/products/salomon-adv-skin-5,product,product:salomon-adv-skin-5,body,duplicate_paragraph,Duplicate paragraph on product:salomon-adv-skin-5 · 2 surfaces
RQ-00977-X,HIGH,cross-surface,https://kitletics.com/products/salomon-adv-skin-5,product,product:salomon-adv-skin-5,body,template_repetition,Scaffold phrases (7) including is built for a specific job in the category — use that job as your first filter · 2 surfaces
RQ-00978-X,HIGH,cross-surface,https://kitletics.com/products/salomon-aero-glide-2,product,product:salomon-aero-glide-2,body,keyword_stuffing,"Repeated phrase ""salomon aero glide"" on /products/salomon-aero-glide-2 · 2 surfaces"
RQ-00979-X,HIGH,cross-surface,https://kitletics.com/products/salomon-aero-glide-2,product,product:salomon-aero-glide-2,body,template_repetition,Scaffold phrases (7) including is built for a specific job in the category — use that job as your first filter · 2 surfaces
RQ-00980,HIGH,content-sanity,https://kitletics.com/products/salomon-aero-glide-2/alternatives,alternatives,product:salomon-aero-glide-2,body,duplicate_paragraph,Duplicate paragraph on product:salomon-aero-glide-2
RQ-00981,HIGH,content-sanity,https://kitletics.com/products/salomon-aero-glide-2/alternatives,alternatives,product:salomon-aero-glide-2,body,internal_taxonomy,Catalog field names in rendered copy on /products/salomon-aero-glide-2/alternatives
RQ-00982-X,HIGH,cross-surface,https://kitletics.com/products/salomon-bonatti-wp-men,product,product:salomon-bonatti-wp-men,body,duplicate_paragraph,Duplicate paragraph on product:salomon-bonatti-wp-men · 2 surfaces
RQ-00983-X,HIGH,cross-surface,https://kitletics.com/products/salomon-bonatti-wp-men,product,product:salomon-bonatti-wp-men,body,keyword_stuffing,"Repeated phrase ""proven salomon cut with"" on /products/salomon-bonatti-wp-men · 2 surfaces"
RQ-00984-X,HIGH,cross-surface,https://kitletics.com/products/salomon-bonatti-wp-women,product,product:salomon-bonatti-wp-women,body,duplicate_paragraph,Duplicate paragraph on product:salomon-bonatti-wp-women · 2 surfaces
RQ-00985-X,HIGH,cross-surface,https://kitletics.com/products/salomon-bonatti-wp-women,product,product:salomon-bonatti-wp-women,body,keyword_stuffing,"Repeated phrase ""salomon bonatti waterproof jacket"" on /products/salomon-bonatti-wp-women · 2 surfaces"
RQ-00986-X,HIGH,cross-surface,https://kitletics.com/products/salomon-custom-quiver,product,product:salomon-custom-quiver,body,template_repetition,Scaffold phrases (5) including is built for a specific job in the category — use that job as your first filter · 2 surfaces
RQ-00987-X,HIGH,cross-surface,https://kitletics.com/products/salomon-genesis,product,product:salomon-genesis,body,keyword_stuffing,"Repeated phrase ""salomon genesis"" on /products/salomon-genesis · 2 surfaces"
RQ-00988-X,HIGH,cross-surface,https://kitletics.com/products/salomon-genesis,product,product:salomon-genesis,body,template_repetition,Scaffold phrases (7) including is built for a specific job in the category — use that job as your first filter · 2 surfaces
RQ-00989-X,HIGH,cross-surface,https://kitletics.com/products/salomon-pulsar-trail-2,product,product:salomon-pulsar-trail-2,body,keyword_stuffing,"Repeated phrase ""salomon pulsar trail"" on /products/salomon-pulsar-trail-2 · 2 surfaces"
RQ-00990-X,HIGH,cross-surface,https://kitletics.com/products/salomon-pulsar-trail-2,product,product:salomon-pulsar-trail-2,body,template_repetition,Scaffold phrases (7) including is built for a specific job in the category — use that job as your first filter · 3 surfaces
RQ-00991,HIGH,content-sanity,https://kitletics.com/products/salomon-pulsar-trail-2/alternatives,alternatives,product:salomon-pulsar-trail-2,body,duplicate_paragraph,Duplicate paragraph on product:salomon-pulsar-trail-2
RQ-00993,HIGH,content-sanity,https://kitletics.com/products/salomon-pulsar-trail-2/alternatives,alternatives,product:salomon-pulsar-trail-2,body,internal_taxonomy,Catalog field names in rendered copy on /products/salomon-pulsar-trail-2/alternatives
RQ-00994-X,HIGH,cross-surface,https://kitletics.com/products/salomon-pulse-belt,product,product:salomon-pulse-belt,body,template_repetition,Scaffold phrases (7) including is built for a specific job in the category — use that job as your first filter · 2 surfaces
RQ-00995-X,HIGH,cross-surface,https://kitletics.com/products/salomon-sense-ride-5,product,product:salomon-sense-ride-5,body,keyword_stuffing,"Repeated phrase ""salomon sense ride"" on /products/salomon-sense-ride-5 · 2 surfaces"
RQ-00996-X,HIGH,cross-surface,https://kitletics.com/products/salomon-sense-ride-5,product,product:salomon-sense-ride-5,body,template_repetition,Scaffold phrases (6) including is built for a specific job in the category — use that job as your first filter · 2 surfaces
RQ-00997,HIGH,content-sanity,https://kitletics.com/products/salomon-sense-ride-5/alternatives,alternatives,product:salomon-sense-ride-5,body,internal_taxonomy,Catalog field names in rendered copy on /products/salomon-sense-ride-5/alternatives
RQ-00998-X,HIGH,cross-surface,https://kitletics.com/products/salomon-soft-flask-500,product,product:salomon-soft-flask-500,body,keyword_stuffing,"Repeated phrase ""salomon soft flask"" on /products/salomon-soft-flask-500 · 2 surfaces"
RQ-00999-X,HIGH,cross-surface,https://kitletics.com/products/salomon-soft-flask-500,product,product:salomon-soft-flask-500,body,template_repetition,Scaffold phrases (7) including is built for a specific job in the category — use that job as your first filter · 2 surfaces
RQ-01000-X,HIGH,cross-surface,https://kitletics.com/products/salomon-soft-flask-speed-500,product,product:salomon-soft-flask-speed-500,body,duplicate_paragraph,Duplicate paragraph on product:salomon-soft-flask-speed-500 · 2 surfaces
RQ-01001-X,HIGH,cross-surface,https://kitletics.com/products/salomon-soft-flask-speed-500,product,product:salomon-soft-flask-speed-500,body,keyword_stuffing,"Repeated phrase ""salomon soft flask speed"" on /products/salomon-soft-flask-speed-500 · 2 surfaces"
RQ-01002-X,HIGH,cross-surface,https://kitletics.com/products/salomon-ultra-glide-2,product,product:salomon-ultra-glide-2,body,keyword_stuffing,"Repeated phrase ""salomon ultra glide"" on /products/salomon-ultra-glide-2 · 2 surfaces"
RQ-01003-X,HIGH,cross-surface,https://kitletics.com/products/salomon-ultra-glide-2,product,product:salomon-ultra-glide-2,body,template_repetition,Scaffold phrases (10) including is built for a specific job in the category — use that job as your first filter · 3 surfaces
RQ-01004,HIGH,content-sanity,https://kitletics.com/products/salomon-ultra-glide-2/alternatives,alternatives,product:salomon-ultra-glide-2,body,duplicate_paragraph,Duplicate paragraph on product:salomon-ultra-glide-2
RQ-01006,HIGH,content-sanity,https://kitletics.com/products/salomon-ultra-glide-2/alternatives,alternatives,product:salomon-ultra-glide-2,body,internal_taxonomy,Catalog field names in rendered copy on /products/salomon-ultra-glide-2/alternatives
RQ-01007-X,HIGH,cross-surface,https://kitletics.com/products/salomon-xa-15,product,product:salomon-xa-15,body,template_repetition,Scaffold phrases (5) including is built for a specific job in the category — use that job as your first filter · 2 surfaces
RQ-01008-X,HIGH,cross-surface,https://kitletics.com/products/saltstick-caps,product,product:saltstick-caps,body,duplicate_paragraph,Duplicate paragraph on product:saltstick-caps · 2 surfaces
RQ-01009-X,HIGH,cross-surface,https://kitletics.com/products/saltstick-caps,product,product:saltstick-caps,body,keyword_stuffing,"Repeated phrase ""electrolyte top"" on /products/saltstick-caps · 2 surfaces"
RQ-01010-X,HIGH,cross-surface,https://kitletics.com/products/saltstick-fastchews,product,product:saltstick-fastchews,body,duplicate_paragraph,Duplicate paragraph on product:saltstick-fastchews · 2 surfaces
RQ-01011-X,HIGH,cross-surface,https://kitletics.com/products/saltstick-fastchews,product,product:saltstick-fastchews,body,keyword_stuffing,"Repeated phrase ""without mixing a bottle"" on /products/saltstick-fastchews · 2 surfaces"
RQ-01012-X,HIGH,cross-surface,https://kitletics.com/products/samsung-galaxy-watch-ultra,product,product:samsung-galaxy-watch-ultra,body,keyword_stuffing,"Repeated phrase ""samsung galaxy watch ultra"" on /products/samsung-galaxy-watch-ultra · 2 surfaces"
RQ-01013-X,HIGH,cross-surface,https://kitletics.com/products/samsung-galaxy-watch-ultra,product,product:samsung-galaxy-watch-ultra,body,template_repetition,Scaffold phrases (6) including is built for a specific job in the category — use that job as your first filter · 2 surfaces
RQ-01014,HIGH,content-sanity,https://kitletics.com/products/samsung-galaxy-watch-ultra-2/alternatives,alternatives,product:samsung-galaxy-watch-ultra-2,body,duplicate_paragraph,Duplicate paragraph on product:samsung-galaxy-watch-ultra-2
RQ-01015,HIGH,content-sanity,https://kitletics.com/products/samsung-galaxy-watch-ultra-2/alternatives,alternatives,product:samsung-galaxy-watch-ultra-2,body,keyword_stuffing,"Repeated phrase ""chassis with"" on /products/samsung-galaxy-watch-ultra-2/alternatives"
RQ-01016,HIGH,content-sanity,https://kitletics.com/products/samsung-galaxy-watch-ultra/alternatives,alternatives,product:samsung-galaxy-watch-ultra,body,duplicate_paragraph,Duplicate paragraph on product:samsung-galaxy-watch-ultra
RQ-01017-X,HIGH,cross-surface,https://kitletics.com/products/saucony-endorphin-pro-3,product,product:saucony-endorphin-pro-3,body,keyword_stuffing,"Repeated phrase ""saucony endorphin pro"" on /products/saucony-endorphin-pro-3 · 2 surfaces"
RQ-01018-X,HIGH,cross-surface,https://kitletics.com/products/saucony-endorphin-pro-3,product,product:saucony-endorphin-pro-3,body,template_repetition,Scaffold phrases (7) including is built for a specific job in the category — use that job as your first filter · 2 surfaces
RQ-01019-X,HIGH,cross-surface,https://kitletics.com/products/saucony-endorphin-pro-4,product,product:saucony-endorphin-pro-4,body,keyword_stuffing,"Repeated phrase ""saucony endorphin pro"" on /products/saucony-endorphin-pro-4 · 3 surfaces"
RQ-01020-X,HIGH,cross-surface,https://kitletics.com/products/saucony-endorphin-pro-4,product,product:saucony-endorphin-pro-4,body,template_repetition,Scaffold phrases (10) including is built for a specific job in the category — use that job as your first filter · 2 surfaces
RQ-01021,HIGH,content-sanity,https://kitletics.com/products/saucony-endorphin-pro-4/alternatives,alternatives,product:saucony-endorphin-pro-4,body,duplicate_paragraph,Duplicate paragraph on product:saucony-endorphin-pro-4
RQ-01023,HIGH,content-sanity,https://kitletics.com/products/saucony-endorphin-pro-4/alternatives,alternatives,product:saucony-endorphin-pro-4,body,internal_taxonomy,Catalog field names in rendered copy on /products/saucony-endorphin-pro-4/alternatives
RQ-01024-X,HIGH,cross-surface,https://kitletics.com/products/saucony-endorphin-speed-4,product,product:saucony-endorphin-speed-4,body,keyword_stuffing,"Repeated phrase ""saucony endorphin speed"" on /products/saucony-endorphin-speed-4 · 3 surfaces"
RQ-01025-X,HIGH,cross-surface,https://kitletics.com/products/saucony-endorphin-speed-4,product,product:saucony-endorphin-speed-4,body,template_repetition,Scaffold phrases (10) including is built for a specific job in the category — use that job as your first filter · 2 surfaces
RQ-01026,HIGH,content-sanity,https://kitletics.com/products/saucony-endorphin-speed-4/alternatives,alternatives,product:saucony-endorphin-speed-4,body,duplicate_paragraph,Duplicate paragraph on product:saucony-endorphin-speed-4
RQ-01028,HIGH,content-sanity,https://kitletics.com/products/saucony-endorphin-speed-4/alternatives,alternatives,product:saucony-endorphin-speed-4,body,internal_taxonomy,Catalog field names in rendered copy on /products/saucony-endorphin-speed-4/alternatives
RQ-01029-X,HIGH,cross-surface,https://kitletics.com/products/saucony-endorphin-speed-5,product,product:saucony-endorphin-speed-5,body,keyword_stuffing,"Repeated phrase ""saucony endorphin speed"" on /products/saucony-endorphin-speed-5 · 3 surfaces"
RQ-01030-X,HIGH,cross-surface,https://kitletics.com/products/saucony-endorphin-speed-5,product,product:saucony-endorphin-speed-5,body,template_repetition,Scaffold phrases (10) including is built for a specific job in the category — use that job as your first filter · 2 surfaces
RQ-01031,HIGH,content-sanity,https://kitletics.com/products/saucony-endorphin-speed-5/alternatives,alternatives,product:saucony-endorphin-speed-5,body,duplicate_paragraph,Duplicate paragraph on product:saucony-endorphin-speed-5
RQ-01033,HIGH,content-sanity,https://kitletics.com/products/saucony-endorphin-speed-5/alternatives,alternatives,product:saucony-endorphin-speed-5,body,internal_taxonomy,Catalog field names in rendered copy on /products/saucony-endorphin-speed-5/alternatives
RQ-01034-X,HIGH,cross-surface,https://kitletics.com/products/saucony-guide-18,product,product:saucony-guide-18,body,keyword_stuffing,"Repeated phrase ""saucony guide"" on /products/saucony-guide-18 · 2 surfaces"
RQ-01035-X,HIGH,cross-surface,https://kitletics.com/products/saucony-guide-18,product,product:saucony-guide-18,body,template_repetition,Scaffold phrases (9) including is built for a specific job in the category — use that job as your first filter · 2 surfaces
RQ-01036,HIGH,content-sanity,https://kitletics.com/products/saucony-guide-18/alternatives,alternatives,product:saucony-guide-18,body,duplicate_paragraph,Duplicate paragraph on product:saucony-guide-18
RQ-01037,HIGH,content-sanity,https://kitletics.com/products/saucony-guide-18/alternatives,alternatives,product:saucony-guide-18,body,internal_taxonomy,Catalog field names in rendered copy on /products/saucony-guide-18/alternatives
RQ-01038-X,HIGH,cross-surface,https://kitletics.com/products/saucony-peregrine-15,product,product:saucony-peregrine-15,body,keyword_stuffing,"Repeated phrase ""saucony peregrine"" on /products/saucony-peregrine-15 · 2 surfaces"
RQ-01039-X,HIGH,cross-surface,https://kitletics.com/products/saucony-ride-18,product,product:saucony-ride-18,body,keyword_stuffing,"Repeated phrase ""saucony ride"" on /products/saucony-ride-18 · 2 surfaces"
RQ-01040-X,HIGH,cross-surface,https://kitletics.com/products/saucony-ride-18,product,product:saucony-ride-18,body,template_repetition,Scaffold phrases (7) including is built for a specific job in the category — use that job as your first filter · 2 surfaces
RQ-01041,HIGH,content-sanity,https://kitletics.com/products/saucony-ride-18/alternatives,alternatives,product:saucony-ride-18,body,duplicate_paragraph,Duplicate paragraph on product:saucony-ride-18
RQ-01042,HIGH,content-sanity,https://kitletics.com/products/saucony-ride-18/alternatives,alternatives,product:saucony-ride-18,body,internal_taxonomy,Catalog field names in rendered copy on /products/saucony-ride-18/alternatives
RQ-01043-X,HIGH,cross-surface,https://kitletics.com/products/saucony-triumph-22,product,product:saucony-triumph-22,body,keyword_stuffing,"Repeated phrase ""saucony triumph"" on /products/saucony-triumph-22 · 2 surfaces"
RQ-01044-X,HIGH,cross-surface,https://kitletics.com/products/saucony-triumph-22,product,product:saucony-triumph-22,body,template_repetition,Scaffold phrases (7) including is built for a specific job in the category — use that job as your first filter · 3 surfaces
RQ-01045,HIGH,content-sanity,https://kitletics.com/products/saucony-triumph-22/alternatives,alternatives,product:saucony-triumph-22,body,duplicate_paragraph,Duplicate paragraph on product:saucony-triumph-22
RQ-01047,HIGH,content-sanity,https://kitletics.com/products/saucony-triumph-22/alternatives,alternatives,product:saucony-triumph-22,body,internal_taxonomy,Catalog field names in rendered copy on /products/saucony-triumph-22/alternatives
RQ-01048-X,HIGH,cross-surface,https://kitletics.com/products/saucony-xodus-ultra-3,product,product:saucony-xodus-ultra-3,body,keyword_stuffing,"Repeated phrase ""saucony xodus ultra"" on /products/saucony-xodus-ultra-3 · 2 surfaces"
RQ-01049-X,HIGH,cross-surface,https://kitletics.com/products/saucony-xodus-ultra-3,product,product:saucony-xodus-ultra-3,body,template_repetition,Scaffold phrases (10) including is built for a specific job in the category — use that job as your first filter · 2 surfaces
RQ-01050,HIGH,content-sanity,https://kitletics.com/products/saucony-xodus-ultra-3/alternatives,alternatives,product:saucony-xodus-ultra-3,body,internal_taxonomy,Catalog field names in rendered copy on /products/saucony-xodus-ultra-3/alternatives
RQ-01051-X,HIGH,cross-surface,https://kitletics.com/products/scosche-rhythm-plus-2,product,product:scosche-rhythm-plus-2,body,keyword_stuffing,"Repeated phrase ""comfort when chest straps"" on /products/scosche-rhythm-plus-2 · 3 surfaces"
RQ-01052-X,HIGH,cross-surface,https://kitletics.com/products/scosche-rhythm-plus-2,product,product:scosche-rhythm-plus-2,body,template_repetition,Scaffold phrases (8) including is built for a specific job in the category — use that job as your first filter · 2 surfaces
RQ-01054-X,HIGH,cross-surface,https://kitletics.com/products/scosche-rhythm24,product,product:scosche-rhythm24,body,keyword_stuffing,"Repeated phrase ""more lag than polar"" on /products/scosche-rhythm24 · 3 surfaces"
RQ-01055-X,HIGH,cross-surface,https://kitletics.com/products/scosche-rhythm24,product,product:scosche-rhythm24,body,template_repetition,Scaffold phrases (7) including is built for a specific job in the category — use that job as your first filter · 3 surfaces
RQ-01058-X,HIGH,cross-surface,https://kitletics.com/products/shokz-opendots-one,product,product:shokz-opendots-one,body,template_repetition,Scaffold phrases (5) including is built for a specific job in the category — use that job as your first filter · 2 surfaces
RQ-01059-X,HIGH,cross-surface,https://kitletics.com/products/shokz-openfit-2,product,product:shokz-openfit-2,body,duplicate_paragraph,Duplicate paragraph on product:shokz-openfit-2 · 2 surfaces
RQ-01060-X,HIGH,cross-surface,https://kitletics.com/products/shokz-openfit-2,product,product:shokz-openfit-2,body,keyword_stuffing,"Repeated phrase ""shokz openfit"" on /products/shokz-openfit-2 · 2 surfaces"
RQ-01061-X,HIGH,cross-surface,https://kitletics.com/products/shokz-openfit-2,product,product:shokz-openfit-2,body,template_repetition,Scaffold phrases (6) including is built for a specific job in the category — use that job as your first filter · 2 surfaces
RQ-01062-X,HIGH,cross-surface,https://kitletics.com/products/shokz-openrun,product,product:shokz-openrun,body,duplicate_paragraph,Duplicate paragraph on product:shokz-openrun · 2 surfaces
RQ-01063-X,HIGH,cross-surface,https://kitletics.com/products/shokz-openrun,product,product:shokz-openrun,body,keyword_stuffing,"Repeated phrase ""washable shokz for sweat"" on /products/shokz-openrun · 2 surfaces"
RQ-01064-X,HIGH,cross-surface,https://kitletics.com/products/shokz-openrun,product,product:shokz-openrun,body,template_repetition,Scaffold phrases (6) including is built for a specific job in the category — use that job as your first filter · 2 surfaces
RQ-01065-X,HIGH,cross-surface,https://kitletics.com/products/shokz-openrun-pro-2,product,product:shokz-openrun-pro-2,body,keyword_stuffing,"Repeated phrase ""shokz openrun pro"" on /products/shokz-openrun-pro-2 · 2 surfaces"
RQ-01066-X,HIGH,cross-surface,https://kitletics.com/products/shokz-openrun-pro-2,product,product:shokz-openrun-pro-2,body,template_repetition,Scaffold phrases (7) including is built for a specific job in the category — use that job as your first filter · 2 surfaces
RQ-01067-X,HIGH,cross-surface,https://kitletics.com/products/silva-trail-runner-free-2,product,product:silva-trail-runner-free-2,body,keyword_stuffing,"Repeated phrase ""silva trail runner free"" on /products/silva-trail-runner-free-2 · 2 surfaces"
RQ-01068-X,HIGH,cross-surface,https://kitletics.com/products/silva-trail-runner-free-2,product,product:silva-trail-runner-free-2,body,template_repetition,Scaffold phrases (7) including is built for a specific job in the category — use that job as your first filter · 2 surfaces
RQ-01069-X,HIGH,cross-surface,https://kitletics.com/products/sis-beta-fuel-drink,product,product:sis-beta-fuel-drink,body,duplicate_paragraph,Duplicate paragraph on product:sis-beta-fuel-drink · 2 surfaces
RQ-01070-X,HIGH,cross-surface,https://kitletics.com/products/sis-beta-fuel-drink,product,product:sis-beta-fuel-drink,body,keyword_stuffing,"Repeated phrase ""electrolyte drink mix"" on /products/sis-beta-fuel-drink · 2 surfaces"
RQ-01071-X,HIGH,cross-surface,https://kitletics.com/products/sis-beta-fuel-gel,product,product:sis-beta-fuel-gel,body,duplicate_paragraph,Duplicate paragraph on product:sis-beta-fuel-gel · 2 surfaces
RQ-01072-X,HIGH,cross-surface,https://kitletics.com/products/sis-beta-fuel-gel,product,product:sis-beta-fuel-gel,body,keyword_stuffing,"Repeated phrase ""carbs per gel supports"" on /products/sis-beta-fuel-gel · 2 surfaces"
RQ-01073-X,HIGH,cross-surface,https://kitletics.com/products/sis-go-isotonic-gel,product,product:sis-go-isotonic-gel,body,duplicate_paragraph,Duplicate paragraph on product:sis-go-isotonic-gel · 2 surfaces
RQ-01074-X,HIGH,cross-surface,https://kitletics.com/products/sis-go-isotonic-gel,product,product:sis-go-isotonic-gel,body,keyword_stuffing,"Repeated phrase ""strong value per serving"" on /products/sis-go-isotonic-gel · 2 surfaces"
RQ-01075-X,HIGH,cross-surface,https://kitletics.com/products/skratch-sport-energy-chews,product,product:skratch-sport-energy-chews,body,duplicate_paragraph,Duplicate paragraph on product:skratch-sport-energy-chews · 2 surfaces
RQ-01076-X,HIGH,cross-surface,https://kitletics.com/products/skratch-sport-energy-chews,product,product:skratch-sport-energy-chews,body,keyword_stuffing,"Repeated phrase ""like profile than many"" on /products/skratch-sport-energy-chews · 2 surfaces"
RQ-01077-X,HIGH,cross-surface,https://kitletics.com/products/skratch-sport-hydration-mix,product,product:skratch-sport-hydration-mix,body,duplicate_paragraph,Duplicate paragraph on product:skratch-sport-hydration-mix · 2 surfaces
RQ-01078-X,HIGH,cross-surface,https://kitletics.com/products/skratch-sport-hydration-mix,product,product:skratch-sport-hydration-mix,body,keyword_stuffing,"Repeated phrase ""fruit taste profile many"" on /products/skratch-sport-hydration-mix · 2 surfaces"
RQ-01079-X,HIGH,cross-surface,https://kitletics.com/products/smartwool-run-targeted-cushion,product,product:smartwool-run-targeted-cushion,body,keyword_stuffing,"Repeated phrase ""smartwool run targeted cushion"" on /products/smartwool-run-targeted-cushion · 2 surfaces"
RQ-01080-X,HIGH,cross-surface,https://kitletics.com/products/smartwool-run-targeted-cushion,product,product:smartwool-run-targeted-cushion,body,template_repetition,Scaffold phrases (6) including is built for a specific job in the category — use that job as your first filter · 2 surfaces
RQ-01081-X,HIGH,cross-surface,https://kitletics.com/products/smartwool-thermal-merino-glove,product,product:smartwool-thermal-merino-glove,body,duplicate_paragraph,Duplicate paragraph on product:smartwool-thermal-merino-glove · 2 surfaces
RQ-01082-X,HIGH,cross-surface,https://kitletics.com/products/smartwool-thermal-merino-glove,product,product:smartwool-thermal-merino-glove,body,keyword_stuffing,"Repeated phrase ""smartwool thermal merino glove"" on /products/smartwool-thermal-merino-glove · 2 surfaces"
RQ-01083-X,HIGH,cross-surface,https://kitletics.com/products/smith-attack-mag,product,product:smith-attack-mag,body,duplicate_paragraph,Duplicate paragraph on product:smith-attack-mag · 2 surfaces
RQ-01084-X,HIGH,cross-surface,https://kitletics.com/products/smith-attack-mag,product,product:smith-attack-mag,body,keyword_stuffing,"Repeated phrase ""first coverage with lens"" on /products/smith-attack-mag · 2 surfaces"
RQ-01085-X,HIGH,cross-surface,https://kitletics.com/products/smith-shift-mag,product,product:smith-shift-mag,body,duplicate_paragraph,Duplicate paragraph on product:smith-shift-mag · 2 surfaces
RQ-01086-X,HIGH,cross-surface,https://kitletics.com/products/smith-shift-mag,product,product:smith-shift-mag,body,keyword_stuffing,"Repeated phrase ""lens changes without fingerprints"" on /products/smith-shift-mag · 2 surfaces"
RQ-01087-X,HIGH,cross-surface,https://kitletics.com/products/soundcore-aerofit-2,product,product:soundcore-aerofit-2,body,template_repetition,Scaffold phrases (5) including is built for a specific job in the category — use that job as your first filter · 2 surfaces
RQ-01088-X,HIGH,cross-surface,https://kitletics.com/products/soundcore-sport-x20,product,product:soundcore-sport-x20,body,template_repetition,Scaffold phrases (5) including is built for a specific job in the category — use that job as your first filter · 2 surfaces
RQ-01089-X,HIGH,cross-surface,https://kitletics.com/products/spibelt-original,product,product:spibelt-original,body,template_repetition,Scaffold phrases (7) including is built for a specific job in the category — use that job as your first filter · 2 surfaces
RQ-01090-X,HIGH,cross-surface,https://kitletics.com/products/spring-energy-awesome-sauce,product,product:spring-energy-awesome-sauce,body,duplicate_paragraph,Duplicate paragraph on product:spring-energy-awesome-sauce · 2 surfaces
RQ-01091-X,HIGH,cross-surface,https://kitletics.com/products/spring-energy-awesome-sauce,product,product:spring-energy-awesome-sauce,body,keyword_stuffing,"Repeated phrase ""food texture breaks up"" on /products/spring-energy-awesome-sauce · 2 surfaces"
RQ-01092-X,HIGH,cross-surface,https://kitletics.com/products/squirrels-nut-butter,product,product:squirrels-nut-butter,body,duplicate_paragraph,Duplicate paragraph on product:squirrels-nut-butter · 2 surfaces
RQ-01093-X,HIGH,cross-surface,https://kitletics.com/products/squirrels-nut-butter,product,product:squirrels-nut-butter,body,keyword_stuffing,"Repeated phrase ""butter original anti"" on /products/squirrels-nut-butter · 2 surfaces"
RQ-01094-X,HIGH,cross-surface,https://kitletics.com/products/styrkr-gel30,product,product:styrkr-gel30,body,duplicate_paragraph,Duplicate paragraph on product:styrkr-gel30 · 2 surfaces
RQ-01095-X,HIGH,cross-surface,https://kitletics.com/products/styrkr-gel30,product,product:styrkr-gel30,body,keyword_stuffing,"Repeated phrase ""carbs per gel keeps"" on /products/styrkr-gel30 · 2 surfaces"
RQ-01096,HIGH,content-sanity,https://kitletics.com/products/styrkr-mix90,product,product:styrkr-mix90,body,keyword_stuffing,"Repeated phrase ""carbs per bottle targets"" on /products/styrkr-mix90"
RQ-01097,HIGH,content-sanity,https://kitletics.com/products/styrkr-mix90,product,product:styrkr-mix90,body,machine_filler,Machine filler on /products/styrkr-mix90
RQ-01098-X,HIGH,cross-surface,https://kitletics.com/products/suunto-race,product,product:suunto-race,body,template_repetition,Scaffold phrases (7) including is built for a specific job in the category — use that job as your first filter · 2 surfaces
RQ-01099-X,HIGH,cross-surface,https://kitletics.com/products/suunto-race-s,product,product:suunto-race-s,body,template_repetition,Scaffold phrases (7) including is built for a specific job in the category — use that job as your first filter · 3 surfaces
RQ-01101-X,HIGH,cross-surface,https://kitletics.com/products/suunto-run,product,product:suunto-run,body,keyword_stuffing,"Repeated phrase ""amoled daily runner at"" on /products/suunto-run · 3 surfaces"
RQ-01102-X,HIGH,cross-surface,https://kitletics.com/products/suunto-run,product,product:suunto-run,body,template_repetition,Scaffold phrases (6) including is built for a specific job in the category — use that job as your first filter · 2 surfaces
RQ-01104-X,HIGH,cross-surface,https://kitletics.com/products/suunto-smart-heart-rate-belt,product,product:suunto-smart-heart-rate-belt,body,keyword_stuffing,"Repeated phrase ""suunto smart heart rate"" on /products/suunto-smart-heart-rate-belt · 3 surfaces"
RQ-01105-X,HIGH,cross-surface,https://kitletics.com/products/suunto-smart-heart-rate-belt,product,product:suunto-smart-heart-rate-belt,body,template_repetition,Scaffold phrases (7) including is built for a specific job in the category — use that job as your first filter · 3 surfaces
RQ-01108-X,HIGH,cross-surface,https://kitletics.com/products/suunto-vertical-2,product,product:suunto-vertical-2,body,keyword_stuffing,"Repeated phrase ""suunto vertical"" on /products/suunto-vertical-2 · 3 surfaces"
RQ-01109-X,HIGH,cross-surface,https://kitletics.com/products/suunto-vertical-2,product,product:suunto-vertical-2,body,template_repetition,Scaffold phrases (6) including is built for a specific job in the category — use that job as your first filter · 2 surfaces
RQ-01111-X,HIGH,cross-surface,https://kitletics.com/products/suunto-wing,product,product:suunto-wing,body,duplicate_paragraph,Duplicate paragraph on product:suunto-wing · 2 surfaces
RQ-01112-X,HIGH,cross-surface,https://kitletics.com/products/suunto-wing,product,product:suunto-wing,body,keyword_stuffing,"Repeated phrase ""bone conduction with integrated"" on /products/suunto-wing · 2 surfaces"
RQ-01113-X,HIGH,cross-surface,https://kitletics.com/products/suunto-wing,product,product:suunto-wing,body,template_repetition,Scaffold phrases (6) including is built for a specific job in the category — use that job as your first filter · 2 surfaces
RQ-01114-X,HIGH,cross-surface,https://kitletics.com/products/swiftwick-aspire-four,product,product:swiftwick-aspire-four,body,template_repetition,Scaffold phrases (5) including is built for a specific job in the category — use that job as your first filter · 2 surfaces
RQ-01115-X,HIGH,cross-surface,https://kitletics.com/products/tailwind-endurance-fuel,product,product:tailwind-endurance-fuel,body,duplicate_paragraph,Duplicate paragraph on product:tailwind-endurance-fuel · 2 surfaces
RQ-01116-X,HIGH,cross-surface,https://kitletics.com/products/tailwind-endurance-fuel,product,product:tailwind-endurance-fuel,body,keyword_stuffing,"Repeated phrase ""higher sodium in one"" on /products/tailwind-endurance-fuel · 2 surfaces"
RQ-01117-X,HIGH,cross-surface,https://kitletics.com/products/therabody-theragun-mini-2,product,product:therabody-theragun-mini-2,body,template_repetition,Scaffold phrases (7) including is built for a specific job in the category — use that job as your first filter · 2 surfaces
RQ-01118-X,HIGH,cross-surface,https://kitletics.com/products/therabody-theragun-prime,product,product:therabody-theragun-prime,body,keyword_stuffing,"Repeated phrase ""therabody theragun prime"" on /products/therabody-theragun-prime · 2 surfaces"
RQ-01119-X,HIGH,cross-surface,https://kitletics.com/products/therabody-theragun-prime,product,product:therabody-theragun-prime,body,template_repetition,Scaffold phrases (6) including is built for a specific job in the category — use that job as your first filter · 2 surfaces
RQ-01120-X,HIGH,cross-surface,https://kitletics.com/products/therabody-theragun-pro,product,product:therabody-theragun-pro,body,duplicate_paragraph,Duplicate paragraph on product:therabody-theragun-pro · 2 surfaces
RQ-01121-X,HIGH,cross-surface,https://kitletics.com/products/therabody-theragun-pro,product,product:therabody-theragun-pro,body,keyword_stuffing,"Repeated phrase ""attachment depth for dedicated"" on /products/therabody-theragun-pro · 2 surfaces"
RQ-01122-X,HIGH,cross-surface,https://kitletics.com/products/tifosi-rail,product,product:tifosi-rail,body,duplicate_paragraph,Duplicate paragraph on product:tifosi-rail · 2 surfaces
RQ-01123-X,HIGH,cross-surface,https://kitletics.com/products/tifosi-rail,product,product:tifosi-rail,body,keyword_stuffing,"Repeated phrase ""polycarbonate interchange"" on /products/tifosi-rail · 2 surfaces"
RQ-01124-X,HIGH,cross-surface,https://kitletics.com/products/tifosi-vogel,product,product:tifosi-vogel,body,duplicate_paragraph,Duplicate paragraph on product:tifosi-vogel · 2 surfaces
RQ-01125-X,HIGH,cross-surface,https://kitletics.com/products/tifosi-vogel,product,product:tifosi-vogel,body,keyword_stuffing,"Repeated phrase ""approachable daily runner frame"" on /products/tifosi-vogel · 2 surfaces"
RQ-01126-X,HIGH,cross-surface,https://kitletics.com/products/topo-athletic-phantom-3,product,product:topo-athletic-phantom-3,body,keyword_stuffing,"Repeated phrase ""topo athletic phantom"" on /products/topo-athletic-phantom-3 · 2 surfaces"
RQ-01127-X,HIGH,cross-surface,https://kitletics.com/products/topo-athletic-phantom-3,product,product:topo-athletic-phantom-3,body,template_repetition,Scaffold phrases (7) including is built for a specific job in the category — use that job as your first filter · 2 surfaces
RQ-01128,HIGH,content-sanity,https://kitletics.com/products/topo-athletic-phantom-3/alternatives,alternatives,product:topo-athletic-phantom-3,body,duplicate_paragraph,Duplicate paragraph on product:topo-athletic-phantom-3
RQ-01129,HIGH,content-sanity,https://kitletics.com/products/topo-athletic-phantom-3/alternatives,alternatives,product:topo-athletic-phantom-3,body,internal_taxonomy,Catalog field names in rendered copy on /products/topo-athletic-phantom-3/alternatives
RQ-01130-X,HIGH,cross-surface,https://kitletics.com/products/topo-athletic-specter-2,product,product:topo-athletic-specter-2,body,keyword_stuffing,"Repeated phrase ""topo athletic specter"" on /products/topo-athletic-specter-2 · 2 surfaces"
RQ-01131-X,HIGH,cross-surface,https://kitletics.com/products/topo-athletic-specter-2,product,product:topo-athletic-specter-2,body,template_repetition,Scaffold phrases (7) including is built for a specific job in the category — use that job as your first filter · 3 surfaces
RQ-01132,HIGH,content-sanity,https://kitletics.com/products/topo-athletic-specter-2/alternatives,alternatives,product:topo-athletic-specter-2,body,duplicate_paragraph,Duplicate paragraph on product:topo-athletic-specter-2
RQ-01134,HIGH,content-sanity,https://kitletics.com/products/topo-athletic-specter-2/alternatives,alternatives,product:topo-athletic-specter-2,body,internal_taxonomy,Catalog field names in rendered copy on /products/topo-athletic-specter-2/alternatives
RQ-01135-X,HIGH,cross-surface,https://kitletics.com/products/topo-athletic-terraventure-5,product,product:topo-athletic-terraventure-5,body,keyword_stuffing,"Repeated phrase ""topo athletic terraventure"" on /products/topo-athletic-terraventure-5 · 2 surfaces"
RQ-01136-X,HIGH,cross-surface,https://kitletics.com/products/topo-athletic-terraventure-5,product,product:topo-athletic-terraventure-5,body,template_repetition,Scaffold phrases (7) including is built for a specific job in the category — use that job as your first filter · 3 surfaces
RQ-01137,HIGH,content-sanity,https://kitletics.com/products/topo-athletic-terraventure-5/alternatives,alternatives,product:topo-athletic-terraventure-5,body,duplicate_paragraph,Duplicate paragraph on product:topo-athletic-terraventure-5
RQ-01139,HIGH,content-sanity,https://kitletics.com/products/topo-athletic-terraventure-5/alternatives,alternatives,product:topo-athletic-terraventure-5,body,internal_taxonomy,Catalog field names in rendered copy on /products/topo-athletic-terraventure-5/alternatives
RQ-01140-X,HIGH,cross-surface,https://kitletics.com/products/tracksmith-brighton-ls-men,product,product:tracksmith-brighton-ls-men,body,duplicate_paragraph,Duplicate paragraph on product:tracksmith-brighton-ls-men · 2 surfaces
RQ-01141-X,HIGH,cross-surface,https://kitletics.com/products/tracksmith-brighton-ls-men,product,product:tracksmith-brighton-ls-men,body,keyword_stuffing,"Repeated phrase ""tracksmith brighton long sleeve"" on /products/tracksmith-brighton-ls-men · 2 surfaces"
RQ-01142-X,HIGH,cross-surface,https://kitletics.com/products/tracksmith-session-short-men,product,product:tracksmith-session-short-men,body,duplicate_paragraph,Duplicate paragraph on product:tracksmith-session-short-men · 2 surfaces
RQ-01143-X,HIGH,cross-surface,https://kitletics.com/products/tracksmith-session-short-men,product,product:tracksmith-session-short-men,body,keyword_stuffing,"Repeated phrase ""with liner for chafe"" on /products/tracksmith-session-short-men · 2 surfaces"
RQ-01144-X,HIGH,cross-surface,https://kitletics.com/products/tracksmith-session-short-women,product,product:tracksmith-session-short-women,body,duplicate_paragraph,Duplicate paragraph on product:tracksmith-session-short-women · 2 surfaces
RQ-01145-X,HIGH,cross-surface,https://kitletics.com/products/tracksmith-session-short-women,product,product:tracksmith-session-short-women,body,keyword_stuffing,"Repeated phrase ""specific session patterning with"" on /products/tracksmith-session-short-women · 2 surfaces"
RQ-01146-X,HIGH,cross-surface,https://kitletics.com/products/tracksmith-turnover-tight-women,product,product:tracksmith-turnover-tight-women,body,duplicate_paragraph,Duplicate paragraph on product:tracksmith-turnover-tight-women · 2 surfaces
RQ-01147-X,HIGH,cross-surface,https://kitletics.com/products/tracksmith-turnover-tight-women,product,product:tracksmith-turnover-tight-women,body,keyword_stuffing,"Repeated phrase ""tracksmith turnover lined tight"" on /products/tracksmith-turnover-tight-women · 2 surfaces"
RQ-01148-X,HIGH,cross-surface,https://kitletics.com/products/tracksmith-twilight-half-men,product,product:tracksmith-twilight-half-men,body,duplicate_paragraph,Duplicate paragraph on product:tracksmith-twilight-half-men · 2 surfaces
RQ-01149-X,HIGH,cross-surface,https://kitletics.com/products/tracksmith-twilight-half-men,product,product:tracksmith-twilight-half-men,body,keyword_stuffing,"Repeated phrase ""tracksmith twilight half tights"" on /products/tracksmith-twilight-half-men · 2 surfaces"
RQ-01150-X,HIGH,cross-surface,https://kitletics.com/products/tracksmith-van-cortlandt-tee-men,product,product:tracksmith-van-cortlandt-tee-men,body,duplicate_paragraph,Duplicate paragraph on product:tracksmith-van-cortlandt-tee-men · 2 surfaces
RQ-01151-X,HIGH,cross-surface,https://kitletics.com/products/triggerpoint-grid-travel,product,product:triggerpoint-grid-travel,body,duplicate_paragraph,Duplicate paragraph on product:triggerpoint-grid-travel · 2 surfaces
RQ-01152-X,HIGH,cross-surface,https://kitletics.com/products/triggerpoint-grid-travel,product,product:triggerpoint-grid-travel,body,keyword_stuffing,"Repeated phrase ""triggerpoint grid foam roller"" on /products/triggerpoint-grid-travel · 2 surfaces"
RQ-01153-X,HIGH,cross-surface,https://kitletics.com/products/triggerpoint-grid-x,product,product:triggerpoint-grid-x,body,duplicate_paragraph,Duplicate paragraph on product:triggerpoint-grid-x · 2 surfaces
RQ-01154-X,HIGH,cross-surface,https://kitletics.com/products/triggerpoint-grid-x,product,product:triggerpoint-grid-x,body,keyword_stuffing,"Repeated phrase ""triggerpoint grid x foam"" on /products/triggerpoint-grid-x · 2 surfaces"
RQ-01155-X,HIGH,cross-surface,https://kitletics.com/products/ultimate-direction-adventure-vest,product,product:ultimate-direction-adventure-vest,body,keyword_stuffing,"Repeated phrase ""ultimate direction adventure vest"" on /products/ultimate-direction-adventure-vest · 2 surfaces"
RQ-01156-X,HIGH,cross-surface,https://kitletics.com/products/ultimate-direction-adventure-vest,product,product:ultimate-direction-adventure-vest,body,template_repetition,Scaffold phrases (7) including is built for a specific job in the category — use that job as your first filter · 2 surfaces
RQ-01157-X,HIGH,cross-surface,https://kitletics.com/products/ultimate-direction-body-bottle-500,product,product:ultimate-direction-body-bottle-500,body,duplicate_paragraph,Duplicate paragraph on product:ultimate-direction-body-bottle-500 · 2 surfaces
RQ-01158-X,HIGH,cross-surface,https://kitletics.com/products/ultimate-direction-body-bottle-500,product,product:ultimate-direction-body-bottle-500,body,keyword_stuffing,"Repeated phrase ""adventure vest front"" on /products/ultimate-direction-body-bottle-500 · 2 surfaces"
RQ-01159-X,HIGH,cross-surface,https://kitletics.com/products/ultimate-direction-fastpack-20,product,product:ultimate-direction-fastpack-20,body,template_repetition,Scaffold phrases (5) including is built for a specific job in the category — use that job as your first filter · 2 surfaces
RQ-01160-X,HIGH,cross-surface,https://kitletics.com/products/ultimate-direction-fastpack-30,product,product:ultimate-direction-fastpack-30,body,template_repetition,Scaffold phrases (5) including is built for a specific job in the category — use that job as your first filter · 2 surfaces
RQ-01161-X,HIGH,cross-surface,https://kitletics.com/products/ultimate-direction-fastpack-her-20,product,product:ultimate-direction-fastpack-her-20,body,template_repetition,Scaffold phrases (5) including is built for a specific job in the category — use that job as your first filter · 2 surfaces
RQ-01162-X,HIGH,cross-surface,https://kitletics.com/products/ultimate-direction-race-belt,product,product:ultimate-direction-race-belt,body,template_repetition,Scaffold phrases (7) including is built for a specific job in the category — use that job as your first filter · 2 surfaces
RQ-01163-X,HIGH,cross-surface,https://kitletics.com/products/ultimate-direction-race-vest-6,product,product:ultimate-direction-race-vest-6,body,keyword_stuffing,"Repeated phrase ""ultimate direction race vest"" on /products/ultimate-direction-race-vest-6 · 2 surfaces"
RQ-01164-X,HIGH,cross-surface,https://kitletics.com/products/ultimate-direction-race-vest-6,product,product:ultimate-direction-race-vest-6,body,template_repetition,Scaffold phrases (8) including is built for a specific job in the category — use that job as your first filter · 2 surfaces
RQ-01165-X,HIGH,cross-surface,https://kitletics.com/products/ultimate-direction-ultra-belt,product,product:ultimate-direction-ultra-belt,body,template_repetition,Scaffold phrases (7) including is built for a specific job in the category — use that job as your first filter · 2 surfaces
RQ-01166-X,HIGH,cross-surface,https://kitletics.com/products/ultimate-direction-utility-bag,product,product:ultimate-direction-utility-bag,body,template_repetition,Scaffold phrases (5) including is built for a specific job in the category — use that job as your first filter · 2 surfaces
RQ-01167-X,HIGH,cross-surface,https://kitletics.com/products/ultraspire-alpha-6,product,product:ultraspire-alpha-6,body,keyword_stuffing,"Repeated phrase ""ultraspire alpha"" on /products/ultraspire-alpha-6 · 2 surfaces"
RQ-01168-X,HIGH,cross-surface,https://kitletics.com/products/ultraspire-alpha-6,product,product:ultraspire-alpha-6,body,template_repetition,Scaffold phrases (8) including is built for a specific job in the category — use that job as your first filter · 2 surfaces
RQ-01169-X,HIGH,cross-surface,https://kitletics.com/products/ultraspire-fitted-race-belt-2,product,product:ultraspire-fitted-race-belt-2,body,template_repetition,Scaffold phrases (7) including is built for a specific job in the category — use that job as your first filter · 2 surfaces
RQ-01170-X,HIGH,cross-surface,https://kitletics.com/products/ultraspire-spry-5,product,product:ultraspire-spry-5,body,keyword_stuffing,"Repeated phrase ""ultraspire spry"" on /products/ultraspire-spry-5 · 2 surfaces"
RQ-01171-X,HIGH,cross-surface,https://kitletics.com/products/ultraspire-spry-5,product,product:ultraspire-spry-5,body,template_repetition,Scaffold phrases (8) including is built for a specific job in the category — use that job as your first filter · 2 surfaces
RQ-01172-X,HIGH,cross-surface,https://kitletics.com/products/uswe-pace-8,product,product:uswe-pace-8,body,keyword_stuffing,"Repeated phrase ""built for low bounce"" on /products/uswe-pace-8 · 2 surfaces"
RQ-01173-X,HIGH,cross-surface,https://kitletics.com/products/uswe-pace-8,product,product:uswe-pace-8,body,template_repetition,Scaffold phrases (7) including is built for a specific job in the category — use that job as your first filter · 2 surfaces
RQ-01174-X,HIGH,cross-surface,https://kitletics.com/products/veloforte-energy-bar,product,product:veloforte-energy-bar,body,duplicate_paragraph,Duplicate paragraph on product:veloforte-energy-bar · 2 surfaces
RQ-01175-X,HIGH,cross-surface,https://kitletics.com/products/veloforte-energy-bar,product,product:veloforte-energy-bar,body,keyword_stuffing,"Repeated phrase ""long runs before switching"" on /products/veloforte-energy-bar · 2 surfaces"
RQ-01176,HIGH,content-sanity,https://kitletics.com/products/veloforte-energy-chews,product,product:veloforte-energy-chews,body,duplicate_paragraph,Duplicate paragraph on product:veloforte-energy-chews
RQ-01177,HIGH,content-sanity,https://kitletics.com/products/veloforte-energy-chews,product,product:veloforte-energy-chews,body,keyword_stuffing,"Repeated phrase ""centric availability vs gu"" on /products/veloforte-energy-chews"
RQ-01178,HIGH,content-sanity,https://kitletics.com/products/veloforte-energy-chews,product,product:veloforte-energy-chews,body,machine_filler,Machine filler on /products/veloforte-energy-chews
RQ-01179-X,HIGH,cross-surface,https://kitletics.com/products/wahoo-tickr,product,product:wahoo-tickr,body,template_repetition,Scaffold phrases (7) including is built for a specific job in the category — use that job as your first filter · 3 surfaces
RQ-01180-X,HIGH,cross-surface,https://kitletics.com/products/wahoo-tickr-fit,product,product:wahoo-tickr-fit,body,template_repetition,Scaffold phrases (7) including is built for a specific job in the category — use that job as your first filter · 2 surfaces
RQ-01181,HIGH,content-sanity,https://kitletics.com/products/wahoo-tickr-fit/alternatives,alternatives,product:wahoo-tickr-fit,body,keyword_stuffing,"Repeated phrase ""optical armband hr monitor"" on /products/wahoo-tickr-fit/alternatives"
RQ-01182-X,HIGH,cross-surface,https://kitletics.com/products/wahoo-tickr-x,product,product:wahoo-tickr-x,body,template_repetition,Scaffold phrases (7) including is built for a specific job in the category — use that job as your first filter · 3 surfaces
RQ-01185-X,HIGH,cross-surface,https://kitletics.com/products/wahoo-trackr,product,product:wahoo-trackr,body,template_repetition,Scaffold phrases (7) including is built for a specific job in the category — use that job as your first filter · 2 surfaces
RQ-01186-X,HIGH,cross-surface,https://kitletics.com/products/wrightsock-coolmesh-ii,product,product:wrightsock-coolmesh-ii,body,keyword_stuffing,"Repeated phrase ""layer blister"" on /products/wrightsock-coolmesh-ii · 2 surfaces"
RQ-01187-X,HIGH,cross-surface,https://kitletics.com/products/wrightsock-coolmesh-ii,product,product:wrightsock-coolmesh-ii,body,template_repetition,Scaffold phrases (5) including is built for a specific job in the category — use that job as your first filter · 2 surfaces
RQ-01828,HIGH,content-sanity,https://kitletics.com/running/accessories,discipline-hub,page:/running/accessories,body,machine_filler,Machine filler on /running/accessories
RQ-01829,HIGH,content-sanity,https://kitletics.com/running/racing,discipline-hub,page:/running/racing,body,machine_filler,Machine filler on /running/racing
RQ-01830,HIGH,content-sanity,https://kitletics.com/running/road,discipline-hub,page:/running/road,body,machine_filler,Machine filler on /running/road
RQ-01831,HIGH,content-sanity,https://kitletics.com/running/shoes,discipline-hub,page:/running/shoes,body,internal_taxonomy,Catalog field names in rendered copy on /running/shoes
RQ-01832,HIGH,content-sanity,https://kitletics.com/running/shoes/daily-trainers,subcategory,page:/running/shoes/daily-trainers,body,internal_taxonomy,Catalog field names in rendered copy on /running/shoes/daily-trainers
RQ-01833,HIGH,content-sanity,https://kitletics.com/running/shoes/heavy-runners,subcategory,page:/running/shoes/heavy-runners,body,internal_taxonomy,Catalog field names in rendered copy on /running/shoes/heavy-runners
RQ-01834,HIGH,content-sanity,https://kitletics.com/running/shoes/race,subcategory,page:/running/shoes/race,body,internal_taxonomy,Catalog field names in rendered copy on /running/shoes/race
RQ-01835,HIGH,content-sanity,https://kitletics.com/running/shoes/stability,subcategory,page:/running/shoes/stability,body,internal_taxonomy,Catalog field names in rendered copy on /running/shoes/stability
RQ-01836,HIGH,content-sanity,https://kitletics.com/running/shoes/trail,subcategory,page:/running/shoes/trail,body,internal_taxonomy,Catalog field names in rendered copy on /running/shoes/trail
RQ-01837,HIGH,content-sanity,https://kitletics.com/running/trail,discipline-hub,page:/running/trail,body,machine_filler,Machine filler on /running/trail
RQ-01838,HIGH,content-sanity,https://kitletics.com/setups/beginner-running-setup,setup,page:beginner-running-setup,body,template_repetition,Scaffold phrases (11) including is built for a specific job in the category — use that job as your first filter
RQ-01839,HIGH,content-sanity,https://kitletics.com/setups/half-marathon-kit,setup,page:half-marathon-kit,body,template_repetition,Scaffold phrases (5) including is built for a specific job in the category — use that job as your first filter
RQ-01840,HIGH,content-sanity,https://kitletics.com/setups/trail-running-starter-kit,setup,page:trail-running-starter-kit,body,template_repetition,Scaffold phrases (8) including is built for a specific job in the category — use that job as your first filter
RQ-01841-X,HIGH,cross-surface,https://kitletics.com/best/hydration-marathon-training,best-guide,best-guide:hydration-marathon-training,best-guide.heroImageSrc,WRONG_CONTENT_TYPE,pack is authentic but the wrong content type for running_shoes · 1 surfaces
RQ-01844,BLOCKER,image-semantics,https://kitletics.com/brands/adidas-padel,brand-hub,brand:adidas-padel,brand-hub.guides.items[0],running_shoe_cross_sport,Known wrong filler /images/home/guide-running-shoes.jpg on /brands/adidas-padel (topic padel_rackets)
RQ-01845,HIGH,image-semantics,https://kitletics.com/brands/apple,brand-hub,brand:apple,brand-hub.heroProduct.image,WRONG_CONTENT_TYPE,gps_watch is authentic but the wrong content type for unknown
RQ-01846,HIGH,image-semantics,https://kitletics.com/brands/blackroll,brand-hub,brand:blackroll,brand-hub.heroProduct.image,WRONG_CONTENT_TYPE,recovery is authentic but the wrong content type for unknown
RQ-01847,BLOCKER,image-semantics,https://kitletics.com/brands/bullpadel,brand-hub,brand:bullpadel,brand-hub.guides.items[0],running_shoe_cross_sport,Known wrong filler /images/home/guide-running-shoes.jpg on /brands/bullpadel (topic padel_rackets)
RQ-01848,HIGH,image-semantics,https://kitletics.com/brands/garmin,brand-hub,brand:garmin,brand-hub.heroProduct.image,WRONG_CONTENT_TYPE,gps_watch is authentic but the wrong content type for unknown
RQ-01849,HIGH,image-semantics,https://kitletics.com/brands/gu-energy,brand-hub,brand:gu-energy,brand-hub.heroProduct.image,WRONG_CONTENT_TYPE,fuel is authentic but the wrong content type for unknown
RQ-01850,HIGH,image-semantics,https://kitletics.com/brands/inov-8,brand-hub,brand:inov-8,brand-hub.heroProduct.image,WRONG_CONTENT_TYPE,running_shoes is authentic but the wrong content type for unknown
RQ-01851,HIGH,image-semantics,https://kitletics.com/brands/maurten,brand-hub,brand:maurten,brand-hub.heroProduct.image,WRONG_CONTENT_TYPE,fuel is authentic but the wrong content type for unknown
RQ-01852,HIGH,image-semantics,https://kitletics.com/brands/new-balance,brand-hub,brand:new-balance,brand-hub.heroProduct.image,WRONG_CONTENT_TYPE,running_shoes is authentic but the wrong content type for unknown
RQ-01853,BLOCKER,image-semantics,https://kitletics.com/brands/nox,brand-hub,brand:nox,brand-hub.guides.items[0],running_shoe_cross_sport,Known wrong filler /images/home/guide-running-shoes.jpg on /brands/nox (topic padel_rackets)
RQ-01854,HIGH,image-semantics,https://kitletics.com/brands/patagonia,brand-hub,brand:patagonia,brand-hub.heroProduct.image,WRONG_CONTENT_TYPE,clothing is authentic but the wrong content type for unknown
RQ-01855,HIGH,image-semantics,https://kitletics.com/brands/samsung,brand-hub,brand:samsung,brand-hub.heroProduct.image,WRONG_CONTENT_TYPE,gps_watch is authentic but the wrong content type for unknown
RQ-01856,HIGH,image-semantics,https://kitletics.com/brands/science-in-sport,brand-hub,brand:science-in-sport,brand-hub.heroProduct.image,WRONG_CONTENT_TYPE,fuel is authentic but the wrong content type for unknown
RQ-01857,BLOCKER,image-semantics,https://kitletics.com/brands/tyr,brand-hub,brand:tyr,brand-hub.guides.items[0],running_shoe_cross_sport,Known wrong filler /images/home/guide-running-shoes.jpg on /brands/tyr (topic fitness)
RQ-01858,HIGH,image-semantics,https://kitletics.com/brands/ultimate-direction,brand-hub,brand:ultimate-direction,brand-hub.heroProduct.image,WRONG_CONTENT_TYPE,pack is authentic but the wrong content type for unknown
RQ-01859,HIGH,image-semantics,https://kitletics.com/brands/ultraspire,brand-hub,brand:ultraspire,brand-hub.heroProduct.image,WRONG_CONTENT_TYPE,pack is authentic but the wrong content type for unknown
RQ-01860,HIGH,image-semantics,https://kitletics.com/brands/wahoo,brand-hub,brand:wahoo,brand-hub.heroProduct.image,WRONG_CONTENT_TYPE,hrm is authentic but the wrong content type for unknown
RQ-01861-X,HIGH,cross-surface,https://kitletics.com/compare/feetures-elite-vs-darn-tough-run,comparison,page:feetures-elite-vs-darn-tough-run,comparison.heroImageSrc,WRONG_CONTENT_TYPE,socks is authentic but the wrong content type for running_shoes · 1 surfaces
RQ-01863-X,HIGH,cross-surface,https://kitletics.com/compare/flipbelt-classic-vs-naked-running-band,comparison,page:flipbelt-classic-vs-naked-running-band,comparison.heroImageSrc,WRONG_CONTENT_TYPE,belt is authentic but the wrong content type for running_generic · 1 surfaces
RQ-01865-X,HIGH,cross-surface,https://kitletics.com/compare/nathan-peak-vs-ultimate-direction-race-belt,comparison,page:nathan-peak-vs-ultimate-direction-race-belt,comparison.heroImageSrc,WRONG_CONTENT_TYPE,belt is authentic but the wrong content type for running_shoes · 1 surfaces
RQ-01867-X,HIGH,cross-surface,https://kitletics.com/compare/osprey-duro-lt-vs-ultimate-direction-race-vest-6,comparison,page:osprey-duro-lt-vs-ultimate-direction-race-vest-6,comparison.heroImageSrc,WRONG_CONTENT_TYPE,pack is authentic but the wrong content type for running_shoes · 1 surfaces
RQ-01869-X,HIGH,cross-surface,https://kitletics.com/compare/patagonia-strider-pro-vs-rabbit-fuel-n-fly,comparison,page:patagonia-strider-pro-vs-rabbit-fuel-n-fly,comparison.heroImageSrc,WRONG_CONTENT_TYPE,clothing is authentic but the wrong content type for fuel · 1 surfaces
RQ-01871-X,HIGH,cross-surface,https://kitletics.com/compare/salomon-adv-skin-12-vs-ultimate-direction-race-vest-6,comparison,page:salomon-adv-skin-12-vs-ultimate-direction-race-vest-6,comparison.heroImageSrc,WRONG_CONTENT_TYPE,pack is authentic but the wrong content type for running_shoes · 1 surfaces
RQ-01873-X,HIGH,cross-surface,https://kitletics.com/gear,gear-hub,page:gear,gear-hub.hero.montage[0],WRONG_CONTENT_TYPE,running_shoes is authentic but the wrong content type for unknown · 1 surfaces
RQ-01876,HIGH,image-semantics,https://kitletics.com/guides/carbon-vs-nylon-plates,buying-guide,guide:carbon-vs-nylon-plates,guide.hero,WRONG_CONTENT_TYPE,running_shoes is authentic but the wrong content type for unknown
RQ-01877,HIGH,image-semantics,https://kitletics.com/guides/hydration-for-marathon-training,buying-guide,guide:hydration-for-marathon-training,guide.hero,WRONG_CONTENT_TYPE,pack is authentic but the wrong content type for running_shoes
RQ-01878,HIGH,image-semantics,https://kitletics.com/guides/trail-race-kit-essentials,buying-guide,guide:trail-race-kit-essentials,guide.hero,WRONG_CONTENT_TYPE,pack is authentic but the wrong content type for running_shoes
RQ-01879-X,HIGH,cross-surface,https://kitletics.com/products/asics-gel-cumulus-27,product,product:asics-gel-cumulus-27,pdp.hero,WRONG_CONTENT_TYPE,running_shoes is authentic but the wrong content type for fuel · 2 surfaces
RQ-01880-X,HIGH,cross-surface,https://kitletics.com/products/asics-gel-kayano-32,product,product:asics-gel-kayano-32,pdp.hero,WRONG_CONTENT_TYPE,running_shoes is authentic but the wrong content type for fuel · 2 surfaces
RQ-01881-X,HIGH,cross-surface,https://kitletics.com/products/asics-gel-nimbus-27,product,product:asics-gel-nimbus-27,pdp.hero,WRONG_CONTENT_TYPE,running_shoes is authentic but the wrong content type for fuel · 2 surfaces
RQ-01882-X,HIGH,cross-surface,https://kitletics.com/products/asics-gel-trabuco-13,product,product:asics-gel-trabuco-13,pdp.hero,WRONG_CONTENT_TYPE,running_shoes is authentic but the wrong content type for fuel · 2 surfaces
RQ-01883-X,HIGH,cross-surface,https://kitletics.com/products/fitletic-fully-loaded,product,product:fitletic-fully-loaded,pdp.hero,WRONG_CONTENT_TYPE,pack is authentic but the wrong content type for belts · 2 surfaces
RQ-01884-X,HIGH,cross-surface,https://kitletics.com/products/kiprun-900-race-5,product,product:kiprun-900-race-5,pdp.hero,WRONG_CONTENT_TYPE,pack is authentic but the wrong content type for running_shoes · 2 surfaces
RQ-01885-X,HIGH,cross-surface,https://kitletics.com/products/kiprun-running-belt,product,product:kiprun-running-belt,pdp.hero,WRONG_CONTENT_TYPE,pack is authentic but the wrong content type for belts · 2 surfaces
RQ-01886-X,HIGH,cross-surface,https://kitletics.com/products/naked-running-band,product,product:naked-running-band,pdp.hero,WRONG_CONTENT_TYPE,pack is authentic but the wrong content type for running_generic · 2 surfaces
RQ-01887-X,HIGH,cross-surface,https://kitletics.com/products/nathan-streak-reflective-vest,product,product:nathan-streak-reflective-vest,pdp.hero,WRONG_CONTENT_TYPE,pack is authentic but the wrong content type for safety · 2 surfaces
RQ-01888-X,HIGH,cross-surface,https://kitletics.com/products/new-balance-fuelcell-rebel-v4,product,product:new-balance-fuelcell-rebel-v4,pdp.hero,WRONG_CONTENT_TYPE,running_shoes is authentic but the wrong content type for fuel · 2 surfaces
RQ-01889-X,HIGH,cross-surface,https://kitletics.com/products/new-balance-fuelcell-rebel-v5,product,product:new-balance-fuelcell-rebel-v5,pdp.hero,WRONG_CONTENT_TYPE,running_shoes is authentic but the wrong content type for fuel · 2 surfaces
RQ-01890-X,HIGH,cross-surface,https://kitletics.com/products/new-balance-fuelcell-supercomp-elite-v4,product,product:new-balance-fuelcell-supercomp-elite-v4,pdp.hero,WRONG_CONTENT_TYPE,running_shoes is authentic but the wrong content type for fuel · 2 surfaces
RQ-01891-X,HIGH,cross-surface,https://kitletics.com/products/new-balance-fuelcell-supercomp-trainer-v3,product,product:new-balance-fuelcell-supercomp-trainer-v3,pdp.hero,WRONG_CONTENT_TYPE,running_shoes is authentic but the wrong content type for fuel · 2 surfaces
RQ-01892-X,HIGH,cross-surface,https://kitletics.com/products/nnormal-race-vest,product,product:nnormal-race-vest,pdp.hero,WRONG_CONTENT_TYPE,pack is authentic but the wrong content type for running_shoes · 2 surfaces
RQ-01893-X,HIGH,cross-surface,https://kitletics.com/products/rabbit-fuel-n-fly-men,product,product:rabbit-fuel-n-fly-men,pdp.hero,WRONG_CONTENT_TYPE,clothing is authentic but the wrong content type for fuel · 2 surfaces
RQ-01894-X,HIGH,cross-surface,https://kitletics.com/products/silva-trail-runner-free-2,product,product:silva-trail-runner-free-2,pdp.hero,WRONG_CONTENT_TYPE,headlamp is authentic but the wrong content type for running_shoes · 2 surfaces
RQ-01895-X,HIGH,cross-surface,https://kitletics.com/products/suunto-race,product,product:suunto-race,pdp.hero,WRONG_CONTENT_TYPE,gps_watch is authentic but the wrong content type for running_shoes · 3 surfaces
RQ-01896-X,HIGH,cross-surface,https://kitletics.com/products/suunto-race-s,product,product:suunto-race-s,pdp.hero,WRONG_CONTENT_TYPE,gps_watch is authentic but the wrong content type for running_shoes · 3 surfaces
RQ-01899-X,HIGH,cross-surface,https://kitletics.com/products/ultimate-direction-race-belt,product,product:ultimate-direction-race-belt,pdp.hero,WRONG_CONTENT_TYPE,pack is authentic but the wrong content type for running_shoes · 2 surfaces
RQ-01900-X,HIGH,cross-surface,https://kitletics.com/products/ultimate-direction-race-vest-6,product,product:ultimate-direction-race-vest-6,pdp.hero,WRONG_CONTENT_TYPE,pack is authentic but the wrong content type for running_shoes · 2 surfaces
RQ-01901-X,HIGH,cross-surface,https://kitletics.com/products/ultraspire-alpha-6,product,product:ultraspire-alpha-6,pdp.hero,WRONG_CONTENT_TYPE,pack is authentic but the wrong content type for running_shoes · 2 surfaces
RQ-01902-X,HIGH,cross-surface,https://kitletics.com/products/ultraspire-fitted-race-belt-2,product,product:ultraspire-fitted-race-belt-2,pdp.hero,WRONG_CONTENT_TYPE,pack is authentic but the wrong content type for running_shoes · 2 surfaces
RQ-01925,MEDIUM,uniqueness,https://kitletics.com/reviews/100-percent-s3,review,review:100-percent-s3,body,NEEDS_DIFFERENTIATION,Analysis similarity 0.74 vs /reviews/oakley-kato (identifiers excluded)
RQ-01926,MEDIUM,uniqueness,https://kitletics.com/reviews/226ers-high-energy-gel,review,review:226ers-high-energy-gel,body,NEEDS_DIFFERENTIATION,Analysis similarity 0.75 vs /reviews/high5-energy-gel (identifiers excluded)
RQ-01927,MEDIUM,uniqueness,https://kitletics.com/reviews/2toms-sportshield,review,review:2toms-sportshield,body,NEEDS_DIFFERENTIATION,Analysis similarity 0.77 vs /reviews/body-glide-original (identifiers excluded)
RQ-01928,HIGH,uniqueness,https://kitletics.com/reviews/adidas-adizero-adios-pro-4,review,review:adidas-adizero-adios-pro-4,body,DUPLICATIVE,Analysis similarity 0.95 vs /reviews/saucony-endorphin-pro-4 (identifiers excluded)
RQ-01929,HIGH,uniqueness,https://kitletics.com/reviews/adidas-adizero-boston-13,review,review:adidas-adizero-boston-13,body,DUPLICATIVE,Analysis similarity 0.83 vs /reviews/saucony-guide-18 (identifiers excluded)
RQ-01930,HIGH,uniqueness,https://kitletics.com/reviews/adidas-adizero-evo-sl,review,review:adidas-adizero-evo-sl,body,DUPLICATIVE,Analysis similarity 0.93 vs /reviews/adidas-adizero-adios-pro-4 (identifiers excluded)
RQ-01931,MEDIUM,uniqueness,https://kitletics.com/reviews/adidas-own-the-run-short-men,review,review:adidas-own-the-run-short-men,body,NEEDS_DIFFERENTIATION,Analysis similarity 0.82 vs /reviews/adidas-own-the-run-tee-men (identifiers excluded)
RQ-01932,MEDIUM,uniqueness,https://kitletics.com/reviews/adidas-own-the-run-tee-men,review,review:adidas-own-the-run-tee-men,body,NEEDS_DIFFERENTIATION,Analysis similarity 0.82 vs /reviews/adidas-own-the-run-short-men (identifiers excluded)
RQ-01933,HIGH,uniqueness,https://kitletics.com/reviews/adidas-terrex-agravic-3,review,review:adidas-terrex-agravic-3,body,DUPLICATIVE,Analysis similarity 0.88 vs /reviews/salomon-pulsar-trail-2 (identifiers excluded)
RQ-01934,HIGH,uniqueness,https://kitletics.com/reviews/adidas-ultraboost-5,review,review:adidas-ultraboost-5,body,DUPLICATIVE,Analysis similarity 0.93 vs /reviews/on-cloudsurfer-next (identifiers excluded)
RQ-01935,HIGH,uniqueness,https://kitletics.com/reviews/altra-escalante-4,review,review:altra-escalante-4,body,DUPLICATIVE,Analysis similarity 0.91 vs /reviews/hoka-mach-6 (identifiers excluded)
RQ-01936,HIGH,uniqueness,https://kitletics.com/reviews/altra-experience-flow,review,review:altra-experience-flow,body,DUPLICATIVE,Analysis similarity 0.90 vs /reviews/saucony-ride-18 (identifiers excluded)
RQ-01937,HIGH,uniqueness,https://kitletics.com/reviews/altra-lone-peak-8,review,review:altra-lone-peak-8,body,DUPLICATIVE,Analysis similarity 0.89 vs /reviews/topo-athletic-terraventure-5 (identifiers excluded)
RQ-01938,HIGH,uniqueness,https://kitletics.com/reviews/altra-paradigm-7,review,review:altra-paradigm-7,body,DUPLICATIVE,Analysis similarity 0.84 vs /reviews/hoka-clifton-pro (identifiers excluded)
RQ-01939,HIGH,uniqueness,https://kitletics.com/reviews/altra-torin-8,review,review:altra-torin-8,body,DUPLICATIVE,Analysis similarity 0.94 vs /reviews/topo-athletic-phantom-3 (identifiers excluded)
RQ-01940,HIGH,uniqueness,https://kitletics.com/reviews/amazfit-active-2,review,review:amazfit-active-2,body,DUPLICATIVE,Analysis similarity 0.89 vs /reviews/suunto-run (identifiers excluded)
RQ-01941,HIGH,uniqueness,https://kitletics.com/reviews/amazfit-t-rex-3-pro,review,review:amazfit-t-rex-3-pro,body,DUPLICATIVE,Analysis similarity 0.91 vs /reviews/suunto-vertical-2 (identifiers excluded)
RQ-01942,MEDIUM,uniqueness,https://kitletics.com/reviews/amphipod-airflow-lite-belt,review,review:amphipod-airflow-lite-belt,body,NEEDS_DIFFERENTIATION,Analysis similarity 0.77 vs /reviews/kiprun-running-belt (identifiers excluded)
RQ-01943,MEDIUM,uniqueness,https://kitletics.com/reviews/amphipod-hydraform-ergo-lite-handheld,review,review:amphipod-hydraform-ergo-lite-handheld,body,NEEDS_DIFFERENTIATION,Analysis similarity 0.79 vs /reviews/camelbak-quick-grip-chill (identifiers excluded)
RQ-01944,MEDIUM,uniqueness,https://kitletics.com/reviews/amphipod-xinglet,review,review:amphipod-xinglet,body,NEEDS_DIFFERENTIATION,Analysis similarity 0.75 vs /reviews/proviz-reflect360-running-vest (identifiers excluded)
RQ-01945,HIGH,uniqueness,https://kitletics.com/reviews/apple-airpods-pro-2,review,review:apple-airpods-pro-2,body,DUPLICATIVE,Analysis similarity 0.83 vs /reviews/shokz-openrun-pro-2 (identifiers excluded)
RQ-01946,HIGH,uniqueness,https://kitletics.com/reviews/apple-watch-series-10,review,review:apple-watch-series-10,body,DUPLICATIVE,Analysis similarity 0.90 vs /reviews/samsung-galaxy-watch-ultra (identifiers excluded)
RQ-01947,HIGH,uniqueness,https://kitletics.com/reviews/apple-watch-ultra-2,review,review:apple-watch-ultra-2,body,DUPLICATIVE,Analysis similarity 0.84 vs /reviews/garmin-forerunner-265 (identifiers excluded)
RQ-01948,HIGH,uniqueness,https://kitletics.com/reviews/apple-watch-ultra-3,review,review:apple-watch-ultra-3,body,DUPLICATIVE,Analysis similarity 0.89 vs /reviews/samsung-galaxy-watch-ultra (identifiers excluded)
RQ-01949,MEDIUM,uniqueness,https://kitletics.com/reviews/asics-core-split-short,review,review:asics-core-split-short,body,NEEDS_DIFFERENTIATION,Analysis similarity 0.87 vs /reviews/nike-dri-fit-stride-short (identifiers excluded)
RQ-01950,HIGH,uniqueness,https://kitletics.com/reviews/asics-gel-cumulus-27,review,review:asics-gel-cumulus-27,body,DUPLICATIVE,Analysis similarity 0.91 vs /reviews/topo-athletic-phantom-3 (identifiers excluded)
RQ-01951,HIGH,uniqueness,https://kitletics.com/reviews/asics-gel-kayano-32,review,review:asics-gel-kayano-32,body,DUPLICATIVE,Analysis similarity 0.84 vs /reviews/hoka-bondi-9 (identifiers excluded)
RQ-01952,HIGH,uniqueness,https://kitletics.com/reviews/asics-gel-nimbus-27,review,review:asics-gel-nimbus-27,body,DUPLICATIVE,Analysis similarity 0.91 vs /reviews/new-balance-fresh-foam-x-1080-v14 (identifiers excluded)
RQ-01953,HIGH,uniqueness,https://kitletics.com/reviews/asics-gel-trabuco-13,review,review:asics-gel-trabuco-13,body,DUPLICATIVE,Analysis similarity 0.95 vs /reviews/saucony-xodus-ultra-3 (identifiers excluded)
RQ-01954,HIGH,uniqueness,https://kitletics.com/reviews/asics-gt-1000-13,review,review:asics-gt-1000-13,body,DUPLICATIVE,Analysis similarity 0.87 vs /reviews/saucony-guide-18 (identifiers excluded)
RQ-01955,HIGH,uniqueness,https://kitletics.com/reviews/asics-gt-2000-14,review,review:asics-gt-2000-14,body,DUPLICATIVE,Analysis similarity 0.96 vs /reviews/nike-structure-26 (identifiers excluded)
RQ-01956,HIGH,uniqueness,https://kitletics.com/reviews/asics-metaspeed-sky-paris,review,review:asics-metaspeed-sky-paris,body,DUPLICATIVE,Analysis similarity 0.93 vs /reviews/new-balance-fuelcell-supercomp-elite-v4 (identifiers excluded)
RQ-01957,HIGH,uniqueness,https://kitletics.com/reviews/asics-novablast-4,review,review:asics-novablast-4,body,DUPLICATIVE,Analysis similarity 0.86 vs /reviews/nike-invincible-3 (identifiers excluded)
RQ-01958,HIGH,uniqueness,https://kitletics.com/reviews/asics-superblast-2,review,review:asics-superblast-2,body,DUPLICATIVE,Analysis similarity 0.86 vs /reviews/nike-vaporfly-4 (identifiers excluded)
RQ-01959,HIGH,uniqueness,https://kitletics.com/reviews/assaultrunner-elite,review,review:assaultrunner-elite,body,DUPLICATIVE,Analysis similarity 0.90 vs /reviews/assaultrunner-pro (identifiers excluded)
RQ-01960,HIGH,uniqueness,https://kitletics.com/reviews/assaultrunner-pro,review,review:assaultrunner-pro,body,DUPLICATIVE,Analysis similarity 0.90 vs /reviews/assaultrunner-elite (identifiers excluded)
RQ-01961,HIGH,uniqueness,https://kitletics.com/reviews/balega-blister-resist,review,review:balega-blister-resist,body,DUPLICATIVE,Analysis similarity 0.92 vs /reviews/darn-tough-run-1-4 (identifiers excluded)
RQ-01962,MEDIUM,uniqueness,https://kitletics.com/reviews/balega-hidden-comfort,review,review:balega-hidden-comfort,body,NEEDS_DIFFERENTIATION,Analysis similarity 0.77 vs /reviews/wrightsock-coolmesh-ii (identifiers excluded)
RQ-01963,HIGH,uniqueness,https://kitletics.com/reviews/black-diamond-distance-8,review,review:black-diamond-distance-8,body,DUPLICATIVE,Analysis similarity 0.82 vs /reviews/ultimate-direction-adventure-vest (identifiers excluded)
RQ-01964,HIGH,uniqueness,https://kitletics.com/reviews/black-diamond-spot-400-r,review,review:black-diamond-spot-400-r,body,DUPLICATIVE,Analysis similarity 0.88 vs /reviews/silva-trail-runner-free-2 (identifiers excluded)
RQ-01965,MEDIUM,uniqueness,https://kitletics.com/reviews/blackroll-pro,review,review:blackroll-pro,body,NEEDS_DIFFERENTIATION,Analysis similarity 0.81 vs /reviews/triggerpoint-grid-x (identifiers excluded)
RQ-01966,MEDIUM,uniqueness,https://kitletics.com/reviews/body-glide-original,review,review:body-glide-original,body,NEEDS_DIFFERENTIATION,Analysis similarity 0.84 vs /reviews/squirrels-nut-butter (identifiers excluded)
RQ-01967,HIGH,uniqueness,https://kitletics.com/reviews/bose-ultra-open-earbuds,review,review:bose-ultra-open-earbuds,body,DUPLICATIVE,Analysis similarity 0.86 vs /reviews/shokz-openrun-pro-2 (identifiers excluded)
RQ-01968,MEDIUM,uniqueness,https://kitletics.com/reviews/brazyn-morph,review,review:brazyn-morph,body,NEEDS_DIFFERENTIATION,Analysis similarity 0.79 vs /reviews/triggerpoint-grid-travel (identifiers excluded)
RQ-01969,MEDIUM,uniqueness,https://kitletics.com/reviews/brooks-canopy-jacket-men,review,review:brooks-canopy-jacket-men,body,NEEDS_DIFFERENTIATION,Analysis similarity 0.84 vs /reviews/patagonia-houdini-men (identifiers excluded)
RQ-01970,HIGH,uniqueness,https://kitletics.com/reviews/brooks-cascadia-18,review,review:brooks-cascadia-18,body,DUPLICATIVE,Analysis similarity 0.94 vs /reviews/salomon-ultra-glide-2 (identifiers excluded)
RQ-01971,MEDIUM,uniqueness,https://kitletics.com/reviews/brooks-chaser-5-women,review,review:brooks-chaser-5-women,body,NEEDS_DIFFERENTIATION,Analysis similarity 0.79 vs /reviews/brooks-method-tight-women (identifiers excluded)
RQ-01972,HIGH,uniqueness,https://kitletics.com/reviews/brooks-ghost-16,review,review:brooks-ghost-16,body,DUPLICATIVE,Analysis similarity 0.89 vs /reviews/new-balance-fresh-foam-x-1080-v14 (identifiers excluded)
RQ-01973,HIGH,uniqueness,https://kitletics.com/reviews/brooks-ghost-18,review,review:brooks-ghost-18,body,DUPLICATIVE,Analysis similarity 0.86 vs /reviews/brooks-glycerin-22 (identifiers excluded)
RQ-01974,HIGH,uniqueness,https://kitletics.com/reviews/brooks-glycerin-21,review,review:brooks-glycerin-21,body,DUPLICATIVE,Analysis similarity 0.93 vs /reviews/new-balance-fresh-foam-x-1080-v13 (identifiers excluded)
RQ-01975,HIGH,uniqueness,https://kitletics.com/reviews/brooks-glycerin-22,review,review:brooks-glycerin-22,body,DUPLICATIVE,Analysis similarity 0.86 vs /reviews/brooks-ghost-18 (identifiers excluded)
RQ-01976,HIGH,uniqueness,https://kitletics.com/reviews/brooks-glycerin-gts-22,review,review:brooks-glycerin-gts-22,body,DUPLICATIVE,Analysis similarity 0.96 vs /reviews/hoka-gaviota-5 (identifiers excluded)
RQ-01977,HIGH,uniqueness,https://kitletics.com/reviews/brooks-hyperion-max-2,review,review:brooks-hyperion-max-2,body,DUPLICATIVE,Analysis similarity 0.94 vs /reviews/on-cloudmonster-2 (identifiers excluded)
RQ-01978,MEDIUM,uniqueness,https://kitletics.com/reviews/brooks-method-tight-women,review,review:brooks-method-tight-women,body,NEEDS_DIFFERENTIATION,Analysis similarity 0.83 vs /reviews/on-performance-tight-women (identifiers excluded)
RQ-01979,MEDIUM,uniqueness,https://kitletics.com/reviews/brooks-notch-thermal-beanie,review,review:brooks-notch-thermal-beanie,body,NEEDS_DIFFERENTIATION,Analysis similarity 0.80 vs /reviews/nike-therma-fit-glove (identifiers excluded)
RQ-01980,MEDIUM,uniqueness,https://kitletics.com/reviews/brooks-notch-thermal-men,review,review:brooks-notch-thermal-men,body,NEEDS_DIFFERENTIATION,Analysis similarity 0.75 vs /reviews/craft-adv-essence-light-wind-vest-men (identifiers excluded)
RQ-01981,MEDIUM,uniqueness,https://kitletics.com/reviews/brooks-sherpa-7-men,review,review:brooks-sherpa-7-men,body,NEEDS_DIFFERENTIATION,Analysis similarity 0.73 vs /reviews/brooks-chaser-5-women (identifiers excluded)
RQ-01982,MEDIUM,uniqueness,https://kitletics.com/reviews/buff-coolnet-uv,review,review:buff-coolnet-uv,body,NEEDS_DIFFERENTIATION,Analysis similarity 0.76 vs /reviews/buff-original (identifiers excluded)
RQ-01983,MEDIUM,uniqueness,https://kitletics.com/reviews/buff-merino-lightweight,review,review:buff-merino-lightweight,body,NEEDS_DIFFERENTIATION,Analysis similarity 0.74 vs /reviews/buff-coolnet-uv (identifiers excluded)
RQ-01984,MEDIUM,uniqueness,https://kitletics.com/reviews/buff-original,review,review:buff-original,body,NEEDS_DIFFERENTIATION,Analysis similarity 0.76 vs /reviews/buff-coolnet-uv (identifiers excluded)
RQ-01985,MEDIUM,uniqueness,https://kitletics.com/reviews/camelbak-apex-pro,review,review:camelbak-apex-pro,body,NEEDS_DIFFERENTIATION,Analysis similarity 0.81 vs /reviews/on-ultra-vest-pro (identifiers excluded)
RQ-01986,MEDIUM,uniqueness,https://kitletics.com/reviews/camelbak-circuit-run-vest,review,review:camelbak-circuit-run-vest,body,NEEDS_DIFFERENTIATION,Analysis similarity 0.79 vs /reviews/camelbak-apex-pro (identifiers excluded)
RQ-01987,MEDIUM,uniqueness,https://kitletics.com/reviews/camelbak-crux-15,review,review:camelbak-crux-15,body,NEEDS_DIFFERENTIATION,Analysis similarity 0.80 vs /reviews/hydrapak-softflask-speed-500 (identifiers excluded)
RQ-01988,MEDIUM,uniqueness,https://kitletics.com/reviews/camelbak-quick-grip-chill,review,review:camelbak-quick-grip-chill,body,NEEDS_DIFFERENTIATION,Analysis similarity 0.79 vs /reviews/amphipod-hydraform-ergo-lite-handheld (identifiers excluded)
RQ-01989,HIGH,uniqueness,https://kitletics.com/reviews/camelbak-zephyr,review,review:camelbak-zephyr,body,DUPLICATIVE,Analysis similarity 0.86 vs /reviews/nathan-vaporair-2 (identifiers excluded)
RQ-01990,MEDIUM,uniqueness,https://kitletics.com/reviews/cep-calf-sleeves-3,review,review:cep-calf-sleeves-3,body,NEEDS_DIFFERENTIATION,Analysis similarity 0.75 vs /reviews/cep-the-run-calf-sleeves (identifiers excluded)
RQ-01991,HIGH,uniqueness,https://kitletics.com/reviews/cep-run-compression-sock-3,review,review:cep-run-compression-sock-3,body,DUPLICATIVE,Analysis similarity 0.90 vs /reviews/darn-tough-run-1-4 (identifiers excluded)
RQ-01992,MEDIUM,uniqueness,https://kitletics.com/reviews/cep-the-run-calf-sleeves,review,review:cep-the-run-calf-sleeves,body,NEEDS_DIFFERENTIATION,Analysis similarity 0.75 vs /reviews/cep-calf-sleeves-3 (identifiers excluded)
RQ-01993,MEDIUM,uniqueness,https://kitletics.com/reviews/ciele-gocap-athletics,review,review:ciele-gocap-athletics,body,NEEDS_DIFFERENTIATION,Analysis similarity 0.82 vs /reviews/nike-aerobill-cap (identifiers excluded)
RQ-01994,MEDIUM,uniqueness,https://kitletics.com/reviews/clif-bloks-energy-chews,review,review:clif-bloks-energy-chews,body,NEEDS_DIFFERENTIATION,Analysis similarity 0.79 vs /reviews/gu-energy-chews (identifiers excluded)
RQ-01995,HIGH,uniqueness,https://kitletics.com/reviews/coros-apex-2-pro,review,review:coros-apex-2-pro,body,DUPLICATIVE,Analysis similarity 0.92 vs /reviews/suunto-race (identifiers excluded)
RQ-01996,HIGH,uniqueness,https://kitletics.com/reviews/coros-apex-4,review,review:coros-apex-4,body,DUPLICATIVE,Analysis similarity 0.89 vs /reviews/suunto-vertical-2 (identifiers excluded)
RQ-01997,HIGH,uniqueness,https://kitletics.com/reviews/coros-heart-rate-monitor,review,review:coros-heart-rate-monitor,body,DUPLICATIVE,Analysis similarity 0.86 vs /reviews/polar-verity-sense (identifiers excluded)
RQ-01998,MEDIUM,uniqueness,https://kitletics.com/reviews/coros-pace-3,review,review:coros-pace-3,body,NEEDS_DIFFERENTIATION,Analysis similarity 0.81 vs /reviews/coros-pace-4 (identifiers excluded)
RQ-01999,HIGH,uniqueness,https://kitletics.com/reviews/coros-pace-4,review,review:coros-pace-4,body,DUPLICATIVE,Analysis similarity 0.92 vs /reviews/polar-grit-x2 (identifiers excluded)
RQ-02000,HIGH,uniqueness,https://kitletics.com/reviews/coros-pace-pro,review,review:coros-pace-pro,body,DUPLICATIVE,Analysis similarity 0.91 vs /reviews/garmin-forerunner-965 (identifiers excluded)
RQ-02001,HIGH,uniqueness,https://kitletics.com/reviews/coros-vertix-2s,review,review:coros-vertix-2s,body,DUPLICATIVE,Analysis similarity 0.88 vs /reviews/samsung-galaxy-watch-ultra (identifiers excluded)
RQ-02002,MEDIUM,uniqueness,https://kitletics.com/reviews/craft-active-extreme-x-men,review,review:craft-active-extreme-x-men,body,NEEDS_DIFFERENTIATION,Analysis similarity 0.77 vs /reviews/patagonia-capilene-midweight-zip-men (identifiers excluded)
RQ-02003,MEDIUM,uniqueness,https://kitletics.com/reviews/craft-adv-essence-light-wind-men,review,review:craft-adv-essence-light-wind-men,body,NEEDS_DIFFERENTIATION,Analysis similarity 0.83 vs /reviews/on-weather-jacket-men (identifiers excluded)
RQ-02004,MEDIUM,uniqueness,https://kitletics.com/reviews/craft-adv-essence-light-wind-vest-men,review,review:craft-adv-essence-light-wind-vest-men,body,NEEDS_DIFFERENTIATION,Analysis similarity 0.79 vs /reviews/craft-adv-essence-light-wind-men (identifiers excluded)
RQ-02005,MEDIUM,uniqueness,https://kitletics.com/reviews/craft-adv-essence-short,review,review:craft-adv-essence-short,body,NEEDS_DIFFERENTIATION,Analysis similarity 0.87 vs /reviews/nike-dri-fit-stride-short (identifiers excluded)
RQ-02006,MEDIUM,uniqueness,https://kitletics.com/reviews/craft-adv-essence-tight-men,review,review:craft-adv-essence-tight-men,body,NEEDS_DIFFERENTIATION,Analysis similarity 0.80 vs /reviews/craft-adv-essence-light-wind-men (identifiers excluded)
RQ-02007,MEDIUM,uniqueness,https://kitletics.com/reviews/craft-adv-lumen-glove,review,review:craft-adv-lumen-glove,body,NEEDS_DIFFERENTIATION,Analysis similarity 0.83 vs /reviews/nike-therma-fit-glove (identifiers excluded)
RQ-02008,HIGH,uniqueness,https://kitletics.com/reviews/darn-tough-run-1-4,review,review:darn-tough-run-1-4,body,DUPLICATIVE,Analysis similarity 0.92 vs /reviews/balega-blister-resist (identifiers excluded)
RQ-02009,MEDIUM,uniqueness,https://kitletics.com/reviews/drymax-run-lite-mesh,review,review:drymax-run-lite-mesh,body,NEEDS_DIFFERENTIATION,Analysis similarity 0.76 vs /reviews/wrightsock-coolmesh-ii (identifiers excluded)
RQ-02010,MEDIUM,uniqueness,https://kitletics.com/reviews/feetures-elite-light-cushion,review,review:feetures-elite-light-cushion,body,NEEDS_DIFFERENTIATION,Analysis similarity 0.81 vs /reviews/petzl-swift-rl (identifiers excluded)
RQ-02011,MEDIUM,uniqueness,https://kitletics.com/reviews/fitletic-fully-loaded,review,review:fitletic-fully-loaded,body,NEEDS_DIFFERENTIATION,Analysis similarity 0.82 vs /reviews/nathan-zipster-lite (identifiers excluded)
RQ-02012,HIGH,uniqueness,https://kitletics.com/reviews/flipbelt-classic,review,review:flipbelt-classic,body,DUPLICATIVE,Analysis similarity 0.83 vs /reviews/naked-running-band (identifiers excluded)
RQ-02013,HIGH,uniqueness,https://kitletics.com/reviews/garmin-enduro-3,review,review:garmin-enduro-3,body,DUPLICATIVE,Analysis similarity 0.83 vs /reviews/coros-apex-4 (identifiers excluded)
RQ-02014,HIGH,uniqueness,https://kitletics.com/reviews/garmin-epix-pro-gen-2,review,review:garmin-epix-pro-gen-2,body,DUPLICATIVE,Analysis similarity 0.86 vs /reviews/garmin-forerunner-265s (identifiers excluded)
RQ-02015,MEDIUM,uniqueness,https://kitletics.com/reviews/garmin-fenix-8,review,review:garmin-fenix-8,body,NEEDS_DIFFERENTIATION,Analysis similarity 0.78 vs /reviews/suunto-vertical-2 (identifiers excluded)
RQ-02016,HIGH,uniqueness,https://kitletics.com/reviews/garmin-forerunner-165,review,review:garmin-forerunner-165,body,DUPLICATIVE,Analysis similarity 0.93 vs /reviews/garmin-forerunner-965 (identifiers excluded)
RQ-02017,HIGH,uniqueness,https://kitletics.com/reviews/garmin-forerunner-255,review,review:garmin-forerunner-255,body,DUPLICATIVE,Analysis similarity 0.90 vs /reviews/garmin-forerunner-165 (identifiers excluded)
RQ-02018,HIGH,uniqueness,https://kitletics.com/reviews/garmin-forerunner-265,review,review:garmin-forerunner-265,body,DUPLICATIVE,Analysis similarity 0.84 vs /reviews/apple-watch-ultra-2 (identifiers excluded)
RQ-02019,HIGH,uniqueness,https://kitletics.com/reviews/garmin-forerunner-265s,review,review:garmin-forerunner-265s,body,DUPLICATIVE,Analysis similarity 0.88 vs /reviews/suunto-vertical-2 (identifiers excluded)
RQ-02020,HIGH,uniqueness,https://kitletics.com/reviews/garmin-forerunner-55,review,review:garmin-forerunner-55,body,DUPLICATIVE,Analysis similarity 0.92 vs /reviews/garmin-forerunner-165 (identifiers excluded)
RQ-02021,HIGH,uniqueness,https://kitletics.com/reviews/garmin-forerunner-570,review,review:garmin-forerunner-570,body,DUPLICATIVE,Analysis similarity 0.91 vs /reviews/garmin-forerunner-165 (identifiers excluded)
RQ-02022,HIGH,uniqueness,https://kitletics.com/reviews/garmin-forerunner-965,review,review:garmin-forerunner-965,body,DUPLICATIVE,Analysis similarity 0.94 vs /reviews/suunto-race (identifiers excluded)
RQ-02023,HIGH,uniqueness,https://kitletics.com/reviews/garmin-forerunner-970,review,review:garmin-forerunner-970,body,DUPLICATIVE,Analysis similarity 0.82 vs /reviews/coros-pace-4 (identifiers excluded)
RQ-02024,HIGH,uniqueness,https://kitletics.com/reviews/garmin-hrm-200,review,review:garmin-hrm-200,body,DUPLICATIVE,Analysis similarity 0.86 vs /reviews/garmin-hrm-pro-plus (identifiers excluded)
RQ-02025,HIGH,uniqueness,https://kitletics.com/reviews/garmin-hrm-600,review,review:garmin-hrm-600,body,DUPLICATIVE,Analysis similarity 0.86 vs /reviews/garmin-hrm-200 (identifiers excluded)
RQ-02026,HIGH,uniqueness,https://kitletics.com/reviews/garmin-hrm-fit,review,review:garmin-hrm-fit,body,DUPLICATIVE,Analysis similarity 0.87 vs /reviews/garmin-hrm-pro-plus (identifiers excluded)
RQ-02027,HIGH,uniqueness,https://kitletics.com/reviews/garmin-hrm-pro-plus,review,review:garmin-hrm-pro-plus,body,DUPLICATIVE,Analysis similarity 0.87 vs /reviews/garmin-hrm-fit (identifiers excluded)
RQ-02028,HIGH,uniqueness,https://kitletics.com/reviews/garmin-instinct-3,review,review:garmin-instinct-3,body,DUPLICATIVE,Analysis similarity 0.86 vs /reviews/amazfit-t-rex-3-pro (identifiers excluded)
RQ-02029,HIGH,uniqueness,https://kitletics.com/reviews/garmin-vivoactive-6,review,review:garmin-vivoactive-6,body,DUPLICATIVE,Analysis similarity 0.88 vs /reviews/suunto-vertical-2 (identifiers excluded)
RQ-02030,MEDIUM,uniqueness,https://kitletics.com/reviews/goodr-circle-gs,review,review:goodr-circle-gs,body,NEEDS_DIFFERENTIATION,Analysis similarity 0.78 vs /reviews/tifosi-vogel (identifiers excluded)
RQ-02031,MEDIUM,uniqueness,https://kitletics.com/reviews/goodr-ogs,review,review:goodr-ogs,body,NEEDS_DIFFERENTIATION,Analysis similarity 0.81 vs /reviews/oakley-encoder (identifiers excluded)
RQ-02032,MEDIUM,uniqueness,https://kitletics.com/reviews/gu-energy-chews,review,review:gu-energy-chews,body,NEEDS_DIFFERENTIATION,Analysis similarity 0.79 vs /reviews/clif-bloks-energy-chews (identifiers excluded)
RQ-02033,MEDIUM,uniqueness,https://kitletics.com/reviews/gu-energy-gel,review,review:gu-energy-gel,body,NEEDS_DIFFERENTIATION,Analysis similarity 0.76 vs /reviews/honey-stinger-organic-energy-gel (identifiers excluded)
RQ-02034,MEDIUM,uniqueness,https://kitletics.com/reviews/high5-energy-gel,review,review:high5-energy-gel,body,NEEDS_DIFFERENTIATION,Analysis similarity 0.75 vs /reviews/226ers-high-energy-gel (identifiers excluded)
RQ-02035,MEDIUM,uniqueness,https://kitletics.com/reviews/high5-zero,review,review:high5-zero,body,NEEDS_DIFFERENTIATION,Analysis similarity 0.77 vs /reviews/nuun-sport (identifiers excluded)
RQ-02036,HIGH,uniqueness,https://kitletics.com/reviews/hoka-arahi-7,review,review:hoka-arahi-7,body,DUPLICATIVE,Analysis similarity 0.94 vs /reviews/brooks-glycerin-gts-22 (identifiers excluded)
RQ-02037,HIGH,uniqueness,https://kitletics.com/reviews/hoka-bondi-8,review,review:hoka-bondi-8,body,DUPLICATIVE,Analysis similarity 0.91 vs /reviews/brooks-glycerin-21 (identifiers excluded)
RQ-02038,HIGH,uniqueness,https://kitletics.com/reviews/hoka-bondi-9,review,review:hoka-bondi-9,body,DUPLICATIVE,Analysis similarity 0.84 vs /reviews/asics-gel-kayano-32 (identifiers excluded)
RQ-02039,HIGH,uniqueness,https://kitletics.com/reviews/hoka-clifton-10,review,review:hoka-clifton-10,body,DUPLICATIVE,Analysis similarity 0.83 vs /reviews/brooks-glycerin-22 (identifiers excluded)
RQ-02040,HIGH,uniqueness,https://kitletics.com/reviews/hoka-clifton-9,review,review:hoka-clifton-9,body,DUPLICATIVE,Analysis similarity 0.91 vs /reviews/saucony-endorphin-speed-4 (identifiers excluded)
RQ-02041,HIGH,uniqueness,https://kitletics.com/reviews/hoka-clifton-pro,review,review:hoka-clifton-pro,body,DUPLICATIVE,Analysis similarity 0.88 vs /reviews/nike-structure-plus (identifiers excluded)
RQ-02042,HIGH,uniqueness,https://kitletics.com/reviews/hoka-gaviota-5,review,review:hoka-gaviota-5,body,DUPLICATIVE,Analysis similarity 0.96 vs /reviews/brooks-glycerin-gts-22 (identifiers excluded)
RQ-02043,HIGH,uniqueness,https://kitletics.com/reviews/hoka-mach-6,review,review:hoka-mach-6,body,DUPLICATIVE,Analysis similarity 0.91 vs /reviews/altra-escalante-4 (identifiers excluded)
RQ-02044,HIGH,uniqueness,https://kitletics.com/reviews/hoka-speedgoat-6,review,review:hoka-speedgoat-6,body,DUPLICATIVE,Analysis similarity 0.84 vs /reviews/hoka-bondi-9 (identifiers excluded)
RQ-02045,MEDIUM,uniqueness,https://kitletics.com/reviews/honey-stinger-organic-energy-gel,review,review:honey-stinger-organic-energy-gel,body,NEEDS_DIFFERENTIATION,Analysis similarity 0.77 vs /reviews/huma-gel-original (identifiers excluded)
RQ-02046,MEDIUM,uniqueness,https://kitletics.com/reviews/huma-gel-original,review,review:huma-gel-original,body,NEEDS_DIFFERENTIATION,Analysis similarity 0.77 vs /reviews/honey-stinger-organic-energy-gel (identifiers excluded)
RQ-02047,HIGH,uniqueness,https://kitletics.com/reviews/hydrapak-skyflask-speed-500,review,review:hydrapak-skyflask-speed-500,body,DUPLICATIVE,Analysis similarity 0.87 vs /reviews/nathan-exoshot-2 (identifiers excluded)
RQ-02048,MEDIUM,uniqueness,https://kitletics.com/reviews/hydrapak-softflask-250,review,review:hydrapak-softflask-250,body,NEEDS_DIFFERENTIATION,Analysis similarity 0.80 vs /reviews/hydrapak-skyflask-speed-500 (identifiers excluded)
RQ-02049,MEDIUM,uniqueness,https://kitletics.com/reviews/hydrapak-softflask-500,review,review:hydrapak-softflask-500,body,NEEDS_DIFFERENTIATION,Analysis similarity 0.72 vs /reviews/oakley-encoder (identifiers excluded)
RQ-02050,HIGH,uniqueness,https://kitletics.com/reviews/hydrapak-softflask-speed-500,review,review:hydrapak-softflask-speed-500,body,DUPLICATIVE,Analysis similarity 0.86 vs /reviews/salomon-soft-flask-500 (identifiers excluded)
RQ-02051,MEDIUM,uniqueness,https://kitletics.com/reviews/hyperice-hypervolt-2,review,review:hyperice-hypervolt-2,body,NEEDS_DIFFERENTIATION,Analysis similarity 0.78 vs /reviews/therabody-theragun-pro (identifiers excluded)
RQ-02052,HIGH,uniqueness,https://kitletics.com/reviews/hyperice-hypervolt-go-2,review,review:hyperice-hypervolt-go-2,body,DUPLICATIVE,Analysis similarity 0.83 vs /reviews/therabody-theragun-prime (identifiers excluded)
RQ-02053,MEDIUM,uniqueness,https://kitletics.com/reviews/hyperice-normatec-go,review,review:hyperice-normatec-go,body,NEEDS_DIFFERENTIATION,Analysis similarity 0.82 vs /reviews/therabody-theragun-prime (identifiers excluded)
RQ-02054,MEDIUM,uniqueness,https://kitletics.com/reviews/hyperice-vyper-3,review,review:hyperice-vyper-3,body,NEEDS_DIFFERENTIATION,Analysis similarity 0.75 vs /reviews/brazyn-morph (identifiers excluded)
RQ-02055,HIGH,uniqueness,https://kitletics.com/reviews/injinji-run-midweight,review,review:injinji-run-midweight,body,DUPLICATIVE,Analysis similarity 0.88 vs /reviews/cep-run-compression-sock-3 (identifiers excluded)
RQ-02056,HIGH,uniqueness,https://kitletics.com/reviews/inov8-trailfly-ultra-g-300-max,review,review:inov8-trailfly-ultra-g-300-max,body,DUPLICATIVE,Analysis similarity 0.83 vs /reviews/hoka-clifton-pro (identifiers excluded)
RQ-02057,HIGH,uniqueness,https://kitletics.com/reviews/janji-multi-short-men,review,review:janji-multi-short-men,body,DUPLICATIVE,Analysis similarity 0.88 vs /reviews/janji-pace-short-women (identifiers excluded)
RQ-02058,HIGH,uniqueness,https://kitletics.com/reviews/janji-pace-short-women,review,review:janji-pace-short-women,body,DUPLICATIVE,Analysis similarity 0.88 vs /reviews/janji-multi-short-men (identifiers excluded)
RQ-02059,MEDIUM,uniqueness,https://kitletics.com/reviews/janji-rainrunner-men,review,review:janji-rainrunner-men,body,NEEDS_DIFFERENTIATION,Analysis similarity 0.80 vs /reviews/craft-adv-essence-light-wind-men (identifiers excluded)
RQ-02060,MEDIUM,uniqueness,https://kitletics.com/reviews/janji-run-tee-men,review,review:janji-run-tee-men,body,NEEDS_DIFFERENTIATION,Analysis similarity 0.78 vs /reviews/nike-dri-fit-miler-women (identifiers excluded)
RQ-02061,MEDIUM,uniqueness,https://kitletics.com/reviews/julbo-aerolite,review,review:julbo-aerolite,body,NEEDS_DIFFERENTIATION,Analysis similarity 0.81 vs /reviews/oakley-encoder (identifiers excluded)
RQ-02062,MEDIUM,uniqueness,https://kitletics.com/reviews/kiprun-running-belt,review,review:kiprun-running-belt,body,NEEDS_DIFFERENTIATION,Analysis similarity 0.77 vs /reviews/amphipod-airflow-lite-belt (identifiers excluded)
RQ-02063,MEDIUM,uniqueness,https://kitletics.com/reviews/maurten-drink-mix-160,review,review:maurten-drink-mix-160,body,NEEDS_DIFFERENTIATION,Analysis similarity 0.76 vs /reviews/maurten-drink-mix-320 (identifiers excluded)
RQ-02064,MEDIUM,uniqueness,https://kitletics.com/reviews/maurten-drink-mix-320,review,review:maurten-drink-mix-320,body,NEEDS_DIFFERENTIATION,Analysis similarity 0.76 vs /reviews/maurten-drink-mix-160 (identifiers excluded)
RQ-02065,MEDIUM,uniqueness,https://kitletics.com/reviews/maurten-gel-100,review,review:maurten-gel-100,body,NEEDS_DIFFERENTIATION,Analysis similarity 0.73 vs /reviews/neversecond-c30-sports-drink (identifiers excluded)
RQ-02066,MEDIUM,uniqueness,https://kitletics.com/reviews/maurten-gel-100-caf-100,review,review:maurten-gel-100-caf-100,body,NEEDS_DIFFERENTIATION,Analysis similarity 0.73 vs /reviews/maurten-gel-100 (identifiers excluded)
RQ-02067,MEDIUM,uniqueness,https://kitletics.com/reviews/maurten-gel-160,review,review:maurten-gel-160,body,NEEDS_DIFFERENTIATION,Analysis similarity 0.76 vs /reviews/sis-beta-fuel-gel (identifiers excluded)
RQ-02068,HIGH,uniqueness,https://kitletics.com/reviews/mirafit-folding-treadmill,review,review:mirafit-folding-treadmill,body,DUPLICATIVE,Analysis similarity 0.88 vs /reviews/assaultrunner-elite (identifiers excluded)
RQ-02069,HIGH,uniqueness,https://kitletics.com/reviews/mizuno-wave-rebellion-pro-3,review,review:mizuno-wave-rebellion-pro-3,body,DUPLICATIVE,Analysis similarity 0.93 vs /reviews/puma-deviate-nitro-3 (identifiers excluded)
RQ-02070,HIGH,uniqueness,https://kitletics.com/reviews/mizuno-wave-rider-28,review,review:mizuno-wave-rider-28,body,DUPLICATIVE,Analysis similarity 0.85 vs /reviews/nike-structure-26 (identifiers excluded)
RQ-02071,MEDIUM,uniqueness,https://kitletics.com/reviews/naak-ultra-energy-bar,review,review:naak-ultra-energy-bar,body,NEEDS_DIFFERENTIATION,Analysis similarity 0.75 vs /reviews/powerbar-energize (identifiers excluded)
RQ-02072,HIGH,uniqueness,https://kitletics.com/reviews/naked-running-band,review,review:naked-running-band,body,DUPLICATIVE,Analysis similarity 0.83 vs /reviews/flipbelt-classic (identifiers excluded)
RQ-02073,HIGH,uniqueness,https://kitletics.com/reviews/nathan-exoshot-2,review,review:nathan-exoshot-2,body,DUPLICATIVE,Analysis similarity 0.87 vs /reviews/salomon-soft-flask-500 (identifiers excluded)
RQ-02074,HIGH,uniqueness,https://kitletics.com/reviews/nathan-mirage-pak,review,review:nathan-mirage-pak,body,DUPLICATIVE,Analysis similarity 0.86 vs /reviews/spibelt-original (identifiers excluded)
RQ-02075,MEDIUM,uniqueness,https://kitletics.com/reviews/nathan-peak-hydration-waist-pack,review,review:nathan-peak-hydration-waist-pack,body,NEEDS_DIFFERENTIATION,Analysis similarity 0.79 vs /reviews/ultimate-direction-race-belt (identifiers excluded)
RQ-02076,MEDIUM,uniqueness,https://kitletics.com/reviews/nathan-pinnacle-12,review,review:nathan-pinnacle-12,body,NEEDS_DIFFERENTIATION,Analysis similarity 0.77 vs /reviews/salomon-adv-skin-12 (identifiers excluded)
RQ-02077,MEDIUM,uniqueness,https://kitletics.com/reviews/nathan-softflask-18oz,review,review:nathan-softflask-18oz,body,NEEDS_DIFFERENTIATION,Analysis similarity 0.80 vs /reviews/ultimate-direction-body-bottle-500 (identifiers excluded)
RQ-02078,MEDIUM,uniqueness,https://kitletics.com/reviews/nathan-speeddraw-plus-insulated-18oz,review,review:nathan-speeddraw-plus-insulated-18oz,body,NEEDS_DIFFERENTIATION,Analysis similarity 0.80 vs /reviews/hydrapak-skyflask-speed-500 (identifiers excluded)
RQ-02079,MEDIUM,uniqueness,https://kitletics.com/reviews/nathan-streak-reflective-vest,review,review:nathan-streak-reflective-vest,body,NEEDS_DIFFERENTIATION,Analysis similarity 0.81 vs /reviews/oofos-ooriginal (identifiers excluded)
RQ-02080,HIGH,uniqueness,https://kitletics.com/reviews/nathan-vaporair-2,review,review:nathan-vaporair-2,body,DUPLICATIVE,Analysis similarity 0.86 vs /reviews/camelbak-zephyr (identifiers excluded)
RQ-02081,MEDIUM,uniqueness,https://kitletics.com/reviews/nathan-vaporair-4,review,review:nathan-vaporair-4,body,NEEDS_DIFFERENTIATION,Analysis similarity 0.80 vs /reviews/ultimate-direction-race-vest-6 (identifiers excluded)
RQ-02082,MEDIUM,uniqueness,https://kitletics.com/reviews/nathan-zipster-lite,review,review:nathan-zipster-lite,body,NEEDS_DIFFERENTIATION,Analysis similarity 0.82 vs /reviews/fitletic-fully-loaded (identifiers excluded)
RQ-02083,MEDIUM,uniqueness,https://kitletics.com/reviews/nb-rc-essential-short-men,review,review:nb-rc-essential-short-men,body,NEEDS_DIFFERENTIATION,Analysis similarity 0.80 vs /reviews/adidas-own-the-run-short-men (identifiers excluded)
RQ-02084,MEDIUM,uniqueness,https://kitletics.com/reviews/neversecond-c30-gel,review,review:neversecond-c30-gel,body,NEEDS_DIFFERENTIATION,Analysis similarity 0.77 vs /reviews/precision-pf30-drink-mix (identifiers excluded)
RQ-02085,MEDIUM,uniqueness,https://kitletics.com/reviews/neversecond-c30-sports-drink,review,review:neversecond-c30-sports-drink,body,NEEDS_DIFFERENTIATION,Analysis similarity 0.78 vs /reviews/tailwind-endurance-fuel (identifiers excluded)
RQ-02086,HIGH,uniqueness,https://kitletics.com/reviews/new-balance-fresh-foam-x-1080-v13,review,review:new-balance-fresh-foam-x-1080-v13,body,DUPLICATIVE,Analysis similarity 0.93 vs /reviews/brooks-glycerin-21 (identifiers excluded)
RQ-02087,HIGH,uniqueness,https://kitletics.com/reviews/new-balance-fresh-foam-x-1080-v14,review,review:new-balance-fresh-foam-x-1080-v14,body,DUPLICATIVE,Analysis similarity 0.92 vs /reviews/new-balance-fuelcell-supercomp-trainer-v3 (identifiers excluded)
RQ-02088,HIGH,uniqueness,https://kitletics.com/reviews/new-balance-fresh-foam-x-860-v14,review,review:new-balance-fresh-foam-x-860-v14,body,DUPLICATIVE,Analysis similarity 0.86 vs /reviews/saucony-guide-18 (identifiers excluded)
RQ-02089,HIGH,uniqueness,https://kitletics.com/reviews/new-balance-fresh-foam-x-hierro-v9,review,review:new-balance-fresh-foam-x-hierro-v9,body,DUPLICATIVE,Analysis similarity 0.88 vs /reviews/brooks-cascadia-18 (identifiers excluded)
RQ-02090,HIGH,uniqueness,https://kitletics.com/reviews/new-balance-fuelcell-rebel-v5,review,review:new-balance-fuelcell-rebel-v5,body,DUPLICATIVE,Analysis similarity 0.93 vs /reviews/saucony-triumph-22 (identifiers excluded)
RQ-02091,HIGH,uniqueness,https://kitletics.com/reviews/new-balance-fuelcell-supercomp-elite-v4,review,review:new-balance-fuelcell-supercomp-elite-v4,body,DUPLICATIVE,Analysis similarity 0.94 vs /reviews/saucony-endorphin-pro-4 (identifiers excluded)
RQ-02092,HIGH,uniqueness,https://kitletics.com/reviews/new-balance-fuelcell-supercomp-trainer-v3,review,review:new-balance-fuelcell-supercomp-trainer-v3,body,DUPLICATIVE,Analysis similarity 0.92 vs /reviews/new-balance-fresh-foam-x-1080-v14 (identifiers excluded)
RQ-02093,MEDIUM,uniqueness,https://kitletics.com/reviews/nike-aerobill-cap,review,review:nike-aerobill-cap,body,NEEDS_DIFFERENTIATION,Analysis similarity 0.82 vs /reviews/ciele-gocap-athletics (identifiers excluded)
RQ-02094,HIGH,uniqueness,https://kitletics.com/reviews/nike-aeroswift-singlet-men,review,review:nike-aeroswift-singlet-men,body,DUPLICATIVE,Analysis similarity 0.87 vs /reviews/nike-dri-fit-miler-men (identifiers excluded)
RQ-02095,HIGH,uniqueness,https://kitletics.com/reviews/nike-alphafly-3,review,review:nike-alphafly-3,body,DUPLICATIVE,Analysis similarity 0.89 vs /reviews/nike-vaporfly-4 (identifiers excluded)
RQ-02096,HIGH,uniqueness,https://kitletics.com/reviews/nike-dri-fit-miler-men,review,review:nike-dri-fit-miler-men,body,DUPLICATIVE,Analysis similarity 0.87 vs /reviews/nike-aeroswift-singlet-men (identifiers excluded)
RQ-02097,MEDIUM,uniqueness,https://kitletics.com/reviews/nike-dri-fit-miler-women,review,review:nike-dri-fit-miler-women,body,NEEDS_DIFFERENTIATION,Analysis similarity 0.78 vs /reviews/janji-run-tee-men (identifiers excluded)
RQ-02098,MEDIUM,uniqueness,https://kitletics.com/reviews/nike-dri-fit-stride-short,review,review:nike-dri-fit-stride-short,body,NEEDS_DIFFERENTIATION,Analysis similarity 0.87 vs /reviews/asics-core-split-short (identifiers excluded)
RQ-02099,MEDIUM,uniqueness,https://kitletics.com/reviews/nike-fast-tight-men,review,review:nike-fast-tight-men,body,NEEDS_DIFFERENTIATION,Analysis similarity 0.79 vs /reviews/craft-adv-essence-tight-men (identifiers excluded)
RQ-02100,MEDIUM,uniqueness,https://kitletics.com/reviews/nike-impossibly-light-men,review,review:nike-impossibly-light-men,body,NEEDS_DIFFERENTIATION,Analysis similarity 0.77 vs /reviews/craft-adv-essence-light-wind-vest-men (identifiers excluded)
RQ-02101,HIGH,uniqueness,https://kitletics.com/reviews/nike-invincible-3,review,review:nike-invincible-3,body,DUPLICATIVE,Analysis similarity 0.92 vs /reviews/brooks-glycerin-21 (identifiers excluded)
RQ-02102,HIGH,uniqueness,https://kitletics.com/reviews/nike-pegasus-41,review,review:nike-pegasus-41,body,DUPLICATIVE,Analysis similarity 0.87 vs /reviews/brooks-glycerin-21 (identifiers excluded)
RQ-02103,MEDIUM,uniqueness,https://kitletics.com/reviews/nike-pegasus-42,review,review:nike-pegasus-42,body,NEEDS_DIFFERENTIATION,Analysis similarity 0.79 vs /reviews/brooks-glycerin-22 (identifiers excluded)
RQ-02104,HIGH,uniqueness,https://kitletics.com/reviews/nike-pegasus-trail-5,review,review:nike-pegasus-trail-5,body,DUPLICATIVE,Analysis similarity 0.86 vs /reviews/salomon-genesis (identifiers excluded)
RQ-02105,HIGH,uniqueness,https://kitletics.com/reviews/nike-react-infinity-run-4,review,review:nike-react-infinity-run-4,body,DUPLICATIVE,Analysis similarity 0.94 vs /reviews/hoka-arahi-7 (identifiers excluded)
RQ-02106,HIGH,uniqueness,https://kitletics.com/reviews/nike-structure-26,review,review:nike-structure-26,body,DUPLICATIVE,Analysis similarity 0.96 vs /reviews/asics-gt-2000-14 (identifiers excluded)
RQ-02107,HIGH,uniqueness,https://kitletics.com/reviews/nike-structure-plus,review,review:nike-structure-plus,body,DUPLICATIVE,Analysis similarity 0.88 vs /reviews/hoka-clifton-pro (identifiers excluded)
RQ-02108,MEDIUM,uniqueness,https://kitletics.com/reviews/nike-therma-fit-glove,review,review:nike-therma-fit-glove,body,NEEDS_DIFFERENTIATION,Analysis similarity 0.83 vs /reviews/craft-adv-lumen-glove (identifiers excluded)
RQ-02109,HIGH,uniqueness,https://kitletics.com/reviews/nike-vaporfly-4,review,review:nike-vaporfly-4,body,DUPLICATIVE,Analysis similarity 0.89 vs /reviews/nike-alphafly-3 (identifiers excluded)
RQ-02110,HIGH,uniqueness,https://kitletics.com/reviews/nike-vomero-18,review,review:nike-vomero-18,body,DUPLICATIVE,Analysis similarity 0.85 vs /reviews/saucony-endorphin-speed-5 (identifiers excluded)
RQ-02111,MEDIUM,uniqueness,https://kitletics.com/reviews/nnormal-race-vest,review,review:nnormal-race-vest,body,NEEDS_DIFFERENTIATION,Analysis similarity 0.82 vs /reviews/ultimate-direction-adventure-vest (identifiers excluded)
RQ-02112,MEDIUM,uniqueness,https://kitletics.com/reviews/nuun-sport,review,review:nuun-sport,body,NEEDS_DIFFERENTIATION,Analysis similarity 0.77 vs /reviews/high5-zero (identifiers excluded)
RQ-02113,MEDIUM,uniqueness,https://kitletics.com/reviews/oakley-encoder,review,review:oakley-encoder,body,NEEDS_DIFFERENTIATION,Analysis similarity 0.81 vs /reviews/goodr-ogs (identifiers excluded)
RQ-02114,MEDIUM,uniqueness,https://kitletics.com/reviews/oakley-kato,review,review:oakley-kato,body,NEEDS_DIFFERENTIATION,Analysis similarity 0.81 vs /reviews/oakley-encoder (identifiers excluded)
RQ-02115,MEDIUM,uniqueness,https://kitletics.com/reviews/odlo-active-warm-eco-bottom-men,review,review:odlo-active-warm-eco-bottom-men,body,NEEDS_DIFFERENTIATION,Analysis similarity 0.73 vs /reviews/odlo-active-warm-eco-men (identifiers excluded)
RQ-02116,MEDIUM,uniqueness,https://kitletics.com/reviews/odlo-active-warm-eco-men,review,review:odlo-active-warm-eco-men,body,NEEDS_DIFFERENTIATION,Analysis similarity 0.79 vs /reviews/patagonia-capilene-midweight-zip-men (identifiers excluded)
RQ-02117,HIGH,uniqueness,https://kitletics.com/reviews/on-cloudmonster-2,review,review:on-cloudmonster-2,body,DUPLICATIVE,Analysis similarity 0.94 vs /reviews/brooks-hyperion-max-2 (identifiers excluded)
RQ-02118,HIGH,uniqueness,https://kitletics.com/reviews/on-cloudmonster-hyper,review,review:on-cloudmonster-hyper,body,DUPLICATIVE,Analysis similarity 0.92 vs /reviews/on-cloudsurfer-2 (identifiers excluded)
RQ-02119,HIGH,uniqueness,https://kitletics.com/reviews/on-cloudsurfer-2,review,review:on-cloudsurfer-2,body,DUPLICATIVE,Analysis similarity 0.92 vs /reviews/on-cloudmonster-hyper (identifiers excluded)
RQ-02120,HIGH,uniqueness,https://kitletics.com/reviews/on-cloudsurfer-next,review,review:on-cloudsurfer-next,body,DUPLICATIVE,Analysis similarity 0.94 vs /reviews/puma-magnify-nitro-2 (identifiers excluded)
RQ-02121,MEDIUM,uniqueness,https://kitletics.com/reviews/on-performance-short-men,review,review:on-performance-short-men,body,NEEDS_DIFFERENTIATION,Analysis similarity 0.79 vs /reviews/tracksmith-session-short-men (identifiers excluded)
RQ-02122,MEDIUM,uniqueness,https://kitletics.com/reviews/on-performance-tight-women,review,review:on-performance-tight-women,body,NEEDS_DIFFERENTIATION,Analysis similarity 0.83 vs /reviews/brooks-method-tight-women (identifiers excluded)
RQ-02123,HIGH,uniqueness,https://kitletics.com/reviews/on-ultra-vest-pro,review,review:on-ultra-vest-pro,body,DUPLICATIVE,Analysis similarity 0.82 vs /reviews/salomon-adv-skin-12 (identifiers excluded)
RQ-02124,MEDIUM,uniqueness,https://kitletics.com/reviews/on-weather-jacket-men,review,review:on-weather-jacket-men,body,NEEDS_DIFFERENTIATION,Analysis similarity 0.83 vs /reviews/craft-adv-essence-light-wind-men (identifiers excluded)
RQ-02125,MEDIUM,uniqueness,https://kitletics.com/reviews/oofos-ooriginal,review,review:oofos-ooriginal,body,NEEDS_DIFFERENTIATION,Analysis similarity 0.81 vs /reviews/nathan-streak-reflective-vest (identifiers excluded)
RQ-02126,MEDIUM,uniqueness,https://kitletics.com/reviews/osprey-duro-15,review,review:osprey-duro-15,body,NEEDS_DIFFERENTIATION,Analysis similarity 0.72 vs /reviews/ultimate-direction-fastpack-20 (identifiers excluded)
RQ-02127,HIGH,uniqueness,https://kitletics.com/reviews/osprey-duro-6,review,review:osprey-duro-6,body,DUPLICATIVE,Analysis similarity 0.94 vs /reviews/osprey-dyna-6 (identifiers excluded)
RQ-02128,MEDIUM,uniqueness,https://kitletics.com/reviews/osprey-duro-lt,review,review:osprey-duro-lt,body,NEEDS_DIFFERENTIATION,Analysis similarity 0.81 vs /reviews/osprey-duro-6 (identifiers excluded)
RQ-02129,HIGH,uniqueness,https://kitletics.com/reviews/osprey-dyna-6,review,review:osprey-dyna-6,body,DUPLICATIVE,Analysis similarity 0.94 vs /reviews/osprey-duro-6 (identifiers excluded)
RQ-02130,MEDIUM,uniqueness,https://kitletics.com/reviews/osprey-dyna-lt,review,review:osprey-dyna-lt,body,NEEDS_DIFFERENTIATION,Analysis similarity 0.74 vs /reviews/osprey-tempest-velocity-20 (identifiers excluded)
RQ-02131,MEDIUM,uniqueness,https://kitletics.com/reviews/osprey-talon-velocity-20,review,review:osprey-talon-velocity-20,body,NEEDS_DIFFERENTIATION,Analysis similarity 0.75 vs /reviews/osprey-tempest-velocity-20 (identifiers excluded)
RQ-02132,MEDIUM,uniqueness,https://kitletics.com/reviews/osprey-talon-velocity-30,review,review:osprey-talon-velocity-30,body,NEEDS_DIFFERENTIATION,Analysis similarity 0.73 vs /reviews/osprey-talon-velocity-20 (identifiers excluded)
RQ-02133,MEDIUM,uniqueness,https://kitletics.com/reviews/osprey-tempest-velocity-20,review,review:osprey-tempest-velocity-20,body,NEEDS_DIFFERENTIATION,Analysis similarity 0.75 vs /reviews/osprey-talon-velocity-20 (identifiers excluded)
RQ-02134,MEDIUM,uniqueness,https://kitletics.com/reviews/patagonia-capilene-cool-daily-men,review,review:patagonia-capilene-cool-daily-men,body,NEEDS_DIFFERENTIATION,Analysis similarity 0.80 vs /reviews/adidas-own-the-run-tee-men (identifiers excluded)
RQ-02135,MEDIUM,uniqueness,https://kitletics.com/reviews/patagonia-capilene-midweight-zip-men,review,review:patagonia-capilene-midweight-zip-men,body,NEEDS_DIFFERENTIATION,Analysis similarity 0.79 vs /reviews/odlo-active-warm-eco-men (identifiers excluded)
RQ-02136,MEDIUM,uniqueness,https://kitletics.com/reviews/patagonia-capilene-thermal-crew-men,review,review:patagonia-capilene-thermal-crew-men,body,NEEDS_DIFFERENTIATION,Analysis similarity 0.76 vs /reviews/patagonia-capilene-midweight-zip-men (identifiers excluded)
RQ-02137,MEDIUM,uniqueness,https://kitletics.com/reviews/patagonia-endless-run-tight-women,review,review:patagonia-endless-run-tight-women,body,NEEDS_DIFFERENTIATION,Analysis similarity 0.82 vs /reviews/on-performance-tight-women (identifiers excluded)
RQ-02138,MEDIUM,uniqueness,https://kitletics.com/reviews/patagonia-houdini-men,review,review:patagonia-houdini-men,body,NEEDS_DIFFERENTIATION,Analysis similarity 0.84 vs /reviews/brooks-canopy-jacket-men (identifiers excluded)
RQ-02139,MEDIUM,uniqueness,https://kitletics.com/reviews/patagonia-nano-puff-vest-men,review,review:patagonia-nano-puff-vest-men,body,NEEDS_DIFFERENTIATION,Analysis similarity 0.74 vs /reviews/craft-adv-essence-light-wind-vest-men (identifiers excluded)
RQ-02140,MEDIUM,uniqueness,https://kitletics.com/reviews/patagonia-strider-pro-men,review,review:patagonia-strider-pro-men,body,NEEDS_DIFFERENTIATION,Analysis similarity 0.77 vs /reviews/patagonia-capilene-cool-daily-men (identifiers excluded)
RQ-02141,MEDIUM,uniqueness,https://kitletics.com/reviews/patagonia-trailfarer-short-women,review,review:patagonia-trailfarer-short-women,body,NEEDS_DIFFERENTIATION,Analysis similarity 0.77 vs /reviews/brooks-chaser-5-women (identifiers excluded)
RQ-02142,MEDIUM,uniqueness,https://kitletics.com/reviews/petzl-swift-rl,review,review:petzl-swift-rl,body,NEEDS_DIFFERENTIATION,Analysis similarity 0.81 vs /reviews/feetures-elite-light-cushion (identifiers excluded)
RQ-02143,HIGH,uniqueness,https://kitletics.com/reviews/polar-grit-x2,review,review:polar-grit-x2,body,DUPLICATIVE,Analysis similarity 0.92 vs /reviews/coros-pace-4 (identifiers excluded)
RQ-02144,HIGH,uniqueness,https://kitletics.com/reviews/polar-h9,review,review:polar-h9,body,DUPLICATIVE,Analysis similarity 0.83 vs /reviews/suunto-smart-heart-rate-belt (identifiers excluded)
RQ-02145,HIGH,uniqueness,https://kitletics.com/reviews/polar-pacer,review,review:polar-pacer,body,DUPLICATIVE,Analysis similarity 0.91 vs /reviews/coros-pace-4 (identifiers excluded)
RQ-02146,HIGH,uniqueness,https://kitletics.com/reviews/polar-pacer-pro,review,review:polar-pacer-pro,body,DUPLICATIVE,Analysis similarity 0.92 vs /reviews/garmin-forerunner-55 (identifiers excluded)
RQ-02147,HIGH,uniqueness,https://kitletics.com/reviews/polar-vantage-v3,review,review:polar-vantage-v3,body,DUPLICATIVE,Analysis similarity 0.92 vs /reviews/garmin-forerunner-965 (identifiers excluded)
RQ-02148,HIGH,uniqueness,https://kitletics.com/reviews/polar-verity-sense,review,review:polar-verity-sense,body,DUPLICATIVE,Analysis similarity 0.86 vs /reviews/coros-heart-rate-monitor (identifiers excluded)
RQ-02149,MEDIUM,uniqueness,https://kitletics.com/reviews/powerbar-energize,review,review:powerbar-energize,body,NEEDS_DIFFERENTIATION,Analysis similarity 0.75 vs /reviews/naak-ultra-energy-bar (identifiers excluded)
RQ-02150,MEDIUM,uniqueness,https://kitletics.com/reviews/precision-pf30-drink-mix,review,review:precision-pf30-drink-mix,body,NEEDS_DIFFERENTIATION,Analysis similarity 0.77 vs /reviews/neversecond-c30-gel (identifiers excluded)
RQ-02151,MEDIUM,uniqueness,https://kitletics.com/reviews/precision-pf30-gel,review,review:precision-pf30-gel,body,NEEDS_DIFFERENTIATION,Analysis similarity 0.77 vs /reviews/precision-pf30-drink-mix (identifiers excluded)
RQ-02152,MEDIUM,uniqueness,https://kitletics.com/reviews/precision-ph1500,review,review:precision-ph1500,body,NEEDS_DIFFERENTIATION,Analysis similarity 0.73 vs /reviews/precision-pf30-drink-mix (identifiers excluded)
RQ-02153,MEDIUM,uniqueness,https://kitletics.com/reviews/proviz-reflect360-running-vest,review,review:proviz-reflect360-running-vest,body,NEEDS_DIFFERENTIATION,Analysis similarity 0.75 vs /reviews/amphipod-xinglet (identifiers excluded)
RQ-02154,HIGH,uniqueness,https://kitletics.com/reviews/puma-deviate-nitro-3,review,review:puma-deviate-nitro-3,body,DUPLICATIVE,Analysis similarity 0.93 vs /reviews/mizuno-wave-rebellion-pro-3 (identifiers excluded)
RQ-02155,HIGH,uniqueness,https://kitletics.com/reviews/puma-magnify-nitro-2,review,review:puma-magnify-nitro-2,body,DUPLICATIVE,Analysis similarity 0.94 vs /reviews/on-cloudsurfer-next (identifiers excluded)
RQ-02156,MEDIUM,uniqueness,https://kitletics.com/reviews/rabbit-fuel-n-fly-men,review,review:rabbit-fuel-n-fly-men,body,NEEDS_DIFFERENTIATION,Analysis similarity 0.75 vs /reviews/on-performance-short-men (identifiers excluded)
RQ-02157,HIGH,uniqueness,https://kitletics.com/reviews/salomon-adv-skin-12,review,review:salomon-adv-skin-12,body,DUPLICATIVE,Analysis similarity 0.85 vs /reviews/ultimate-direction-adventure-vest (identifiers excluded)
RQ-02158,MEDIUM,uniqueness,https://kitletics.com/reviews/salomon-adv-skin-5,review,review:salomon-adv-skin-5,body,NEEDS_DIFFERENTIATION,Analysis similarity 0.82 vs /reviews/salomon-adv-skin-12 (identifiers excluded)
RQ-02159,HIGH,uniqueness,https://kitletics.com/reviews/salomon-aero-glide-2,review,review:salomon-aero-glide-2,body,DUPLICATIVE,Analysis similarity 0.93 vs /reviews/on-cloudmonster-2 (identifiers excluded)
RQ-02160,MEDIUM,uniqueness,https://kitletics.com/reviews/salomon-bonatti-wp-men,review,review:salomon-bonatti-wp-men,body,NEEDS_DIFFERENTIATION,Analysis similarity 0.76 vs /reviews/janji-rainrunner-men (identifiers excluded)
RQ-02161,MEDIUM,uniqueness,https://kitletics.com/reviews/salomon-bonatti-wp-women,review,review:salomon-bonatti-wp-women,body,NEEDS_DIFFERENTIATION,Analysis similarity 0.79 vs /reviews/on-weather-jacket-men (identifiers excluded)
RQ-02162,HIGH,uniqueness,https://kitletics.com/reviews/salomon-genesis,review,review:salomon-genesis,body,DUPLICATIVE,Analysis similarity 0.87 vs /reviews/adidas-terrex-agravic-3 (identifiers excluded)
RQ-02163,HIGH,uniqueness,https://kitletics.com/reviews/salomon-pulsar-trail-2,review,review:salomon-pulsar-trail-2,body,DUPLICATIVE,Analysis similarity 0.88 vs /reviews/adidas-terrex-agravic-3 (identifiers excluded)
RQ-02164,HIGH,uniqueness,https://kitletics.com/reviews/salomon-pulse-belt,review,review:salomon-pulse-belt,body,DUPLICATIVE,Analysis similarity 0.83 vs /reviews/ultimate-direction-race-belt (identifiers excluded)
RQ-02165,HIGH,uniqueness,https://kitletics.com/reviews/salomon-sense-ride-5,review,review:salomon-sense-ride-5,body,DUPLICATIVE,Analysis similarity 0.83 vs /reviews/salomon-pulsar-trail-2 (identifiers excluded)
RQ-02166,HIGH,uniqueness,https://kitletics.com/reviews/salomon-soft-flask-500,review,review:salomon-soft-flask-500,body,DUPLICATIVE,Analysis similarity 0.87 vs /reviews/nathan-exoshot-2 (identifiers excluded)
RQ-02167,MEDIUM,uniqueness,https://kitletics.com/reviews/salomon-soft-flask-speed-500,review,review:salomon-soft-flask-speed-500,body,NEEDS_DIFFERENTIATION,Analysis similarity 0.79 vs /reviews/nathan-softflask-18oz (identifiers excluded)
RQ-02168,HIGH,uniqueness,https://kitletics.com/reviews/salomon-ultra-glide-2,review,review:salomon-ultra-glide-2,body,DUPLICATIVE,Analysis similarity 0.94 vs /reviews/brooks-cascadia-18 (identifiers excluded)
RQ-02169,MEDIUM,uniqueness,https://kitletics.com/reviews/saltstick-caps,review,review:saltstick-caps,body,NEEDS_DIFFERENTIATION,Analysis similarity 0.77 vs /reviews/saltstick-fastchews (identifiers excluded)
RQ-02170,MEDIUM,uniqueness,https://kitletics.com/reviews/saltstick-fastchews,review,review:saltstick-fastchews,body,NEEDS_DIFFERENTIATION,Analysis similarity 0.77 vs /reviews/saltstick-caps (identifiers excluded)
RQ-02171,HIGH,uniqueness,https://kitletics.com/reviews/samsung-galaxy-watch-ultra,review,review:samsung-galaxy-watch-ultra,body,DUPLICATIVE,Analysis similarity 0.90 vs /reviews/apple-watch-series-10 (identifiers excluded)
RQ-02172,HIGH,uniqueness,https://kitletics.com/reviews/saucony-endorphin-pro-3,review,review:saucony-endorphin-pro-3,body,DUPLICATIVE,Analysis similarity 0.87 vs /reviews/new-balance-fresh-foam-x-1080-v13 (identifiers excluded)
RQ-02173,HIGH,uniqueness,https://kitletics.com/reviews/saucony-endorphin-pro-4,review,review:saucony-endorphin-pro-4,body,DUPLICATIVE,Analysis similarity 0.95 vs /reviews/adidas-adizero-adios-pro-4 (identifiers excluded)
RQ-02174,HIGH,uniqueness,https://kitletics.com/reviews/saucony-endorphin-speed-4,review,review:saucony-endorphin-speed-4,body,DUPLICATIVE,Analysis similarity 0.91 vs /reviews/hoka-clifton-9 (identifiers excluded)
RQ-02175,HIGH,uniqueness,https://kitletics.com/reviews/saucony-endorphin-speed-5,review,review:saucony-endorphin-speed-5,body,DUPLICATIVE,Analysis similarity 0.85 vs /reviews/nike-vomero-18 (identifiers excluded)
RQ-02176,HIGH,uniqueness,https://kitletics.com/reviews/saucony-guide-18,review,review:saucony-guide-18,body,DUPLICATIVE,Analysis similarity 0.87 vs /reviews/asics-gt-1000-13 (identifiers excluded)
RQ-02177,HIGH,uniqueness,https://kitletics.com/reviews/saucony-ride-18,review,review:saucony-ride-18,body,DUPLICATIVE,Analysis similarity 0.93 vs /reviews/topo-athletic-specter-2 (identifiers excluded)
RQ-02178,HIGH,uniqueness,https://kitletics.com/reviews/saucony-triumph-22,review,review:saucony-triumph-22,body,DUPLICATIVE,Analysis similarity 0.93 vs /reviews/new-balance-fuelcell-rebel-v5 (identifiers excluded)
RQ-02179,HIGH,uniqueness,https://kitletics.com/reviews/saucony-xodus-ultra-3,review,review:saucony-xodus-ultra-3,body,DUPLICATIVE,Analysis similarity 0.95 vs /reviews/asics-gel-trabuco-13 (identifiers excluded)
RQ-02180,HIGH,uniqueness,https://kitletics.com/reviews/scosche-rhythm-plus-2,review,review:scosche-rhythm-plus-2,body,DUPLICATIVE,Analysis similarity 0.83 vs /reviews/scosche-rhythm24 (identifiers excluded)
RQ-02181,HIGH,uniqueness,https://kitletics.com/reviews/scosche-rhythm24,review,review:scosche-rhythm24,body,DUPLICATIVE,Analysis similarity 0.86 vs /reviews/polar-verity-sense (identifiers excluded)
RQ-02182,HIGH,uniqueness,https://kitletics.com/reviews/shokz-openfit-2,review,review:shokz-openfit-2,body,DUPLICATIVE,Analysis similarity 0.85 vs /reviews/suunto-wing (identifiers excluded)
RQ-02183,HIGH,uniqueness,https://kitletics.com/reviews/shokz-openrun,review,review:shokz-openrun,body,DUPLICATIVE,Analysis similarity 0.86 vs /reviews/suunto-wing (identifiers excluded)
RQ-02184,HIGH,uniqueness,https://kitletics.com/reviews/shokz-openrun-pro-2,review,review:shokz-openrun-pro-2,body,DUPLICATIVE,Analysis similarity 0.86 vs /reviews/bose-ultra-open-earbuds (identifiers excluded)
RQ-02185,HIGH,uniqueness,https://kitletics.com/reviews/silva-trail-runner-free-2,review,review:silva-trail-runner-free-2,body,DUPLICATIVE,Analysis similarity 0.88 vs /reviews/black-diamond-spot-400-r (identifiers excluded)
RQ-02186,MEDIUM,uniqueness,https://kitletics.com/reviews/sis-beta-fuel-drink,review,review:sis-beta-fuel-drink,body,NEEDS_DIFFERENTIATION,Analysis similarity 0.73 vs /reviews/maurten-drink-mix-160 (identifiers excluded)
RQ-02187,MEDIUM,uniqueness,https://kitletics.com/reviews/sis-beta-fuel-gel,review,review:sis-beta-fuel-gel,body,NEEDS_DIFFERENTIATION,Analysis similarity 0.77 vs /reviews/sis-go-isotonic-gel (identifiers excluded)
RQ-02188,MEDIUM,uniqueness,https://kitletics.com/reviews/sis-go-isotonic-gel,review,review:sis-go-isotonic-gel,body,NEEDS_DIFFERENTIATION,Analysis similarity 0.77 vs /reviews/sis-beta-fuel-gel (identifiers excluded)
RQ-02189,MEDIUM,uniqueness,https://kitletics.com/reviews/skratch-sport-hydration-mix,review,review:skratch-sport-hydration-mix,body,NEEDS_DIFFERENTIATION,Analysis similarity 0.80 vs /reviews/tailwind-endurance-fuel (identifiers excluded)
RQ-02190,HIGH,uniqueness,https://kitletics.com/reviews/smartwool-run-targeted-cushion,review,review:smartwool-run-targeted-cushion,body,DUPLICATIVE,Analysis similarity 0.92 vs /reviews/balega-blister-resist (identifiers excluded)
RQ-02191,MEDIUM,uniqueness,https://kitletics.com/reviews/smartwool-thermal-merino-glove,review,review:smartwool-thermal-merino-glove,body,NEEDS_DIFFERENTIATION,Analysis similarity 0.82 vs /reviews/nike-therma-fit-glove (identifiers excluded)
RQ-02192,MEDIUM,uniqueness,https://kitletics.com/reviews/smith-shift-mag,review,review:smith-shift-mag,body,NEEDS_DIFFERENTIATION,Analysis similarity 0.73 vs /reviews/tifosi-rail (identifiers excluded)
RQ-02193,HIGH,uniqueness,https://kitletics.com/reviews/spibelt-original,review,review:spibelt-original,body,DUPLICATIVE,Analysis similarity 0.86 vs /reviews/nathan-mirage-pak (identifiers excluded)
RQ-02194,MEDIUM,uniqueness,https://kitletics.com/reviews/squirrels-nut-butter,review,review:squirrels-nut-butter,body,NEEDS_DIFFERENTIATION,Analysis similarity 0.84 vs /reviews/body-glide-original (identifiers excluded)
RQ-02195,HIGH,uniqueness,https://kitletics.com/reviews/suunto-race,review,review:suunto-race,body,DUPLICATIVE,Analysis similarity 0.94 vs /reviews/garmin-forerunner-965 (identifiers excluded)
RQ-02196,HIGH,uniqueness,https://kitletics.com/reviews/suunto-race-s,review,review:suunto-race-s,body,DUPLICATIVE,Analysis similarity 0.91 vs /reviews/garmin-forerunner-965 (identifiers excluded)
RQ-02197,HIGH,uniqueness,https://kitletics.com/reviews/suunto-run,review,review:suunto-run,body,DUPLICATIVE,Analysis similarity 0.90 vs /reviews/coros-pace-4 (identifiers excluded)
RQ-02198,HIGH,uniqueness,https://kitletics.com/reviews/suunto-smart-heart-rate-belt,review,review:suunto-smart-heart-rate-belt,body,DUPLICATIVE,Analysis similarity 0.83 vs /reviews/polar-h9 (identifiers excluded)
RQ-02199,HIGH,uniqueness,https://kitletics.com/reviews/suunto-vertical-2,review,review:suunto-vertical-2,body,DUPLICATIVE,Analysis similarity 0.91 vs /reviews/amazfit-t-rex-3-pro (identifiers excluded)
RQ-02200,HIGH,uniqueness,https://kitletics.com/reviews/suunto-wing,review,review:suunto-wing,body,DUPLICATIVE,Analysis similarity 0.86 vs /reviews/shokz-openrun (identifiers excluded)
RQ-02201,MEDIUM,uniqueness,https://kitletics.com/reviews/swiftwick-aspire-four,review,review:swiftwick-aspire-four,body,NEEDS_DIFFERENTIATION,Analysis similarity 0.77 vs /reviews/balega-hidden-comfort (identifiers excluded)
RQ-02202,MEDIUM,uniqueness,https://kitletics.com/reviews/tailwind-endurance-fuel,review,review:tailwind-endurance-fuel,body,NEEDS_DIFFERENTIATION,Analysis similarity 0.80 vs /reviews/skratch-sport-hydration-mix (identifiers excluded)
RQ-02203,MEDIUM,uniqueness,https://kitletics.com/reviews/therabody-theragun-mini-2,review,review:therabody-theragun-mini-2,body,NEEDS_DIFFERENTIATION,Analysis similarity 0.80 vs /reviews/oofos-ooriginal (identifiers excluded)
RQ-02204,HIGH,uniqueness,https://kitletics.com/reviews/therabody-theragun-prime,review,review:therabody-theragun-prime,body,DUPLICATIVE,Analysis similarity 0.83 vs /reviews/hyperice-hypervolt-go-2 (identifiers excluded)
RQ-02205,MEDIUM,uniqueness,https://kitletics.com/reviews/therabody-theragun-pro,review,review:therabody-theragun-pro,body,NEEDS_DIFFERENTIATION,Analysis similarity 0.78 vs /reviews/hyperice-hypervolt-2 (identifiers excluded)
RQ-02206,MEDIUM,uniqueness,https://kitletics.com/reviews/tifosi-rail,review,review:tifosi-rail,body,NEEDS_DIFFERENTIATION,Analysis similarity 0.73 vs /reviews/smith-shift-mag (identifiers excluded)
RQ-02207,MEDIUM,uniqueness,https://kitletics.com/reviews/tifosi-vogel,review,review:tifosi-vogel,body,NEEDS_DIFFERENTIATION,Analysis similarity 0.79 vs /reviews/goodr-ogs (identifiers excluded)
RQ-02208,HIGH,uniqueness,https://kitletics.com/reviews/topo-athletic-phantom-3,review,review:topo-athletic-phantom-3,body,DUPLICATIVE,Analysis similarity 0.94 vs /reviews/altra-torin-8 (identifiers excluded)
RQ-02209,HIGH,uniqueness,https://kitletics.com/reviews/topo-athletic-specter-2,review,review:topo-athletic-specter-2,body,DUPLICATIVE,Analysis similarity 0.93 vs /reviews/saucony-ride-18 (identifiers excluded)
RQ-02210,HIGH,uniqueness,https://kitletics.com/reviews/topo-athletic-terraventure-5,review,review:topo-athletic-terraventure-5,body,DUPLICATIVE,Analysis similarity 0.89 vs /reviews/altra-lone-peak-8 (identifiers excluded)
RQ-02211,MEDIUM,uniqueness,https://kitletics.com/reviews/tracksmith-brighton-ls-men,review,review:tracksmith-brighton-ls-men,body,NEEDS_DIFFERENTIATION,Analysis similarity 0.79 vs /reviews/on-weather-jacket-men (identifiers excluded)
RQ-02212,MEDIUM,uniqueness,https://kitletics.com/reviews/tracksmith-session-short-men,review,review:tracksmith-session-short-men,body,NEEDS_DIFFERENTIATION,Analysis similarity 0.79 vs /reviews/on-performance-short-men (identifiers excluded)
RQ-02213,MEDIUM,uniqueness,https://kitletics.com/reviews/tracksmith-session-short-women,review,review:tracksmith-session-short-women,body,NEEDS_DIFFERENTIATION,Analysis similarity 0.75 vs /reviews/tracksmith-session-short-men (identifiers excluded)
RQ-02214,MEDIUM,uniqueness,https://kitletics.com/reviews/tracksmith-turnover-tight-women,review,review:tracksmith-turnover-tight-women,body,NEEDS_DIFFERENTIATION,Analysis similarity 0.81 vs /reviews/on-performance-tight-women (identifiers excluded)
RQ-02215,MEDIUM,uniqueness,https://kitletics.com/reviews/tracksmith-twilight-half-men,review,review:tracksmith-twilight-half-men,body,NEEDS_DIFFERENTIATION,Analysis similarity 0.79 vs /reviews/craft-adv-essence-tight-men (identifiers excluded)
RQ-02216,MEDIUM,uniqueness,https://kitletics.com/reviews/tracksmith-van-cortlandt-tee-men,review,review:tracksmith-van-cortlandt-tee-men,body,NEEDS_DIFFERENTIATION,Analysis similarity 0.75 vs /reviews/on-performance-short-men (identifiers excluded)
RQ-02217,MEDIUM,uniqueness,https://kitletics.com/reviews/triggerpoint-grid-travel,review,review:triggerpoint-grid-travel,body,NEEDS_DIFFERENTIATION,Analysis similarity 0.79 vs /reviews/brazyn-morph (identifiers excluded)
RQ-02218,MEDIUM,uniqueness,https://kitletics.com/reviews/triggerpoint-grid-x,review,review:triggerpoint-grid-x,body,NEEDS_DIFFERENTIATION,Analysis similarity 0.81 vs /reviews/blackroll-pro (identifiers excluded)
RQ-02219,HIGH,uniqueness,https://kitletics.com/reviews/ultimate-direction-adventure-vest,review,review:ultimate-direction-adventure-vest,body,DUPLICATIVE,Analysis similarity 0.90 vs /reviews/osprey-dyna-6 (identifiers excluded)
RQ-02220,MEDIUM,uniqueness,https://kitletics.com/reviews/ultimate-direction-body-bottle-500,review,review:ultimate-direction-body-bottle-500,body,NEEDS_DIFFERENTIATION,Analysis similarity 0.80 vs /reviews/nathan-softflask-18oz (identifiers excluded)
RQ-02221,MEDIUM,uniqueness,https://kitletics.com/reviews/ultimate-direction-fastpack-20,review,review:ultimate-direction-fastpack-20,body,NEEDS_DIFFERENTIATION,Analysis similarity 0.72 vs /reviews/osprey-duro-15 (identifiers excluded)
RQ-02222,MEDIUM,uniqueness,https://kitletics.com/reviews/ultimate-direction-fastpack-her-20,review,review:ultimate-direction-fastpack-her-20,body,NEEDS_DIFFERENTIATION,Analysis similarity 0.72 vs /reviews/ultimate-direction-fastpack-20 (identifiers excluded)
RQ-02223,HIGH,uniqueness,https://kitletics.com/reviews/ultimate-direction-race-belt,review,review:ultimate-direction-race-belt,body,DUPLICATIVE,Analysis similarity 0.83 vs /reviews/salomon-pulse-belt (identifiers excluded)
RQ-02224,HIGH,uniqueness,https://kitletics.com/reviews/ultimate-direction-race-vest-6,review,review:ultimate-direction-race-vest-6,body,DUPLICATIVE,Analysis similarity 0.85 vs /reviews/ultraspire-spry-5 (identifiers excluded)
RQ-02225,HIGH,uniqueness,https://kitletics.com/reviews/ultimate-direction-ultra-belt,review,review:ultimate-direction-ultra-belt,body,DUPLICATIVE,Analysis similarity 0.83 vs /reviews/salomon-pulse-belt (identifiers excluded)
RQ-02226,MEDIUM,uniqueness,https://kitletics.com/reviews/ultraspire-alpha-6,review,review:ultraspire-alpha-6,body,NEEDS_DIFFERENTIATION,Analysis similarity 0.80 vs /reviews/ultraspire-spry-5 (identifiers excluded)
RQ-02227,MEDIUM,uniqueness,https://kitletics.com/reviews/ultraspire-fitted-race-belt-2,review,review:ultraspire-fitted-race-belt-2,body,NEEDS_DIFFERENTIATION,Analysis similarity 0.82 vs /reviews/ultimate-direction-race-belt (identifiers excluded)
RQ-02228,HIGH,uniqueness,https://kitletics.com/reviews/ultraspire-spry-5,review,review:ultraspire-spry-5,body,DUPLICATIVE,Analysis similarity 0.85 vs /reviews/ultimate-direction-race-vest-6 (identifiers excluded)
RQ-02229,MEDIUM,uniqueness,https://kitletics.com/reviews/uswe-pace-8,review,review:uswe-pace-8,body,NEEDS_DIFFERENTIATION,Analysis similarity 0.80 vs /reviews/on-ultra-vest-pro (identifiers excluded)
RQ-02230,HIGH,uniqueness,https://kitletics.com/reviews/wahoo-tickr,review,review:wahoo-tickr,body,DUPLICATIVE,Analysis similarity 0.85 vs /reviews/wahoo-tickr-x (identifiers excluded)
RQ-02231,HIGH,uniqueness,https://kitletics.com/reviews/wahoo-tickr-fit,review,review:wahoo-tickr-fit,body,DUPLICATIVE,Analysis similarity 0.84 vs /reviews/polar-verity-sense (identifiers excluded)
RQ-02232,HIGH,uniqueness,https://kitletics.com/reviews/wahoo-tickr-x,review,review:wahoo-tickr-x,body,DUPLICATIVE,Analysis similarity 0.85 vs /reviews/wahoo-tickr (identifiers excluded)
RQ-02233,HIGH,uniqueness,https://kitletics.com/reviews/wahoo-trackr,review,review:wahoo-trackr,body,DUPLICATIVE,Analysis similarity 0.83 vs /reviews/polar-h9 (identifiers excluded)
RQ-02234,MEDIUM,uniqueness,https://kitletics.com/reviews/wrightsock-coolmesh-ii,review,review:wrightsock-coolmesh-ii,body,NEEDS_DIFFERENTIATION,Analysis similarity 0.77 vs /reviews/balega-hidden-comfort (identifiers excluded)
RQ-90001,HIGH,token-leak,https://kitletics.com/running/track,discipline-hub,page:/running/track,page,assemble_failed,Indexable URL /running/track has no production page-data assembler
RQ-90002,HIGH,token-leak,https://kitletics.com/running/treadmill,discipline-hub,page:/running/treadmill,page,assemble_failed,Indexable URL /running/treadmill has no production page-data assembler
RQ-90003,HIGH,token-leak,https://kitletics.com/running/ultra,discipline-hub,page:/running/ultra,page,assemble_failed,Indexable URL /running/ultra has no production page-data assembler
