url,pageType,sport,publicationStatus,qualityStatus,launchEligibility,robots,canonical,inSitemap,inboundLinks,reason
/,Home,,published,N/A,INDEXABLE,"index,follow",/,yes,,static_home
/gear,Static,gear,published,N/A,INDEXABLE,"index,follow",/gear,yes,,static_trust_or_hub
/brands,Static,,published,N/A,INDEXABLE,"index,follow",/brands,yes,,static_trust_or_hub
/best,Static,,published,N/A,INDEXABLE,"index,follow",/best,yes,,static_trust_or_hub
/compare,Static,,published,N/A,INDEXABLE,"index,follow",/compare,yes,,static_trust_or_hub
/reviews,Static,,published,N/A,INDEXABLE,"index,follow",/reviews,yes,,static_trust_or_hub
/guides,Static,,published,N/A,INDEXABLE,"index,follow",/guides,yes,,static_trust_or_hub
/tools,Static,,published,N/A,INDEXABLE,"index,follow",/tools,yes,,static_trust_or_hub
/setups,Static,,published,N/A,INDEXABLE,"index,follow",/setups,yes,,static_trust_or_hub
/about,Static,,published,N/A,INDEXABLE,"index,follow",/about,yes,,static_trust_or_hub
/methodology,Static,,published,N/A,INDEXABLE,"index,follow",/methodology,yes,,static_trust_or_hub
/how-we-review,Static,,published,N/A,INDEXABLE,"index,follow",/how-we-review,yes,,static_trust_or_hub
/editorial-policy,Static,,published,N/A,INDEXABLE,"index,follow",/editorial-policy,yes,,static_trust_or_hub
/evidence-policy,Static,,published,N/A,INDEXABLE,"index,follow",/evidence-policy,yes,,static_trust_or_hub
/scoring-methodology,Static,,published,N/A,INDEXABLE,"index,follow",/scoring-methodology,yes,,static_trust_or_hub
/authors,Static,,published,N/A,INDEXABLE,"index,follow",/authors,yes,,static_trust_or_hub
/affiliate-disclosure,Static,,published,N/A,INDEXABLE,"index,follow",/affiliate-disclosure,yes,,static_trust_or_hub
/contact,Static,,published,N/A,INDEXABLE,"index,follow",/contact,yes,,static_trust_or_hub
/privacy,Static,,published,N/A,INDEXABLE,"index,follow",/privacy,yes,,static_trust_or_hub
/terms,Static,,published,N/A,INDEXABLE,"index,follow",/terms,yes,,static_trust_or_hub
/running,Sport,running,published,N/A,INDEXABLE,"index,follow",/running,yes,,vertical_enabled:running
/running/road,SportDiscipline,running,published,N/A,INDEXABLE,"index,follow",/running/road,yes,,discipline_under_indexable_sport_hub
/running/trail,SportDiscipline,running,published,N/A,INDEXABLE,"index,follow",/running/trail,yes,,discipline_under_indexable_sport_hub
/running/track,SportDiscipline,running,published,N/A,INDEXABLE,"index,follow",/running/track,yes,,discipline_under_indexable_sport_hub
/running/treadmill,SportDiscipline,running,published,N/A,INDEXABLE,"index,follow",/running/treadmill,yes,,discipline_under_indexable_sport_hub
/running/racing,SportDiscipline,running,published,N/A,INDEXABLE,"index,follow",/running/racing,yes,,discipline_under_indexable_sport_hub
/running/ultra,SportDiscipline,running,published,N/A,INDEXABLE,"index,follow",/running/ultra,yes,,discipline_under_indexable_sport_hub
/running/shoes,Category,running,published,N/A,INDEXABLE,"index,follow",/running/shoes,yes,,category_under_indexable_sport
/running/watches,Category,running,published,N/A,INDEXABLE,"index,follow",/running/watches,yes,,category_under_indexable_sport
/running/heart-rate-monitors,Category,running,published,N/A,INDEXABLE,"index,follow",/running/heart-rate-monitors,yes,,category_under_indexable_sport
/running/socks,Category,running,published,N/A,INDEXABLE,"index,follow",/running/socks,yes,,category_under_indexable_sport
/running/hydration,Category,running,published,N/A,INDEXABLE,"index,follow",/running/hydration,yes,,category_under_indexable_sport
/running/packs,Category,running,published,N/A,INDEXABLE,"index,follow",/running/packs,yes,,category_under_indexable_sport
/running/headphones,Category,running,published,N/A,INDEXABLE,"index,follow",/running/headphones,yes,,category_under_indexable_sport
/running/lights,Category,running,published,N/A,INDEXABLE,"index,follow",/running/lights,yes,,category_under_indexable_sport
/running/safety,Category,running,published,N/A,INDEXABLE,"index,follow",/running/safety,yes,,category_under_indexable_sport
/running/belts,Category,running,published,N/A,INDEXABLE,"index,follow",/running/belts,yes,,category_under_indexable_sport
/running/recovery,Category,running,published,N/A,INDEXABLE,"index,follow",/running/recovery,yes,,category_under_indexable_sport
/running/shoes/race,Subcategory,running,published,N/A,INDEXABLE,"index,follow",/running/shoes/race,yes,,use_case_listing
/running/shoes/stability,Subcategory,running,published,N/A,INDEXABLE,"index,follow",/running/shoes/stability,yes,,use_case_listing
/running/shoes/trail,Subcategory,running,published,N/A,INDEXABLE,"index,follow",/running/shoes/trail,yes,,use_case_listing
/running/shoes/heavy-runners,Subcategory,running,published,N/A,INDEXABLE,"index,follow",/running/shoes/heavy-runners,yes,,use_case_listing
/products/asics-novablast-5,Product,sport-running,published,LAUNCH_READY,INDEXABLE,"index,follow",/products/asics-novablast-5,yes,,decisionScore=100
/products/asics-novablast-5/alternatives,Alternatives,sport-running,published,N/A,INDEXABLE,"index,follow",/products/asics-novablast-5/alternatives,yes,,alternatives_ok
/products/asics-novablast-4,Product,sport-running,published,LAUNCH_READY,INDEXABLE,"index,follow",/products/asics-novablast-4,yes,,decisionScore=100
/products/asics-gel-nimbus-27,Product,sport-running,published,LAUNCH_READY,INDEXABLE,"index,follow",/products/asics-gel-nimbus-27,yes,,decisionScore=100
/products/asics-gel-nimbus-27/alternatives,Alternatives,sport-running,published,N/A,INDEXABLE,"index,follow",/products/asics-gel-nimbus-27/alternatives,yes,,alternatives_ok
/products/nike-pegasus-41,Product,sport-running,published,LAUNCH_READY,INDEXABLE,"index,follow",/products/nike-pegasus-41,yes,,decisionScore=100
/products/brooks-ghost-16,Product,sport-running,published,LAUNCH_READY,INDEXABLE,"index,follow",/products/brooks-ghost-16,yes,,decisionScore=100
/products/brooks-ghost-16/alternatives,Alternatives,sport-running,published,N/A,INDEXABLE,"index,follow",/products/brooks-ghost-16/alternatives,yes,,alternatives_ok
/products/hoka-clifton-9,Product,sport-running,published,LAUNCH_READY,INDEXABLE,"index,follow",/products/hoka-clifton-9,yes,,decisionScore=100
/products/saucony-endorphin-speed-4,Product,sport-running,published,LAUNCH_READY,INDEXABLE,"index,follow",/products/saucony-endorphin-speed-4,yes,,decisionScore=100
/products/saucony-endorphin-speed-4/alternatives,Alternatives,sport-running,published,N/A,INDEXABLE,"index,follow",/products/saucony-endorphin-speed-4/alternatives,yes,,alternatives_ok
/products/adidas-adizero-boston-12,Product,"sport-running,sport-hyrox",published,LAUNCH_READY,INDEXABLE,"index,follow",/products/adidas-adizero-boston-12,yes,,decisionScore=100
/products/adidas-adizero-boston-12/alternatives,Alternatives,"sport-running,sport-hyrox",published,N/A,INDEXABLE,"index,follow",/products/adidas-adizero-boston-12/alternatives,yes,,alternatives_ok
/products/garmin-forerunner-965,Product,"sport-running,sport-cycling,sport-swimming",published,LAUNCH_READY,INDEXABLE,"index,follow",/products/garmin-forerunner-965,yes,,decisionScore=100
/products/garmin-forerunner-965/alternatives,Alternatives,"sport-running,sport-cycling,sport-swimming",published,N/A,INDEXABLE,"index,follow",/products/garmin-forerunner-965/alternatives,yes,,alternatives_ok
/products/garmin-forerunner-255,Product,sport-running,published,LAUNCH_READY,INDEXABLE,"index,follow",/products/garmin-forerunner-255,yes,,decisionScore=100
/products/coros-pace-3,Product,sport-running,published,LAUNCH_READY,INDEXABLE,"index,follow",/products/coros-pace-3,yes,,decisionScore=100
/products/coros-pace-3/alternatives,Alternatives,sport-running,published,N/A,INDEXABLE,"index,follow",/products/coros-pace-3/alternatives,yes,,alternatives_ok
/products/garmin-hrm-pro-plus,Product,"sport-running,sport-cycling,sport-training",published,LAUNCH_READY,INDEXABLE,"index,follow",/products/garmin-hrm-pro-plus,yes,,decisionScore=100
/products/garmin-hrm-pro-plus/alternatives,Alternatives,"sport-running,sport-cycling,sport-training",published,N/A,INDEXABLE,"index,follow",/products/garmin-hrm-pro-plus/alternatives,yes,,alternatives_ok
/products/salomon-adv-skin-12,Product,sport-running,published,LAUNCH_READY,INDEXABLE,"index,follow",/products/salomon-adv-skin-12,yes,,decisionScore=100
/products/salomon-adv-skin-12/alternatives,Alternatives,sport-running,published,N/A,INDEXABLE,"index,follow",/products/salomon-adv-skin-12/alternatives,yes,,alternatives_ok
/products/asics-novablast-6,Product,sport-running,published,LAUNCH_READY,INDEXABLE,"index,follow",/products/asics-novablast-6,yes,,decisionScore=100
/products/asics-novablast-6/alternatives,Alternatives,sport-running,published,N/A,INDEXABLE,"index,follow",/products/asics-novablast-6/alternatives,yes,,alternatives_ok
/products/asics-superblast-2,Product,sport-running,published,LAUNCH_READY,INDEXABLE,"index,follow",/products/asics-superblast-2,yes,,decisionScore=100
/products/asics-gel-kayano-32,Product,sport-running,published,LAUNCH_READY,INDEXABLE,"index,follow",/products/asics-gel-kayano-32,yes,,decisionScore=100
/products/asics-gel-kayano-32/alternatives,Alternatives,sport-running,published,N/A,INDEXABLE,"index,follow",/products/asics-gel-kayano-32/alternatives,yes,,alternatives_ok
/products/asics-gel-cumulus-27,Product,sport-running,published,LAUNCH_READY,INDEXABLE,"index,follow",/products/asics-gel-cumulus-27,yes,,decisionScore=100
/products/asics-gel-cumulus-27/alternatives,Alternatives,sport-running,published,N/A,INDEXABLE,"index,follow",/products/asics-gel-cumulus-27/alternatives,yes,,alternatives_ok
/products/asics-metaspeed-sky-paris,Product,sport-running,published,LAUNCH_READY,INDEXABLE,"index,follow",/products/asics-metaspeed-sky-paris,yes,,decisionScore=100
/products/asics-metaspeed-sky-paris/alternatives,Alternatives,sport-running,published,N/A,INDEXABLE,"index,follow",/products/asics-metaspeed-sky-paris/alternatives,yes,,alternatives_ok
/products/asics-gt-2000-14,Product,sport-running,published,LAUNCH_READY,INDEXABLE,"index,follow",/products/asics-gt-2000-14,yes,,decisionScore=100
/products/asics-gt-2000-14/alternatives,Alternatives,sport-running,published,N/A,INDEXABLE,"index,follow",/products/asics-gt-2000-14/alternatives,yes,,alternatives_ok
/products/nike-pegasus-42,Product,sport-running,published,LAUNCH_READY,INDEXABLE,"index,follow",/products/nike-pegasus-42,yes,,decisionScore=100
/products/nike-pegasus-42/alternatives,Alternatives,sport-running,published,N/A,INDEXABLE,"index,follow",/products/nike-pegasus-42/alternatives,yes,,alternatives_ok
/products/nike-vomero-18,Product,sport-running,published,LAUNCH_READY,INDEXABLE,"index,follow",/products/nike-vomero-18,yes,,decisionScore=100
/products/nike-invincible-3,Product,sport-running,published,LAUNCH_READY,INDEXABLE,"index,follow",/products/nike-invincible-3,yes,,decisionScore=100
/products/nike-vaporfly-4,Product,sport-running,published,LAUNCH_READY,INDEXABLE,"index,follow",/products/nike-vaporfly-4,yes,,decisionScore=100
/products/nike-vaporfly-4/alternatives,Alternatives,sport-running,published,N/A,INDEXABLE,"index,follow",/products/nike-vaporfly-4/alternatives,yes,,alternatives_ok
/products/nike-alphafly-3,Product,sport-running,published,LAUNCH_READY,INDEXABLE,"index,follow",/products/nike-alphafly-3,yes,,decisionScore=100
/products/nike-alphafly-3/alternatives,Alternatives,sport-running,published,N/A,INDEXABLE,"index,follow",/products/nike-alphafly-3/alternatives,yes,,alternatives_ok
/products/nike-structure-26,Product,sport-running,published,LAUNCH_READY,INDEXABLE,"index,follow",/products/nike-structure-26,yes,,decisionScore=100
/products/nike-structure-plus,Product,sport-running,published,LAUNCH_READY,INDEXABLE,"index,follow",/products/nike-structure-plus,yes,,decisionScore=100
/products/brooks-ghost-18,Product,sport-running,published,LAUNCH_READY,INDEXABLE,"index,follow",/products/brooks-ghost-18,yes,,decisionScore=100
/products/brooks-ghost-18/alternatives,Alternatives,sport-running,published,N/A,INDEXABLE,"index,follow",/products/brooks-ghost-18/alternatives,yes,,alternatives_ok
/products/brooks-glycerin-22,Product,sport-running,published,LAUNCH_READY,INDEXABLE,"index,follow",/products/brooks-glycerin-22,yes,,decisionScore=100
/products/brooks-glycerin-21,Product,sport-running,published,LAUNCH_READY,INDEXABLE,"index,follow",/products/brooks-glycerin-21,yes,,decisionScore=100
/products/brooks-adrenaline-gts-25,Product,sport-running,published,LAUNCH_READY,INDEXABLE,"index,follow",/products/brooks-adrenaline-gts-25,yes,,decisionScore=100
/products/brooks-adrenaline-gts-25/alternatives,Alternatives,sport-running,published,N/A,INDEXABLE,"index,follow",/products/brooks-adrenaline-gts-25/alternatives,yes,,alternatives_ok
/products/brooks-hyperion-max-2,Product,sport-running,published,LAUNCH_READY,INDEXABLE,"index,follow",/products/brooks-hyperion-max-2,yes,,decisionScore=100
/products/hoka-clifton-10,Product,sport-running,published,LAUNCH_READY,INDEXABLE,"index,follow",/products/hoka-clifton-10,yes,,decisionScore=100
/products/hoka-clifton-10/alternatives,Alternatives,sport-running,published,N/A,INDEXABLE,"index,follow",/products/hoka-clifton-10/alternatives,yes,,alternatives_ok
/products/hoka-bondi-9,Product,sport-running,published,LAUNCH_READY,INDEXABLE,"index,follow",/products/hoka-bondi-9,yes,,decisionScore=100
/products/hoka-bondi-9/alternatives,Alternatives,sport-running,published,N/A,INDEXABLE,"index,follow",/products/hoka-bondi-9/alternatives,yes,,alternatives_ok
/products/hoka-bondi-8,Product,sport-running,published,LAUNCH_READY,INDEXABLE,"index,follow",/products/hoka-bondi-8,yes,,decisionScore=100
/products/hoka-mach-6,Product,sport-running,published,LAUNCH_READY,INDEXABLE,"index,follow",/products/hoka-mach-6,yes,,decisionScore=100
/products/hoka-speedgoat-6,Product,sport-running,published,LAUNCH_READY,INDEXABLE,"index,follow",/products/hoka-speedgoat-6,yes,,decisionScore=100
/products/hoka-speedgoat-6/alternatives,Alternatives,sport-running,published,N/A,INDEXABLE,"index,follow",/products/hoka-speedgoat-6/alternatives,yes,,alternatives_ok
/products/hoka-clifton-pro,Product,sport-running,published,LAUNCH_READY,INDEXABLE,"index,follow",/products/hoka-clifton-pro,yes,,decisionScore=100
/products/saucony-endorphin-speed-5,Product,sport-running,published,LAUNCH_READY,INDEXABLE,"index,follow",/products/saucony-endorphin-speed-5,yes,,decisionScore=100
/products/saucony-endorphin-speed-5/alternatives,Alternatives,sport-running,published,N/A,INDEXABLE,"index,follow",/products/saucony-endorphin-speed-5/alternatives,yes,,alternatives_ok
/products/saucony-endorphin-pro-4,Product,sport-running,published,LAUNCH_READY,INDEXABLE,"index,follow",/products/saucony-endorphin-pro-4,yes,,decisionScore=100
/products/saucony-endorphin-pro-4/alternatives,Alternatives,sport-running,published,N/A,INDEXABLE,"index,follow",/products/saucony-endorphin-pro-4/alternatives,yes,,alternatives_ok
/products/saucony-endorphin-pro-3,Product,sport-running,published,LAUNCH_READY,INDEXABLE,"index,follow",/products/saucony-endorphin-pro-3,yes,,decisionScore=100
/products/saucony-ride-18,Product,sport-running,published,LAUNCH_READY,INDEXABLE,"index,follow",/products/saucony-ride-18,yes,,decisionScore=100
/products/saucony-ride-18/alternatives,Alternatives,sport-running,published,N/A,INDEXABLE,"index,follow",/products/saucony-ride-18/alternatives,yes,,alternatives_ok
/products/saucony-triumph-22,Product,sport-running,published,LAUNCH_READY,INDEXABLE,"index,follow",/products/saucony-triumph-22,yes,,decisionScore=100
/products/saucony-peregrine-15,Product,sport-running,published,LAUNCH_READY,INDEXABLE,"index,follow",/products/saucony-peregrine-15,yes,,decisionScore=100
/products/saucony-peregrine-15/alternatives,Alternatives,sport-running,published,N/A,INDEXABLE,"index,follow",/products/saucony-peregrine-15/alternatives,yes,,alternatives_ok
/products/new-balance-fresh-foam-x-1080-v14,Product,sport-running,published,LAUNCH_READY,INDEXABLE,"index,follow",/products/new-balance-fresh-foam-x-1080-v14,yes,,decisionScore=100
/products/new-balance-fresh-foam-x-1080-v14/alternatives,Alternatives,sport-running,published,N/A,INDEXABLE,"index,follow",/products/new-balance-fresh-foam-x-1080-v14/alternatives,yes,,alternatives_ok
/products/new-balance-fresh-foam-x-1080-v13,Product,sport-running,published,LAUNCH_READY,INDEXABLE,"index,follow",/products/new-balance-fresh-foam-x-1080-v13,yes,,decisionScore=100
/products/new-balance-fuelcell-supercomp-elite-v4,Product,sport-running,published,LAUNCH_READY,INDEXABLE,"index,follow",/products/new-balance-fuelcell-supercomp-elite-v4,yes,,decisionScore=100
/products/new-balance-fuelcell-rebel-v5,Product,sport-running,published,LAUNCH_READY,INDEXABLE,"index,follow",/products/new-balance-fuelcell-rebel-v5,yes,,decisionScore=100
/products/new-balance-fuelcell-supercomp-trainer-v3,Product,sport-running,published,LAUNCH_READY,INDEXABLE,"index,follow",/products/new-balance-fuelcell-supercomp-trainer-v3,yes,,decisionScore=100
/products/adidas-adizero-evo-sl,Product,sport-running,published,LAUNCH_READY,INDEXABLE,"index,follow",/products/adidas-adizero-evo-sl,yes,,decisionScore=100
/products/adidas-adizero-adios-pro-4,Product,sport-running,published,LAUNCH_READY,INDEXABLE,"index,follow",/products/adidas-adizero-adios-pro-4,yes,,decisionScore=100
/products/on-cloudmonster-2,Product,sport-running,published,LAUNCH_READY,INDEXABLE,"index,follow",/products/on-cloudmonster-2,yes,,decisionScore=100
/products/on-cloudsurfer-next,Product,sport-running,published,LAUNCH_READY,INDEXABLE,"index,follow",/products/on-cloudsurfer-next,yes,,decisionScore=100
/products/altra-torin-8,Product,sport-running,published,LAUNCH_READY,INDEXABLE,"index,follow",/products/altra-torin-8,yes,,decisionScore=100
/products/altra-escalante-4,Product,sport-running,published,LAUNCH_READY,INDEXABLE,"index,follow",/products/altra-escalante-4,yes,,decisionScore=100
/products/altra-lone-peak-8,Product,sport-running,published,LAUNCH_READY,INDEXABLE,"index,follow",/products/altra-lone-peak-8,yes,,decisionScore=100
/products/salomon-aero-glide-2,Product,sport-running,published,LAUNCH_READY,INDEXABLE,"index,follow",/products/salomon-aero-glide-2,yes,,decisionScore=100
/products/salomon-sense-ride-5,Product,sport-running,published,LAUNCH_READY,INDEXABLE,"index,follow",/products/salomon-sense-ride-5,yes,,decisionScore=100
/products/salomon-pulsar-trail-2,Product,sport-running,published,LAUNCH_READY,INDEXABLE,"index,follow",/products/salomon-pulsar-trail-2,yes,,decisionScore=100
/products/topo-athletic-specter-2,Product,sport-running,published,LAUNCH_READY,INDEXABLE,"index,follow",/products/topo-athletic-specter-2,yes,,decisionScore=100
/products/topo-athletic-phantom-3,Product,sport-running,published,LAUNCH_READY,INDEXABLE,"index,follow",/products/topo-athletic-phantom-3,yes,,decisionScore=100
/products/puma-deviate-nitro-3,Product,sport-running,published,LAUNCH_READY,INDEXABLE,"index,follow",/products/puma-deviate-nitro-3,yes,,decisionScore=100
/products/puma-magnify-nitro-2,Product,sport-running,published,LAUNCH_READY,INDEXABLE,"index,follow",/products/puma-magnify-nitro-2,yes,,decisionScore=100
/products/mizuno-wave-rider-28,Product,sport-running,published,LAUNCH_READY,INDEXABLE,"index,follow",/products/mizuno-wave-rider-28,yes,,decisionScore=100
/products/mizuno-wave-rebellion-pro-3,Product,sport-running,published,LAUNCH_READY,INDEXABLE,"index,follow",/products/mizuno-wave-rebellion-pro-3,yes,,decisionScore=100
/products/inov8-trailfly-ultra-g-300-max,Product,sport-running,published,LAUNCH_READY,INDEXABLE,"index,follow",/products/inov8-trailfly-ultra-g-300-max,yes,,decisionScore=100
/products/brooks-cascadia-18,Product,sport-running,published,LAUNCH_READY,INDEXABLE,"index,follow",/products/brooks-cascadia-18,yes,,decisionScore=100
/products/nike-pegasus-trail-5,Product,sport-running,published,LAUNCH_READY,INDEXABLE,"index,follow",/products/nike-pegasus-trail-5,yes,,decisionScore=100
/products/asics-gel-trabuco-13,Product,sport-running,published,LAUNCH_READY,INDEXABLE,"index,follow",/products/asics-gel-trabuco-13,yes,,decisionScore=100
/products/saucony-xodus-ultra-3,Product,sport-running,published,LAUNCH_READY,INDEXABLE,"index,follow",/products/saucony-xodus-ultra-3,yes,,decisionScore=100
/products/new-balance-fresh-foam-x-hierro-v9,Product,sport-running,published,LAUNCH_READY,INDEXABLE,"index,follow",/products/new-balance-fresh-foam-x-hierro-v9,yes,,decisionScore=100
/products/adidas-terrex-agravic-3,Product,sport-running,published,LAUNCH_READY,INDEXABLE,"index,follow",/products/adidas-terrex-agravic-3,yes,,decisionScore=100
/products/salomon-ultra-glide-2,Product,sport-running,published,LAUNCH_READY,INDEXABLE,"index,follow",/products/salomon-ultra-glide-2,yes,,decisionScore=100
/products/topo-athletic-terraventure-5,Product,sport-running,published,LAUNCH_READY,INDEXABLE,"index,follow",/products/topo-athletic-terraventure-5,yes,,decisionScore=100
/products/saucony-guide-18,Product,sport-running,published,LAUNCH_READY,INDEXABLE,"index,follow",/products/saucony-guide-18,yes,,decisionScore=100
/products/hoka-arahi-7,Product,sport-running,published,LAUNCH_READY,INDEXABLE,"index,follow",/products/hoka-arahi-7,yes,,decisionScore=100
/products/hoka-gaviota-5,Product,sport-running,published,LAUNCH_READY,INDEXABLE,"index,follow",/products/hoka-gaviota-5,yes,,decisionScore=100
/products/new-balance-fresh-foam-x-860-v14,Product,sport-running,published,LAUNCH_READY,INDEXABLE,"index,follow",/products/new-balance-fresh-foam-x-860-v14,yes,,decisionScore=100
/products/asics-gt-1000-13,Product,sport-running,published,LAUNCH_READY,INDEXABLE,"index,follow",/products/asics-gt-1000-13,yes,,decisionScore=100
/products/brooks-glycerin-gts-22,Product,sport-running,published,LAUNCH_READY,INDEXABLE,"index,follow",/products/brooks-glycerin-gts-22,yes,,decisionScore=100
/products/nike-react-infinity-run-4,Product,sport-running,published,LAUNCH_READY,INDEXABLE,"index,follow",/products/nike-react-infinity-run-4,yes,,decisionScore=100
/products/altra-paradigm-7,Product,sport-running,published,LAUNCH_READY,INDEXABLE,"index,follow",/products/altra-paradigm-7,yes,,decisionScore=100
/products/altra-experience-flow,Product,sport-running,published,LAUNCH_READY,INDEXABLE,"index,follow",/products/altra-experience-flow,yes,,decisionScore=100
/products/adidas-adizero-boston-13,Product,sport-running,published,LAUNCH_READY,INDEXABLE,"index,follow",/products/adidas-adizero-boston-13,yes,,decisionScore=100
/products/adidas-ultraboost-5,Product,sport-running,published,LAUNCH_READY,INDEXABLE,"index,follow",/products/adidas-ultraboost-5,yes,,decisionScore=100
/products/on-cloudsurfer-2,Product,sport-running,published,LAUNCH_READY,INDEXABLE,"index,follow",/products/on-cloudsurfer-2,yes,,decisionScore=100
/products/on-cloudmonster-hyper,Product,sport-running,published,LAUNCH_READY,INDEXABLE,"index,follow",/products/on-cloudmonster-hyper,yes,,decisionScore=100
/products/salomon-genesis,Product,sport-running,published,LAUNCH_READY,INDEXABLE,"index,follow",/products/salomon-genesis,yes,,decisionScore=100
/products/garmin-forerunner-970,Product,"sport-running,sport-cycling,sport-swimming",published,LAUNCH_READY,INDEXABLE,"index,follow",/products/garmin-forerunner-970,yes,,decisionScore=100
/products/garmin-forerunner-970/alternatives,Alternatives,"sport-running,sport-cycling,sport-swimming",published,N/A,INDEXABLE,"index,follow",/products/garmin-forerunner-970/alternatives,yes,,alternatives_ok
/products/garmin-forerunner-570,Product,"sport-running,sport-cycling,sport-swimming",published,LAUNCH_READY,INDEXABLE,"index,follow",/products/garmin-forerunner-570,yes,,decisionScore=100
/products/garmin-forerunner-570/alternatives,Alternatives,"sport-running,sport-cycling,sport-swimming",published,N/A,INDEXABLE,"index,follow",/products/garmin-forerunner-570/alternatives,yes,,alternatives_ok
/products/garmin-forerunner-265,Product,"sport-running,sport-cycling,sport-swimming",published,LAUNCH_READY,INDEXABLE,"index,follow",/products/garmin-forerunner-265,yes,,decisionScore=100
/products/garmin-forerunner-165,Product,sport-running,published,LAUNCH_READY,INDEXABLE,"index,follow",/products/garmin-forerunner-165,yes,,decisionScore=100
/products/garmin-forerunner-55,Product,sport-running,published,LAUNCH_READY,INDEXABLE,"index,follow",/products/garmin-forerunner-55,yes,,decisionScore=100
/products/coros-pace-pro,Product,"sport-running,sport-cycling",published,LAUNCH_READY,INDEXABLE,"index,follow",/products/coros-pace-pro,yes,,decisionScore=100
/products/coros-pace-pro/alternatives,Alternatives,"sport-running,sport-cycling",published,N/A,INDEXABLE,"index,follow",/products/coros-pace-pro/alternatives,yes,,alternatives_ok
/products/coros-apex-2-pro,Product,"sport-running,sport-cycling",published,LAUNCH_READY,INDEXABLE,"index,follow",/products/coros-apex-2-pro,yes,,decisionScore=100
/products/polar-vantage-v3,Product,"sport-running,sport-cycling,sport-swimming",published,LAUNCH_READY,INDEXABLE,"index,follow",/products/polar-vantage-v3,yes,,decisionScore=100
/products/polar-pacer-pro,Product,sport-running,published,LAUNCH_READY,INDEXABLE,"index,follow",/products/polar-pacer-pro,yes,,decisionScore=100
/products/suunto-race,Product,"sport-running,sport-cycling",published,LAUNCH_READY,INDEXABLE,"index,follow",/products/suunto-race,yes,,decisionScore=100
/products/suunto-race-s,Product,sport-running,published,LAUNCH_READY,INDEXABLE,"index,follow",/products/suunto-race-s,yes,,decisionScore=100
/products/apple-watch-ultra-2,Product,"sport-running,sport-cycling,sport-swimming,sport-training",published,LAUNCH_READY,INDEXABLE,"index,follow",/products/apple-watch-ultra-2,yes,,decisionScore=100
/products/garmin-hrm-600,Product,"sport-running,sport-cycling,sport-training,sport-hyrox",published,LAUNCH_READY,INDEXABLE,"index,follow",/products/garmin-hrm-600,yes,,decisionScore=100
/products/garmin-hrm-600/alternatives,Alternatives,"sport-running,sport-cycling,sport-training,sport-hyrox",published,N/A,INDEXABLE,"index,follow",/products/garmin-hrm-600/alternatives,yes,,alternatives_ok
/products/polar-h10,Product,"sport-running,sport-cycling,sport-training,sport-hyrox",published,LAUNCH_READY,INDEXABLE,"index,follow",/products/polar-h10,yes,,decisionScore=100
/products/polar-h10/alternatives,Alternatives,"sport-running,sport-cycling,sport-training,sport-hyrox",published,N/A,INDEXABLE,"index,follow",/products/polar-h10/alternatives,yes,,alternatives_ok
/products/polar-verity-sense,Product,"sport-running,sport-training,sport-swimming,sport-hyrox",published,LAUNCH_READY,INDEXABLE,"index,follow",/products/polar-verity-sense,yes,,decisionScore=100
/products/polar-verity-sense/alternatives,Alternatives,"sport-running,sport-training,sport-swimming,sport-hyrox",published,N/A,INDEXABLE,"index,follow",/products/polar-verity-sense/alternatives,yes,,alternatives_ok
/products/wahoo-tickr,Product,"sport-running,sport-cycling,sport-training",published,LAUNCH_READY,INDEXABLE,"index,follow",/products/wahoo-tickr,yes,,decisionScore=100
/products/wahoo-tickr-x,Product,"sport-running,sport-cycling,sport-training",published,LAUNCH_READY,INDEXABLE,"index,follow",/products/wahoo-tickr-x,yes,,decisionScore=100
/products/coros-heart-rate-monitor,Product,"sport-running,sport-training",published,LAUNCH_READY,INDEXABLE,"index,follow",/products/coros-heart-rate-monitor,yes,,decisionScore=100
/products/coros-heart-rate-monitor/alternatives,Alternatives,"sport-running,sport-training",published,N/A,INDEXABLE,"index,follow",/products/coros-heart-rate-monitor/alternatives,yes,,alternatives_ok
/products/garmin-fenix-8,Product,"sport-running,sport-cycling,sport-swimming",published,LAUNCH_READY,INDEXABLE,"index,follow",/products/garmin-fenix-8,yes,,decisionScore=100
/products/garmin-fenix-8/alternatives,Alternatives,"sport-running,sport-cycling,sport-swimming",published,N/A,INDEXABLE,"index,follow",/products/garmin-fenix-8/alternatives,yes,,alternatives_ok
/products/garmin-enduro-3,Product,"sport-running,sport-cycling",published,LAUNCH_READY,INDEXABLE,"index,follow",/products/garmin-enduro-3,yes,,decisionScore=100
/products/garmin-enduro-3/alternatives,Alternatives,"sport-running,sport-cycling",published,N/A,INDEXABLE,"index,follow",/products/garmin-enduro-3/alternatives,yes,,alternatives_ok
/products/garmin-instinct-3,Product,"sport-running,sport-cycling",published,LAUNCH_READY,INDEXABLE,"index,follow",/products/garmin-instinct-3,yes,,decisionScore=100
/products/garmin-instinct-3/alternatives,Alternatives,"sport-running,sport-cycling",published,N/A,INDEXABLE,"index,follow",/products/garmin-instinct-3/alternatives,yes,,alternatives_ok
/products/garmin-vivoactive-6,Product,"sport-running,sport-cycling,sport-swimming,sport-training",published,LAUNCH_READY,INDEXABLE,"index,follow",/products/garmin-vivoactive-6,yes,,decisionScore=100
/products/garmin-vivoactive-6/alternatives,Alternatives,"sport-running,sport-cycling,sport-swimming,sport-training",published,N/A,INDEXABLE,"index,follow",/products/garmin-vivoactive-6/alternatives,yes,,alternatives_ok
/products/garmin-forerunner-265s,Product,"sport-running,sport-cycling,sport-swimming",published,LAUNCH_READY,INDEXABLE,"index,follow",/products/garmin-forerunner-265s,yes,,decisionScore=100
/products/garmin-forerunner-265s/alternatives,Alternatives,"sport-running,sport-cycling,sport-swimming",published,N/A,INDEXABLE,"index,follow",/products/garmin-forerunner-265s/alternatives,yes,,alternatives_ok
/products/garmin-epix-pro-gen-2,Product,"sport-running,sport-cycling,sport-swimming",published,LAUNCH_READY,INDEXABLE,"index,follow",/products/garmin-epix-pro-gen-2,yes,,decisionScore=100
/products/garmin-epix-pro-gen-2/alternatives,Alternatives,"sport-running,sport-cycling,sport-swimming",published,N/A,INDEXABLE,"index,follow",/products/garmin-epix-pro-gen-2/alternatives,yes,,alternatives_ok
/products/coros-apex-4,Product,"sport-running,sport-cycling",published,LAUNCH_READY,INDEXABLE,"index,follow",/products/coros-apex-4,yes,,decisionScore=100
/products/coros-apex-4/alternatives,Alternatives,"sport-running,sport-cycling",published,N/A,INDEXABLE,"index,follow",/products/coros-apex-4/alternatives,yes,,alternatives_ok
/products/coros-pace-4,Product,"sport-running,sport-cycling,sport-swimming",published,LAUNCH_READY,INDEXABLE,"index,follow",/products/coros-pace-4,yes,,decisionScore=100
/products/coros-pace-4/alternatives,Alternatives,"sport-running,sport-cycling,sport-swimming",published,N/A,INDEXABLE,"index,follow",/products/coros-pace-4/alternatives,yes,,alternatives_ok
/products/coros-vertix-2s,Product,"sport-running,sport-cycling",published,LAUNCH_READY,INDEXABLE,"index,follow",/products/coros-vertix-2s,yes,,decisionScore=100
/products/coros-vertix-2s/alternatives,Alternatives,"sport-running,sport-cycling",published,N/A,INDEXABLE,"index,follow",/products/coros-vertix-2s/alternatives,yes,,alternatives_ok
/products/suunto-vertical-2,Product,"sport-running,sport-cycling",published,LAUNCH_READY,INDEXABLE,"index,follow",/products/suunto-vertical-2,yes,,decisionScore=100
/products/suunto-vertical-2/alternatives,Alternatives,"sport-running,sport-cycling",published,N/A,INDEXABLE,"index,follow",/products/suunto-vertical-2/alternatives,yes,,alternatives_ok
/products/suunto-run,Product,sport-running,published,LAUNCH_READY,INDEXABLE,"index,follow",/products/suunto-run,yes,,decisionScore=100
/products/suunto-run/alternatives,Alternatives,sport-running,published,N/A,INDEXABLE,"index,follow",/products/suunto-run/alternatives,yes,,alternatives_ok
/products/polar-grit-x2,Product,"sport-running,sport-cycling",published,LAUNCH_READY,INDEXABLE,"index,follow",/products/polar-grit-x2,yes,,decisionScore=100
/products/polar-grit-x2/alternatives,Alternatives,"sport-running,sport-cycling",published,N/A,INDEXABLE,"index,follow",/products/polar-grit-x2/alternatives,yes,,alternatives_ok
/products/polar-pacer,Product,sport-running,published,LAUNCH_READY,INDEXABLE,"index,follow",/products/polar-pacer,yes,,decisionScore=100
/products/polar-pacer/alternatives,Alternatives,sport-running,published,N/A,INDEXABLE,"index,follow",/products/polar-pacer/alternatives,yes,,alternatives_ok
/products/apple-watch-ultra-3,Product,"sport-running,sport-cycling,sport-swimming,sport-training",published,LAUNCH_READY,INDEXABLE,"index,follow",/products/apple-watch-ultra-3,yes,,decisionScore=100
/products/apple-watch-ultra-3/alternatives,Alternatives,"sport-running,sport-cycling,sport-swimming,sport-training",published,N/A,INDEXABLE,"index,follow",/products/apple-watch-ultra-3/alternatives,yes,,alternatives_ok
/products/apple-watch-series-10,Product,"sport-running,sport-training,sport-swimming",published,LAUNCH_READY,INDEXABLE,"index,follow",/products/apple-watch-series-10,yes,,decisionScore=100
/products/apple-watch-series-10/alternatives,Alternatives,"sport-running,sport-training,sport-swimming",published,N/A,INDEXABLE,"index,follow",/products/apple-watch-series-10/alternatives,yes,,alternatives_ok
/products/samsung-galaxy-watch-ultra,Product,"sport-running,sport-cycling,sport-swimming,sport-training",published,LAUNCH_READY,INDEXABLE,"index,follow",/products/samsung-galaxy-watch-ultra,yes,,decisionScore=100
/products/samsung-galaxy-watch-ultra/alternatives,Alternatives,"sport-running,sport-cycling,sport-swimming,sport-training",published,N/A,INDEXABLE,"index,follow",/products/samsung-galaxy-watch-ultra/alternatives,yes,,alternatives_ok
/products/amazfit-t-rex-3-pro,Product,"sport-running,sport-cycling",published,LAUNCH_READY,INDEXABLE,"index,follow",/products/amazfit-t-rex-3-pro,yes,,decisionScore=100
/products/amazfit-t-rex-3-pro/alternatives,Alternatives,"sport-running,sport-cycling",published,N/A,INDEXABLE,"index,follow",/products/amazfit-t-rex-3-pro/alternatives,yes,,alternatives_ok
/products/amazfit-active-2,Product,"sport-running,sport-training",published,LAUNCH_READY,INDEXABLE,"index,follow",/products/amazfit-active-2,yes,,decisionScore=100
/products/amazfit-active-2/alternatives,Alternatives,"sport-running,sport-training",published,N/A,INDEXABLE,"index,follow",/products/amazfit-active-2/alternatives,yes,,alternatives_ok
/products/garmin-hrm-200,Product,"sport-running,sport-cycling,sport-training,sport-hyrox",published,LAUNCH_READY,INDEXABLE,"index,follow",/products/garmin-hrm-200,yes,,decisionScore=100
/products/garmin-hrm-200/alternatives,Alternatives,"sport-running,sport-cycling,sport-training,sport-hyrox",published,N/A,INDEXABLE,"index,follow",/products/garmin-hrm-200/alternatives,yes,,alternatives_ok
/products/garmin-hrm-fit,Product,"sport-running,sport-training,sport-hyrox",published,LAUNCH_READY,INDEXABLE,"index,follow",/products/garmin-hrm-fit,yes,,decisionScore=100
/products/garmin-hrm-fit/alternatives,Alternatives,"sport-running,sport-training,sport-hyrox",published,N/A,INDEXABLE,"index,follow",/products/garmin-hrm-fit/alternatives,yes,,alternatives_ok
/products/polar-h9,Product,"sport-running,sport-cycling,sport-training,sport-hyrox",published,LAUNCH_READY,INDEXABLE,"index,follow",/products/polar-h9,yes,,decisionScore=100
/products/polar-h9/alternatives,Alternatives,"sport-running,sport-cycling,sport-training,sport-hyrox",published,N/A,INDEXABLE,"index,follow",/products/polar-h9/alternatives,yes,,alternatives_ok
/products/wahoo-trackr,Product,"sport-running,sport-cycling,sport-training,sport-hyrox",published,LAUNCH_READY,INDEXABLE,"index,follow",/products/wahoo-trackr,yes,,decisionScore=100
/products/wahoo-trackr/alternatives,Alternatives,"sport-running,sport-cycling,sport-training,sport-hyrox",published,N/A,INDEXABLE,"index,follow",/products/wahoo-trackr/alternatives,yes,,alternatives_ok
/products/wahoo-tickr-fit,Product,"sport-running,sport-cycling,sport-training,sport-hyrox",published,LAUNCH_READY,INDEXABLE,"index,follow",/products/wahoo-tickr-fit,yes,,decisionScore=100
/products/wahoo-tickr-fit/alternatives,Alternatives,"sport-running,sport-cycling,sport-training,sport-hyrox",published,N/A,INDEXABLE,"index,follow",/products/wahoo-tickr-fit/alternatives,yes,,alternatives_ok
/products/scosche-rhythm-plus-2,Product,"sport-running,sport-training,sport-hyrox",published,LAUNCH_READY,INDEXABLE,"index,follow",/products/scosche-rhythm-plus-2,yes,,decisionScore=100
/products/scosche-rhythm24,Product,"sport-running,sport-training",published,LAUNCH_READY,INDEXABLE,"index,follow",/products/scosche-rhythm24,yes,,decisionScore=100
/products/suunto-smart-heart-rate-belt,Product,"sport-running,sport-cycling,sport-training",published,LAUNCH_READY,INDEXABLE,"index,follow",/products/suunto-smart-heart-rate-belt,yes,,decisionScore=100
/products/suunto-smart-heart-rate-belt/alternatives,Alternatives,"sport-running,sport-cycling,sport-training",published,N/A,INDEXABLE,"index,follow",/products/suunto-smart-heart-rate-belt/alternatives,yes,,alternatives_ok
/products/salomon-adv-skin-5,Product,sport-running,published,LAUNCH_READY,INDEXABLE,"index,follow",/products/salomon-adv-skin-5,yes,,decisionScore=100
/products/salomon-adv-skin-5/alternatives,Alternatives,sport-running,published,N/A,INDEXABLE,"index,follow",/products/salomon-adv-skin-5/alternatives,yes,,alternatives_ok
/products/nathan-vaporair-4,Product,sport-running,published,LAUNCH_READY,INDEXABLE,"index,follow",/products/nathan-vaporair-4,yes,,decisionScore=100
/products/nathan-vaporair-4/alternatives,Alternatives,sport-running,published,N/A,INDEXABLE,"index,follow",/products/nathan-vaporair-4/alternatives,yes,,alternatives_ok
/products/nathan-pinnacle-12,Product,sport-running,published,LAUNCH_READY,INDEXABLE,"index,follow",/products/nathan-pinnacle-12,yes,,decisionScore=100
/products/ultimate-direction-race-vest-6,Product,sport-running,published,LAUNCH_READY,INDEXABLE,"index,follow",/products/ultimate-direction-race-vest-6,yes,,decisionScore=100
/products/camelbak-zephyr-pro,Product,sport-running,published,LAUNCH_READY,INDEXABLE,"index,follow",/products/camelbak-zephyr-pro,yes,,decisionScore=100
/products/camelbak-zephyr-pro/alternatives,Alternatives,sport-running,published,N/A,INDEXABLE,"index,follow",/products/camelbak-zephyr-pro/alternatives,yes,,alternatives_ok
/products/camelbak-circuit-run-vest,Product,sport-running,published,LAUNCH_READY,INDEXABLE,"index,follow",/products/camelbak-circuit-run-vest,yes,,decisionScore=100
/products/camelbak-apex-pro,Product,sport-running,published,LAUNCH_READY,INDEXABLE,"index,follow",/products/camelbak-apex-pro,yes,,decisionScore=100
/products/osprey-duro-lt,Product,sport-running,published,LAUNCH_READY,INDEXABLE,"index,follow",/products/osprey-duro-lt,yes,,decisionScore=100
/products/osprey-duro-lt/alternatives,Alternatives,sport-running,published,N/A,INDEXABLE,"index,follow",/products/osprey-duro-lt/alternatives,yes,,alternatives_ok
/products/osprey-dyna-lt,Product,sport-running,published,LAUNCH_READY,INDEXABLE,"index,follow",/products/osprey-dyna-lt,yes,,decisionScore=100
/products/osprey-duro-15,Product,sport-running,published,LAUNCH_READY,INDEXABLE,"index,follow",/products/osprey-duro-15,yes,,decisionScore=100
/products/uswe-pace-8,Product,sport-running,published,LAUNCH_READY,INDEXABLE,"index,follow",/products/uswe-pace-8,yes,,decisionScore=100
/products/ultraspire-alpha-6,Product,sport-running,published,LAUNCH_READY,INDEXABLE,"index,follow",/products/ultraspire-alpha-6,yes,,decisionScore=100
/products/ultraspire-alpha-6/alternatives,Alternatives,sport-running,published,N/A,INDEXABLE,"index,follow",/products/ultraspire-alpha-6/alternatives,yes,,alternatives_ok
/products/ultraspire-spry-5,Product,sport-running,published,LAUNCH_READY,INDEXABLE,"index,follow",/products/ultraspire-spry-5,yes,,decisionScore=100
/products/compressport-ultrun-s-pack,Product,sport-running,published,LAUNCH_READY,INDEXABLE,"index,follow",/products/compressport-ultrun-s-pack,yes,,decisionScore=100
/products/nnormal-race-vest,Product,sport-running,published,LAUNCH_READY,INDEXABLE,"index,follow",/products/nnormal-race-vest,yes,,decisionScore=100
/products/on-ultra-vest-pro,Product,sport-running,published,LAUNCH_READY,INDEXABLE,"index,follow",/products/on-ultra-vest-pro,yes,,decisionScore=100
/products/black-diamond-distance-8,Product,sport-running,published,LAUNCH_READY,INDEXABLE,"index,follow",/products/black-diamond-distance-8,yes,,decisionScore=100
/products/nathan-peak-hydration-waist-pack,Product,sport-running,published,LAUNCH_READY,INDEXABLE,"index,follow",/products/nathan-peak-hydration-waist-pack,yes,,decisionScore=100
/products/nathan-peak-hydration-waist-pack/alternatives,Alternatives,sport-running,published,N/A,INDEXABLE,"index,follow",/products/nathan-peak-hydration-waist-pack/alternatives,yes,,alternatives_ok
/products/ultimate-direction-race-belt,Product,sport-running,published,LAUNCH_READY,INDEXABLE,"index,follow",/products/ultimate-direction-race-belt,yes,,decisionScore=100
/products/ultimate-direction-ultra-belt,Product,sport-running,published,LAUNCH_READY,INDEXABLE,"index,follow",/products/ultimate-direction-ultra-belt,yes,,decisionScore=100
/products/naked-running-band,Product,sport-running,published,LAUNCH_READY,INDEXABLE,"index,follow",/products/naked-running-band,yes,,decisionScore=100
/products/ultraspire-fitted-race-belt-2,Product,sport-running,published,LAUNCH_READY,INDEXABLE,"index,follow",/products/ultraspire-fitted-race-belt-2,yes,,decisionScore=100
/products/compressport-free-belt-pro,Product,sport-running,published,LAUNCH_READY,INDEXABLE,"index,follow",/products/compressport-free-belt-pro,yes,,decisionScore=100
/products/salomon-pulse-belt,Product,sport-running,published,LAUNCH_READY,INDEXABLE,"index,follow",/products/salomon-pulse-belt,yes,,decisionScore=100
/products/hydrapak-softflask-speed-500,Product,sport-running,published,LAUNCH_READY,INDEXABLE,"index,follow",/products/hydrapak-softflask-speed-500,yes,,decisionScore=100
/products/hydrapak-softflask-speed-500/alternatives,Alternatives,sport-running,published,N/A,INDEXABLE,"index,follow",/products/hydrapak-softflask-speed-500/alternatives,yes,,alternatives_ok
/products/hydrapak-skyflask-speed-500,Product,sport-running,published,LAUNCH_READY,INDEXABLE,"index,follow",/products/hydrapak-skyflask-speed-500,yes,,decisionScore=100
/products/nathan-speeddraw-plus-insulated-18oz,Product,sport-running,published,LAUNCH_READY,INDEXABLE,"index,follow",/products/nathan-speeddraw-plus-insulated-18oz,yes,,decisionScore=100
/products/camelbak-crux-15,Product,sport-running,published,LAUNCH_READY,INDEXABLE,"index,follow",/products/camelbak-crux-15,yes,,decisionScore=100
/products/camelbak-crux-15/alternatives,Alternatives,sport-running,published,N/A,INDEXABLE,"index,follow",/products/camelbak-crux-15/alternatives,yes,,alternatives_ok
/products/osprey-hydraulics-lt-15,Product,sport-running,published,LAUNCH_READY,INDEXABLE,"index,follow",/products/osprey-hydraulics-lt-15,yes,,decisionScore=100
/products/hydrapak-softflask-250,Product,sport-running,published,LAUNCH_READY,INDEXABLE,"index,follow",/products/hydrapak-softflask-250,yes,,decisionScore=100
/products/hydrapak-tube-kit,Product,sport-running,published,LAUNCH_READY,INDEXABLE,"index,follow",/products/hydrapak-tube-kit,yes,,decisionScore=100
/products/salomon-soft-flask-speed-500,Product,sport-running,published,LAUNCH_READY,INDEXABLE,"index,follow",/products/salomon-soft-flask-speed-500,yes,,decisionScore=100
/products/ultimate-direction-body-bottle-500,Product,sport-running,published,LAUNCH_READY,INDEXABLE,"index,follow",/products/ultimate-direction-body-bottle-500,yes,,decisionScore=100
/products/nathan-softflask-18oz,Product,sport-running,published,LAUNCH_READY,INDEXABLE,"index,follow",/products/nathan-softflask-18oz,yes,,decisionScore=100
/products/amphipod-hydraform-ergo-lite-handheld,Product,sport-running,published,LAUNCH_READY,INDEXABLE,"index,follow",/products/amphipod-hydraform-ergo-lite-handheld,yes,,decisionScore=100
/products/camelbak-quick-grip-chill,Product,sport-running,published,LAUNCH_READY,INDEXABLE,"index,follow",/products/camelbak-quick-grip-chill,yes,,decisionScore=100
/products/hydrapak-contour-2l,Product,sport-running,published,LAUNCH_READY,INDEXABLE,"index,follow",/products/hydrapak-contour-2l,yes,,decisionScore=100
/products/salomon-soft-reservoir-15,Product,sport-running,published,LAUNCH_READY,INDEXABLE,"index,follow",/products/salomon-soft-reservoir-15,yes,,decisionScore=100
/products/swiftwick-aspire-four,Product,sport-running,published,LAUNCH_READY,INDEXABLE,"index,follow",/products/swiftwick-aspire-four,yes,,decisionScore=100
/products/drymax-run-lite-mesh,Product,sport-running,published,LAUNCH_READY,INDEXABLE,"index,follow",/products/drymax-run-lite-mesh,yes,,decisionScore=100
/products/wrightsock-coolmesh-ii,Product,sport-running,published,LAUNCH_READY,INDEXABLE,"index,follow",/products/wrightsock-coolmesh-ii,yes,,decisionScore=100
/products/amphipod-airflow-lite-belt,Product,sport-running,published,LAUNCH_READY,INDEXABLE,"index,follow",/products/amphipod-airflow-lite-belt,yes,,decisionScore=100
/products/fitletic-fully-loaded,Product,sport-running,published,LAUNCH_READY,INDEXABLE,"index,follow",/products/fitletic-fully-loaded,yes,,decisionScore=100
/products/nathan-zipster-lite,Product,sport-running,published,LAUNCH_READY,INDEXABLE,"index,follow",/products/nathan-zipster-lite,yes,,decisionScore=100
/products/kiprun-running-belt,Product,sport-running,published,LAUNCH_READY,INDEXABLE,"index,follow",/products/kiprun-running-belt,yes,,decisionScore=100
/products/ultimate-direction-fastpack-20,Product,sport-running,published,LAUNCH_READY,INDEXABLE,"index,follow",/products/ultimate-direction-fastpack-20,yes,,decisionScore=100
/products/ultimate-direction-fastpack-20/alternatives,Alternatives,sport-running,published,N/A,INDEXABLE,"index,follow",/products/ultimate-direction-fastpack-20/alternatives,yes,,alternatives_ok
/products/ultimate-direction-fastpack-her-20,Product,sport-running,published,LAUNCH_READY,INDEXABLE,"index,follow",/products/ultimate-direction-fastpack-her-20,yes,,decisionScore=100
/products/ultimate-direction-fastpack-30,Product,sport-running,published,LAUNCH_READY,INDEXABLE,"index,follow",/products/ultimate-direction-fastpack-30,yes,,decisionScore=100
/products/osprey-talon-velocity-20,Product,sport-running,published,LAUNCH_READY,INDEXABLE,"index,follow",/products/osprey-talon-velocity-20,yes,,decisionScore=100
/products/osprey-talon-velocity-20/alternatives,Alternatives,sport-running,published,N/A,INDEXABLE,"index,follow",/products/osprey-talon-velocity-20/alternatives,yes,,alternatives_ok
/products/osprey-tempest-velocity-20,Product,sport-running,published,LAUNCH_READY,INDEXABLE,"index,follow",/products/osprey-tempest-velocity-20,yes,,decisionScore=100
/products/osprey-talon-velocity-30,Product,sport-running,published,LAUNCH_READY,INDEXABLE,"index,follow",/products/osprey-talon-velocity-30,yes,,decisionScore=100
/products/black-diamond-distance-15,Product,sport-running,published,LAUNCH_READY,INDEXABLE,"index,follow",/products/black-diamond-distance-15,yes,,decisionScore=100
/products/black-diamond-distance-22,Product,sport-running,published,LAUNCH_READY,INDEXABLE,"index,follow",/products/black-diamond-distance-22,yes,,decisionScore=100
/products/salomon-xa-15,Product,sport-running,published,LAUNCH_READY,INDEXABLE,"index,follow",/products/salomon-xa-15,yes,,decisionScore=100
/products/salomon-custom-quiver,Product,sport-running,published,LAUNCH_READY,INDEXABLE,"index,follow",/products/salomon-custom-quiver,yes,,decisionScore=100
/products/ultimate-direction-utility-bag,Product,sport-running,published,LAUNCH_READY,INDEXABLE,"index,follow",/products/ultimate-direction-utility-bag,yes,,decisionScore=100
/products/nathan-zippered-stash,Product,sport-running,published,LAUNCH_READY,INDEXABLE,"index,follow",/products/nathan-zippered-stash,yes,,decisionScore=100
/products/shokz-openrun,Product,"sport-running,sport-cycling,sport-training",published,LAUNCH_READY,INDEXABLE,"index,follow",/products/shokz-openrun,yes,,decisionScore=100
/products/shokz-openfit-2,Product,"sport-running,sport-training",published,LAUNCH_READY,INDEXABLE,"index,follow",/products/shokz-openfit-2,yes,,decisionScore=100
/products/shokz-opendots-one,Product,"sport-running,sport-training",published,LAUNCH_READY,INDEXABLE,"index,follow",/products/shokz-opendots-one,yes,,decisionScore=100
/products/beats-fit-pro,Product,"sport-running,sport-training",published,LAUNCH_READY,INDEXABLE,"index,follow",/products/beats-fit-pro,yes,,decisionScore=100
/products/soundcore-aerofit-2,Product,"sport-running,sport-training",published,LAUNCH_READY,INDEXABLE,"index,follow",/products/soundcore-aerofit-2,yes,,decisionScore=100
/products/soundcore-sport-x20,Product,"sport-running,sport-training,sport-hyrox",published,LAUNCH_READY,INDEXABLE,"index,follow",/products/soundcore-sport-x20,yes,,decisionScore=100
/products/suunto-wing,Product,"sport-running,sport-cycling,sport-training",published,LAUNCH_READY,INDEXABLE,"index,follow",/products/suunto-wing,yes,,decisionScore=100
/products/apple-airpods-4,Product,"sport-running,sport-training",published,LAUNCH_READY,INDEXABLE,"index,follow",/products/apple-airpods-4,yes,,decisionScore=100
/products/petzl-nao-rl,Product,sport-running,published,LAUNCH_READY,INDEXABLE,"index,follow",/products/petzl-nao-rl,yes,,decisionScore=100
/products/petzl-actik-core,Product,sport-running,published,LAUNCH_READY,INDEXABLE,"index,follow",/products/petzl-actik-core,yes,,decisionScore=100
/products/black-diamond-distance-1500,Product,sport-running,published,LAUNCH_READY,INDEXABLE,"index,follow",/products/black-diamond-distance-1500,yes,,decisionScore=100
/products/ledlenser-neo9r,Product,sport-running,published,LAUNCH_READY,INDEXABLE,"index,follow",/products/ledlenser-neo9r,yes,,decisionScore=100
/products/biolite-headlamp-800-pro,Product,sport-running,published,LAUNCH_READY,INDEXABLE,"index,follow",/products/biolite-headlamp-800-pro,yes,,decisionScore=100
/products/nitecore-nu43,Product,sport-running,published,LAUNCH_READY,INDEXABLE,"index,follow",/products/nitecore-nu43,yes,,decisionScore=100
/products/amphipod-xinglet,Product,sport-running,published,LAUNCH_READY,INDEXABLE,"index,follow",/products/amphipod-xinglet,yes,,decisionScore=100
/products/amphipod-xinglet-optic-beam,Product,sport-running,published,LAUNCH_READY,INDEXABLE,"index,follow",/products/amphipod-xinglet-optic-beam,yes,,decisionScore=100
/products/amphipod-vizlet-led,Product,sport-running,published,LAUNCH_READY,INDEXABLE,"index,follow",/products/amphipod-vizlet-led,yes,,decisionScore=80
/products/proviz-reflect360-running-vest,Product,sport-running,published,LAUNCH_READY,INDEXABLE,"index,follow",/products/proviz-reflect360-running-vest,yes,,decisionScore=100
/products/nathan-lightbender-rx,Product,sport-running,published,LAUNCH_READY,INDEXABLE,"index,follow",/products/nathan-lightbender-rx,yes,,decisionScore=80
/products/therabody-theragun-prime,Product,"sport-running,sport-recovery,sport-training",published,LAUNCH_READY,INDEXABLE,"index,follow",/products/therabody-theragun-prime,yes,,decisionScore=100
/products/therabody-theragun-pro,Product,"sport-running,sport-recovery,sport-training",published,LAUNCH_READY,INDEXABLE,"index,follow",/products/therabody-theragun-pro,yes,,decisionScore=100
/products/hyperice-hypervolt-2,Product,"sport-running,sport-recovery,sport-training",published,LAUNCH_READY,INDEXABLE,"index,follow",/products/hyperice-hypervolt-2,yes,,decisionScore=100
/products/triggerpoint-grid-x,Product,"sport-running,sport-recovery,sport-training",published,LAUNCH_READY,INDEXABLE,"index,follow",/products/triggerpoint-grid-x,yes,,decisionScore=100
/products/triggerpoint-grid-travel,Product,"sport-running,sport-recovery,sport-training",published,LAUNCH_READY,INDEXABLE,"index,follow",/products/triggerpoint-grid-travel,yes,,decisionScore=100
/products/brazyn-morph,Product,"sport-running,sport-recovery,sport-training",published,LAUNCH_READY,INDEXABLE,"index,follow",/products/brazyn-morph,yes,,decisionScore=100
/products/blackroll-pro,Product,"sport-running,sport-recovery,sport-training",published,LAUNCH_READY,INDEXABLE,"index,follow",/products/blackroll-pro,yes,,decisionScore=100
/products/hyperice-normatec-3,Product,"sport-running,sport-recovery,sport-training",published,LAUNCH_READY,INDEXABLE,"index,follow",/products/hyperice-normatec-3,yes,,decisionScore=100
/products/hyperice-normatec-go,Product,"sport-running,sport-recovery,sport-training",published,LAUNCH_READY,INDEXABLE,"index,follow",/products/hyperice-normatec-go,yes,,decisionScore=100
/products/oofos-oolala,Product,"sport-running,sport-recovery",published,LAUNCH_READY,INDEXABLE,"index,follow",/products/oofos-oolala,yes,,decisionScore=100
/products/cep-the-run-calf-sleeves,Product,"sport-running,sport-recovery",published,LAUNCH_READY,INDEXABLE,"index,follow",/products/cep-the-run-calf-sleeves,yes,,decisionScore=100
/products/hyperice-vyper-3,Product,"sport-running,sport-recovery,sport-training",published,LAUNCH_READY,INDEXABLE,"index,follow",/products/hyperice-vyper-3,yes,,decisionScore=100
/products/darn-tough-run-1-4,Product,sport-running,published,LAUNCH_READY,INDEXABLE,"index,follow",/products/darn-tough-run-1-4,yes,,decisionScore=100
/products/smartwool-run-targeted-cushion,Product,sport-running,published,LAUNCH_READY,INDEXABLE,"index,follow",/products/smartwool-run-targeted-cushion,yes,,decisionScore=100
/products/balega-blister-resist,Product,sport-running,published,LAUNCH_READY,INDEXABLE,"index,follow",/products/balega-blister-resist,yes,,decisionScore=100
/products/nathan-vaporair-2,Product,sport-running,published,LAUNCH_READY,INDEXABLE,"index,follow",/products/nathan-vaporair-2,yes,,decisionScore=100
/products/nathan-vaporair-2/alternatives,Alternatives,sport-running,published,N/A,INDEXABLE,"index,follow",/products/nathan-vaporair-2/alternatives,yes,,alternatives_ok
/products/ultimate-direction-adventure-vest,Product,sport-running,published,LAUNCH_READY,INDEXABLE,"index,follow",/products/ultimate-direction-adventure-vest,yes,,decisionScore=100
/products/camelbak-zephyr,Product,sport-running,published,LAUNCH_READY,INDEXABLE,"index,follow",/products/camelbak-zephyr,yes,,decisionScore=100
/products/camelbak-zephyr/alternatives,Alternatives,sport-running,published,N/A,INDEXABLE,"index,follow",/products/camelbak-zephyr/alternatives,yes,,alternatives_ok
/products/osprey-duro-6,Product,sport-running,published,LAUNCH_READY,INDEXABLE,"index,follow",/products/osprey-duro-6,yes,,decisionScore=100
/products/osprey-duro-6/alternatives,Alternatives,sport-running,published,N/A,INDEXABLE,"index,follow",/products/osprey-duro-6/alternatives,yes,,alternatives_ok
/products/osprey-dyna-6,Product,sport-running,published,LAUNCH_READY,INDEXABLE,"index,follow",/products/osprey-dyna-6,yes,,decisionScore=100
/products/flipbelt-classic,Product,sport-running,published,LAUNCH_READY,INDEXABLE,"index,follow",/products/flipbelt-classic,yes,,decisionScore=100
/products/flipbelt-classic/alternatives,Alternatives,sport-running,published,N/A,INDEXABLE,"index,follow",/products/flipbelt-classic/alternatives,yes,,alternatives_ok
/products/nathan-mirage-pak,Product,sport-running,published,LAUNCH_READY,INDEXABLE,"index,follow",/products/nathan-mirage-pak,yes,,decisionScore=100
/products/spibelt-original,Product,sport-running,published,LAUNCH_READY,INDEXABLE,"index,follow",/products/spibelt-original,yes,,decisionScore=100
/products/nathan-exoshot-2,Product,sport-running,published,LAUNCH_READY,INDEXABLE,"index,follow",/products/nathan-exoshot-2,yes,,decisionScore=100
/products/salomon-soft-flask-500,Product,sport-running,published,LAUNCH_READY,INDEXABLE,"index,follow",/products/salomon-soft-flask-500,yes,,decisionScore=100
/products/hydrapak-softflask-500,Product,sport-running,published,LAUNCH_READY,INDEXABLE,"index,follow",/products/hydrapak-softflask-500,yes,,decisionScore=100
/products/feetures-elite-light-cushion,Product,sport-running,published,LAUNCH_READY,INDEXABLE,"index,follow",/products/feetures-elite-light-cushion,yes,,decisionScore=100
/products/feetures-elite-light-cushion/alternatives,Alternatives,sport-running,published,N/A,INDEXABLE,"index,follow",/products/feetures-elite-light-cushion/alternatives,yes,,alternatives_ok
/products/balega-hidden-comfort,Product,sport-running,published,LAUNCH_READY,INDEXABLE,"index,follow",/products/balega-hidden-comfort,yes,,decisionScore=100
/products/balega-hidden-comfort/alternatives,Alternatives,sport-running,published,N/A,INDEXABLE,"index,follow",/products/balega-hidden-comfort/alternatives,yes,,alternatives_ok
/products/injinji-run-midweight,Product,sport-running,published,LAUNCH_READY,INDEXABLE,"index,follow",/products/injinji-run-midweight,yes,,decisionScore=100
/products/cep-run-compression-sock-3,Product,sport-running,published,LAUNCH_READY,INDEXABLE,"index,follow",/products/cep-run-compression-sock-3,yes,,decisionScore=100
/products/shokz-openrun-pro-2,Product,"sport-running,sport-cycling,sport-training",published,LAUNCH_READY,INDEXABLE,"index,follow",/products/shokz-openrun-pro-2,yes,,decisionScore=100
/products/apple-airpods-pro-2,Product,"sport-running,sport-training",published,LAUNCH_READY,INDEXABLE,"index,follow",/products/apple-airpods-pro-2,yes,,decisionScore=100
/products/bose-ultra-open-earbuds,Product,"sport-running,sport-training",published,LAUNCH_READY,INDEXABLE,"index,follow",/products/bose-ultra-open-earbuds,yes,,decisionScore=100
/products/petzl-swift-rl,Product,sport-running,published,LAUNCH_READY,INDEXABLE,"index,follow",/products/petzl-swift-rl,yes,,decisionScore=100
/products/black-diamond-spot-400-r,Product,sport-running,published,LAUNCH_READY,INDEXABLE,"index,follow",/products/black-diamond-spot-400-r,yes,,decisionScore=100
/products/silva-trail-runner-free-2,Product,sport-running,published,LAUNCH_READY,INDEXABLE,"index,follow",/products/silva-trail-runner-free-2,yes,,decisionScore=100
/products/nathan-streak-reflective-vest,Product,sport-running,published,LAUNCH_READY,INDEXABLE,"index,follow",/products/nathan-streak-reflective-vest,yes,,decisionScore=100
/products/therabody-theragun-mini-2,Product,"sport-running,sport-recovery,sport-training",published,LAUNCH_READY,INDEXABLE,"index,follow",/products/therabody-theragun-mini-2,yes,,decisionScore=100
/products/hyperice-hypervolt-go-2,Product,"sport-running,sport-recovery,sport-training",published,LAUNCH_READY,INDEXABLE,"index,follow",/products/hyperice-hypervolt-go-2,yes,,decisionScore=100
/products/oofos-ooriginal,Product,"sport-running,sport-recovery",published,LAUNCH_READY,INDEXABLE,"index,follow",/products/oofos-ooriginal,yes,,decisionScore=100
/products/cep-calf-sleeves-3,Product,"sport-running,sport-recovery",published,LAUNCH_READY,INDEXABLE,"index,follow",/products/cep-calf-sleeves-3,yes,,decisionScore=100
/brands/asics,Brand,,published,N/A,INDEXABLE,"index,follow",/brands/asics,yes,,brand_hub_ok
/brands/nike,Brand,,published,N/A,INDEXABLE,"index,follow",/brands/nike,yes,,brand_hub_ok
/brands/adidas,Brand,,published,N/A,INDEXABLE,"index,follow",/brands/adidas,yes,,brand_hub_ok
/brands/saucony,Brand,,published,N/A,INDEXABLE,"index,follow",/brands/saucony,yes,,brand_hub_ok
/brands/new-balance,Brand,,published,N/A,INDEXABLE,"index,follow",/brands/new-balance,yes,,brand_hub_ok
/brands/hoka,Brand,,published,N/A,INDEXABLE,"index,follow",/brands/hoka,yes,,brand_hub_ok
/brands/brooks,Brand,,published,N/A,INDEXABLE,"index,follow",/brands/brooks,yes,,brand_hub_ok
/brands/garmin,Brand,,published,N/A,INDEXABLE,"index,follow",/brands/garmin,yes,,brand_hub_ok
/brands/coros,Brand,,published,N/A,INDEXABLE,"index,follow",/brands/coros,yes,,brand_hub_ok
/brands/salomon,Brand,,published,N/A,INDEXABLE,"index,follow",/brands/salomon,yes,,brand_hub_ok
/brands/puma,Brand,,published,N/A,INDEXABLE,"index,follow",/brands/puma,yes,,brand_hub_ok
/brands/on,Brand,,published,N/A,INDEXABLE,"index,follow",/brands/on,yes,,brand_hub_ok
/brands/mizuno,Brand,,published,N/A,INDEXABLE,"index,follow",/brands/mizuno,yes,,brand_hub_ok
/brands/altra,Brand,,published,N/A,INDEXABLE,"index,follow",/brands/altra,yes,,brand_hub_ok
/brands/topo-athletic,Brand,,published,N/A,INDEXABLE,"index,follow",/brands/topo-athletic,yes,,brand_hub_ok
/brands/inov-8,Brand,,published,N/A,INDEXABLE,"index,follow",/brands/inov-8,yes,,brand_hub_ok
/brands/polar,Brand,,published,N/A,INDEXABLE,"index,follow",/brands/polar,yes,,brand_hub_ok
/brands/suunto,Brand,,published,N/A,INDEXABLE,"index,follow",/brands/suunto,yes,,brand_hub_ok
/brands/apple,Brand,,published,N/A,INDEXABLE,"index,follow",/brands/apple,yes,,brand_hub_ok
/brands/amazfit,Brand,,published,N/A,INDEXABLE,"index,follow",/brands/amazfit,yes,,brand_hub_ok
/brands/wahoo,Brand,,published,N/A,INDEXABLE,"index,follow",/brands/wahoo,yes,,brand_hub_ok
/brands/scosche,Brand,,published,N/A,INDEXABLE,"index,follow",/brands/scosche,yes,,brand_hub_ok
/brands/nathan,Brand,,published,N/A,INDEXABLE,"index,follow",/brands/nathan,yes,,brand_hub_ok
/brands/ultimate-direction,Brand,,published,N/A,INDEXABLE,"index,follow",/brands/ultimate-direction,yes,,brand_hub_ok
/brands/camelbak,Brand,,published,N/A,INDEXABLE,"index,follow",/brands/camelbak,yes,,brand_hub_ok
/brands/osprey,Brand,,published,N/A,INDEXABLE,"index,follow",/brands/osprey,yes,,brand_hub_ok
/brands/hydrapak,Brand,,published,N/A,INDEXABLE,"index,follow",/brands/hydrapak,yes,,brand_hub_ok
/brands/patagonia,Brand,,published,N/A,INDEXABLE,"index,follow",/brands/patagonia,yes,,brand_hub_ok
/brands/ultraspire,Brand,,published,N/A,INDEXABLE,"index,follow",/brands/ultraspire,yes,,brand_hub_ok
/brands/compressport,Brand,,published,N/A,INDEXABLE,"index,follow",/brands/compressport,yes,,brand_hub_ok
/brands/tracksmith,Brand,,published,N/A,INDEXABLE,"index,follow",/brands/tracksmith,yes,,brand_hub_ok
/brands/janji,Brand,,published,N/A,INDEXABLE,"index,follow",/brands/janji,yes,,brand_hub_ok
/brands/odlo,Brand,,published,N/A,INDEXABLE,"index,follow",/brands/odlo,yes,,brand_hub_ok
/brands/smartwool,Brand,,published,N/A,INDEXABLE,"index,follow",/brands/smartwool,yes,,brand_hub_ok
/brands/shokz,Brand,,published,N/A,INDEXABLE,"index,follow",/brands/shokz,yes,,brand_hub_ok
/brands/oakley,Brand,,published,N/A,INDEXABLE,"index,follow",/brands/oakley,yes,,brand_hub_ok
/brands/goodr,Brand,,published,N/A,INDEXABLE,"index,follow",/brands/goodr,yes,,brand_hub_ok
/brands/julbo,Brand,,published,N/A,INDEXABLE,"index,follow",/brands/julbo,yes,,brand_hub_ok
/brands/petzl,Brand,,published,N/A,INDEXABLE,"index,follow",/brands/petzl,yes,,brand_hub_ok
/brands/black-diamond,Brand,,published,N/A,INDEXABLE,"index,follow",/brands/black-diamond,yes,,brand_hub_ok
/brands/balega,Brand,,published,N/A,INDEXABLE,"index,follow",/brands/balega,yes,,brand_hub_ok
/brands/cep,Brand,,published,N/A,INDEXABLE,"index,follow",/brands/cep,yes,,brand_hub_ok
/brands/buff,Brand,,published,N/A,INDEXABLE,"index,follow",/brands/buff,yes,,brand_hub_ok
/brands/craft,Brand,,published,N/A,INDEXABLE,"index,follow",/brands/craft,yes,,brand_hub_ok
/brands/therabody,Brand,,published,N/A,INDEXABLE,"index,follow",/brands/therabody,yes,,brand_hub_ok
/brands/hyperice,Brand,,published,N/A,INDEXABLE,"index,follow",/brands/hyperice,yes,,brand_hub_ok
/brands/triggerpoint,Brand,,published,N/A,INDEXABLE,"index,follow",/brands/triggerpoint,yes,,brand_hub_ok
/brands/oofos,Brand,,published,N/A,INDEXABLE,"index,follow",/brands/oofos,yes,,brand_hub_ok
/brands/soundcore,Brand,,published,N/A,INDEXABLE,"index,follow",/brands/soundcore,yes,,brand_hub_ok
/brands/smith,Brand,,published,N/A,INDEXABLE,"index,follow",/brands/smith,yes,,brand_hub_ok
/brands/tifosi,Brand,,published,N/A,INDEXABLE,"index,follow",/brands/tifosi,yes,,brand_hub_ok
/brands/amphipod,Brand,,published,N/A,INDEXABLE,"index,follow",/brands/amphipod,yes,,brand_hub_ok
/brands/maurten,Brand,,published,N/A,INDEXABLE,"index,follow",/brands/maurten,yes,,brand_hub_ok
/brands/science-in-sport,Brand,,published,N/A,INDEXABLE,"index,follow",/brands/science-in-sport,yes,,brand_hub_ok
/brands/gu-energy,Brand,,published,N/A,INDEXABLE,"index,follow",/brands/gu-energy,yes,,brand_hub_ok
/brands/precision-fuel-hydration,Brand,,published,N/A,INDEXABLE,"index,follow",/brands/precision-fuel-hydration,yes,,brand_hub_ok
/brands/skratch-labs,Brand,,published,N/A,INDEXABLE,"index,follow",/brands/skratch-labs,yes,,brand_hub_ok
/brands/clif-bar,Brand,,published,N/A,INDEXABLE,"index,follow",/brands/clif-bar,yes,,brand_hub_ok
/brands/neversecond,Brand,,published,N/A,INDEXABLE,"index,follow",/brands/neversecond,yes,,brand_hub_ok
/brands/high5,Brand,,published,N/A,INDEXABLE,"index,follow",/brands/high5,yes,,brand_hub_ok
/brands/saltstick,Brand,,published,N/A,INDEXABLE,"index,follow",/brands/saltstick,yes,,brand_hub_ok
/brands/naak,Brand,,published,N/A,INDEXABLE,"index,follow",/brands/naak,yes,,brand_hub_ok
/brands/styrkr,Brand,,published,N/A,INDEXABLE,"index,follow",/brands/styrkr,yes,,brand_hub_ok
/brands/veloforte,Brand,,published,N/A,INDEXABLE,"index,follow",/brands/veloforte,yes,,brand_hub_ok
/brands/nox,Brand,,published,N/A,INDEXABLE,"index,follow",/brands/nox,yes,,brand_hub_ok
/brands/bullpadel,Brand,,published,N/A,INDEXABLE,"index,follow",/brands/bullpadel,yes,,brand_hub_ok
/brands/adidas-padel,Brand,,published,N/A,INDEXABLE,"index,follow",/brands/adidas-padel,yes,,brand_hub_ok
/brands/head,Brand,,published,N/A,INDEXABLE,"index,follow",/brands/head,yes,,brand_hub_ok
/brands/wilson,Brand,,published,N/A,INDEXABLE,"index,follow",/brands/wilson,yes,,brand_hub_ok
/brands/babolat,Brand,,published,N/A,INDEXABLE,"index,follow",/brands/babolat,yes,,brand_hub_ok
/brands/starvie,Brand,,published,N/A,INDEXABLE,"index,follow",/brands/starvie,yes,,brand_hub_ok
/brands/kuikma,Brand,,published,N/A,INDEXABLE,"index,follow",/brands/kuikma,yes,,brand_hub_ok
/brands/varlion,Brand,,published,N/A,INDEXABLE,"index,follow",/brands/varlion,yes,,brand_hub_ok
/brands/oxdog,Brand,,published,N/A,INDEXABLE,"index,follow",/brands/oxdog,yes,,brand_hub_ok
/brands/tecnifibre-padel,Brand,,published,N/A,INDEXABLE,"index,follow",/brands/tecnifibre-padel,yes,,brand_hub_ok
/brands/lok,Brand,,published,N/A,INDEXABLE,"index,follow",/brands/lok,yes,,brand_hub_ok
/brands/joma,Brand,,published,N/A,INDEXABLE,"index,follow",/brands/joma,yes,,brand_hub_ok
/brands/yonex,Brand,,published,N/A,INDEXABLE,"index,follow",/brands/yonex,yes,,brand_hub_ok
/brands/tecnifibre,Brand,,published,N/A,INDEXABLE,"index,follow",/brands/tecnifibre,yes,,brand_hub_ok
/brands/prince,Brand,,published,N/A,INDEXABLE,"index,follow",/brands/prince,yes,,brand_hub_ok
/brands/joola,Brand,,published,N/A,INDEXABLE,"index,follow",/brands/joola,yes,,brand_hub_ok
/brands/asics-racket,Brand,,published,N/A,INDEXABLE,"index,follow",/brands/asics-racket,yes,,brand_hub_ok
/brands/k-swiss,Brand,,published,N/A,INDEXABLE,"index,follow",/brands/k-swiss,yes,,brand_hub_ok
/brands/rogue,Brand,,published,N/A,INDEXABLE,"index,follow",/brands/rogue,yes,,brand_hub_ok
/brands/rep-fitness,Brand,,published,N/A,INDEXABLE,"index,follow",/brands/rep-fitness,yes,,brand_hub_ok
/brands/powerblock,Brand,,published,N/A,INDEXABLE,"index,follow",/brands/powerblock,yes,,brand_hub_ok
/brands/nuobell,Brand,,published,N/A,INDEXABLE,"index,follow",/brands/nuobell,yes,,brand_hub_ok
/brands/bowflex,Brand,,published,N/A,INDEXABLE,"index,follow",/brands/bowflex,yes,,brand_hub_ok
/brands/concept2,Brand,,published,N/A,INDEXABLE,"index,follow",/brands/concept2,yes,,brand_hub_ok
/brands/assault-fitness,Brand,,published,N/A,INDEXABLE,"index,follow",/brands/assault-fitness,yes,,brand_hub_ok
/brands/mirafit,Brand,,published,N/A,INDEXABLE,"index,follow",/brands/mirafit,yes,,brand_hub_ok
/brands/eleiko,Brand,,published,N/A,INDEXABLE,"index,follow",/brands/eleiko,yes,,brand_hub_ok
/brands/gornation,Brand,,published,N/A,INDEXABLE,"index,follow",/brands/gornation,yes,,brand_hub_ok
/brands/gravity-fitness,Brand,,published,N/A,INDEXABLE,"index,follow",/brands/gravity-fitness,yes,,brand_hub_ok
/brands/reebok,Brand,,published,N/A,INDEXABLE,"index,follow",/brands/reebok,yes,,brand_hub_ok
/brands/nobull,Brand,,published,N/A,INDEXABLE,"index,follow",/brands/nobull,yes,,brand_hub_ok
/brands/tyr,Brand,,published,N/A,INDEXABLE,"index,follow",/brands/tyr,yes,,brand_hub_ok
/brands/blackroll,Brand,,published,N/A,INDEXABLE,"index,follow",/brands/blackroll,yes,,brand_hub_ok
/brands/pullup-and-dip,Brand,,published,N/A,INDEXABLE,"index,follow",/brands/pullup-and-dip,yes,,brand_hub_ok
/brands/atx,Brand,,published,N/A,INDEXABLE,"index,follow",/brands/atx,yes,,brand_hub_ok
/brands/xebex,Brand,,published,N/A,INDEXABLE,"index,follow",/brands/xebex,yes,,brand_hub_ok
/brands/under-armour,Brand,,published,N/A,INDEXABLE,"index,follow",/brands/under-armour,yes,,brand_hub_ok
/brands/salming,Brand,,published,N/A,INDEXABLE,"index,follow",/brands/salming,yes,,brand_hub_ok
/reviews/saucony-peregrine-15,Review,sport-running,published,LAUNCH_READY,INDEXABLE,"index,follow",/reviews/saucony-peregrine-15,yes,,decisionScore=100|words=3972
/reviews/polar-h10,Review,"sport-running,sport-cycling,sport-training,sport-hyrox",published,LAUNCH_READY,INDEXABLE,"index,follow",/reviews/polar-h10,yes,,decisionScore=100|words=3882
/reviews/garmin-hrm-600,Review,"sport-running,sport-cycling,sport-training,sport-hyrox",published,LAUNCH_READY,INDEXABLE,"index,follow",/reviews/garmin-hrm-600,yes,,decisionScore=100|words=4003
/reviews/polar-verity-sense,Review,"sport-running,sport-training,sport-swimming,sport-hyrox",published,LAUNCH_READY,INDEXABLE,"index,follow",/reviews/polar-verity-sense,yes,,decisionScore=100|words=3897
/reviews/scosche-rhythm-plus-2,Review,"sport-running,sport-training,sport-hyrox",published,LAUNCH_READY,INDEXABLE,"index,follow",/reviews/scosche-rhythm-plus-2,yes,,decisionScore=100|words=3938
/reviews/garmin-fenix-8,Review,"sport-running,sport-cycling,sport-swimming",published,LAUNCH_READY,INDEXABLE,"index,follow",/reviews/garmin-fenix-8,yes,,decisionScore=100|words=3913
/reviews/coros-apex-4,Review,"sport-running,sport-cycling",published,LAUNCH_READY,INDEXABLE,"index,follow",/reviews/coros-apex-4,yes,,decisionScore=100|words=3935
/reviews/apple-watch-ultra-3,Review,"sport-running,sport-cycling,sport-swimming,sport-training",published,LAUNCH_READY,INDEXABLE,"index,follow",/reviews/apple-watch-ultra-3,yes,,decisionScore=100|words=3964
/reviews/asics-novablast-6,Review,sport-running,published,LAUNCH_READY,INDEXABLE,"index,follow",/reviews/asics-novablast-6,yes,,decisionScore=100|words=3980
/reviews/asics-novablast-5,Review,sport-running,published,LAUNCH_READY,INDEXABLE,"index,follow",/reviews/asics-novablast-5,yes,,decisionScore=100|words=3918
/reviews/adidas-adizero-boston-12,Review,"sport-running,sport-hyrox",published,LAUNCH_READY,INDEXABLE,"index,follow",/reviews/adidas-adizero-boston-12,yes,,decisionScore=100|words=3896
/reviews/brooks-ghost-18,Review,sport-running,published,LAUNCH_READY,INDEXABLE,"index,follow",/reviews/brooks-ghost-18,yes,,decisionScore=100|words=3882
/reviews/hoka-clifton-10,Review,sport-running,published,LAUNCH_READY,INDEXABLE,"index,follow",/reviews/hoka-clifton-10,yes,,decisionScore=100|words=3872
/reviews/nike-pegasus-42,Review,sport-running,published,LAUNCH_READY,INDEXABLE,"index,follow",/reviews/nike-pegasus-42,yes,,decisionScore=100|words=3934
/reviews/brooks-glycerin-22,Review,sport-running,published,LAUNCH_READY,INDEXABLE,"index,follow",/reviews/brooks-glycerin-22,yes,,decisionScore=100|words=3904
/reviews/asics-superblast-2,Review,sport-running,published,LAUNCH_READY,INDEXABLE,"index,follow",/reviews/asics-superblast-2,yes,,decisionScore=100|words=3852
/reviews/nike-vomero-18,Review,sport-running,published,LAUNCH_READY,INDEXABLE,"index,follow",/reviews/nike-vomero-18,yes,,decisionScore=100|words=3881
/reviews/saucony-endorphin-speed-5,Review,sport-running,published,LAUNCH_READY,INDEXABLE,"index,follow",/reviews/saucony-endorphin-speed-5,yes,,decisionScore=100|words=3913
/reviews/nike-vaporfly-4,Review,sport-running,published,LAUNCH_READY,INDEXABLE,"index,follow",/reviews/nike-vaporfly-4,yes,,decisionScore=100|words=3910
/reviews/asics-gel-kayano-32,Review,sport-running,published,LAUNCH_READY,INDEXABLE,"index,follow",/reviews/asics-gel-kayano-32,yes,,decisionScore=100|words=3882
/reviews/hoka-bondi-9,Review,sport-running,published,LAUNCH_READY,INDEXABLE,"index,follow",/reviews/hoka-bondi-9,yes,,decisionScore=100|words=3861
/reviews/hoka-speedgoat-6,Review,sport-running,published,LAUNCH_READY,INDEXABLE,"index,follow",/reviews/hoka-speedgoat-6,yes,,decisionScore=100|words=3840
/reviews/nike-alphafly-3,Review,sport-running,published,LAUNCH_READY,INDEXABLE,"index,follow",/reviews/nike-alphafly-3,yes,,decisionScore=100|words=3856
/reviews/garmin-forerunner-970,Review,"sport-running,sport-cycling,sport-swimming",published,LAUNCH_READY,INDEXABLE,"index,follow",/reviews/garmin-forerunner-970,yes,,decisionScore=100|words=3847
/reviews/coros-pace-3,Review,sport-running,published,LAUNCH_READY,INDEXABLE,"index,follow",/reviews/coros-pace-3,yes,,decisionScore=100|words=3834
/reviews/brooks-adrenaline-gts-25,Review,sport-running,published,LAUNCH_READY,INDEXABLE,"index,follow",/reviews/brooks-adrenaline-gts-25,yes,,decisionScore=100|words=3871
/reviews/camelbak-zephyr-pro,Review,sport-running,published,LAUNCH_READY,INDEXABLE,"index,follow",/reviews/camelbak-zephyr-pro,yes,,decisionScore=100|words=4060
/reviews/osprey-dyna-lt,Review,sport-running,published,LAUNCH_READY,INDEXABLE,"index,follow",/reviews/osprey-dyna-lt,yes,,decisionScore=100|words=4060
/reviews/osprey-duro-15,Review,sport-running,published,LAUNCH_READY,INDEXABLE,"index,follow",/reviews/osprey-duro-15,yes,,decisionScore=100|words=3989
/reviews/compressport-ultrun-s-pack,Review,sport-running,published,LAUNCH_READY,INDEXABLE,"index,follow",/reviews/compressport-ultrun-s-pack,yes,,decisionScore=100|words=4039
/reviews/ultimate-direction-fastpack-20,Review,sport-running,published,LAUNCH_READY,INDEXABLE,"index,follow",/reviews/ultimate-direction-fastpack-20,yes,,decisionScore=100|words=4021
/reviews/ultimate-direction-fastpack-her-20,Review,sport-running,published,LAUNCH_READY,INDEXABLE,"index,follow",/reviews/ultimate-direction-fastpack-her-20,yes,,decisionScore=100|words=3946
/reviews/ultimate-direction-fastpack-30,Review,sport-running,published,LAUNCH_READY,INDEXABLE,"index,follow",/reviews/ultimate-direction-fastpack-30,yes,,decisionScore=100|words=4070
/reviews/osprey-talon-velocity-20,Review,sport-running,published,LAUNCH_READY,INDEXABLE,"index,follow",/reviews/osprey-talon-velocity-20,yes,,decisionScore=100|words=3951
/reviews/osprey-tempest-velocity-20,Review,sport-running,published,LAUNCH_READY,INDEXABLE,"index,follow",/reviews/osprey-tempest-velocity-20,yes,,decisionScore=100|words=3933
/reviews/osprey-talon-velocity-30,Review,sport-running,published,LAUNCH_READY,INDEXABLE,"index,follow",/reviews/osprey-talon-velocity-30,yes,,decisionScore=100|words=3944
/reviews/black-diamond-distance-15,Review,sport-running,published,LAUNCH_READY,INDEXABLE,"index,follow",/reviews/black-diamond-distance-15,yes,,decisionScore=100|words=3968
/reviews/black-diamond-distance-22,Review,sport-running,published,LAUNCH_READY,INDEXABLE,"index,follow",/reviews/black-diamond-distance-22,yes,,decisionScore=100|words=4062
/reviews/salomon-xa-15,Review,sport-running,published,LAUNCH_READY,INDEXABLE,"index,follow",/reviews/salomon-xa-15,yes,,decisionScore=100|words=3958
/reviews/salomon-custom-quiver,Review,sport-running,published,LAUNCH_READY,INDEXABLE,"index,follow",/reviews/salomon-custom-quiver,yes,,decisionScore=100|words=4025
/reviews/ultimate-direction-utility-bag,Review,sport-running,published,LAUNCH_READY,INDEXABLE,"index,follow",/reviews/ultimate-direction-utility-bag,yes,,decisionScore=100|words=3978
/reviews/nathan-zippered-stash,Review,sport-running,published,LAUNCH_READY,INDEXABLE,"index,follow",/reviews/nathan-zippered-stash,yes,,decisionScore=100|words=3942
/reviews/swiftwick-aspire-four,Review,sport-running,published,LAUNCH_READY,INDEXABLE,"index,follow",/reviews/swiftwick-aspire-four,yes,,decisionScore=100|words=3915
/reviews/drymax-run-lite-mesh,Review,sport-running,published,LAUNCH_READY,INDEXABLE,"index,follow",/reviews/drymax-run-lite-mesh,yes,,decisionScore=100|words=3975
/reviews/wrightsock-coolmesh-ii,Review,sport-running,published,LAUNCH_READY,INDEXABLE,"index,follow",/reviews/wrightsock-coolmesh-ii,yes,,decisionScore=100|words=3961
/reviews/balega-hidden-comfort,Review,sport-running,published,LAUNCH_READY,INDEXABLE,"index,follow",/reviews/balega-hidden-comfort,yes,,decisionScore=100|words=3990
/reviews/shokz-opendots-one,Review,"sport-running,sport-training",published,LAUNCH_READY,INDEXABLE,"index,follow",/reviews/shokz-opendots-one,yes,,decisionScore=100|words=4005
/reviews/beats-fit-pro,Review,"sport-running,sport-training",published,LAUNCH_READY,INDEXABLE,"index,follow",/reviews/beats-fit-pro,yes,,decisionScore=100|words=3939
/reviews/soundcore-aerofit-2,Review,"sport-running,sport-training",published,LAUNCH_READY,INDEXABLE,"index,follow",/reviews/soundcore-aerofit-2,yes,,decisionScore=100|words=4037
/reviews/soundcore-sport-x20,Review,"sport-running,sport-training,sport-hyrox",published,LAUNCH_READY,INDEXABLE,"index,follow",/reviews/soundcore-sport-x20,yes,,decisionScore=100|words=3954
/reviews/apple-airpods-4,Review,"sport-running,sport-training",published,LAUNCH_READY,INDEXABLE,"index,follow",/reviews/apple-airpods-4,yes,,decisionScore=100|words=4060
/reviews/osprey-hydraulics-lt-15,Review,sport-running,published,LAUNCH_READY,INDEXABLE,"index,follow",/reviews/osprey-hydraulics-lt-15,yes,,decisionScore=100|words=4035
/reviews/hydrapak-tube-kit,Review,sport-running,published,LAUNCH_READY,INDEXABLE,"index,follow",/reviews/hydrapak-tube-kit,yes,,decisionScore=100|words=4023
/reviews/salomon-soft-flask-speed-500,Review,sport-running,published,LAUNCH_READY,INDEXABLE,"index,follow",/reviews/salomon-soft-flask-speed-500,yes,,decisionScore=100|words=3978
/reviews/ultimate-direction-body-bottle-500,Review,sport-running,published,LAUNCH_READY,INDEXABLE,"index,follow",/reviews/ultimate-direction-body-bottle-500,yes,,decisionScore=100|words=3924
/reviews/nathan-softflask-18oz,Review,sport-running,published,LAUNCH_READY,INDEXABLE,"index,follow",/reviews/nathan-softflask-18oz,yes,,decisionScore=100|words=4035
/reviews/amphipod-hydraform-ergo-lite-handheld,Review,sport-running,published,LAUNCH_READY,INDEXABLE,"index,follow",/reviews/amphipod-hydraform-ergo-lite-handheld,yes,,decisionScore=100|words=4051
/reviews/camelbak-quick-grip-chill,Review,sport-running,published,LAUNCH_READY,INDEXABLE,"index,follow",/reviews/camelbak-quick-grip-chill,yes,,decisionScore=100|words=4039
/reviews/hydrapak-contour-2l,Review,sport-running,published,LAUNCH_READY,INDEXABLE,"index,follow",/reviews/hydrapak-contour-2l,yes,,decisionScore=100|words=3989
/reviews/salomon-soft-reservoir-15,Review,sport-running,published,LAUNCH_READY,INDEXABLE,"index,follow",/reviews/salomon-soft-reservoir-15,yes,,decisionScore=100|words=4062
/reviews/hydrapak-softflask-500,Review,sport-running,published,LAUNCH_READY,INDEXABLE,"index,follow",/reviews/hydrapak-softflask-500,yes,,decisionScore=100|words=3995
/reviews/compressport-free-belt-pro,Review,sport-running,published,LAUNCH_READY,INDEXABLE,"index,follow",/reviews/compressport-free-belt-pro,yes,,decisionScore=100|words=3951
/reviews/amphipod-airflow-lite-belt,Review,sport-running,published,LAUNCH_READY,INDEXABLE,"index,follow",/reviews/amphipod-airflow-lite-belt,yes,,decisionScore=100|words=3962
/reviews/fitletic-fully-loaded,Review,sport-running,published,LAUNCH_READY,INDEXABLE,"index,follow",/reviews/fitletic-fully-loaded,yes,,decisionScore=100|words=3913
/reviews/nathan-zipster-lite,Review,sport-running,published,LAUNCH_READY,INDEXABLE,"index,follow",/reviews/nathan-zipster-lite,yes,,decisionScore=100|words=3921
/reviews/kiprun-running-belt,Review,sport-running,published,LAUNCH_READY,INDEXABLE,"index,follow",/reviews/kiprun-running-belt,yes,,decisionScore=100|words=3943
/reviews/petzl-nao-rl,Review,sport-running,published,LAUNCH_READY,INDEXABLE,"index,follow",/reviews/petzl-nao-rl,yes,,decisionScore=100|words=4015
/reviews/petzl-actik-core,Review,sport-running,published,LAUNCH_READY,INDEXABLE,"index,follow",/reviews/petzl-actik-core,yes,,decisionScore=100|words=3983
/reviews/black-diamond-distance-1500,Review,sport-running,published,LAUNCH_READY,INDEXABLE,"index,follow",/reviews/black-diamond-distance-1500,yes,,decisionScore=100|words=3954
/reviews/ledlenser-neo9r,Review,sport-running,published,LAUNCH_READY,INDEXABLE,"index,follow",/reviews/ledlenser-neo9r,yes,,decisionScore=100|words=3997
/reviews/biolite-headlamp-800-pro,Review,sport-running,published,LAUNCH_READY,INDEXABLE,"index,follow",/reviews/biolite-headlamp-800-pro,yes,,decisionScore=100|words=4056
/reviews/nitecore-nu43,Review,sport-running,published,LAUNCH_READY,INDEXABLE,"index,follow",/reviews/nitecore-nu43,yes,,decisionScore=100|words=4011
/reviews/amphipod-xinglet,Review,sport-running,published,LAUNCH_READY,INDEXABLE,"index,follow",/reviews/amphipod-xinglet,yes,,decisionScore=100|words=4014
/reviews/amphipod-xinglet-optic-beam,Review,sport-running,published,LAUNCH_READY,INDEXABLE,"index,follow",/reviews/amphipod-xinglet-optic-beam,yes,,decisionScore=100|words=3948
/reviews/amphipod-vizlet-led,Review,sport-running,published,LAUNCH_READY,INDEXABLE,"index,follow",/reviews/amphipod-vizlet-led,yes,,decisionScore=100|words=3962
/reviews/proviz-reflect360-running-vest,Review,sport-running,published,LAUNCH_READY,INDEXABLE,"index,follow",/reviews/proviz-reflect360-running-vest,yes,,decisionScore=100|words=4039
/reviews/nathan-lightbender-rx,Review,sport-running,published,LAUNCH_READY,INDEXABLE,"index,follow",/reviews/nathan-lightbender-rx,yes,,decisionScore=100|words=3979
/reviews/therabody-theragun-pro,Review,"sport-running,sport-recovery,sport-training",published,LAUNCH_READY,INDEXABLE,"index,follow",/reviews/therabody-theragun-pro,yes,,decisionScore=100|words=4068
/reviews/hyperice-hypervolt-2,Review,"sport-running,sport-recovery,sport-training",published,LAUNCH_READY,INDEXABLE,"index,follow",/reviews/hyperice-hypervolt-2,yes,,decisionScore=100|words=4033
/reviews/triggerpoint-grid-x,Review,"sport-running,sport-recovery,sport-training",published,LAUNCH_READY,INDEXABLE,"index,follow",/reviews/triggerpoint-grid-x,yes,,decisionScore=100|words=3909
/reviews/triggerpoint-grid-travel,Review,"sport-running,sport-recovery,sport-training",published,LAUNCH_READY,INDEXABLE,"index,follow",/reviews/triggerpoint-grid-travel,yes,,decisionScore=100|words=3980
/reviews/brazyn-morph,Review,"sport-running,sport-recovery,sport-training",published,LAUNCH_READY,INDEXABLE,"index,follow",/reviews/brazyn-morph,yes,,decisionScore=100|words=3918
/reviews/blackroll-pro,Review,"sport-running,sport-recovery,sport-training",published,LAUNCH_READY,INDEXABLE,"index,follow",/reviews/blackroll-pro,yes,,decisionScore=100|words=4060
/reviews/hyperice-normatec-3,Review,"sport-running,sport-recovery,sport-training",published,LAUNCH_READY,INDEXABLE,"index,follow",/reviews/hyperice-normatec-3,yes,,decisionScore=100|words=3950
/reviews/oofos-oolala,Review,"sport-running,sport-recovery",published,LAUNCH_READY,INDEXABLE,"index,follow",/reviews/oofos-oolala,yes,,decisionScore=100|words=3976
/reviews/cep-the-run-calf-sleeves,Review,"sport-running,sport-recovery",published,LAUNCH_READY,INDEXABLE,"index,follow",/reviews/cep-the-run-calf-sleeves,yes,,decisionScore=100|words=3939
/reviews/hyperice-vyper-3,Review,"sport-running,sport-recovery,sport-training",published,LAUNCH_READY,INDEXABLE,"index,follow",/reviews/hyperice-vyper-3,yes,,decisionScore=100|words=4058
/reviews/cep-calf-sleeves-3,Review,"sport-running,sport-recovery",published,LAUNCH_READY,INDEXABLE,"index,follow",/reviews/cep-calf-sleeves-3,yes,,decisionScore=100|words=3916
/reviews/patagonia-houdini-men,Review,sport-running,published,LAUNCH_READY,INDEXABLE,"index,follow",/reviews/patagonia-houdini-men,yes,,decisionScore=100|words=4012
/reviews/brooks-sherpa-7-men,Review,sport-running,published,LAUNCH_READY,INDEXABLE,"index,follow",/reviews/brooks-sherpa-7-men,yes,,decisionScore=100|words=3909
/reviews/salomon-bonatti-wp-men,Review,sport-running,published,LAUNCH_READY,INDEXABLE,"index,follow",/reviews/salomon-bonatti-wp-men,yes,,decisionScore=100|words=4032
/reviews/salomon-bonatti-wp-women,Review,sport-running,published,LAUNCH_READY,INDEXABLE,"index,follow",/reviews/salomon-bonatti-wp-women,yes,,decisionScore=100|words=3912
/reviews/ciele-gocap-athletics,Review,sport-running,published,LAUNCH_READY,INDEXABLE,"index,follow",/reviews/ciele-gocap-athletics,yes,,decisionScore=100|words=3956
/reviews/rabbit-fuel-n-fly-men,Review,sport-running,published,LAUNCH_READY,INDEXABLE,"index,follow",/reviews/rabbit-fuel-n-fly-men,yes,,decisionScore=100|words=3978
/reviews/brooks-chaser-5-women,Review,sport-running,published,LAUNCH_READY,INDEXABLE,"index,follow",/reviews/brooks-chaser-5-women,yes,,decisionScore=100|words=4036
/reviews/patagonia-capilene-midweight-zip-men,Review,sport-running,published,LAUNCH_READY,INDEXABLE,"index,follow",/reviews/patagonia-capilene-midweight-zip-men,yes,,decisionScore=100|words=4004
/reviews/brooks-method-tight-women,Review,sport-running,published,LAUNCH_READY,INDEXABLE,"index,follow",/reviews/brooks-method-tight-women,yes,,decisionScore=100|words=3897
/reviews/maurten-drink-mix-320,Review,"sport-running,sport-cycling",published,LAUNCH_READY,INDEXABLE,"index,follow",/reviews/maurten-drink-mix-320,yes,,decisionScore=100|words=4016
/reviews/maurten-gel-160,Review,"sport-running,sport-cycling",published,LAUNCH_READY,INDEXABLE,"index,follow",/reviews/maurten-gel-160,yes,,decisionScore=100|words=3967
/reviews/maurten-gel-100,Review,"sport-running,sport-cycling",published,LAUNCH_READY,INDEXABLE,"index,follow",/reviews/maurten-gel-100,yes,,decisionScore=100|words=4052
/reviews/precision-pf30-gel,Review,"sport-running,sport-cycling",published,LAUNCH_READY,INDEXABLE,"index,follow",/reviews/precision-pf30-gel,yes,,decisionScore=100|words=4036
/reviews/styrkr-mix90,Review,"sport-running,sport-cycling",published,LAUNCH_READY,INDEXABLE,"index,follow",/reviews/styrkr-mix90,yes,,decisionScore=100|words=3950
/reviews/maurten-gel-100-caf-100,Review,"sport-running,sport-cycling",published,LAUNCH_READY,INDEXABLE,"index,follow",/reviews/maurten-gel-100-caf-100,yes,,decisionScore=100|words=4047
/reviews/neversecond-c30-gel,Review,"sport-running,sport-cycling",published,LAUNCH_READY,INDEXABLE,"index,follow",/reviews/neversecond-c30-gel,yes,,decisionScore=100|words=4040
/reviews/sis-beta-fuel-gel,Review,"sport-running,sport-cycling",published,LAUNCH_READY,INDEXABLE,"index,follow",/reviews/sis-beta-fuel-gel,yes,,decisionScore=100|words=4014
/reviews/maurten-drink-mix-160,Review,"sport-running,sport-cycling",published,LAUNCH_READY,INDEXABLE,"index,follow",/reviews/maurten-drink-mix-160,yes,,decisionScore=100|words=4042
/reviews/neversecond-c30-sports-drink,Review,"sport-running,sport-cycling",published,LAUNCH_READY,INDEXABLE,"index,follow",/reviews/neversecond-c30-sports-drink,yes,,decisionScore=100|words=4047
/reviews/oakley-radar-ev-path,Review,"sport-running,sport-cycling",published,LAUNCH_READY,INDEXABLE,"index,follow",/reviews/oakley-radar-ev-path,yes,,decisionScore=100|words=4058
/reviews/oakley-sutro-lite,Review,"sport-running,sport-cycling",published,LAUNCH_READY,INDEXABLE,"index,follow",/reviews/oakley-sutro-lite,yes,,decisionScore=100|words=3926
/reviews/oakley-kato,Review,"sport-running,sport-cycling",published,LAUNCH_READY,INDEXABLE,"index,follow",/reviews/oakley-kato,yes,,decisionScore=100|words=3960
/reviews/oakley-flak-2-0-xl,Review,"sport-running,sport-cycling",published,LAUNCH_READY,INDEXABLE,"index,follow",/reviews/oakley-flak-2-0-xl,yes,,decisionScore=100|words=3939
/reviews/smith-shift-mag,Review,"sport-running,sport-cycling",published,LAUNCH_READY,INDEXABLE,"index,follow",/reviews/smith-shift-mag,yes,,decisionScore=100|words=4025
/reviews/julbo-ultimate,Review,sport-running,published,LAUNCH_READY,INDEXABLE,"index,follow",/reviews/julbo-ultimate,yes,,decisionScore=100|words=4058
/reviews/100-percent-s3,Review,"sport-running,sport-cycling",published,LAUNCH_READY,INDEXABLE,"index,follow",/reviews/100-percent-s3,yes,,decisionScore=100|words=3923
/reviews/body-glide-original,Review,"sport-running,sport-training",published,LAUNCH_READY,INDEXABLE,"index,follow",/reviews/body-glide-original,yes,,decisionScore=100|words=3900
/reviews/squirrels-nut-butter,Review,"sport-running,sport-training",published,LAUNCH_READY,INDEXABLE,"index,follow",/reviews/squirrels-nut-butter,yes,,decisionScore=100|words=3970
/reviews/2toms-sportshield,Review,"sport-running,sport-training",published,LAUNCH_READY,INDEXABLE,"index,follow",/reviews/2toms-sportshield,yes,,decisionScore=100|words=4015
/reviews/garmin-enduro-3,Review,"sport-running,sport-cycling",published,LAUNCH_READY,INDEXABLE,"index,follow",/reviews/garmin-enduro-3,yes,,decisionScore=100|words=3995
/reviews/garmin-instinct-3,Review,"sport-running,sport-cycling",published,LAUNCH_READY,INDEXABLE,"index,follow",/reviews/garmin-instinct-3,yes,,decisionScore=100|words=3943
/reviews/garmin-vivoactive-6,Review,"sport-running,sport-cycling,sport-swimming,sport-training",published,LAUNCH_READY,INDEXABLE,"index,follow",/reviews/garmin-vivoactive-6,yes,,decisionScore=100|words=4006
/reviews/garmin-forerunner-265s,Review,"sport-running,sport-cycling,sport-swimming",published,LAUNCH_READY,INDEXABLE,"index,follow",/reviews/garmin-forerunner-265s,yes,,decisionScore=100|words=3980
/reviews/garmin-epix-pro-gen-2,Review,"sport-running,sport-cycling,sport-swimming",published,LAUNCH_READY,INDEXABLE,"index,follow",/reviews/garmin-epix-pro-gen-2,yes,,decisionScore=100|words=4021
/reviews/coros-pace-4,Review,"sport-running,sport-cycling,sport-swimming",published,LAUNCH_READY,INDEXABLE,"index,follow",/reviews/coros-pace-4,yes,,decisionScore=100|words=3940
/reviews/coros-vertix-2s,Review,"sport-running,sport-cycling",published,LAUNCH_READY,INDEXABLE,"index,follow",/reviews/coros-vertix-2s,yes,,decisionScore=100|words=3969
/reviews/suunto-vertical-2,Review,"sport-running,sport-cycling",published,LAUNCH_READY,INDEXABLE,"index,follow",/reviews/suunto-vertical-2,yes,,decisionScore=100|words=3968
/reviews/suunto-run,Review,sport-running,published,LAUNCH_READY,INDEXABLE,"index,follow",/reviews/suunto-run,yes,,decisionScore=100|words=3914
/reviews/polar-grit-x2,Review,"sport-running,sport-cycling",published,LAUNCH_READY,INDEXABLE,"index,follow",/reviews/polar-grit-x2,yes,,decisionScore=100|words=3940
/reviews/polar-pacer,Review,sport-running,published,LAUNCH_READY,INDEXABLE,"index,follow",/reviews/polar-pacer,yes,,decisionScore=100|words=3961
/reviews/apple-watch-series-10,Review,"sport-running,sport-training,sport-swimming",published,LAUNCH_READY,INDEXABLE,"index,follow",/reviews/apple-watch-series-10,yes,,decisionScore=100|words=3933
/reviews/samsung-galaxy-watch-ultra,Review,"sport-running,sport-cycling,sport-swimming,sport-training",published,LAUNCH_READY,INDEXABLE,"index,follow",/reviews/samsung-galaxy-watch-ultra,yes,,decisionScore=100|words=3960
/reviews/amazfit-t-rex-3-pro,Review,"sport-running,sport-cycling",published,LAUNCH_READY,INDEXABLE,"index,follow",/reviews/amazfit-t-rex-3-pro,yes,,decisionScore=100|words=3910
/reviews/amazfit-active-2,Review,"sport-running,sport-training",published,LAUNCH_READY,INDEXABLE,"index,follow",/reviews/amazfit-active-2,yes,,decisionScore=100|words=3995
/reviews/adidas-adizero-adios-pro-4,Review,sport-running,published,LAUNCH_READY,INDEXABLE,"index,follow",/reviews/adidas-adizero-adios-pro-4,yes,,decisionScore=100|words=3927
/reviews/adidas-adizero-boston-13,Review,sport-running,published,LAUNCH_READY,INDEXABLE,"index,follow",/reviews/adidas-adizero-boston-13,yes,,decisionScore=100|words=3964
/reviews/adidas-adizero-evo-sl,Review,sport-running,published,LAUNCH_READY,INDEXABLE,"index,follow",/reviews/adidas-adizero-evo-sl,yes,,decisionScore=100|words=3924
/reviews/adidas-terrex-agravic-3,Review,sport-running,published,LAUNCH_READY,INDEXABLE,"index,follow",/reviews/adidas-terrex-agravic-3,yes,,decisionScore=100|words=4004
/reviews/adidas-ultraboost-5,Review,sport-running,published,LAUNCH_READY,INDEXABLE,"index,follow",/reviews/adidas-ultraboost-5,yes,,decisionScore=100|words=3922
/reviews/altra-escalante-4,Review,sport-running,published,LAUNCH_READY,INDEXABLE,"index,follow",/reviews/altra-escalante-4,yes,,decisionScore=100|words=3991
/reviews/altra-experience-flow,Review,sport-running,published,LAUNCH_READY,INDEXABLE,"index,follow",/reviews/altra-experience-flow,yes,,decisionScore=100|words=3932
/reviews/altra-lone-peak-8,Review,sport-running,published,LAUNCH_READY,INDEXABLE,"index,follow",/reviews/altra-lone-peak-8,yes,,decisionScore=100|words=3973
/reviews/altra-paradigm-7,Review,sport-running,published,LAUNCH_READY,INDEXABLE,"index,follow",/reviews/altra-paradigm-7,yes,,decisionScore=100|words=3980
/reviews/altra-torin-8,Review,sport-running,published,LAUNCH_READY,INDEXABLE,"index,follow",/reviews/altra-torin-8,yes,,decisionScore=100|words=3918
/reviews/apple-airpods-pro-2,Review,"sport-running,sport-training",published,LAUNCH_READY,INDEXABLE,"index,follow",/reviews/apple-airpods-pro-2,yes,,decisionScore=100|words=3971
/reviews/apple-watch-ultra-2,Review,"sport-running,sport-cycling,sport-swimming,sport-training",published,LAUNCH_READY,INDEXABLE,"index,follow",/reviews/apple-watch-ultra-2,yes,,decisionScore=100|words=3904
/reviews/asics-gel-cumulus-27,Review,sport-running,published,LAUNCH_READY,INDEXABLE,"index,follow",/reviews/asics-gel-cumulus-27,yes,,decisionScore=100|words=3888
/reviews/asics-gel-nimbus-27,Review,sport-running,published,LAUNCH_READY,INDEXABLE,"index,follow",/reviews/asics-gel-nimbus-27,yes,,decisionScore=100|words=3951
/reviews/asics-gel-trabuco-13,Review,sport-running,published,LAUNCH_READY,INDEXABLE,"index,follow",/reviews/asics-gel-trabuco-13,yes,,decisionScore=100|words=3976
/reviews/asics-gt-1000-13,Review,sport-running,published,LAUNCH_READY,INDEXABLE,"index,follow",/reviews/asics-gt-1000-13,yes,,decisionScore=100|words=3998
/reviews/asics-gt-2000-14,Review,sport-running,published,LAUNCH_READY,INDEXABLE,"index,follow",/reviews/asics-gt-2000-14,yes,,decisionScore=100|words=3983
/reviews/asics-metaspeed-sky-paris,Review,sport-running,published,LAUNCH_READY,INDEXABLE,"index,follow",/reviews/asics-metaspeed-sky-paris,yes,,decisionScore=100|words=3937
/reviews/asics-novablast-4,Review,sport-running,published,LAUNCH_READY,INDEXABLE,"index,follow",/reviews/asics-novablast-4,yes,,decisionScore=100|words=3910
/reviews/assaultrunner-elite,Review,"sport-training,sport-hyrox,sport-running",published,LAUNCH_READY,INDEXABLE,"index,follow",/reviews/assaultrunner-elite,yes,,decisionScore=100|words=3967
/reviews/assaultrunner-pro,Review,"sport-training,sport-hyrox,sport-running",published,LAUNCH_READY,INDEXABLE,"index,follow",/reviews/assaultrunner-pro,yes,,decisionScore=100|words=3977
/reviews/black-diamond-distance-8,Review,sport-running,published,LAUNCH_READY,INDEXABLE,"index,follow",/reviews/black-diamond-distance-8,yes,,decisionScore=100|words=4035
/reviews/black-diamond-spot-400-r,Review,sport-running,published,LAUNCH_READY,INDEXABLE,"index,follow",/reviews/black-diamond-spot-400-r,yes,,decisionScore=100|words=3887
/reviews/bose-ultra-open-earbuds,Review,"sport-running,sport-training",published,LAUNCH_READY,INDEXABLE,"index,follow",/reviews/bose-ultra-open-earbuds,yes,,decisionScore=100|words=3900
/reviews/brooks-cascadia-18,Review,sport-running,published,LAUNCH_READY,INDEXABLE,"index,follow",/reviews/brooks-cascadia-18,yes,,decisionScore=100|words=4007
/reviews/brooks-ghost-16,Review,sport-running,published,LAUNCH_READY,INDEXABLE,"index,follow",/reviews/brooks-ghost-16,yes,,decisionScore=100|words=3873
/reviews/brooks-glycerin-21,Review,sport-running,published,LAUNCH_READY,INDEXABLE,"index,follow",/reviews/brooks-glycerin-21,yes,,decisionScore=100|words=3977
/reviews/brooks-glycerin-gts-22,Review,sport-running,published,LAUNCH_READY,INDEXABLE,"index,follow",/reviews/brooks-glycerin-gts-22,yes,,decisionScore=100|words=3953
/reviews/brooks-hyperion-max-2,Review,sport-running,published,LAUNCH_READY,INDEXABLE,"index,follow",/reviews/brooks-hyperion-max-2,yes,,decisionScore=100|words=3914
/reviews/camelbak-apex-pro,Review,sport-running,published,LAUNCH_READY,INDEXABLE,"index,follow",/reviews/camelbak-apex-pro,yes,,decisionScore=100|words=4040
/reviews/camelbak-circuit-run-vest,Review,sport-running,published,LAUNCH_READY,INDEXABLE,"index,follow",/reviews/camelbak-circuit-run-vest,yes,,decisionScore=100|words=3931
/reviews/camelbak-crux-15,Review,sport-running,published,LAUNCH_READY,INDEXABLE,"index,follow",/reviews/camelbak-crux-15,yes,,decisionScore=100|words=4058
/reviews/camelbak-zephyr,Review,sport-running,published,LAUNCH_READY,INDEXABLE,"index,follow",/reviews/camelbak-zephyr,yes,,decisionScore=100|words=3954
/reviews/coros-apex-2-pro,Review,"sport-running,sport-cycling",published,LAUNCH_READY,INDEXABLE,"index,follow",/reviews/coros-apex-2-pro,yes,,decisionScore=100|words=3954
/reviews/coros-heart-rate-monitor,Review,"sport-running,sport-training",published,LAUNCH_READY,INDEXABLE,"index,follow",/reviews/coros-heart-rate-monitor,yes,,decisionScore=100|words=3981
/reviews/coros-pace-pro,Review,"sport-running,sport-cycling",published,LAUNCH_READY,INDEXABLE,"index,follow",/reviews/coros-pace-pro,yes,,decisionScore=100|words=4029
/reviews/feetures-elite-light-cushion,Review,sport-running,published,LAUNCH_READY,INDEXABLE,"index,follow",/reviews/feetures-elite-light-cushion,yes,,decisionScore=100|words=3917
/reviews/flipbelt-classic,Review,sport-running,published,LAUNCH_READY,INDEXABLE,"index,follow",/reviews/flipbelt-classic,yes,,decisionScore=100|words=3886
/reviews/garmin-forerunner-165,Review,sport-running,published,LAUNCH_READY,INDEXABLE,"index,follow",/reviews/garmin-forerunner-165,yes,,decisionScore=100|words=3950
/reviews/garmin-forerunner-255,Review,sport-running,published,LAUNCH_READY,INDEXABLE,"index,follow",/reviews/garmin-forerunner-255,yes,,decisionScore=100|words=3912
/reviews/garmin-forerunner-265,Review,"sport-running,sport-cycling,sport-swimming",published,LAUNCH_READY,INDEXABLE,"index,follow",/reviews/garmin-forerunner-265,yes,,decisionScore=100|words=3965
/reviews/garmin-forerunner-55,Review,sport-running,published,LAUNCH_READY,INDEXABLE,"index,follow",/reviews/garmin-forerunner-55,yes,,decisionScore=100|words=3954
/reviews/garmin-forerunner-570,Review,"sport-running,sport-cycling,sport-swimming",published,LAUNCH_READY,INDEXABLE,"index,follow",/reviews/garmin-forerunner-570,yes,,decisionScore=100|words=3927
/reviews/garmin-forerunner-965,Review,"sport-running,sport-cycling,sport-swimming",published,LAUNCH_READY,INDEXABLE,"index,follow",/reviews/garmin-forerunner-965,yes,,decisionScore=100|words=3940
/reviews/garmin-hrm-200,Review,"sport-running,sport-cycling,sport-training,sport-hyrox",published,LAUNCH_READY,INDEXABLE,"index,follow",/reviews/garmin-hrm-200,yes,,decisionScore=100|words=3927
/reviews/garmin-hrm-fit,Review,"sport-running,sport-training,sport-hyrox",published,LAUNCH_READY,INDEXABLE,"index,follow",/reviews/garmin-hrm-fit,yes,,decisionScore=100|words=3969
/reviews/garmin-hrm-pro-plus,Review,"sport-running,sport-cycling,sport-training",published,LAUNCH_READY,INDEXABLE,"index,follow",/reviews/garmin-hrm-pro-plus,yes,,decisionScore=100|words=3956
/reviews/hoka-arahi-7,Review,sport-running,published,LAUNCH_READY,INDEXABLE,"index,follow",/reviews/hoka-arahi-7,yes,,decisionScore=100|words=3901
/reviews/hoka-bondi-8,Review,sport-running,published,LAUNCH_READY,INDEXABLE,"index,follow",/reviews/hoka-bondi-8,yes,,decisionScore=100|words=3892
/reviews/hoka-clifton-9,Review,sport-running,published,LAUNCH_READY,INDEXABLE,"index,follow",/reviews/hoka-clifton-9,yes,,decisionScore=100|words=3906
/reviews/hoka-clifton-pro,Review,sport-running,published,LAUNCH_READY,INDEXABLE,"index,follow",/reviews/hoka-clifton-pro,yes,,decisionScore=100|words=3926
/reviews/hoka-gaviota-5,Review,sport-running,published,LAUNCH_READY,INDEXABLE,"index,follow",/reviews/hoka-gaviota-5,yes,,decisionScore=100|words=3937
/reviews/hoka-mach-6,Review,sport-running,published,LAUNCH_READY,INDEXABLE,"index,follow",/reviews/hoka-mach-6,yes,,decisionScore=100|words=4009
/reviews/hydrapak-skyflask-speed-500,Review,sport-running,published,LAUNCH_READY,INDEXABLE,"index,follow",/reviews/hydrapak-skyflask-speed-500,yes,,decisionScore=100|words=3968
/reviews/hydrapak-softflask-250,Review,sport-running,published,LAUNCH_READY,INDEXABLE,"index,follow",/reviews/hydrapak-softflask-250,yes,,decisionScore=100|words=4044
/reviews/hydrapak-softflask-speed-500,Review,sport-running,published,LAUNCH_READY,INDEXABLE,"index,follow",/reviews/hydrapak-softflask-speed-500,yes,,decisionScore=100|words=4027
/reviews/inov8-trailfly-ultra-g-300-max,Review,sport-running,published,LAUNCH_READY,INDEXABLE,"index,follow",/reviews/inov8-trailfly-ultra-g-300-max,yes,,decisionScore=100|words=3921
/reviews/mirafit-folding-treadmill,Review,"sport-training,sport-hyrox,sport-running",published,LAUNCH_READY,INDEXABLE,"index,follow",/reviews/mirafit-folding-treadmill,yes,,decisionScore=100|words=3902
/reviews/mizuno-wave-rebellion-pro-3,Review,sport-running,published,LAUNCH_READY,INDEXABLE,"index,follow",/reviews/mizuno-wave-rebellion-pro-3,yes,,decisionScore=100|words=3950
/reviews/mizuno-wave-rider-28,Review,sport-running,published,LAUNCH_READY,INDEXABLE,"index,follow",/reviews/mizuno-wave-rider-28,yes,,decisionScore=100|words=3966
/reviews/naked-running-band,Review,sport-running,published,LAUNCH_READY,INDEXABLE,"index,follow",/reviews/naked-running-band,yes,,decisionScore=100|words=3935
/reviews/nathan-exoshot-2,Review,sport-running,published,LAUNCH_READY,INDEXABLE,"index,follow",/reviews/nathan-exoshot-2,yes,,decisionScore=100|words=3996
/reviews/nathan-mirage-pak,Review,sport-running,published,LAUNCH_READY,INDEXABLE,"index,follow",/reviews/nathan-mirage-pak,yes,,decisionScore=100|words=3938
/reviews/nathan-peak-hydration-waist-pack,Review,sport-running,published,LAUNCH_READY,INDEXABLE,"index,follow",/reviews/nathan-peak-hydration-waist-pack,yes,,decisionScore=100|words=4048
/reviews/nathan-pinnacle-12,Review,sport-running,published,LAUNCH_READY,INDEXABLE,"index,follow",/reviews/nathan-pinnacle-12,yes,,decisionScore=100|words=3992
/reviews/nathan-speeddraw-plus-insulated-18oz,Review,sport-running,published,LAUNCH_READY,INDEXABLE,"index,follow",/reviews/nathan-speeddraw-plus-insulated-18oz,yes,,decisionScore=100|words=4046
/reviews/nathan-streak-reflective-vest,Review,sport-running,published,LAUNCH_READY,INDEXABLE,"index,follow",/reviews/nathan-streak-reflective-vest,yes,,decisionScore=100|words=3965
/reviews/nathan-vaporair-2,Review,sport-running,published,LAUNCH_READY,INDEXABLE,"index,follow",/reviews/nathan-vaporair-2,yes,,decisionScore=100|words=3897
/reviews/nathan-vaporair-4,Review,sport-running,published,LAUNCH_READY,INDEXABLE,"index,follow",/reviews/nathan-vaporair-4,yes,,decisionScore=100|words=4072
/reviews/new-balance-fresh-foam-x-1080-v13,Review,sport-running,published,LAUNCH_READY,INDEXABLE,"index,follow",/reviews/new-balance-fresh-foam-x-1080-v13,yes,,decisionScore=100|words=3895
/reviews/new-balance-fresh-foam-x-1080-v14,Review,sport-running,published,LAUNCH_READY,INDEXABLE,"index,follow",/reviews/new-balance-fresh-foam-x-1080-v14,yes,,decisionScore=100|words=3939
/reviews/new-balance-fresh-foam-x-860-v14,Review,sport-running,published,LAUNCH_READY,INDEXABLE,"index,follow",/reviews/new-balance-fresh-foam-x-860-v14,yes,,decisionScore=100|words=3960
/reviews/new-balance-fresh-foam-x-hierro-v9,Review,sport-running,published,LAUNCH_READY,INDEXABLE,"index,follow",/reviews/new-balance-fresh-foam-x-hierro-v9,yes,,decisionScore=100|words=3914
/reviews/new-balance-fuelcell-rebel-v4,Review,sport-running,published,LAUNCH_READY,INDEXABLE,"index,follow",/reviews/new-balance-fuelcell-rebel-v4,yes,,decisionScore=100|words=3963
/reviews/new-balance-fuelcell-rebel-v5,Review,sport-running,published,LAUNCH_READY,INDEXABLE,"index,follow",/reviews/new-balance-fuelcell-rebel-v5,yes,,decisionScore=100|words=3915
/reviews/new-balance-fuelcell-supercomp-elite-v4,Review,sport-running,published,LAUNCH_READY,INDEXABLE,"index,follow",/reviews/new-balance-fuelcell-supercomp-elite-v4,yes,,decisionScore=100|words=3946
/reviews/new-balance-fuelcell-supercomp-trainer-v3,Review,sport-running,published,LAUNCH_READY,INDEXABLE,"index,follow",/reviews/new-balance-fuelcell-supercomp-trainer-v3,yes,,decisionScore=100|words=3968
/reviews/nike-invincible-3,Review,sport-running,published,LAUNCH_READY,INDEXABLE,"index,follow",/reviews/nike-invincible-3,yes,,decisionScore=100|words=3971
/reviews/nike-pegasus-41,Review,sport-running,published,LAUNCH_READY,INDEXABLE,"index,follow",/reviews/nike-pegasus-41,yes,,decisionScore=100|words=3947
/reviews/nike-pegasus-trail-5,Review,sport-running,published,LAUNCH_READY,INDEXABLE,"index,follow",/reviews/nike-pegasus-trail-5,yes,,decisionScore=100|words=3983
/reviews/nike-react-infinity-run-4,Review,sport-running,published,LAUNCH_READY,INDEXABLE,"index,follow",/reviews/nike-react-infinity-run-4,yes,,decisionScore=100|words=3979
/reviews/nike-structure-26,Review,sport-running,published,LAUNCH_READY,INDEXABLE,"index,follow",/reviews/nike-structure-26,yes,,decisionScore=100|words=4001
/reviews/nike-structure-plus,Review,sport-running,published,LAUNCH_READY,INDEXABLE,"index,follow",/reviews/nike-structure-plus,yes,,decisionScore=100|words=3955
/reviews/nnormal-race-vest,Review,sport-running,published,LAUNCH_READY,INDEXABLE,"index,follow",/reviews/nnormal-race-vest,yes,,decisionScore=100|words=4009
/reviews/on-cloudmonster-2,Review,sport-running,published,LAUNCH_READY,INDEXABLE,"index,follow",/reviews/on-cloudmonster-2,yes,,decisionScore=100|words=3887
/reviews/on-cloudmonster-hyper,Review,sport-running,published,LAUNCH_READY,INDEXABLE,"index,follow",/reviews/on-cloudmonster-hyper,yes,,decisionScore=100|words=3940
/reviews/on-cloudsurfer-2,Review,sport-running,published,LAUNCH_READY,INDEXABLE,"index,follow",/reviews/on-cloudsurfer-2,yes,,decisionScore=100|words=3884
/reviews/on-cloudsurfer-next,Review,sport-running,published,LAUNCH_READY,INDEXABLE,"index,follow",/reviews/on-cloudsurfer-next,yes,,decisionScore=100|words=3897
/reviews/on-ultra-vest-pro,Review,sport-running,published,LAUNCH_READY,INDEXABLE,"index,follow",/reviews/on-ultra-vest-pro,yes,,decisionScore=100|words=4025
/reviews/oofos-ooriginal,Review,"sport-running,sport-recovery",published,LAUNCH_READY,INDEXABLE,"index,follow",/reviews/oofos-ooriginal,yes,,decisionScore=100|words=3965
/reviews/osprey-duro-6,Review,sport-running,published,LAUNCH_READY,INDEXABLE,"index,follow",/reviews/osprey-duro-6,yes,,decisionScore=100|words=3882
/reviews/osprey-duro-lt,Review,sport-running,published,LAUNCH_READY,INDEXABLE,"index,follow",/reviews/osprey-duro-lt,yes,,decisionScore=100|words=4053
/reviews/osprey-dyna-6,Review,sport-running,published,LAUNCH_READY,INDEXABLE,"index,follow",/reviews/osprey-dyna-6,yes,,decisionScore=100|words=3913
/reviews/petzl-swift-rl,Review,sport-running,published,LAUNCH_READY,INDEXABLE,"index,follow",/reviews/petzl-swift-rl,yes,,decisionScore=100|words=3886
/reviews/polar-h9,Review,"sport-running,sport-cycling,sport-training,sport-hyrox",published,LAUNCH_READY,INDEXABLE,"index,follow",/reviews/polar-h9,yes,,decisionScore=100|words=4013
/reviews/polar-pacer-pro,Review,sport-running,published,LAUNCH_READY,INDEXABLE,"index,follow",/reviews/polar-pacer-pro,yes,,decisionScore=100|words=3907
/reviews/polar-vantage-v3,Review,"sport-running,sport-cycling,sport-swimming",published,LAUNCH_READY,INDEXABLE,"index,follow",/reviews/polar-vantage-v3,yes,,decisionScore=100|words=3997
/reviews/puma-deviate-nitro-3,Review,sport-running,published,LAUNCH_READY,INDEXABLE,"index,follow",/reviews/puma-deviate-nitro-3,yes,,decisionScore=100|words=3931
/reviews/puma-magnify-nitro-2,Review,sport-running,published,LAUNCH_READY,INDEXABLE,"index,follow",/reviews/puma-magnify-nitro-2,yes,,decisionScore=100|words=3884
/reviews/salomon-adv-skin-12,Review,sport-running,published,LAUNCH_READY,INDEXABLE,"index,follow",/reviews/salomon-adv-skin-12,yes,,decisionScore=100|words=3911
/reviews/salomon-adv-skin-5,Review,sport-running,published,LAUNCH_READY,INDEXABLE,"index,follow",/reviews/salomon-adv-skin-5,yes,,decisionScore=100|words=3997
/reviews/salomon-aero-glide-2,Review,sport-running,published,LAUNCH_READY,INDEXABLE,"index,follow",/reviews/salomon-aero-glide-2,yes,,decisionScore=100|words=3970
/reviews/salomon-genesis,Review,sport-running,published,LAUNCH_READY,INDEXABLE,"index,follow",/reviews/salomon-genesis,yes,,decisionScore=100|words=3937
/reviews/salomon-pulsar-trail-2,Review,sport-running,published,LAUNCH_READY,INDEXABLE,"index,follow",/reviews/salomon-pulsar-trail-2,yes,,decisionScore=100|words=4011
/reviews/salomon-pulse-belt,Review,sport-running,published,LAUNCH_READY,INDEXABLE,"index,follow",/reviews/salomon-pulse-belt,yes,,decisionScore=100|words=4024
/reviews/salomon-sense-ride-5,Review,sport-running,published,LAUNCH_READY,INDEXABLE,"index,follow",/reviews/salomon-sense-ride-5,yes,,decisionScore=100|words=3954
/reviews/salomon-soft-flask-500,Review,sport-running,published,LAUNCH_READY,INDEXABLE,"index,follow",/reviews/salomon-soft-flask-500,yes,,decisionScore=100|words=3930
/reviews/salomon-ultra-glide-2,Review,sport-running,published,LAUNCH_READY,INDEXABLE,"index,follow",/reviews/salomon-ultra-glide-2,yes,,decisionScore=100|words=3907
/reviews/saucony-endorphin-pro-3,Review,sport-running,published,LAUNCH_READY,INDEXABLE,"index,follow",/reviews/saucony-endorphin-pro-3,yes,,decisionScore=100|words=4006
/reviews/saucony-endorphin-pro-4,Review,sport-running,published,LAUNCH_READY,INDEXABLE,"index,follow",/reviews/saucony-endorphin-pro-4,yes,,decisionScore=100|words=3949
/reviews/saucony-endorphin-speed-4,Review,sport-running,published,LAUNCH_READY,INDEXABLE,"index,follow",/reviews/saucony-endorphin-speed-4,yes,,decisionScore=100|words=3960
/reviews/saucony-guide-18,Review,sport-running,published,LAUNCH_READY,INDEXABLE,"index,follow",/reviews/saucony-guide-18,yes,,decisionScore=100|words=3939
/reviews/saucony-ride-18,Review,sport-running,published,LAUNCH_READY,INDEXABLE,"index,follow",/reviews/saucony-ride-18,yes,,decisionScore=100|words=3876
/reviews/saucony-triumph-22,Review,sport-running,published,LAUNCH_READY,INDEXABLE,"index,follow",/reviews/saucony-triumph-22,yes,,decisionScore=100|words=3965
/reviews/saucony-xodus-ultra-3,Review,sport-running,published,LAUNCH_READY,INDEXABLE,"index,follow",/reviews/saucony-xodus-ultra-3,yes,,decisionScore=100|words=3924
/reviews/scosche-rhythm24,Review,"sport-running,sport-training",published,LAUNCH_READY,INDEXABLE,"index,follow",/reviews/scosche-rhythm24,yes,,decisionScore=100|words=3970
/reviews/shokz-openrun-pro-2,Review,"sport-running,sport-cycling,sport-training",published,LAUNCH_READY,INDEXABLE,"index,follow",/reviews/shokz-openrun-pro-2,yes,,decisionScore=100|words=3951
/reviews/silva-trail-runner-free-2,Review,sport-running,published,LAUNCH_READY,INDEXABLE,"index,follow",/reviews/silva-trail-runner-free-2,yes,,decisionScore=100|words=3985
/reviews/spibelt-original,Review,sport-running,published,LAUNCH_READY,INDEXABLE,"index,follow",/reviews/spibelt-original,yes,,decisionScore=100|words=3916
/reviews/suunto-race,Review,"sport-running,sport-cycling",published,LAUNCH_READY,INDEXABLE,"index,follow",/reviews/suunto-race,yes,,decisionScore=100|words=3903
/reviews/suunto-race-s,Review,sport-running,published,LAUNCH_READY,INDEXABLE,"index,follow",/reviews/suunto-race-s,yes,,decisionScore=100|words=3959
/reviews/suunto-smart-heart-rate-belt,Review,"sport-running,sport-cycling,sport-training",published,LAUNCH_READY,INDEXABLE,"index,follow",/reviews/suunto-smart-heart-rate-belt,yes,,decisionScore=100|words=4026
/reviews/therabody-theragun-mini-2,Review,"sport-running,sport-recovery,sport-training",published,LAUNCH_READY,INDEXABLE,"index,follow",/reviews/therabody-theragun-mini-2,yes,,decisionScore=100|words=3970
/reviews/topo-athletic-phantom-3,Review,sport-running,published,LAUNCH_READY,INDEXABLE,"index,follow",/reviews/topo-athletic-phantom-3,yes,,decisionScore=100|words=3885
/reviews/topo-athletic-specter-2,Review,sport-running,published,LAUNCH_READY,INDEXABLE,"index,follow",/reviews/topo-athletic-specter-2,yes,,decisionScore=100|words=3957
/reviews/topo-athletic-terraventure-5,Review,sport-running,published,LAUNCH_READY,INDEXABLE,"index,follow",/reviews/topo-athletic-terraventure-5,yes,,decisionScore=100|words=3964
/reviews/ultimate-direction-adventure-vest,Review,sport-running,published,LAUNCH_READY,INDEXABLE,"index,follow",/reviews/ultimate-direction-adventure-vest,yes,,decisionScore=100|words=3985
/reviews/ultimate-direction-race-belt,Review,sport-running,published,LAUNCH_READY,INDEXABLE,"index,follow",/reviews/ultimate-direction-race-belt,yes,,decisionScore=100|words=3964
/reviews/ultimate-direction-race-vest-6,Review,sport-running,published,LAUNCH_READY,INDEXABLE,"index,follow",/reviews/ultimate-direction-race-vest-6,yes,,decisionScore=100|words=4017
/reviews/ultimate-direction-ultra-belt,Review,sport-running,published,LAUNCH_READY,INDEXABLE,"index,follow",/reviews/ultimate-direction-ultra-belt,yes,,decisionScore=100|words=3982
/reviews/ultraspire-alpha-6,Review,sport-running,published,LAUNCH_READY,INDEXABLE,"index,follow",/reviews/ultraspire-alpha-6,yes,,decisionScore=100|words=3991
/reviews/ultraspire-fitted-race-belt-2,Review,sport-running,published,LAUNCH_READY,INDEXABLE,"index,follow",/reviews/ultraspire-fitted-race-belt-2,yes,,decisionScore=100|words=3963
/reviews/ultraspire-spry-5,Review,sport-running,published,LAUNCH_READY,INDEXABLE,"index,follow",/reviews/ultraspire-spry-5,yes,,decisionScore=100|words=3991
/reviews/uswe-pace-8,Review,sport-running,published,LAUNCH_READY,INDEXABLE,"index,follow",/reviews/uswe-pace-8,yes,,decisionScore=100|words=4031
/reviews/wahoo-tickr,Review,"sport-running,sport-cycling,sport-training",published,LAUNCH_READY,INDEXABLE,"index,follow",/reviews/wahoo-tickr,yes,,decisionScore=100|words=3941
/reviews/wahoo-tickr-fit,Review,"sport-running,sport-cycling,sport-training,sport-hyrox",published,LAUNCH_READY,INDEXABLE,"index,follow",/reviews/wahoo-tickr-fit,yes,,decisionScore=100|words=3957
/reviews/wahoo-tickr-x,Review,"sport-running,sport-cycling,sport-training",published,LAUNCH_READY,INDEXABLE,"index,follow",/reviews/wahoo-tickr-x,yes,,decisionScore=100|words=3902
/reviews/wahoo-trackr,Review,"sport-running,sport-cycling,sport-training,sport-hyrox",published,LAUNCH_READY,INDEXABLE,"index,follow",/reviews/wahoo-trackr,yes,,decisionScore=100|words=3947
/reviews/shokz-openrun,Review,"sport-running,sport-cycling,sport-training",published,LAUNCH_READY,INDEXABLE,"index,follow",/reviews/shokz-openrun,yes,,decisionScore=100|words=3983
/reviews/shokz-openfit-2,Review,"sport-running,sport-training",published,LAUNCH_READY,INDEXABLE,"index,follow",/reviews/shokz-openfit-2,yes,,decisionScore=100|words=4005
/reviews/suunto-wing,Review,"sport-running,sport-cycling,sport-training",published,LAUNCH_READY,INDEXABLE,"index,follow",/reviews/suunto-wing,yes,,decisionScore=100|words=3970
/reviews/therabody-theragun-prime,Review,"sport-running,sport-recovery,sport-training",published,LAUNCH_READY,INDEXABLE,"index,follow",/reviews/therabody-theragun-prime,yes,,decisionScore=100|words=3942
/reviews/hyperice-normatec-go,Review,"sport-running,sport-recovery,sport-training",published,LAUNCH_READY,INDEXABLE,"index,follow",/reviews/hyperice-normatec-go,yes,,decisionScore=100|words=3975
/reviews/janji-multi-short-men,Review,sport-running,published,LAUNCH_READY,INDEXABLE,"index,follow",/reviews/janji-multi-short-men,yes,,decisionScore=100|words=4058
/reviews/janji-pace-short-women,Review,sport-running,published,LAUNCH_READY,INDEXABLE,"index,follow",/reviews/janji-pace-short-women,yes,,decisionScore=100|words=3946
/reviews/nike-dri-fit-miler-men,Review,sport-running,published,LAUNCH_READY,INDEXABLE,"index,follow",/reviews/nike-dri-fit-miler-men,yes,,decisionScore=100|words=3935
/reviews/nike-aeroswift-singlet-men,Review,sport-running,published,LAUNCH_READY,INDEXABLE,"index,follow",/reviews/nike-aeroswift-singlet-men,yes,,decisionScore=100|words=3928
/reviews/darn-tough-run-1-4,Review,sport-running,published,LAUNCH_READY,INDEXABLE,"index,follow",/reviews/darn-tough-run-1-4,yes,,decisionScore=100|words=3978
/reviews/smartwool-run-targeted-cushion,Review,sport-running,published,LAUNCH_READY,INDEXABLE,"index,follow",/reviews/smartwool-run-targeted-cushion,yes,,decisionScore=100|words=3919
/reviews/balega-blister-resist,Review,sport-running,published,LAUNCH_READY,INDEXABLE,"index,follow",/reviews/balega-blister-resist,yes,,decisionScore=100|words=3991
/reviews/injinji-run-midweight,Review,sport-running,published,LAUNCH_READY,INDEXABLE,"index,follow",/reviews/injinji-run-midweight,yes,,decisionScore=100|words=3899
/reviews/cep-run-compression-sock-3,Review,sport-running,published,LAUNCH_READY,INDEXABLE,"index,follow",/reviews/cep-run-compression-sock-3,yes,,decisionScore=100|words=3991
/reviews/hyperice-hypervolt-go-2,Review,"sport-running,sport-recovery,sport-training",published,LAUNCH_READY,INDEXABLE,"index,follow",/reviews/hyperice-hypervolt-go-2,yes,,decisionScore=100|words=3939
/authors/kitletics-editorial,Author,,published,N/A,INDEXABLE,"index,follow",/authors/kitletics-editorial,yes,,author_ok
/best/running-shoes,Best,sport-running,published,LAUNCH_READY,INDEXABLE,"index,follow",/best/running-shoes,yes,,contextualDepth=high
/best/daily-trainers,Best,sport-running,published,LAUNCH_READY,INDEXABLE,"index,follow",/best/daily-trainers,yes,,contextualDepth=high
/best/running-shoes-long-runs,Best,sport-running,published,LAUNCH_READY,INDEXABLE,"index,follow",/best/running-shoes-long-runs,yes,,contextualDepth=high
/best/marathon-shoes,Best,sport-running,published,LAUNCH_READY,INDEXABLE,"index,follow",/best/marathon-shoes,yes,,contextualDepth=high
/best/stability-running-shoes,Best,sport-running,published,LAUNCH_READY,INDEXABLE,"index,follow",/best/stability-running-shoes,yes,,contextualDepth=high
/best/running-shoes-beginners,Best,sport-running,published,LAUNCH_READY,INDEXABLE,"index,follow",/best/running-shoes-beginners,yes,,contextualDepth=high
/best/running-watches,Best,sport-running,published,LAUNCH_READY,INDEXABLE,"index,follow",/best/running-watches,yes,,contextualDepth=high
/best/heart-rate-monitors-running,Best,sport-running,published,LAUNCH_READY,INDEXABLE,"index,follow",/best/heart-rate-monitors-running,yes,,contextualDepth=high
/best/running-hydration-vests,Best,sport-running,published,LAUNCH_READY,INDEXABLE,"index,follow",/best/running-hydration-vests,yes,,contextualDepth=high
/compare/asics-novablast-6-vs-asics-gel-nimbus-27,Comparison,,published,MEANINGFUL,INDEXABLE,"index,follow",/compare/asics-novablast-6-vs-asics-gel-nimbus-27,yes,,meaningful_decision_page
/compare/asics-novablast-6-vs-asics-novablast-5,Comparison,,published,MEANINGFUL,INDEXABLE,"index,follow",/compare/asics-novablast-6-vs-asics-novablast-5,yes,,meaningful_decision_page
/compare/asics-novablast-6-vs-brooks-ghost-18,Comparison,,published,MEANINGFUL,INDEXABLE,"index,follow",/compare/asics-novablast-6-vs-brooks-ghost-18,yes,,meaningful_decision_page
/compare/brooks-ghost-18-vs-nike-pegasus-42,Comparison,,published,MEANINGFUL,INDEXABLE,"index,follow",/compare/brooks-ghost-18-vs-nike-pegasus-42,yes,,meaningful_decision_page
/compare/asics-novablast-6-vs-hoka-clifton-10,Comparison,,published,MEANINGFUL,INDEXABLE,"index,follow",/compare/asics-novablast-6-vs-hoka-clifton-10,yes,,meaningful_decision_page
/compare/saucony-endorphin-speed-5-vs-adidas-adizero-boston-12,Comparison,,published,MEANINGFUL,INDEXABLE,"index,follow",/compare/saucony-endorphin-speed-5-vs-adidas-adizero-boston-12,yes,,meaningful_decision_page
/compare/nike-vaporfly-4-vs-nike-alphafly-3,Comparison,,published,MEANINGFUL,INDEXABLE,"index,follow",/compare/nike-vaporfly-4-vs-nike-alphafly-3,yes,,meaningful_decision_page
/compare/asics-gel-kayano-32-vs-brooks-adrenaline-gts-25,Comparison,,published,MEANINGFUL,INDEXABLE,"index,follow",/compare/asics-gel-kayano-32-vs-brooks-adrenaline-gts-25,yes,,meaningful_decision_page
/compare/hoka-speedgoat-6-vs-saucony-peregrine-15,Comparison,,published,MEANINGFUL,INDEXABLE,"index,follow",/compare/hoka-speedgoat-6-vs-saucony-peregrine-15,yes,,meaningful_decision_page
/compare/garmin-forerunner-970-vs-coros-pace-pro,Comparison,,published,MEANINGFUL,INDEXABLE,"index,follow",/compare/garmin-forerunner-970-vs-coros-pace-pro,yes,,meaningful_decision_page
/compare/garmin-forerunner-970-vs-garmin-forerunner-965,Comparison,,published,MEANINGFUL,INDEXABLE,"index,follow",/compare/garmin-forerunner-970-vs-garmin-forerunner-965,yes,,meaningful_decision_page
/compare/garmin-hrm-pro-plus-vs-polar-h10,Comparison,,published,MEANINGFUL,INDEXABLE,"index,follow",/compare/garmin-hrm-pro-plus-vs-polar-h10,yes,,meaningful_decision_page
/compare/salomon-adv-skin-12-vs-nathan-vaporair-2,Comparison,,published,MEANINGFUL,INDEXABLE,"index,follow",/compare/salomon-adv-skin-12-vs-nathan-vaporair-2,yes,,meaningful_decision_page
/compare/garmin-fenix-8-vs-garmin-forerunner-970,Comparison,,published,MEANINGFUL,INDEXABLE,"index,follow",/compare/garmin-fenix-8-vs-garmin-forerunner-970,yes,,meaningful_decision_page
/compare/coros-apex-4-vs-garmin-fenix-8,Comparison,,published,MEANINGFUL,INDEXABLE,"index,follow",/compare/coros-apex-4-vs-garmin-fenix-8,yes,,meaningful_decision_page
/compare/coros-pace-4-vs-garmin-forerunner-165,Comparison,,published,MEANINGFUL,INDEXABLE,"index,follow",/compare/coros-pace-4-vs-garmin-forerunner-165,yes,,meaningful_decision_page
/compare/apple-watch-ultra-3-vs-apple-watch-ultra-2,Comparison,,published,MEANINGFUL,INDEXABLE,"index,follow",/compare/apple-watch-ultra-3-vs-apple-watch-ultra-2,yes,,meaningful_decision_page
/compare/polar-grit-x2-vs-garmin-fenix-8,Comparison,,published,MEANINGFUL,INDEXABLE,"index,follow",/compare/polar-grit-x2-vs-garmin-fenix-8,yes,,meaningful_decision_page
/compare/suunto-vertical-2-vs-garmin-enduro-3,Comparison,,published,MEANINGFUL,INDEXABLE,"index,follow",/compare/suunto-vertical-2-vs-garmin-enduro-3,yes,,meaningful_decision_page
/compare/coros-pace-pro-vs-coros-pace-4,Comparison,,published,MEANINGFUL,INDEXABLE,"index,follow",/compare/coros-pace-pro-vs-coros-pace-4,yes,,meaningful_decision_page
/compare/garmin-vivoactive-6-vs-garmin-forerunner-165,Comparison,,published,MEANINGFUL,INDEXABLE,"index,follow",/compare/garmin-vivoactive-6-vs-garmin-forerunner-165,yes,,meaningful_decision_page
/compare/garmin-hrm-600-vs-polar-h10,Comparison,,published,MEANINGFUL,INDEXABLE,"index,follow",/compare/garmin-hrm-600-vs-polar-h10,yes,,meaningful_decision_page
/compare/polar-h10-vs-polar-h9,Comparison,,published,MEANINGFUL,INDEXABLE,"index,follow",/compare/polar-h10-vs-polar-h9,yes,,meaningful_decision_page
/compare/wahoo-trackr-vs-polar-h10,Comparison,,published,MEANINGFUL,INDEXABLE,"index,follow",/compare/wahoo-trackr-vs-polar-h10,yes,,meaningful_decision_page
/compare/coros-hrm-vs-polar-verity-sense,Comparison,,published,MEANINGFUL,INDEXABLE,"index,follow",/compare/coros-hrm-vs-polar-verity-sense,yes,,meaningful_decision_page
/compare/garmin-hrm-600-vs-hrm-pro-plus,Comparison,,published,MEANINGFUL,INDEXABLE,"index,follow",/compare/garmin-hrm-600-vs-hrm-pro-plus,yes,,meaningful_decision_page
/compare/salomon-adv-skin-12-vs-salomon-adv-skin-5,Comparison,,published,MEANINGFUL,INDEXABLE,"index,follow",/compare/salomon-adv-skin-12-vs-salomon-adv-skin-5,yes,,meaningful_decision_page
/compare/salomon-adv-skin-12-vs-ultimate-direction-race-vest-6,Comparison,,published,MEANINGFUL,INDEXABLE,"index,follow",/compare/salomon-adv-skin-12-vs-ultimate-direction-race-vest-6,yes,,meaningful_decision_page
/compare/nathan-vaporair-4-vs-salomon-adv-skin-5,Comparison,,published,MEANINGFUL,INDEXABLE,"index,follow",/compare/nathan-vaporair-4-vs-salomon-adv-skin-5,yes,,meaningful_decision_page
/compare/osprey-duro-6-vs-osprey-dyna-6,Comparison,,published,MEANINGFUL,INDEXABLE,"index,follow",/compare/osprey-duro-6-vs-osprey-dyna-6,yes,,meaningful_decision_page
/compare/osprey-duro-lt-vs-ultimate-direction-race-vest-6,Comparison,,published,MEANINGFUL,INDEXABLE,"index,follow",/compare/osprey-duro-lt-vs-ultimate-direction-race-vest-6,yes,,meaningful_decision_page
/compare/flipbelt-classic-vs-naked-running-band,Comparison,,published,MEANINGFUL,INDEXABLE,"index,follow",/compare/flipbelt-classic-vs-naked-running-band,yes,,meaningful_decision_page
/compare/hydrapak-softflask-speed-500-vs-hydrapak-skyflask-speed-500,Comparison,,published,MEANINGFUL,INDEXABLE,"index,follow",/compare/hydrapak-softflask-speed-500-vs-hydrapak-skyflask-speed-500,yes,,meaningful_decision_page
/compare/nathan-peak-vs-ultimate-direction-race-belt,Comparison,,published,MEANINGFUL,INDEXABLE,"index,follow",/compare/nathan-peak-vs-ultimate-direction-race-belt,yes,,meaningful_decision_page
/compare/camelbak-zephyr-pro-vs-camelbak-apex-pro,Comparison,,published,MEANINGFUL,INDEXABLE,"index,follow",/compare/camelbak-zephyr-pro-vs-camelbak-apex-pro,yes,,meaningful_decision_page
/compare/lululemon-hotty-hot-vs-janji-pace-short,Comparison,,published,MEANINGFUL,INDEXABLE,"index,follow",/compare/lululemon-hotty-hot-vs-janji-pace-short,yes,,meaningful_decision_page
/compare/feetures-elite-vs-darn-tough-run,Comparison,,published,MEANINGFUL,INDEXABLE,"index,follow",/compare/feetures-elite-vs-darn-tough-run,yes,,meaningful_decision_page
/compare/ultimate-direction-fastpack-20-vs-salomon-adv-skin-12,Comparison,,published,MEANINGFUL,INDEXABLE,"index,follow",/compare/ultimate-direction-fastpack-20-vs-salomon-adv-skin-12,yes,,meaningful_decision_page
/compare/ultimate-direction-fastpack-20-vs-osprey-talon-velocity-20,Comparison,,published,MEANINGFUL,INDEXABLE,"index,follow",/compare/ultimate-direction-fastpack-20-vs-osprey-talon-velocity-20,yes,,meaningful_decision_page
/compare/black-diamond-distance-22-vs-ultimate-direction-fastpack-20,Comparison,,published,MEANINGFUL,INDEXABLE,"index,follow",/compare/black-diamond-distance-22-vs-ultimate-direction-fastpack-20,yes,,meaningful_decision_page
/compare/salomon-xa-15-vs-osprey-duro-15,Comparison,,published,MEANINGFUL,INDEXABLE,"index,follow",/compare/salomon-xa-15-vs-osprey-duro-15,yes,,meaningful_decision_page
/compare/shokz-openrun-pro-2-vs-bose-ultra-open,Comparison,,published,MEANINGFUL,INDEXABLE,"index,follow",/compare/shokz-openrun-pro-2-vs-bose-ultra-open,yes,,meaningful_decision_page
/compare/shokz-openrun-pro-2-vs-airpods-pro-2,Comparison,,published,MEANINGFUL,INDEXABLE,"index,follow",/compare/shokz-openrun-pro-2-vs-airpods-pro-2,yes,,meaningful_decision_page
/compare/petzl-swift-rl-vs-petzl-nao-rl,Comparison,,published,MEANINGFUL,INDEXABLE,"index,follow",/compare/petzl-swift-rl-vs-petzl-nao-rl,yes,,meaningful_decision_page
/compare/petzl-swift-rl-vs-biolite-headlamp-800,Comparison,,published,MEANINGFUL,INDEXABLE,"index,follow",/compare/petzl-swift-rl-vs-biolite-headlamp-800,yes,,meaningful_decision_page
/compare/black-diamond-spot-400-r-vs-petzl-actik-core,Comparison,,published,MEANINGFUL,INDEXABLE,"index,follow",/compare/black-diamond-spot-400-r-vs-petzl-actik-core,yes,,meaningful_decision_page
/compare/nathan-streak-vs-proviz-reflect360,Comparison,,published,MEANINGFUL,INDEXABLE,"index,follow",/compare/nathan-streak-vs-proviz-reflect360,yes,,meaningful_decision_page
/compare/theragun-mini-vs-hypervolt-go-2,Comparison,,published,MEANINGFUL,INDEXABLE,"index,follow",/compare/theragun-mini-vs-hypervolt-go-2,yes,,meaningful_decision_page
/compare/theragun-prime-vs-renpho-r3,Comparison,,published,MEANINGFUL,INDEXABLE,"index,follow",/compare/theragun-prime-vs-renpho-r3,yes,,meaningful_decision_page
/compare/triggerpoint-grid-vs-grid-x,Comparison,,published,MEANINGFUL,INDEXABLE,"index,follow",/compare/triggerpoint-grid-vs-grid-x,yes,,meaningful_decision_page
/compare/normatec-3-vs-normatec-go,Comparison,,published,MEANINGFUL,INDEXABLE,"index,follow",/compare/normatec-3-vs-normatec-go,yes,,meaningful_decision_page
/compare/oofos-ooriginal-vs-hoka-ora-recovery-slide,Comparison,,published,MEANINGFUL,INDEXABLE,"index,follow",/compare/oofos-ooriginal-vs-hoka-ora-recovery-slide,yes,,meaningful_decision_page
/compare/asics-novablast-5-vs-asics-gel-nimbus-27,Comparison,,published,MEANINGFUL,INDEXABLE,"index,follow",/compare/asics-novablast-5-vs-asics-gel-nimbus-27,yes,,meaningful_decision_page
/compare/asics-novablast-5-vs-brooks-ghost-16,Comparison,,published,MEANINGFUL,INDEXABLE,"index,follow",/compare/asics-novablast-5-vs-brooks-ghost-16,yes,,meaningful_decision_page
/compare/asics-novablast-4-vs-asics-novablast-5,Comparison,,published,MEANINGFUL,INDEXABLE,"index,follow",/compare/asics-novablast-4-vs-asics-novablast-5,yes,,meaningful_decision_page
/guides/how-to-choose-running-shoes,Guide,sport-running,published,COMPLETE,INDEXABLE,"index,follow",/guides/how-to-choose-running-shoes,yes,,thin-faq
/guides/running-shoe-drop,Guide,sport-running,published,COMPLETE,INDEXABLE,"index,follow",/guides/running-shoe-drop,yes,,guide_complete
/guides/running-shoe-cushioning,Guide,sport-running,published,COMPLETE,INDEXABLE,"index,follow",/guides/running-shoe-cushioning,yes,,guide_complete
/guides/stability-shoes-explained,Guide,sport-running,published,COMPLETE,INDEXABLE,"index,follow",/guides/stability-shoes-explained,yes,,guide_complete
/guides/carbon-vs-nylon-plates,Guide,sport-running,published,COMPLETE,INDEXABLE,"index,follow",/guides/carbon-vs-nylon-plates,yes,,guide_complete
/guides/what-is-a-daily-trainer,Guide,sport-running,published,COMPLETE,INDEXABLE,"index,follow",/guides/what-is-a-daily-trainer,yes,,guide_complete
/guides/running-shoe-rotation,Guide,sport-running,published,COMPLETE,INDEXABLE,"index,follow",/guides/running-shoe-rotation,yes,,guide_complete
/guides/running-shoe-terminology,Guide,sport-running,published,COMPLETE,INDEXABLE,"index,follow",/guides/running-shoe-terminology,yes,,guide_complete
/guides/road-vs-trail-running-shoes,Guide,sport-running,published,COMPLETE,INDEXABLE,"index,follow",/guides/road-vs-trail-running-shoes,yes,,guide_complete
/guides/how-to-choose-running-watch,Guide,sport-running,published,COMPLETE,INDEXABLE,"index,follow",/guides/how-to-choose-running-watch,yes,,guide_complete
/guides/multi-band-gps-running-watches,Guide,sport-running,published,COMPLETE,INDEXABLE,"index,follow",/guides/multi-band-gps-running-watches,yes,,guide_complete
/guides/how-to-choose-heart-rate-monitor,Guide,sport-running,published,COMPLETE,INDEXABLE,"index,follow",/guides/how-to-choose-heart-rate-monitor,yes,,guide_complete
/guides/how-to-choose-running-hydration-vest,Guide,sport-running,published,COMPLETE,INDEXABLE,"index,follow",/guides/how-to-choose-running-hydration-vest,yes,,guide_complete
/guides/hydration-vest-vs-running-belt,Guide,sport-running,published,COMPLETE,INDEXABLE,"index,follow",/guides/hydration-vest-vs-running-belt,yes,,guide_complete
/guides/how-to-choose-running-headlamp,Guide,sport-running,published,COMPLETE,INDEXABLE,"index,follow",/guides/how-to-choose-running-headlamp,yes,,guide_complete
/guides/open-ear-vs-in-ear-running-headphones,Guide,sport-running,published,COMPLETE,INDEXABLE,"index,follow",/guides/open-ear-vs-in-ear-running-headphones,yes,,guide_complete
/guides/massage-guns-explained,Guide,sport-running,published,COMPLETE,INDEXABLE,"index,follow",/guides/massage-guns-explained,yes,,guide_complete
/guides/foam-rolling-for-runners,Guide,sport-running,published,COMPLETE,INDEXABLE,"index,follow",/guides/foam-rolling-for-runners,yes,,guide_complete
/guides/recovery-tools-what-evidence-shows,Guide,sport-running,published,COMPLETE,INDEXABLE,"index,follow",/guides/recovery-tools-what-evidence-shows,yes,,guide_complete
/guides/optical-wrist-hr-vs-chest-strap,Guide,sport-running,published,COMPLETE,INDEXABLE,"index,follow",/guides/optical-wrist-hr-vs-chest-strap,yes,,guide_complete
/guides/running-watch-battery-life-explained,Guide,sport-running,published,COMPLETE,INDEXABLE,"index,follow",/guides/running-watch-battery-life-explained,yes,,guide_complete
/guides/maps-navigation-running-watches,Guide,sport-running,published,COMPLETE,INDEXABLE,"index,follow",/guides/maps-navigation-running-watches,yes,,guide_complete
/guides/beginner-vs-advanced-running-watch,Guide,sport-running,published,COMPLETE,INDEXABLE,"index,follow",/guides/beginner-vs-advanced-running-watch,yes,,guide_complete
/guides/soft-flasks-vs-bladders-explained,Guide,sport-running,published,COMPLETE,INDEXABLE,"index,follow",/guides/soft-flasks-vs-bladders-explained,yes,,guide_complete
/guides/how-to-choose-running-belt,Guide,sport-running,published,COMPLETE,INDEXABLE,"index,follow",/guides/how-to-choose-running-belt,yes,,guide_complete
/guides/handheld-bottles-for-running,Guide,sport-running,published,COMPLETE,INDEXABLE,"index,follow",/guides/handheld-bottles-for-running,yes,,guide_complete
/guides/hydration-for-marathon-training,Guide,sport-running,published,COMPLETE,INDEXABLE,"index,follow",/guides/hydration-for-marathon-training,yes,,guide_complete
/guides/how-to-choose-running-socks,Guide,sport-running,published,COMPLETE,INDEXABLE,"index,follow",/guides/how-to-choose-running-socks,yes,,guide_complete
/guides/shoe-jobs-by-session-type,Guide,sport-running,published,COMPLETE,INDEXABLE,"index,follow",/guides/shoe-jobs-by-session-type,yes,,guide_complete
/guides/first-marathon-gear-checklist,Guide,sport-running,published,COMPLETE,INDEXABLE,"index,follow",/guides/first-marathon-gear-checklist,yes,,guide_complete
/guides/trail-race-kit-essentials,Guide,sport-running,published,COMPLETE,INDEXABLE,"index,follow",/guides/trail-race-kit-essentials,yes,,guide_complete
/guides/beginner-running-gear-stack,Guide,sport-running,published,COMPLETE,INDEXABLE,"index,follow",/guides/beginner-running-gear-stack,yes,,guide_complete
/guides/when-to-use-a-massage-gun,Guide,sport-running,published,COMPLETE,INDEXABLE,"index,follow",/guides/when-to-use-a-massage-gun,yes,,guide_complete
/guides/recovery-sandals-for-runners,Guide,sport-running,published,COMPLETE,INDEXABLE,"index,follow",/guides/recovery-sandals-for-runners,yes,,guide_complete
/setups/first-marathon-kit,Setup,sport-running,published,N/A,INDEXABLE,"index,follow",/setups/first-marathon-kit,yes,,setup_published
/setups/marathon-race-day-kit,Setup,sport-running,published,N/A,INDEXABLE,"index,follow",/setups/marathon-race-day-kit,yes,,setup_published
/setups/beginner-running-setup,Setup,sport-running,published,N/A,INDEXABLE,"index,follow",/setups/beginner-running-setup,yes,,setup_published
/setups/half-marathon-kit,Setup,sport-running,published,N/A,INDEXABLE,"index,follow",/setups/half-marathon-kit,yes,,setup_published
/setups/trail-running-starter-kit,Setup,sport-running,published,N/A,INDEXABLE,"index,follow",/setups/trail-running-starter-kit,yes,,setup_published
/tools/running-shoe-finder,Finder,sport-running,published,N/A,INDEXABLE,"index,follow",/tools/running-shoe-finder,yes,,tool_available
/tools/fitness-watch-finder,Finder,"sport-running,sport-training",published,N/A,INDEXABLE,"index,follow",/tools/fitness-watch-finder,yes,,tool_available
/tools/running-pace-calculator,Calculator,sport-running,published,N/A,INDEXABLE,"index,follow",/tools/running-pace-calculator,yes,,tool_available
/tools/race-time-predictor,Calculator,sport-running,published,N/A,INDEXABLE,"index,follow",/tools/race-time-predictor,yes,,tool_available
/tools/shoe-rotation-planner,Tool,sport-running,published,N/A,INDEXABLE,"index,follow",/tools/shoe-rotation-planner,yes,,tool_available
/tools/running-hydration-finder,Finder,sport-running,published,N/A,INDEXABLE,"index,follow",/tools/running-hydration-finder,yes,,tool_available
/tools/running-hrm-finder,Finder,sport-running,published,N/A,INDEXABLE,"index,follow",/tools/running-hrm-finder,yes,,tool_available
/tools/running-clothing-finder,Finder,sport-running,published,N/A,INDEXABLE,"index,follow",/tools/running-clothing-finder,yes,,tool_available
/tools/running-fuel-finder,Finder,sport-running,published,N/A,INDEXABLE,"index,follow",/tools/running-fuel-finder,yes,,tool_available
/tools/running-recovery-finder,Finder,sport-running,published,N/A,INDEXABLE,"index,follow",/tools/running-recovery-finder,yes,,tool_available
/tools/running-accessories-finder,Finder,sport-running,published,N/A,INDEXABLE,"index,follow",/tools/running-accessories-finder,yes,,tool_available
