url,type,sport,quality,indexable,ready,robots,publicationState,reasons,in_sitemap
/fitness,sport,fitness,N/A,no,no,"noindex,follow",published,vertical_hub_hold:fitness:selective,no
/hyrox,sport,hyrox,BLOCKED,no,no,"noindex,nofollow",published,hyrox_alias_redirect_only,no
/calisthenics,sport,calisthenics,N/A,no,no,"noindex,follow",published,vertical_hub_hold:calisthenics:disabled,no
/combat,sport,combat,BLOCKED,no,no,"noindex,nofollow",published,sport_not_live:coming-soon,no
/racket,sport,racket,N/A,no,no,"noindex,follow",published,vertical_hub_hold:racket:disabled,no
/padel,sport,padel,N/A,no,no,"noindex,follow",published,vertical_hub_hold:padel:disabled,no
/tennis,sport,tennis,N/A,no,no,"noindex,follow",published,vertical_hub_hold:tennis:disabled,no
/pickleball,sport,pickleball,N/A,no,no,"noindex,follow",published,vertical_hub_hold:sport-pickleball:disabled,no
/badminton,sport,badminton,N/A,no,no,"noindex,follow",published,vertical_hub_hold:sport-badminton:disabled,no
/squash,sport,squash,N/A,no,no,"noindex,follow",published,vertical_hub_hold:sport-squash:disabled,no
/cycling,sport,cycling,BLOCKED,no,no,"noindex,nofollow",published,sport_not_live:coming-soon,no
/swimming,sport,swimming,BLOCKED,no,no,"noindex,nofollow",published,sport_not_live:coming-soon,no
/watersports,sport,watersports,BLOCKED,no,no,"noindex,nofollow",published,sport_not_live:coming-soon,no
/diving,sport,diving,BLOCKED,no,no,"noindex,nofollow",published,sport_not_live:coming-soon,no
/fishing,sport,fishing,BLOCKED,no,no,"noindex,nofollow",published,sport_not_live:coming-soon,no
/target,sport,target,BLOCKED,no,no,"noindex,nofollow",published,sport_not_live:coming-soon,no
/indoor,sport,indoor,BLOCKED,no,no,"noindex,nofollow",published,sport_not_live:coming-soon,no
/winter,sport,winter,BLOCKED,no,no,"noindex,nofollow",published,sport_not_live:coming-soon,no
/recovery,sport,recovery,BLOCKED,no,no,"noindex,nofollow",published,sport_not_live:coming-soon,no
/recreation,sport,recreation,BLOCKED,no,no,"noindex,nofollow",published,sport_not_live:coming-soon,no
/padel/rackets,category,padel,N/A,no,no,"noindex,follow",published,vertical_hub_hold:padel:disabled,no
/tennis/rackets,category,tennis,N/A,no,no,"noindex,follow",published,vertical_hub_hold:tennis:disabled,no
/fitness/training-shoes,category,fitness|hyrox,N/A,no,no,"noindex,follow",published,vertical_hub_hold:fitness:selective,no
/padel/shoes,category,padel,N/A,no,no,"noindex,follow",published,vertical_hub_hold:padel:disabled,no
/tennis/shoes,category,tennis,N/A,no,no,"noindex,follow",published,vertical_hub_hold:tennis:disabled,no
/fitness/adjustable-dumbbells,category,fitness,N/A,no,no,"noindex,follow",published,vertical_hub_hold:fitness:selective,no
/padel/bags,category,padel,N/A,no,no,"noindex,follow",published,vertical_hub_hold:padel:disabled,no
/tennis/strings,category,tennis,N/A,no,no,"noindex,follow",published,vertical_hub_hold:tennis:disabled,no
/fitness/power-racks,category,fitness,N/A,no,no,"noindex,follow",published,vertical_hub_hold:fitness:selective,no
/padel/balls,category,padel,N/A,no,no,"noindex,follow",published,vertical_hub_hold:padel:disabled,no
/pickleball/paddles,category,pickleball,N/A,no,no,"noindex,follow",published,vertical_hub_hold:sport-pickleball:disabled,no
/fitness/weight-benches,category,fitness,N/A,no,no,"noindex,follow",published,vertical_hub_hold:fitness:selective,no
/padel/grips,category,padel,N/A,no,no,"noindex,follow",published,vertical_hub_hold:padel:disabled,no
/badminton/rackets,category,badminton,N/A,no,no,"noindex,follow",published,vertical_hub_hold:sport-badminton:disabled,no
/fitness/barbells,category,fitness,N/A,no,no,"noindex,follow",published,vertical_hub_hold:fitness:selective,no
/padel/accessories,category,padel,N/A,no,no,"noindex,follow",published,vertical_hub_hold:padel:disabled,no
/squash/rackets,category,squash,N/A,no,no,"noindex,follow",published,vertical_hub_hold:sport-squash:disabled,no
/fitness/weight-plates,category,fitness,N/A,no,no,"noindex,follow",published,vertical_hub_hold:fitness:selective,no
/padel/clothing,category,padel,N/A,no,no,"noindex,follow",published,vertical_hub_hold:padel:disabled,no
/fitness/kettlebells,category,fitness|hyrox,N/A,no,no,"noindex,follow",published,vertical_hub_hold:fitness:selective,no
/fitness/rowing-machines,category,fitness|hyrox,N/A,no,no,"noindex,follow",published,vertical_hub_hold:fitness:selective,no
/fitness/air-bikes,category,fitness|hyrox,N/A,no,no,"noindex,follow",published,vertical_hub_hold:fitness:selective,no
/fitness/treadmills,category,fitness|running|hyrox,N/A,no,no,"noindex,follow",published,vertical_hub_hold:fitness:selective,no
/fitness/ski-ergs,category,fitness|hyrox,N/A,no,no,"noindex,follow",published,vertical_hub_hold:fitness:selective,no
/fitness/pull-up-bars,category,fitness|calisthenics,N/A,no,no,"noindex,follow",published,vertical_hub_hold:fitness:selective,no
/fitness/parallettes,category,fitness|calisthenics,N/A,no,no,"noindex,follow",published,vertical_hub_hold:fitness:selective,no
/running/accessories,category,running|fitness|hyrox,N/A,no,no,"index,follow",published,vertical_enabled:running,no
/fitness/gymnastic-rings,category,fitness|calisthenics,N/A,no,no,"noindex,follow",published,vertical_hub_hold:fitness:selective,no
/fitness/weighted-vests,category,fitness|calisthenics|hyrox,N/A,no,no,"noindex,follow",published,vertical_hub_hold:fitness:selective,no
/fitness/functional-fitness,category,fitness|hyrox,N/A,no,no,"noindex,follow",published,vertical_hub_hold:fitness:selective,no
/fitness/gym-flooring,category,fitness,N/A,no,no,"noindex,follow",published,vertical_hub_hold:fitness:selective,no
/fitness/gym-storage,category,fitness,N/A,no,no,"noindex,follow",published,vertical_hub_hold:fitness:selective,no
/fitness/lifting-accessories,category,fitness,N/A,no,no,"noindex,follow",published,vertical_hub_hold:fitness:selective,no
/products/new-balance-fuelcell-rebel-v4,product,running,NEEDS_MINOR_WORK,no,no,"noindex,follow",published,decisionScore=70|missing:whatIsThis|missing:howDiffers|missing:canCompare|minor_work_held,no
/products/buff-original,product,running,NEEDS_MINOR_WORK,no,no,"noindex,follow",published,decisionScore=100|publish:missing required spec: fit|minor_work_held,no
/products/body-glide-original,product,running|fitness,LAUNCH_READY,no,yes,"noindex,follow",published,decisionScore=100|soft_gated_category,no
/products/buff-coolnet-uv,product,running,NEEDS_MINOR_WORK,no,no,"noindex,follow",published,decisionScore=100|publish:missing required spec: fit|minor_work_held,no
/products/buff-merino-lightweight,product,running,NEEDS_MINOR_WORK,no,no,"noindex,follow",published,decisionScore=100|publish:missing required spec: fit|minor_work_held,no
/products/buff-polar,product,running,NEEDS_MINOR_WORK,no,no,"noindex,follow",published,decisionScore=100|publish:missing required spec: fit|minor_work_held,no
/products/squirrels-nut-butter,product,running|fitness,LAUNCH_READY,no,yes,"noindex,follow",published,decisionScore=100|soft_gated_category,no
/products/2toms-sportshield,product,running|fitness,LAUNCH_READY,no,yes,"noindex,follow",published,decisionScore=100|soft_gated_category,no
/products/nox-at10-genius-18k-2026,product,padel,BLOCKED,no,no,"noindex,nofollow",published,vertical_hold:padel:disabled,no
/products/bullpadel-vertex-04,product,padel,BLOCKED,no,no,"noindex,nofollow",published,vertical_hold:padel:disabled,no
/products/babolat-technical-viper-2026,product,padel,BLOCKED,no,no,"noindex,nofollow",published,vertical_hold:padel:disabled,no
/products/head-coello-pro-2026,product,padel,BLOCKED,no,no,"noindex,nofollow",published,vertical_hold:padel:disabled,no
/products/siux-diablo-revolution-2026,product,padel,BLOCKED,no,no,"noindex,nofollow",published,vertical_hold:padel:disabled,no
/products/adidas-courtstabil-padel,product,padel,BLOCKED,no,no,"noindex,nofollow",published,vertical_hold:padel:disabled,no
/products/head-padel-pro-s-balls,product,padel,BLOCKED,no,no,"noindex,nofollow",published,vertical_hold:padel:disabled,no
/products/wilson-padel-overgrip-pack,product,padel,BLOCKED,no,no,"noindex,nofollow",published,vertical_hold:padel:disabled,no
/products/wilson-bela-pro-v2-2026,product,padel,BLOCKED,no,no,"noindex,nofollow",published,vertical_hold:padel:disabled,no
/products/starvie-titania-kepler-2026,product,padel,BLOCKED,no,no,"noindex,nofollow",published,vertical_hold:padel:disabled,no
/products/adidas-metalbone-hrd-2026,product,padel,BLOCKED,no,no,"noindex,nofollow",published,vertical_hold:padel:disabled,no
/products/kuikma-pr-soft-500,product,padel,BLOCKED,no,no,"noindex,nofollow",published,vertical_hold:padel:disabled,no
/products/drop-shot-canyon-pro-2026,product,padel,BLOCKED,no,no,"noindex,nofollow",published,vertical_hold:padel:disabled,no
/products/varlion-lw-carbon-difusor-2026,product,padel,BLOCKED,no,no,"noindex,nofollow",published,vertical_hold:padel:disabled,no
/products/nox-ml10-pro-cup-2026,product,padel,BLOCKED,no,no,"noindex,nofollow",published,vertical_hold:padel:disabled,no
/products/bullpadel-hack-03,product,padel,BLOCKED,no,no,"noindex,nofollow",published,vertical_hold:padel:disabled,no
/products/babolat-counter-viper-2026,product,padel,BLOCKED,no,no,"noindex,nofollow",published,vertical_hold:padel:disabled,no
/products/head-extreme-pro-padel-2026,product,padel,BLOCKED,no,no,"noindex,nofollow",published,vertical_hold:padel:disabled,no
/products/wilson-blade-pro-v2-padel-2026,product,padel,BLOCKED,no,no,"noindex,nofollow",published,vertical_hold:padel:disabled,no
/products/starvie-basalto-osiris-2026,product,padel,BLOCKED,no,no,"noindex,nofollow",published,vertical_hold:padel:disabled,no
/products/bullpadel-vertex-05-2026,product,padel,BLOCKED,no,no,"noindex,nofollow",published,vertical_hold:padel:disabled,no
/products/bullpadel-hack-04-2026,product,padel,BLOCKED,no,no,"noindex,nofollow",published,vertical_hold:padel:disabled,no
/products/nox-at10-genius-12k-alum-xtrem-2026,product,padel,BLOCKED,no,no,"noindex,nofollow",published,vertical_hold:padel:disabled,no
/products/adidas-metalbone-2026,product,padel,BLOCKED,no,no,"noindex,nofollow",published,vertical_hold:padel:disabled,no
/products/head-extreme-motion-2026,product,padel,BLOCKED,no,no,"noindex,nofollow",published,vertical_hold:padel:disabled,no
/products/tecnifibre-wall-breaker-365,product,padel,BLOCKED,no,no,"noindex,nofollow",published,vertical_hold:padel:disabled,no
/products/oxdog-sense-pro,product,padel,BLOCKED,no,no,"noindex,nofollow",published,vertical_hold:padel:disabled,no
/products/royal-padel-m27-poly-2026,product,padel,BLOCKED,no,no,"noindex,nofollow",published,vertical_hold:padel:disabled,no
/products/black-crown-special-one-soft,product,padel,BLOCKED,no,no,"noindex,nofollow",published,vertical_hold:padel:disabled,no
/products/lok-maxx-flow,product,padel,BLOCKED,no,no,"noindex,nofollow",published,vertical_hold:padel:disabled,no
/products/asics-gel-resolution-padel,product,padel|tennis,BLOCKED,no,no,"noindex,nofollow",published,vertical_hold:padel:disabled,no
/products/asics-gel-challenger-court,product,padel|tennis,BLOCKED,no,no,"noindex,nofollow",published,vertical_hold:padel:disabled,no
/products/babolat-jet-premura,product,padel|tennis,BLOCKED,no,no,"noindex,nofollow",published,vertical_hold:padel:disabled,no
/products/joma-t-slam,product,padel|tennis,BLOCKED,no,no,"noindex,nofollow",published,vertical_hold:padel:disabled,no
/products/head-revolt-pro-court,product,padel|tennis,BLOCKED,no,no,"noindex,nofollow",published,vertical_hold:padel:disabled,no
/products/adidas-crazyquick-boost-padel,product,padel|tennis,BLOCKED,no,no,"noindex,nofollow",published,vertical_hold:padel:disabled,no
/products/adidas-courtquick-padel-women,product,padel|tennis,BLOCKED,no,no,"noindex,nofollow",published,vertical_hold:padel:disabled,no
/products/adidas-crazyquick-boost-padel-women,product,padel|tennis,BLOCKED,no,no,"noindex,nofollow",published,vertical_hold:padel:disabled,no
/products/asics-gel-dedicate-8-padel,product,padel|tennis,BLOCKED,no,no,"noindex,nofollow",published,vertical_hold:padel:disabled,no
/products/asics-game-ff-padel,product,padel|tennis,BLOCKED,no,no,"noindex,nofollow",published,vertical_hold:padel:disabled,no
/products/asics-solution-swift-ff2-padel,product,padel|tennis,BLOCKED,no,no,"noindex,nofollow",published,vertical_hold:padel:disabled,no
/products/bullpadel-hybrid-fly,product,padel|tennis,BLOCKED,no,no,"noindex,nofollow",published,vertical_hold:padel:disabled,no
/products/bullpadel-ionic-woman,product,padel|tennis,BLOCKED,no,no,"noindex,nofollow",published,vertical_hold:padel:disabled,no
/products/nox-at10-lux,product,padel|tennis,BLOCKED,no,no,"noindex,nofollow",published,vertical_hold:padel:disabled,no
/products/nox-ml10-hexa,product,padel|tennis,BLOCKED,no,no,"noindex,nofollow",published,vertical_hold:padel:disabled,no
/products/babolat-movea-2,product,padel|tennis,BLOCKED,no,no,"noindex,nofollow",published,vertical_hold:padel:disabled,no
/products/babolat-sensa-women,product,padel|tennis,BLOCKED,no,no,"noindex,nofollow",published,vertical_hold:padel:disabled,no
/products/joma-slam-lady,product,padel|tennis,BLOCKED,no,no,"noindex,nofollow",published,vertical_hold:padel:disabled,no
/products/joma-spin-men,product,padel|tennis,BLOCKED,no,no,"noindex,nofollow",published,vertical_hold:padel:disabled,no
/products/head-sprint-pro-4-padel,product,padel|tennis,BLOCKED,no,no,"noindex,nofollow",published,vertical_hold:padel:disabled,no
/products/wilson-rush-pro-5-padel,product,padel|tennis,BLOCKED,no,no,"noindex,nofollow",published,vertical_hold:padel:disabled,no
/products/kuikma-ps-990,product,padel|tennis,BLOCKED,no,no,"noindex,nofollow",published,vertical_hold:padel:disabled,no
/products/oxdog-hyper-court,product,padel|tennis,BLOCKED,no,no,"noindex,nofollow",published,vertical_hold:padel:disabled,no
/products/asics-gel-resolution-padel-women,product,padel|tennis,BLOCKED,no,no,"noindex,nofollow",published,vertical_hold:padel:disabled,no
/products/asics-solution-swift-ff-padel-women,product,padel|tennis,BLOCKED,no,no,"noindex,nofollow",published,vertical_hold:padel:disabled,no
/products/wilson-bela-pro-padel,product,padel|tennis,BLOCKED,no,no,"noindex,nofollow",published,vertical_hold:padel:disabled,no
/products/joma-spin-lady,product,padel|tennis,BLOCKED,no,no,"noindex,nofollow",published,vertical_hold:padel:disabled,no
/products/bullpadel-hack-hybrid,product,padel|tennis,BLOCKED,no,no,"noindex,nofollow",published,vertical_hold:padel:disabled,no
/products/nox-at10-pro,product,padel|tennis,BLOCKED,no,no,"noindex,nofollow",published,vertical_hold:padel:disabled,no
/products/babolat-jet-premura-2,product,padel|tennis,BLOCKED,no,no,"noindex,nofollow",published,vertical_hold:padel:disabled,no
/products/tecnifibre-wall-shooter,product,padel|tennis,BLOCKED,no,no,"noindex,nofollow",published,vertical_hold:padel:disabled,no
/products/varlion-bourne-padel,product,padel|tennis,BLOCKED,no,no,"noindex,nofollow",published,vertical_hold:padel:disabled,no
/products/lok-padel-one,product,padel|tennis,BLOCKED,no,no,"noindex,nofollow",published,vertical_hold:padel:disabled,no
/products/babolat-pure-drive-2025,product,tennis,BLOCKED,no,no,"noindex,nofollow",published,vertical_hold:tennis:disabled,no
/products/babolat-pure-aero-2023,product,tennis,BLOCKED,no,no,"noindex,nofollow",published,vertical_hold:tennis:disabled,no
/products/wilson-clash-100-v2,product,tennis,BLOCKED,no,no,"noindex,nofollow",published,vertical_hold:tennis:disabled,no
/products/wilson-blade-98-v8,product,tennis,BLOCKED,no,no,"noindex,nofollow",published,vertical_hold:tennis:disabled,no
/products/head-speed-mp-2024,product,tennis,BLOCKED,no,no,"noindex,nofollow",published,vertical_hold:tennis:disabled,no
/products/head-radical-mp-2023,product,tennis,BLOCKED,no,no,"noindex,nofollow",published,vertical_hold:tennis:disabled,no
/products/yonex-ezone-98-2024,product,tennis,BLOCKED,no,no,"noindex,nofollow",published,vertical_hold:tennis:disabled,no
/products/yonex-vcore-100-2023,product,tennis,BLOCKED,no,no,"noindex,nofollow",published,vertical_hold:tennis:disabled,no
/products/tecnifibre-tf40-305,product,tennis,BLOCKED,no,no,"noindex,nofollow",published,vertical_hold:tennis:disabled,no
/products/dunlop-cx-200,product,tennis,BLOCKED,no,no,"noindex,nofollow",published,vertical_hold:tennis:disabled,no
/products/prince-textreme-tour-100p,product,tennis,BLOCKED,no,no,"noindex,nofollow",published,vertical_hold:tennis:disabled,no
/products/asics-gel-resolution-9,product,tennis,BLOCKED,no,no,"noindex,nofollow",published,vertical_hold:tennis:disabled,no
/products/wilson-rush-pro-4-0,product,tennis,BLOCKED,no,no,"noindex,nofollow",published,vertical_hold:tennis:disabled,no
/products/babolat-rpm-blast-1-25,product,tennis,BLOCKED,no,no,"noindex,nofollow",published,vertical_hold:tennis:disabled,no
/products/tecnifibre-black-code-1-28,product,tennis,BLOCKED,no,no,"noindex,nofollow",published,vertical_hold:tennis:disabled,no
/products/joola-ben-johns-hyperion-cfs-16,product,pickleball,BLOCKED,no,no,"noindex,nofollow",published,vertical_hold:sport-pickleball:disabled,no
/products/joola-perseus-16,product,pickleball,BLOCKED,no,no,"noindex,nofollow",published,vertical_hold:sport-pickleball:disabled,no
/products/selkirk-ampsed-epic,product,pickleball,BLOCKED,no,no,"noindex,nofollow",published,vertical_hold:sport-pickleball:disabled,no
/products/yonex-astrox-88d-pro,product,badminton,BLOCKED,no,no,"noindex,nofollow",published,vertical_hold:sport-badminton:disabled,no
/products/yonex-nanoflare-800-pro,product,badminton,BLOCKED,no,no,"noindex,nofollow",published,vertical_hold:sport-badminton:disabled,no
/products/yonex-astrox-99-pro,product,badminton,BLOCKED,no,no,"noindex,nofollow",published,vertical_hold:sport-badminton:disabled,no
/products/yonex-arcsaber-11-pro,product,badminton,BLOCKED,no,no,"noindex,nofollow",published,vertical_hold:sport-badminton:disabled,no
/products/victor-thruster-k-falcon,product,badminton,BLOCKED,no,no,"noindex,nofollow",published,vertical_hold:sport-badminton:disabled,no
/products/wilson-blade-98-v9,product,tennis,BLOCKED,no,no,"noindex,nofollow",published,vertical_hold:tennis:disabled,no
/products/wilson-clash-100-v3,product,tennis,BLOCKED,no,no,"noindex,nofollow",published,vertical_hold:tennis:disabled,no
/products/babolat-pure-drive-gen11,product,tennis,BLOCKED,no,no,"noindex,nofollow",published,vertical_hold:tennis:disabled,no
/products/babolat-pure-aero-2026,product,tennis,BLOCKED,no,no,"noindex,nofollow",published,vertical_hold:tennis:disabled,no
/products/head-speed-mp-2026,product,tennis,BLOCKED,no,no,"noindex,nofollow",published,vertical_hold:tennis:disabled,no
/products/yonex-ezone-100-2025,product,tennis,BLOCKED,no,no,"noindex,nofollow",published,vertical_hold:tennis:disabled,no
/products/yonex-vcore-98-2026,product,tennis,BLOCKED,no,no,"noindex,nofollow",published,vertical_hold:tennis:disabled,no
/products/wilson-blade-100-v9,product,tennis,BLOCKED,no,no,"noindex,nofollow",published,vertical_hold:tennis:disabled,no
/products/tecnifibre-tfight-300s-2025,product,tennis,BLOCKED,no,no,"noindex,nofollow",published,vertical_hold:tennis:disabled,no
/products/luxilon-alu-power,product,tennis,BLOCKED,no,no,"noindex,nofollow",published,vertical_hold:tennis:disabled,no
/products/wilson-nxt,product,tennis,BLOCKED,no,no,"noindex,nofollow",published,vertical_hold:tennis:disabled,no
/products/tecnifibre-x-one-biphase,product,tennis,BLOCKED,no,no,"noindex,nofollow",published,vertical_hold:tennis:disabled,no
/products/solinco-hyper-g,product,tennis,BLOCKED,no,no,"noindex,nofollow",published,vertical_hold:tennis:disabled,no
/products/nike-court-vapor-pro-3,product,tennis|padel,BLOCKED,no,no,"noindex,nofollow",published,vertical_hold:tennis:disabled,no
/products/adidas-barricade-13,product,tennis|padel,BLOCKED,no,no,"noindex,nofollow",published,vertical_hold:tennis:disabled,no
/products/babolat-jet-tere,product,tennis|padel,BLOCKED,no,no,"noindex,nofollow",published,vertical_hold:tennis:disabled,no
/products/asics-gel-challenger-15,product,tennis|padel,BLOCKED,no,no,"noindex,nofollow",published,vertical_hold:tennis:disabled,no
/products/wilson-rush-pro-5-0,product,tennis|padel,BLOCKED,no,no,"noindex,nofollow",published,vertical_hold:tennis:disabled,no
/products/asics-solution-speed-ff-3,product,tennis|padel,BLOCKED,no,no,"noindex,nofollow",published,vertical_hold:tennis:disabled,no
/products/asics-gel-dedicate-8,product,tennis|padel,BLOCKED,no,no,"noindex,nofollow",published,vertical_hold:tennis:disabled,no
/products/asics-gel-resolution-9-clay,product,tennis|padel,BLOCKED,no,no,"noindex,nofollow",published,vertical_hold:tennis:disabled,no
/products/nike-court-lite-4,product,tennis|padel,BLOCKED,no,no,"noindex,nofollow",published,vertical_hold:tennis:disabled,no
/products/nike-court-air-zoom-vapor-cage-4,product,tennis|padel,BLOCKED,no,no,"noindex,nofollow",published,vertical_hold:tennis:disabled,no
/products/adidas-solematch-control-2,product,tennis|padel,BLOCKED,no,no,"noindex,nofollow",published,vertical_hold:tennis:disabled,no
/products/adidas-courtjam-control-3,product,tennis|padel,BLOCKED,no,no,"noindex,nofollow",published,vertical_hold:tennis:disabled,no
/products/adidas-gamecourt-2,product,tennis|padel,BLOCKED,no,no,"noindex,nofollow",published,vertical_hold:tennis:disabled,no
/products/wilson-rush-pro-ace,product,tennis|padel,BLOCKED,no,no,"noindex,nofollow",published,vertical_hold:tennis:disabled,no
/products/babolat-propulse-fury-3,product,tennis|padel,BLOCKED,no,no,"noindex,nofollow",published,vertical_hold:tennis:disabled,no
/products/babolat-jet-mach-3,product,tennis|padel,BLOCKED,no,no,"noindex,nofollow",published,vertical_hold:tennis:disabled,no
/products/head-revolt-pro-4-5,product,tennis|padel,BLOCKED,no,no,"noindex,nofollow",published,vertical_hold:tennis:disabled,no
/products/head-sprint-pro-3-5,product,tennis|padel,BLOCKED,no,no,"noindex,nofollow",published,vertical_hold:tennis:disabled,no
/products/new-balance-996-v5,product,tennis|padel,BLOCKED,no,no,"noindex,nofollow",published,vertical_hold:tennis:disabled,no
/products/yonex-power-cushion-eclipsion-5,product,tennis|padel,BLOCKED,no,no,"noindex,nofollow",published,vertical_hold:tennis:disabled,no
/products/yonex-power-cushion-sonicage-3,product,tennis|padel,BLOCKED,no,no,"noindex,nofollow",published,vertical_hold:tennis:disabled,no
/products/k-swiss-hypercourt-express-2,product,tennis|padel,BLOCKED,no,no,"noindex,nofollow",published,vertical_hold:tennis:disabled,no
/products/k-swiss-ultrashot-3,product,tennis|padel,BLOCKED,no,no,"noindex,nofollow",published,vertical_hold:tennis:disabled,no
/products/mizuno-wave-exceed-tour-5,product,tennis|padel,BLOCKED,no,no,"noindex,nofollow",published,vertical_hold:tennis:disabled,no
/products/prince-t22,product,tennis|padel,BLOCKED,no,no,"noindex,nofollow",published,vertical_hold:tennis:disabled,no
/products/nike-metcon-9,product,fitness|hyrox,BLOCKED,no,no,"noindex,nofollow",published,vertical_hold:fitness:selective,no
/products/reebok-nano-x4,product,fitness|hyrox,BLOCKED,no,no,"noindex,nofollow",published,vertical_hold:fitness:selective,no
/products/nobull-trainer,product,fitness|hyrox,BLOCKED,no,no,"noindex,nofollow",published,vertical_hold:fitness:selective,no
/products/inov8-f-lite-235-v3,product,fitness|hyrox,BLOCKED,no,no,"noindex,nofollow",published,vertical_hold:fitness:selective,no
/products/tyr-cxt-1,product,fitness|hyrox,BLOCKED,no,no,"noindex,nofollow",published,vertical_hold:fitness:selective,no
/products/adidas-dropset-3,product,fitness,BLOCKED,no,no,"noindex,nofollow",published,vertical_hold:fitness:selective,no
/products/nike-romaleos-5,product,fitness,BLOCKED,no,no,"noindex,nofollow",published,vertical_hold:fitness:selective,no
/products/adidas-adipower-weightlifting-3,product,fitness,BLOCKED,no,no,"noindex,nofollow",published,vertical_hold:fitness:selective,no
/products/reebok-legacy-lifter-iii,product,fitness,BLOCKED,no,no,"noindex,nofollow",published,vertical_hold:fitness:selective,no
/products/nobull-outwork,product,fitness|hyrox,BLOCKED,no,no,"noindex,nofollow",published,vertical_hold:fitness:selective,no
/products/inov8-fastlift-360,product,fitness,BLOCKED,no,no,"noindex,nofollow",published,vertical_hold:fitness:selective,no
/products/tyr-cxt-2,product,fitness|hyrox,BLOCKED,no,no,"noindex,nofollow",published,vertical_hold:fitness:selective,no
/products/powerblock-pro-series-100,product,fitness,BLOCKED,no,no,"noindex,nofollow",published,vertical_hold:fitness:selective,no
/products/powerblock-pro-series-50,product,fitness,BLOCKED,no,no,"noindex,nofollow",published,vertical_hold:fitness:selective,no
/products/nuobell-80,product,fitness,BLOCKED,no,no,"noindex,nofollow",published,vertical_hold:fitness:selective,no
/products/nuobell-50,product,fitness,BLOCKED,no,no,"noindex,nofollow",published,vertical_hold:fitness:selective,no
/products/bowflex-selecttech-552,product,fitness,BLOCKED,no,no,"noindex,nofollow",published,vertical_hold:fitness:selective,no
/products/bowflex-selecttech-1090,product,fitness,BLOCKED,no,no,"noindex,nofollow",published,vertical_hold:fitness:selective,no
/products/rep-quickdraw-adjustable-dumbbells,product,fitness,BLOCKED,no,no,"noindex,nofollow",published,vertical_hold:fitness:selective,no
/products/powerblock-elite-exp-90,product,fitness,BLOCKED,no,no,"noindex,nofollow",published,vertical_hold:fitness:selective,no
/products/rogue-rml-390f,product,fitness,BLOCKED,no,no,"noindex,nofollow",published,vertical_hold:fitness:selective,no
/products/rep-pr-4000,product,fitness,BLOCKED,no,no,"noindex,nofollow",published,vertical_hold:fitness:selective,no
/products/mirafit-m3-power-rack,product,fitness,BLOCKED,no,no,"noindex,nofollow",published,vertical_hold:fitness:selective,no
/products/rogue-rm-4-monster-rack,product,fitness,BLOCKED,no,no,"noindex,nofollow",published,vertical_hold:fitness:selective,no
/products/rep-pr-5000,product,fitness,BLOCKED,no,no,"noindex,nofollow",published,vertical_hold:fitness:selective,no
/products/mirafit-m4-cage,product,fitness,BLOCKED,no,no,"noindex,nofollow",published,vertical_hold:fitness:selective,no
/products/rogue-sm-2c-monster-lite,product,fitness,BLOCKED,no,no,"noindex,nofollow",published,vertical_hold:fitness:selective,no
/products/rep-apollo-athlon-rack,product,fitness,BLOCKED,no,no,"noindex,nofollow",published,vertical_hold:fitness:selective,no
/products/rogue-adjustable-bench-3-0,product,fitness,BLOCKED,no,no,"noindex,nofollow",published,vertical_hold:fitness:selective,no
/products/rep-ab-5000-zero-gap,product,fitness,BLOCKED,no,no,"noindex,nofollow",published,vertical_hold:fitness:selective,no
/products/mirafit-fid-adjustable-bench,product,fitness,BLOCKED,no,no,"noindex,nofollow",published,vertical_hold:fitness:selective,no
/products/rep-fb-5000-flat-bench,product,fitness,BLOCKED,no,no,"noindex,nofollow",published,vertical_hold:fitness:selective,no
/products/rogue-flat-utility-bench,product,fitness,BLOCKED,no,no,"noindex,nofollow",published,vertical_hold:fitness:selective,no
/products/eleiko-xf-bar,product,fitness,BLOCKED,no,no,"noindex,nofollow",published,vertical_hold:fitness:selective,no
/products/rogue-ohio-bar,product,fitness,BLOCKED,no,no,"noindex,nofollow",published,vertical_hold:fitness:selective,no
/products/rogue-ohio-power-bar,product,fitness,BLOCKED,no,no,"noindex,nofollow",published,vertical_hold:fitness:selective,no
/products/rep-colorado-bar,product,fitness,BLOCKED,no,no,"noindex,nofollow",published,vertical_hold:fitness:selective,no
/products/eleiko-performance-weightlifting-bar,product,fitness,BLOCKED,no,no,"noindex,nofollow",published,vertical_hold:fitness:selective,no
/products/mirafit-olympic-barbell,product,fitness,BLOCKED,no,no,"noindex,nofollow",published,vertical_hold:fitness:selective,no
/products/rogue-echo-bumper-plate-set,product,fitness,BLOCKED,no,no,"noindex,nofollow",published,vertical_hold:fitness:selective,no
/products/rep-black-bumper-plate-set,product,fitness,BLOCKED,no,no,"noindex,nofollow",published,vertical_hold:fitness:selective,no
/products/rogue-kettlebell,product,fitness|hyrox,BLOCKED,no,no,"noindex,nofollow",published,vertical_hold:fitness:selective,no
/products/rep-fitness-kettlebell,product,fitness|hyrox,BLOCKED,no,no,"noindex,nofollow",published,vertical_hold:fitness:selective,no
/products/mirafit-cast-iron-kettlebell,product,fitness|hyrox,BLOCKED,no,no,"noindex,nofollow",published,vertical_hold:fitness:selective,no
/products/rogue-echo-kettlebell,product,fitness|hyrox,BLOCKED,no,no,"noindex,nofollow",published,vertical_hold:fitness:selective,no
/products/eleiko-kettlebell,product,fitness|hyrox,BLOCKED,no,no,"noindex,nofollow",published,vertical_hold:fitness:selective,no
/products/concept2-rowerg,product,fitness|hyrox,BLOCKED,no,no,"noindex,nofollow",published,vertical_hold:fitness:selective,no
/products/concept2-rowerg-dynamic,product,fitness|hyrox,BLOCKED,no,no,"noindex,nofollow",published,vertical_hold:fitness:selective,no
/products/mirafit-magnetic-rower,product,fitness|hyrox,BLOCKED,no,no,"noindex,nofollow",published,vertical_hold:fitness:selective,no
/products/mirafit-folding-rower,product,fitness|hyrox,BLOCKED,no,no,"noindex,nofollow",published,vertical_hold:fitness:selective,no
/products/assaultbike-classic,product,fitness|hyrox,BLOCKED,no,no,"noindex,nofollow",published,vertical_hold:fitness:selective,no
/products/rogue-echo-bike,product,fitness|hyrox,BLOCKED,no,no,"noindex,nofollow",published,vertical_hold:fitness:selective,no
/products/assaultbike-elite,product,fitness|hyrox,BLOCKED,no,no,"noindex,nofollow",published,vertical_hold:fitness:selective,no
/products/concept2-skierg,product,fitness|hyrox,BLOCKED,no,no,"noindex,nofollow",published,vertical_hold:fitness:selective,no
/products/concept2-skierg-floor-stand,product,fitness|hyrox,BLOCKED,no,no,"noindex,nofollow",published,vertical_hold:fitness:selective,no
/products/pullup-and-dip-doorway-bar,product,fitness|calisthenics,BLOCKED,no,no,"noindex,nofollow",published,vertical_hold:fitness:selective,no
/products/pullup-and-dip-wall-bar,product,fitness|calisthenics,BLOCKED,no,no,"noindex,nofollow",published,vertical_hold:fitness:selective,no
/products/gornation-premium-pull-up-bar,product,fitness|calisthenics,BLOCKED,no,no,"noindex,nofollow",published,vertical_hold:fitness:selective,no
/products/gravity-fitness-pull-up-station,product,fitness|calisthenics,BLOCKED,no,no,"noindex,nofollow",published,vertical_hold:fitness:selective,no
/products/rogue-monster-lite-pull-up-bar,product,fitness|calisthenics,BLOCKED,no,no,"noindex,nofollow",published,vertical_hold:fitness:selective,no
/products/mirafit-wall-pull-up-bar,product,fitness|calisthenics,BLOCKED,no,no,"noindex,nofollow",published,vertical_hold:fitness:selective,no
/products/gornation-parallettes-pro,product,fitness|calisthenics,BLOCKED,no,no,"noindex,nofollow",published,vertical_hold:fitness:selective,no
/products/gravity-fitness-parallettes,product,fitness|calisthenics,BLOCKED,no,no,"noindex,nofollow",published,vertical_hold:fitness:selective,no
/products/pullup-and-dip-parallettes,product,fitness|calisthenics,BLOCKED,no,no,"noindex,nofollow",published,vertical_hold:fitness:selective,no
/products/gornation-gymnastic-rings,product,fitness|calisthenics,BLOCKED,no,no,"noindex,nofollow",published,vertical_hold:fitness:selective,no
/products/gravity-fitness-gymnastic-rings,product,fitness|calisthenics,BLOCKED,no,no,"noindex,nofollow",published,vertical_hold:fitness:selective,no
/products/rogue-plate-carrier-vest,product,fitness|hyrox|calisthenics,BLOCKED,no,no,"noindex,nofollow",published,vertical_hold:fitness:selective,no
/products/gravity-fitness-weighted-vest,product,fitness|hyrox|calisthenics,BLOCKED,no,no,"noindex,nofollow",published,vertical_hold:fitness:selective,no
/products/mirafit-weighted-vest,product,fitness|hyrox|calisthenics,BLOCKED,no,no,"noindex,nofollow",published,vertical_hold:fitness:selective,no
/products/rogue-wall-ball,product,fitness|hyrox,BLOCKED,no,no,"noindex,nofollow",published,vertical_hold:fitness:selective,no
/products/rogue-sandbag,product,fitness|hyrox,BLOCKED,no,no,"noindex,nofollow",published,vertical_hold:fitness:selective,no
/products/rogue-dog-sled,product,fitness|hyrox,BLOCKED,no,no,"noindex,nofollow",published,vertical_hold:fitness:selective,no
/products/rep-slam-ball,product,fitness|hyrox,BLOCKED,no,no,"noindex,nofollow",published,vertical_hold:fitness:selective,no
/products/mirafit-battle-rope,product,fitness|hyrox,BLOCKED,no,no,"noindex,nofollow",published,vertical_hold:fitness:selective,no
/products/blackroll-standard,product,fitness,BLOCKED,no,no,"noindex,nofollow",published,vertical_hold:fitness:selective,no
/products/blackroll-med,product,fitness,BLOCKED,no,no,"noindex,nofollow",published,vertical_hold:fitness:selective,no
/products/blackroll-ball,product,fitness,BLOCKED,no,no,"noindex,nofollow",published,vertical_hold:fitness:selective,no
/products/blackroll-duoball,product,fitness,BLOCKED,no,no,"noindex,nofollow",published,vertical_hold:fitness:selective,no
/products/rogue-flogging-horse-stall-mat-note,product,fitness,BLOCKED,no,no,"noindex,nofollow",published,vertical_hold:fitness:selective,no
/products/mirafit-gym-mats,product,fitness,BLOCKED,no,no,"noindex,nofollow",published,vertical_hold:fitness:selective,no
/products/rep-bumper-plate-storage,product,fitness,BLOCKED,no,no,"noindex,nofollow",published,vertical_hold:fitness:selective,no
/products/rogue-plate-tree,product,fitness,BLOCKED,no,no,"noindex,nofollow",published,vertical_hold:fitness:selective,no
/products/eleiko-sport-collars,product,fitness,BLOCKED,no,no,"noindex,nofollow",published,vertical_hold:fitness:selective,no
/products/rogue-wrist-wraps,product,fitness,BLOCKED,no,no,"noindex,nofollow",published,vertical_hold:fitness:selective,no
/products/eleiko-sport-bumper-set,product,fitness,BLOCKED,no,no,"noindex,nofollow",published,vertical_hold:fitness:selective,no
/products/mirafit-bumper-plate-set,product,fitness,BLOCKED,no,no,"noindex,nofollow",published,vertical_hold:fitness:selective,no
/products/atx-cast-iron-plate-set,product,fitness,BLOCKED,no,no,"noindex,nofollow",published,vertical_hold:fitness:selective,no
/products/sole-f80-treadmill,product,fitness|hyrox,BLOCKED,no,no,"noindex,nofollow",published,vertical_hold:fitness:selective,no
/products/horizon-t202-treadmill,product,fitness|hyrox,BLOCKED,no,no,"noindex,nofollow",published,vertical_hold:fitness:selective,no
/products/woodway-curve-trainer,product,fitness|hyrox,BLOCKED,no,no,"noindex,nofollow",published,vertical_hold:fitness:selective,no
/products/hydrow-wave,product,fitness|hyrox,BLOCKED,no,no,"noindex,nofollow",published,vertical_hold:fitness:selective,no
/products/waterrower-a1,product,fitness|hyrox,BLOCKED,no,no,"noindex,nofollow",published,vertical_hold:fitness:selective,no
/products/concept2-bikeerg,product,fitness|hyrox,BLOCKED,no,no,"noindex,nofollow",published,vertical_hold:fitness:selective,no
/products/schwinn-airdyne-ad8,product,fitness|hyrox,BLOCKED,no,no,"noindex,nofollow",published,vertical_hold:fitness:selective,no
/products/mirafit-air-bike,product,fitness|hyrox,BLOCKED,no,no,"noindex,nofollow",published,vertical_hold:fitness:selective,no
/products/xebex-ski-erg,product,fitness|hyrox,BLOCKED,no,no,"noindex,nofollow",published,vertical_hold:fitness:selective,no
/products/concept2-skierg-with-stand,product,fitness|hyrox,BLOCKED,no,no,"noindex,nofollow",published,vertical_hold:fitness:selective,no
/products/skierg2-wall-mount,product,fitness|hyrox,BLOCKED,no,no,"noindex,nofollow",published,vertical_hold:fitness:selective,no
/products/atx-fid-bench,product,fitness,BLOCKED,no,no,"noindex,nofollow",published,vertical_hold:fitness:selective,no
/products/rep-ab-5200,product,fitness,BLOCKED,no,no,"noindex,nofollow",published,vertical_hold:fitness:selective,no
/products/nike-free-metcon-6,product,fitness|hyrox,BLOCKED,no,no,"noindex,nofollow",published,vertical_hold:fitness:selective,no
/products/nike-metcon-8,product,fitness|hyrox,BLOCKED,no,no,"noindex,nofollow",published,vertical_hold:fitness:selective,no
/products/ua-tribase-reign-6,product,fitness,BLOCKED,no,no,"noindex,nofollow",published,vertical_hold:fitness:selective,no
/products/ua-project-rock-bsr-4,product,fitness,BLOCKED,no,no,"noindex,nofollow",published,vertical_hold:fitness:selective,no
/products/puma-fuse-3,product,fitness|hyrox,BLOCKED,no,no,"noindex,nofollow",published,vertical_hold:fitness:selective,no
/products/nb-minimus-tr,product,fitness,BLOCKED,no,no,"noindex,nofollow",published,vertical_hold:fitness:selective,no
/products/adidas-the-total,product,fitness,BLOCKED,no,no,"noindex,nofollow",published,vertical_hold:fitness:selective,no
/products/adidas-rapidmove-adv,product,fitness,BLOCKED,no,no,"noindex,nofollow",published,vertical_hold:fitness:selective,no
/products/reebok-nano-x3,product,fitness|hyrox,BLOCKED,no,no,"noindex,nofollow",published,vertical_hold:fitness:selective,no
/products/reebok-nano-court,product,fitness|hyrox,BLOCKED,no,no,"noindex,nofollow",published,vertical_hold:fitness:selective,no
/products/inov8-f-lite-260,product,fitness|hyrox,BLOCKED,no,no,"noindex,nofollow",published,vertical_hold:fitness:selective,no
/products/nobull-trainer-plus,product,fitness|hyrox,BLOCKED,no,no,"noindex,nofollow",published,vertical_hold:fitness:selective,no
/products/asics-gel-quantum-360-8,product,fitness,BLOCKED,no,no,"noindex,nofollow",published,vertical_hold:fitness:selective,no
/products/lululemon-strongfeel,product,fitness,BLOCKED,no,no,"noindex,nofollow",published,vertical_hold:fitness:selective,no
/products/xero-prio,product,fitness,BLOCKED,no,no,"noindex,nofollow",published,vertical_hold:fitness:selective,no
/products/vivobarefoot-primus-lite-iii,product,fitness,BLOCKED,no,no,"noindex,nofollow",published,vertical_hold:fitness:selective,no
/products/nike-savaleos,product,fitness,BLOCKED,no,no,"noindex,nofollow",published,vertical_hold:fitness:selective,no
/products/nike-romaleos-4,product,fitness,BLOCKED,no,no,"noindex,nofollow",published,vertical_hold:fitness:selective,no
/products/adidas-powerlift-5,product,fitness,BLOCKED,no,no,"noindex,nofollow",published,vertical_hold:fitness:selective,no
/products/do-win-classic,product,fitness,BLOCKED,no,no,"noindex,nofollow",published,vertical_hold:fitness:selective,no
/products/inov8-fastlift-power-g-380,product,fitness,BLOCKED,no,no,"noindex,nofollow",published,vertical_hold:fitness:selective,no
/products/ua-reign-lifter,product,fitness,BLOCKED,no,no,"noindex,nofollow",published,vertical_hold:fitness:selective,no
/products/reebok-lifter-pr-iii,product,fitness,BLOCKED,no,no,"noindex,nofollow",published,vertical_hold:fitness:selective,no
/products/adidas-adipower-weightlifting-2,product,fitness,BLOCKED,no,no,"noindex,nofollow",published,vertical_hold:fitness:selective,no
/products/inov8-fastlift-400,product,fitness,BLOCKED,no,no,"noindex,nofollow",published,vertical_hold:fitness:selective,no
/products/salming-race-9,product,fitness|hyrox,BLOCKED,no,no,"noindex,nofollow",published,vertical_hold:fitness:selective,no
/products/salming-rebel,product,fitness|hyrox,BLOCKED,no,no,"noindex,nofollow",published,vertical_hold:fitness:selective,no
/products/puma-fuse-fasted,product,fitness|hyrox,BLOCKED,no,no,"noindex,nofollow",published,vertical_hold:fitness:selective,no
/products/hoka-transport,product,fitness,BLOCKED,no,no,"noindex,nofollow",published,vertical_hold:fitness:selective,no
/products/ua-charged-commit-4,product,fitness,BLOCKED,no,no,"noindex,nofollow",published,vertical_hold:fitness:selective,no
/products/tyr-cxt1-trainer,product,fitness|hyrox,BLOCKED,no,no,"noindex,nofollow",published,vertical_hold:fitness:selective,no
/products/adidas-dropset-2,product,fitness,BLOCKED,no,no,"noindex,nofollow",published,vertical_hold:fitness:selective,no
/products/salomon-adv-skin-12/alternatives,alternatives,running,N/A,no,yes,"noindex,follow",published,alternatives_category_noindex|alternatives_ok_render,no
/products/salomon-adv-skin-5/alternatives,alternatives,running,N/A,no,yes,"noindex,follow",published,alternatives_category_noindex|alternatives_ok_render,no
/products/nathan-vaporair-4/alternatives,alternatives,running,N/A,no,yes,"noindex,follow",published,alternatives_category_noindex|alternatives_ok_render,no
/products/nathan-pinnacle-12/alternatives,alternatives,running,N/A,no,yes,"noindex,follow",published,alternatives_category_noindex|alternatives_ok_render,no
/products/ultimate-direction-race-vest-6/alternatives,alternatives,running,N/A,no,yes,"noindex,follow",published,alternatives_category_noindex|alternatives_ok_render,no
/products/camelbak-zephyr-pro/alternatives,alternatives,running,N/A,no,yes,"noindex,follow",published,alternatives_category_noindex|alternatives_ok_render,no
/products/camelbak-circuit-run-vest/alternatives,alternatives,running,N/A,no,yes,"noindex,follow",published,alternatives_category_noindex|alternatives_ok_render,no
/products/osprey-duro-lt/alternatives,alternatives,running,N/A,no,yes,"noindex,follow",published,alternatives_category_noindex|alternatives_ok_render,no
/products/osprey-duro-15/alternatives,alternatives,running,N/A,no,yes,"noindex,follow",published,alternatives_category_noindex|alternatives_ok_render,no
/products/uswe-pace-8/alternatives,alternatives,running,N/A,no,yes,"noindex,follow",published,alternatives_category_noindex|alternatives_ok_render,no
/products/ultraspire-alpha-6/alternatives,alternatives,running,N/A,no,yes,"noindex,follow",published,alternatives_category_noindex|alternatives_ok_render,no
/products/ultraspire-spry-5/alternatives,alternatives,running,N/A,no,yes,"noindex,follow",published,alternatives_category_noindex|alternatives_ok_render,no
/products/compressport-ultrun-s-pack/alternatives,alternatives,running,N/A,no,yes,"noindex,follow",published,alternatives_category_noindex|alternatives_ok_render,no
/products/nnormal-race-vest/alternatives,alternatives,running,N/A,no,yes,"noindex,follow",published,alternatives_category_noindex|alternatives_ok_render,no
/products/on-ultra-vest-pro/alternatives,alternatives,running,N/A,no,yes,"noindex,follow",published,alternatives_category_noindex|alternatives_ok_render,no
/products/black-diamond-distance-8/alternatives,alternatives,running,N/A,no,yes,"noindex,follow",published,alternatives_category_noindex|alternatives_ok_render,no
/products/nathan-peak-hydration-waist-pack/alternatives,alternatives,running,N/A,no,yes,"noindex,follow",published,alternatives_category_noindex|alternatives_ok_render,no
/products/ultimate-direction-race-belt/alternatives,alternatives,running,N/A,no,yes,"noindex,follow",published,alternatives_category_noindex|alternatives_ok_render,no
/products/ultimate-direction-ultra-belt/alternatives,alternatives,running,N/A,no,yes,"noindex,follow",published,alternatives_category_noindex|alternatives_ok_render,no
/products/naked-running-band/alternatives,alternatives,running,N/A,no,yes,"noindex,follow",published,alternatives_category_noindex|alternatives_ok_render,no
/products/ultraspire-fitted-race-belt-2/alternatives,alternatives,running,N/A,no,yes,"noindex,follow",published,alternatives_category_noindex|alternatives_ok_render,no
/products/compressport-free-belt-pro/alternatives,alternatives,running,N/A,no,yes,"noindex,follow",published,alternatives_category_noindex|alternatives_ok_render,no
/products/salomon-pulse-belt/alternatives,alternatives,running,N/A,no,yes,"noindex,follow",published,alternatives_category_noindex|alternatives_ok_render,no
/products/hydrapak-softflask-speed-500/alternatives,alternatives,running,N/A,no,yes,"noindex,follow",published,alternatives_category_noindex|alternatives_ok_render,no
/products/hydrapak-skyflask-speed-500/alternatives,alternatives,running,N/A,no,yes,"noindex,follow",published,alternatives_category_noindex|alternatives_ok_render,no
/products/nathan-speeddraw-plus-insulated-18oz/alternatives,alternatives,running,N/A,no,yes,"noindex,follow",published,alternatives_category_noindex|alternatives_ok_render,no
/products/camelbak-crux-15/alternatives,alternatives,running,N/A,no,yes,"noindex,follow",published,alternatives_category_noindex|alternatives_ok_render,no
/products/hydrapak-softflask-250/alternatives,alternatives,running,N/A,no,yes,"noindex,follow",published,alternatives_category_noindex|alternatives_ok_render,no
/products/camelbak-quick-grip-chill/alternatives,alternatives,running,N/A,no,yes,"noindex,follow",published,alternatives_category_noindex|alternatives_ok_render,no
/products/swiftwick-aspire-four/alternatives,alternatives,running,N/A,no,yes,"noindex,follow",published,alternatives_category_noindex|alternatives_ok_render,no
/products/amphipod-airflow-lite-belt/alternatives,alternatives,running,N/A,no,yes,"noindex,follow",published,alternatives_category_noindex|alternatives_ok_render,no
/products/nathan-zipster-lite/alternatives,alternatives,running,N/A,no,yes,"noindex,follow",published,alternatives_category_noindex|alternatives_ok_render,no
/products/ultimate-direction-fastpack-20/alternatives,alternatives,running,N/A,no,yes,"noindex,follow",published,alternatives_category_noindex|alternatives_ok_render,no
/products/ultimate-direction-fastpack-her-20/alternatives,alternatives,running,N/A,no,yes,"noindex,follow",published,alternatives_category_noindex|alternatives_ok_render,no
/products/ultimate-direction-fastpack-30/alternatives,alternatives,running,N/A,no,yes,"noindex,follow",published,alternatives_category_noindex|alternatives_ok_render,no
/products/osprey-talon-velocity-20/alternatives,alternatives,running,N/A,no,yes,"noindex,follow",published,alternatives_category_noindex|alternatives_ok_render,no
/products/osprey-tempest-velocity-20/alternatives,alternatives,running,N/A,no,yes,"noindex,follow",published,alternatives_category_noindex|alternatives_ok_render,no
/products/osprey-talon-velocity-30/alternatives,alternatives,running,N/A,no,yes,"noindex,follow",published,alternatives_category_noindex|alternatives_ok_render,no
/products/black-diamond-distance-15/alternatives,alternatives,running,N/A,no,yes,"noindex,follow",published,alternatives_category_noindex|alternatives_ok_render,no
/products/black-diamond-distance-22/alternatives,alternatives,running,N/A,no,yes,"noindex,follow",published,alternatives_category_noindex|alternatives_ok_render,no
/products/salomon-xa-15/alternatives,alternatives,running,N/A,no,yes,"noindex,follow",published,alternatives_category_noindex|alternatives_ok_render,no
/products/ultimate-direction-utility-bag/alternatives,alternatives,running,N/A,no,yes,"noindex,follow",published,alternatives_category_noindex|alternatives_ok_render,no
/products/shokz-openrun/alternatives,alternatives,running|cycling|fitness,N/A,no,yes,"noindex,follow",published,alternatives_category_noindex|alternatives_ok_render,no
/products/shokz-openfit-2/alternatives,alternatives,running|fitness,N/A,no,yes,"noindex,follow",published,alternatives_category_noindex|alternatives_ok_render,no
/products/shokz-opendots-one/alternatives,alternatives,running|fitness,N/A,no,yes,"noindex,follow",published,alternatives_category_noindex|alternatives_ok_render,no
/products/beats-fit-pro/alternatives,alternatives,running|fitness,N/A,no,yes,"noindex,follow",published,alternatives_category_noindex|alternatives_ok_render,no
/products/soundcore-aerofit-2/alternatives,alternatives,running|fitness,N/A,no,yes,"noindex,follow",published,alternatives_category_noindex|alternatives_ok_render,no
/products/suunto-wing/alternatives,alternatives,running|cycling|fitness,N/A,no,yes,"noindex,follow",published,alternatives_category_noindex|alternatives_ok_render,no
/products/oakley-radar-ev-path/alternatives,alternatives,running|cycling,N/A,no,yes,"noindex,follow",published,alternatives_category_noindex|alternatives_ok_render,no
/products/oakley-sutro-lite/alternatives,alternatives,running|cycling,N/A,no,yes,"noindex,follow",published,alternatives_category_noindex|alternatives_ok_render,no
/products/oakley-kato/alternatives,alternatives,running|cycling,N/A,no,yes,"noindex,follow",published,alternatives_category_noindex|alternatives_ok_render,no
/products/oakley-flak-2-0-xl/alternatives,alternatives,running|cycling,N/A,no,yes,"noindex,follow",published,alternatives_category_noindex|alternatives_ok_render,no
/products/smith-shift-mag/alternatives,alternatives,running|cycling,N/A,no,yes,"noindex,follow",published,alternatives_category_noindex|alternatives_ok_render,no
/products/smith-attack-mag/alternatives,alternatives,running|cycling,N/A,no,yes,"noindex,follow",published,alternatives_category_noindex|alternatives_ok_render,no
/products/julbo-ultimate/alternatives,alternatives,running,N/A,no,yes,"noindex,follow",published,alternatives_category_noindex|alternatives_ok_render,no
/products/julbo-rush/alternatives,alternatives,running,N/A,no,yes,"noindex,follow",published,alternatives_category_noindex|alternatives_ok_render,no
/products/rudy-project-cutline/alternatives,alternatives,running|cycling,N/A,no,yes,"noindex,follow",published,alternatives_category_noindex|alternatives_ok_render,no
/products/100-percent-s3/alternatives,alternatives,running|cycling,N/A,no,yes,"noindex,follow",published,alternatives_category_noindex|alternatives_ok_render,no
/products/roka-phantom-air/alternatives,alternatives,running|cycling,N/A,no,yes,"noindex,follow",published,alternatives_category_noindex|alternatives_ok_render,no
/products/tifosi-rail/alternatives,alternatives,running|cycling,N/A,no,yes,"noindex,follow",published,alternatives_category_noindex|alternatives_ok_render,no
/products/tifosi-vogel/alternatives,alternatives,running,N/A,no,yes,"noindex,follow",published,alternatives_category_noindex|alternatives_ok_render,no
/products/goodr-circle-gs/alternatives,alternatives,running,N/A,no,yes,"noindex,follow",published,alternatives_category_noindex|alternatives_ok_render,no
/products/petzl-nao-rl/alternatives,alternatives,running,N/A,no,yes,"noindex,follow",published,alternatives_category_noindex|alternatives_ok_render,no
/products/black-diamond-distance-1500/alternatives,alternatives,running,N/A,no,yes,"noindex,follow",published,alternatives_category_noindex|alternatives_ok_render,no
/products/ledlenser-neo9r/alternatives,alternatives,running,N/A,no,yes,"noindex,follow",published,alternatives_category_noindex|alternatives_ok_render,no
/products/biolite-headlamp-800-pro/alternatives,alternatives,running,N/A,no,yes,"noindex,follow",published,alternatives_category_noindex|alternatives_ok_render,no
/products/nitecore-nu43/alternatives,alternatives,running,N/A,no,yes,"noindex,follow",published,alternatives_category_noindex|alternatives_ok_render,no
/products/maurten-gel-100/alternatives,alternatives,running|cycling,N/A,no,yes,"noindex,follow",published,alternatives_category_noindex|alternatives_ok_render,no
/products/maurten-gel-100-caf-100/alternatives,alternatives,running|cycling,N/A,no,yes,"noindex,follow",published,alternatives_category_noindex|alternatives_ok_render,no
/products/maurten-gel-160/alternatives,alternatives,running|cycling,N/A,no,yes,"noindex,follow",published,alternatives_category_noindex|alternatives_ok_render,no
/products/sis-go-isotonic-gel/alternatives,alternatives,running|cycling,N/A,no,yes,"noindex,follow",published,alternatives_category_noindex|alternatives_ok_render,no
/products/sis-beta-fuel-gel/alternatives,alternatives,running|cycling,N/A,no,yes,"noindex,follow",published,alternatives_category_noindex|alternatives_ok_render,no
/products/gu-energy-gel/alternatives,alternatives,running|cycling,N/A,no,yes,"noindex,follow",published,alternatives_category_noindex|alternatives_ok_render,no
/products/gu-roctane-gel/alternatives,alternatives,running|cycling,N/A,no,yes,"noindex,follow",published,alternatives_category_noindex|alternatives_ok_render,no
/products/precision-pf30-gel/alternatives,alternatives,running|cycling,N/A,no,yes,"noindex,follow",published,alternatives_category_noindex|alternatives_ok_render,no
/products/neversecond-c30-gel/alternatives,alternatives,running|cycling,N/A,no,yes,"noindex,follow",published,alternatives_category_noindex|alternatives_ok_render,no
/products/spring-energy-awesome-sauce/alternatives,alternatives,running,N/A,no,yes,"noindex,follow",published,alternatives_category_noindex|alternatives_ok_render,no
/products/huma-gel-original/alternatives,alternatives,running|cycling,N/A,no,yes,"noindex,follow",published,alternatives_category_noindex|alternatives_ok_render,no
/products/honey-stinger-organic-energy-gel/alternatives,alternatives,running|cycling,N/A,no,yes,"noindex,follow",published,alternatives_category_noindex|alternatives_ok_render,no
/products/gu-energy-chews/alternatives,alternatives,running|cycling,N/A,no,yes,"noindex,follow",published,alternatives_category_noindex|alternatives_ok_render,no
/products/skratch-sport-energy-chews/alternatives,alternatives,running|cycling,N/A,no,yes,"noindex,follow",published,alternatives_category_noindex|alternatives_ok_render,no
/products/veloforte-energy-chews/alternatives,alternatives,running|cycling,N/A,no,yes,"noindex,follow",published,alternatives_category_noindex|alternatives_ok_render,no
/products/saltstick-fastchews/alternatives,alternatives,running|cycling,N/A,no,yes,"noindex,follow",published,alternatives_category_noindex|alternatives_ok_render,no
/products/clif-bar-original/alternatives,alternatives,running|cycling,N/A,no,yes,"noindex,follow",published,alternatives_category_noindex|alternatives_ok_render,no
/products/naak-ultra-energy-bar/alternatives,alternatives,running,N/A,no,yes,"noindex,follow",published,alternatives_category_noindex|alternatives_ok_render,no
/products/powerbar-energize/alternatives,alternatives,running|cycling,N/A,no,yes,"noindex,follow",published,alternatives_category_noindex|alternatives_ok_render,no
/products/maurten-drink-mix-320/alternatives,alternatives,running|cycling,N/A,no,yes,"noindex,follow",published,alternatives_category_noindex|alternatives_ok_render,no
/products/sis-beta-fuel-drink/alternatives,alternatives,running|cycling,N/A,no,yes,"noindex,follow",published,alternatives_category_noindex|alternatives_ok_render,no
/products/precision-pf30-drink-mix/alternatives,alternatives,running|cycling,N/A,no,yes,"noindex,follow",published,alternatives_category_noindex|alternatives_ok_render,no
/products/neversecond-c30-sports-drink/alternatives,alternatives,running|cycling,N/A,no,yes,"noindex,follow",published,alternatives_category_noindex|alternatives_ok_render,no
/products/styrkr-mix90/alternatives,alternatives,running|cycling,N/A,no,yes,"noindex,follow",published,alternatives_category_noindex|alternatives_ok_render,no
/products/skratch-sport-hydration-mix/alternatives,alternatives,running|cycling,N/A,no,yes,"noindex,follow",published,alternatives_category_noindex|alternatives_ok_render,no
/products/precision-ph1500/alternatives,alternatives,running|cycling,N/A,no,yes,"noindex,follow",published,alternatives_category_noindex|alternatives_ok_render,no
/products/nuun-sport/alternatives,alternatives,running|cycling,N/A,no,yes,"noindex,follow",published,alternatives_category_noindex|alternatives_ok_render,no
/products/high5-zero/alternatives,alternatives,running|cycling,N/A,no,yes,"noindex,follow",published,alternatives_category_noindex|alternatives_ok_render,no
/products/saltstick-caps/alternatives,alternatives,running|cycling,N/A,no,yes,"noindex,follow",published,alternatives_category_noindex|alternatives_ok_render,no
/products/high5-energy-gel/alternatives,alternatives,running|cycling,N/A,no,yes,"noindex,follow",published,alternatives_category_noindex|alternatives_ok_render,no
/products/enervit-c2-1-carbo-gel/alternatives,alternatives,running|cycling,N/A,no,yes,"noindex,follow",published,alternatives_category_noindex|alternatives_ok_render,no
/products/veloforte-energy-bar/alternatives,alternatives,running|cycling,N/A,no,yes,"noindex,follow",published,alternatives_category_noindex|alternatives_ok_render,no
/products/tracksmith-session-short-men/alternatives,alternatives,running,N/A,no,yes,"noindex,follow",published,alternatives_category_noindex|alternatives_ok_render,no
/products/janji-multi-short-men/alternatives,alternatives,running,N/A,no,yes,"noindex,follow",published,alternatives_category_noindex|alternatives_ok_render,no
/products/janji-pace-short-women/alternatives,alternatives,running,N/A,no,yes,"noindex,follow",published,alternatives_category_noindex|alternatives_ok_render,no
/products/patagonia-strider-pro-men/alternatives,alternatives,running,N/A,no,yes,"noindex,follow",published,alternatives_category_noindex|alternatives_ok_render,no
/products/rabbit-fuel-n-fly-men/alternatives,alternatives,running,N/A,no,yes,"noindex,follow",published,alternatives_category_noindex|alternatives_ok_render,no
/products/brooks-chaser-5-women/alternatives,alternatives,running,N/A,no,yes,"noindex,follow",published,alternatives_category_noindex|alternatives_ok_render,no
/products/nb-rc-essential-short-men/alternatives,alternatives,running,N/A,no,yes,"noindex,follow",published,alternatives_category_noindex|alternatives_ok_render,no
/products/adidas-own-the-run-short-men/alternatives,alternatives,running,N/A,no,yes,"noindex,follow",published,alternatives_category_noindex|alternatives_ok_render,no
/products/on-performance-short-men/alternatives,alternatives,running,N/A,no,yes,"noindex,follow",published,alternatives_category_noindex|alternatives_ok_render,no
/products/tracksmith-twilight-half-men/alternatives,alternatives,running,N/A,no,yes,"noindex,follow",published,alternatives_category_noindex|alternatives_ok_render,no
/products/tracksmith-turnover-tight-women/alternatives,alternatives,running,N/A,no,yes,"noindex,follow",published,alternatives_category_noindex|alternatives_ok_render,no
/products/brooks-method-tight-women/alternatives,alternatives,running,N/A,no,yes,"noindex,follow",published,alternatives_category_noindex|alternatives_ok_render,no
/products/nike-fast-tight-men/alternatives,alternatives,running,N/A,no,yes,"noindex,follow",published,alternatives_category_noindex|alternatives_ok_render,no
/products/on-performance-tight-women/alternatives,alternatives,running,N/A,no,yes,"noindex,follow",published,alternatives_category_noindex|alternatives_ok_render,no
/products/brooks-canopy-jacket-men/alternatives,alternatives,running,N/A,no,yes,"noindex,follow",published,alternatives_category_noindex|alternatives_ok_render,no
/products/patagonia-houdini-men/alternatives,alternatives,running,N/A,no,yes,"noindex,follow",published,alternatives_category_noindex|alternatives_ok_render,no
/products/nike-impossibly-light-men/alternatives,alternatives,running,N/A,no,yes,"noindex,follow",published,alternatives_category_noindex|alternatives_ok_render,no
/products/on-weather-jacket-men/alternatives,alternatives,running,N/A,no,yes,"noindex,follow",published,alternatives_category_noindex|alternatives_ok_render,no
/products/craft-adv-essence-light-wind-men/alternatives,alternatives,running,N/A,no,yes,"noindex,follow",published,alternatives_category_noindex|alternatives_ok_render,no
/products/nike-dri-fit-miler-men/alternatives,alternatives,running,N/A,no,yes,"noindex,follow",published,alternatives_category_noindex|alternatives_ok_render,no
/products/janji-run-tee-men/alternatives,alternatives,running,N/A,no,yes,"noindex,follow",published,alternatives_category_noindex|alternatives_ok_render,no
/products/patagonia-capilene-cool-daily-men/alternatives,alternatives,running,N/A,no,yes,"noindex,follow",published,alternatives_category_noindex|alternatives_ok_render,no
/products/adidas-own-the-run-tee-men/alternatives,alternatives,running,N/A,no,yes,"noindex,follow",published,alternatives_category_noindex|alternatives_ok_render,no
/products/odlo-active-warm-eco-men/alternatives,alternatives,running,N/A,no,yes,"noindex,follow",published,alternatives_category_noindex|alternatives_ok_render,no
/products/craft-adv-essence-light-wind-vest-men/alternatives,alternatives,running,N/A,no,yes,"noindex,follow",published,alternatives_category_noindex|alternatives_ok_render,no
/products/nike-aerobill-cap/alternatives,alternatives,running,N/A,no,yes,"noindex,follow",published,alternatives_category_noindex|alternatives_ok_render,no
/products/darn-tough-run-1-4/alternatives,alternatives,running,N/A,no,yes,"noindex,follow",published,alternatives_category_noindex|alternatives_ok_render,no
/products/balega-blister-resist/alternatives,alternatives,running,N/A,no,yes,"noindex,follow",published,alternatives_category_noindex|alternatives_ok_render,no
/products/nathan-vaporair-2/alternatives,alternatives,running,N/A,no,yes,"noindex,follow",published,alternatives_category_noindex|alternatives_ok_render,no
/products/ultimate-direction-adventure-vest/alternatives,alternatives,running,N/A,no,yes,"noindex,follow",published,alternatives_category_noindex|alternatives_ok_render,no
/products/camelbak-zephyr/alternatives,alternatives,running,N/A,no,yes,"noindex,follow",published,alternatives_category_noindex|alternatives_ok_render,no
/products/osprey-duro-6/alternatives,alternatives,running,N/A,no,yes,"noindex,follow",published,alternatives_category_noindex|alternatives_ok_render,no
/products/osprey-dyna-6/alternatives,alternatives,running,N/A,no,yes,"noindex,follow",published,alternatives_category_noindex|alternatives_ok_render,no
/products/flipbelt-classic/alternatives,alternatives,running,N/A,no,yes,"noindex,follow",published,alternatives_category_noindex|alternatives_ok_render,no
/products/nathan-mirage-pak/alternatives,alternatives,running,N/A,no,yes,"noindex,follow",published,alternatives_category_noindex|alternatives_ok_render,no
/products/spibelt-original/alternatives,alternatives,running,N/A,no,yes,"noindex,follow",published,alternatives_category_noindex|alternatives_ok_render,no
/products/nathan-exoshot-2/alternatives,alternatives,running,N/A,no,yes,"noindex,follow",published,alternatives_category_noindex|alternatives_ok_render,no
/products/salomon-soft-flask-500/alternatives,alternatives,running,N/A,no,yes,"noindex,follow",published,alternatives_category_noindex|alternatives_ok_render,no
/products/hydrapak-softflask-500/alternatives,alternatives,running,N/A,no,yes,"noindex,follow",published,alternatives_category_noindex|alternatives_ok_render,no
/products/nike-dri-fit-stride-short/alternatives,alternatives,running,N/A,no,yes,"noindex,follow",published,alternatives_category_noindex|alternatives_ok_render,no
/products/craft-adv-essence-short/alternatives,alternatives,running,N/A,no,yes,"noindex,follow",published,alternatives_category_noindex|alternatives_ok_render,no
/products/feetures-elite-light-cushion/alternatives,alternatives,running,N/A,no,yes,"noindex,follow",published,alternatives_category_noindex|alternatives_ok_render,no
/products/balega-hidden-comfort/alternatives,alternatives,running,N/A,no,yes,"noindex,follow",published,alternatives_category_noindex|alternatives_ok_render,no
/products/shokz-openrun-pro-2/alternatives,alternatives,running|cycling|fitness,N/A,no,yes,"noindex,follow",published,alternatives_category_noindex|alternatives_ok_render,no
/products/apple-airpods-pro-2/alternatives,alternatives,running|fitness,N/A,no,yes,"noindex,follow",published,alternatives_category_noindex|alternatives_ok_render,no
/products/bose-ultra-open-earbuds/alternatives,alternatives,running|fitness,N/A,no,yes,"noindex,follow",published,alternatives_category_noindex|alternatives_ok_render,no
/products/oakley-encoder/alternatives,alternatives,running|cycling,N/A,no,yes,"noindex,follow",published,alternatives_category_noindex|alternatives_ok_render,no
/products/goodr-ogs/alternatives,alternatives,running,N/A,no,yes,"noindex,follow",published,alternatives_category_noindex|alternatives_ok_render,no
/products/julbo-aerolite/alternatives,alternatives,running,N/A,no,yes,"noindex,follow",published,alternatives_category_noindex|alternatives_ok_render,no
/products/petzl-swift-rl/alternatives,alternatives,running,N/A,no,yes,"noindex,follow",published,alternatives_category_noindex|alternatives_ok_render,no
/products/nathan-streak-reflective-vest/alternatives,alternatives,running,N/A,no,yes,"noindex,follow",published,alternatives_category_noindex|alternatives_ok_render,no
/products/buff-original/alternatives,alternatives,running,NEEDS_MINOR_WORK,no,yes,"noindex,follow",published,parent_product_not_indexable|decisionScore=100|publish:missing required spec: fit|minor_work_held,no
/products/buff-polar/alternatives,alternatives,running,NEEDS_MINOR_WORK,no,yes,"noindex,follow",published,parent_product_not_indexable|decisionScore=100|publish:missing required spec: fit|minor_work_held,no
/products/assaultrunner-pro/alternatives,alternatives,fitness|hyrox|running,N/A,no,yes,"noindex,follow",published,alternatives_category_noindex|alternatives_ok_render,no
/products/mirafit-folding-treadmill/alternatives,alternatives,fitness|hyrox|running,N/A,no,yes,"noindex,follow",published,alternatives_category_noindex|alternatives_ok_render,no
/products/assaultrunner-elite/alternatives,alternatives,fitness|hyrox|running,N/A,no,yes,"noindex,follow",published,alternatives_category_noindex|alternatives_ok_render,no
/products/sole-f80-treadmill/alternatives,alternatives,fitness|hyrox,BLOCKED,no,yes,"noindex,nofollow",published,parent_product_hidden|vertical_hold:fitness:selective,no
/brands/puma,brand,,N/A,no,no,"noindex,follow",published,brand_hub_uniqueness_hold,no
/brands/mizuno,brand,,N/A,no,no,"noindex,follow",published,brand_hub_uniqueness_hold,no
/brands/inov-8,brand,,N/A,no,no,"noindex,follow",published,brand_hub_uniqueness_hold,no
/brands/samsung,brand,,BLOCKED,no,no,"noindex,nofollow",published,brand_hub_not_indexable,no
/brands/amazfit,brand,,BLOCKED,no,no,"noindex,nofollow",published,brand_hub_not_indexable,no
/brands/scosche,brand,,BLOCKED,no,no,"noindex,nofollow",published,brand_hub_not_indexable,no
/brands/flipbelt,brand,,BLOCKED,no,no,"noindex,nofollow",published,brand_hub_not_indexable,no
/brands/spibelt,brand,,BLOCKED,no,no,"noindex,nofollow",published,brand_hub_not_indexable,no
/brands/uswe,brand,,BLOCKED,no,no,"noindex,nofollow",published,brand_hub_not_indexable,no
/brands/compressport,brand,,BLOCKED,no,no,"noindex,nofollow",published,brand_hub_not_indexable,no
/brands/raidlight,brand,,BLOCKED,no,no,"noindex,nofollow",published,brand_hub_not_indexable,no
/brands/nnormal,brand,,BLOCKED,no,no,"noindex,nofollow",published,brand_hub_not_indexable,no
/brands/naked,brand,,BLOCKED,no,no,"noindex,nofollow",published,brand_hub_not_indexable,no
/brands/decathlon,brand,,BLOCKED,no,no,"noindex,nofollow",published,brand_hub_not_indexable,no
/brands/rabbit,brand,,BLOCKED,no,no,"noindex,nofollow",published,brand_hub_not_indexable,no
/brands/the-north-face,brand,,BLOCKED,no,no,"noindex,nofollow",published,brand_hub_not_indexable,no
/brands/odlo,brand,,BLOCKED,no,no,"noindex,nofollow",published,brand_hub_not_indexable,no
/brands/ciele,brand,,BLOCKED,no,no,"noindex,nofollow",published,brand_hub_not_indexable,no
/brands/smartwool,brand,,BLOCKED,no,no,"noindex,nofollow",published,brand_hub_not_indexable,no
/brands/darn-tough,brand,,BLOCKED,no,no,"noindex,nofollow",published,brand_hub_not_indexable,no
/brands/stance,brand,,BLOCKED,no,no,"noindex,nofollow",published,brand_hub_not_indexable,no
/brands/saxx,brand,,BLOCKED,no,no,"noindex,nofollow",published,brand_hub_not_indexable,no
/brands/leki,brand,,BLOCKED,no,no,"noindex,nofollow",published,brand_hub_not_indexable,no
/brands/bose,brand,,BLOCKED,no,no,"noindex,nofollow",published,brand_hub_not_indexable,no
/brands/goodr,brand,,BLOCKED,no,no,"noindex,nofollow",published,brand_hub_not_indexable,no
/brands/silva,brand,,BLOCKED,no,no,"noindex,nofollow",published,brand_hub_not_indexable,no
/brands/feetures,brand,,BLOCKED,no,no,"noindex,nofollow",published,brand_hub_not_indexable,no
/brands/balega,brand,,BLOCKED,no,no,"noindex,nofollow",published,brand_hub_not_indexable,no
/brands/injinji,brand,,BLOCKED,no,no,"noindex,nofollow",published,brand_hub_not_indexable,no
/brands/bombas,brand,,BLOCKED,no,no,"noindex,nofollow",published,brand_hub_not_indexable,no
/brands/swiftwick,brand,,BLOCKED,no,no,"noindex,nofollow",published,brand_hub_not_indexable,no
/brands/hilly,brand,,BLOCKED,no,no,"noindex,nofollow",published,brand_hub_not_indexable,no
/brands/drymax,brand,,BLOCKED,no,no,"noindex,nofollow",published,brand_hub_not_indexable,no
/brands/sockwell,brand,,BLOCKED,no,no,"noindex,nofollow",published,brand_hub_not_indexable,no
/brands/wrightsock,brand,,BLOCKED,no,no,"noindex,nofollow",published,brand_hub_not_indexable,no
/brands/fitletic,brand,,BLOCKED,no,no,"noindex,nofollow",published,brand_hub_not_indexable,no
/brands/triggerpoint,brand,,BLOCKED,no,no,"noindex,nofollow",published,brand_hub_not_indexable,no
/brands/oofos,brand,,BLOCKED,no,no,"noindex,nofollow",published,brand_hub_not_indexable,no
/brands/nite-ize,brand,,BLOCKED,no,no,"noindex,nofollow",published,brand_hub_not_indexable,no
/brands/body-glide,brand,,BLOCKED,no,no,"noindex,nofollow",published,brand_hub_not_indexable,no
/brands/jabra,brand,,BLOCKED,no,no,"noindex,nofollow",published,brand_hub_not_indexable,no
/brands/sony,brand,,BLOCKED,no,no,"noindex,nofollow",published,brand_hub_not_indexable,no
/brands/beats,brand,,BLOCKED,no,no,"noindex,nofollow",published,brand_hub_not_indexable,no
/brands/soundcore,brand,,BLOCKED,no,no,"noindex,nofollow",published,brand_hub_not_indexable,no
/brands/huawei,brand,,BLOCKED,no,no,"noindex,nofollow",published,brand_hub_not_indexable,no
/brands/smith,brand,,BLOCKED,no,no,"noindex,nofollow",published,brand_hub_not_indexable,no
/brands/rudy-project,brand,,BLOCKED,no,no,"noindex,nofollow",published,brand_hub_not_indexable,no
/brands/tifosi,brand,,BLOCKED,no,no,"noindex,nofollow",published,brand_hub_not_indexable,no
/brands/100-percent,brand,,BLOCKED,no,no,"noindex,nofollow",published,brand_hub_not_indexable,no
/brands/roka,brand,,BLOCKED,no,no,"noindex,nofollow",published,brand_hub_not_indexable,no
/brands/ledlenser,brand,,BLOCKED,no,no,"noindex,nofollow",published,brand_hub_not_indexable,no
/brands/fenix,brand,,BLOCKED,no,no,"noindex,nofollow",published,brand_hub_not_indexable,no
/brands/biolite,brand,,BLOCKED,no,no,"noindex,nofollow",published,brand_hub_not_indexable,no
/brands/nitecore,brand,,BLOCKED,no,no,"noindex,nofollow",published,brand_hub_not_indexable,no
/brands/knog,brand,,BLOCKED,no,no,"noindex,nofollow",published,brand_hub_not_indexable,no
/brands/proviz,brand,,BLOCKED,no,no,"noindex,nofollow",published,brand_hub_not_indexable,no
/brands/night-runner,brand,,BLOCKED,no,no,"noindex,nofollow",published,brand_hub_not_indexable,no
/brands/shes-birdie,brand,,BLOCKED,no,no,"noindex,nofollow",published,brand_hub_not_indexable,no
/brands/road-id,brand,,BLOCKED,no,no,"noindex,nofollow",published,brand_hub_not_indexable,no
/brands/tailwind,brand,,BLOCKED,no,no,"noindex,nofollow",published,brand_hub_not_indexable,no
/brands/skratch-labs,brand,,BLOCKED,no,no,"noindex,nofollow",published,brand_hub_not_indexable,no
/brands/clif-bar,brand,,BLOCKED,no,no,"noindex,nofollow",published,brand_hub_not_indexable,no
/brands/honey-stinger,brand,,BLOCKED,no,no,"noindex,nofollow",published,brand_hub_not_indexable,no
/brands/spring-energy,brand,,BLOCKED,no,no,"noindex,nofollow",published,brand_hub_not_indexable,no
/brands/neversecond,brand,,BLOCKED,no,no,"noindex,nofollow",published,brand_hub_not_indexable,no
/brands/high5,brand,,BLOCKED,no,no,"noindex,nofollow",published,brand_hub_not_indexable,no
/brands/nuun,brand,,BLOCKED,no,no,"noindex,nofollow",published,brand_hub_not_indexable,no
/brands/saltstick,brand,,BLOCKED,no,no,"noindex,nofollow",published,brand_hub_not_indexable,no
/brands/powerbar,brand,,BLOCKED,no,no,"noindex,nofollow",published,brand_hub_not_indexable,no
/brands/enervit,brand,,BLOCKED,no,no,"noindex,nofollow",published,brand_hub_not_indexable,no
/brands/226ers,brand,,BLOCKED,no,no,"noindex,nofollow",published,brand_hub_not_indexable,no
/brands/huma,brand,,BLOCKED,no,no,"noindex,nofollow",published,brand_hub_not_indexable,no
/brands/naak,brand,,BLOCKED,no,no,"noindex,nofollow",published,brand_hub_not_indexable,no
/brands/styrkr,brand,,BLOCKED,no,no,"noindex,nofollow",published,brand_hub_not_indexable,no
/brands/veloforte,brand,,BLOCKED,no,no,"noindex,nofollow",published,brand_hub_not_indexable,no
/brands/renpho,brand,,BLOCKED,no,no,"noindex,nofollow",published,brand_hub_not_indexable,no
/brands/opove,brand,,BLOCKED,no,no,"noindex,nofollow",published,brand_hub_not_indexable,no
/brands/rad-roller,brand,,BLOCKED,no,no,"noindex,nofollow",published,brand_hub_not_indexable,no
/brands/rumbleroller,brand,,BLOCKED,no,no,"noindex,nofollow",published,brand_hub_not_indexable,no
/brands/the-stick,brand,,BLOCKED,no,no,"noindex,nofollow",published,brand_hub_not_indexable,no
/brands/2xu,brand,,BLOCKED,no,no,"noindex,nofollow",published,brand_hub_not_indexable,no
/brands/timtam,brand,,BLOCKED,no,no,"noindex,nofollow",published,brand_hub_not_indexable,no
/brands/brazyn,brand,,BLOCKED,no,no,"noindex,nofollow",published,brand_hub_not_indexable,no
/brands/squirrels-nut-butter,brand,,BLOCKED,no,no,"noindex,nofollow",published,brand_hub_not_indexable,no
/brands/2toms,brand,,BLOCKED,no,no,"noindex,nofollow",published,brand_hub_not_indexable,no
/brands/dirty-girl,brand,,BLOCKED,no,no,"noindex,nofollow",published,brand_hub_not_indexable,no
/brands/outdoor-research,brand,,BLOCKED,no,no,"noindex,nofollow",published,brand_hub_not_indexable,no
/brands/siux,brand,,BLOCKED,no,no,"noindex,nofollow",published,brand_hub_not_indexable,no
/brands/starvie,brand,,BLOCKED,no,no,"noindex,nofollow",published,brand_hub_not_indexable,no
/brands/kuikma,brand,,BLOCKED,no,no,"noindex,nofollow",published,brand_hub_not_indexable,no
/brands/drop-shot,brand,,BLOCKED,no,no,"noindex,nofollow",published,brand_hub_not_indexable,no
/brands/varlion,brand,,BLOCKED,no,no,"noindex,nofollow",published,brand_hub_not_indexable,no
/brands/oxdog,brand,,BLOCKED,no,no,"noindex,nofollow",published,brand_hub_not_indexable,no
/brands/royal-padel,brand,,BLOCKED,no,no,"noindex,nofollow",published,brand_hub_not_indexable,no
/brands/black-crown,brand,,BLOCKED,no,no,"noindex,nofollow",published,brand_hub_not_indexable,no
/brands/tecnifibre-padel,brand,,BLOCKED,no,no,"noindex,nofollow",published,brand_hub_not_indexable,no
/brands/lok,brand,,BLOCKED,no,no,"noindex,nofollow",published,brand_hub_not_indexable,no
/brands/joma,brand,,N/A,no,no,"noindex,follow",published,brand_hub_uniqueness_hold,no
/brands/dunlop,brand,,BLOCKED,no,no,"noindex,nofollow",published,brand_hub_not_indexable,no
/brands/prince,brand,,BLOCKED,no,no,"noindex,nofollow",published,brand_hub_not_indexable,no
/brands/selkirk,brand,,BLOCKED,no,no,"noindex,nofollow",published,brand_hub_not_indexable,no
/brands/joola,brand,,BLOCKED,no,no,"noindex,nofollow",published,brand_hub_not_indexable,no
/brands/victor,brand,,BLOCKED,no,no,"noindex,nofollow",published,brand_hub_not_indexable,no
/brands/li-ning,brand,,BLOCKED,no,no,"noindex,nofollow",published,brand_hub_not_indexable,no
/brands/asics-racket,brand,,N/A,no,no,"noindex,follow",published,brand_hub_uniqueness_hold,no
/brands/luxilon,brand,,BLOCKED,no,no,"noindex,nofollow",published,brand_hub_not_indexable,no
/brands/solinco,brand,,BLOCKED,no,no,"noindex,nofollow",published,brand_hub_not_indexable,no
/brands/k-swiss,brand,,BLOCKED,no,no,"noindex,nofollow",published,brand_hub_not_indexable,no
/brands/powerblock,brand,,N/A,no,no,"noindex,follow",published,brand_hub_uniqueness_hold,no
/brands/nuobell,brand,,BLOCKED,no,no,"noindex,nofollow",published,brand_hub_not_indexable,no
/brands/bowflex,brand,,BLOCKED,no,no,"noindex,nofollow",published,brand_hub_not_indexable,no
/brands/gornation,brand,,N/A,no,no,"noindex,follow",published,brand_hub_uniqueness_hold,no
/brands/gravity-fitness,brand,,N/A,no,no,"noindex,follow",published,brand_hub_uniqueness_hold,no
/brands/reebok,brand,,N/A,no,no,"noindex,follow",published,brand_hub_uniqueness_hold,no
/brands/nobull,brand,,N/A,no,no,"noindex,follow",published,brand_hub_uniqueness_hold,no
/brands/tyr,brand,,N/A,no,no,"noindex,follow",published,brand_hub_uniqueness_hold,no
/brands/pullup-and-dip,brand,,N/A,no,no,"noindex,follow",published,brand_hub_uniqueness_hold,no
/brands/atx,brand,,BLOCKED,no,no,"noindex,nofollow",published,brand_hub_not_indexable,no
/brands/strength-shop,brand,,BLOCKED,no,no,"noindex,nofollow",published,brand_hub_not_indexable,no
/brands/hydrow,brand,,BLOCKED,no,no,"noindex,nofollow",published,brand_hub_not_indexable,no
/brands/sole-fitness,brand,,BLOCKED,no,no,"noindex,nofollow",published,brand_hub_not_indexable,no
/brands/horizon-fitness,brand,,BLOCKED,no,no,"noindex,nofollow",published,brand_hub_not_indexable,no
/brands/woodway,brand,,BLOCKED,no,no,"noindex,nofollow",published,brand_hub_not_indexable,no
/brands/waterrower,brand,,BLOCKED,no,no,"noindex,nofollow",published,brand_hub_not_indexable,no
/brands/schwinn,brand,,BLOCKED,no,no,"noindex,nofollow",published,brand_hub_not_indexable,no
/brands/xebex,brand,,BLOCKED,no,no,"noindex,nofollow",published,brand_hub_not_indexable,no
/brands/under-armour,brand,,N/A,no,no,"noindex,follow",published,brand_hub_uniqueness_hold,no
/brands/lululemon,brand,,BLOCKED,no,no,"noindex,nofollow",published,brand_hub_not_indexable,no
/brands/xero-shoes,brand,,BLOCKED,no,no,"noindex,nofollow",published,brand_hub_not_indexable,no
/brands/vivobarefoot,brand,,BLOCKED,no,no,"noindex,nofollow",published,brand_hub_not_indexable,no
/brands/bear-komplex,brand,,BLOCKED,no,no,"noindex,nofollow",published,brand_hub_not_indexable,no
/brands/domyos,brand,,BLOCKED,no,no,"noindex,nofollow",published,brand_hub_not_indexable,no
/brands/salming,brand,,BLOCKED,no,no,"noindex,nofollow",published,brand_hub_not_indexable,no
/brands/do-win,brand,,BLOCKED,no,no,"noindex,nofollow",published,brand_hub_not_indexable,no
/brands/zeraus,brand,,BLOCKED,no,no,"noindex,nofollow",published,brand_hub_not_indexable,no
/reviews/adidas-adipower-weightlifting-2,review,,DUPLICATIVE,no,no,"noindex,nofollow",published,vertical_hold:fitness:selective,no
/reviews/adidas-adipower-weightlifting-3,review,,DUPLICATIVE,no,no,"noindex,nofollow",published,vertical_hold:fitness:selective,no
/reviews/adidas-adizero-adios-pro-4,review,,DUPLICATIVE,no,no,"noindex,nofollow",published,content_uniqueness_hold|decisionScore=100|words=3601|quality_not_launch_ready,no
/reviews/adidas-adizero-boston-12,review,,DUPLICATIVE,no,no,"noindex,nofollow",published,content_uniqueness_hold|decisionScore=100|words=3539|quality_not_launch_ready,no
/reviews/adidas-adizero-boston-13,review,,DUPLICATIVE,no,no,"noindex,nofollow",published,content_uniqueness_hold|decisionScore=100|words=3656|quality_not_launch_ready,no
/reviews/adidas-adizero-evo-sl,review,,DUPLICATIVE,no,no,"noindex,nofollow",published,content_uniqueness_hold|decisionScore=100|words=3593|quality_not_launch_ready,no
/reviews/adidas-barricade-13,review,,DUPLICATIVE,no,no,"noindex,nofollow",published,vertical_hold:tennis:disabled,no
/reviews/adidas-courtjam-control-3,review,,DUPLICATIVE,no,no,"noindex,nofollow",published,vertical_hold:tennis:disabled,no
/reviews/adidas-courtquick-padel-women,review,,DUPLICATIVE,no,no,"noindex,nofollow",published,vertical_hold:padel:disabled,no
/reviews/adidas-courtstabil-padel,review,,DUPLICATIVE,no,no,"noindex,nofollow",published,vertical_hold:padel:disabled,no
/reviews/adidas-crazyquick-boost-padel,review,,DUPLICATIVE,no,no,"noindex,nofollow",published,vertical_hold:padel:disabled,no
/reviews/adidas-crazyquick-boost-padel-women,review,,DUPLICATIVE,no,no,"noindex,nofollow",published,vertical_hold:padel:disabled,no
/reviews/adidas-dropset-2,review,,DUPLICATIVE,no,no,"noindex,nofollow",published,vertical_hold:fitness:selective,no
/reviews/adidas-dropset-3,review,,DUPLICATIVE,no,no,"noindex,nofollow",published,vertical_hold:fitness:selective,no
/reviews/adidas-metalbone-2026,review,,DUPLICATIVE,no,no,"noindex,nofollow",published,vertical_hold:padel:disabled,no
/reviews/adidas-metalbone-hrd-2026,review,,DUPLICATIVE,no,no,"noindex,nofollow",published,vertical_hold:padel:disabled,no
/reviews/adidas-own-the-run-short-men,review,,DUPLICATIVE,no,no,"noindex,nofollow",published,content_uniqueness_hold|decisionScore=100|words=2982|quality_not_launch_ready,no
/reviews/adidas-own-the-run-tee-men,review,,DUPLICATIVE,no,no,"noindex,nofollow",published,content_uniqueness_hold|decisionScore=100|words=3022|quality_not_launch_ready,no
/reviews/adidas-powerlift-5,review,,DUPLICATIVE,no,no,"noindex,nofollow",published,vertical_hold:fitness:selective,no
/reviews/adidas-rapidmove-adv,review,,DUPLICATIVE,no,no,"noindex,nofollow",published,vertical_hold:fitness:selective,no
/reviews/adidas-solematch-control-2,review,,DUPLICATIVE,no,no,"noindex,nofollow",published,vertical_hold:tennis:disabled,no
/reviews/adidas-terrex-agravic-3,review,,DUPLICATIVE,no,no,"noindex,nofollow",published,content_uniqueness_hold|decisionScore=100|words=3665|quality_not_launch_ready,no
/reviews/adidas-the-total,review,,DUPLICATIVE,no,no,"noindex,nofollow",published,vertical_hold:fitness:selective,no
/reviews/adidas-ultraboost-5,review,,DUPLICATIVE,no,no,"noindex,nofollow",published,content_uniqueness_hold|decisionScore=100|words=3523|quality_not_launch_ready,no
/reviews/altra-escalante-4,review,,DUPLICATIVE,no,no,"noindex,nofollow",published,content_uniqueness_hold|decisionScore=100|words=3512|quality_not_launch_ready,no
/reviews/altra-experience-flow,review,,DUPLICATIVE,no,no,"noindex,nofollow",published,content_uniqueness_hold|decisionScore=100|words=3616|quality_not_launch_ready,no
/reviews/altra-lone-peak-8,review,,DUPLICATIVE,no,no,"noindex,nofollow",published,content_uniqueness_hold|decisionScore=100|words=3572|quality_not_launch_ready,no
/reviews/altra-paradigm-7,review,,DUPLICATIVE,no,no,"noindex,nofollow",published,content_uniqueness_hold|decisionScore=100|words=3610|quality_not_launch_ready,no
/reviews/altra-torin-8,review,,DUPLICATIVE,no,no,"noindex,nofollow",published,content_uniqueness_hold|decisionScore=100|words=3547|quality_not_launch_ready,no
/reviews/apple-watch-ultra-2,review,,DUPLICATIVE,no,no,"noindex,nofollow",published,content_uniqueness_hold|decisionScore=100|words=2699|quality_not_launch_ready,no
/reviews/asics-core-split-short,review,,DUPLICATIVE,no,no,"noindex,nofollow",published,content_uniqueness_hold|decisionScore=100|words=2871|quality_not_launch_ready,no
/reviews/asics-game-ff-padel,review,,DUPLICATIVE,no,no,"noindex,nofollow",published,vertical_hold:padel:disabled,no
/reviews/asics-gel-challenger-15,review,,DUPLICATIVE,no,no,"noindex,nofollow",published,vertical_hold:tennis:disabled,no
/reviews/asics-gel-challenger-court,review,,DUPLICATIVE,no,no,"noindex,nofollow",published,vertical_hold:padel:disabled,no
/reviews/asics-gel-cumulus-27,review,,DUPLICATIVE,no,no,"noindex,nofollow",published,content_uniqueness_hold|decisionScore=100|words=3539|quality_not_launch_ready,no
/reviews/asics-gel-dedicate-8,review,,DUPLICATIVE,no,no,"noindex,nofollow",published,vertical_hold:tennis:disabled,no
/reviews/asics-gel-dedicate-8-padel,review,,DUPLICATIVE,no,no,"noindex,nofollow",published,vertical_hold:padel:disabled,no
/reviews/asics-gel-nimbus-27,review,,DUPLICATIVE,no,no,"noindex,nofollow",published,content_uniqueness_hold|decisionScore=100|words=3595|quality_not_launch_ready,no
/reviews/asics-gel-quantum-360-8,review,,DUPLICATIVE,no,no,"noindex,nofollow",published,vertical_hold:fitness:selective,no
/reviews/asics-gel-resolution-9,review,,DUPLICATIVE,no,no,"noindex,nofollow",published,vertical_hold:tennis:disabled,no
/reviews/asics-gel-resolution-9-clay,review,,DUPLICATIVE,no,no,"noindex,nofollow",published,vertical_hold:tennis:disabled,no
/reviews/asics-gel-resolution-padel,review,,DUPLICATIVE,no,no,"noindex,nofollow",published,vertical_hold:padel:disabled,no
/reviews/asics-gel-trabuco-13,review,,DUPLICATIVE,no,no,"noindex,nofollow",published,content_uniqueness_hold|decisionScore=100|words=3545|quality_not_launch_ready,no
/reviews/asics-gt-1000-13,review,,DUPLICATIVE,no,no,"noindex,nofollow",published,content_uniqueness_hold|decisionScore=100|words=3590|quality_not_launch_ready,no
/reviews/asics-gt-2000-14,review,,DUPLICATIVE,no,no,"noindex,nofollow",published,content_uniqueness_hold|decisionScore=100|words=3577|quality_not_launch_ready,no
/reviews/asics-metaspeed-sky-paris,review,,DUPLICATIVE,no,no,"noindex,nofollow",published,content_uniqueness_hold|decisionScore=100|words=3563|quality_not_launch_ready,no
/reviews/asics-novablast-4,review,,DUPLICATIVE,no,no,"noindex,nofollow",published,content_uniqueness_hold|decisionScore=100|words=3562|quality_not_launch_ready,no
/reviews/asics-novablast-6,review,,DUPLICATIVE,no,no,"noindex,nofollow",published,content_uniqueness_hold|decisionScore=100|words=3586|quality_not_launch_ready,no
/reviews/asics-solution-speed-ff-3,review,,DUPLICATIVE,no,no,"noindex,nofollow",published,vertical_hold:tennis:disabled,no
/reviews/asics-solution-swift-ff2-padel,review,,DUPLICATIVE,no,no,"noindex,nofollow",published,vertical_hold:padel:disabled,no
/reviews/assaultbike-classic,review,,DUPLICATIVE,no,no,"noindex,nofollow",published,vertical_hold:fitness:selective,no
/reviews/assaultbike-elite,review,,DUPLICATIVE,no,no,"noindex,nofollow",published,vertical_hold:fitness:selective,no
/reviews/assaultrunner-elite,review,,DUPLICATIVE,no,no,"noindex,nofollow",published,content_uniqueness_hold|decisionScore=100|words=2594|quality_not_launch_ready,no
/reviews/atx-cast-iron-plate-set,review,,DUPLICATIVE,no,no,"noindex,nofollow",published,vertical_hold:fitness:selective,no
/reviews/atx-fid-bench,review,,DUPLICATIVE,no,no,"noindex,nofollow",published,vertical_hold:fitness:selective,no
/reviews/babolat-counter-viper-2026,review,,DUPLICATIVE,no,no,"noindex,nofollow",published,vertical_hold:padel:disabled,no
/reviews/babolat-jet-mach-3,review,,DUPLICATIVE,no,no,"noindex,nofollow",published,vertical_hold:tennis:disabled,no
/reviews/babolat-jet-premura,review,,DUPLICATIVE,no,no,"noindex,nofollow",published,vertical_hold:padel:disabled,no
/reviews/babolat-movea-2,review,,DUPLICATIVE,no,no,"noindex,nofollow",published,vertical_hold:padel:disabled,no
/reviews/babolat-pure-aero-2023,review,,DUPLICATIVE,no,no,"noindex,nofollow",published,vertical_hold:tennis:disabled,no
/reviews/babolat-pure-aero-2026,review,,DUPLICATIVE,no,no,"noindex,nofollow",published,vertical_hold:tennis:disabled,no
/reviews/babolat-pure-drive-2025,review,,DUPLICATIVE,no,no,"noindex,nofollow",published,vertical_hold:tennis:disabled,no
/reviews/babolat-pure-drive-gen11,review,,DUPLICATIVE,no,no,"noindex,nofollow",published,vertical_hold:tennis:disabled,no
/reviews/babolat-sensa-women,review,,DUPLICATIVE,no,no,"noindex,nofollow",published,vertical_hold:padel:disabled,no
/reviews/babolat-technical-viper-2026,review,,DUPLICATIVE,no,no,"noindex,nofollow",published,vertical_hold:padel:disabled,no
/reviews/balega-blister-resist,review,,DUPLICATIVE,no,no,"noindex,nofollow",published,content_uniqueness_hold|decisionScore=100|words=2934|quality_not_launch_ready,no
/reviews/balega-hidden-comfort,review,,DUPLICATIVE,no,no,"noindex,nofollow",published,content_uniqueness_hold|decisionScore=100|words=2567|quality_not_launch_ready,no
/reviews/black-crown-special-one-soft,review,,LAUNCH_READY,no,yes,"noindex,nofollow",published,vertical_hold:padel:disabled,no
/reviews/black-diamond-distance-22,review,,DUPLICATIVE,no,no,"noindex,nofollow",published,content_uniqueness_hold|decisionScore=100|words=2859|quality_not_launch_ready,no
/reviews/black-diamond-distance-8,review,,DUPLICATIVE,no,no,"noindex,nofollow",published,content_uniqueness_hold|decisionScore=100|words=2973|quality_not_launch_ready,no
/reviews/blackroll-ball,review,,DUPLICATIVE,no,no,"noindex,nofollow",published,vertical_hold:fitness:selective,no
/reviews/blackroll-duoball,review,,DUPLICATIVE,no,no,"noindex,nofollow",published,vertical_hold:fitness:selective,no
/reviews/blackroll-med,review,,DUPLICATIVE,no,no,"noindex,nofollow",published,vertical_hold:fitness:selective,no
/reviews/blackroll-standard,review,,DUPLICATIVE,no,no,"noindex,nofollow",published,vertical_hold:fitness:selective,no
/reviews/bowflex-selecttech-1090,review,,DUPLICATIVE,no,no,"noindex,nofollow",published,vertical_hold:fitness:selective,no
/reviews/bowflex-selecttech-552,review,,LAUNCH_READY,no,yes,"noindex,nofollow",published,vertical_hold:fitness:selective,no
/reviews/brooks-ghost-16,review,,DUPLICATIVE,no,no,"noindex,nofollow",published,content_uniqueness_hold|decisionScore=100|words=3418|quality_not_launch_ready,no
/reviews/brooks-glycerin-21,review,,DUPLICATIVE,no,no,"noindex,nofollow",published,content_uniqueness_hold|decisionScore=100|words=3547|quality_not_launch_ready,no
/reviews/brooks-hyperion-max-2,review,,DUPLICATIVE,no,no,"noindex,nofollow",published,content_uniqueness_hold|decisionScore=100|words=3607|quality_not_launch_ready,no
/reviews/brooks-notch-thermal-beanie,review,,DUPLICATIVE,no,no,"noindex,nofollow",published,content_uniqueness_hold|decisionScore=100|words=2692|quality_not_launch_ready,no
/reviews/brooks-notch-thermal-men,review,,DUPLICATIVE,no,no,"noindex,nofollow",published,content_uniqueness_hold|decisionScore=100|words=2844|quality_not_launch_ready,no
/reviews/brooks-sherpa-7-men,review,,DUPLICATIVE,no,no,"noindex,nofollow",published,content_uniqueness_hold|decisionScore=100|words=3045|quality_not_launch_ready,no
/reviews/buff-coolnet-uv,review,,DUPLICATIVE,no,no,"noindex,nofollow",published,content_uniqueness_hold|decisionScore=100|words=2676|quality_not_launch_ready,no
/reviews/buff-merino-lightweight,review,,DUPLICATIVE,no,no,"noindex,nofollow",published,content_uniqueness_hold|decisionScore=100|words=3012|quality_not_launch_ready,no
/reviews/buff-original,review,,DUPLICATIVE,no,no,"noindex,nofollow",published,content_uniqueness_hold|decisionScore=100|words=2829|quality_not_launch_ready,no
/reviews/bullpadel-hack-03,review,,DUPLICATIVE,no,no,"noindex,nofollow",published,vertical_hold:padel:disabled,no
/reviews/bullpadel-hack-04-2026,review,,DUPLICATIVE,no,no,"noindex,nofollow",published,vertical_hold:padel:disabled,no
/reviews/bullpadel-hybrid-fly,review,,DUPLICATIVE,no,no,"noindex,nofollow",published,vertical_hold:padel:disabled,no
/reviews/bullpadel-ionic-woman,review,,DUPLICATIVE,no,no,"noindex,nofollow",published,vertical_hold:padel:disabled,no
/reviews/bullpadel-vertex-04,review,,DUPLICATIVE,no,no,"noindex,nofollow",published,vertical_hold:padel:disabled,no
/reviews/bullpadel-vertex-05-2026,review,,DUPLICATIVE,no,no,"noindex,nofollow",published,vertical_hold:padel:disabled,no
/reviews/camelbak-apex-pro,review,,DUPLICATIVE,no,no,"noindex,nofollow",published,content_uniqueness_hold|decisionScore=100|words=2932|quality_not_launch_ready,no
/reviews/camelbak-circuit-run-vest,review,,DUPLICATIVE,no,no,"noindex,nofollow",published,content_uniqueness_hold|decisionScore=100|words=2850|quality_not_launch_ready,no
/reviews/camelbak-quick-grip-chill,review,,DUPLICATIVE,no,no,"noindex,nofollow",published,content_uniqueness_hold|decisionScore=100|words=2813|quality_not_launch_ready,no
/reviews/camelbak-zephyr,review,,DUPLICATIVE,no,no,"noindex,nofollow",published,content_uniqueness_hold|decisionScore=100|words=2609|quality_not_launch_ready,no
/reviews/cep-calf-sleeves-3,review,,DUPLICATIVE,no,no,"noindex,nofollow",published,content_uniqueness_hold|decisionScore=100|words=2748|quality_not_launch_ready,no
/reviews/ciele-gocap-athletics,review,,DUPLICATIVE,no,no,"noindex,nofollow",published,content_uniqueness_hold|decisionScore=100|words=2730|quality_not_launch_ready,no
/reviews/compressport-free-belt-pro,review,,DUPLICATIVE,no,no,"noindex,nofollow",published,content_uniqueness_hold|decisionScore=100|words=2750|quality_not_launch_ready,no
/reviews/concept2-bikeerg,review,,DUPLICATIVE,no,no,"noindex,nofollow",published,vertical_hold:fitness:selective,no
/reviews/concept2-rowerg,review,,DUPLICATIVE,no,no,"noindex,nofollow",published,vertical_hold:fitness:selective,no
/reviews/concept2-rowerg-dynamic,review,,DUPLICATIVE,no,no,"noindex,nofollow",published,vertical_hold:fitness:selective,no
/reviews/concept2-skierg,review,,DUPLICATIVE,no,no,"noindex,nofollow",published,vertical_hold:fitness:selective,no
/reviews/concept2-skierg-floor-stand,review,,DUPLICATIVE,no,no,"noindex,nofollow",published,vertical_hold:fitness:selective,no
/reviews/concept2-skierg-with-stand,review,,DUPLICATIVE,no,no,"noindex,nofollow",published,vertical_hold:fitness:selective,no
/reviews/coros-apex-2-pro,review,,DUPLICATIVE,no,no,"noindex,nofollow",published,content_uniqueness_hold|decisionScore=100|words=2663|quality_not_launch_ready,no
/reviews/coros-heart-rate-monitor,review,,DUPLICATIVE,no,no,"noindex,nofollow",published,content_uniqueness_hold|decisionScore=100|words=2686|quality_not_launch_ready,no
/reviews/coros-pace-pro,review,,DUPLICATIVE,no,no,"noindex,nofollow",published,content_uniqueness_hold|decisionScore=100|words=2684|quality_not_launch_ready,no
/reviews/craft-active-extreme-x-men,review,,DUPLICATIVE,no,no,"noindex,nofollow",published,content_uniqueness_hold|decisionScore=100|words=2815|quality_not_launch_ready,no
/reviews/craft-adv-essence-short,review,,DUPLICATIVE,no,no,"noindex,nofollow",published,content_uniqueness_hold|decisionScore=100|words=2604|quality_not_launch_ready,no
/reviews/craft-adv-lumen-glove,review,,DUPLICATIVE,no,no,"noindex,nofollow",published,content_uniqueness_hold|decisionScore=100|words=2763|quality_not_launch_ready,no
/reviews/darn-tough-run-1-4,review,,DUPLICATIVE,no,no,"noindex,nofollow",published,content_uniqueness_hold|decisionScore=100|words=2767|quality_not_launch_ready,no
/reviews/do-win-classic,review,,DUPLICATIVE,no,no,"noindex,nofollow",published,vertical_hold:fitness:selective,no
/reviews/drop-shot-canyon-pro-2026,review,,LAUNCH_READY,no,yes,"noindex,nofollow",published,vertical_hold:padel:disabled,no
/reviews/drymax-run-lite-mesh,review,,DUPLICATIVE,no,no,"noindex,nofollow",published,content_uniqueness_hold|decisionScore=100|words=2751|quality_not_launch_ready,no
/reviews/dunlop-cx-200,review,,DUPLICATIVE,no,no,"noindex,nofollow",published,vertical_hold:tennis:disabled,no
/reviews/eleiko-kettlebell,review,,DUPLICATIVE,no,no,"noindex,nofollow",published,vertical_hold:fitness:selective,no
/reviews/eleiko-performance-weightlifting-bar,review,,DUPLICATIVE,no,no,"noindex,nofollow",published,vertical_hold:fitness:selective,no
/reviews/eleiko-sport-bumper-set,review,,DUPLICATIVE,no,no,"noindex,nofollow",published,vertical_hold:fitness:selective,no
/reviews/eleiko-sport-collars,review,,DUPLICATIVE,no,no,"noindex,nofollow",published,vertical_hold:fitness:selective,no
/reviews/eleiko-xf-bar,review,,DUPLICATIVE,no,no,"noindex,nofollow",published,vertical_hold:fitness:selective,no
/reviews/enervit-c2-1-carbo-gel,review,,DUPLICATIVE,no,no,"noindex,nofollow",published,content_uniqueness_hold|decisionScore=100|words=2859|quality_not_launch_ready,no
/reviews/feetures-elite-light-cushion,review,,DUPLICATIVE,no,no,"noindex,nofollow",published,content_uniqueness_hold|decisionScore=100|words=2579|quality_not_launch_ready,no
/reviews/fitletic-fully-loaded,review,,DUPLICATIVE,no,no,"noindex,nofollow",published,content_uniqueness_hold|decisionScore=100|words=3007|quality_not_launch_ready,no
/reviews/garmin-forerunner-165,review,,DUPLICATIVE,no,no,"noindex,nofollow",published,content_uniqueness_hold|decisionScore=100|words=2589|quality_not_launch_ready,no
/reviews/garmin-forerunner-255,review,,DUPLICATIVE,no,no,"noindex,nofollow",published,content_uniqueness_hold|decisionScore=100|words=2494|quality_not_launch_ready,no
/reviews/garmin-forerunner-265,review,,DUPLICATIVE,no,no,"noindex,nofollow",published,content_uniqueness_hold|decisionScore=100|words=2599|quality_not_launch_ready,no
/reviews/garmin-forerunner-55,review,,DUPLICATIVE,no,no,"noindex,nofollow",published,content_uniqueness_hold|decisionScore=100|words=2596|quality_not_launch_ready,no
/reviews/garmin-forerunner-570,review,,DUPLICATIVE,no,no,"noindex,nofollow",published,content_uniqueness_hold|decisionScore=100|words=2644|quality_not_launch_ready,no
/reviews/garmin-forerunner-965,review,,DUPLICATIVE,no,no,"noindex,nofollow",published,content_uniqueness_hold|decisionScore=100|words=2471|quality_not_launch_ready,no
/reviews/garmin-hrm-pro-plus,review,,DUPLICATIVE,no,no,"noindex,nofollow",published,content_uniqueness_hold|decisionScore=100|words=2706|quality_not_launch_ready,no
/reviews/goodr-circle-gs,review,,DUPLICATIVE,no,no,"noindex,nofollow",published,content_uniqueness_hold|decisionScore=100|words=2754|quality_not_launch_ready,no
/reviews/goodr-ogs,review,,DUPLICATIVE,no,no,"noindex,nofollow",published,content_uniqueness_hold|decisionScore=100|words=2560|quality_not_launch_ready,no
/reviews/gornation-gymnastic-rings,review,,LAUNCH_READY,no,yes,"noindex,nofollow",published,vertical_hold:fitness:selective,no
/reviews/gornation-parallettes-pro,review,,LAUNCH_READY,no,yes,"noindex,nofollow",published,vertical_hold:fitness:selective,no
/reviews/gornation-premium-pull-up-bar,review,,DUPLICATIVE,no,no,"noindex,nofollow",published,vertical_hold:fitness:selective,no
/reviews/gravity-fitness-gymnastic-rings,review,,LAUNCH_READY,no,yes,"noindex,nofollow",published,vertical_hold:fitness:selective,no
/reviews/gravity-fitness-parallettes,review,,DUPLICATIVE,no,no,"noindex,nofollow",published,vertical_hold:fitness:selective,no
/reviews/gravity-fitness-pull-up-station,review,,LAUNCH_READY,no,yes,"noindex,nofollow",published,vertical_hold:fitness:selective,no
/reviews/gravity-fitness-weighted-vest,review,,DUPLICATIVE,no,no,"noindex,nofollow",published,vertical_hold:fitness:selective,no
/reviews/gu-energy-chews,review,,DUPLICATIVE,no,no,"noindex,nofollow",published,content_uniqueness_hold|decisionScore=100|words=2850|quality_not_launch_ready,no
/reviews/gu-roctane-gel,review,,DUPLICATIVE,no,no,"noindex,nofollow",published,content_uniqueness_hold|decisionScore=100|words=2947|quality_not_launch_ready,no
/reviews/head-coello-pro-2026,review,,DUPLICATIVE,no,no,"noindex,nofollow",published,vertical_hold:padel:disabled,no
/reviews/head-extreme-motion-2026,review,,LAUNCH_READY,no,yes,"noindex,nofollow",published,vertical_hold:padel:disabled,no
/reviews/head-extreme-pro-padel-2026,review,,LAUNCH_READY,no,yes,"noindex,nofollow",published,vertical_hold:padel:disabled,no
/reviews/head-radical-mp-2023,review,,DUPLICATIVE,no,no,"noindex,nofollow",published,vertical_hold:tennis:disabled,no
/reviews/head-revolt-pro-court,review,,DUPLICATIVE,no,no,"noindex,nofollow",published,vertical_hold:padel:disabled,no
/reviews/head-speed-mp-2024,review,,DUPLICATIVE,no,no,"noindex,nofollow",published,vertical_hold:tennis:disabled,no
/reviews/head-speed-mp-2026,review,,LAUNCH_READY,no,yes,"noindex,nofollow",published,vertical_hold:tennis:disabled,no
/reviews/head-sprint-pro-4-padel,review,,DUPLICATIVE,no,no,"noindex,nofollow",published,vertical_hold:padel:disabled,no
/reviews/high5-energy-gel,review,,DUPLICATIVE,no,no,"noindex,nofollow",published,content_uniqueness_hold|decisionScore=100|words=3118|quality_not_launch_ready,no
/reviews/hoka-arahi-7,review,,DUPLICATIVE,no,no,"noindex,nofollow",published,content_uniqueness_hold|decisionScore=100|words=3626|quality_not_launch_ready,no
/reviews/hoka-bondi-8,review,,DUPLICATIVE,no,no,"noindex,nofollow",published,content_uniqueness_hold|decisionScore=100|words=3535|quality_not_launch_ready,no
/reviews/hoka-clifton-9,review,,DUPLICATIVE,no,no,"noindex,nofollow",published,content_uniqueness_hold|decisionScore=100|words=3559|quality_not_launch_ready,no
/reviews/hoka-clifton-pro,review,,DUPLICATIVE,no,no,"noindex,nofollow",published,content_uniqueness_hold|decisionScore=100|words=3476|quality_not_launch_ready,no
/reviews/hoka-gaviota-5,review,,DUPLICATIVE,no,no,"noindex,nofollow",published,content_uniqueness_hold|decisionScore=100|words=3628|quality_not_launch_ready,no
/reviews/hoka-mach-6,review,,DUPLICATIVE,no,no,"noindex,nofollow",published,content_uniqueness_hold|decisionScore=100|words=3571|quality_not_launch_ready,no
/reviews/hoka-transport,review,,DUPLICATIVE,no,no,"noindex,nofollow",published,vertical_hold:fitness:selective,no
/reviews/horizon-t202-treadmill,review,,DUPLICATIVE,no,no,"noindex,nofollow",published,vertical_hold:fitness:selective,no
/reviews/huma-gel-original,review,,DUPLICATIVE,no,no,"noindex,nofollow",published,content_uniqueness_hold|decisionScore=100|words=2785|quality_not_launch_ready,no
/reviews/hydrapak-contour-2l,review,,DUPLICATIVE,no,no,"noindex,nofollow",published,content_uniqueness_hold|decisionScore=100|words=2796|quality_not_launch_ready,no
/reviews/hydrapak-skyflask-speed-500,review,,DUPLICATIVE,no,no,"noindex,nofollow",published,content_uniqueness_hold|decisionScore=100|words=3069|quality_not_launch_ready,no
/reviews/hydrapak-softflask-500,review,,DUPLICATIVE,no,no,"noindex,nofollow",published,content_uniqueness_hold|decisionScore=100|words=2621|quality_not_launch_ready,no
/reviews/hydrapak-tube-kit,review,,DUPLICATIVE,no,no,"noindex,nofollow",published,content_uniqueness_hold|decisionScore=100|words=2722|quality_not_launch_ready,no
/reviews/hydrow-wave,review,,DUPLICATIVE,no,no,"noindex,nofollow",published,vertical_hold:fitness:selective,no
/reviews/hyperice-hypervolt-go-2,review,,DUPLICATIVE,no,no,"noindex,nofollow",published,content_uniqueness_hold|decisionScore=100|words=2557|quality_not_launch_ready,no
/reviews/inov8-f-lite-235-v3,review,,DUPLICATIVE,no,no,"noindex,nofollow",published,vertical_hold:fitness:selective,no
/reviews/inov8-f-lite-260,review,,DUPLICATIVE,no,no,"noindex,nofollow",published,vertical_hold:fitness:selective,no
/reviews/inov8-fastlift-360,review,,DUPLICATIVE,no,no,"noindex,nofollow",published,vertical_hold:fitness:selective,no
/reviews/inov8-fastlift-400,review,,DUPLICATIVE,no,no,"noindex,nofollow",published,vertical_hold:fitness:selective,no
/reviews/inov8-fastlift-power-g-380,review,,DUPLICATIVE,no,no,"noindex,nofollow",published,vertical_hold:fitness:selective,no
/reviews/inov8-trailfly-ultra-g-300-max,review,,DUPLICATIVE,no,no,"noindex,nofollow",published,content_uniqueness_hold|decisionScore=100|words=3703|quality_not_launch_ready,no
/reviews/janji-multi-short-men,review,,DUPLICATIVE,no,no,"noindex,nofollow",published,content_uniqueness_hold|decisionScore=100|words=2892|quality_not_launch_ready,no
/reviews/janji-pace-short-women,review,,DUPLICATIVE,no,no,"noindex,nofollow",published,content_uniqueness_hold|decisionScore=100|words=2850|quality_not_launch_ready,no
/reviews/janji-rainrunner-men,review,,DUPLICATIVE,no,no,"noindex,nofollow",published,content_uniqueness_hold|decisionScore=100|words=2729|quality_not_launch_ready,no
/reviews/janji-run-tee-men,review,,DUPLICATIVE,no,no,"noindex,nofollow",published,content_uniqueness_hold|decisionScore=100|words=2646|quality_not_launch_ready,no
/reviews/joma-slam-lady,review,,DUPLICATIVE,no,no,"noindex,nofollow",published,vertical_hold:padel:disabled,no
/reviews/joma-spin-men,review,,DUPLICATIVE,no,no,"noindex,nofollow",published,vertical_hold:padel:disabled,no
/reviews/joma-t-slam,review,,DUPLICATIVE,no,no,"noindex,nofollow",published,vertical_hold:padel:disabled,no
/reviews/julbo-aerolite,review,,DUPLICATIVE,no,no,"noindex,nofollow",published,content_uniqueness_hold|decisionScore=100|words=2510|quality_not_launch_ready,no
/reviews/julbo-rush,review,,DUPLICATIVE,no,no,"noindex,nofollow",published,content_uniqueness_hold|decisionScore=100|words=2755|quality_not_launch_ready,no
/reviews/k-swiss-hypercourt-express-2,review,,DUPLICATIVE,no,no,"noindex,nofollow",published,vertical_hold:tennis:disabled,no
/reviews/k-swiss-ultrashot-3,review,,DUPLICATIVE,no,no,"noindex,nofollow",published,vertical_hold:tennis:disabled,no
/reviews/kuikma-pr-soft-500,review,,DUPLICATIVE,no,no,"noindex,nofollow",published,vertical_hold:padel:disabled,no
/reviews/kuikma-ps-990,review,,DUPLICATIVE,no,no,"noindex,nofollow",published,vertical_hold:padel:disabled,no
/reviews/lok-maxx-flow,review,,DUPLICATIVE,no,no,"noindex,nofollow",published,vertical_hold:padel:disabled,no
/reviews/lululemon-strongfeel,review,,DUPLICATIVE,no,no,"noindex,nofollow",published,vertical_hold:fitness:selective,no
/reviews/mirafit-air-bike,review,,DUPLICATIVE,no,no,"noindex,nofollow",published,vertical_hold:fitness:selective,no
/reviews/mirafit-battle-rope,review,,DUPLICATIVE,no,no,"noindex,nofollow",published,vertical_hold:fitness:selective,no
/reviews/mirafit-bumper-plate-set,review,,LAUNCH_READY,no,yes,"noindex,nofollow",published,vertical_hold:fitness:selective,no
/reviews/mirafit-cast-iron-kettlebell,review,,LAUNCH_READY,no,yes,"noindex,nofollow",published,vertical_hold:fitness:selective,no
/reviews/mirafit-fid-adjustable-bench,review,,LAUNCH_READY,no,yes,"noindex,nofollow",published,vertical_hold:fitness:selective,no
/reviews/mirafit-folding-rower,review,,DUPLICATIVE,no,no,"noindex,nofollow",published,vertical_hold:fitness:selective,no
/reviews/mirafit-folding-treadmill,review,,DUPLICATIVE,no,no,"noindex,nofollow",published,content_uniqueness_hold|decisionScore=100|words=2610|quality_not_launch_ready,no
/reviews/mirafit-gym-mats,review,,LAUNCH_READY,no,yes,"noindex,nofollow",published,vertical_hold:fitness:selective,no
/reviews/mirafit-m3-power-rack,review,,DUPLICATIVE,no,no,"noindex,nofollow",published,vertical_hold:fitness:selective,no
/reviews/mirafit-m4-cage,review,,DUPLICATIVE,no,no,"noindex,nofollow",published,vertical_hold:fitness:selective,no
/reviews/mirafit-magnetic-rower,review,,DUPLICATIVE,no,no,"noindex,nofollow",published,vertical_hold:fitness:selective,no
/reviews/mirafit-olympic-barbell,review,,DUPLICATIVE,no,no,"noindex,nofollow",published,vertical_hold:fitness:selective,no
/reviews/mirafit-wall-pull-up-bar,review,,LAUNCH_READY,no,yes,"noindex,nofollow",published,vertical_hold:fitness:selective,no
/reviews/mirafit-weighted-vest,review,,DUPLICATIVE,no,no,"noindex,nofollow",published,vertical_hold:fitness:selective,no
/reviews/mizuno-wave-rebellion-pro-3,review,,DUPLICATIVE,no,no,"noindex,nofollow",published,content_uniqueness_hold|decisionScore=100|words=3615|quality_not_launch_ready,no
/reviews/mizuno-wave-rider-28,review,,DUPLICATIVE,no,no,"noindex,nofollow",published,content_uniqueness_hold|decisionScore=100|words=3548|quality_not_launch_ready,no
/reviews/naked-running-band,review,,DUPLICATIVE,no,no,"noindex,nofollow",published,content_uniqueness_hold|decisionScore=100|words=2682|quality_not_launch_ready,no
/reviews/nathan-exoshot-2,review,,DUPLICATIVE,no,no,"noindex,nofollow",published,content_uniqueness_hold|decisionScore=100|words=2536|quality_not_launch_ready,no
/reviews/nathan-mirage-pak,review,,DUPLICATIVE,no,no,"noindex,nofollow",published,content_uniqueness_hold|decisionScore=100|words=2559|quality_not_launch_ready,no
/reviews/nathan-softflask-18oz,review,,DUPLICATIVE,no,no,"noindex,nofollow",published,content_uniqueness_hold|decisionScore=100|words=2842|quality_not_launch_ready,no
/reviews/nathan-zipster-lite,review,,DUPLICATIVE,no,no,"noindex,nofollow",published,content_uniqueness_hold|decisionScore=100|words=2788|quality_not_launch_ready,no
/reviews/nb-minimus-tr,review,,DUPLICATIVE,no,no,"noindex,nofollow",published,vertical_hold:fitness:selective,no
/reviews/neversecond-c30-gel,review,,DUPLICATIVE,no,no,"noindex,nofollow",published,content_uniqueness_hold|decisionScore=100|words=2911|quality_not_launch_ready,no
/reviews/new-balance-fresh-foam-x-1080-v13,review,,DUPLICATIVE,no,no,"noindex,nofollow",published,content_uniqueness_hold|decisionScore=100|words=3664|quality_not_launch_ready,no
/reviews/new-balance-fresh-foam-x-1080-v14,review,,DUPLICATIVE,no,no,"noindex,nofollow",published,content_uniqueness_hold|decisionScore=100|words=3764|quality_not_launch_ready,no
/reviews/new-balance-fresh-foam-x-hierro-v9,review,,DUPLICATIVE,no,no,"noindex,nofollow",published,content_uniqueness_hold|decisionScore=100|words=3693|quality_not_launch_ready,no
/reviews/new-balance-fuelcell-rebel-v5,review,,DUPLICATIVE,no,no,"noindex,nofollow",published,content_uniqueness_hold|decisionScore=100|words=3609|quality_not_launch_ready,no
/reviews/new-balance-fuelcell-supercomp-elite-v4,review,,DUPLICATIVE,no,no,"noindex,nofollow",published,content_uniqueness_hold|decisionScore=100|words=3608|quality_not_launch_ready,no
/reviews/new-balance-fuelcell-supercomp-trainer-v3,review,,DUPLICATIVE,no,no,"noindex,nofollow",published,content_uniqueness_hold|decisionScore=100|words=3639|quality_not_launch_ready,no
/reviews/nike-aerobill-cap,review,,DUPLICATIVE,no,no,"noindex,nofollow",published,content_uniqueness_hold|decisionScore=100|words=2992|quality_not_launch_ready,no
/reviews/nike-aeroswift-singlet-men,review,,DUPLICATIVE,no,no,"noindex,nofollow",published,content_uniqueness_hold|decisionScore=100|words=2694|quality_not_launch_ready,no
/reviews/nike-court-vapor-pro-3,review,,LAUNCH_READY,no,yes,"noindex,nofollow",published,vertical_hold:tennis:disabled,no
/reviews/nike-dri-fit-miler-men,review,,DUPLICATIVE,no,no,"noindex,nofollow",published,content_uniqueness_hold|decisionScore=100|words=2670|quality_not_launch_ready,no
/reviews/nike-dri-fit-miler-women,review,,DUPLICATIVE,no,no,"noindex,nofollow",published,content_uniqueness_hold|decisionScore=100|words=2709|quality_not_launch_ready,no
/reviews/nike-dri-fit-stride-short,review,,DUPLICATIVE,no,no,"noindex,nofollow",published,content_uniqueness_hold|decisionScore=100|words=2641|quality_not_launch_ready,no
/reviews/nike-fast-tight-men,review,,DUPLICATIVE,no,no,"noindex,nofollow",published,content_uniqueness_hold|decisionScore=100|words=2721|quality_not_launch_ready,no
/reviews/nike-free-metcon-6,review,,DUPLICATIVE,no,no,"noindex,nofollow",published,vertical_hold:fitness:selective,no
/reviews/nike-invincible-3,review,,DUPLICATIVE,no,no,"noindex,nofollow",published,content_uniqueness_hold|decisionScore=100|words=3483|quality_not_launch_ready,no
/reviews/nike-metcon-8,review,,DUPLICATIVE,no,no,"noindex,nofollow",published,vertical_hold:fitness:selective,no
/reviews/nike-metcon-9,review,,DUPLICATIVE,no,no,"noindex,nofollow",published,vertical_hold:fitness:selective,no
/reviews/nike-pegasus-41,review,,DUPLICATIVE,no,no,"noindex,nofollow",published,content_uniqueness_hold|decisionScore=100|words=3557|quality_not_launch_ready,no
/reviews/nike-pegasus-trail-5,review,,DUPLICATIVE,no,no,"noindex,nofollow",published,content_uniqueness_hold|decisionScore=100|words=3609|quality_not_launch_ready,no
/reviews/nike-react-infinity-run-4,review,,DUPLICATIVE,no,no,"noindex,nofollow",published,content_uniqueness_hold|decisionScore=100|words=3617|quality_not_launch_ready,no
/reviews/nike-romaleos-4,review,,DUPLICATIVE,no,no,"noindex,nofollow",published,vertical_hold:fitness:selective,no
/reviews/nike-romaleos-5,review,,DUPLICATIVE,no,no,"noindex,nofollow",published,vertical_hold:fitness:selective,no
/reviews/nike-savaleos,review,,DUPLICATIVE,no,no,"noindex,nofollow",published,vertical_hold:fitness:selective,no
/reviews/nike-structure-26,review,,DUPLICATIVE,no,no,"noindex,nofollow",published,content_uniqueness_hold|decisionScore=100|words=3543|quality_not_launch_ready,no
/reviews/nike-structure-plus,review,,DUPLICATIVE,no,no,"noindex,nofollow",published,content_uniqueness_hold|decisionScore=100|words=3653|quality_not_launch_ready,no
/reviews/nike-swoosh-medium-support,review,,DUPLICATIVE,no,no,"noindex,nofollow",published,content_uniqueness_hold|decisionScore=100|words=2810|quality_not_launch_ready,no
/reviews/nnormal-race-vest,review,,DUPLICATIVE,no,no,"noindex,nofollow",published,content_uniqueness_hold|decisionScore=100|words=2784|quality_not_launch_ready,no
/reviews/nobull-outwork,review,,DUPLICATIVE,no,no,"noindex,nofollow",published,vertical_hold:fitness:selective,no
/reviews/nobull-trainer,review,,DUPLICATIVE,no,no,"noindex,nofollow",published,vertical_hold:fitness:selective,no
/reviews/nobull-trainer-plus,review,,DUPLICATIVE,no,no,"noindex,nofollow",published,vertical_hold:fitness:selective,no
/reviews/nox-at10-genius-12k-alum-xtrem-2026,review,,DUPLICATIVE,no,no,"noindex,nofollow",published,vertical_hold:padel:disabled,no
/reviews/nox-at10-genius-18k-2026,review,,DUPLICATIVE,no,no,"noindex,nofollow",published,vertical_hold:padel:disabled,no
/reviews/nox-at10-lux,review,,DUPLICATIVE,no,no,"noindex,nofollow",published,vertical_hold:padel:disabled,no
/reviews/nox-ml10-hexa,review,,DUPLICATIVE,no,no,"noindex,nofollow",published,vertical_hold:padel:disabled,no
/reviews/nox-ml10-pro-cup-2026,review,,DUPLICATIVE,no,no,"noindex,nofollow",published,vertical_hold:padel:disabled,no
/reviews/nuobell-50,review,,DUPLICATIVE,no,no,"noindex,nofollow",published,vertical_hold:fitness:selective,no
/reviews/nuobell-80,review,,DUPLICATIVE,no,no,"noindex,nofollow",published,vertical_hold:fitness:selective,no
/reviews/nuun-sport,review,,DUPLICATIVE,no,no,"noindex,nofollow",published,content_uniqueness_hold|decisionScore=100|words=3033|quality_not_launch_ready,no
/reviews/oakley-encoder,review,,DUPLICATIVE,no,no,"noindex,nofollow",published,content_uniqueness_hold|decisionScore=100|words=2467|quality_not_launch_ready,no
/reviews/oakley-flak-2-0-xl,review,,DUPLICATIVE,no,no,"noindex,nofollow",published,content_uniqueness_hold|decisionScore=100|words=3053|quality_not_launch_ready,no
/reviews/oakley-radar-ev-path,review,,DUPLICATIVE,no,no,"noindex,nofollow",published,content_uniqueness_hold|decisionScore=100|words=2788|quality_not_launch_ready,no
/reviews/oakley-sutro-lite,review,,DUPLICATIVE,no,no,"noindex,nofollow",published,content_uniqueness_hold|decisionScore=100|words=2747|quality_not_launch_ready,no
/reviews/odlo-active-warm-eco-men,review,,DUPLICATIVE,no,no,"noindex,nofollow",published,content_uniqueness_hold|decisionScore=100|words=2839|quality_not_launch_ready,no
/reviews/on-cloudmonster-2,review,,DUPLICATIVE,no,no,"noindex,nofollow",published,content_uniqueness_hold|decisionScore=100|words=3566|quality_not_launch_ready,no
/reviews/on-cloudsurfer-2,review,,DUPLICATIVE,no,no,"noindex,nofollow",published,content_uniqueness_hold|decisionScore=100|words=3530|quality_not_launch_ready,no
/reviews/on-cloudsurfer-next,review,,DUPLICATIVE,no,no,"noindex,nofollow",published,content_uniqueness_hold|decisionScore=100|words=3521|quality_not_launch_ready,no
/reviews/on-performance-short-men,review,,DUPLICATIVE,no,no,"noindex,nofollow",published,content_uniqueness_hold|decisionScore=100|words=2709|quality_not_launch_ready,no
/reviews/on-performance-tight-women,review,,DUPLICATIVE,no,no,"noindex,nofollow",published,content_uniqueness_hold|decisionScore=100|words=2712|quality_not_launch_ready,no
/reviews/on-ultra-vest-pro,review,,DUPLICATIVE,no,no,"noindex,nofollow",published,content_uniqueness_hold|decisionScore=100|words=3026|quality_not_launch_ready,no
/reviews/on-weather-jacket-men,review,,DUPLICATIVE,no,no,"noindex,nofollow",published,content_uniqueness_hold|decisionScore=100|words=2689|quality_not_launch_ready,no
/reviews/oofos-oolala,review,,DUPLICATIVE,no,no,"noindex,nofollow",published,content_uniqueness_hold|decisionScore=100|words=2848|quality_not_launch_ready,no
/reviews/oofos-ooriginal,review,,DUPLICATIVE,no,no,"noindex,nofollow",published,content_uniqueness_hold|decisionScore=100|words=2540|quality_not_launch_ready,no
/reviews/osprey-duro-lt,review,,DUPLICATIVE,no,no,"noindex,nofollow",published,content_uniqueness_hold|decisionScore=100|words=2743|quality_not_launch_ready,no
/reviews/osprey-dyna-lt,review,,DUPLICATIVE,no,no,"noindex,nofollow",published,content_uniqueness_hold|decisionScore=100|words=2801|quality_not_launch_ready,no
/reviews/osprey-hydraulics-lt-15,review,,DUPLICATIVE,no,no,"noindex,nofollow",published,content_uniqueness_hold|decisionScore=100|words=3022|quality_not_launch_ready,no
/reviews/oxdog-sense-pro,review,,LAUNCH_READY,no,yes,"noindex,nofollow",published,vertical_hold:padel:disabled,no
/reviews/patagonia-capilene-cool-daily-men,review,,DUPLICATIVE,no,no,"noindex,nofollow",published,content_uniqueness_hold|decisionScore=100|words=2747|quality_not_launch_ready,no
/reviews/patagonia-capilene-midweight-zip-men,review,,DUPLICATIVE,no,no,"noindex,nofollow",published,content_uniqueness_hold|decisionScore=100|words=2681|quality_not_launch_ready,no
/reviews/patagonia-endless-run-tight-women,review,,DUPLICATIVE,no,no,"noindex,nofollow",published,content_uniqueness_hold|decisionScore=100|words=2697|quality_not_launch_ready,no
/reviews/patagonia-trailfarer-short-women,review,,DUPLICATIVE,no,no,"noindex,nofollow",published,content_uniqueness_hold|decisionScore=100|words=2710|quality_not_launch_ready,no
/reviews/polar-h9,review,,DUPLICATIVE,no,no,"noindex,nofollow",published,content_uniqueness_hold|decisionScore=100|words=2665|quality_not_launch_ready,no
/reviews/polar-pacer-pro,review,,DUPLICATIVE,no,no,"noindex,nofollow",published,content_uniqueness_hold|decisionScore=100|words=2602|quality_not_launch_ready,no
/reviews/powerbar-energize,review,,DUPLICATIVE,no,no,"noindex,nofollow",published,content_uniqueness_hold|decisionScore=100|words=2733|quality_not_launch_ready,no
/reviews/powerblock-elite-exp-90,review,,DUPLICATIVE,no,no,"noindex,nofollow",published,vertical_hold:fitness:selective,no
/reviews/powerblock-pro-series-100,review,,DUPLICATIVE,no,no,"noindex,nofollow",published,vertical_hold:fitness:selective,no
/reviews/powerblock-pro-series-50,review,,DUPLICATIVE,no,no,"noindex,nofollow",published,vertical_hold:fitness:selective,no
/reviews/precision-ph1500,review,,DUPLICATIVE,no,no,"noindex,nofollow",published,content_uniqueness_hold|decisionScore=100|words=2937|quality_not_launch_ready,no
/reviews/prince-textreme-tour-100p,review,,DUPLICATIVE,no,no,"noindex,nofollow",published,vertical_hold:tennis:disabled,no
/reviews/proviz-reflect360-running-vest,review,,DUPLICATIVE,no,no,"noindex,nofollow",published,content_uniqueness_hold|decisionScore=100|words=2868|quality_not_launch_ready,no
/reviews/pullup-and-dip-doorway-bar,review,,LAUNCH_READY,no,yes,"noindex,nofollow",published,vertical_hold:fitness:selective,no
/reviews/pullup-and-dip-parallettes,review,,DUPLICATIVE,no,no,"noindex,nofollow",published,vertical_hold:fitness:selective,no
/reviews/pullup-and-dip-wall-bar,review,,DUPLICATIVE,no,no,"noindex,nofollow",published,vertical_hold:fitness:selective,no
/reviews/puma-deviate-nitro-3,review,,DUPLICATIVE,no,no,"noindex,nofollow",published,content_uniqueness_hold|decisionScore=100|words=3609|quality_not_launch_ready,no
/reviews/puma-fuse-3,review,,DUPLICATIVE,no,no,"noindex,nofollow",published,vertical_hold:fitness:selective,no
/reviews/puma-fuse-fasted,review,,DUPLICATIVE,no,no,"noindex,nofollow",published,vertical_hold:fitness:selective,no
/reviews/puma-magnify-nitro-2,review,,DUPLICATIVE,no,no,"noindex,nofollow",published,content_uniqueness_hold|decisionScore=100|words=3651|quality_not_launch_ready,no
/reviews/rabbit-fuel-n-fly-men,review,,DUPLICATIVE,no,no,"noindex,nofollow",published,content_uniqueness_hold|decisionScore=100|words=3217|quality_not_launch_ready,no
/reviews/reebok-legacy-lifter-iii,review,,DUPLICATIVE,no,no,"noindex,nofollow",published,vertical_hold:fitness:selective,no
/reviews/reebok-lifter-pr-iii,review,,DUPLICATIVE,no,no,"noindex,nofollow",published,vertical_hold:fitness:selective,no
/reviews/reebok-nano-court,review,,DUPLICATIVE,no,no,"noindex,nofollow",published,vertical_hold:fitness:selective,no
/reviews/reebok-nano-x3,review,,DUPLICATIVE,no,no,"noindex,nofollow",published,vertical_hold:fitness:selective,no
/reviews/reebok-nano-x4,review,,DUPLICATIVE,no,no,"noindex,nofollow",published,vertical_hold:fitness:selective,no
/reviews/rep-ab-5000-zero-gap,review,,DUPLICATIVE,no,no,"noindex,nofollow",published,vertical_hold:fitness:selective,no
/reviews/rep-ab-5200,review,,DUPLICATIVE,no,no,"noindex,nofollow",published,vertical_hold:fitness:selective,no
/reviews/rep-apollo-athlon-rack,review,,LAUNCH_READY,no,yes,"noindex,nofollow",published,vertical_hold:fitness:selective,no
/reviews/rep-black-bumper-plate-set,review,,DUPLICATIVE,no,no,"noindex,nofollow",published,vertical_hold:fitness:selective,no
/reviews/rep-bumper-plate-storage,review,,LAUNCH_READY,no,yes,"noindex,nofollow",published,vertical_hold:fitness:selective,no
/reviews/rep-colorado-bar,review,,DUPLICATIVE,no,no,"noindex,nofollow",published,vertical_hold:fitness:selective,no
/reviews/rep-fb-5000-flat-bench,review,,DUPLICATIVE,no,no,"noindex,nofollow",published,vertical_hold:fitness:selective,no
/reviews/rep-fitness-kettlebell,review,,LAUNCH_READY,no,yes,"noindex,nofollow",published,vertical_hold:fitness:selective,no
/reviews/rep-pr-4000,review,,DUPLICATIVE,no,no,"noindex,nofollow",published,vertical_hold:fitness:selective,no
/reviews/rep-pr-5000,review,,DUPLICATIVE,no,no,"noindex,nofollow",published,vertical_hold:fitness:selective,no
/reviews/rep-quickdraw-adjustable-dumbbells,review,,LAUNCH_READY,no,yes,"noindex,nofollow",published,vertical_hold:fitness:selective,no
/reviews/rep-slam-ball,review,,DUPLICATIVE,no,no,"noindex,nofollow",published,vertical_hold:fitness:selective,no
/reviews/rogue-adjustable-bench-3-0,review,,DUPLICATIVE,no,no,"noindex,nofollow",published,vertical_hold:fitness:selective,no
/reviews/rogue-dog-sled,review,,DUPLICATIVE,no,no,"noindex,nofollow",published,vertical_hold:fitness:selective,no
/reviews/rogue-echo-bike,review,,DUPLICATIVE,no,no,"noindex,nofollow",published,vertical_hold:fitness:selective,no
/reviews/rogue-echo-bumper-plate-set,review,,DUPLICATIVE,no,no,"noindex,nofollow",published,vertical_hold:fitness:selective,no
/reviews/rogue-echo-kettlebell,review,,DUPLICATIVE,no,no,"noindex,nofollow",published,vertical_hold:fitness:selective,no
/reviews/rogue-flat-utility-bench,review,,DUPLICATIVE,no,no,"noindex,nofollow",published,vertical_hold:fitness:selective,no
/reviews/rogue-flogging-horse-stall-mat-note,review,,LAUNCH_READY,no,yes,"noindex,nofollow",published,vertical_hold:fitness:selective,no
/reviews/rogue-kettlebell,review,,DUPLICATIVE,no,no,"noindex,nofollow",published,vertical_hold:fitness:selective,no
/reviews/rogue-monster-lite-pull-up-bar,review,,DUPLICATIVE,no,no,"noindex,nofollow",published,vertical_hold:fitness:selective,no
/reviews/rogue-ohio-bar,review,,DUPLICATIVE,no,no,"noindex,nofollow",published,vertical_hold:fitness:selective,no
/reviews/rogue-ohio-power-bar,review,,DUPLICATIVE,no,no,"noindex,nofollow",published,vertical_hold:fitness:selective,no
/reviews/rogue-plate-carrier-vest,review,,DUPLICATIVE,no,no,"noindex,nofollow",published,vertical_hold:fitness:selective,no
/reviews/rogue-plate-tree,review,,LAUNCH_READY,no,yes,"noindex,nofollow",published,vertical_hold:fitness:selective,no
/reviews/rogue-rm-4-monster-rack,review,,LAUNCH_READY,no,yes,"noindex,nofollow",published,vertical_hold:fitness:selective,no
/reviews/rogue-rml-390f,review,,LAUNCH_READY,no,yes,"noindex,nofollow",published,vertical_hold:fitness:selective,no
/reviews/rogue-sandbag,review,,DUPLICATIVE,no,no,"noindex,nofollow",published,vertical_hold:fitness:selective,no
/reviews/rogue-sm-2c-monster-lite,review,,LAUNCH_READY,no,yes,"noindex,nofollow",published,vertical_hold:fitness:selective,no
/reviews/rogue-wall-ball,review,,DUPLICATIVE,no,no,"noindex,nofollow",published,vertical_hold:fitness:selective,no
/reviews/rogue-wrist-wraps,review,,DUPLICATIVE,no,no,"noindex,nofollow",published,vertical_hold:fitness:selective,no
/reviews/royal-padel-m27-poly-2026,review,,DUPLICATIVE,no,no,"noindex,nofollow",published,vertical_hold:padel:disabled,no
/reviews/salming-race-9,review,,LAUNCH_READY,no,yes,"noindex,nofollow",published,vertical_hold:fitness:selective,no
/reviews/salming-rebel,review,,DUPLICATIVE,no,no,"noindex,nofollow",published,vertical_hold:fitness:selective,no
/reviews/salomon-adv-skin-12,review,,DUPLICATIVE,no,no,"noindex,nofollow",published,content_uniqueness_hold|decisionScore=100|words=2706|quality_not_launch_ready,no
/reviews/salomon-aero-glide-2,review,,DUPLICATIVE,no,no,"noindex,nofollow",published,content_uniqueness_hold|decisionScore=100|words=3555|quality_not_launch_ready,no
/reviews/salomon-bonatti-wp-men,review,,DUPLICATIVE,no,no,"noindex,nofollow",published,content_uniqueness_hold|decisionScore=100|words=2786|quality_not_launch_ready,no
/reviews/salomon-bonatti-wp-women,review,,DUPLICATIVE,no,no,"noindex,nofollow",published,content_uniqueness_hold|decisionScore=100|words=2717|quality_not_launch_ready,no
/reviews/salomon-genesis,review,,DUPLICATIVE,no,no,"noindex,nofollow",published,content_uniqueness_hold|decisionScore=100|words=3560|quality_not_launch_ready,no
/reviews/salomon-pulsar-trail-2,review,,DUPLICATIVE,no,no,"noindex,nofollow",published,content_uniqueness_hold|decisionScore=100|words=3590|quality_not_launch_ready,no
/reviews/salomon-pulse-belt,review,,DUPLICATIVE,no,no,"noindex,nofollow",published,content_uniqueness_hold|decisionScore=100|words=2823|quality_not_launch_ready,no
/reviews/salomon-sense-ride-5,review,,DUPLICATIVE,no,no,"noindex,nofollow",published,content_uniqueness_hold|decisionScore=100|words=3632|quality_not_launch_ready,no
/reviews/salomon-soft-flask-500,review,,DUPLICATIVE,no,no,"noindex,nofollow",published,content_uniqueness_hold|decisionScore=100|words=2884|quality_not_launch_ready,no
/reviews/salomon-soft-flask-speed-500,review,,DUPLICATIVE,no,no,"noindex,nofollow",published,content_uniqueness_hold|decisionScore=100|words=2992|quality_not_launch_ready,no
/reviews/salomon-soft-reservoir-15,review,,DUPLICATIVE,no,no,"noindex,nofollow",published,content_uniqueness_hold|decisionScore=100|words=2862|quality_not_launch_ready,no
/reviews/salomon-ultra-glide-2,review,,DUPLICATIVE,no,no,"noindex,nofollow",published,content_uniqueness_hold|decisionScore=100|words=3646|quality_not_launch_ready,no
/reviews/saltstick-caps,review,,DUPLICATIVE,no,no,"noindex,nofollow",published,content_uniqueness_hold|decisionScore=100|words=3077|quality_not_launch_ready,no
/reviews/saucony-endorphin-pro-3,review,,DUPLICATIVE,no,no,"noindex,nofollow",published,content_uniqueness_hold|decisionScore=100|words=3640|quality_not_launch_ready,no
/reviews/saucony-endorphin-pro-4,review,,DUPLICATIVE,no,no,"noindex,nofollow",published,content_uniqueness_hold|decisionScore=100|words=3575|quality_not_launch_ready,no
/reviews/saucony-guide-18,review,,DUPLICATIVE,no,no,"noindex,nofollow",published,content_uniqueness_hold|decisionScore=100|words=3528|quality_not_launch_ready,no
/reviews/saucony-peregrine-15,review,,DUPLICATIVE,no,no,"noindex,nofollow",published,content_uniqueness_hold|decisionScore=100|words=3588|quality_not_launch_ready,no
/reviews/saucony-ride-18,review,,DUPLICATIVE,no,no,"noindex,nofollow",published,content_uniqueness_hold|decisionScore=100|words=3540|quality_not_launch_ready,no
/reviews/saucony-triumph-22,review,,DUPLICATIVE,no,no,"noindex,nofollow",published,content_uniqueness_hold|decisionScore=100|words=3551|quality_not_launch_ready,no
/reviews/saucony-xodus-ultra-3,review,,DUPLICATIVE,no,no,"noindex,nofollow",published,content_uniqueness_hold|decisionScore=100|words=3581|quality_not_launch_ready,no
/reviews/schwinn-airdyne-ad8,review,,DUPLICATIVE,no,no,"noindex,nofollow",published,vertical_hold:fitness:selective,no
/reviews/siux-diablo-revolution-2026,review,,DUPLICATIVE,no,no,"noindex,nofollow",published,vertical_hold:padel:disabled,no
/reviews/skierg2-wall-mount,review,,DUPLICATIVE,no,no,"noindex,nofollow",published,vertical_hold:fitness:selective,no
/reviews/skratch-sport-energy-chews,review,,DUPLICATIVE,no,no,"noindex,nofollow",published,content_uniqueness_hold|decisionScore=100|words=3054|quality_not_launch_ready,no
/reviews/smartwool-thermal-merino-glove,review,,DUPLICATIVE,no,no,"noindex,nofollow",published,content_uniqueness_hold|decisionScore=100|words=2970|quality_not_launch_ready,no
/reviews/smith-shift-mag,review,,DUPLICATIVE,no,no,"noindex,nofollow",published,content_uniqueness_hold|decisionScore=100|words=2983|quality_not_launch_ready,no
/reviews/sole-f80-treadmill,review,,DUPLICATIVE,no,no,"noindex,nofollow",published,vertical_hold:fitness:selective,no
/reviews/spibelt-original,review,,DUPLICATIVE,no,no,"noindex,nofollow",published,content_uniqueness_hold|decisionScore=100|words=2458|quality_not_launch_ready,no
/reviews/spring-energy-awesome-sauce,review,,DUPLICATIVE,no,no,"noindex,nofollow",published,content_uniqueness_hold|decisionScore=100|words=3216|quality_not_launch_ready,no
/reviews/starvie-basalto-osiris-2026,review,,DUPLICATIVE,no,no,"noindex,nofollow",published,vertical_hold:padel:disabled,no
/reviews/starvie-titania-kepler-2026,review,,DUPLICATIVE,no,no,"noindex,nofollow",published,vertical_hold:padel:disabled,no
/reviews/styrkr-gel30,review,,DUPLICATIVE,no,no,"noindex,nofollow",published,content_uniqueness_hold|decisionScore=100|words=2768|quality_not_launch_ready,no
/reviews/styrkr-mix90,review,,DUPLICATIVE,no,no,"noindex,nofollow",published,content_uniqueness_hold|decisionScore=100|words=2869|quality_not_launch_ready,no
/reviews/suunto-race,review,,DUPLICATIVE,no,no,"noindex,nofollow",published,content_uniqueness_hold|decisionScore=100|words=2591|quality_not_launch_ready,no
/reviews/suunto-race-s,review,,DUPLICATIVE,no,no,"noindex,nofollow",published,content_uniqueness_hold|decisionScore=100|words=2595|quality_not_launch_ready,no
/reviews/suunto-smart-heart-rate-belt,review,,DUPLICATIVE,no,no,"noindex,nofollow",published,content_uniqueness_hold|decisionScore=100|words=2690|quality_not_launch_ready,no
/reviews/tailwind-endurance-fuel,review,,DUPLICATIVE,no,no,"noindex,nofollow",published,content_uniqueness_hold|decisionScore=100|words=3112|quality_not_launch_ready,no
/reviews/tecnifibre-tf40-305,review,,DUPLICATIVE,no,no,"noindex,nofollow",published,vertical_hold:tennis:disabled,no
/reviews/tecnifibre-tfight-300s-2025,review,,DUPLICATIVE,no,no,"noindex,nofollow",published,vertical_hold:tennis:disabled,no
/reviews/tecnifibre-wall-breaker-365,review,,DUPLICATIVE,no,no,"noindex,nofollow",published,vertical_hold:padel:disabled,no
/reviews/therabody-theragun-mini-2,review,,DUPLICATIVE,no,no,"noindex,nofollow",published,content_uniqueness_hold|decisionScore=100|words=2528|quality_not_launch_ready,no
/reviews/tifosi-rail,review,,DUPLICATIVE,no,no,"noindex,nofollow",published,content_uniqueness_hold|decisionScore=100|words=2812|quality_not_launch_ready,no
/reviews/tifosi-vogel,review,,DUPLICATIVE,no,no,"noindex,nofollow",published,content_uniqueness_hold|decisionScore=100|words=2875|quality_not_launch_ready,no
/reviews/topo-athletic-phantom-3,review,,DUPLICATIVE,no,no,"noindex,nofollow",published,content_uniqueness_hold|decisionScore=100|words=3615|quality_not_launch_ready,no
/reviews/topo-athletic-specter-2,review,,DUPLICATIVE,no,no,"noindex,nofollow",published,content_uniqueness_hold|decisionScore=100|words=3538|quality_not_launch_ready,no
/reviews/topo-athletic-terraventure-5,review,,DUPLICATIVE,no,no,"noindex,nofollow",published,content_uniqueness_hold|decisionScore=100|words=3630|quality_not_launch_ready,no
/reviews/tracksmith-brighton-ls-men,review,,DUPLICATIVE,no,no,"noindex,nofollow",published,content_uniqueness_hold|decisionScore=100|words=2798|quality_not_launch_ready,no
/reviews/tracksmith-session-short-men,review,,DUPLICATIVE,no,no,"noindex,nofollow",published,content_uniqueness_hold|decisionScore=100|words=2847|quality_not_launch_ready,no
/reviews/tracksmith-session-short-women,review,,DUPLICATIVE,no,no,"noindex,nofollow",published,content_uniqueness_hold|decisionScore=100|words=2686|quality_not_launch_ready,no
/reviews/tracksmith-turnover-tight-women,review,,DUPLICATIVE,no,no,"noindex,nofollow",published,content_uniqueness_hold|decisionScore=100|words=2733|quality_not_launch_ready,no
/reviews/tracksmith-van-cortlandt-tee-men,review,,DUPLICATIVE,no,no,"noindex,nofollow",published,content_uniqueness_hold|decisionScore=100|words=2835|quality_not_launch_ready,no
/reviews/tyr-cxt-1,review,,DUPLICATIVE,no,no,"noindex,nofollow",published,vertical_hold:fitness:selective,no
/reviews/tyr-cxt-2,review,,DUPLICATIVE,no,no,"noindex,nofollow",published,vertical_hold:fitness:selective,no
/reviews/tyr-cxt1-trainer,review,,DUPLICATIVE,no,no,"noindex,nofollow",published,vertical_hold:fitness:selective,no
/reviews/ua-charged-commit-4,review,,DUPLICATIVE,no,no,"noindex,nofollow",published,vertical_hold:fitness:selective,no
/reviews/ua-project-rock-bsr-4,review,,DUPLICATIVE,no,no,"noindex,nofollow",published,vertical_hold:fitness:selective,no
/reviews/ua-reign-lifter,review,,DUPLICATIVE,no,no,"noindex,nofollow",published,vertical_hold:fitness:selective,no
/reviews/ua-tribase-reign-6,review,,DUPLICATIVE,no,no,"noindex,nofollow",published,vertical_hold:fitness:selective,no
/reviews/ultimate-direction-adventure-vest,review,,DUPLICATIVE,no,no,"noindex,nofollow",published,content_uniqueness_hold|decisionScore=100|words=2631|quality_not_launch_ready,no
/reviews/ultimate-direction-body-bottle-500,review,,DUPLICATIVE,no,no,"noindex,nofollow",published,content_uniqueness_hold|decisionScore=100|words=3014|quality_not_launch_ready,no
/reviews/ultimate-direction-fastpack-30,review,,DUPLICATIVE,no,no,"noindex,nofollow",published,content_uniqueness_hold|decisionScore=100|words=2859|quality_not_launch_ready,no
/reviews/ultimate-direction-race-vest-6,review,,DUPLICATIVE,no,no,"noindex,nofollow",published,content_uniqueness_hold|decisionScore=100|words=2919|quality_not_launch_ready,no
/reviews/ultraspire-alpha-6,review,,DUPLICATIVE,no,no,"noindex,nofollow",published,content_uniqueness_hold|decisionScore=100|words=2805|quality_not_launch_ready,no
/reviews/varlion-lw-carbon-difusor-2026,review,,DUPLICATIVE,no,no,"noindex,nofollow",published,vertical_hold:padel:disabled,no
/reviews/veloforte-energy-chews,review,,DUPLICATIVE,no,no,"noindex,nofollow",published,content_uniqueness_hold|decisionScore=100|words=2790|quality_not_launch_ready,no
/reviews/vivobarefoot-primus-lite-iii,review,,LAUNCH_READY,no,yes,"noindex,nofollow",published,vertical_hold:fitness:selective,no
/reviews/wahoo-tickr,review,,DUPLICATIVE,no,no,"noindex,nofollow",published,content_uniqueness_hold|decisionScore=100|words=2564|quality_not_launch_ready,no
/reviews/wahoo-tickr-fit,review,,DUPLICATIVE,no,no,"noindex,nofollow",published,content_uniqueness_hold|decisionScore=100|words=2798|quality_not_launch_ready,no
/reviews/wahoo-tickr-x,review,,DUPLICATIVE,no,no,"noindex,nofollow",published,content_uniqueness_hold|decisionScore=100|words=2664|quality_not_launch_ready,no
/reviews/wahoo-trackr,review,,DUPLICATIVE,no,no,"noindex,nofollow",published,content_uniqueness_hold|decisionScore=100|words=2755|quality_not_launch_ready,no
/reviews/waterrower-a1,review,,DUPLICATIVE,no,no,"noindex,nofollow",published,vertical_hold:fitness:selective,no
/reviews/wilson-blade-100-v9,review,,DUPLICATIVE,no,no,"noindex,nofollow",published,vertical_hold:tennis:disabled,no
/reviews/wilson-blade-98-v8,review,,DUPLICATIVE,no,no,"noindex,nofollow",published,vertical_hold:tennis:disabled,no
/reviews/wilson-blade-98-v9,review,,DUPLICATIVE,no,no,"noindex,nofollow",published,vertical_hold:tennis:disabled,no
/reviews/wilson-blade-pro-v2-padel-2026,review,,DUPLICATIVE,no,no,"noindex,nofollow",published,vertical_hold:padel:disabled,no
/reviews/wilson-clash-100-v2,review,,DUPLICATIVE,no,no,"noindex,nofollow",published,vertical_hold:tennis:disabled,no
/reviews/wilson-clash-100-v3,review,,DUPLICATIVE,no,no,"noindex,nofollow",published,vertical_hold:tennis:disabled,no
/reviews/wilson-rush-pro-4-0,review,,DUPLICATIVE,no,no,"noindex,nofollow",published,vertical_hold:tennis:disabled,no
/reviews/wilson-rush-pro-5-padel,review,,DUPLICATIVE,no,no,"noindex,nofollow",published,vertical_hold:padel:disabled,no
/reviews/wilson-rush-pro-ace,review,,DUPLICATIVE,no,no,"noindex,nofollow",published,vertical_hold:tennis:disabled,no
/reviews/woodway-curve-trainer,review,,LAUNCH_READY,no,yes,"noindex,nofollow",published,vertical_hold:fitness:selective,no
/reviews/wrightsock-coolmesh-ii,review,,DUPLICATIVE,no,no,"noindex,nofollow",published,content_uniqueness_hold|decisionScore=100|words=2774|quality_not_launch_ready,no
/reviews/xebex-ski-erg,review,,DUPLICATIVE,no,no,"noindex,nofollow",published,vertical_hold:fitness:selective,no
/reviews/xero-prio,review,,DUPLICATIVE,no,no,"noindex,nofollow",published,vertical_hold:fitness:selective,no
/reviews/yonex-ezone-100-2025,review,,DUPLICATIVE,no,no,"noindex,nofollow",published,vertical_hold:tennis:disabled,no
/reviews/yonex-ezone-98-2024,review,,DUPLICATIVE,no,no,"noindex,nofollow",published,vertical_hold:tennis:disabled,no
/reviews/yonex-vcore-100-2023,review,,DUPLICATIVE,no,no,"noindex,nofollow",published,vertical_hold:tennis:disabled,no
/reviews/yonex-vcore-98-2026,review,,DUPLICATIVE,no,no,"noindex,nofollow",published,vertical_hold:tennis:disabled,no
/reviews/head-padel-pro-s-balls,review,,LAUNCH_READY,no,yes,"noindex,nofollow",published,vertical_hold:padel:disabled,no
/reviews/wilson-bela-pro-v2-2026,review,,LAUNCH_READY,no,yes,"noindex,nofollow",published,vertical_hold:padel:disabled,no
/reviews/wilson-padel-overgrip-pack,review,,LAUNCH_READY,no,yes,"noindex,nofollow",published,vertical_hold:padel:disabled,no
/best/heart-rate-monitors-hyrox,best,,LAUNCH_READY,no,yes,"noindex,nofollow",published,vertical_hold:hyrox:disabled,no
/best/padel-rackets,best,,LAUNCH_READY,no,yes,"noindex,nofollow",published,vertical_hold:padel:disabled,no
/best/tennis-rackets,best,,LAUNCH_READY,no,yes,"noindex,nofollow",published,vertical_hold:tennis:disabled,no
/best/adjustable-dumbbells,best,,LAUNCH_READY,no,yes,"noindex,nofollow",published,vertical_hold:fitness:selective,no
/best/power-racks,best,,LAUNCH_READY,no,yes,"noindex,nofollow",published,vertical_hold:fitness:selective,no
/best/training-shoes,best,,LAUNCH_READY,no,yes,"noindex,nofollow",published,vertical_hold:fitness:selective,no
/best/hyrox-shoes,best,,LAUNCH_READY,no,yes,"noindex,nofollow",published,vertical_hold:hyrox:disabled,no
/best/rowing-machines,best,,LAUNCH_READY,no,yes,"noindex,nofollow",published,vertical_hold:fitness:selective,no
/best/pull-up-bars,best,,LAUNCH_READY,no,yes,"noindex,nofollow",published,vertical_hold:calisthenics:disabled,no
/best/home-gym-equipment,best,,LAUNCH_READY,no,yes,"noindex,nofollow",published,vertical_hold:fitness:selective,no
/best/adjustable-benches,best,,LAUNCH_READY,no,yes,"noindex,nofollow",published,vertical_hold:fitness:selective,no
/best/air-bikes,best,,LAUNCH_READY,no,yes,"noindex,nofollow",published,vertical_hold:fitness:selective,no
/best/treadmills-for-home,best,,LAUNCH_READY,no,yes,"noindex,nofollow",published,vertical_hold:fitness:selective,no
/best/weight-plates,best,,LAUNCH_READY,no,yes,"noindex,nofollow",published,vertical_hold:fitness:selective,no
/compare/nox-at10-genius-18k-2026-vs-bullpadel-vertex-04-2026,comparison,,MEANINGFUL,no,yes,"noindex,nofollow",published,vertical_hold:padel:disabled,no
/compare/babolat-technical-viper-2026-vs-wilson-bela-pro-v2-2026,comparison,,MEANINGFUL,no,yes,"noindex,nofollow",published,vertical_hold:padel:disabled,no
/compare/head-coello-pro-2026-vs-siux-diablo-revolution-2026,comparison,,MEANINGFUL,no,yes,"noindex,nofollow",published,vertical_hold:padel:disabled,no
/compare/nox-at10-genius-18k-2026-vs-babolat-technical-viper-2026,comparison,,MEANINGFUL,no,yes,"noindex,nofollow",published,vertical_hold:padel:disabled,no
/compare/bullpadel-vertex-05-vs-hack-04-2026,comparison,,MEANINGFUL,no,yes,"noindex,nofollow",published,vertical_hold:padel:disabled,no
/compare/nox-at10-12k-vs-adidas-metalbone-2026,comparison,,MEANINGFUL,no,yes,"noindex,nofollow",published,vertical_hold:padel:disabled,no
/compare/bullpadel-vertex-05-vs-nox-at10-12k-2026,comparison,,MEANINGFUL,no,yes,"noindex,nofollow",published,vertical_hold:padel:disabled,no
/compare/babolat-pure-drive-2025-vs-wilson-clash-100-v2,comparison,,MEANINGFUL,no,yes,"noindex,nofollow",published,vertical_hold:tennis:disabled,no
/compare/wilson-blade-98-v8-vs-yonex-ezone-98-2024,comparison,,MEANINGFUL,no,yes,"noindex,nofollow",published,vertical_hold:tennis:disabled,no
/compare/wilson-blade-98-v9-vs-babolat-pure-drive-gen11,comparison,,MEANINGFUL,no,yes,"noindex,nofollow",published,vertical_hold:tennis:disabled,no
/compare/yonex-ezone-100-2025-vs-wilson-clash-100-v3,comparison,,MEANINGFUL,no,yes,"noindex,nofollow",published,vertical_hold:tennis:disabled,no
/compare/babolat-pure-aero-2026-vs-yonex-vcore-100-2023,comparison,,MEANINGFUL,no,yes,"noindex,nofollow",published,vertical_hold:tennis:disabled,no
/compare/nuobell-80-vs-powerblock-pro-100,comparison,,MEANINGFUL,no,yes,"noindex,nofollow",published,vertical_hold:fitness:selective,no
/compare/rogue-rml-390f-vs-rep-pr-4000,comparison,,MEANINGFUL,no,yes,"noindex,nofollow",published,vertical_hold:fitness:selective,no
/compare/nike-metcon-9-vs-reebok-nano-x4,comparison,,MEANINGFUL,no,yes,"noindex,nofollow",published,vertical_hold:fitness:selective,no
/compare/nike-metcon-9-vs-adidas-dropset-3,comparison,,MEANINGFUL,no,yes,"noindex,nofollow",published,vertical_hold:fitness:selective,no
/compare/reebok-nano-x4-vs-tyr-cxt-2,comparison,,MEANINGFUL,no,yes,"noindex,nofollow",published,vertical_hold:fitness:selective,no
/compare/nobull-trainer-vs-nike-metcon-9,comparison,,MEANINGFUL,no,yes,"noindex,nofollow",published,vertical_hold:fitness:selective,no
/compare/inov8-f-lite-235-v3-vs-reebok-nano-x4,comparison,,MEANINGFUL,no,yes,"noindex,nofollow",published,vertical_hold:fitness:selective,no
/compare/nike-romaleos-5-vs-adidas-adipower-3,comparison,,MEANINGFUL,no,yes,"noindex,nofollow",published,vertical_hold:fitness:selective,no
/compare/adidas-powerlift-5-vs-nike-romaleos-5,comparison,,MEANINGFUL,no,yes,"noindex,nofollow",published,vertical_hold:fitness:selective,no
/compare/nike-free-metcon-6-vs-reebok-nano-x4,comparison,,MEANINGFUL,no,yes,"noindex,nofollow",published,vertical_hold:fitness:selective,no
/compare/adidas-dropset-3-vs-adidas-the-total,comparison,,MEANINGFUL,no,yes,"noindex,nofollow",published,vertical_hold:fitness:selective,no
/compare/puma-fuse-3-vs-ua-tribase-reign-6,comparison,,MEANINGFUL,no,yes,"noindex,nofollow",published,vertical_hold:fitness:selective,no
/compare/tyr-cxt-1-vs-tyr-cxt-2,comparison,,MEANINGFUL,no,yes,"noindex,nofollow",published,vertical_hold:fitness:selective,no
/compare/concept2-rowerg-vs-mirafit-magnetic-rower,comparison,,MEANINGFUL,no,yes,"noindex,nofollow",published,vertical_hold:fitness:selective,no
/compare/rogue-echo-bike-vs-assaultbike-elite,comparison,,MEANINGFUL,no,yes,"noindex,nofollow",published,vertical_hold:fitness:selective,no
/compare/sole-f80-vs-horizon-t202,comparison,,MEANINGFUL,no,yes,"noindex,nofollow",published,vertical_hold:fitness:selective,no
/compare/concept2-rowerg-vs-hydrow-wave,comparison,,MEANINGFUL,no,yes,"noindex,nofollow",published,vertical_hold:fitness:selective,no
/guides/massage-guns-explained,guide,,complete,no,no,"noindex,follow",published,guide_complete|editorial_not_ready:BROKEN|editorial_gap:references:missing_products=3,no
/guides/foam-rolling-for-runners,guide,,complete,no,no,"noindex,follow",published,guide_complete|editorial_not_ready:BROKEN|editorial_gap:references:missing_products=4,no
/guides/recovery-tools-what-evidence-shows,guide,,complete,no,no,"noindex,follow",published,guide_complete|editorial_not_ready:BROKEN|editorial_gap:references:missing_products=2,no
/guides/soft-flasks-vs-bladders-explained,guide,,complete,no,no,"noindex,follow",published,guide_complete|editorial_not_ready:BROKEN|editorial_gap:references:missing_products=1,no
/guides/running-jackets-explained,guide,,complete,no,no,"noindex,follow",published,guide_complete|editorial_not_ready:BROKEN|editorial_gap:references:missing_products=1,no
/guides/winter-layering-for-runners,guide,,complete,no,no,"noindex,follow",published,guide_complete|editorial_not_ready:BROKEN|editorial_gap:references:missing_products=1,no
/guides/how-to-choose-a-padel-racket,guide,,complete,no,yes,"noindex,nofollow",published,vertical_hold:padel:disabled,no
/guides/how-to-choose-padel-shoes,guide,,complete,no,yes,"noindex,nofollow",published,vertical_hold:padel:disabled,no
/guides/padel-grips-overgrips-explained,guide,,complete,no,yes,"noindex,nofollow",published,vertical_hold:padel:disabled,no
/guides/how-to-choose-a-tennis-racket,guide,,complete,no,yes,"noindex,nofollow",published,vertical_hold:tennis:disabled,no
/guides/how-to-build-a-home-gym,guide,,complete,no,yes,"noindex,nofollow",published,vertical_hold:fitness:selective,no
/guides/how-to-choose-training-shoes,guide,,complete,no,yes,"noindex,nofollow",published,vertical_hold:fitness:selective,no
/guides/adjustable-vs-fixed-dumbbells,guide,,complete,no,yes,"noindex,nofollow",published,vertical_hold:fitness:selective,no
/guides/hyrox-home-training-setup,guide,,complete,no,yes,"noindex,nofollow",published,vertical_hold:hyrox:disabled,no
/guides/pull-up-bar-mounting-guide,guide,,complete,no,yes,"noindex,nofollow",published,vertical_hold:calisthenics:disabled,no
/guides/power-rack-sizing-and-hole-spacing,guide,,complete,no,yes,"noindex,nofollow",published,vertical_hold:fitness:selective,no
/guides/how-to-choose-a-power-rack,guide,,complete,no,yes,"noindex,nofollow",published,vertical_hold:fitness:selective,no
/guides/how-to-choose-a-weight-bench,guide,,complete,no,yes,"noindex,nofollow",published,vertical_hold:fitness:selective,no
/guides/how-to-choose-adjustable-dumbbells,guide,,complete,no,yes,"noindex,nofollow",published,vertical_hold:fitness:selective,no
/guides/how-to-choose-a-home-treadmill,guide,,complete,no,yes,"noindex,nofollow",published,vertical_hold:fitness:selective,no
/guides/how-to-choose-a-rowing-machine,guide,,complete,no,yes,"noindex,nofollow",published,vertical_hold:fitness:selective,no
/guides/how-much-space-do-you-need-for-a-home-gym,guide,,complete,no,yes,"noindex,nofollow",published,vertical_hold:fitness:selective,no
/guides/bumper-plates-vs-iron-plates,guide,,complete,no,yes,"noindex,nofollow",published,vertical_hold:fitness:selective,no
/guides/how-to-choose-hyrox-shoes,guide,,complete,no,yes,"noindex,nofollow",published,vertical_hold:hyrox:disabled,no
/guides/hyrox-race-shoes-vs-training-shoes,guide,,complete,no,yes,"noindex,nofollow",published,vertical_hold:hyrox:disabled,no
/guides/rowerg-vs-skierg-for-hyrox-training,guide,,complete,no,yes,"noindex,nofollow",published,vertical_hold:hyrox:disabled,no
/guides/how-to-choose-a-hyrox-training-sled,guide,,complete,no,yes,"noindex,nofollow",published,vertical_hold:hyrox:disabled,no
/guides/hyrox-equipment-standards,guide,,complete,no,yes,"noindex,nofollow",published,vertical_hold:hyrox:disabled,no
/guides/hyrox-race-day-gear-checklist,guide,,complete,no,yes,"noindex,nofollow",published,vertical_hold:hyrox:disabled,no
/guides/hyrox-heart-rate-monitor,guide,,complete,no,yes,"noindex,nofollow",published,vertical_hold:hyrox:disabled,no
/guides/what-gear-do-you-need-for-hyrox,guide,,complete,no,yes,"noindex,nofollow",published,vertical_hold:hyrox:disabled,no
/guides/how-to-build-a-hyrox-home-gym,guide,,complete,no,yes,"noindex,nofollow",published,vertical_hold:hyrox:disabled,no
/guides/how-to-choose-a-hyrox-watch,guide,,complete,no,yes,"noindex,nofollow",published,vertical_hold:hyrox:disabled,no
/setups/padel-starter-kit,setup,,BLOCKED,no,no,"noindex,nofollow",published,vertical_hold:padel:disabled,no
/setups/tennis-starter-kit,setup,,BLOCKED,no,no,"noindex,nofollow",published,vertical_hold:tennis:disabled,no
/setups/beginner-home-gym,setup,,BLOCKED,no,no,"noindex,nofollow",published,vertical_hold:fitness:selective,no
/setups/garage-strength-gym,setup,,BLOCKED,no,no,"noindex,nofollow",published,vertical_hold:fitness:selective,no
/setups/apartment-fitness-setup,setup,,BLOCKED,no,no,"noindex,nofollow",published,vertical_hold:fitness:selective,no
/setups/hyrox-home-conditioning,setup,,BLOCKED,no,no,"noindex,nofollow",published,vertical_hold:hyrox:disabled,no
/setups/calisthenics-home-setup,setup,,BLOCKED,no,no,"noindex,nofollow",published,vertical_hold:calisthenics:disabled,no
/setups/hyrox-race-day-kit,setup,,BLOCKED,no,no,"noindex,nofollow",published,vertical_hold:hyrox:disabled,no
/setups/first-hyrox-setup,setup,,BLOCKED,no,no,"noindex,nofollow",published,vertical_hold:hyrox:disabled,no
/setups/budget-home-gym,setup,,BLOCKED,no,no,"noindex,nofollow",published,vertical_hold:fitness:selective,no
/setups/hyrox-home-training,setup,,BLOCKED,no,no,"noindex,nofollow",published,vertical_hold:hyrox:disabled,no
