URL,type,sport,quality,disposition,publication_state,hold_class,reason
/fitness,Sport,fitness,N/A,PUBLIC_NOINDEX,published,vertical_or_sport_hold,vertical_hub_hold:fitness:selective
/hyrox,Sport,hyrox,BLOCKED,HIDDEN_404,published,vertical_or_sport_hold,hyrox_alias_redirect_only
/calisthenics,Sport,calisthenics,N/A,PUBLIC_NOINDEX,published,vertical_or_sport_hold,vertical_hub_hold:calisthenics:disabled
/combat,Sport,combat,BLOCKED,HIDDEN_404,published,vertical_or_sport_hold,sport_not_live:coming-soon
/racket,Sport,racket,N/A,PUBLIC_NOINDEX,published,vertical_or_sport_hold,vertical_hub_hold:racket:disabled
/padel,Sport,padel,N/A,PUBLIC_NOINDEX,published,vertical_or_sport_hold,vertical_hub_hold:padel:disabled
/tennis,Sport,tennis,N/A,PUBLIC_NOINDEX,published,vertical_or_sport_hold,vertical_hub_hold:tennis:disabled
/pickleball,Sport,pickleball,N/A,PUBLIC_NOINDEX,published,vertical_or_sport_hold,vertical_hub_hold:sport-pickleball:disabled
/badminton,Sport,badminton,N/A,PUBLIC_NOINDEX,published,vertical_or_sport_hold,vertical_hub_hold:sport-badminton:disabled
/squash,Sport,squash,N/A,PUBLIC_NOINDEX,published,vertical_or_sport_hold,vertical_hub_hold:sport-squash:disabled
/cycling,Sport,cycling,BLOCKED,HIDDEN_404,published,vertical_or_sport_hold,sport_not_live:coming-soon
/swimming,Sport,swimming,BLOCKED,HIDDEN_404,published,vertical_or_sport_hold,sport_not_live:coming-soon
/watersports,Sport,watersports,BLOCKED,HIDDEN_404,published,vertical_or_sport_hold,sport_not_live:coming-soon
/diving,Sport,diving,BLOCKED,HIDDEN_404,published,vertical_or_sport_hold,sport_not_live:coming-soon
/fishing,Sport,fishing,BLOCKED,HIDDEN_404,published,vertical_or_sport_hold,sport_not_live:coming-soon
/target,Sport,target,BLOCKED,HIDDEN_404,published,vertical_or_sport_hold,sport_not_live:coming-soon
/indoor,Sport,indoor,BLOCKED,HIDDEN_404,published,vertical_or_sport_hold,sport_not_live:coming-soon
/winter,Sport,winter,BLOCKED,HIDDEN_404,published,vertical_or_sport_hold,sport_not_live:coming-soon
/recovery,Sport,recovery,BLOCKED,HIDDEN_404,published,vertical_or_sport_hold,sport_not_live:coming-soon
/recreation,Sport,recreation,BLOCKED,HIDDEN_404,published,vertical_or_sport_hold,sport_not_live:coming-soon
/products/new-balance-fuelcell-rebel-v4,Product,running,NEEDS_MINOR_WORK,PUBLIC_NOINDEX,published,public_noindex,decisionScore=90|missing:whatIsThis|minor_work_held
/products/oakley-radar-ev-path,Product,running|cycling,NEEDS_MINOR_WORK,PUBLIC_NOINDEX,published,public_noindex,soft_gated_category:sunglasses
/products/oakley-sutro-lite,Product,running|cycling,NEEDS_MINOR_WORK,PUBLIC_NOINDEX,published,public_noindex,soft_gated_category:sunglasses
/products/oakley-kato,Product,running|cycling,NEEDS_MINOR_WORK,PUBLIC_NOINDEX,published,public_noindex,soft_gated_category:sunglasses
/products/oakley-flak-2-0-xl,Product,running|cycling,NEEDS_MINOR_WORK,PUBLIC_NOINDEX,published,public_noindex,soft_gated_category:sunglasses
/products/smith-shift-mag,Product,running|cycling,NEEDS_MINOR_WORK,PUBLIC_NOINDEX,published,public_noindex,soft_gated_category:sunglasses
/products/smith-attack-mag,Product,running|cycling,NEEDS_MINOR_WORK,PUBLIC_NOINDEX,published,public_noindex,soft_gated_category:sunglasses
/products/julbo-ultimate,Product,running,NEEDS_MINOR_WORK,PUBLIC_NOINDEX,published,public_noindex,soft_gated_category:sunglasses
/products/julbo-rush,Product,running,NEEDS_MINOR_WORK,PUBLIC_NOINDEX,published,public_noindex,soft_gated_category:sunglasses
/products/rudy-project-cutline,Product,running|cycling,NEEDS_MINOR_WORK,PUBLIC_NOINDEX,published,public_noindex,soft_gated_category:sunglasses
/products/100-percent-s3,Product,running|cycling,NEEDS_MINOR_WORK,PUBLIC_NOINDEX,published,public_noindex,soft_gated_category:sunglasses
/products/roka-phantom-air,Product,running|cycling,NEEDS_MINOR_WORK,PUBLIC_NOINDEX,published,public_noindex,soft_gated_category:sunglasses
/products/tifosi-rail,Product,running|cycling,NEEDS_MINOR_WORK,PUBLIC_NOINDEX,published,public_noindex,soft_gated_category:sunglasses
/products/tifosi-vogel,Product,running,NEEDS_MINOR_WORK,PUBLIC_NOINDEX,published,public_noindex,soft_gated_category:sunglasses
/products/goodr-circle-gs,Product,running,NEEDS_MINOR_WORK,PUBLIC_NOINDEX,published,public_noindex,soft_gated_category:sunglasses
/products/maurten-gel-100,Product,running|cycling,NEEDS_MINOR_WORK,PUBLIC_NOINDEX,published,public_noindex,soft_gated_category:nutrition-fuel
/products/maurten-gel-100-caf-100,Product,running|cycling,NEEDS_MINOR_WORK,PUBLIC_NOINDEX,published,public_noindex,soft_gated_category:nutrition-fuel
/products/maurten-gel-160,Product,running|cycling,NEEDS_MINOR_WORK,PUBLIC_NOINDEX,published,public_noindex,soft_gated_category:nutrition-fuel
/products/sis-go-isotonic-gel,Product,running|cycling,NEEDS_MINOR_WORK,PUBLIC_NOINDEX,published,public_noindex,soft_gated_category:nutrition-fuel
/products/sis-beta-fuel-gel,Product,running|cycling,NEEDS_MINOR_WORK,PUBLIC_NOINDEX,published,public_noindex,soft_gated_category:nutrition-fuel
/products/gu-energy-gel,Product,running|cycling,NEEDS_MINOR_WORK,PUBLIC_NOINDEX,published,public_noindex,soft_gated_category:nutrition-fuel
/products/gu-roctane-gel,Product,running|cycling,NEEDS_MINOR_WORK,PUBLIC_NOINDEX,published,public_noindex,soft_gated_category:nutrition-fuel
/products/precision-pf30-gel,Product,running|cycling,NEEDS_MINOR_WORK,PUBLIC_NOINDEX,published,public_noindex,soft_gated_category:nutrition-fuel
/products/neversecond-c30-gel,Product,running|cycling,NEEDS_MINOR_WORK,PUBLIC_NOINDEX,published,public_noindex,soft_gated_category:nutrition-fuel
/products/spring-energy-awesome-sauce,Product,running,NEEDS_MINOR_WORK,PUBLIC_NOINDEX,published,public_noindex,soft_gated_category:nutrition-fuel
/products/huma-gel-original,Product,running|cycling,NEEDS_MINOR_WORK,PUBLIC_NOINDEX,published,public_noindex,soft_gated_category:nutrition-fuel
/products/honey-stinger-organic-energy-gel,Product,running|cycling,NEEDS_MINOR_WORK,PUBLIC_NOINDEX,published,public_noindex,soft_gated_category:nutrition-fuel
/products/clif-bloks-energy-chews,Product,running|cycling,NEEDS_MINOR_WORK,PUBLIC_NOINDEX,published,public_noindex,soft_gated_category:nutrition-fuel
/products/gu-energy-chews,Product,running|cycling,NEEDS_MINOR_WORK,PUBLIC_NOINDEX,published,public_noindex,soft_gated_category:nutrition-fuel
/products/skratch-sport-energy-chews,Product,running|cycling,NEEDS_MINOR_WORK,PUBLIC_NOINDEX,published,public_noindex,soft_gated_category:nutrition-fuel
/products/veloforte-energy-chews,Product,running|cycling,NEEDS_MINOR_WORK,PUBLIC_NOINDEX,published,public_noindex,soft_gated_category:nutrition-fuel
/products/saltstick-fastchews,Product,running|cycling,NEEDS_MINOR_WORK,PUBLIC_NOINDEX,published,public_noindex,soft_gated_category:nutrition-fuel
/products/clif-bar-original,Product,running|cycling,NEEDS_MINOR_WORK,PUBLIC_NOINDEX,published,public_noindex,soft_gated_category:nutrition-fuel
/products/naak-ultra-energy-bar,Product,running,NEEDS_MINOR_WORK,PUBLIC_NOINDEX,published,public_noindex,soft_gated_category:nutrition-fuel
/products/powerbar-energize,Product,running|cycling,NEEDS_MINOR_WORK,PUBLIC_NOINDEX,published,public_noindex,soft_gated_category:nutrition-fuel
/products/maurten-drink-mix-160,Product,running|cycling,NEEDS_MINOR_WORK,PUBLIC_NOINDEX,published,public_noindex,soft_gated_category:nutrition-fuel
/products/maurten-drink-mix-320,Product,running|cycling,NEEDS_MINOR_WORK,PUBLIC_NOINDEX,published,public_noindex,soft_gated_category:nutrition-fuel
/products/sis-beta-fuel-drink,Product,running|cycling,NEEDS_MINOR_WORK,PUBLIC_NOINDEX,published,public_noindex,soft_gated_category:nutrition-fuel
/products/tailwind-endurance-fuel,Product,running|cycling,NEEDS_MINOR_WORK,PUBLIC_NOINDEX,published,public_noindex,soft_gated_category:nutrition-fuel
/products/precision-pf30-drink-mix,Product,running|cycling,NEEDS_MINOR_WORK,PUBLIC_NOINDEX,published,public_noindex,soft_gated_category:nutrition-fuel
/products/neversecond-c30-sports-drink,Product,running|cycling,NEEDS_MINOR_WORK,PUBLIC_NOINDEX,published,public_noindex,soft_gated_category:nutrition-fuel
/products/styrkr-mix90,Product,running|cycling,NEEDS_MINOR_WORK,PUBLIC_NOINDEX,published,public_noindex,soft_gated_category:nutrition-fuel
/products/skratch-sport-hydration-mix,Product,running|cycling,NEEDS_MINOR_WORK,PUBLIC_NOINDEX,published,public_noindex,soft_gated_category:nutrition-fuel
/products/precision-ph1500,Product,running|cycling,NEEDS_MINOR_WORK,PUBLIC_NOINDEX,published,public_noindex,soft_gated_category:nutrition-fuel
/products/nuun-sport,Product,running|cycling,NEEDS_MINOR_WORK,PUBLIC_NOINDEX,published,public_noindex,soft_gated_category:nutrition-fuel
/products/high5-zero,Product,running|cycling,NEEDS_MINOR_WORK,PUBLIC_NOINDEX,published,public_noindex,soft_gated_category:nutrition-fuel
/products/saltstick-caps,Product,running|cycling,NEEDS_MINOR_WORK,PUBLIC_NOINDEX,published,public_noindex,soft_gated_category:nutrition-fuel
/products/high5-energy-gel,Product,running|cycling,NEEDS_MINOR_WORK,PUBLIC_NOINDEX,published,public_noindex,soft_gated_category:nutrition-fuel
/products/226ers-high-energy-gel,Product,running|cycling,NEEDS_MINOR_WORK,PUBLIC_NOINDEX,published,public_noindex,soft_gated_category:nutrition-fuel
/products/enervit-c2-1-carbo-gel,Product,running|cycling,NEEDS_MINOR_WORK,PUBLIC_NOINDEX,published,public_noindex,soft_gated_category:nutrition-fuel
/products/styrkr-gel30,Product,running|cycling,NEEDS_MINOR_WORK,PUBLIC_NOINDEX,published,public_noindex,soft_gated_category:nutrition-fuel
/products/naak-ultra-energy-drink-mix,Product,running,NEEDS_MINOR_WORK,PUBLIC_NOINDEX,published,public_noindex,soft_gated_category:nutrition-fuel
/products/veloforte-energy-bar,Product,running|cycling,NEEDS_MINOR_WORK,PUBLIC_NOINDEX,published,public_noindex,soft_gated_category:nutrition-fuel
/products/tracksmith-session-short-men,Product,running,NEEDS_MINOR_WORK,PUBLIC_NOINDEX,published,public_noindex,soft_gated_category:running-clothing
/products/tracksmith-session-short-women,Product,running,NEEDS_MINOR_WORK,PUBLIC_NOINDEX,published,public_noindex,soft_gated_category:running-clothing
/products/janji-multi-short-men,Product,running,NEEDS_MINOR_WORK,PUBLIC_NOINDEX,published,public_noindex,soft_gated_category:running-clothing
/products/janji-pace-short-women,Product,running,NEEDS_MINOR_WORK,PUBLIC_NOINDEX,published,public_noindex,soft_gated_category:running-clothing
/products/patagonia-strider-pro-men,Product,running,NEEDS_MINOR_WORK,PUBLIC_NOINDEX,published,public_noindex,soft_gated_category:running-clothing
/products/patagonia-trailfarer-short-women,Product,running,NEEDS_MINOR_WORK,PUBLIC_NOINDEX,published,public_noindex,soft_gated_category:running-clothing
/products/rabbit-fuel-n-fly-men,Product,running,NEEDS_MINOR_WORK,PUBLIC_NOINDEX,published,public_noindex,soft_gated_category:running-clothing
/products/brooks-sherpa-7-men,Product,running,NEEDS_MINOR_WORK,PUBLIC_NOINDEX,published,public_noindex,soft_gated_category:running-clothing
/products/brooks-chaser-5-women,Product,running,NEEDS_MINOR_WORK,PUBLIC_NOINDEX,published,public_noindex,soft_gated_category:running-clothing
/products/nb-rc-essential-short-men,Product,running,NEEDS_MINOR_WORK,PUBLIC_NOINDEX,published,public_noindex,soft_gated_category:running-clothing
/products/adidas-own-the-run-short-men,Product,running,NEEDS_MINOR_WORK,PUBLIC_NOINDEX,published,public_noindex,soft_gated_category:running-clothing
/products/on-performance-short-men,Product,running,NEEDS_MINOR_WORK,PUBLIC_NOINDEX,published,public_noindex,soft_gated_category:running-clothing
/products/tracksmith-twilight-half-men,Product,running,NEEDS_MINOR_WORK,PUBLIC_NOINDEX,published,public_noindex,soft_gated_category:running-clothing
/products/tracksmith-turnover-tight-women,Product,running,NEEDS_MINOR_WORK,PUBLIC_NOINDEX,published,public_noindex,soft_gated_category:running-clothing
/products/brooks-method-tight-women,Product,running,NEEDS_MINOR_WORK,PUBLIC_NOINDEX,published,public_noindex,soft_gated_category:running-clothing
/products/nike-fast-tight-men,Product,running,NEEDS_MINOR_WORK,PUBLIC_NOINDEX,published,public_noindex,soft_gated_category:running-clothing
/products/on-performance-tight-women,Product,running,NEEDS_MINOR_WORK,PUBLIC_NOINDEX,published,public_noindex,soft_gated_category:running-clothing
/products/craft-adv-essence-tight-men,Product,running,NEEDS_MINOR_WORK,PUBLIC_NOINDEX,published,public_noindex,soft_gated_category:running-clothing
/products/patagonia-endless-run-tight-women,Product,running,NEEDS_MINOR_WORK,PUBLIC_NOINDEX,published,public_noindex,soft_gated_category:running-clothing
/products/brooks-canopy-jacket-men,Product,running,NEEDS_MINOR_WORK,PUBLIC_NOINDEX,published,public_noindex,soft_gated_category:running-clothing
/products/brooks-notch-thermal-men,Product,running,NEEDS_MINOR_WORK,PUBLIC_NOINDEX,published,public_noindex,soft_gated_category:running-clothing
/products/patagonia-houdini-men,Product,running,NEEDS_MINOR_WORK,PUBLIC_NOINDEX,published,public_noindex,soft_gated_category:running-clothing
/products/nike-impossibly-light-men,Product,running,NEEDS_MINOR_WORK,PUBLIC_NOINDEX,published,public_noindex,soft_gated_category:running-clothing
/products/on-weather-jacket-men,Product,running,NEEDS_MINOR_WORK,PUBLIC_NOINDEX,published,public_noindex,soft_gated_category:running-clothing
/products/craft-adv-essence-light-wind-men,Product,running,NEEDS_MINOR_WORK,PUBLIC_NOINDEX,published,public_noindex,soft_gated_category:running-clothing
/products/salomon-bonatti-wp-men,Product,running,NEEDS_MINOR_WORK,PUBLIC_NOINDEX,published,public_noindex,soft_gated_category:running-clothing
/products/salomon-bonatti-wp-women,Product,running,NEEDS_MINOR_WORK,PUBLIC_NOINDEX,published,public_noindex,soft_gated_category:running-clothing
/products/janji-rainrunner-men,Product,running,NEEDS_MINOR_WORK,PUBLIC_NOINDEX,published,public_noindex,soft_gated_category:running-clothing
/products/nike-dri-fit-miler-men,Product,running,NEEDS_MINOR_WORK,PUBLIC_NOINDEX,published,public_noindex,soft_gated_category:running-clothing
/products/nike-dri-fit-miler-women,Product,running,NEEDS_MINOR_WORK,PUBLIC_NOINDEX,published,public_noindex,soft_gated_category:running-clothing
/products/tracksmith-van-cortlandt-tee-men,Product,running,NEEDS_MINOR_WORK,PUBLIC_NOINDEX,published,public_noindex,soft_gated_category:running-clothing
/products/janji-run-tee-men,Product,running,NEEDS_MINOR_WORK,PUBLIC_NOINDEX,published,public_noindex,soft_gated_category:running-clothing
/products/patagonia-capilene-cool-daily-men,Product,running,NEEDS_MINOR_WORK,PUBLIC_NOINDEX,published,public_noindex,soft_gated_category:running-clothing
/products/adidas-own-the-run-tee-men,Product,running,NEEDS_MINOR_WORK,PUBLIC_NOINDEX,published,public_noindex,soft_gated_category:running-clothing
/products/nike-aeroswift-singlet-men,Product,running,NEEDS_MINOR_WORK,PUBLIC_NOINDEX,published,public_noindex,soft_gated_category:running-clothing
/products/tracksmith-brighton-ls-men,Product,running,NEEDS_MINOR_WORK,PUBLIC_NOINDEX,published,public_noindex,soft_gated_category:running-clothing
/products/patagonia-capilene-thermal-crew-men,Product,running,NEEDS_MINOR_WORK,PUBLIC_NOINDEX,published,public_noindex,soft_gated_category:running-clothing
/products/odlo-active-warm-eco-men,Product,running,NEEDS_MINOR_WORK,PUBLIC_NOINDEX,published,public_noindex,soft_gated_category:running-clothing
/products/patagonia-capilene-midweight-zip-men,Product,running,NEEDS_MINOR_WORK,PUBLIC_NOINDEX,published,public_noindex,soft_gated_category:running-clothing
/products/odlo-active-warm-eco-bottom-men,Product,running,NEEDS_MINOR_WORK,PUBLIC_NOINDEX,published,public_noindex,soft_gated_category:running-clothing
/products/craft-active-extreme-x-men,Product,running,NEEDS_MINOR_WORK,PUBLIC_NOINDEX,published,public_noindex,soft_gated_category:running-clothing
/products/patagonia-nano-puff-vest-men,Product,running,NEEDS_MINOR_WORK,PUBLIC_NOINDEX,published,public_noindex,soft_gated_category:running-clothing
/products/craft-adv-essence-light-wind-vest-men,Product,running,NEEDS_MINOR_WORK,PUBLIC_NOINDEX,published,public_noindex,soft_gated_category:running-clothing
/products/nike-swoosh-medium-support,Product,running,NEEDS_MINOR_WORK,PUBLIC_NOINDEX,published,public_noindex,soft_gated_category:running-clothing
/products/ciele-gocap-athletics,Product,running,NEEDS_MINOR_WORK,PUBLIC_NOINDEX,published,public_noindex,soft_gated_category:running-clothing
/products/brooks-notch-thermal-beanie,Product,running,NEEDS_MINOR_WORK,PUBLIC_NOINDEX,published,public_noindex,soft_gated_category:running-clothing
/products/nike-aerobill-cap,Product,running,NEEDS_MINOR_WORK,PUBLIC_NOINDEX,published,public_noindex,soft_gated_category:running-clothing
/products/smartwool-thermal-merino-glove,Product,running,NEEDS_MINOR_WORK,PUBLIC_NOINDEX,published,public_noindex,soft_gated_category:running-clothing
/products/nike-therma-fit-glove,Product,running,NEEDS_MINOR_WORK,PUBLIC_NOINDEX,published,public_noindex,soft_gated_category:running-clothing
/products/craft-adv-lumen-glove,Product,running,NEEDS_MINOR_WORK,PUBLIC_NOINDEX,published,public_noindex,soft_gated_category:running-clothing
/products/asics-core-split-short,Product,running,NEEDS_MINOR_WORK,PUBLIC_NOINDEX,published,public_noindex,soft_gated_category:running-clothing
/products/nike-dri-fit-stride-short,Product,running,NEEDS_MINOR_WORK,PUBLIC_NOINDEX,published,public_noindex,soft_gated_category:running-clothing
/products/craft-adv-essence-short,Product,running,NEEDS_MINOR_WORK,PUBLIC_NOINDEX,published,public_noindex,soft_gated_category:running-clothing
/products/oakley-encoder,Product,running|cycling,NEEDS_MINOR_WORK,PUBLIC_NOINDEX,published,public_noindex,soft_gated_category:sunglasses
/products/goodr-ogs,Product,running,NEEDS_MINOR_WORK,PUBLIC_NOINDEX,published,public_noindex,soft_gated_category:sunglasses
/products/julbo-aerolite,Product,running,NEEDS_MINOR_WORK,PUBLIC_NOINDEX,published,public_noindex,soft_gated_category:sunglasses
/products/buff-original,Product,running,NEEDS_MINOR_WORK,PUBLIC_NOINDEX,published,public_noindex,soft_gated_category:running-clothing
/products/body-glide-original,Product,running|fitness,NEEDS_MINOR_WORK,PUBLIC_NOINDEX,published,public_noindex,soft_gated_category:accessories
/products/buff-coolnet-uv,Product,running,NEEDS_MINOR_WORK,PUBLIC_NOINDEX,published,public_noindex,soft_gated_category:running-clothing
/products/buff-merino-lightweight,Product,running,NEEDS_MINOR_WORK,PUBLIC_NOINDEX,published,public_noindex,soft_gated_category:running-clothing
/products/buff-polar,Product,running,NEEDS_MINOR_WORK,PUBLIC_NOINDEX,published,public_noindex,soft_gated_category:running-clothing
/products/squirrels-nut-butter,Product,running|fitness,NEEDS_MINOR_WORK,PUBLIC_NOINDEX,published,public_noindex,soft_gated_category:accessories
/products/2toms-sportshield,Product,running|fitness,NEEDS_MINOR_WORK,PUBLIC_NOINDEX,published,public_noindex,soft_gated_category:accessories
/products/nox-at10-genius-18k-2026,Product,padel,BLOCKED,HIDDEN_404,published,hidden,vertical_hold:padel:disabled
/products/bullpadel-vertex-04,Product,padel,BLOCKED,HIDDEN_404,published,hidden,vertical_hold:padel:disabled
/products/babolat-technical-viper-2026,Product,padel,BLOCKED,HIDDEN_404,published,hidden,vertical_hold:padel:disabled
/products/head-coello-pro-2026,Product,padel,BLOCKED,HIDDEN_404,published,hidden,vertical_hold:padel:disabled
/products/siux-diablo-revolution-2026,Product,padel,BLOCKED,HIDDEN_404,published,hidden,vertical_hold:padel:disabled
/products/adidas-courtstabil-padel,Product,padel,BLOCKED,HIDDEN_404,published,hidden,vertical_hold:padel:disabled
/products/head-padel-pro-s-balls,Product,padel,BLOCKED,HIDDEN_404,published,hidden,vertical_hold:padel:disabled
/products/wilson-padel-overgrip-pack,Product,padel,BLOCKED,HIDDEN_404,published,hidden,vertical_hold:padel:disabled
/products/wilson-bela-pro-v2-2026,Product,padel,BLOCKED,HIDDEN_404,published,hidden,vertical_hold:padel:disabled
/products/starvie-titania-kepler-2026,Product,padel,BLOCKED,HIDDEN_404,published,hidden,vertical_hold:padel:disabled
/products/adidas-metalbone-hrd-2026,Product,padel,BLOCKED,HIDDEN_404,published,hidden,vertical_hold:padel:disabled
/products/kuikma-pr-soft-500,Product,padel,BLOCKED,HIDDEN_404,published,hidden,vertical_hold:padel:disabled
/products/drop-shot-canyon-pro-2026,Product,padel,BLOCKED,HIDDEN_404,published,hidden,vertical_hold:padel:disabled
/products/varlion-lw-carbon-difusor-2026,Product,padel,BLOCKED,HIDDEN_404,published,hidden,vertical_hold:padel:disabled
/products/nox-ml10-pro-cup-2026,Product,padel,BLOCKED,HIDDEN_404,published,hidden,vertical_hold:padel:disabled
/products/bullpadel-hack-03,Product,padel,BLOCKED,HIDDEN_404,published,hidden,vertical_hold:padel:disabled
/products/babolat-counter-viper-2026,Product,padel,BLOCKED,HIDDEN_404,published,hidden,vertical_hold:padel:disabled
/products/head-extreme-pro-padel-2026,Product,padel,BLOCKED,HIDDEN_404,published,hidden,vertical_hold:padel:disabled
/products/wilson-blade-pro-v2-padel-2026,Product,padel,BLOCKED,HIDDEN_404,published,hidden,vertical_hold:padel:disabled
/products/starvie-basalto-osiris-2026,Product,padel,BLOCKED,HIDDEN_404,published,hidden,vertical_hold:padel:disabled
/products/bullpadel-vertex-05-2026,Product,padel,BLOCKED,HIDDEN_404,published,hidden,vertical_hold:padel:disabled
/products/bullpadel-hack-04-2026,Product,padel,BLOCKED,HIDDEN_404,published,hidden,vertical_hold:padel:disabled
/products/nox-at10-genius-12k-alum-xtrem-2026,Product,padel,BLOCKED,HIDDEN_404,published,hidden,vertical_hold:padel:disabled
/products/adidas-metalbone-2026,Product,padel,BLOCKED,HIDDEN_404,published,hidden,vertical_hold:padel:disabled
/products/head-extreme-motion-2026,Product,padel,BLOCKED,HIDDEN_404,published,hidden,vertical_hold:padel:disabled
/products/tecnifibre-wall-breaker-365,Product,padel,BLOCKED,HIDDEN_404,published,hidden,vertical_hold:padel:disabled
/products/oxdog-sense-pro,Product,padel,BLOCKED,HIDDEN_404,published,hidden,vertical_hold:padel:disabled
/products/royal-padel-m27-poly-2026,Product,padel,BLOCKED,HIDDEN_404,published,hidden,vertical_hold:padel:disabled
/products/black-crown-special-one-soft,Product,padel,BLOCKED,HIDDEN_404,published,hidden,vertical_hold:padel:disabled
/products/lok-maxx-flow,Product,padel,BLOCKED,HIDDEN_404,published,hidden,vertical_hold:padel:disabled
/products/asics-gel-resolution-padel,Product,padel|tennis,BLOCKED,HIDDEN_404,published,hidden,vertical_hold:padel:disabled
/products/asics-gel-challenger-court,Product,padel|tennis,BLOCKED,HIDDEN_404,published,hidden,vertical_hold:padel:disabled
/products/babolat-jet-premura,Product,padel|tennis,BLOCKED,HIDDEN_404,published,hidden,vertical_hold:padel:disabled
/products/joma-t-slam,Product,padel|tennis,BLOCKED,HIDDEN_404,published,hidden,vertical_hold:padel:disabled
/products/head-revolt-pro-court,Product,padel|tennis,BLOCKED,HIDDEN_404,published,hidden,vertical_hold:padel:disabled
/products/adidas-crazyquick-boost-padel,Product,padel|tennis,BLOCKED,HIDDEN_404,published,hidden,vertical_hold:padel:disabled
/products/adidas-courtquick-padel-women,Product,padel|tennis,BLOCKED,HIDDEN_404,published,hidden,vertical_hold:padel:disabled
/products/adidas-crazyquick-boost-padel-women,Product,padel|tennis,BLOCKED,HIDDEN_404,published,hidden,vertical_hold:padel:disabled
/products/asics-gel-dedicate-8-padel,Product,padel|tennis,BLOCKED,HIDDEN_404,published,hidden,vertical_hold:padel:disabled
/products/asics-game-ff-padel,Product,padel|tennis,BLOCKED,HIDDEN_404,published,hidden,vertical_hold:padel:disabled
/products/asics-solution-swift-ff2-padel,Product,padel|tennis,BLOCKED,HIDDEN_404,published,hidden,vertical_hold:padel:disabled
/products/bullpadel-hybrid-fly,Product,padel|tennis,BLOCKED,HIDDEN_404,published,hidden,vertical_hold:padel:disabled
/products/bullpadel-ionic-woman,Product,padel|tennis,BLOCKED,HIDDEN_404,published,hidden,vertical_hold:padel:disabled
/products/nox-at10-lux,Product,padel|tennis,BLOCKED,HIDDEN_404,published,hidden,vertical_hold:padel:disabled
/products/nox-ml10-hexa,Product,padel|tennis,BLOCKED,HIDDEN_404,published,hidden,vertical_hold:padel:disabled
/products/babolat-movea-2,Product,padel|tennis,BLOCKED,HIDDEN_404,published,hidden,vertical_hold:padel:disabled
/products/babolat-sensa-women,Product,padel|tennis,BLOCKED,HIDDEN_404,published,hidden,vertical_hold:padel:disabled
/products/joma-slam-lady,Product,padel|tennis,BLOCKED,HIDDEN_404,published,hidden,vertical_hold:padel:disabled
/products/joma-spin-men,Product,padel|tennis,BLOCKED,HIDDEN_404,published,hidden,vertical_hold:padel:disabled
/products/head-sprint-pro-4-padel,Product,padel|tennis,BLOCKED,HIDDEN_404,published,hidden,vertical_hold:padel:disabled
/products/wilson-rush-pro-5-padel,Product,padel|tennis,BLOCKED,HIDDEN_404,published,hidden,vertical_hold:padel:disabled
/products/kuikma-ps-990,Product,padel|tennis,BLOCKED,HIDDEN_404,published,hidden,vertical_hold:padel:disabled
/products/oxdog-hyper-court,Product,padel|tennis,BLOCKED,HIDDEN_404,published,hidden,vertical_hold:padel:disabled
/products/asics-gel-resolution-padel-women,Product,padel|tennis,BLOCKED,HIDDEN_404,published,hidden,vertical_hold:padel:disabled
/products/asics-solution-swift-ff-padel-women,Product,padel|tennis,BLOCKED,HIDDEN_404,published,hidden,vertical_hold:padel:disabled
/products/wilson-bela-pro-padel,Product,padel|tennis,BLOCKED,HIDDEN_404,published,hidden,vertical_hold:padel:disabled
/products/joma-spin-lady,Product,padel|tennis,BLOCKED,HIDDEN_404,published,hidden,vertical_hold:padel:disabled
/products/bullpadel-hack-hybrid,Product,padel|tennis,BLOCKED,HIDDEN_404,published,hidden,vertical_hold:padel:disabled
/products/nox-at10-pro,Product,padel|tennis,BLOCKED,HIDDEN_404,published,hidden,vertical_hold:padel:disabled
/products/babolat-jet-premura-2,Product,padel|tennis,BLOCKED,HIDDEN_404,published,hidden,vertical_hold:padel:disabled
/products/tecnifibre-wall-shooter,Product,padel|tennis,BLOCKED,HIDDEN_404,published,hidden,vertical_hold:padel:disabled
/products/varlion-bourne-padel,Product,padel|tennis,BLOCKED,HIDDEN_404,published,hidden,vertical_hold:padel:disabled
/products/lok-padel-one,Product,padel|tennis,BLOCKED,HIDDEN_404,published,hidden,vertical_hold:padel:disabled
/products/babolat-pure-drive-2025,Product,tennis,BLOCKED,HIDDEN_404,published,hidden,vertical_hold:tennis:disabled
/products/babolat-pure-aero-2023,Product,tennis,BLOCKED,HIDDEN_404,published,hidden,vertical_hold:tennis:disabled
/products/wilson-clash-100-v2,Product,tennis,BLOCKED,HIDDEN_404,published,hidden,vertical_hold:tennis:disabled
/products/wilson-blade-98-v8,Product,tennis,BLOCKED,HIDDEN_404,published,hidden,vertical_hold:tennis:disabled
/products/head-speed-mp-2024,Product,tennis,BLOCKED,HIDDEN_404,published,hidden,vertical_hold:tennis:disabled
/products/head-radical-mp-2023,Product,tennis,BLOCKED,HIDDEN_404,published,hidden,vertical_hold:tennis:disabled
/products/yonex-ezone-98-2024,Product,tennis,BLOCKED,HIDDEN_404,published,hidden,vertical_hold:tennis:disabled
/products/yonex-vcore-100-2023,Product,tennis,BLOCKED,HIDDEN_404,published,hidden,vertical_hold:tennis:disabled
/products/tecnifibre-tf40-305,Product,tennis,BLOCKED,HIDDEN_404,published,hidden,vertical_hold:tennis:disabled
/products/dunlop-cx-200,Product,tennis,BLOCKED,HIDDEN_404,published,hidden,vertical_hold:tennis:disabled
/products/prince-textreme-tour-100p,Product,tennis,BLOCKED,HIDDEN_404,published,hidden,vertical_hold:tennis:disabled
/products/asics-gel-resolution-9,Product,tennis,BLOCKED,HIDDEN_404,published,hidden,vertical_hold:tennis:disabled
/products/wilson-rush-pro-4-0,Product,tennis,BLOCKED,HIDDEN_404,published,hidden,vertical_hold:tennis:disabled
/products/babolat-rpm-blast-1-25,Product,tennis,BLOCKED,HIDDEN_404,published,hidden,vertical_hold:tennis:disabled
/products/tecnifibre-black-code-1-28,Product,tennis,BLOCKED,HIDDEN_404,published,hidden,vertical_hold:tennis:disabled
/products/joola-ben-johns-hyperion-cfs-16,Product,pickleball,BLOCKED,HIDDEN_404,published,hidden,vertical_hold:sport-pickleball:disabled
/products/joola-perseus-16,Product,pickleball,BLOCKED,HIDDEN_404,published,hidden,vertical_hold:sport-pickleball:disabled
/products/selkirk-ampsed-epic,Product,pickleball,BLOCKED,HIDDEN_404,published,hidden,vertical_hold:sport-pickleball:disabled
/products/yonex-astrox-88d-pro,Product,badminton,BLOCKED,HIDDEN_404,published,hidden,vertical_hold:sport-badminton:disabled
/products/yonex-nanoflare-800-pro,Product,badminton,BLOCKED,HIDDEN_404,published,hidden,vertical_hold:sport-badminton:disabled
/products/yonex-astrox-99-pro,Product,badminton,BLOCKED,HIDDEN_404,published,hidden,vertical_hold:sport-badminton:disabled
/products/yonex-arcsaber-11-pro,Product,badminton,BLOCKED,HIDDEN_404,published,hidden,vertical_hold:sport-badminton:disabled
/products/victor-thruster-k-falcon,Product,badminton,BLOCKED,HIDDEN_404,published,hidden,vertical_hold:sport-badminton:disabled
/products/wilson-blade-98-v9,Product,tennis,BLOCKED,HIDDEN_404,published,hidden,vertical_hold:tennis:disabled
/products/wilson-clash-100-v3,Product,tennis,BLOCKED,HIDDEN_404,published,hidden,vertical_hold:tennis:disabled
/products/babolat-pure-drive-gen11,Product,tennis,BLOCKED,HIDDEN_404,published,hidden,vertical_hold:tennis:disabled
/products/babolat-pure-aero-2026,Product,tennis,BLOCKED,HIDDEN_404,published,hidden,vertical_hold:tennis:disabled
/products/head-speed-mp-2026,Product,tennis,BLOCKED,HIDDEN_404,published,hidden,vertical_hold:tennis:disabled
/products/yonex-ezone-100-2025,Product,tennis,BLOCKED,HIDDEN_404,published,hidden,vertical_hold:tennis:disabled
/products/yonex-vcore-98-2026,Product,tennis,BLOCKED,HIDDEN_404,published,hidden,vertical_hold:tennis:disabled
/products/wilson-blade-100-v9,Product,tennis,BLOCKED,HIDDEN_404,published,hidden,vertical_hold:tennis:disabled
/products/tecnifibre-tfight-300s-2025,Product,tennis,BLOCKED,HIDDEN_404,published,hidden,vertical_hold:tennis:disabled
/products/luxilon-alu-power,Product,tennis,BLOCKED,HIDDEN_404,published,hidden,vertical_hold:tennis:disabled
/products/wilson-nxt,Product,tennis,BLOCKED,HIDDEN_404,published,hidden,vertical_hold:tennis:disabled
/products/tecnifibre-x-one-biphase,Product,tennis,BLOCKED,HIDDEN_404,published,hidden,vertical_hold:tennis:disabled
/products/solinco-hyper-g,Product,tennis,BLOCKED,HIDDEN_404,published,hidden,vertical_hold:tennis:disabled
/products/nike-court-vapor-pro-3,Product,tennis|padel,BLOCKED,HIDDEN_404,published,hidden,vertical_hold:tennis:disabled
/products/adidas-barricade-13,Product,tennis|padel,BLOCKED,HIDDEN_404,published,hidden,vertical_hold:tennis:disabled
/products/babolat-jet-tere,Product,tennis|padel,BLOCKED,HIDDEN_404,published,hidden,vertical_hold:tennis:disabled
/products/asics-gel-challenger-15,Product,tennis|padel,BLOCKED,HIDDEN_404,published,hidden,vertical_hold:tennis:disabled
/products/wilson-rush-pro-5-0,Product,tennis|padel,BLOCKED,HIDDEN_404,published,hidden,vertical_hold:tennis:disabled
/products/asics-solution-speed-ff-3,Product,tennis|padel,BLOCKED,HIDDEN_404,published,hidden,vertical_hold:tennis:disabled
/products/asics-gel-dedicate-8,Product,tennis|padel,BLOCKED,HIDDEN_404,published,hidden,vertical_hold:tennis:disabled
/products/asics-gel-resolution-9-clay,Product,tennis|padel,BLOCKED,HIDDEN_404,published,hidden,vertical_hold:tennis:disabled
/products/nike-court-lite-4,Product,tennis|padel,BLOCKED,HIDDEN_404,published,hidden,vertical_hold:tennis:disabled
/products/nike-court-air-zoom-vapor-cage-4,Product,tennis|padel,BLOCKED,HIDDEN_404,published,hidden,vertical_hold:tennis:disabled
/products/adidas-solematch-control-2,Product,tennis|padel,BLOCKED,HIDDEN_404,published,hidden,vertical_hold:tennis:disabled
/products/adidas-courtjam-control-3,Product,tennis|padel,BLOCKED,HIDDEN_404,published,hidden,vertical_hold:tennis:disabled
/products/adidas-gamecourt-2,Product,tennis|padel,BLOCKED,HIDDEN_404,published,hidden,vertical_hold:tennis:disabled
/products/wilson-rush-pro-ace,Product,tennis|padel,BLOCKED,HIDDEN_404,published,hidden,vertical_hold:tennis:disabled
/products/babolat-propulse-fury-3,Product,tennis|padel,BLOCKED,HIDDEN_404,published,hidden,vertical_hold:tennis:disabled
/products/babolat-jet-mach-3,Product,tennis|padel,BLOCKED,HIDDEN_404,published,hidden,vertical_hold:tennis:disabled
/products/head-revolt-pro-4-5,Product,tennis|padel,BLOCKED,HIDDEN_404,published,hidden,vertical_hold:tennis:disabled
/products/head-sprint-pro-3-5,Product,tennis|padel,BLOCKED,HIDDEN_404,published,hidden,vertical_hold:tennis:disabled
/products/new-balance-996-v5,Product,tennis|padel,BLOCKED,HIDDEN_404,published,hidden,vertical_hold:tennis:disabled
/products/yonex-power-cushion-eclipsion-5,Product,tennis|padel,BLOCKED,HIDDEN_404,published,hidden,vertical_hold:tennis:disabled
/products/yonex-power-cushion-sonicage-3,Product,tennis|padel,BLOCKED,HIDDEN_404,published,hidden,vertical_hold:tennis:disabled
/products/k-swiss-hypercourt-express-2,Product,tennis|padel,BLOCKED,HIDDEN_404,published,hidden,vertical_hold:tennis:disabled
/products/k-swiss-ultrashot-3,Product,tennis|padel,BLOCKED,HIDDEN_404,published,hidden,vertical_hold:tennis:disabled
/products/mizuno-wave-exceed-tour-5,Product,tennis|padel,BLOCKED,HIDDEN_404,published,hidden,vertical_hold:tennis:disabled
/products/prince-t22,Product,tennis|padel,BLOCKED,HIDDEN_404,published,hidden,vertical_hold:tennis:disabled
/products/nike-metcon-9,Product,fitness|hyrox,BLOCKED,HIDDEN_404,published,hidden,vertical_hold:fitness:selective
/products/reebok-nano-x4,Product,fitness|hyrox,BLOCKED,HIDDEN_404,published,hidden,vertical_hold:fitness:selective
/products/nobull-trainer,Product,fitness|hyrox,BLOCKED,HIDDEN_404,published,hidden,vertical_hold:fitness:selective
/products/inov8-f-lite-235-v3,Product,fitness|hyrox,BLOCKED,HIDDEN_404,published,hidden,vertical_hold:fitness:selective
/products/tyr-cxt-1,Product,fitness|hyrox,BLOCKED,HIDDEN_404,published,hidden,vertical_hold:fitness:selective
/products/adidas-dropset-3,Product,fitness,BLOCKED,HIDDEN_404,published,hidden,vertical_hold:fitness:selective
/products/nike-romaleos-5,Product,fitness,BLOCKED,HIDDEN_404,published,hidden,vertical_hold:fitness:selective
/products/adidas-adipower-weightlifting-3,Product,fitness,BLOCKED,HIDDEN_404,published,hidden,vertical_hold:fitness:selective
/products/reebok-legacy-lifter-iii,Product,fitness,BLOCKED,HIDDEN_404,published,hidden,vertical_hold:fitness:selective
/products/nobull-outwork,Product,fitness|hyrox,BLOCKED,HIDDEN_404,published,hidden,vertical_hold:fitness:selective
/products/inov8-fastlift-360,Product,fitness,BLOCKED,HIDDEN_404,published,hidden,vertical_hold:fitness:selective
/products/tyr-cxt-2,Product,fitness|hyrox,BLOCKED,HIDDEN_404,published,hidden,vertical_hold:fitness:selective
/products/powerblock-pro-series-100,Product,fitness,BLOCKED,HIDDEN_404,published,hidden,vertical_hold:fitness:selective
/products/powerblock-pro-series-50,Product,fitness,BLOCKED,HIDDEN_404,published,hidden,vertical_hold:fitness:selective
/products/nuobell-80,Product,fitness,BLOCKED,HIDDEN_404,published,hidden,vertical_hold:fitness:selective
/products/nuobell-50,Product,fitness,BLOCKED,HIDDEN_404,published,hidden,vertical_hold:fitness:selective
/products/bowflex-selecttech-552,Product,fitness,BLOCKED,HIDDEN_404,published,hidden,vertical_hold:fitness:selective
/products/bowflex-selecttech-1090,Product,fitness,BLOCKED,HIDDEN_404,published,hidden,vertical_hold:fitness:selective
/products/rep-quickdraw-adjustable-dumbbells,Product,fitness,BLOCKED,HIDDEN_404,published,hidden,vertical_hold:fitness:selective
/products/powerblock-elite-exp-90,Product,fitness,BLOCKED,HIDDEN_404,published,hidden,vertical_hold:fitness:selective
/products/rogue-rml-390f,Product,fitness,BLOCKED,HIDDEN_404,published,hidden,vertical_hold:fitness:selective
/products/rep-pr-4000,Product,fitness,BLOCKED,HIDDEN_404,published,hidden,vertical_hold:fitness:selective
/products/mirafit-m3-power-rack,Product,fitness,BLOCKED,HIDDEN_404,published,hidden,vertical_hold:fitness:selective
/products/rogue-rm-4-monster-rack,Product,fitness,BLOCKED,HIDDEN_404,published,hidden,vertical_hold:fitness:selective
/products/rep-pr-5000,Product,fitness,BLOCKED,HIDDEN_404,published,hidden,vertical_hold:fitness:selective
/products/mirafit-m4-cage,Product,fitness,BLOCKED,HIDDEN_404,published,hidden,vertical_hold:fitness:selective
/products/rogue-sm-2c-monster-lite,Product,fitness,BLOCKED,HIDDEN_404,published,hidden,vertical_hold:fitness:selective
/products/rep-apollo-athlon-rack,Product,fitness,BLOCKED,HIDDEN_404,published,hidden,vertical_hold:fitness:selective
/products/rogue-adjustable-bench-3-0,Product,fitness,BLOCKED,HIDDEN_404,published,hidden,vertical_hold:fitness:selective
/products/rep-ab-5000-zero-gap,Product,fitness,BLOCKED,HIDDEN_404,published,hidden,vertical_hold:fitness:selective
/products/mirafit-fid-adjustable-bench,Product,fitness,BLOCKED,HIDDEN_404,published,hidden,vertical_hold:fitness:selective
/products/rep-fb-5000-flat-bench,Product,fitness,BLOCKED,HIDDEN_404,published,hidden,vertical_hold:fitness:selective
/products/rogue-flat-utility-bench,Product,fitness,BLOCKED,HIDDEN_404,published,hidden,vertical_hold:fitness:selective
/products/eleiko-xf-bar,Product,fitness,BLOCKED,HIDDEN_404,published,hidden,vertical_hold:fitness:selective
/products/rogue-ohio-bar,Product,fitness,BLOCKED,HIDDEN_404,published,hidden,vertical_hold:fitness:selective
/products/rogue-ohio-power-bar,Product,fitness,BLOCKED,HIDDEN_404,published,hidden,vertical_hold:fitness:selective
/products/rep-colorado-bar,Product,fitness,BLOCKED,HIDDEN_404,published,hidden,vertical_hold:fitness:selective
/products/eleiko-performance-weightlifting-bar,Product,fitness,BLOCKED,HIDDEN_404,published,hidden,vertical_hold:fitness:selective
/products/mirafit-olympic-barbell,Product,fitness,BLOCKED,HIDDEN_404,published,hidden,vertical_hold:fitness:selective
/products/rogue-echo-bumper-plate-set,Product,fitness,BLOCKED,HIDDEN_404,published,hidden,vertical_hold:fitness:selective
/products/rep-black-bumper-plate-set,Product,fitness,BLOCKED,HIDDEN_404,published,hidden,vertical_hold:fitness:selective
/products/rogue-kettlebell,Product,fitness|hyrox,BLOCKED,HIDDEN_404,published,hidden,vertical_hold:fitness:selective
/products/rep-fitness-kettlebell,Product,fitness|hyrox,BLOCKED,HIDDEN_404,published,hidden,vertical_hold:fitness:selective
/products/mirafit-cast-iron-kettlebell,Product,fitness|hyrox,BLOCKED,HIDDEN_404,published,hidden,vertical_hold:fitness:selective
/products/rogue-echo-kettlebell,Product,fitness|hyrox,BLOCKED,HIDDEN_404,published,hidden,vertical_hold:fitness:selective
/products/eleiko-kettlebell,Product,fitness|hyrox,BLOCKED,HIDDEN_404,published,hidden,vertical_hold:fitness:selective
/products/concept2-rowerg,Product,fitness|hyrox,BLOCKED,HIDDEN_404,published,hidden,vertical_hold:fitness:selective
/products/concept2-rowerg-dynamic,Product,fitness|hyrox,BLOCKED,HIDDEN_404,published,hidden,vertical_hold:fitness:selective
/products/mirafit-magnetic-rower,Product,fitness|hyrox,BLOCKED,HIDDEN_404,published,hidden,vertical_hold:fitness:selective
/products/mirafit-folding-rower,Product,fitness|hyrox,BLOCKED,HIDDEN_404,published,hidden,vertical_hold:fitness:selective
/products/assaultbike-classic,Product,fitness|hyrox,BLOCKED,HIDDEN_404,published,hidden,vertical_hold:fitness:selective
/products/rogue-echo-bike,Product,fitness|hyrox,BLOCKED,HIDDEN_404,published,hidden,vertical_hold:fitness:selective
/products/assaultbike-elite,Product,fitness|hyrox,BLOCKED,HIDDEN_404,published,hidden,vertical_hold:fitness:selective
/products/concept2-skierg,Product,fitness|hyrox,BLOCKED,HIDDEN_404,published,hidden,vertical_hold:fitness:selective
/products/concept2-skierg-floor-stand,Product,fitness|hyrox,BLOCKED,HIDDEN_404,published,hidden,vertical_hold:fitness:selective
/products/pullup-and-dip-doorway-bar,Product,fitness|calisthenics,BLOCKED,HIDDEN_404,published,hidden,vertical_hold:fitness:selective
/products/pullup-and-dip-wall-bar,Product,fitness|calisthenics,BLOCKED,HIDDEN_404,published,hidden,vertical_hold:fitness:selective
/products/gornation-premium-pull-up-bar,Product,fitness|calisthenics,BLOCKED,HIDDEN_404,published,hidden,vertical_hold:fitness:selective
/products/gravity-fitness-pull-up-station,Product,fitness|calisthenics,BLOCKED,HIDDEN_404,published,hidden,vertical_hold:fitness:selective
/products/rogue-monster-lite-pull-up-bar,Product,fitness|calisthenics,BLOCKED,HIDDEN_404,published,hidden,vertical_hold:fitness:selective
/products/mirafit-wall-pull-up-bar,Product,fitness|calisthenics,BLOCKED,HIDDEN_404,published,hidden,vertical_hold:fitness:selective
/products/gornation-parallettes-pro,Product,fitness|calisthenics,BLOCKED,HIDDEN_404,published,hidden,vertical_hold:fitness:selective
/products/gravity-fitness-parallettes,Product,fitness|calisthenics,BLOCKED,HIDDEN_404,published,hidden,vertical_hold:fitness:selective
/products/pullup-and-dip-parallettes,Product,fitness|calisthenics,BLOCKED,HIDDEN_404,published,hidden,vertical_hold:fitness:selective
/products/gornation-gymnastic-rings,Product,fitness|calisthenics,BLOCKED,HIDDEN_404,published,hidden,vertical_hold:fitness:selective
/products/gravity-fitness-gymnastic-rings,Product,fitness|calisthenics,BLOCKED,HIDDEN_404,published,hidden,vertical_hold:fitness:selective
/products/rogue-plate-carrier-vest,Product,fitness|hyrox|calisthenics,BLOCKED,HIDDEN_404,published,hidden,vertical_hold:fitness:selective
/products/gravity-fitness-weighted-vest,Product,fitness|hyrox|calisthenics,BLOCKED,HIDDEN_404,published,hidden,vertical_hold:fitness:selective
/products/mirafit-weighted-vest,Product,fitness|hyrox|calisthenics,BLOCKED,HIDDEN_404,published,hidden,vertical_hold:fitness:selective
/products/rogue-wall-ball,Product,fitness|hyrox,BLOCKED,HIDDEN_404,published,hidden,vertical_hold:fitness:selective
/products/rogue-sandbag,Product,fitness|hyrox,BLOCKED,HIDDEN_404,published,hidden,vertical_hold:fitness:selective
/products/rogue-dog-sled,Product,fitness|hyrox,BLOCKED,HIDDEN_404,published,hidden,vertical_hold:fitness:selective
/products/rep-slam-ball,Product,fitness|hyrox,BLOCKED,HIDDEN_404,published,hidden,vertical_hold:fitness:selective
/products/mirafit-battle-rope,Product,fitness|hyrox,BLOCKED,HIDDEN_404,published,hidden,vertical_hold:fitness:selective
/products/blackroll-standard,Product,fitness,BLOCKED,HIDDEN_404,published,hidden,vertical_hold:fitness:selective
/products/blackroll-med,Product,fitness,BLOCKED,HIDDEN_404,published,hidden,vertical_hold:fitness:selective
/products/blackroll-ball,Product,fitness,BLOCKED,HIDDEN_404,published,hidden,vertical_hold:fitness:selective
/products/blackroll-duoball,Product,fitness,BLOCKED,HIDDEN_404,published,hidden,vertical_hold:fitness:selective
/products/rogue-flogging-horse-stall-mat-note,Product,fitness,BLOCKED,HIDDEN_404,published,hidden,vertical_hold:fitness:selective
/products/mirafit-gym-mats,Product,fitness,BLOCKED,HIDDEN_404,published,hidden,vertical_hold:fitness:selective
/products/rep-bumper-plate-storage,Product,fitness,BLOCKED,HIDDEN_404,published,hidden,vertical_hold:fitness:selective
/products/rogue-plate-tree,Product,fitness,BLOCKED,HIDDEN_404,published,hidden,vertical_hold:fitness:selective
/products/eleiko-sport-collars,Product,fitness,BLOCKED,HIDDEN_404,published,hidden,vertical_hold:fitness:selective
/products/rogue-wrist-wraps,Product,fitness,BLOCKED,HIDDEN_404,published,hidden,vertical_hold:fitness:selective
/products/eleiko-sport-bumper-set,Product,fitness,BLOCKED,HIDDEN_404,published,hidden,vertical_hold:fitness:selective
/products/mirafit-bumper-plate-set,Product,fitness,BLOCKED,HIDDEN_404,published,hidden,vertical_hold:fitness:selective
/products/atx-cast-iron-plate-set,Product,fitness,BLOCKED,HIDDEN_404,published,hidden,vertical_hold:fitness:selective
/products/sole-f80-treadmill,Product,fitness|hyrox,BLOCKED,HIDDEN_404,published,hidden,vertical_hold:fitness:selective
/products/horizon-t202-treadmill,Product,fitness|hyrox,BLOCKED,HIDDEN_404,published,hidden,vertical_hold:fitness:selective
/products/woodway-curve-trainer,Product,fitness|hyrox,BLOCKED,HIDDEN_404,published,hidden,vertical_hold:fitness:selective
/products/hydrow-wave,Product,fitness|hyrox,BLOCKED,HIDDEN_404,published,hidden,vertical_hold:fitness:selective
/products/waterrower-a1,Product,fitness|hyrox,BLOCKED,HIDDEN_404,published,hidden,vertical_hold:fitness:selective
/products/concept2-bikeerg,Product,fitness|hyrox,BLOCKED,HIDDEN_404,published,hidden,vertical_hold:fitness:selective
/products/schwinn-airdyne-ad8,Product,fitness|hyrox,BLOCKED,HIDDEN_404,published,hidden,vertical_hold:fitness:selective
/products/mirafit-air-bike,Product,fitness|hyrox,BLOCKED,HIDDEN_404,published,hidden,vertical_hold:fitness:selective
/products/xebex-ski-erg,Product,fitness|hyrox,BLOCKED,HIDDEN_404,published,hidden,vertical_hold:fitness:selective
/products/concept2-skierg-with-stand,Product,fitness|hyrox,BLOCKED,HIDDEN_404,published,hidden,vertical_hold:fitness:selective
/products/skierg2-wall-mount,Product,fitness|hyrox,BLOCKED,HIDDEN_404,published,hidden,vertical_hold:fitness:selective
/products/atx-fid-bench,Product,fitness,BLOCKED,HIDDEN_404,published,hidden,vertical_hold:fitness:selective
/products/rep-ab-5200,Product,fitness,BLOCKED,HIDDEN_404,published,hidden,vertical_hold:fitness:selective
/products/nike-free-metcon-6,Product,fitness|hyrox,BLOCKED,HIDDEN_404,published,hidden,vertical_hold:fitness:selective
/products/nike-metcon-8,Product,fitness|hyrox,BLOCKED,HIDDEN_404,published,hidden,vertical_hold:fitness:selective
/products/ua-tribase-reign-6,Product,fitness,BLOCKED,HIDDEN_404,published,hidden,vertical_hold:fitness:selective
/products/ua-project-rock-bsr-4,Product,fitness,BLOCKED,HIDDEN_404,published,hidden,vertical_hold:fitness:selective
/products/puma-fuse-3,Product,fitness|hyrox,BLOCKED,HIDDEN_404,published,hidden,vertical_hold:fitness:selective
/products/nb-minimus-tr,Product,fitness,BLOCKED,HIDDEN_404,published,hidden,vertical_hold:fitness:selective
/products/adidas-the-total,Product,fitness,BLOCKED,HIDDEN_404,published,hidden,vertical_hold:fitness:selective
/products/adidas-rapidmove-adv,Product,fitness,BLOCKED,HIDDEN_404,published,hidden,vertical_hold:fitness:selective
/products/reebok-nano-x3,Product,fitness|hyrox,BLOCKED,HIDDEN_404,published,hidden,vertical_hold:fitness:selective
/products/reebok-nano-court,Product,fitness|hyrox,BLOCKED,HIDDEN_404,published,hidden,vertical_hold:fitness:selective
/products/inov8-f-lite-260,Product,fitness|hyrox,BLOCKED,HIDDEN_404,published,hidden,vertical_hold:fitness:selective
/products/nobull-trainer-plus,Product,fitness|hyrox,BLOCKED,HIDDEN_404,published,hidden,vertical_hold:fitness:selective
/products/asics-gel-quantum-360-8,Product,fitness,BLOCKED,HIDDEN_404,published,hidden,vertical_hold:fitness:selective
/products/lululemon-strongfeel,Product,fitness,BLOCKED,HIDDEN_404,published,hidden,vertical_hold:fitness:selective
/products/xero-prio,Product,fitness,BLOCKED,HIDDEN_404,published,hidden,vertical_hold:fitness:selective
/products/vivobarefoot-primus-lite-iii,Product,fitness,BLOCKED,HIDDEN_404,published,hidden,vertical_hold:fitness:selective
/products/nike-savaleos,Product,fitness,BLOCKED,HIDDEN_404,published,hidden,vertical_hold:fitness:selective
/products/nike-romaleos-4,Product,fitness,BLOCKED,HIDDEN_404,published,hidden,vertical_hold:fitness:selective
/products/adidas-powerlift-5,Product,fitness,BLOCKED,HIDDEN_404,published,hidden,vertical_hold:fitness:selective
/products/do-win-classic,Product,fitness,BLOCKED,HIDDEN_404,published,hidden,vertical_hold:fitness:selective
/products/inov8-fastlift-power-g-380,Product,fitness,BLOCKED,HIDDEN_404,published,hidden,vertical_hold:fitness:selective
/products/ua-reign-lifter,Product,fitness,BLOCKED,HIDDEN_404,published,hidden,vertical_hold:fitness:selective
/products/reebok-lifter-pr-iii,Product,fitness,BLOCKED,HIDDEN_404,published,hidden,vertical_hold:fitness:selective
/products/adidas-adipower-weightlifting-2,Product,fitness,BLOCKED,HIDDEN_404,published,hidden,vertical_hold:fitness:selective
/products/inov8-fastlift-400,Product,fitness,BLOCKED,HIDDEN_404,published,hidden,vertical_hold:fitness:selective
/products/salming-race-9,Product,fitness|hyrox,BLOCKED,HIDDEN_404,published,hidden,vertical_hold:fitness:selective
/products/salming-rebel,Product,fitness|hyrox,BLOCKED,HIDDEN_404,published,hidden,vertical_hold:fitness:selective
/products/puma-fuse-fasted,Product,fitness|hyrox,BLOCKED,HIDDEN_404,published,hidden,vertical_hold:fitness:selective
/products/hoka-transport,Product,fitness,BLOCKED,HIDDEN_404,published,hidden,vertical_hold:fitness:selective
/products/ua-charged-commit-4,Product,fitness,BLOCKED,HIDDEN_404,published,hidden,vertical_hold:fitness:selective
/products/tyr-cxt1-trainer,Product,fitness|hyrox,BLOCKED,HIDDEN_404,published,hidden,vertical_hold:fitness:selective
/products/adidas-dropset-2,Product,fitness,BLOCKED,HIDDEN_404,published,hidden,vertical_hold:fitness:selective
/brands/samsung,Brand,,BLOCKED,HIDDEN_404,published,brand_not_indexable,brand_hub_not_indexable
/brands/flipbelt,Brand,,BLOCKED,HIDDEN_404,published,brand_not_indexable,brand_hub_not_indexable
/brands/spibelt,Brand,,BLOCKED,HIDDEN_404,published,brand_not_indexable,brand_hub_not_indexable
/brands/uswe,Brand,,BLOCKED,HIDDEN_404,published,brand_not_indexable,brand_hub_not_indexable
/brands/raidlight,Brand,,BLOCKED,HIDDEN_404,published,brand_not_indexable,brand_hub_not_indexable
/brands/nnormal,Brand,,BLOCKED,HIDDEN_404,published,brand_not_indexable,brand_hub_not_indexable
/brands/naked,Brand,,BLOCKED,HIDDEN_404,published,brand_not_indexable,brand_hub_not_indexable
/brands/decathlon,Brand,,BLOCKED,HIDDEN_404,published,brand_not_indexable,brand_hub_not_indexable
/brands/rabbit,Brand,,BLOCKED,HIDDEN_404,published,brand_not_indexable,brand_hub_not_indexable
/brands/the-north-face,Brand,,BLOCKED,HIDDEN_404,published,brand_not_indexable,brand_hub_not_indexable
/brands/ciele,Brand,,BLOCKED,HIDDEN_404,published,brand_not_indexable,brand_hub_not_indexable
/brands/darn-tough,Brand,,BLOCKED,HIDDEN_404,published,brand_not_indexable,brand_hub_not_indexable
/brands/stance,Brand,,BLOCKED,HIDDEN_404,published,brand_not_indexable,brand_hub_not_indexable
/brands/saxx,Brand,,BLOCKED,HIDDEN_404,published,brand_not_indexable,brand_hub_not_indexable
/brands/leki,Brand,,BLOCKED,HIDDEN_404,published,brand_not_indexable,brand_hub_not_indexable
/brands/bose,Brand,,BLOCKED,HIDDEN_404,published,brand_not_indexable,brand_hub_not_indexable
/brands/silva,Brand,,BLOCKED,HIDDEN_404,published,brand_not_indexable,brand_hub_not_indexable
/brands/feetures,Brand,,BLOCKED,HIDDEN_404,published,brand_not_indexable,brand_hub_not_indexable
/brands/injinji,Brand,,BLOCKED,HIDDEN_404,published,brand_not_indexable,brand_hub_not_indexable
/brands/bombas,Brand,,BLOCKED,HIDDEN_404,published,brand_not_indexable,brand_hub_not_indexable
/brands/swiftwick,Brand,,BLOCKED,HIDDEN_404,published,brand_not_indexable,brand_hub_not_indexable
/brands/hilly,Brand,,BLOCKED,HIDDEN_404,published,brand_not_indexable,brand_hub_not_indexable
/brands/drymax,Brand,,BLOCKED,HIDDEN_404,published,brand_not_indexable,brand_hub_not_indexable
/brands/sockwell,Brand,,BLOCKED,HIDDEN_404,published,brand_not_indexable,brand_hub_not_indexable
/brands/wrightsock,Brand,,BLOCKED,HIDDEN_404,published,brand_not_indexable,brand_hub_not_indexable
/brands/fitletic,Brand,,BLOCKED,HIDDEN_404,published,brand_not_indexable,brand_hub_not_indexable
/brands/nite-ize,Brand,,BLOCKED,HIDDEN_404,published,brand_not_indexable,brand_hub_not_indexable
/brands/body-glide,Brand,,BLOCKED,HIDDEN_404,published,brand_not_indexable,brand_hub_not_indexable
/brands/jabra,Brand,,BLOCKED,HIDDEN_404,published,brand_not_indexable,brand_hub_not_indexable
/brands/sony,Brand,,BLOCKED,HIDDEN_404,published,brand_not_indexable,brand_hub_not_indexable
/brands/beats,Brand,,BLOCKED,HIDDEN_404,published,brand_not_indexable,brand_hub_not_indexable
/brands/huawei,Brand,,BLOCKED,HIDDEN_404,published,brand_not_indexable,brand_hub_not_indexable
/brands/rudy-project,Brand,,BLOCKED,HIDDEN_404,published,brand_not_indexable,brand_hub_not_indexable
/brands/100-percent,Brand,,BLOCKED,HIDDEN_404,published,brand_not_indexable,brand_hub_not_indexable
/brands/roka,Brand,,BLOCKED,HIDDEN_404,published,brand_not_indexable,brand_hub_not_indexable
/brands/ledlenser,Brand,,BLOCKED,HIDDEN_404,published,brand_not_indexable,brand_hub_not_indexable
/brands/fenix,Brand,,BLOCKED,HIDDEN_404,published,brand_not_indexable,brand_hub_not_indexable
/brands/biolite,Brand,,BLOCKED,HIDDEN_404,published,brand_not_indexable,brand_hub_not_indexable
/brands/nitecore,Brand,,BLOCKED,HIDDEN_404,published,brand_not_indexable,brand_hub_not_indexable
/brands/knog,Brand,,BLOCKED,HIDDEN_404,published,brand_not_indexable,brand_hub_not_indexable
/brands/proviz,Brand,,BLOCKED,HIDDEN_404,published,brand_not_indexable,brand_hub_not_indexable
/brands/night-runner,Brand,,BLOCKED,HIDDEN_404,published,brand_not_indexable,brand_hub_not_indexable
/brands/shes-birdie,Brand,,BLOCKED,HIDDEN_404,published,brand_not_indexable,brand_hub_not_indexable
/brands/road-id,Brand,,BLOCKED,HIDDEN_404,published,brand_not_indexable,brand_hub_not_indexable
/brands/tailwind,Brand,,BLOCKED,HIDDEN_404,published,brand_not_indexable,brand_hub_not_indexable
/brands/honey-stinger,Brand,,BLOCKED,HIDDEN_404,published,brand_not_indexable,brand_hub_not_indexable
/brands/spring-energy,Brand,,BLOCKED,HIDDEN_404,published,brand_not_indexable,brand_hub_not_indexable
/brands/nuun,Brand,,BLOCKED,HIDDEN_404,published,brand_not_indexable,brand_hub_not_indexable
/brands/powerbar,Brand,,BLOCKED,HIDDEN_404,published,brand_not_indexable,brand_hub_not_indexable
/brands/enervit,Brand,,BLOCKED,HIDDEN_404,published,brand_not_indexable,brand_hub_not_indexable
/brands/226ers,Brand,,BLOCKED,HIDDEN_404,published,brand_not_indexable,brand_hub_not_indexable
/brands/huma,Brand,,BLOCKED,HIDDEN_404,published,brand_not_indexable,brand_hub_not_indexable
/brands/renpho,Brand,,BLOCKED,HIDDEN_404,published,brand_not_indexable,brand_hub_not_indexable
/brands/opove,Brand,,BLOCKED,HIDDEN_404,published,brand_not_indexable,brand_hub_not_indexable
/brands/rad-roller,Brand,,BLOCKED,HIDDEN_404,published,brand_not_indexable,brand_hub_not_indexable
/brands/rumbleroller,Brand,,BLOCKED,HIDDEN_404,published,brand_not_indexable,brand_hub_not_indexable
/brands/the-stick,Brand,,BLOCKED,HIDDEN_404,published,brand_not_indexable,brand_hub_not_indexable
/brands/2xu,Brand,,BLOCKED,HIDDEN_404,published,brand_not_indexable,brand_hub_not_indexable
/brands/timtam,Brand,,BLOCKED,HIDDEN_404,published,brand_not_indexable,brand_hub_not_indexable
/brands/brazyn,Brand,,BLOCKED,HIDDEN_404,published,brand_not_indexable,brand_hub_not_indexable
/brands/squirrels-nut-butter,Brand,,BLOCKED,HIDDEN_404,published,brand_not_indexable,brand_hub_not_indexable
/brands/2toms,Brand,,BLOCKED,HIDDEN_404,published,brand_not_indexable,brand_hub_not_indexable
/brands/dirty-girl,Brand,,BLOCKED,HIDDEN_404,published,brand_not_indexable,brand_hub_not_indexable
/brands/outdoor-research,Brand,,BLOCKED,HIDDEN_404,published,brand_not_indexable,brand_hub_not_indexable
/brands/siux,Brand,,BLOCKED,HIDDEN_404,published,brand_not_indexable,brand_hub_not_indexable
/brands/drop-shot,Brand,,BLOCKED,HIDDEN_404,published,brand_not_indexable,brand_hub_not_indexable
/brands/royal-padel,Brand,,BLOCKED,HIDDEN_404,published,brand_not_indexable,brand_hub_not_indexable
/brands/black-crown,Brand,,BLOCKED,HIDDEN_404,published,brand_not_indexable,brand_hub_not_indexable
/brands/dunlop,Brand,,BLOCKED,HIDDEN_404,published,brand_not_indexable,brand_hub_not_indexable
/brands/selkirk,Brand,,BLOCKED,HIDDEN_404,published,brand_not_indexable,brand_hub_not_indexable
/brands/victor,Brand,,BLOCKED,HIDDEN_404,published,brand_not_indexable,brand_hub_not_indexable
/brands/li-ning,Brand,,BLOCKED,HIDDEN_404,published,brand_not_indexable,brand_hub_not_indexable
/brands/luxilon,Brand,,BLOCKED,HIDDEN_404,published,brand_not_indexable,brand_hub_not_indexable
/brands/solinco,Brand,,BLOCKED,HIDDEN_404,published,brand_not_indexable,brand_hub_not_indexable
/brands/strength-shop,Brand,,BLOCKED,HIDDEN_404,published,brand_not_indexable,brand_hub_not_indexable
/brands/hydrow,Brand,,BLOCKED,HIDDEN_404,published,brand_not_indexable,brand_hub_not_indexable
/brands/sole-fitness,Brand,,BLOCKED,HIDDEN_404,published,brand_not_indexable,brand_hub_not_indexable
/brands/horizon-fitness,Brand,,BLOCKED,HIDDEN_404,published,brand_not_indexable,brand_hub_not_indexable
/brands/woodway,Brand,,BLOCKED,HIDDEN_404,published,brand_not_indexable,brand_hub_not_indexable
/brands/waterrower,Brand,,BLOCKED,HIDDEN_404,published,brand_not_indexable,brand_hub_not_indexable
/brands/schwinn,Brand,,BLOCKED,HIDDEN_404,published,brand_not_indexable,brand_hub_not_indexable
/brands/lululemon,Brand,,BLOCKED,HIDDEN_404,published,brand_not_indexable,brand_hub_not_indexable
/brands/xero-shoes,Brand,,BLOCKED,HIDDEN_404,published,brand_not_indexable,brand_hub_not_indexable
/brands/vivobarefoot,Brand,,BLOCKED,HIDDEN_404,published,brand_not_indexable,brand_hub_not_indexable
/brands/bear-komplex,Brand,,BLOCKED,HIDDEN_404,published,brand_not_indexable,brand_hub_not_indexable
/brands/domyos,Brand,,BLOCKED,HIDDEN_404,published,brand_not_indexable,brand_hub_not_indexable
/brands/do-win,Brand,,BLOCKED,HIDDEN_404,published,brand_not_indexable,brand_hub_not_indexable
/brands/zeraus,Brand,,BLOCKED,HIDDEN_404,published,brand_not_indexable,brand_hub_not_indexable
/reviews/camelbak-zephyr-pro,Review,running,DUPLICATIVE,PUBLIC_NOINDEX,published,content_uniqueness_hold,content_uniqueness_hold|decisionScore=100|words=4060|quality_not_launch_ready
/reviews/osprey-dyna-lt,Review,running,DUPLICATIVE,PUBLIC_NOINDEX,published,content_uniqueness_hold,content_uniqueness_hold|decisionScore=100|words=4060|quality_not_launch_ready
/reviews/osprey-duro-15,Review,running,DUPLICATIVE,PUBLIC_NOINDEX,published,content_uniqueness_hold,content_uniqueness_hold|decisionScore=100|words=3989|quality_not_launch_ready
/reviews/compressport-ultrun-s-pack,Review,running,DUPLICATIVE,PUBLIC_NOINDEX,published,content_uniqueness_hold,content_uniqueness_hold|decisionScore=100|words=4039|quality_not_launch_ready
/reviews/ultimate-direction-fastpack-20,Review,running,DUPLICATIVE,PUBLIC_NOINDEX,published,content_uniqueness_hold,content_uniqueness_hold|decisionScore=100|words=4021|quality_not_launch_ready
/reviews/ultimate-direction-fastpack-her-20,Review,running,DUPLICATIVE,PUBLIC_NOINDEX,published,content_uniqueness_hold,content_uniqueness_hold|decisionScore=100|words=3946|quality_not_launch_ready
/reviews/ultimate-direction-fastpack-30,Review,running,DUPLICATIVE,PUBLIC_NOINDEX,published,content_uniqueness_hold,content_uniqueness_hold|decisionScore=100|words=4070|quality_not_launch_ready
/reviews/osprey-talon-velocity-20,Review,running,DUPLICATIVE,PUBLIC_NOINDEX,published,content_uniqueness_hold,content_uniqueness_hold|decisionScore=100|words=3951|quality_not_launch_ready
/reviews/osprey-tempest-velocity-20,Review,running,DUPLICATIVE,PUBLIC_NOINDEX,published,content_uniqueness_hold,content_uniqueness_hold|decisionScore=100|words=3933|quality_not_launch_ready
/reviews/osprey-talon-velocity-30,Review,running,DUPLICATIVE,PUBLIC_NOINDEX,published,content_uniqueness_hold,content_uniqueness_hold|decisionScore=100|words=3944|quality_not_launch_ready
/reviews/black-diamond-distance-15,Review,running,DUPLICATIVE,PUBLIC_NOINDEX,published,content_uniqueness_hold,content_uniqueness_hold|decisionScore=100|words=3968|quality_not_launch_ready
/reviews/black-diamond-distance-22,Review,running,DUPLICATIVE,PUBLIC_NOINDEX,published,content_uniqueness_hold,content_uniqueness_hold|decisionScore=100|words=4062|quality_not_launch_ready
/reviews/salomon-xa-15,Review,running,DUPLICATIVE,PUBLIC_NOINDEX,published,content_uniqueness_hold,content_uniqueness_hold|decisionScore=100|words=3958|quality_not_launch_ready
/reviews/salomon-custom-quiver,Review,running,DUPLICATIVE,PUBLIC_NOINDEX,published,content_uniqueness_hold,content_uniqueness_hold|decisionScore=100|words=4025|quality_not_launch_ready
/reviews/ultimate-direction-utility-bag,Review,running,DUPLICATIVE,PUBLIC_NOINDEX,published,content_uniqueness_hold,content_uniqueness_hold|decisionScore=100|words=3978|quality_not_launch_ready
/reviews/nathan-zippered-stash,Review,running,DUPLICATIVE,PUBLIC_NOINDEX,published,content_uniqueness_hold,content_uniqueness_hold|decisionScore=100|words=3942|quality_not_launch_ready
/reviews/swiftwick-aspire-four,Review,running,DUPLICATIVE,PUBLIC_NOINDEX,published,content_uniqueness_hold,content_uniqueness_hold|decisionScore=100|words=3915|quality_not_launch_ready
/reviews/drymax-run-lite-mesh,Review,running,DUPLICATIVE,PUBLIC_NOINDEX,published,content_uniqueness_hold,content_uniqueness_hold|decisionScore=100|words=3975|quality_not_launch_ready
/reviews/wrightsock-coolmesh-ii,Review,running,DUPLICATIVE,PUBLIC_NOINDEX,published,content_uniqueness_hold,content_uniqueness_hold|decisionScore=100|words=3961|quality_not_launch_ready
/reviews/balega-hidden-comfort,Review,running,DUPLICATIVE,PUBLIC_NOINDEX,published,content_uniqueness_hold,content_uniqueness_hold|decisionScore=100|words=3990|quality_not_launch_ready
/reviews/shokz-opendots-one,Review,running|fitness,DUPLICATIVE,PUBLIC_NOINDEX,published,content_uniqueness_hold,content_uniqueness_hold|decisionScore=100|words=4005|quality_not_launch_ready
/reviews/beats-fit-pro,Review,running|fitness,DUPLICATIVE,PUBLIC_NOINDEX,published,content_uniqueness_hold,content_uniqueness_hold|decisionScore=100|words=3939|quality_not_launch_ready
/reviews/soundcore-aerofit-2,Review,running|fitness,DUPLICATIVE,PUBLIC_NOINDEX,published,content_uniqueness_hold,content_uniqueness_hold|decisionScore=100|words=4037|quality_not_launch_ready
/reviews/soundcore-sport-x20,Review,running|fitness|hyrox,DUPLICATIVE,PUBLIC_NOINDEX,published,content_uniqueness_hold,content_uniqueness_hold|decisionScore=100|words=3954|quality_not_launch_ready
/reviews/apple-airpods-4,Review,running|fitness,DUPLICATIVE,PUBLIC_NOINDEX,published,content_uniqueness_hold,content_uniqueness_hold|decisionScore=100|words=4060|quality_not_launch_ready
/reviews/osprey-hydraulics-lt-15,Review,running,DUPLICATIVE,PUBLIC_NOINDEX,published,content_uniqueness_hold,content_uniqueness_hold|decisionScore=100|words=4035|quality_not_launch_ready
/reviews/hydrapak-tube-kit,Review,running,DUPLICATIVE,PUBLIC_NOINDEX,published,content_uniqueness_hold,content_uniqueness_hold|decisionScore=100|words=4023|quality_not_launch_ready
/reviews/salomon-soft-flask-speed-500,Review,running,DUPLICATIVE,PUBLIC_NOINDEX,published,content_uniqueness_hold,content_uniqueness_hold|decisionScore=100|words=3978|quality_not_launch_ready
/reviews/ultimate-direction-body-bottle-500,Review,running,DUPLICATIVE,PUBLIC_NOINDEX,published,content_uniqueness_hold,content_uniqueness_hold|decisionScore=100|words=3924|quality_not_launch_ready
/reviews/nathan-softflask-18oz,Review,running,DUPLICATIVE,PUBLIC_NOINDEX,published,content_uniqueness_hold,content_uniqueness_hold|decisionScore=100|words=4035|quality_not_launch_ready
/reviews/amphipod-hydraform-ergo-lite-handheld,Review,running,DUPLICATIVE,PUBLIC_NOINDEX,published,content_uniqueness_hold,content_uniqueness_hold|decisionScore=100|words=4051|quality_not_launch_ready
/reviews/camelbak-quick-grip-chill,Review,running,DUPLICATIVE,PUBLIC_NOINDEX,published,content_uniqueness_hold,content_uniqueness_hold|decisionScore=100|words=4039|quality_not_launch_ready
/reviews/hydrapak-contour-2l,Review,running,DUPLICATIVE,PUBLIC_NOINDEX,published,content_uniqueness_hold,content_uniqueness_hold|decisionScore=100|words=3989|quality_not_launch_ready
/reviews/salomon-soft-reservoir-15,Review,running,DUPLICATIVE,PUBLIC_NOINDEX,published,content_uniqueness_hold,content_uniqueness_hold|decisionScore=100|words=4062|quality_not_launch_ready
/reviews/hydrapak-softflask-500,Review,running,DUPLICATIVE,PUBLIC_NOINDEX,published,content_uniqueness_hold,content_uniqueness_hold|decisionScore=100|words=3995|quality_not_launch_ready
/reviews/compressport-free-belt-pro,Review,running,DUPLICATIVE,PUBLIC_NOINDEX,published,content_uniqueness_hold,content_uniqueness_hold|decisionScore=100|words=3951|quality_not_launch_ready
/reviews/amphipod-airflow-lite-belt,Review,running,DUPLICATIVE,PUBLIC_NOINDEX,published,content_uniqueness_hold,content_uniqueness_hold|decisionScore=100|words=3962|quality_not_launch_ready
/reviews/fitletic-fully-loaded,Review,running,DUPLICATIVE,PUBLIC_NOINDEX,published,content_uniqueness_hold,content_uniqueness_hold|decisionScore=100|words=3913|quality_not_launch_ready
/reviews/nathan-zipster-lite,Review,running,DUPLICATIVE,PUBLIC_NOINDEX,published,content_uniqueness_hold,content_uniqueness_hold|decisionScore=100|words=3921|quality_not_launch_ready
/reviews/kiprun-running-belt,Review,running,DUPLICATIVE,PUBLIC_NOINDEX,published,content_uniqueness_hold,content_uniqueness_hold|decisionScore=100|words=3943|quality_not_launch_ready
/reviews/petzl-nao-rl,Review,running,DUPLICATIVE,PUBLIC_NOINDEX,published,content_uniqueness_hold,content_uniqueness_hold|decisionScore=100|words=4015|quality_not_launch_ready
/reviews/petzl-actik-core,Review,running,DUPLICATIVE,PUBLIC_NOINDEX,published,content_uniqueness_hold,content_uniqueness_hold|decisionScore=100|words=3983|quality_not_launch_ready
/reviews/black-diamond-distance-1500,Review,running,DUPLICATIVE,PUBLIC_NOINDEX,published,content_uniqueness_hold,content_uniqueness_hold|decisionScore=100|words=3954|quality_not_launch_ready
/reviews/ledlenser-neo9r,Review,running,DUPLICATIVE,PUBLIC_NOINDEX,published,content_uniqueness_hold,content_uniqueness_hold|decisionScore=100|words=3997|quality_not_launch_ready
/reviews/biolite-headlamp-800-pro,Review,running,DUPLICATIVE,PUBLIC_NOINDEX,published,content_uniqueness_hold,content_uniqueness_hold|decisionScore=100|words=4056|quality_not_launch_ready
/reviews/nitecore-nu43,Review,running,DUPLICATIVE,PUBLIC_NOINDEX,published,content_uniqueness_hold,content_uniqueness_hold|decisionScore=100|words=4011|quality_not_launch_ready
/reviews/amphipod-xinglet,Review,running,DUPLICATIVE,PUBLIC_NOINDEX,published,content_uniqueness_hold,content_uniqueness_hold|decisionScore=100|words=4014|quality_not_launch_ready
/reviews/amphipod-xinglet-optic-beam,Review,running,DUPLICATIVE,PUBLIC_NOINDEX,published,content_uniqueness_hold,content_uniqueness_hold|decisionScore=100|words=3948|quality_not_launch_ready
/reviews/amphipod-vizlet-led,Review,running,DUPLICATIVE,PUBLIC_NOINDEX,published,content_uniqueness_hold,content_uniqueness_hold|decisionScore=100|words=3962|quality_not_launch_ready
/reviews/proviz-reflect360-running-vest,Review,running,DUPLICATIVE,PUBLIC_NOINDEX,published,content_uniqueness_hold,content_uniqueness_hold|decisionScore=100|words=4039|quality_not_launch_ready
/reviews/nathan-lightbender-rx,Review,running,DUPLICATIVE,PUBLIC_NOINDEX,published,content_uniqueness_hold,content_uniqueness_hold|decisionScore=100|words=3979|quality_not_launch_ready
/reviews/therabody-theragun-pro,Review,running|recovery|fitness,DUPLICATIVE,PUBLIC_NOINDEX,published,content_uniqueness_hold,content_uniqueness_hold|decisionScore=100|words=4068|quality_not_launch_ready
/reviews/hyperice-hypervolt-2,Review,running|recovery|fitness,DUPLICATIVE,PUBLIC_NOINDEX,published,content_uniqueness_hold,content_uniqueness_hold|decisionScore=100|words=4033|quality_not_launch_ready
/reviews/triggerpoint-grid-x,Review,running|recovery|fitness,DUPLICATIVE,PUBLIC_NOINDEX,published,content_uniqueness_hold,content_uniqueness_hold|decisionScore=100|words=3909|quality_not_launch_ready
/reviews/triggerpoint-grid-travel,Review,running|recovery|fitness,DUPLICATIVE,PUBLIC_NOINDEX,published,content_uniqueness_hold,content_uniqueness_hold|decisionScore=100|words=3980|quality_not_launch_ready
/reviews/brazyn-morph,Review,running|recovery|fitness,DUPLICATIVE,PUBLIC_NOINDEX,published,content_uniqueness_hold,content_uniqueness_hold|decisionScore=100|words=3918|quality_not_launch_ready
/reviews/blackroll-pro,Review,running|recovery|fitness,DUPLICATIVE,PUBLIC_NOINDEX,published,content_uniqueness_hold,content_uniqueness_hold|decisionScore=100|words=4060|quality_not_launch_ready
/reviews/hyperice-normatec-3,Review,running|recovery|fitness,DUPLICATIVE,PUBLIC_NOINDEX,published,content_uniqueness_hold,content_uniqueness_hold|decisionScore=100|words=3950|quality_not_launch_ready
/reviews/oofos-oolala,Review,running|recovery,DUPLICATIVE,PUBLIC_NOINDEX,published,content_uniqueness_hold,content_uniqueness_hold|decisionScore=100|words=3976|quality_not_launch_ready
/reviews/cep-the-run-calf-sleeves,Review,running|recovery,DUPLICATIVE,PUBLIC_NOINDEX,published,content_uniqueness_hold,content_uniqueness_hold|decisionScore=100|words=3939|quality_not_launch_ready
/reviews/hyperice-vyper-3,Review,running|recovery|fitness,DUPLICATIVE,PUBLIC_NOINDEX,published,content_uniqueness_hold,content_uniqueness_hold|decisionScore=100|words=4058|quality_not_launch_ready
/reviews/cep-calf-sleeves-3,Review,running|recovery,DUPLICATIVE,PUBLIC_NOINDEX,published,content_uniqueness_hold,content_uniqueness_hold|decisionScore=100|words=3916|quality_not_launch_ready
/reviews/patagonia-houdini-men,Review,running,DUPLICATIVE,PUBLIC_NOINDEX,published,content_uniqueness_hold,content_uniqueness_hold|decisionScore=100|words=4012|quality_not_launch_ready
/reviews/brooks-sherpa-7-men,Review,running,DUPLICATIVE,PUBLIC_NOINDEX,published,content_uniqueness_hold,content_uniqueness_hold|decisionScore=100|words=3909|quality_not_launch_ready
/reviews/salomon-bonatti-wp-men,Review,running,DUPLICATIVE,PUBLIC_NOINDEX,published,content_uniqueness_hold,content_uniqueness_hold|decisionScore=100|words=4032|quality_not_launch_ready
/reviews/salomon-bonatti-wp-women,Review,running,DUPLICATIVE,PUBLIC_NOINDEX,published,content_uniqueness_hold,content_uniqueness_hold|decisionScore=100|words=3912|quality_not_launch_ready
/reviews/ciele-gocap-athletics,Review,running,DUPLICATIVE,PUBLIC_NOINDEX,published,content_uniqueness_hold,content_uniqueness_hold|decisionScore=100|words=3956|quality_not_launch_ready
/reviews/rabbit-fuel-n-fly-men,Review,running,DUPLICATIVE,PUBLIC_NOINDEX,published,content_uniqueness_hold,content_uniqueness_hold|decisionScore=100|words=3978|quality_not_launch_ready
/reviews/brooks-chaser-5-women,Review,running,DUPLICATIVE,PUBLIC_NOINDEX,published,content_uniqueness_hold,content_uniqueness_hold|decisionScore=100|words=4036|quality_not_launch_ready
/reviews/patagonia-capilene-midweight-zip-men,Review,running,DUPLICATIVE,PUBLIC_NOINDEX,published,content_uniqueness_hold,content_uniqueness_hold|decisionScore=100|words=4004|quality_not_launch_ready
/reviews/brooks-method-tight-women,Review,running,DUPLICATIVE,PUBLIC_NOINDEX,published,content_uniqueness_hold,content_uniqueness_hold|decisionScore=100|words=3897|quality_not_launch_ready
/reviews/maurten-drink-mix-320,Review,running|cycling,DUPLICATIVE,PUBLIC_NOINDEX,published,content_uniqueness_hold,content_uniqueness_hold|decisionScore=100|words=4016|quality_not_launch_ready
/reviews/maurten-gel-160,Review,running|cycling,DUPLICATIVE,PUBLIC_NOINDEX,published,content_uniqueness_hold,content_uniqueness_hold|decisionScore=100|words=3967|quality_not_launch_ready
/reviews/maurten-gel-100,Review,running|cycling,DUPLICATIVE,PUBLIC_NOINDEX,published,content_uniqueness_hold,content_uniqueness_hold|decisionScore=100|words=4052|quality_not_launch_ready
/reviews/precision-pf30-gel,Review,running|cycling,DUPLICATIVE,PUBLIC_NOINDEX,published,content_uniqueness_hold,content_uniqueness_hold|decisionScore=100|words=4036|quality_not_launch_ready
/reviews/styrkr-mix90,Review,running|cycling,DUPLICATIVE,PUBLIC_NOINDEX,published,content_uniqueness_hold,content_uniqueness_hold|decisionScore=100|words=3950|quality_not_launch_ready
/reviews/maurten-gel-100-caf-100,Review,running|cycling,DUPLICATIVE,PUBLIC_NOINDEX,published,content_uniqueness_hold,content_uniqueness_hold|decisionScore=100|words=4047|quality_not_launch_ready
/reviews/neversecond-c30-gel,Review,running|cycling,DUPLICATIVE,PUBLIC_NOINDEX,published,content_uniqueness_hold,content_uniqueness_hold|decisionScore=100|words=4040|quality_not_launch_ready
/reviews/sis-beta-fuel-gel,Review,running|cycling,DUPLICATIVE,PUBLIC_NOINDEX,published,content_uniqueness_hold,content_uniqueness_hold|decisionScore=100|words=4025|quality_not_launch_ready
/reviews/maurten-drink-mix-160,Review,running|cycling,DUPLICATIVE,PUBLIC_NOINDEX,published,content_uniqueness_hold,content_uniqueness_hold|decisionScore=100|words=4042|quality_not_launch_ready
/reviews/neversecond-c30-sports-drink,Review,running|cycling,DUPLICATIVE,PUBLIC_NOINDEX,published,content_uniqueness_hold,content_uniqueness_hold|decisionScore=100|words=4047|quality_not_launch_ready
/reviews/oakley-radar-ev-path,Review,running|cycling,DUPLICATIVE,PUBLIC_NOINDEX,published,content_uniqueness_hold,content_uniqueness_hold|decisionScore=100|words=4058|quality_not_launch_ready
/reviews/oakley-sutro-lite,Review,running|cycling,DUPLICATIVE,PUBLIC_NOINDEX,published,content_uniqueness_hold,content_uniqueness_hold|decisionScore=100|words=3926|quality_not_launch_ready
/reviews/oakley-kato,Review,running|cycling,DUPLICATIVE,PUBLIC_NOINDEX,published,content_uniqueness_hold,content_uniqueness_hold|decisionScore=100|words=3960|quality_not_launch_ready
/reviews/oakley-flak-2-0-xl,Review,running|cycling,DUPLICATIVE,PUBLIC_NOINDEX,published,content_uniqueness_hold,content_uniqueness_hold|decisionScore=100|words=3939|quality_not_launch_ready
/reviews/smith-shift-mag,Review,running|cycling,DUPLICATIVE,PUBLIC_NOINDEX,published,content_uniqueness_hold,content_uniqueness_hold|decisionScore=100|words=4025|quality_not_launch_ready
/reviews/julbo-ultimate,Review,running,DUPLICATIVE,PUBLIC_NOINDEX,published,content_uniqueness_hold,content_uniqueness_hold|decisionScore=100|words=4058|quality_not_launch_ready
/reviews/100-percent-s3,Review,running|cycling,DUPLICATIVE,PUBLIC_NOINDEX,published,content_uniqueness_hold,content_uniqueness_hold|decisionScore=100|words=3923|quality_not_launch_ready
/reviews/body-glide-original,Review,running|fitness,DUPLICATIVE,PUBLIC_NOINDEX,published,content_uniqueness_hold,content_uniqueness_hold|decisionScore=100|words=3900|quality_not_launch_ready
/reviews/squirrels-nut-butter,Review,running|fitness,DUPLICATIVE,PUBLIC_NOINDEX,published,content_uniqueness_hold,content_uniqueness_hold|decisionScore=100|words=3970|quality_not_launch_ready
/reviews/2toms-sportshield,Review,running|fitness,DUPLICATIVE,PUBLIC_NOINDEX,published,content_uniqueness_hold,content_uniqueness_hold|decisionScore=100|words=4015|quality_not_launch_ready
/reviews/smith-attack-mag,Review,running|cycling,DUPLICATIVE,PUBLIC_NOINDEX,published,content_uniqueness_hold,content_uniqueness_hold|decisionScore=100|words=4030|quality_not_launch_ready
/reviews/julbo-rush,Review,running,DUPLICATIVE,PUBLIC_NOINDEX,published,content_uniqueness_hold,content_uniqueness_hold|decisionScore=100|words=3969|quality_not_launch_ready
/reviews/rudy-project-cutline,Review,running|cycling,DUPLICATIVE,PUBLIC_NOINDEX,published,content_uniqueness_hold,content_uniqueness_hold|decisionScore=100|words=4044|quality_not_launch_ready
/reviews/roka-phantom-air,Review,running|cycling,DUPLICATIVE,PUBLIC_NOINDEX,published,content_uniqueness_hold,content_uniqueness_hold|decisionScore=100|words=4005|quality_not_launch_ready
/reviews/tifosi-rail,Review,running|cycling,DUPLICATIVE,PUBLIC_NOINDEX,published,content_uniqueness_hold,content_uniqueness_hold|decisionScore=100|words=3938|quality_not_launch_ready
/reviews/tifosi-vogel,Review,running,DUPLICATIVE,PUBLIC_NOINDEX,published,content_uniqueness_hold,content_uniqueness_hold|decisionScore=100|words=4034|quality_not_launch_ready
/reviews/goodr-circle-gs,Review,running,DUPLICATIVE,PUBLIC_NOINDEX,published,content_uniqueness_hold,content_uniqueness_hold|decisionScore=100|words=3913|quality_not_launch_ready
/reviews/sis-go-isotonic-gel,Review,running|cycling,DUPLICATIVE,PUBLIC_NOINDEX,published,content_uniqueness_hold,content_uniqueness_hold|decisionScore=100|words=3981|quality_not_launch_ready
/reviews/gu-energy-gel,Review,running|cycling,DUPLICATIVE,PUBLIC_NOINDEX,published,content_uniqueness_hold,content_uniqueness_hold|decisionScore=100|words=3957|quality_not_launch_ready
/reviews/gu-roctane-gel,Review,running|cycling,DUPLICATIVE,PUBLIC_NOINDEX,published,content_uniqueness_hold,content_uniqueness_hold|decisionScore=100|words=4040|quality_not_launch_ready
/reviews/spring-energy-awesome-sauce,Review,running,DUPLICATIVE,PUBLIC_NOINDEX,published,content_uniqueness_hold,content_uniqueness_hold|decisionScore=100|words=4068|quality_not_launch_ready
/reviews/huma-gel-original,Review,running|cycling,DUPLICATIVE,PUBLIC_NOINDEX,published,content_uniqueness_hold,content_uniqueness_hold|decisionScore=100|words=4006|quality_not_launch_ready
/reviews/honey-stinger-organic-energy-gel,Review,running|cycling,DUPLICATIVE,PUBLIC_NOINDEX,published,content_uniqueness_hold,content_uniqueness_hold|decisionScore=100|words=3969|quality_not_launch_ready
/reviews/clif-bloks-energy-chews,Review,running|cycling,DUPLICATIVE,PUBLIC_NOINDEX,published,content_uniqueness_hold,content_uniqueness_hold|decisionScore=100|words=4086|quality_not_launch_ready
/reviews/gu-energy-chews,Review,running|cycling,DUPLICATIVE,PUBLIC_NOINDEX,published,content_uniqueness_hold,content_uniqueness_hold|decisionScore=100|words=3943|quality_not_launch_ready
/reviews/skratch-sport-energy-chews,Review,running|cycling,DUPLICATIVE,PUBLIC_NOINDEX,published,content_uniqueness_hold,content_uniqueness_hold|decisionScore=100|words=4045|quality_not_launch_ready
/reviews/veloforte-energy-chews,Review,running|cycling,DUPLICATIVE,PUBLIC_NOINDEX,published,content_uniqueness_hold,content_uniqueness_hold|decisionScore=100|words=3995|quality_not_launch_ready
/reviews/saltstick-fastchews,Review,running|cycling,DUPLICATIVE,PUBLIC_NOINDEX,published,content_uniqueness_hold,content_uniqueness_hold|decisionScore=100|words=3970|quality_not_launch_ready
/reviews/clif-bar-original,Review,running|cycling,DUPLICATIVE,PUBLIC_NOINDEX,published,content_uniqueness_hold,content_uniqueness_hold|decisionScore=100|words=4027|quality_not_launch_ready
/reviews/naak-ultra-energy-bar,Review,running,DUPLICATIVE,PUBLIC_NOINDEX,published,content_uniqueness_hold,content_uniqueness_hold|decisionScore=100|words=4101|quality_not_launch_ready
/reviews/powerbar-energize,Review,running|cycling,DUPLICATIVE,PUBLIC_NOINDEX,published,content_uniqueness_hold,content_uniqueness_hold|decisionScore=100|words=4029|quality_not_launch_ready
/reviews/sis-beta-fuel-drink,Review,running|cycling,DUPLICATIVE,PUBLIC_NOINDEX,published,content_uniqueness_hold,content_uniqueness_hold|decisionScore=100|words=4021|quality_not_launch_ready
/reviews/tailwind-endurance-fuel,Review,running|cycling,DUPLICATIVE,PUBLIC_NOINDEX,published,content_uniqueness_hold,content_uniqueness_hold|decisionScore=100|words=3957|quality_not_launch_ready
/reviews/precision-pf30-drink-mix,Review,running|cycling,DUPLICATIVE,PUBLIC_NOINDEX,published,content_uniqueness_hold,content_uniqueness_hold|decisionScore=100|words=3993|quality_not_launch_ready
/reviews/skratch-sport-hydration-mix,Review,running|cycling,DUPLICATIVE,PUBLIC_NOINDEX,published,content_uniqueness_hold,content_uniqueness_hold|decisionScore=100|words=4039|quality_not_launch_ready
/reviews/precision-ph1500,Review,running|cycling,DUPLICATIVE,PUBLIC_NOINDEX,published,content_uniqueness_hold,content_uniqueness_hold|decisionScore=100|words=3973|quality_not_launch_ready
/reviews/nuun-sport,Review,running|cycling,DUPLICATIVE,PUBLIC_NOINDEX,published,content_uniqueness_hold,content_uniqueness_hold|decisionScore=100|words=4033|quality_not_launch_ready
/reviews/high5-zero,Review,running|cycling,DUPLICATIVE,PUBLIC_NOINDEX,published,content_uniqueness_hold,content_uniqueness_hold|decisionScore=100|words=3980|quality_not_launch_ready
/reviews/saltstick-caps,Review,running|cycling,DUPLICATIVE,PUBLIC_NOINDEX,published,content_uniqueness_hold,content_uniqueness_hold|decisionScore=100|words=3989|quality_not_launch_ready
/reviews/high5-energy-gel,Review,running|cycling,DUPLICATIVE,PUBLIC_NOINDEX,published,content_uniqueness_hold,content_uniqueness_hold|decisionScore=100|words=4013|quality_not_launch_ready
/reviews/226ers-high-energy-gel,Review,running|cycling,DUPLICATIVE,PUBLIC_NOINDEX,published,content_uniqueness_hold,content_uniqueness_hold|decisionScore=100|words=4023|quality_not_launch_ready
/reviews/enervit-c2-1-carbo-gel,Review,running|cycling,DUPLICATIVE,PUBLIC_NOINDEX,published,content_uniqueness_hold,content_uniqueness_hold|decisionScore=100|words=3931|quality_not_launch_ready
/reviews/styrkr-gel30,Review,running|cycling,DUPLICATIVE,PUBLIC_NOINDEX,published,content_uniqueness_hold,content_uniqueness_hold|decisionScore=100|words=3951|quality_not_launch_ready
/reviews/naak-ultra-energy-drink-mix,Review,running,DUPLICATIVE,PUBLIC_NOINDEX,published,content_uniqueness_hold,content_uniqueness_hold|decisionScore=100|words=3949|quality_not_launch_ready
/reviews/veloforte-energy-bar,Review,running|cycling,DUPLICATIVE,PUBLIC_NOINDEX,published,content_uniqueness_hold,content_uniqueness_hold|decisionScore=100|words=3915|quality_not_launch_ready
/reviews/tracksmith-session-short-men,Review,running,DUPLICATIVE,PUBLIC_NOINDEX,published,content_uniqueness_hold,content_uniqueness_hold|decisionScore=100|words=4056|quality_not_launch_ready
/reviews/tracksmith-session-short-women,Review,running,DUPLICATIVE,PUBLIC_NOINDEX,published,content_uniqueness_hold,content_uniqueness_hold|decisionScore=100|words=3963|quality_not_launch_ready
/reviews/patagonia-strider-pro-men,Review,running,DUPLICATIVE,PUBLIC_NOINDEX,published,content_uniqueness_hold,content_uniqueness_hold|decisionScore=100|words=3980|quality_not_launch_ready
/reviews/patagonia-trailfarer-short-women,Review,running,DUPLICATIVE,PUBLIC_NOINDEX,published,content_uniqueness_hold,content_uniqueness_hold|decisionScore=100|words=4025|quality_not_launch_ready
/reviews/nb-rc-essential-short-men,Review,running,DUPLICATIVE,PUBLIC_NOINDEX,published,content_uniqueness_hold,content_uniqueness_hold|decisionScore=100|words=3976|quality_not_launch_ready
/reviews/adidas-own-the-run-short-men,Review,running,DUPLICATIVE,PUBLIC_NOINDEX,published,content_uniqueness_hold,content_uniqueness_hold|decisionScore=100|words=3986|quality_not_launch_ready
/reviews/on-performance-short-men,Review,running,DUPLICATIVE,PUBLIC_NOINDEX,published,content_uniqueness_hold,content_uniqueness_hold|decisionScore=100|words=4069|quality_not_launch_ready
/reviews/tracksmith-twilight-half-men,Review,running,DUPLICATIVE,PUBLIC_NOINDEX,published,content_uniqueness_hold,content_uniqueness_hold|decisionScore=100|words=3974|quality_not_launch_ready
/reviews/tracksmith-turnover-tight-women,Review,running,DUPLICATIVE,PUBLIC_NOINDEX,published,content_uniqueness_hold,content_uniqueness_hold|decisionScore=100|words=3904|quality_not_launch_ready
/reviews/nike-fast-tight-men,Review,running,DUPLICATIVE,PUBLIC_NOINDEX,published,content_uniqueness_hold,content_uniqueness_hold|decisionScore=100|words=4027|quality_not_launch_ready
/reviews/on-performance-tight-women,Review,running,DUPLICATIVE,PUBLIC_NOINDEX,published,content_uniqueness_hold,content_uniqueness_hold|decisionScore=100|words=3912|quality_not_launch_ready
/reviews/craft-adv-essence-tight-men,Review,running,DUPLICATIVE,PUBLIC_NOINDEX,published,content_uniqueness_hold,content_uniqueness_hold|decisionScore=100|words=4030|quality_not_launch_ready
/reviews/patagonia-endless-run-tight-women,Review,running,DUPLICATIVE,PUBLIC_NOINDEX,published,content_uniqueness_hold,content_uniqueness_hold|decisionScore=100|words=4012|quality_not_launch_ready
/reviews/brooks-canopy-jacket-men,Review,running,DUPLICATIVE,PUBLIC_NOINDEX,published,content_uniqueness_hold,content_uniqueness_hold|decisionScore=100|words=3918|quality_not_launch_ready
/reviews/brooks-notch-thermal-men,Review,running,DUPLICATIVE,PUBLIC_NOINDEX,published,content_uniqueness_hold,content_uniqueness_hold|decisionScore=100|words=3946|quality_not_launch_ready
/reviews/nike-impossibly-light-men,Review,running,DUPLICATIVE,PUBLIC_NOINDEX,published,content_uniqueness_hold,content_uniqueness_hold|decisionScore=100|words=4062|quality_not_launch_ready
/reviews/on-weather-jacket-men,Review,running,DUPLICATIVE,PUBLIC_NOINDEX,published,content_uniqueness_hold,content_uniqueness_hold|decisionScore=100|words=4031|quality_not_launch_ready
/reviews/craft-adv-essence-light-wind-men,Review,running,DUPLICATIVE,PUBLIC_NOINDEX,published,content_uniqueness_hold,content_uniqueness_hold|decisionScore=100|words=3983|quality_not_launch_ready
/reviews/janji-rainrunner-men,Review,running,DUPLICATIVE,PUBLIC_NOINDEX,published,content_uniqueness_hold,content_uniqueness_hold|decisionScore=100|words=4015|quality_not_launch_ready
/reviews/nike-dri-fit-miler-women,Review,running,DUPLICATIVE,PUBLIC_NOINDEX,published,content_uniqueness_hold,content_uniqueness_hold|decisionScore=100|words=3921|quality_not_launch_ready
/reviews/tracksmith-van-cortlandt-tee-men,Review,running,DUPLICATIVE,PUBLIC_NOINDEX,published,content_uniqueness_hold,content_uniqueness_hold|decisionScore=100|words=3925|quality_not_launch_ready
/reviews/janji-run-tee-men,Review,running,DUPLICATIVE,PUBLIC_NOINDEX,published,content_uniqueness_hold,content_uniqueness_hold|decisionScore=100|words=3924|quality_not_launch_ready
/reviews/patagonia-capilene-cool-daily-men,Review,running,DUPLICATIVE,PUBLIC_NOINDEX,published,content_uniqueness_hold,content_uniqueness_hold|decisionScore=100|words=4002|quality_not_launch_ready
/reviews/adidas-own-the-run-tee-men,Review,running,DUPLICATIVE,PUBLIC_NOINDEX,published,content_uniqueness_hold,content_uniqueness_hold|decisionScore=100|words=3920|quality_not_launch_ready
/reviews/tracksmith-brighton-ls-men,Review,running,DUPLICATIVE,PUBLIC_NOINDEX,published,content_uniqueness_hold,content_uniqueness_hold|decisionScore=100|words=4020|quality_not_launch_ready
/reviews/patagonia-capilene-thermal-crew-men,Review,running,DUPLICATIVE,PUBLIC_NOINDEX,published,content_uniqueness_hold,content_uniqueness_hold|decisionScore=100|words=3973|quality_not_launch_ready
/reviews/odlo-active-warm-eco-men,Review,running,DUPLICATIVE,PUBLIC_NOINDEX,published,content_uniqueness_hold,content_uniqueness_hold|decisionScore=100|words=3903|quality_not_launch_ready
/reviews/odlo-active-warm-eco-bottom-men,Review,running,DUPLICATIVE,PUBLIC_NOINDEX,published,content_uniqueness_hold,content_uniqueness_hold|decisionScore=100|words=3981|quality_not_launch_ready
/reviews/craft-active-extreme-x-men,Review,running,DUPLICATIVE,PUBLIC_NOINDEX,published,content_uniqueness_hold,content_uniqueness_hold|decisionScore=100|words=3917|quality_not_launch_ready
/reviews/patagonia-nano-puff-vest-men,Review,running,DUPLICATIVE,PUBLIC_NOINDEX,published,content_uniqueness_hold,content_uniqueness_hold|decisionScore=100|words=4051|quality_not_launch_ready
/reviews/craft-adv-essence-light-wind-vest-men,Review,running,DUPLICATIVE,PUBLIC_NOINDEX,published,content_uniqueness_hold,content_uniqueness_hold|decisionScore=100|words=4041|quality_not_launch_ready
/reviews/nike-swoosh-medium-support,Review,running,DUPLICATIVE,PUBLIC_NOINDEX,published,content_uniqueness_hold,content_uniqueness_hold|decisionScore=100|words=3938|quality_not_launch_ready
/reviews/brooks-notch-thermal-beanie,Review,running,DUPLICATIVE,PUBLIC_NOINDEX,published,content_uniqueness_hold,content_uniqueness_hold|decisionScore=100|words=3970|quality_not_launch_ready
/reviews/nike-aerobill-cap,Review,running,DUPLICATIVE,PUBLIC_NOINDEX,published,content_uniqueness_hold,content_uniqueness_hold|decisionScore=100|words=3953|quality_not_launch_ready
/reviews/smartwool-thermal-merino-glove,Review,running,DUPLICATIVE,PUBLIC_NOINDEX,published,content_uniqueness_hold,content_uniqueness_hold|decisionScore=100|words=3915|quality_not_launch_ready
/reviews/nike-therma-fit-glove,Review,running,DUPLICATIVE,PUBLIC_NOINDEX,published,content_uniqueness_hold,content_uniqueness_hold|decisionScore=100|words=4001|quality_not_launch_ready
/reviews/craft-adv-lumen-glove,Review,running,DUPLICATIVE,PUBLIC_NOINDEX,published,content_uniqueness_hold,content_uniqueness_hold|decisionScore=100|words=4016|quality_not_launch_ready
/reviews/asics-core-split-short,Review,running,DUPLICATIVE,PUBLIC_NOINDEX,published,content_uniqueness_hold,content_uniqueness_hold|decisionScore=100|words=3907|quality_not_launch_ready
/reviews/nike-dri-fit-stride-short,Review,running,DUPLICATIVE,PUBLIC_NOINDEX,published,content_uniqueness_hold,content_uniqueness_hold|decisionScore=100|words=3965|quality_not_launch_ready
/reviews/craft-adv-essence-short,Review,running,DUPLICATIVE,PUBLIC_NOINDEX,published,content_uniqueness_hold,content_uniqueness_hold|decisionScore=100|words=3942|quality_not_launch_ready
/reviews/oakley-encoder,Review,running|cycling,DUPLICATIVE,PUBLIC_NOINDEX,published,content_uniqueness_hold,content_uniqueness_hold|decisionScore=100|words=3873|quality_not_launch_ready
/reviews/goodr-ogs,Review,running,DUPLICATIVE,PUBLIC_NOINDEX,published,content_uniqueness_hold,content_uniqueness_hold|decisionScore=100|words=3979|quality_not_launch_ready
/reviews/julbo-aerolite,Review,running,DUPLICATIVE,PUBLIC_NOINDEX,published,content_uniqueness_hold,content_uniqueness_hold|decisionScore=100|words=3933|quality_not_launch_ready
/reviews/buff-original,Review,running,DUPLICATIVE,PUBLIC_NOINDEX,published,content_uniqueness_hold,content_uniqueness_hold|decisionScore=100|words=3915|quality_not_launch_ready
/reviews/buff-coolnet-uv,Review,running,DUPLICATIVE,PUBLIC_NOINDEX,published,content_uniqueness_hold,content_uniqueness_hold|decisionScore=100|words=4016|quality_not_launch_ready
/reviews/buff-merino-lightweight,Review,running,DUPLICATIVE,PUBLIC_NOINDEX,published,content_uniqueness_hold,content_uniqueness_hold|decisionScore=100|words=3907|quality_not_launch_ready
/reviews/buff-polar,Review,running,DUPLICATIVE,PUBLIC_NOINDEX,published,content_uniqueness_hold,content_uniqueness_hold|decisionScore=100|words=4048|quality_not_launch_ready
/reviews/adidas-adipower-weightlifting-2,Review,fitness,BLOCKED,HIDDEN_404,published,hidden,vertical_hold:fitness:selective
/reviews/adidas-adipower-weightlifting-3,Review,fitness,BLOCKED,HIDDEN_404,published,hidden,vertical_hold:fitness:selective
/reviews/adidas-adizero-adios-pro-4,Review,running,DUPLICATIVE,PUBLIC_NOINDEX,published,content_uniqueness_hold,content_uniqueness_hold|decisionScore=100|words=3927|quality_not_launch_ready
/reviews/adidas-adizero-boston-13,Review,running,DUPLICATIVE,PUBLIC_NOINDEX,published,content_uniqueness_hold,content_uniqueness_hold|decisionScore=100|words=3964|quality_not_launch_ready
/reviews/adidas-adizero-evo-sl,Review,running,DUPLICATIVE,PUBLIC_NOINDEX,published,content_uniqueness_hold,content_uniqueness_hold|decisionScore=100|words=3924|quality_not_launch_ready
/reviews/adidas-barricade-13,Review,tennis|padel,BLOCKED,HIDDEN_404,published,hidden,vertical_hold:tennis:disabled
/reviews/adidas-courtjam-control-3,Review,tennis|padel,BLOCKED,HIDDEN_404,published,hidden,vertical_hold:tennis:disabled
/reviews/adidas-courtquick-padel-women,Review,padel|tennis,BLOCKED,HIDDEN_404,published,hidden,vertical_hold:padel:disabled
/reviews/adidas-courtstabil-padel,Review,padel,BLOCKED,HIDDEN_404,published,hidden,vertical_hold:padel:disabled
/reviews/adidas-crazyquick-boost-padel,Review,padel|tennis,BLOCKED,HIDDEN_404,published,hidden,vertical_hold:padel:disabled
/reviews/adidas-crazyquick-boost-padel-women,Review,padel|tennis,BLOCKED,HIDDEN_404,published,hidden,vertical_hold:padel:disabled
/reviews/adidas-dropset-2,Review,fitness,BLOCKED,HIDDEN_404,published,hidden,vertical_hold:fitness:selective
/reviews/adidas-dropset-3,Review,fitness,BLOCKED,HIDDEN_404,published,hidden,vertical_hold:fitness:selective
/reviews/adidas-metalbone-2026,Review,padel,BLOCKED,HIDDEN_404,published,hidden,vertical_hold:padel:disabled
/reviews/adidas-metalbone-hrd-2026,Review,padel,BLOCKED,HIDDEN_404,published,hidden,vertical_hold:padel:disabled
/reviews/adidas-powerlift-5,Review,fitness,BLOCKED,HIDDEN_404,published,hidden,vertical_hold:fitness:selective
/reviews/adidas-rapidmove-adv,Review,fitness,BLOCKED,HIDDEN_404,published,hidden,vertical_hold:fitness:selective
/reviews/adidas-solematch-control-2,Review,tennis|padel,BLOCKED,HIDDEN_404,published,hidden,vertical_hold:tennis:disabled
/reviews/adidas-terrex-agravic-3,Review,running,DUPLICATIVE,PUBLIC_NOINDEX,published,content_uniqueness_hold,content_uniqueness_hold|decisionScore=100|words=4004|quality_not_launch_ready
/reviews/adidas-the-total,Review,fitness,BLOCKED,HIDDEN_404,published,hidden,vertical_hold:fitness:selective
/reviews/adidas-ultraboost-5,Review,running,DUPLICATIVE,PUBLIC_NOINDEX,published,content_uniqueness_hold,content_uniqueness_hold|decisionScore=100|words=3922|quality_not_launch_ready
/reviews/altra-escalante-4,Review,running,DUPLICATIVE,PUBLIC_NOINDEX,published,content_uniqueness_hold,content_uniqueness_hold|decisionScore=100|words=3991|quality_not_launch_ready
/reviews/altra-experience-flow,Review,running,DUPLICATIVE,PUBLIC_NOINDEX,published,content_uniqueness_hold,content_uniqueness_hold|decisionScore=100|words=3932|quality_not_launch_ready
/reviews/altra-lone-peak-8,Review,running,DUPLICATIVE,PUBLIC_NOINDEX,published,content_uniqueness_hold,content_uniqueness_hold|decisionScore=100|words=3973|quality_not_launch_ready
/reviews/altra-paradigm-7,Review,running,DUPLICATIVE,PUBLIC_NOINDEX,published,content_uniqueness_hold,content_uniqueness_hold|decisionScore=100|words=3980|quality_not_launch_ready
/reviews/altra-torin-8,Review,running,DUPLICATIVE,PUBLIC_NOINDEX,published,content_uniqueness_hold,content_uniqueness_hold|decisionScore=100|words=3918|quality_not_launch_ready
/reviews/apple-airpods-pro-2,Review,running|fitness,DUPLICATIVE,PUBLIC_NOINDEX,published,content_uniqueness_hold,content_uniqueness_hold|decisionScore=100|words=3971|quality_not_launch_ready
/reviews/apple-watch-ultra-2,Review,running|cycling|swimming|fitness,DUPLICATIVE,PUBLIC_NOINDEX,published,content_uniqueness_hold,content_uniqueness_hold|decisionScore=100|words=3904|quality_not_launch_ready
/reviews/asics-game-ff-padel,Review,padel|tennis,BLOCKED,HIDDEN_404,published,hidden,vertical_hold:padel:disabled
/reviews/asics-gel-challenger-15,Review,tennis|padel,BLOCKED,HIDDEN_404,published,hidden,vertical_hold:tennis:disabled
/reviews/asics-gel-challenger-court,Review,padel|tennis,BLOCKED,HIDDEN_404,published,hidden,vertical_hold:padel:disabled
/reviews/asics-gel-cumulus-27,Review,running,DUPLICATIVE,PUBLIC_NOINDEX,published,content_uniqueness_hold,content_uniqueness_hold|decisionScore=100|words=3888|quality_not_launch_ready
/reviews/asics-gel-dedicate-8,Review,tennis|padel,BLOCKED,HIDDEN_404,published,hidden,vertical_hold:tennis:disabled
/reviews/asics-gel-dedicate-8-padel,Review,padel|tennis,BLOCKED,HIDDEN_404,published,hidden,vertical_hold:padel:disabled
/reviews/asics-gel-nimbus-27,Review,running,DUPLICATIVE,PUBLIC_NOINDEX,published,content_uniqueness_hold,content_uniqueness_hold|decisionScore=100|words=3951|quality_not_launch_ready
/reviews/asics-gel-quantum-360-8,Review,fitness,BLOCKED,HIDDEN_404,published,hidden,vertical_hold:fitness:selective
/reviews/asics-gel-resolution-9,Review,tennis,BLOCKED,HIDDEN_404,published,hidden,vertical_hold:tennis:disabled
/reviews/asics-gel-resolution-9-clay,Review,tennis|padel,BLOCKED,HIDDEN_404,published,hidden,vertical_hold:tennis:disabled
/reviews/asics-gel-resolution-padel,Review,padel|tennis,BLOCKED,HIDDEN_404,published,hidden,vertical_hold:padel:disabled
/reviews/asics-gel-trabuco-13,Review,running,DUPLICATIVE,PUBLIC_NOINDEX,published,content_uniqueness_hold,content_uniqueness_hold|decisionScore=100|words=3976|quality_not_launch_ready
/reviews/asics-gt-1000-13,Review,running,DUPLICATIVE,PUBLIC_NOINDEX,published,content_uniqueness_hold,content_uniqueness_hold|decisionScore=100|words=3998|quality_not_launch_ready
/reviews/asics-gt-2000-14,Review,running,DUPLICATIVE,PUBLIC_NOINDEX,published,content_uniqueness_hold,content_uniqueness_hold|decisionScore=100|words=3983|quality_not_launch_ready
/reviews/asics-metaspeed-sky-paris,Review,running,DUPLICATIVE,PUBLIC_NOINDEX,published,content_uniqueness_hold,content_uniqueness_hold|decisionScore=100|words=3937|quality_not_launch_ready
/reviews/asics-novablast-4,Review,running,DUPLICATIVE,PUBLIC_NOINDEX,published,content_uniqueness_hold,content_uniqueness_hold|decisionScore=100|words=3910|quality_not_launch_ready
/reviews/asics-solution-speed-ff-3,Review,tennis|padel,BLOCKED,HIDDEN_404,published,hidden,vertical_hold:tennis:disabled
/reviews/asics-solution-swift-ff2-padel,Review,padel|tennis,BLOCKED,HIDDEN_404,published,hidden,vertical_hold:padel:disabled
/reviews/assaultbike-classic,Review,fitness|hyrox,BLOCKED,HIDDEN_404,published,hidden,vertical_hold:fitness:selective
/reviews/assaultbike-elite,Review,fitness|hyrox,BLOCKED,HIDDEN_404,published,hidden,vertical_hold:fitness:selective
/reviews/assaultrunner-elite,Review,fitness|hyrox|running,DUPLICATIVE,PUBLIC_NOINDEX,published,content_uniqueness_hold,content_uniqueness_hold|decisionScore=100|words=3905|quality_not_launch_ready
/reviews/assaultrunner-pro,Review,fitness|hyrox|running,DUPLICATIVE,PUBLIC_NOINDEX,published,content_uniqueness_hold,content_uniqueness_hold|decisionScore=100|words=3911|quality_not_launch_ready
/reviews/atx-cast-iron-plate-set,Review,fitness,BLOCKED,HIDDEN_404,published,hidden,vertical_hold:fitness:selective
/reviews/atx-fid-bench,Review,fitness,BLOCKED,HIDDEN_404,published,hidden,vertical_hold:fitness:selective
/reviews/babolat-counter-viper-2026,Review,padel,BLOCKED,HIDDEN_404,published,hidden,vertical_hold:padel:disabled
/reviews/babolat-jet-mach-3,Review,tennis|padel,BLOCKED,HIDDEN_404,published,hidden,vertical_hold:tennis:disabled
/reviews/babolat-jet-premura,Review,padel|tennis,BLOCKED,HIDDEN_404,published,hidden,vertical_hold:padel:disabled
/reviews/babolat-movea-2,Review,padel|tennis,BLOCKED,HIDDEN_404,published,hidden,vertical_hold:padel:disabled
/reviews/babolat-pure-aero-2023,Review,tennis,BLOCKED,HIDDEN_404,published,hidden,vertical_hold:tennis:disabled
/reviews/babolat-pure-aero-2026,Review,tennis,BLOCKED,HIDDEN_404,published,hidden,vertical_hold:tennis:disabled
/reviews/babolat-pure-drive-2025,Review,tennis,BLOCKED,HIDDEN_404,published,hidden,vertical_hold:tennis:disabled
/reviews/babolat-pure-drive-gen11,Review,tennis,BLOCKED,HIDDEN_404,published,hidden,vertical_hold:tennis:disabled
/reviews/babolat-sensa-women,Review,padel|tennis,BLOCKED,HIDDEN_404,published,hidden,vertical_hold:padel:disabled
/reviews/babolat-technical-viper-2026,Review,padel,BLOCKED,HIDDEN_404,published,hidden,vertical_hold:padel:disabled
/reviews/black-crown-special-one-soft,Review,padel,BLOCKED,HIDDEN_404,published,hidden,vertical_hold:padel:disabled
/reviews/black-diamond-distance-8,Review,running,DUPLICATIVE,PUBLIC_NOINDEX,published,content_uniqueness_hold,content_uniqueness_hold|decisionScore=100|words=4035|quality_not_launch_ready
/reviews/black-diamond-spot-400-r,Review,running,DUPLICATIVE,PUBLIC_NOINDEX,published,content_uniqueness_hold,content_uniqueness_hold|decisionScore=100|words=3887|quality_not_launch_ready
/reviews/blackroll-ball,Review,fitness,BLOCKED,HIDDEN_404,published,hidden,vertical_hold:fitness:selective
/reviews/blackroll-duoball,Review,fitness,BLOCKED,HIDDEN_404,published,hidden,vertical_hold:fitness:selective
/reviews/blackroll-med,Review,fitness,BLOCKED,HIDDEN_404,published,hidden,vertical_hold:fitness:selective
/reviews/blackroll-standard,Review,fitness,BLOCKED,HIDDEN_404,published,hidden,vertical_hold:fitness:selective
/reviews/bose-ultra-open-earbuds,Review,running|fitness,DUPLICATIVE,PUBLIC_NOINDEX,published,content_uniqueness_hold,content_uniqueness_hold|decisionScore=100|words=3900|quality_not_launch_ready
/reviews/bowflex-selecttech-1090,Review,fitness,BLOCKED,HIDDEN_404,published,hidden,vertical_hold:fitness:selective
/reviews/bowflex-selecttech-552,Review,fitness,BLOCKED,HIDDEN_404,published,hidden,vertical_hold:fitness:selective
/reviews/brooks-cascadia-18,Review,running,DUPLICATIVE,PUBLIC_NOINDEX,published,content_uniqueness_hold,content_uniqueness_hold|decisionScore=100|words=4007|quality_not_launch_ready
/reviews/brooks-ghost-16,Review,running,DUPLICATIVE,PUBLIC_NOINDEX,published,content_uniqueness_hold,content_uniqueness_hold|decisionScore=100|words=3873|quality_not_launch_ready
/reviews/brooks-glycerin-21,Review,running,DUPLICATIVE,PUBLIC_NOINDEX,published,content_uniqueness_hold,content_uniqueness_hold|decisionScore=100|words=3977|quality_not_launch_ready
/reviews/brooks-glycerin-gts-22,Review,running,DUPLICATIVE,PUBLIC_NOINDEX,published,content_uniqueness_hold,content_uniqueness_hold|decisionScore=100|words=3953|quality_not_launch_ready
/reviews/brooks-hyperion-max-2,Review,running,DUPLICATIVE,PUBLIC_NOINDEX,published,content_uniqueness_hold,content_uniqueness_hold|decisionScore=100|words=3914|quality_not_launch_ready
/reviews/bullpadel-hack-03,Review,padel,BLOCKED,HIDDEN_404,published,hidden,vertical_hold:padel:disabled
/reviews/bullpadel-hack-04-2026,Review,padel,BLOCKED,HIDDEN_404,published,hidden,vertical_hold:padel:disabled
/reviews/bullpadel-hybrid-fly,Review,padel|tennis,BLOCKED,HIDDEN_404,published,hidden,vertical_hold:padel:disabled
/reviews/bullpadel-ionic-woman,Review,padel|tennis,BLOCKED,HIDDEN_404,published,hidden,vertical_hold:padel:disabled
/reviews/bullpadel-vertex-04,Review,padel,BLOCKED,HIDDEN_404,published,hidden,vertical_hold:padel:disabled
/reviews/bullpadel-vertex-05-2026,Review,padel,BLOCKED,HIDDEN_404,published,hidden,vertical_hold:padel:disabled
/reviews/camelbak-apex-pro,Review,running,DUPLICATIVE,PUBLIC_NOINDEX,published,content_uniqueness_hold,content_uniqueness_hold|decisionScore=100|words=4040|quality_not_launch_ready
/reviews/camelbak-circuit-run-vest,Review,running,DUPLICATIVE,PUBLIC_NOINDEX,published,content_uniqueness_hold,content_uniqueness_hold|decisionScore=100|words=3931|quality_not_launch_ready
/reviews/camelbak-crux-15,Review,running,DUPLICATIVE,PUBLIC_NOINDEX,published,content_uniqueness_hold,content_uniqueness_hold|decisionScore=100|words=4058|quality_not_launch_ready
/reviews/camelbak-zephyr,Review,running,DUPLICATIVE,PUBLIC_NOINDEX,published,content_uniqueness_hold,content_uniqueness_hold|decisionScore=100|words=3954|quality_not_launch_ready
/reviews/concept2-bikeerg,Review,fitness|hyrox,BLOCKED,HIDDEN_404,published,hidden,vertical_hold:fitness:selective
/reviews/concept2-rowerg,Review,fitness|hyrox,BLOCKED,HIDDEN_404,published,hidden,vertical_hold:fitness:selective
/reviews/concept2-rowerg-dynamic,Review,fitness|hyrox,BLOCKED,HIDDEN_404,published,hidden,vertical_hold:fitness:selective
/reviews/concept2-skierg,Review,fitness|hyrox,BLOCKED,HIDDEN_404,published,hidden,vertical_hold:fitness:selective
/reviews/concept2-skierg-floor-stand,Review,fitness|hyrox,BLOCKED,HIDDEN_404,published,hidden,vertical_hold:fitness:selective
/reviews/concept2-skierg-with-stand,Review,fitness|hyrox,BLOCKED,HIDDEN_404,published,hidden,vertical_hold:fitness:selective
/reviews/coros-apex-2-pro,Review,running|cycling,DUPLICATIVE,PUBLIC_NOINDEX,published,content_uniqueness_hold,content_uniqueness_hold|decisionScore=100|words=3954|quality_not_launch_ready
/reviews/coros-heart-rate-monitor,Review,running|fitness,DUPLICATIVE,PUBLIC_NOINDEX,published,content_uniqueness_hold,content_uniqueness_hold|decisionScore=100|words=3981|quality_not_launch_ready
/reviews/coros-pace-pro,Review,running|cycling,DUPLICATIVE,PUBLIC_NOINDEX,published,content_uniqueness_hold,content_uniqueness_hold|decisionScore=100|words=4029|quality_not_launch_ready
/reviews/do-win-classic,Review,fitness,BLOCKED,HIDDEN_404,published,hidden,vertical_hold:fitness:selective
/reviews/drop-shot-canyon-pro-2026,Review,padel,BLOCKED,HIDDEN_404,published,hidden,vertical_hold:padel:disabled
/reviews/dunlop-cx-200,Review,tennis,BLOCKED,HIDDEN_404,published,hidden,vertical_hold:tennis:disabled
/reviews/eleiko-kettlebell,Review,fitness|hyrox,BLOCKED,HIDDEN_404,published,hidden,vertical_hold:fitness:selective
/reviews/eleiko-performance-weightlifting-bar,Review,fitness,BLOCKED,HIDDEN_404,published,hidden,vertical_hold:fitness:selective
/reviews/eleiko-sport-bumper-set,Review,fitness,BLOCKED,HIDDEN_404,published,hidden,vertical_hold:fitness:selective
/reviews/eleiko-sport-collars,Review,fitness,BLOCKED,HIDDEN_404,published,hidden,vertical_hold:fitness:selective
/reviews/eleiko-xf-bar,Review,fitness,BLOCKED,HIDDEN_404,published,hidden,vertical_hold:fitness:selective
/reviews/flipbelt-classic,Review,running,DUPLICATIVE,PUBLIC_NOINDEX,published,content_uniqueness_hold,content_uniqueness_hold|decisionScore=100|words=3886|quality_not_launch_ready
/reviews/garmin-forerunner-165,Review,running,DUPLICATIVE,PUBLIC_NOINDEX,published,content_uniqueness_hold,content_uniqueness_hold|decisionScore=100|words=3950|quality_not_launch_ready
/reviews/garmin-forerunner-255,Review,running,DUPLICATIVE,PUBLIC_NOINDEX,published,content_uniqueness_hold,content_uniqueness_hold|decisionScore=100|words=3912|quality_not_launch_ready
/reviews/garmin-forerunner-265,Review,running|cycling|swimming,DUPLICATIVE,PUBLIC_NOINDEX,published,content_uniqueness_hold,content_uniqueness_hold|decisionScore=100|words=3965|quality_not_launch_ready
/reviews/garmin-forerunner-55,Review,running,DUPLICATIVE,PUBLIC_NOINDEX,published,content_uniqueness_hold,content_uniqueness_hold|decisionScore=100|words=3954|quality_not_launch_ready
/reviews/garmin-forerunner-570,Review,running|cycling|swimming,DUPLICATIVE,PUBLIC_NOINDEX,published,content_uniqueness_hold,content_uniqueness_hold|decisionScore=100|words=3927|quality_not_launch_ready
/reviews/garmin-forerunner-965,Review,running|cycling|swimming,DUPLICATIVE,PUBLIC_NOINDEX,published,content_uniqueness_hold,content_uniqueness_hold|decisionScore=100|words=3940|quality_not_launch_ready
/reviews/garmin-hrm-200,Review,running|cycling|fitness|hyrox,DUPLICATIVE,PUBLIC_NOINDEX,published,content_uniqueness_hold,content_uniqueness_hold|decisionScore=100|words=3927|quality_not_launch_ready
/reviews/garmin-hrm-fit,Review,running|fitness|hyrox,DUPLICATIVE,PUBLIC_NOINDEX,published,content_uniqueness_hold,content_uniqueness_hold|decisionScore=100|words=3969|quality_not_launch_ready
/reviews/garmin-hrm-pro-plus,Review,running|cycling|fitness,DUPLICATIVE,PUBLIC_NOINDEX,published,content_uniqueness_hold,content_uniqueness_hold|decisionScore=100|words=3956|quality_not_launch_ready
/reviews/gornation-gymnastic-rings,Review,fitness|calisthenics,BLOCKED,HIDDEN_404,published,hidden,vertical_hold:fitness:selective
/reviews/gornation-parallettes-pro,Review,fitness|calisthenics,BLOCKED,HIDDEN_404,published,hidden,vertical_hold:fitness:selective
/reviews/gornation-premium-pull-up-bar,Review,fitness|calisthenics,BLOCKED,HIDDEN_404,published,hidden,vertical_hold:fitness:selective
/reviews/gravity-fitness-gymnastic-rings,Review,fitness|calisthenics,BLOCKED,HIDDEN_404,published,hidden,vertical_hold:fitness:selective
/reviews/gravity-fitness-parallettes,Review,fitness|calisthenics,BLOCKED,HIDDEN_404,published,hidden,vertical_hold:fitness:selective
/reviews/gravity-fitness-pull-up-station,Review,fitness|calisthenics,BLOCKED,HIDDEN_404,published,hidden,vertical_hold:fitness:selective
/reviews/gravity-fitness-weighted-vest,Review,fitness|hyrox|calisthenics,BLOCKED,HIDDEN_404,published,hidden,vertical_hold:fitness:selective
/reviews/head-coello-pro-2026,Review,padel,BLOCKED,HIDDEN_404,published,hidden,vertical_hold:padel:disabled
/reviews/head-extreme-motion-2026,Review,padel,BLOCKED,HIDDEN_404,published,hidden,vertical_hold:padel:disabled
/reviews/head-extreme-pro-padel-2026,Review,padel,BLOCKED,HIDDEN_404,published,hidden,vertical_hold:padel:disabled
/reviews/head-padel-pro-s-balls,Review,padel,BLOCKED,HIDDEN_404,published,hidden,vertical_hold:padel:disabled
/reviews/head-radical-mp-2023,Review,tennis,BLOCKED,HIDDEN_404,published,hidden,vertical_hold:tennis:disabled
/reviews/head-revolt-pro-court,Review,padel|tennis,BLOCKED,HIDDEN_404,published,hidden,vertical_hold:padel:disabled
/reviews/head-speed-mp-2024,Review,tennis,BLOCKED,HIDDEN_404,published,hidden,vertical_hold:tennis:disabled
/reviews/head-speed-mp-2026,Review,tennis,BLOCKED,HIDDEN_404,published,hidden,vertical_hold:tennis:disabled
/reviews/head-sprint-pro-4-padel,Review,padel|tennis,BLOCKED,HIDDEN_404,published,hidden,vertical_hold:padel:disabled
/reviews/hoka-arahi-7,Review,running,DUPLICATIVE,PUBLIC_NOINDEX,published,content_uniqueness_hold,content_uniqueness_hold|decisionScore=100|words=3901|quality_not_launch_ready
/reviews/hoka-bondi-8,Review,running,DUPLICATIVE,PUBLIC_NOINDEX,published,content_uniqueness_hold,content_uniqueness_hold|decisionScore=100|words=3892|quality_not_launch_ready
/reviews/hoka-clifton-9,Review,running,DUPLICATIVE,PUBLIC_NOINDEX,published,content_uniqueness_hold,content_uniqueness_hold|decisionScore=100|words=3906|quality_not_launch_ready
/reviews/hoka-clifton-pro,Review,running,DUPLICATIVE,PUBLIC_NOINDEX,published,content_uniqueness_hold,content_uniqueness_hold|decisionScore=100|words=3926|quality_not_launch_ready
/reviews/hoka-gaviota-5,Review,running,DUPLICATIVE,PUBLIC_NOINDEX,published,content_uniqueness_hold,content_uniqueness_hold|decisionScore=100|words=3937|quality_not_launch_ready
/reviews/hoka-mach-6,Review,running,DUPLICATIVE,PUBLIC_NOINDEX,published,content_uniqueness_hold,content_uniqueness_hold|decisionScore=100|words=4009|quality_not_launch_ready
/reviews/hoka-transport,Review,fitness,BLOCKED,HIDDEN_404,published,hidden,vertical_hold:fitness:selective
/reviews/horizon-t202-treadmill,Review,fitness|hyrox,BLOCKED,HIDDEN_404,published,hidden,vertical_hold:fitness:selective
/reviews/hydrapak-skyflask-speed-500,Review,running,DUPLICATIVE,PUBLIC_NOINDEX,published,content_uniqueness_hold,content_uniqueness_hold|decisionScore=100|words=3968|quality_not_launch_ready
/reviews/hydrapak-softflask-250,Review,running,DUPLICATIVE,PUBLIC_NOINDEX,published,content_uniqueness_hold,content_uniqueness_hold|decisionScore=100|words=4044|quality_not_launch_ready
/reviews/hydrapak-softflask-speed-500,Review,running,DUPLICATIVE,PUBLIC_NOINDEX,published,content_uniqueness_hold,content_uniqueness_hold|decisionScore=100|words=4027|quality_not_launch_ready
/reviews/hydrow-wave,Review,fitness|hyrox,BLOCKED,HIDDEN_404,published,hidden,vertical_hold:fitness:selective
/reviews/inov8-f-lite-235-v3,Review,fitness|hyrox,BLOCKED,HIDDEN_404,published,hidden,vertical_hold:fitness:selective
/reviews/inov8-f-lite-260,Review,fitness|hyrox,BLOCKED,HIDDEN_404,published,hidden,vertical_hold:fitness:selective
/reviews/inov8-fastlift-360,Review,fitness,BLOCKED,HIDDEN_404,published,hidden,vertical_hold:fitness:selective
/reviews/inov8-fastlift-400,Review,fitness,BLOCKED,HIDDEN_404,published,hidden,vertical_hold:fitness:selective
/reviews/inov8-fastlift-power-g-380,Review,fitness,BLOCKED,HIDDEN_404,published,hidden,vertical_hold:fitness:selective
/reviews/inov8-trailfly-ultra-g-300-max,Review,running,DUPLICATIVE,PUBLIC_NOINDEX,published,content_uniqueness_hold,content_uniqueness_hold|decisionScore=100|words=3921|quality_not_launch_ready
/reviews/joma-slam-lady,Review,padel|tennis,BLOCKED,HIDDEN_404,published,hidden,vertical_hold:padel:disabled
/reviews/joma-spin-men,Review,padel|tennis,BLOCKED,HIDDEN_404,published,hidden,vertical_hold:padel:disabled
/reviews/joma-t-slam,Review,padel|tennis,BLOCKED,HIDDEN_404,published,hidden,vertical_hold:padel:disabled
/reviews/k-swiss-hypercourt-express-2,Review,tennis|padel,BLOCKED,HIDDEN_404,published,hidden,vertical_hold:tennis:disabled
/reviews/k-swiss-ultrashot-3,Review,tennis|padel,BLOCKED,HIDDEN_404,published,hidden,vertical_hold:tennis:disabled
/reviews/kuikma-pr-soft-500,Review,padel,BLOCKED,HIDDEN_404,published,hidden,vertical_hold:padel:disabled
/reviews/kuikma-ps-990,Review,padel|tennis,BLOCKED,HIDDEN_404,published,hidden,vertical_hold:padel:disabled
/reviews/lok-maxx-flow,Review,padel,BLOCKED,HIDDEN_404,published,hidden,vertical_hold:padel:disabled
/reviews/lululemon-strongfeel,Review,fitness,BLOCKED,HIDDEN_404,published,hidden,vertical_hold:fitness:selective
/reviews/mirafit-air-bike,Review,fitness|hyrox,BLOCKED,HIDDEN_404,published,hidden,vertical_hold:fitness:selective
/reviews/mirafit-battle-rope,Review,fitness|hyrox,BLOCKED,HIDDEN_404,published,hidden,vertical_hold:fitness:selective
/reviews/mirafit-bumper-plate-set,Review,fitness,BLOCKED,HIDDEN_404,published,hidden,vertical_hold:fitness:selective
/reviews/mirafit-cast-iron-kettlebell,Review,fitness|hyrox,BLOCKED,HIDDEN_404,published,hidden,vertical_hold:fitness:selective
/reviews/mirafit-fid-adjustable-bench,Review,fitness,BLOCKED,HIDDEN_404,published,hidden,vertical_hold:fitness:selective
/reviews/mirafit-folding-rower,Review,fitness|hyrox,BLOCKED,HIDDEN_404,published,hidden,vertical_hold:fitness:selective
/reviews/mirafit-folding-treadmill,Review,fitness|hyrox|running,DUPLICATIVE,PUBLIC_NOINDEX,published,content_uniqueness_hold,content_uniqueness_hold|decisionScore=100|words=3958|quality_not_launch_ready
/reviews/mirafit-gym-mats,Review,fitness,BLOCKED,HIDDEN_404,published,hidden,vertical_hold:fitness:selective
/reviews/mirafit-m3-power-rack,Review,fitness,BLOCKED,HIDDEN_404,published,hidden,vertical_hold:fitness:selective
/reviews/mirafit-m4-cage,Review,fitness,BLOCKED,HIDDEN_404,published,hidden,vertical_hold:fitness:selective
/reviews/mirafit-magnetic-rower,Review,fitness|hyrox,BLOCKED,HIDDEN_404,published,hidden,vertical_hold:fitness:selective
/reviews/mirafit-olympic-barbell,Review,fitness,BLOCKED,HIDDEN_404,published,hidden,vertical_hold:fitness:selective
/reviews/mirafit-wall-pull-up-bar,Review,fitness|calisthenics,BLOCKED,HIDDEN_404,published,hidden,vertical_hold:fitness:selective
/reviews/mirafit-weighted-vest,Review,fitness|hyrox|calisthenics,BLOCKED,HIDDEN_404,published,hidden,vertical_hold:fitness:selective
/reviews/mizuno-wave-rebellion-pro-3,Review,running,DUPLICATIVE,PUBLIC_NOINDEX,published,content_uniqueness_hold,content_uniqueness_hold|decisionScore=100|words=3950|quality_not_launch_ready
/reviews/mizuno-wave-rider-28,Review,running,DUPLICATIVE,PUBLIC_NOINDEX,published,content_uniqueness_hold,content_uniqueness_hold|decisionScore=100|words=3966|quality_not_launch_ready
/reviews/naked-running-band,Review,running,DUPLICATIVE,PUBLIC_NOINDEX,published,content_uniqueness_hold,content_uniqueness_hold|decisionScore=100|words=3935|quality_not_launch_ready
/reviews/nathan-exoshot-2,Review,running,DUPLICATIVE,PUBLIC_NOINDEX,published,content_uniqueness_hold,content_uniqueness_hold|decisionScore=100|words=3996|quality_not_launch_ready
/reviews/nathan-mirage-pak,Review,running,DUPLICATIVE,PUBLIC_NOINDEX,published,content_uniqueness_hold,content_uniqueness_hold|decisionScore=100|words=3938|quality_not_launch_ready
/reviews/nathan-peak-hydration-waist-pack,Review,running,DUPLICATIVE,PUBLIC_NOINDEX,published,content_uniqueness_hold,content_uniqueness_hold|decisionScore=100|words=4048|quality_not_launch_ready
/reviews/nathan-pinnacle-12,Review,running,DUPLICATIVE,PUBLIC_NOINDEX,published,content_uniqueness_hold,content_uniqueness_hold|decisionScore=100|words=3992|quality_not_launch_ready
/reviews/nathan-speeddraw-plus-insulated-18oz,Review,running,DUPLICATIVE,PUBLIC_NOINDEX,published,content_uniqueness_hold,content_uniqueness_hold|decisionScore=100|words=4046|quality_not_launch_ready
/reviews/nathan-vaporair-2,Review,running,DUPLICATIVE,PUBLIC_NOINDEX,published,content_uniqueness_hold,content_uniqueness_hold|decisionScore=100|words=3897|quality_not_launch_ready
/reviews/nathan-vaporair-4,Review,running,DUPLICATIVE,PUBLIC_NOINDEX,published,content_uniqueness_hold,content_uniqueness_hold|decisionScore=100|words=4072|quality_not_launch_ready
/reviews/nb-minimus-tr,Review,fitness,BLOCKED,HIDDEN_404,published,hidden,vertical_hold:fitness:selective
/reviews/new-balance-fresh-foam-x-1080-v13,Review,running,DUPLICATIVE,PUBLIC_NOINDEX,published,content_uniqueness_hold,content_uniqueness_hold|decisionScore=100|words=3895|quality_not_launch_ready
/reviews/new-balance-fresh-foam-x-1080-v14,Review,running,DUPLICATIVE,PUBLIC_NOINDEX,published,content_uniqueness_hold,content_uniqueness_hold|decisionScore=100|words=3939|quality_not_launch_ready
/reviews/new-balance-fresh-foam-x-860-v14,Review,running,DUPLICATIVE,PUBLIC_NOINDEX,published,content_uniqueness_hold,content_uniqueness_hold|decisionScore=100|words=3960|quality_not_launch_ready
/reviews/new-balance-fresh-foam-x-hierro-v9,Review,running,DUPLICATIVE,PUBLIC_NOINDEX,published,content_uniqueness_hold,content_uniqueness_hold|decisionScore=100|words=3914|quality_not_launch_ready
/reviews/new-balance-fuelcell-rebel-v4,Review,running,DUPLICATIVE,PUBLIC_NOINDEX,published,content_uniqueness_hold,content_uniqueness_hold|decisionScore=100|words=3963|quality_not_launch_ready
/reviews/new-balance-fuelcell-rebel-v5,Review,running,DUPLICATIVE,PUBLIC_NOINDEX,published,content_uniqueness_hold,content_uniqueness_hold|decisionScore=100|words=3915|quality_not_launch_ready
/reviews/new-balance-fuelcell-supercomp-elite-v4,Review,running,DUPLICATIVE,PUBLIC_NOINDEX,published,content_uniqueness_hold,content_uniqueness_hold|decisionScore=100|words=3946|quality_not_launch_ready
/reviews/new-balance-fuelcell-supercomp-trainer-v3,Review,running,DUPLICATIVE,PUBLIC_NOINDEX,published,content_uniqueness_hold,content_uniqueness_hold|decisionScore=100|words=3968|quality_not_launch_ready
/reviews/nike-court-vapor-pro-3,Review,tennis|padel,BLOCKED,HIDDEN_404,published,hidden,vertical_hold:tennis:disabled
/reviews/nike-free-metcon-6,Review,fitness|hyrox,BLOCKED,HIDDEN_404,published,hidden,vertical_hold:fitness:selective
/reviews/nike-invincible-3,Review,running,DUPLICATIVE,PUBLIC_NOINDEX,published,content_uniqueness_hold,content_uniqueness_hold|decisionScore=100|words=3971|quality_not_launch_ready
/reviews/nike-metcon-8,Review,fitness|hyrox,BLOCKED,HIDDEN_404,published,hidden,vertical_hold:fitness:selective
/reviews/nike-metcon-9,Review,fitness|hyrox,BLOCKED,HIDDEN_404,published,hidden,vertical_hold:fitness:selective
/reviews/nike-pegasus-41,Review,running,DUPLICATIVE,PUBLIC_NOINDEX,published,content_uniqueness_hold,content_uniqueness_hold|decisionScore=100|words=3947|quality_not_launch_ready
/reviews/nike-pegasus-trail-5,Review,running,DUPLICATIVE,PUBLIC_NOINDEX,published,content_uniqueness_hold,content_uniqueness_hold|decisionScore=100|words=3983|quality_not_launch_ready
/reviews/nike-react-infinity-run-4,Review,running,DUPLICATIVE,PUBLIC_NOINDEX,published,content_uniqueness_hold,content_uniqueness_hold|decisionScore=100|words=3979|quality_not_launch_ready
/reviews/nike-romaleos-4,Review,fitness,BLOCKED,HIDDEN_404,published,hidden,vertical_hold:fitness:selective
/reviews/nike-romaleos-5,Review,fitness,BLOCKED,HIDDEN_404,published,hidden,vertical_hold:fitness:selective
/reviews/nike-savaleos,Review,fitness,BLOCKED,HIDDEN_404,published,hidden,vertical_hold:fitness:selective
/reviews/nike-structure-26,Review,running,DUPLICATIVE,PUBLIC_NOINDEX,published,content_uniqueness_hold,content_uniqueness_hold|decisionScore=100|words=4001|quality_not_launch_ready
/reviews/nike-structure-plus,Review,running,DUPLICATIVE,PUBLIC_NOINDEX,published,content_uniqueness_hold,content_uniqueness_hold|decisionScore=100|words=3955|quality_not_launch_ready
/reviews/nnormal-race-vest,Review,running,DUPLICATIVE,PUBLIC_NOINDEX,published,content_uniqueness_hold,content_uniqueness_hold|decisionScore=100|words=4009|quality_not_launch_ready
/reviews/nobull-outwork,Review,fitness|hyrox,BLOCKED,HIDDEN_404,published,hidden,vertical_hold:fitness:selective
/reviews/nobull-trainer,Review,fitness|hyrox,BLOCKED,HIDDEN_404,published,hidden,vertical_hold:fitness:selective
/reviews/nobull-trainer-plus,Review,fitness|hyrox,BLOCKED,HIDDEN_404,published,hidden,vertical_hold:fitness:selective
/reviews/nox-at10-genius-12k-alum-xtrem-2026,Review,padel,BLOCKED,HIDDEN_404,published,hidden,vertical_hold:padel:disabled
/reviews/nox-at10-genius-18k-2026,Review,padel,BLOCKED,HIDDEN_404,published,hidden,vertical_hold:padel:disabled
/reviews/nox-at10-lux,Review,padel|tennis,BLOCKED,HIDDEN_404,published,hidden,vertical_hold:padel:disabled
/reviews/nox-ml10-hexa,Review,padel|tennis,BLOCKED,HIDDEN_404,published,hidden,vertical_hold:padel:disabled
/reviews/nox-ml10-pro-cup-2026,Review,padel,BLOCKED,HIDDEN_404,published,hidden,vertical_hold:padel:disabled
/reviews/nuobell-50,Review,fitness,BLOCKED,HIDDEN_404,published,hidden,vertical_hold:fitness:selective
/reviews/nuobell-80,Review,fitness,BLOCKED,HIDDEN_404,published,hidden,vertical_hold:fitness:selective
/reviews/on-cloudmonster-2,Review,running,DUPLICATIVE,PUBLIC_NOINDEX,published,content_uniqueness_hold,content_uniqueness_hold|decisionScore=100|words=3887|quality_not_launch_ready
/reviews/on-cloudmonster-hyper,Review,running,DUPLICATIVE,PUBLIC_NOINDEX,published,content_uniqueness_hold,content_uniqueness_hold|decisionScore=100|words=3940|quality_not_launch_ready
/reviews/on-cloudsurfer-2,Review,running,DUPLICATIVE,PUBLIC_NOINDEX,published,content_uniqueness_hold,content_uniqueness_hold|decisionScore=100|words=3884|quality_not_launch_ready
/reviews/on-cloudsurfer-next,Review,running,DUPLICATIVE,PUBLIC_NOINDEX,published,content_uniqueness_hold,content_uniqueness_hold|decisionScore=100|words=3897|quality_not_launch_ready
/reviews/on-ultra-vest-pro,Review,running,DUPLICATIVE,PUBLIC_NOINDEX,published,content_uniqueness_hold,content_uniqueness_hold|decisionScore=100|words=4025|quality_not_launch_ready
/reviews/oofos-ooriginal,Review,running|recovery,DUPLICATIVE,PUBLIC_NOINDEX,published,content_uniqueness_hold,content_uniqueness_hold|decisionScore=100|words=3965|quality_not_launch_ready
/reviews/osprey-duro-6,Review,running,DUPLICATIVE,PUBLIC_NOINDEX,published,content_uniqueness_hold,content_uniqueness_hold|decisionScore=100|words=3882|quality_not_launch_ready
/reviews/osprey-duro-lt,Review,running,DUPLICATIVE,PUBLIC_NOINDEX,published,content_uniqueness_hold,content_uniqueness_hold|decisionScore=100|words=4053|quality_not_launch_ready
/reviews/osprey-dyna-6,Review,running,DUPLICATIVE,PUBLIC_NOINDEX,published,content_uniqueness_hold,content_uniqueness_hold|decisionScore=100|words=3913|quality_not_launch_ready
/reviews/oxdog-sense-pro,Review,padel,BLOCKED,HIDDEN_404,published,hidden,vertical_hold:padel:disabled
/reviews/petzl-swift-rl,Review,running,DUPLICATIVE,PUBLIC_NOINDEX,published,content_uniqueness_hold,content_uniqueness_hold|decisionScore=100|words=3886|quality_not_launch_ready
/reviews/polar-h9,Review,running|cycling|fitness|hyrox,DUPLICATIVE,PUBLIC_NOINDEX,published,content_uniqueness_hold,content_uniqueness_hold|decisionScore=100|words=4013|quality_not_launch_ready
/reviews/polar-pacer-pro,Review,running,DUPLICATIVE,PUBLIC_NOINDEX,published,content_uniqueness_hold,content_uniqueness_hold|decisionScore=100|words=3907|quality_not_launch_ready
/reviews/polar-vantage-v3,Review,running|cycling|swimming,DUPLICATIVE,PUBLIC_NOINDEX,published,content_uniqueness_hold,content_uniqueness_hold|decisionScore=100|words=3997|quality_not_launch_ready
/reviews/powerblock-elite-exp-90,Review,fitness,BLOCKED,HIDDEN_404,published,hidden,vertical_hold:fitness:selective
/reviews/powerblock-pro-series-100,Review,fitness,BLOCKED,HIDDEN_404,published,hidden,vertical_hold:fitness:selective
/reviews/powerblock-pro-series-50,Review,fitness,BLOCKED,HIDDEN_404,published,hidden,vertical_hold:fitness:selective
/reviews/prince-textreme-tour-100p,Review,tennis,BLOCKED,HIDDEN_404,published,hidden,vertical_hold:tennis:disabled
/reviews/pullup-and-dip-doorway-bar,Review,fitness|calisthenics,BLOCKED,HIDDEN_404,published,hidden,vertical_hold:fitness:selective
/reviews/pullup-and-dip-parallettes,Review,fitness|calisthenics,BLOCKED,HIDDEN_404,published,hidden,vertical_hold:fitness:selective
/reviews/pullup-and-dip-wall-bar,Review,fitness|calisthenics,BLOCKED,HIDDEN_404,published,hidden,vertical_hold:fitness:selective
/reviews/puma-deviate-nitro-3,Review,running,DUPLICATIVE,PUBLIC_NOINDEX,published,content_uniqueness_hold,content_uniqueness_hold|decisionScore=100|words=3931|quality_not_launch_ready
/reviews/puma-fuse-3,Review,fitness|hyrox,BLOCKED,HIDDEN_404,published,hidden,vertical_hold:fitness:selective
/reviews/puma-fuse-fasted,Review,fitness|hyrox,BLOCKED,HIDDEN_404,published,hidden,vertical_hold:fitness:selective
/reviews/puma-magnify-nitro-2,Review,running,DUPLICATIVE,PUBLIC_NOINDEX,published,content_uniqueness_hold,content_uniqueness_hold|decisionScore=100|words=3884|quality_not_launch_ready
/reviews/reebok-legacy-lifter-iii,Review,fitness,BLOCKED,HIDDEN_404,published,hidden,vertical_hold:fitness:selective
/reviews/reebok-lifter-pr-iii,Review,fitness,BLOCKED,HIDDEN_404,published,hidden,vertical_hold:fitness:selective
/reviews/reebok-nano-court,Review,fitness|hyrox,BLOCKED,HIDDEN_404,published,hidden,vertical_hold:fitness:selective
/reviews/reebok-nano-x3,Review,fitness|hyrox,BLOCKED,HIDDEN_404,published,hidden,vertical_hold:fitness:selective
/reviews/reebok-nano-x4,Review,fitness|hyrox,BLOCKED,HIDDEN_404,published,hidden,vertical_hold:fitness:selective
/reviews/rep-ab-5000-zero-gap,Review,fitness,BLOCKED,HIDDEN_404,published,hidden,vertical_hold:fitness:selective
/reviews/rep-ab-5200,Review,fitness,BLOCKED,HIDDEN_404,published,hidden,vertical_hold:fitness:selective
/reviews/rep-apollo-athlon-rack,Review,fitness,BLOCKED,HIDDEN_404,published,hidden,vertical_hold:fitness:selective
/reviews/rep-black-bumper-plate-set,Review,fitness,BLOCKED,HIDDEN_404,published,hidden,vertical_hold:fitness:selective
/reviews/rep-bumper-plate-storage,Review,fitness,BLOCKED,HIDDEN_404,published,hidden,vertical_hold:fitness:selective
/reviews/rep-colorado-bar,Review,fitness,BLOCKED,HIDDEN_404,published,hidden,vertical_hold:fitness:selective
/reviews/rep-fb-5000-flat-bench,Review,fitness,BLOCKED,HIDDEN_404,published,hidden,vertical_hold:fitness:selective
/reviews/rep-fitness-kettlebell,Review,fitness|hyrox,BLOCKED,HIDDEN_404,published,hidden,vertical_hold:fitness:selective
/reviews/rep-pr-4000,Review,fitness,BLOCKED,HIDDEN_404,published,hidden,vertical_hold:fitness:selective
/reviews/rep-pr-5000,Review,fitness,BLOCKED,HIDDEN_404,published,hidden,vertical_hold:fitness:selective
/reviews/rep-quickdraw-adjustable-dumbbells,Review,fitness,BLOCKED,HIDDEN_404,published,hidden,vertical_hold:fitness:selective
/reviews/rep-slam-ball,Review,fitness|hyrox,BLOCKED,HIDDEN_404,published,hidden,vertical_hold:fitness:selective
/reviews/rogue-adjustable-bench-3-0,Review,fitness,BLOCKED,HIDDEN_404,published,hidden,vertical_hold:fitness:selective
/reviews/rogue-dog-sled,Review,fitness|hyrox,BLOCKED,HIDDEN_404,published,hidden,vertical_hold:fitness:selective
/reviews/rogue-echo-bike,Review,fitness|hyrox,BLOCKED,HIDDEN_404,published,hidden,vertical_hold:fitness:selective
/reviews/rogue-echo-bumper-plate-set,Review,fitness,BLOCKED,HIDDEN_404,published,hidden,vertical_hold:fitness:selective
/reviews/rogue-echo-kettlebell,Review,fitness|hyrox,BLOCKED,HIDDEN_404,published,hidden,vertical_hold:fitness:selective
/reviews/rogue-flat-utility-bench,Review,fitness,BLOCKED,HIDDEN_404,published,hidden,vertical_hold:fitness:selective
/reviews/rogue-flogging-horse-stall-mat-note,Review,fitness,BLOCKED,HIDDEN_404,published,hidden,vertical_hold:fitness:selective
/reviews/rogue-kettlebell,Review,fitness|hyrox,BLOCKED,HIDDEN_404,published,hidden,vertical_hold:fitness:selective
/reviews/rogue-monster-lite-pull-up-bar,Review,fitness|calisthenics,BLOCKED,HIDDEN_404,published,hidden,vertical_hold:fitness:selective
/reviews/rogue-ohio-bar,Review,fitness,BLOCKED,HIDDEN_404,published,hidden,vertical_hold:fitness:selective
/reviews/rogue-ohio-power-bar,Review,fitness,BLOCKED,HIDDEN_404,published,hidden,vertical_hold:fitness:selective
/reviews/rogue-plate-carrier-vest,Review,fitness|hyrox|calisthenics,BLOCKED,HIDDEN_404,published,hidden,vertical_hold:fitness:selective
/reviews/rogue-plate-tree,Review,fitness,BLOCKED,HIDDEN_404,published,hidden,vertical_hold:fitness:selective
/reviews/rogue-rm-4-monster-rack,Review,fitness,BLOCKED,HIDDEN_404,published,hidden,vertical_hold:fitness:selective
/reviews/rogue-rml-390f,Review,fitness,BLOCKED,HIDDEN_404,published,hidden,vertical_hold:fitness:selective
/reviews/rogue-sandbag,Review,fitness|hyrox,BLOCKED,HIDDEN_404,published,hidden,vertical_hold:fitness:selective
/reviews/rogue-sm-2c-monster-lite,Review,fitness,BLOCKED,HIDDEN_404,published,hidden,vertical_hold:fitness:selective
/reviews/rogue-wall-ball,Review,fitness|hyrox,BLOCKED,HIDDEN_404,published,hidden,vertical_hold:fitness:selective
/reviews/rogue-wrist-wraps,Review,fitness,BLOCKED,HIDDEN_404,published,hidden,vertical_hold:fitness:selective
/reviews/royal-padel-m27-poly-2026,Review,padel,BLOCKED,HIDDEN_404,published,hidden,vertical_hold:padel:disabled
/reviews/salming-race-9,Review,fitness|hyrox,BLOCKED,HIDDEN_404,published,hidden,vertical_hold:fitness:selective
/reviews/salming-rebel,Review,fitness|hyrox,BLOCKED,HIDDEN_404,published,hidden,vertical_hold:fitness:selective
/reviews/salomon-adv-skin-12,Review,running,DUPLICATIVE,PUBLIC_NOINDEX,published,content_uniqueness_hold,content_uniqueness_hold|decisionScore=100|words=3911|quality_not_launch_ready
/reviews/salomon-adv-skin-5,Review,running,DUPLICATIVE,PUBLIC_NOINDEX,published,content_uniqueness_hold,content_uniqueness_hold|decisionScore=100|words=3997|quality_not_launch_ready
/reviews/salomon-aero-glide-2,Review,running,DUPLICATIVE,PUBLIC_NOINDEX,published,content_uniqueness_hold,content_uniqueness_hold|decisionScore=100|words=3970|quality_not_launch_ready
/reviews/salomon-genesis,Review,running,DUPLICATIVE,PUBLIC_NOINDEX,published,content_uniqueness_hold,content_uniqueness_hold|decisionScore=100|words=3937|quality_not_launch_ready
/reviews/salomon-pulsar-trail-2,Review,running,DUPLICATIVE,PUBLIC_NOINDEX,published,content_uniqueness_hold,content_uniqueness_hold|decisionScore=100|words=4011|quality_not_launch_ready
/reviews/salomon-pulse-belt,Review,running,DUPLICATIVE,PUBLIC_NOINDEX,published,content_uniqueness_hold,content_uniqueness_hold|decisionScore=100|words=4024|quality_not_launch_ready
/reviews/salomon-sense-ride-5,Review,running,DUPLICATIVE,PUBLIC_NOINDEX,published,content_uniqueness_hold,content_uniqueness_hold|decisionScore=100|words=3954|quality_not_launch_ready
/reviews/salomon-soft-flask-500,Review,running,DUPLICATIVE,PUBLIC_NOINDEX,published,content_uniqueness_hold,content_uniqueness_hold|decisionScore=100|words=3930|quality_not_launch_ready
/reviews/salomon-ultra-glide-2,Review,running,DUPLICATIVE,PUBLIC_NOINDEX,published,content_uniqueness_hold,content_uniqueness_hold|decisionScore=100|words=3907|quality_not_launch_ready
/reviews/saucony-endorphin-pro-3,Review,running,DUPLICATIVE,PUBLIC_NOINDEX,published,content_uniqueness_hold,content_uniqueness_hold|decisionScore=100|words=4006|quality_not_launch_ready
/reviews/saucony-endorphin-pro-4,Review,running,DUPLICATIVE,PUBLIC_NOINDEX,published,content_uniqueness_hold,content_uniqueness_hold|decisionScore=100|words=3949|quality_not_launch_ready
/reviews/saucony-endorphin-speed-4,Review,running,DUPLICATIVE,PUBLIC_NOINDEX,published,content_uniqueness_hold,content_uniqueness_hold|decisionScore=100|words=3960|quality_not_launch_ready
/reviews/saucony-guide-18,Review,running,DUPLICATIVE,PUBLIC_NOINDEX,published,content_uniqueness_hold,content_uniqueness_hold|decisionScore=100|words=3939|quality_not_launch_ready
/reviews/saucony-ride-18,Review,running,DUPLICATIVE,PUBLIC_NOINDEX,published,content_uniqueness_hold,content_uniqueness_hold|decisionScore=100|words=3876|quality_not_launch_ready
/reviews/saucony-triumph-22,Review,running,DUPLICATIVE,PUBLIC_NOINDEX,published,content_uniqueness_hold,content_uniqueness_hold|decisionScore=100|words=3965|quality_not_launch_ready
/reviews/saucony-xodus-ultra-3,Review,running,DUPLICATIVE,PUBLIC_NOINDEX,published,content_uniqueness_hold,content_uniqueness_hold|decisionScore=100|words=3924|quality_not_launch_ready
/reviews/schwinn-airdyne-ad8,Review,fitness|hyrox,BLOCKED,HIDDEN_404,published,hidden,vertical_hold:fitness:selective
/reviews/scosche-rhythm24,Review,running|fitness,DUPLICATIVE,PUBLIC_NOINDEX,published,content_uniqueness_hold,content_uniqueness_hold|decisionScore=100|words=3970|quality_not_launch_ready
/reviews/shokz-openrun-pro-2,Review,running|cycling|fitness,DUPLICATIVE,PUBLIC_NOINDEX,published,content_uniqueness_hold,content_uniqueness_hold|decisionScore=100|words=3951|quality_not_launch_ready
/reviews/silva-trail-runner-free-2,Review,running,DUPLICATIVE,PUBLIC_NOINDEX,published,content_uniqueness_hold,content_uniqueness_hold|decisionScore=100|words=3985|quality_not_launch_ready
/reviews/siux-diablo-revolution-2026,Review,padel,BLOCKED,HIDDEN_404,published,hidden,vertical_hold:padel:disabled
/reviews/skierg2-wall-mount,Review,fitness|hyrox,BLOCKED,HIDDEN_404,published,hidden,vertical_hold:fitness:selective
/reviews/sole-f80-treadmill,Review,fitness|hyrox,BLOCKED,HIDDEN_404,published,hidden,vertical_hold:fitness:selective
/reviews/spibelt-original,Review,running,DUPLICATIVE,PUBLIC_NOINDEX,published,content_uniqueness_hold,content_uniqueness_hold|decisionScore=100|words=3916|quality_not_launch_ready
/reviews/starvie-basalto-osiris-2026,Review,padel,BLOCKED,HIDDEN_404,published,hidden,vertical_hold:padel:disabled
/reviews/starvie-titania-kepler-2026,Review,padel,BLOCKED,HIDDEN_404,published,hidden,vertical_hold:padel:disabled
/reviews/suunto-race,Review,running|cycling,DUPLICATIVE,PUBLIC_NOINDEX,published,content_uniqueness_hold,content_uniqueness_hold|decisionScore=100|words=3903|quality_not_launch_ready
/reviews/suunto-race-s,Review,running,DUPLICATIVE,PUBLIC_NOINDEX,published,content_uniqueness_hold,content_uniqueness_hold|decisionScore=100|words=3959|quality_not_launch_ready
/reviews/suunto-smart-heart-rate-belt,Review,running|cycling|fitness,DUPLICATIVE,PUBLIC_NOINDEX,published,content_uniqueness_hold,content_uniqueness_hold|decisionScore=100|words=4026|quality_not_launch_ready
/reviews/tecnifibre-tf40-305,Review,tennis,BLOCKED,HIDDEN_404,published,hidden,vertical_hold:tennis:disabled
/reviews/tecnifibre-tfight-300s-2025,Review,tennis,BLOCKED,HIDDEN_404,published,hidden,vertical_hold:tennis:disabled
/reviews/tecnifibre-wall-breaker-365,Review,padel,BLOCKED,HIDDEN_404,published,hidden,vertical_hold:padel:disabled
/reviews/therabody-theragun-mini-2,Review,running|recovery|fitness,DUPLICATIVE,PUBLIC_NOINDEX,published,content_uniqueness_hold,content_uniqueness_hold|decisionScore=100|words=3970|quality_not_launch_ready
/reviews/topo-athletic-phantom-3,Review,running,DUPLICATIVE,PUBLIC_NOINDEX,published,content_uniqueness_hold,content_uniqueness_hold|decisionScore=100|words=3885|quality_not_launch_ready
/reviews/topo-athletic-specter-2,Review,running,DUPLICATIVE,PUBLIC_NOINDEX,published,content_uniqueness_hold,content_uniqueness_hold|decisionScore=100|words=3957|quality_not_launch_ready
/reviews/topo-athletic-terraventure-5,Review,running,DUPLICATIVE,PUBLIC_NOINDEX,published,content_uniqueness_hold,content_uniqueness_hold|decisionScore=100|words=3964|quality_not_launch_ready
/reviews/tyr-cxt-1,Review,fitness|hyrox,BLOCKED,HIDDEN_404,published,hidden,vertical_hold:fitness:selective
/reviews/tyr-cxt-2,Review,fitness|hyrox,BLOCKED,HIDDEN_404,published,hidden,vertical_hold:fitness:selective
/reviews/tyr-cxt1-trainer,Review,fitness|hyrox,BLOCKED,HIDDEN_404,published,hidden,vertical_hold:fitness:selective
/reviews/ua-charged-commit-4,Review,fitness,BLOCKED,HIDDEN_404,published,hidden,vertical_hold:fitness:selective
/reviews/ua-project-rock-bsr-4,Review,fitness,BLOCKED,HIDDEN_404,published,hidden,vertical_hold:fitness:selective
/reviews/ua-reign-lifter,Review,fitness,BLOCKED,HIDDEN_404,published,hidden,vertical_hold:fitness:selective
/reviews/ua-tribase-reign-6,Review,fitness,BLOCKED,HIDDEN_404,published,hidden,vertical_hold:fitness:selective
/reviews/ultimate-direction-adventure-vest,Review,running,DUPLICATIVE,PUBLIC_NOINDEX,published,content_uniqueness_hold,content_uniqueness_hold|decisionScore=100|words=3985|quality_not_launch_ready
/reviews/ultimate-direction-race-belt,Review,running,DUPLICATIVE,PUBLIC_NOINDEX,published,content_uniqueness_hold,content_uniqueness_hold|decisionScore=100|words=3964|quality_not_launch_ready
/reviews/ultimate-direction-race-vest-6,Review,running,DUPLICATIVE,PUBLIC_NOINDEX,published,content_uniqueness_hold,content_uniqueness_hold|decisionScore=100|words=4017|quality_not_launch_ready
/reviews/ultimate-direction-ultra-belt,Review,running,DUPLICATIVE,PUBLIC_NOINDEX,published,content_uniqueness_hold,content_uniqueness_hold|decisionScore=100|words=3982|quality_not_launch_ready
/reviews/ultraspire-alpha-6,Review,running,DUPLICATIVE,PUBLIC_NOINDEX,published,content_uniqueness_hold,content_uniqueness_hold|decisionScore=100|words=3991|quality_not_launch_ready
/reviews/ultraspire-fitted-race-belt-2,Review,running,DUPLICATIVE,PUBLIC_NOINDEX,published,content_uniqueness_hold,content_uniqueness_hold|decisionScore=100|words=3968|quality_not_launch_ready
/reviews/ultraspire-spry-5,Review,running,DUPLICATIVE,PUBLIC_NOINDEX,published,content_uniqueness_hold,content_uniqueness_hold|decisionScore=100|words=3991|quality_not_launch_ready
/reviews/uswe-pace-8,Review,running,DUPLICATIVE,PUBLIC_NOINDEX,published,content_uniqueness_hold,content_uniqueness_hold|decisionScore=100|words=4031|quality_not_launch_ready
/reviews/varlion-lw-carbon-difusor-2026,Review,padel,BLOCKED,HIDDEN_404,published,hidden,vertical_hold:padel:disabled
/reviews/vivobarefoot-primus-lite-iii,Review,fitness,BLOCKED,HIDDEN_404,published,hidden,vertical_hold:fitness:selective
/reviews/wahoo-tickr,Review,running|cycling|fitness,DUPLICATIVE,PUBLIC_NOINDEX,published,content_uniqueness_hold,content_uniqueness_hold|decisionScore=100|words=3941|quality_not_launch_ready
/reviews/wahoo-tickr-fit,Review,running|cycling|fitness|hyrox,DUPLICATIVE,PUBLIC_NOINDEX,published,content_uniqueness_hold,content_uniqueness_hold|decisionScore=100|words=3957|quality_not_launch_ready
/reviews/wahoo-tickr-x,Review,running|cycling|fitness,DUPLICATIVE,PUBLIC_NOINDEX,published,content_uniqueness_hold,content_uniqueness_hold|decisionScore=100|words=3902|quality_not_launch_ready
/reviews/wahoo-trackr,Review,running|cycling|fitness|hyrox,DUPLICATIVE,PUBLIC_NOINDEX,published,content_uniqueness_hold,content_uniqueness_hold|decisionScore=100|words=3947|quality_not_launch_ready
/reviews/waterrower-a1,Review,fitness|hyrox,BLOCKED,HIDDEN_404,published,hidden,vertical_hold:fitness:selective
/reviews/wilson-bela-pro-v2-2026,Review,padel,BLOCKED,HIDDEN_404,published,hidden,vertical_hold:padel:disabled
/reviews/wilson-blade-100-v9,Review,tennis,BLOCKED,HIDDEN_404,published,hidden,vertical_hold:tennis:disabled
/reviews/wilson-blade-98-v8,Review,tennis,BLOCKED,HIDDEN_404,published,hidden,vertical_hold:tennis:disabled
/reviews/wilson-blade-98-v9,Review,tennis,BLOCKED,HIDDEN_404,published,hidden,vertical_hold:tennis:disabled
/reviews/wilson-blade-pro-v2-padel-2026,Review,padel,BLOCKED,HIDDEN_404,published,hidden,vertical_hold:padel:disabled
/reviews/wilson-clash-100-v2,Review,tennis,BLOCKED,HIDDEN_404,published,hidden,vertical_hold:tennis:disabled
/reviews/wilson-clash-100-v3,Review,tennis,BLOCKED,HIDDEN_404,published,hidden,vertical_hold:tennis:disabled
/reviews/wilson-padel-overgrip-pack,Review,padel,BLOCKED,HIDDEN_404,published,hidden,vertical_hold:padel:disabled
/reviews/wilson-rush-pro-4-0,Review,tennis,BLOCKED,HIDDEN_404,published,hidden,vertical_hold:tennis:disabled
/reviews/wilson-rush-pro-5-padel,Review,padel|tennis,BLOCKED,HIDDEN_404,published,hidden,vertical_hold:padel:disabled
/reviews/wilson-rush-pro-ace,Review,tennis|padel,BLOCKED,HIDDEN_404,published,hidden,vertical_hold:tennis:disabled
/reviews/woodway-curve-trainer,Review,fitness|hyrox,BLOCKED,HIDDEN_404,published,hidden,vertical_hold:fitness:selective
/reviews/xebex-ski-erg,Review,fitness|hyrox,BLOCKED,HIDDEN_404,published,hidden,vertical_hold:fitness:selective
/reviews/xero-prio,Review,fitness,BLOCKED,HIDDEN_404,published,hidden,vertical_hold:fitness:selective
/reviews/yonex-ezone-100-2025,Review,tennis,BLOCKED,HIDDEN_404,published,hidden,vertical_hold:tennis:disabled
/reviews/yonex-ezone-98-2024,Review,tennis,BLOCKED,HIDDEN_404,published,hidden,vertical_hold:tennis:disabled
/reviews/yonex-vcore-100-2023,Review,tennis,BLOCKED,HIDDEN_404,published,hidden,vertical_hold:tennis:disabled
/reviews/yonex-vcore-98-2026,Review,tennis,BLOCKED,HIDDEN_404,published,hidden,vertical_hold:tennis:disabled
/reviews/shokz-openrun,Review,running|cycling|fitness,DUPLICATIVE,PUBLIC_NOINDEX,published,content_uniqueness_hold,content_uniqueness_hold|decisionScore=100|words=3983|quality_not_launch_ready
/reviews/shokz-openfit-2,Review,running|fitness,DUPLICATIVE,PUBLIC_NOINDEX,published,content_uniqueness_hold,content_uniqueness_hold|decisionScore=100|words=4005|quality_not_launch_ready
/reviews/suunto-wing,Review,running|cycling|fitness,DUPLICATIVE,PUBLIC_NOINDEX,published,content_uniqueness_hold,content_uniqueness_hold|decisionScore=100|words=3970|quality_not_launch_ready
/reviews/therabody-theragun-prime,Review,running|recovery|fitness,DUPLICATIVE,PUBLIC_NOINDEX,published,content_uniqueness_hold,content_uniqueness_hold|decisionScore=100|words=3942|quality_not_launch_ready
/reviews/hyperice-normatec-go,Review,running|recovery|fitness,DUPLICATIVE,PUBLIC_NOINDEX,published,content_uniqueness_hold,content_uniqueness_hold|decisionScore=100|words=3975|quality_not_launch_ready
/reviews/janji-multi-short-men,Review,running,DUPLICATIVE,PUBLIC_NOINDEX,published,content_uniqueness_hold,content_uniqueness_hold|decisionScore=100|words=4058|quality_not_launch_ready
/reviews/janji-pace-short-women,Review,running,DUPLICATIVE,PUBLIC_NOINDEX,published,content_uniqueness_hold,content_uniqueness_hold|decisionScore=100|words=3946|quality_not_launch_ready
/reviews/nike-dri-fit-miler-men,Review,running,DUPLICATIVE,PUBLIC_NOINDEX,published,content_uniqueness_hold,content_uniqueness_hold|decisionScore=100|words=3935|quality_not_launch_ready
/reviews/nike-aeroswift-singlet-men,Review,running,DUPLICATIVE,PUBLIC_NOINDEX,published,content_uniqueness_hold,content_uniqueness_hold|decisionScore=100|words=3928|quality_not_launch_ready
/reviews/darn-tough-run-1-4,Review,running,DUPLICATIVE,PUBLIC_NOINDEX,published,content_uniqueness_hold,content_uniqueness_hold|decisionScore=100|words=3978|quality_not_launch_ready
/reviews/smartwool-run-targeted-cushion,Review,running,DUPLICATIVE,PUBLIC_NOINDEX,published,content_uniqueness_hold,content_uniqueness_hold|decisionScore=100|words=3919|quality_not_launch_ready
/reviews/balega-blister-resist,Review,running,DUPLICATIVE,PUBLIC_NOINDEX,published,content_uniqueness_hold,content_uniqueness_hold|decisionScore=100|words=3991|quality_not_launch_ready
/reviews/injinji-run-midweight,Review,running,DUPLICATIVE,PUBLIC_NOINDEX,published,content_uniqueness_hold,content_uniqueness_hold|decisionScore=100|words=3899|quality_not_launch_ready
/reviews/cep-run-compression-sock-3,Review,running,DUPLICATIVE,PUBLIC_NOINDEX,published,content_uniqueness_hold,content_uniqueness_hold|decisionScore=100|words=3991|quality_not_launch_ready
/reviews/hyperice-hypervolt-go-2,Review,running|recovery|fitness,DUPLICATIVE,PUBLIC_NOINDEX,published,content_uniqueness_hold,content_uniqueness_hold|decisionScore=100|words=3939|quality_not_launch_ready
/best/heart-rate-monitors-hyrox,Best,hyrox,BLOCKED,HIDDEN_404,published,hidden_vertical_or_thin,vertical_hold:hyrox:disabled
/best/padel-rackets,Best,padel,BLOCKED,HIDDEN_404,published,hidden_vertical_or_thin,vertical_hold:padel:disabled
/best/tennis-rackets,Best,tennis,BLOCKED,HIDDEN_404,published,hidden_vertical_or_thin,vertical_hold:tennis:disabled
/best/adjustable-dumbbells,Best,fitness,BLOCKED,HIDDEN_404,published,hidden_vertical_or_thin,vertical_hold:fitness:selective
/best/power-racks,Best,fitness,BLOCKED,HIDDEN_404,published,hidden_vertical_or_thin,vertical_hold:fitness:selective
/best/training-shoes,Best,fitness,BLOCKED,HIDDEN_404,published,hidden_vertical_or_thin,vertical_hold:fitness:selective
/best/hyrox-shoes,Best,hyrox,BLOCKED,HIDDEN_404,published,hidden_vertical_or_thin,vertical_hold:hyrox:disabled
/best/rowing-machines,Best,fitness,BLOCKED,HIDDEN_404,published,hidden_vertical_or_thin,vertical_hold:fitness:selective
/best/pull-up-bars,Best,calisthenics,BLOCKED,HIDDEN_404,published,hidden_vertical_or_thin,vertical_hold:calisthenics:disabled
/best/home-gym-equipment,Best,fitness,BLOCKED,HIDDEN_404,published,hidden_vertical_or_thin,vertical_hold:fitness:selective
/best/adjustable-benches,Best,fitness,BLOCKED,HIDDEN_404,published,hidden_vertical_or_thin,vertical_hold:fitness:selective
/best/air-bikes,Best,fitness,BLOCKED,HIDDEN_404,published,hidden_vertical_or_thin,vertical_hold:fitness:selective
/best/treadmills-for-home,Best,fitness,BLOCKED,HIDDEN_404,published,hidden_vertical_or_thin,vertical_hold:fitness:selective
/best/weight-plates,Best,fitness,BLOCKED,HIDDEN_404,published,hidden_vertical_or_thin,vertical_hold:fitness:selective
/compare/tracksmith-session-short-vs-janji-multi-short,Comparison,running|running,MEANINGFUL,PUBLIC_NOINDEX,published,comparison_hold,soft_gated_comparison_products
/compare/patagonia-strider-pro-vs-rabbit-fuel-n-fly,Comparison,running|running,MEANINGFUL,PUBLIC_NOINDEX,published,comparison_hold,soft_gated_comparison_products
/compare/patagonia-houdini-vs-brooks-canopy,Comparison,running|running,MEANINGFUL,PUBLIC_NOINDEX,published,comparison_hold,soft_gated_comparison_products
/compare/salomon-bonatti-vs-janji-rainrunner,Comparison,running|running,MEANINGFUL,PUBLIC_NOINDEX,published,comparison_hold,soft_gated_comparison_products
/compare/tracksmith-twilight-half-vs-nike-fast-tight,Comparison,running|running,MEANINGFUL,PUBLIC_NOINDEX,published,comparison_hold,soft_gated_comparison_products
/compare/nike-miler-vs-patagonia-capilene-cool,Comparison,running|running,MEANINGFUL,PUBLIC_NOINDEX,published,comparison_hold,soft_gated_comparison_products
/compare/brooks-dare-crossback-vs-lululemon-energy-bra,Comparison,,BLOCKED,HIDDEN_404,published,comparison_hold,vertical_hold:unknown:disabled
/compare/jabra-elite-8-active-vs-beats-powerbeats-pro-2,Comparison,,BLOCKED,HIDDEN_404,published,comparison_hold,vertical_hold:unknown:disabled
/compare/oakley-encoder-vs-oakley-radar-ev-path,Comparison,running|cycling|running|cycling,MEANINGFUL,PUBLIC_NOINDEX,published,comparison_hold,soft_gated_comparison_products
/compare/julbo-ultimate-vs-smith-shift-mag,Comparison,running|running|cycling,MEANINGFUL,PUBLIC_NOINDEX,published,comparison_hold,soft_gated_comparison_products
/compare/knog-frog-v3-vs-nite-ize-radiant-clip,Comparison,,BLOCKED,HIDDEN_404,published,comparison_hold,vertical_hold:unknown:disabled
/compare/maurten-gel-100-vs-sis-go-isotonic-gel,Comparison,running|cycling|running|cycling,MEANINGFUL,PUBLIC_NOINDEX,published,comparison_hold,soft_gated_comparison_products
/compare/maurten-gel-100-vs-precision-pf30-gel,Comparison,running|cycling|running|cycling,MEANINGFUL,PUBLIC_NOINDEX,published,comparison_hold,soft_gated_comparison_products
/compare/maurten-drink-mix-320-vs-tailwind-endurance,Comparison,running|cycling|running|cycling,MEANINGFUL,PUBLIC_NOINDEX,published,comparison_hold,soft_gated_comparison_products
/compare/sis-beta-fuel-gel-vs-neversecond-c30-gel,Comparison,running|cycling|running|cycling,MEANINGFUL,PUBLIC_NOINDEX,published,comparison_hold,soft_gated_comparison_products
/compare/clif-bloks-vs-gu-chews,Comparison,running|cycling|running|cycling,MEANINGFUL,PUBLIC_NOINDEX,published,comparison_hold,soft_gated_comparison_products
/compare/nuun-sport-vs-precision-ph1500,Comparison,running|cycling|running|cycling,MEANINGFUL,PUBLIC_NOINDEX,published,comparison_hold,soft_gated_comparison_products
/compare/triggerpoint-grid-vs-rumbleroller,Comparison,,BLOCKED,HIDDEN_404,published,comparison_hold,vertical_hold:unknown:disabled
/compare/nox-at10-genius-18k-2026-vs-bullpadel-vertex-04-2026,Comparison,padel|padel,BLOCKED,HIDDEN_404,published,comparison_hold,vertical_hold:padel:disabled
/compare/babolat-technical-viper-2026-vs-wilson-bela-pro-v2-2026,Comparison,padel|padel,BLOCKED,HIDDEN_404,published,comparison_hold,vertical_hold:padel:disabled
/compare/head-coello-pro-2026-vs-siux-diablo-revolution-2026,Comparison,padel|padel,BLOCKED,HIDDEN_404,published,comparison_hold,vertical_hold:padel:disabled
/compare/nox-at10-genius-18k-2026-vs-babolat-technical-viper-2026,Comparison,padel|padel,BLOCKED,HIDDEN_404,published,comparison_hold,vertical_hold:padel:disabled
/compare/bullpadel-vertex-05-vs-hack-04-2026,Comparison,padel|padel,BLOCKED,HIDDEN_404,published,comparison_hold,vertical_hold:padel:disabled
/compare/nox-at10-12k-vs-adidas-metalbone-2026,Comparison,padel|padel,BLOCKED,HIDDEN_404,published,comparison_hold,vertical_hold:padel:disabled
/compare/bullpadel-vertex-05-vs-nox-at10-12k-2026,Comparison,padel|padel,BLOCKED,HIDDEN_404,published,comparison_hold,vertical_hold:padel:disabled
/compare/babolat-pure-drive-2025-vs-wilson-clash-100-v2,Comparison,tennis|tennis,BLOCKED,HIDDEN_404,published,comparison_hold,vertical_hold:tennis:disabled
/compare/wilson-blade-98-v8-vs-yonex-ezone-98-2024,Comparison,tennis|tennis,BLOCKED,HIDDEN_404,published,comparison_hold,vertical_hold:tennis:disabled
/compare/wilson-blade-98-v9-vs-babolat-pure-drive-gen11,Comparison,tennis|tennis,BLOCKED,HIDDEN_404,published,comparison_hold,vertical_hold:tennis:disabled
/compare/yonex-ezone-100-2025-vs-wilson-clash-100-v3,Comparison,tennis|tennis,BLOCKED,HIDDEN_404,published,comparison_hold,vertical_hold:tennis:disabled
/compare/babolat-pure-aero-2026-vs-yonex-vcore-100-2023,Comparison,tennis|tennis,BLOCKED,HIDDEN_404,published,comparison_hold,vertical_hold:tennis:disabled
/compare/nuobell-80-vs-powerblock-pro-100,Comparison,fitness|fitness,BLOCKED,HIDDEN_404,published,comparison_hold,vertical_hold:fitness:selective
/compare/rogue-rml-390f-vs-rep-pr-4000,Comparison,fitness|fitness,BLOCKED,HIDDEN_404,published,comparison_hold,vertical_hold:fitness:selective
/compare/nike-metcon-9-vs-reebok-nano-x4,Comparison,fitness|hyrox|fitness|hyrox,BLOCKED,HIDDEN_404,published,comparison_hold,vertical_hold:fitness:selective
/compare/nike-metcon-9-vs-adidas-dropset-3,Comparison,fitness|hyrox|fitness,BLOCKED,HIDDEN_404,published,comparison_hold,vertical_hold:fitness:selective
/compare/reebok-nano-x4-vs-tyr-cxt-2,Comparison,fitness|hyrox|fitness|hyrox,BLOCKED,HIDDEN_404,published,comparison_hold,vertical_hold:fitness:selective
/compare/nobull-trainer-vs-nike-metcon-9,Comparison,fitness|hyrox|fitness|hyrox,BLOCKED,HIDDEN_404,published,comparison_hold,vertical_hold:fitness:selective
/compare/inov8-f-lite-235-v3-vs-reebok-nano-x4,Comparison,fitness|hyrox|fitness|hyrox,BLOCKED,HIDDEN_404,published,comparison_hold,vertical_hold:fitness:selective
/compare/nike-romaleos-5-vs-adidas-adipower-3,Comparison,fitness|fitness,BLOCKED,HIDDEN_404,published,comparison_hold,vertical_hold:fitness:selective
/compare/adidas-powerlift-5-vs-nike-romaleos-5,Comparison,fitness|fitness,BLOCKED,HIDDEN_404,published,comparison_hold,vertical_hold:fitness:selective
/compare/nike-free-metcon-6-vs-reebok-nano-x4,Comparison,fitness|hyrox|fitness|hyrox,BLOCKED,HIDDEN_404,published,comparison_hold,vertical_hold:fitness:selective
/compare/adidas-dropset-3-vs-adidas-the-total,Comparison,fitness|fitness,BLOCKED,HIDDEN_404,published,comparison_hold,vertical_hold:fitness:selective
/compare/puma-fuse-3-vs-ua-tribase-reign-6,Comparison,fitness|hyrox|fitness,BLOCKED,HIDDEN_404,published,comparison_hold,vertical_hold:fitness:selective
/compare/tyr-cxt-1-vs-tyr-cxt-2,Comparison,fitness|hyrox|fitness|hyrox,BLOCKED,HIDDEN_404,published,comparison_hold,vertical_hold:fitness:selective
/compare/concept2-rowerg-vs-mirafit-magnetic-rower,Comparison,fitness|hyrox|fitness|hyrox,BLOCKED,HIDDEN_404,published,comparison_hold,vertical_hold:fitness:selective
/compare/rogue-echo-bike-vs-assaultbike-elite,Comparison,fitness|hyrox|fitness|hyrox,BLOCKED,HIDDEN_404,published,comparison_hold,vertical_hold:fitness:selective
/compare/sole-f80-vs-horizon-t202,Comparison,fitness|hyrox|fitness|hyrox,BLOCKED,HIDDEN_404,published,comparison_hold,vertical_hold:fitness:selective
/compare/concept2-rowerg-vs-hydrow-wave,Comparison,fitness|hyrox|fitness|hyrox,BLOCKED,HIDDEN_404,published,comparison_hold,vertical_hold:fitness:selective
/guides/running-gels-explained,Guide,running,COMPLETE,PUBLIC_NOINDEX,published,guide_hold,soft_gated_category:nutrition-fuel
/guides/how-to-carry-fuel-on-long-runs,Guide,running,COMPLETE,PUBLIC_NOINDEX,published,guide_hold,soft_gated_category:nutrition-fuel
/guides/gel-vs-drink-mix-vs-chews,Guide,running,COMPLETE,PUBLIC_NOINDEX,published,guide_hold,soft_gated_category:nutrition-fuel
/guides/caffeine-in-running-fuel-explained,Guide,running,COMPLETE,PUBLIC_NOINDEX,published,guide_hold,soft_gated_category:nutrition-fuel
/guides/running-jackets-explained,Guide,running,COMPLETE,PUBLIC_NOINDEX,published,guide_hold,soft_gated_category:running-clothing
/guides/hot-weather-running-apparel,Guide,running,COMPLETE,PUBLIC_NOINDEX,published,guide_hold,soft_gated_category:running-clothing
/guides/winter-layering-for-runners,Guide,running,COMPLETE,PUBLIC_NOINDEX,published,guide_hold,soft_gated_category:running-clothing
/guides/how-to-choose-a-padel-racket,Guide,padel,BLOCKED,HIDDEN_404,published,guide_hold,vertical_hold:padel:disabled
/guides/how-to-choose-padel-shoes,Guide,padel,BLOCKED,HIDDEN_404,published,guide_hold,vertical_hold:padel:disabled
/guides/padel-grips-overgrips-explained,Guide,padel,BLOCKED,HIDDEN_404,published,guide_hold,vertical_hold:padel:disabled
/guides/how-to-choose-a-tennis-racket,Guide,tennis,BLOCKED,HIDDEN_404,published,guide_hold,vertical_hold:tennis:disabled
/guides/how-to-build-a-home-gym,Guide,fitness,BLOCKED,HIDDEN_404,published,guide_hold,vertical_hold:fitness:selective
/guides/how-to-choose-training-shoes,Guide,fitness,BLOCKED,HIDDEN_404,published,guide_hold,vertical_hold:fitness:selective
/guides/adjustable-vs-fixed-dumbbells,Guide,fitness,BLOCKED,HIDDEN_404,published,guide_hold,vertical_hold:fitness:selective
/guides/hyrox-home-training-setup,Guide,hyrox,BLOCKED,HIDDEN_404,published,guide_hold,vertical_hold:hyrox:disabled
/guides/pull-up-bar-mounting-guide,Guide,calisthenics,BLOCKED,HIDDEN_404,published,guide_hold,vertical_hold:calisthenics:disabled
/guides/power-rack-sizing-and-hole-spacing,Guide,fitness,BLOCKED,HIDDEN_404,published,guide_hold,vertical_hold:fitness:selective
/guides/how-to-choose-a-power-rack,Guide,fitness,BLOCKED,HIDDEN_404,published,guide_hold,vertical_hold:fitness:selective
/guides/how-to-choose-a-weight-bench,Guide,fitness,BLOCKED,HIDDEN_404,published,guide_hold,vertical_hold:fitness:selective
/guides/how-to-choose-adjustable-dumbbells,Guide,fitness,BLOCKED,HIDDEN_404,published,guide_hold,vertical_hold:fitness:selective
/guides/how-to-choose-a-home-treadmill,Guide,fitness,BLOCKED,HIDDEN_404,published,guide_hold,vertical_hold:fitness:selective
/guides/how-to-choose-a-rowing-machine,Guide,fitness,BLOCKED,HIDDEN_404,published,guide_hold,vertical_hold:fitness:selective
/guides/how-much-space-do-you-need-for-a-home-gym,Guide,fitness,BLOCKED,HIDDEN_404,published,guide_hold,vertical_hold:fitness:selective
/guides/bumper-plates-vs-iron-plates,Guide,fitness,BLOCKED,HIDDEN_404,published,guide_hold,vertical_hold:fitness:selective
/guides/how-to-choose-hyrox-shoes,Guide,hyrox,BLOCKED,HIDDEN_404,published,guide_hold,vertical_hold:hyrox:disabled
/guides/hyrox-race-shoes-vs-training-shoes,Guide,hyrox,BLOCKED,HIDDEN_404,published,guide_hold,vertical_hold:hyrox:disabled
/guides/rowerg-vs-skierg-for-hyrox-training,Guide,hyrox,BLOCKED,HIDDEN_404,published,guide_hold,vertical_hold:hyrox:disabled
/guides/how-to-choose-a-hyrox-training-sled,Guide,hyrox,BLOCKED,HIDDEN_404,published,guide_hold,vertical_hold:hyrox:disabled
/guides/hyrox-equipment-standards,Guide,hyrox,BLOCKED,HIDDEN_404,published,guide_hold,vertical_hold:hyrox:disabled
/guides/hyrox-race-day-gear-checklist,Guide,hyrox,BLOCKED,HIDDEN_404,published,guide_hold,vertical_hold:hyrox:disabled
/guides/hyrox-heart-rate-monitor,Guide,hyrox,BLOCKED,HIDDEN_404,published,guide_hold,vertical_hold:hyrox:disabled
/guides/what-gear-do-you-need-for-hyrox,Guide,hyrox,BLOCKED,HIDDEN_404,published,guide_hold,vertical_hold:hyrox:disabled
/guides/how-to-build-a-hyrox-home-gym,Guide,hyrox,BLOCKED,HIDDEN_404,published,guide_hold,vertical_hold:hyrox:disabled
/guides/how-to-choose-a-hyrox-watch,Guide,hyrox,BLOCKED,HIDDEN_404,published,guide_hold,vertical_hold:hyrox:disabled
/setups/padel-starter-kit,Setup,padel,BLOCKED,HIDDEN_404,published,setup_hold,vertical_hold:padel:disabled
/setups/tennis-starter-kit,Setup,tennis,BLOCKED,HIDDEN_404,published,setup_hold,vertical_hold:tennis:disabled
/setups/beginner-home-gym,Setup,fitness,BLOCKED,HIDDEN_404,published,setup_hold,vertical_hold:fitness:selective
/setups/garage-strength-gym,Setup,fitness,BLOCKED,HIDDEN_404,published,setup_hold,vertical_hold:fitness:selective
/setups/apartment-fitness-setup,Setup,fitness,BLOCKED,HIDDEN_404,published,setup_hold,vertical_hold:fitness:selective
/setups/hyrox-home-conditioning,Setup,hyrox,BLOCKED,HIDDEN_404,published,setup_hold,vertical_hold:hyrox:disabled
/setups/calisthenics-home-setup,Setup,calisthenics,BLOCKED,HIDDEN_404,published,setup_hold,vertical_hold:calisthenics:disabled
/setups/hyrox-race-day-kit,Setup,hyrox,BLOCKED,HIDDEN_404,published,setup_hold,vertical_hold:hyrox:disabled
/setups/first-hyrox-setup,Setup,hyrox,BLOCKED,HIDDEN_404,published,setup_hold,vertical_hold:hyrox:disabled
/setups/budget-home-gym,Setup,fitness,BLOCKED,HIDDEN_404,published,setup_hold,vertical_hold:fitness:selective
/setups/hyrox-home-training,Setup,hyrox,BLOCKED,HIDDEN_404,published,setup_hold,vertical_hold:hyrox:disabled
/tools/home-gym-builder,Tool,fitness,BLOCKED,HIDDEN_404,available,tool_hold,vertical_hold:fitness:selective
/tools/hyrox-shoe-finder,Finder,fitness|hyrox,BLOCKED,HIDDEN_404,available,tool_hold,vertical_hold:fitness:selective
/tools/training-shoe-finder,Finder,fitness,BLOCKED,HIDDEN_404,available,tool_hold,vertical_hold:fitness:selective
/tools/adjustable-dumbbell-finder,Finder,fitness,BLOCKED,HIDDEN_404,available,tool_hold,vertical_hold:fitness:selective
/tools/power-rack-finder,Finder,fitness,BLOCKED,HIDDEN_404,available,tool_hold,vertical_hold:fitness:selective
/tools/pull-up-bar-finder,Finder,fitness|calisthenics,BLOCKED,HIDDEN_404,available,tool_hold,vertical_hold:fitness:selective
/tools/one-rep-max-calculator,Calculator,fitness,BLOCKED,HIDDEN_404,available,tool_hold,vertical_hold:fitness:selective
/tools/plate-calculator,Calculator,fitness,BLOCKED,HIDDEN_404,available,tool_hold,vertical_hold:fitness:selective
/tools/treadmill-finder,Finder,fitness,BLOCKED,HIDDEN_404,available,tool_hold,vertical_hold:fitness:selective
/tools/hyrox-race-kit-builder,Tool,hyrox|fitness,BLOCKED,HIDDEN_404,available,tool_hold,vertical_hold:fitness:selective
/tools/hyrox-race-time-calculator,Calculator,hyrox|fitness,BLOCKED,HIDDEN_404,available,tool_hold,vertical_hold:fitness:selective
/tools/padel-racket-finder,Finder,padel,BLOCKED,HIDDEN_404,available,tool_hold,vertical_hold:padel:disabled
/tools/tennis-racket-finder,Finder,tennis,BLOCKED,HIDDEN_404,available,tool_hold,vertical_hold:tennis:disabled
/padel/bags,CategorySoftGated,padel,N/A,PUBLIC_NOINDEX,published_soft_gated,soft_gated_category,soft_gated_category
/running/clothing,CategorySoftGated,running,N/A,PUBLIC_NOINDEX,published_soft_gated,soft_gated_category,soft_gated_category
/padel/accessories,CategorySoftGated,padel,N/A,PUBLIC_NOINDEX,published_soft_gated,soft_gated_category,soft_gated_category
/squash/rackets,CategorySoftGated,squash,N/A,PUBLIC_NOINDEX,published_soft_gated,soft_gated_category,soft_gated_category
/padel/clothing,CategorySoftGated,padel,N/A,PUBLIC_NOINDEX,published_soft_gated,soft_gated_category,soft_gated_category
/running/sunglasses,CategorySoftGated,running,N/A,PUBLIC_NOINDEX,published_soft_gated,soft_gated_category,soft_gated_category
/cycling/sunglasses,CategorySoftGated,cycling,N/A,PUBLIC_NOINDEX,published_soft_gated,soft_gated_category,soft_gated_category
/running/accessories,CategorySoftGated,running,N/A,PUBLIC_NOINDEX,published_soft_gated,soft_gated_category,soft_gated_category
/fitness/accessories,CategorySoftGated,fitness,N/A,PUBLIC_NOINDEX,published_soft_gated,soft_gated_category,soft_gated_category
/hyrox/accessories,CategorySoftGated,hyrox,N/A,PUBLIC_NOINDEX,published_soft_gated,soft_gated_category,soft_gated_category
/running/nutrition,CategorySoftGated,running,N/A,PUBLIC_NOINDEX,published_soft_gated,soft_gated_category,soft_gated_category
/cycling/nutrition,CategorySoftGated,cycling,N/A,PUBLIC_NOINDEX,published_soft_gated,soft_gated_category,soft_gated_category
/hyrox/nutrition,CategorySoftGated,hyrox,N/A,PUBLIC_NOINDEX,published_soft_gated,soft_gated_category,soft_gated_category
