URL,page_type,sport,publication_status,quality_status,launch_eligibility,robots,canonical,HTTP_status,in_sitemap,inbound_internal_links,reason
/,Home,,published,N/A,INDEXABLE,"index,follow",/,200,yes,1,static_home
/about,Static,,published,N/A,INDEXABLE,"index,follow",/about,200,yes,0,static_trust_or_hub
/affiliate-disclosure,Static,,published,N/A,INDEXABLE,"index,follow",/affiliate-disclosure,200,yes,0,static_trust_or_hub
/authors,Static,,published,N/A,INDEXABLE,"index,follow",/authors,200,yes,0,static_trust_or_hub
/authors/kitletics-editorial,Author,,published,N/A,INDEXABLE,"index,follow",/authors/kitletics-editorial,200,yes,0,author_ok
/badminton,Sport,badminton,published,N/A,PUBLIC_NOINDEX,"noindex,follow",/badminton,,no,0,vertical_hub_hold:sport-badminton:disabled
/best,Static,,published,N/A,INDEXABLE,"index,follow",/best,200,yes,2,static_trust_or_hub
/best/adjustable-benches,Best,fitness,published,BLOCKED,HIDDEN_404,"noindex,nofollow",/best/adjustable-benches,,no,1,vertical_hold:fitness:selective
/best/adjustable-dumbbells,Best,fitness,published,BLOCKED,HIDDEN_404,"noindex,nofollow",/best/adjustable-dumbbells,,no,1,vertical_hold:fitness:selective
/best/air-bikes,Best,fitness,published,BLOCKED,HIDDEN_404,"noindex,nofollow",/best/air-bikes,,no,1,vertical_hold:fitness:selective
/best/carbon-plated-running-shoes,Best,running,published,LAUNCH_READY,INDEXABLE,"index,follow",/best/carbon-plated-running-shoes,200,yes,1,contextualDepth=high
/best/daily-trainers,Best,running,published,LAUNCH_READY,INDEXABLE,"index,follow",/best/daily-trainers,200,yes,1,contextualDepth=high
/best/handheld-running-bottles,Best,running,published,LAUNCH_READY,INDEXABLE,"index,follow",/best/handheld-running-bottles,200,yes,1,contextualDepth=high
/best/heart-rate-monitors-chest-straps,Best,running,published,LAUNCH_READY,INDEXABLE,"index,follow",/best/heart-rate-monitors-chest-straps,200,yes,1,contextualDepth=high
/best/heart-rate-monitors-hyrox,Best,hyrox,published,BLOCKED,HIDDEN_404,"noindex,nofollow",/best/heart-rate-monitors-hyrox,,no,1,vertical_hold:hyrox:disabled
/best/heart-rate-monitors-intervals,Best,running,published,LAUNCH_READY,INDEXABLE,"index,follow",/best/heart-rate-monitors-intervals,200,yes,1,contextualDepth=high
/best/heart-rate-monitors-running,Best,running,published,LAUNCH_READY,INDEXABLE,"index,follow",/best/heart-rate-monitors-running,200,yes,1,contextualDepth=high
/best/home-gym-equipment,Best,fitness,published,BLOCKED,HIDDEN_404,"noindex,nofollow",/best/home-gym-equipment,,no,1,vertical_hold:fitness:selective
/best/hydration-marathon-training,Best,running,published,LAUNCH_READY,INDEXABLE,"index,follow",/best/hydration-marathon-training,200,yes,1,contextualDepth=high
/best/hydration-vests-trail,Best,running,published,LAUNCH_READY,INDEXABLE,"index,follow",/best/hydration-vests-trail,200,yes,1,contextualDepth=high
/best/hydration-vests-ultra,Best,running,published,LAUNCH_READY,INDEXABLE,"index,follow",/best/hydration-vests-ultra,200,yes,1,contextualDepth=high
/best/hyrox-shoes,Best,hyrox,published,BLOCKED,HIDDEN_404,"noindex,nofollow",/best/hyrox-shoes,,no,1,vertical_hold:hyrox:disabled
/best/marathon-shoes,Best,running,published,LAUNCH_READY,INDEXABLE,"index,follow",/best/marathon-shoes,200,yes,1,contextualDepth=high
/best/max-cushion-running-shoes,Best,running,published,LAUNCH_READY,INDEXABLE,"index,follow",/best/max-cushion-running-shoes,200,yes,1,contextualDepth=high
/best/padel-rackets,Best,padel,published,BLOCKED,HIDDEN_404,"noindex,nofollow",/best/padel-rackets,,no,1,vertical_hold:padel:disabled
/best/power-racks,Best,fitness,published,BLOCKED,HIDDEN_404,"noindex,nofollow",/best/power-racks,,no,1,vertical_hold:fitness:selective
/best/pull-up-bars,Best,calisthenics,published,BLOCKED,HIDDEN_404,"noindex,nofollow",/best/pull-up-bars,,no,1,vertical_hold:calisthenics:disabled
/best/race-shoes,Best,running,published,LAUNCH_READY,INDEXABLE,"index,follow",/best/race-shoes,200,yes,1,contextualDepth=high
/best/rowing-machines,Best,fitness,published,BLOCKED,HIDDEN_404,"noindex,nofollow",/best/rowing-machines,,no,1,vertical_hold:fitness:selective
/best/running-belts,Best,running,published,LAUNCH_READY,INDEXABLE,"index,follow",/best/running-belts,200,yes,1,contextualDepth=high
/best/running-clothing-hot-weather,Best,running,published,LAUNCH_READY,INDEXABLE,"index,follow",/best/running-clothing-hot-weather,200,yes,1,contextualDepth=high
/best/running-gear-winter,Best,running,published,LAUNCH_READY,INDEXABLE,"index,follow",/best/running-gear-winter,200,yes,1,contextualDepth=high
/best/running-headlamps,Best,running,published,LAUNCH_READY,INDEXABLE,"index,follow",/best/running-headlamps,200,yes,1,contextualDepth=high
/best/running-headphones,Best,running,published,LAUNCH_READY,INDEXABLE,"index,follow",/best/running-headphones,200,yes,1,contextualDepth=high
/best/running-hydration-vests,Best,running,published,LAUNCH_READY,INDEXABLE,"index,follow",/best/running-hydration-vests,200,yes,1,contextualDepth=high
/best/running-jackets,Best,running,published,LAUNCH_READY,INDEXABLE,"index,follow",/best/running-jackets,200,yes,1,contextualDepth=high
/best/running-packs,Best,running,published,LAUNCH_READY,INDEXABLE,"index,follow",/best/running-packs,200,yes,1,contextualDepth=high
/best/running-race-fuel,Best,running,published,LAUNCH_READY,INDEXABLE,"index,follow",/best/running-race-fuel,200,yes,1,contextualDepth=high
/best/running-rain-jackets,Best,running,published,LAUNCH_READY,INDEXABLE,"index,follow",/best/running-rain-jackets,200,yes,1,contextualDepth=high
/best/running-recovery-gear,Best,running,published,LAUNCH_READY,INDEXABLE,"index,follow",/best/running-recovery-gear,200,yes,1,contextualDepth=high
/best/running-safety-visibility,Best,running,published,LAUNCH_READY,INDEXABLE,"index,follow",/best/running-safety-visibility,200,yes,1,contextualDepth=high
/best/running-shoes,Best,running,published,LAUNCH_READY,INDEXABLE,"index,follow",/best/running-shoes,200,yes,1,contextualDepth=high
/best/running-shoes-beginners,Best,running,published,LAUNCH_READY,INDEXABLE,"index,follow",/best/running-shoes-beginners,200,yes,1,contextualDepth=high
/best/running-shoes-heavy-runners,Best,running,published,LAUNCH_READY,INDEXABLE,"index,follow",/best/running-shoes-heavy-runners,200,yes,1,contextualDepth=high
/best/running-shoes-long-runs,Best,running,published,LAUNCH_READY,INDEXABLE,"index,follow",/best/running-shoes-long-runs,200,yes,1,contextualDepth=high
/best/running-shoes-wide-feet,Best,running,published,LAUNCH_READY,INDEXABLE,"index,follow",/best/running-shoes-wide-feet,200,yes,1,contextualDepth=high
/best/running-shorts,Best,running,published,LAUNCH_READY,INDEXABLE,"index,follow",/best/running-shorts,200,yes,1,contextualDepth=high
/best/running-socks,Best,running,published,LAUNCH_READY,INDEXABLE,"index,follow",/best/running-socks,200,yes,1,contextualDepth=high
/best/running-sunglasses,Best,running,published,LAUNCH_READY,INDEXABLE,"index,follow",/best/running-sunglasses,200,yes,1,contextualDepth=high
/best/running-tights,Best,running,published,LAUNCH_READY,INDEXABLE,"index,follow",/best/running-tights,200,yes,1,contextualDepth=high
/best/running-watches,Best,running,published,LAUNCH_READY,INDEXABLE,"index,follow",/best/running-watches,200,yes,1,contextualDepth=high
/best/running-watches-beginners,Best,running,published,LAUNCH_READY,INDEXABLE,"index,follow",/best/running-watches-beginners,200,yes,1,contextualDepth=high
/best/running-watches-budget,Best,running,published,LAUNCH_READY,INDEXABLE,"index,follow",/best/running-watches-budget,200,yes,1,contextualDepth=high
/best/running-watches-marathon,Best,running,published,LAUNCH_READY,INDEXABLE,"index,follow",/best/running-watches-marathon,200,yes,1,contextualDepth=high
/best/running-watches-music,Best,running,published,LAUNCH_READY,INDEXABLE,"index,follow",/best/running-watches-music,200,yes,1,contextualDepth=high
/best/running-watches-small-wrists,Best,running,published,LAUNCH_READY,INDEXABLE,"index,follow",/best/running-watches-small-wrists,200,yes,1,contextualDepth=high
/best/running-watches-trail,Best,running,published,LAUNCH_READY,INDEXABLE,"index,follow",/best/running-watches-trail,200,yes,1,contextualDepth=high
/best/running-watches-ultra,Best,running,published,LAUNCH_READY,INDEXABLE,"index,follow",/best/running-watches-ultra,200,yes,1,contextualDepth=high
/best/stability-running-shoes,Best,running,published,LAUNCH_READY,INDEXABLE,"index,follow",/best/stability-running-shoes,200,yes,1,contextualDepth=high
/best/tempo-running-shoes,Best,running,published,LAUNCH_READY,INDEXABLE,"index,follow",/best/tempo-running-shoes,200,yes,1,contextualDepth=high
/best/tennis-rackets,Best,tennis,published,BLOCKED,HIDDEN_404,"noindex,nofollow",/best/tennis-rackets,,no,1,vertical_hold:tennis:disabled
/best/trail-running-shoes,Best,running,published,LAUNCH_READY,INDEXABLE,"index,follow",/best/trail-running-shoes,200,yes,1,contextualDepth=high
/best/training-shoes,Best,fitness,published,BLOCKED,HIDDEN_404,"noindex,nofollow",/best/training-shoes,,no,1,vertical_hold:fitness:selective
/best/treadmills-for-home,Best,fitness,published,BLOCKED,HIDDEN_404,"noindex,nofollow",/best/treadmills-for-home,,no,1,vertical_hold:fitness:selective
/best/weight-plates,Best,fitness,published,BLOCKED,HIDDEN_404,"noindex,nofollow",/best/weight-plates,,no,1,vertical_hold:fitness:selective
/brands,Static,,published,N/A,INDEXABLE,"index,follow",/brands,200,yes,2,static_trust_or_hub
/brands/100-percent,Brand,,published,BLOCKED,HIDDEN_404,"noindex,nofollow",/brands/100-percent,,no,0,brand_hub_not_indexable
/brands/226ers,Brand,,published,BLOCKED,HIDDEN_404,"noindex,nofollow",/brands/226ers,,no,0,brand_hub_not_indexable
/brands/2toms,Brand,,published,BLOCKED,HIDDEN_404,"noindex,nofollow",/brands/2toms,,no,0,brand_hub_not_indexable
/brands/2xu,Brand,,published,BLOCKED,HIDDEN_404,"noindex,nofollow",/brands/2xu,,no,0,brand_hub_not_indexable
/brands/adidas,Brand,,published,N/A,INDEXABLE,"index,follow",/brands/adidas,200,yes,0,brand_hub_ok
/brands/adidas-padel,Brand,,published,N/A,INDEXABLE,"index,follow",/brands/adidas-padel,200,yes,0,brand_hub_ok
/brands/altra,Brand,,published,N/A,INDEXABLE,"index,follow",/brands/altra,200,yes,0,brand_hub_ok
/brands/amazfit,Brand,,published,N/A,INDEXABLE,"index,follow",/brands/amazfit,200,yes,0,brand_hub_ok
/brands/amphipod,Brand,,published,N/A,INDEXABLE,"index,follow",/brands/amphipod,200,yes,0,brand_hub_ok
/brands/apple,Brand,,published,N/A,INDEXABLE,"index,follow",/brands/apple,200,yes,0,brand_hub_ok
/brands/asics,Brand,,published,N/A,INDEXABLE,"index,follow",/brands/asics,200,yes,0,brand_hub_ok
/brands/asics-racket,Brand,,published,N/A,INDEXABLE,"index,follow",/brands/asics-racket,200,yes,0,brand_hub_ok
/brands/assault-fitness,Brand,,published,N/A,INDEXABLE,"index,follow",/brands/assault-fitness,200,yes,0,brand_hub_ok
/brands/atx,Brand,,published,N/A,INDEXABLE,"index,follow",/brands/atx,200,yes,0,brand_hub_ok
/brands/babolat,Brand,,published,N/A,INDEXABLE,"index,follow",/brands/babolat,200,yes,0,brand_hub_ok
/brands/balega,Brand,,published,N/A,INDEXABLE,"index,follow",/brands/balega,200,yes,0,brand_hub_ok
/brands/bear-komplex,Brand,,published,BLOCKED,HIDDEN_404,"noindex,nofollow",/brands/bear-komplex,,no,0,brand_hub_not_indexable
/brands/beats,Brand,,published,BLOCKED,HIDDEN_404,"noindex,nofollow",/brands/beats,,no,0,brand_hub_not_indexable
/brands/biolite,Brand,,published,BLOCKED,HIDDEN_404,"noindex,nofollow",/brands/biolite,,no,0,brand_hub_not_indexable
/brands/black-crown,Brand,,published,BLOCKED,HIDDEN_404,"noindex,nofollow",/brands/black-crown,,no,0,brand_hub_not_indexable
/brands/black-diamond,Brand,,published,N/A,INDEXABLE,"index,follow",/brands/black-diamond,200,yes,0,brand_hub_ok
/brands/blackroll,Brand,,published,N/A,INDEXABLE,"index,follow",/brands/blackroll,200,yes,0,brand_hub_ok
/brands/body-glide,Brand,,published,BLOCKED,HIDDEN_404,"noindex,nofollow",/brands/body-glide,,no,0,brand_hub_not_indexable
/brands/bombas,Brand,,published,BLOCKED,HIDDEN_404,"noindex,nofollow",/brands/bombas,,no,0,brand_hub_not_indexable
/brands/bose,Brand,,published,BLOCKED,HIDDEN_404,"noindex,nofollow",/brands/bose,,no,0,brand_hub_not_indexable
/brands/bowflex,Brand,,published,N/A,INDEXABLE,"index,follow",/brands/bowflex,200,yes,0,brand_hub_ok
/brands/brazyn,Brand,,published,BLOCKED,HIDDEN_404,"noindex,nofollow",/brands/brazyn,,no,0,brand_hub_not_indexable
/brands/brooks,Brand,,published,N/A,INDEXABLE,"index,follow",/brands/brooks,200,yes,0,brand_hub_ok
/brands/buff,Brand,,published,N/A,INDEXABLE,"index,follow",/brands/buff,200,yes,0,brand_hub_ok
/brands/bullpadel,Brand,,published,N/A,INDEXABLE,"index,follow",/brands/bullpadel,200,yes,0,brand_hub_ok
/brands/camelbak,Brand,,published,N/A,INDEXABLE,"index,follow",/brands/camelbak,200,yes,0,brand_hub_ok
/brands/cep,Brand,,published,N/A,INDEXABLE,"index,follow",/brands/cep,200,yes,0,brand_hub_ok
/brands/ciele,Brand,,published,BLOCKED,HIDDEN_404,"noindex,nofollow",/brands/ciele,,no,0,brand_hub_not_indexable
/brands/clif-bar,Brand,,published,N/A,INDEXABLE,"index,follow",/brands/clif-bar,200,yes,0,brand_hub_ok
/brands/compressport,Brand,,published,N/A,INDEXABLE,"index,follow",/brands/compressport,200,yes,0,brand_hub_ok
/brands/concept2,Brand,,published,N/A,INDEXABLE,"index,follow",/brands/concept2,200,yes,0,brand_hub_ok
/brands/coros,Brand,,published,N/A,INDEXABLE,"index,follow",/brands/coros,200,yes,0,brand_hub_ok
/brands/craft,Brand,,published,N/A,INDEXABLE,"index,follow",/brands/craft,200,yes,0,brand_hub_ok
/brands/darn-tough,Brand,,published,BLOCKED,HIDDEN_404,"noindex,nofollow",/brands/darn-tough,,no,0,brand_hub_not_indexable
/brands/decathlon,Brand,,published,BLOCKED,HIDDEN_404,"noindex,nofollow",/brands/decathlon,,no,0,brand_hub_not_indexable
/brands/dirty-girl,Brand,,published,BLOCKED,HIDDEN_404,"noindex,nofollow",/brands/dirty-girl,,no,0,brand_hub_not_indexable
/brands/do-win,Brand,,published,BLOCKED,HIDDEN_404,"noindex,nofollow",/brands/do-win,,no,0,brand_hub_not_indexable
/brands/domyos,Brand,,published,BLOCKED,HIDDEN_404,"noindex,nofollow",/brands/domyos,,no,0,brand_hub_not_indexable
/brands/drop-shot,Brand,,published,BLOCKED,HIDDEN_404,"noindex,nofollow",/brands/drop-shot,,no,0,brand_hub_not_indexable
/brands/drymax,Brand,,published,BLOCKED,HIDDEN_404,"noindex,nofollow",/brands/drymax,,no,0,brand_hub_not_indexable
/brands/dunlop,Brand,,published,BLOCKED,HIDDEN_404,"noindex,nofollow",/brands/dunlop,,no,0,brand_hub_not_indexable
/brands/eleiko,Brand,,published,N/A,INDEXABLE,"index,follow",/brands/eleiko,200,yes,0,brand_hub_ok
/brands/enervit,Brand,,published,BLOCKED,HIDDEN_404,"noindex,nofollow",/brands/enervit,,no,0,brand_hub_not_indexable
/brands/feetures,Brand,,published,BLOCKED,HIDDEN_404,"noindex,nofollow",/brands/feetures,,no,0,brand_hub_not_indexable
/brands/fenix,Brand,,published,BLOCKED,HIDDEN_404,"noindex,nofollow",/brands/fenix,,no,0,brand_hub_not_indexable
/brands/fitletic,Brand,,published,BLOCKED,HIDDEN_404,"noindex,nofollow",/brands/fitletic,,no,0,brand_hub_not_indexable
/brands/flipbelt,Brand,,published,BLOCKED,HIDDEN_404,"noindex,nofollow",/brands/flipbelt,,no,0,brand_hub_not_indexable
/brands/garmin,Brand,,published,N/A,INDEXABLE,"index,follow",/brands/garmin,200,yes,0,brand_hub_ok
/brands/goodr,Brand,,published,N/A,INDEXABLE,"index,follow",/brands/goodr,200,yes,0,brand_hub_ok
/brands/gornation,Brand,,published,N/A,INDEXABLE,"index,follow",/brands/gornation,200,yes,0,brand_hub_ok
/brands/gravity-fitness,Brand,,published,N/A,INDEXABLE,"index,follow",/brands/gravity-fitness,200,yes,0,brand_hub_ok
/brands/gu-energy,Brand,,published,N/A,INDEXABLE,"index,follow",/brands/gu-energy,200,yes,0,brand_hub_ok
/brands/head,Brand,,published,N/A,INDEXABLE,"index,follow",/brands/head,200,yes,0,brand_hub_ok
/brands/high5,Brand,,published,N/A,INDEXABLE,"index,follow",/brands/high5,200,yes,0,brand_hub_ok
/brands/hilly,Brand,,published,BLOCKED,HIDDEN_404,"noindex,nofollow",/brands/hilly,,no,0,brand_hub_not_indexable
/brands/hoka,Brand,,published,N/A,INDEXABLE,"index,follow",/brands/hoka,200,yes,0,brand_hub_ok
/brands/honey-stinger,Brand,,published,BLOCKED,HIDDEN_404,"noindex,nofollow",/brands/honey-stinger,,no,0,brand_hub_not_indexable
/brands/horizon-fitness,Brand,,published,BLOCKED,HIDDEN_404,"noindex,nofollow",/brands/horizon-fitness,,no,0,brand_hub_not_indexable
/brands/huawei,Brand,,published,BLOCKED,HIDDEN_404,"noindex,nofollow",/brands/huawei,,no,0,brand_hub_not_indexable
/brands/huma,Brand,,published,BLOCKED,HIDDEN_404,"noindex,nofollow",/brands/huma,,no,0,brand_hub_not_indexable
/brands/hydrapak,Brand,,published,N/A,INDEXABLE,"index,follow",/brands/hydrapak,200,yes,0,brand_hub_ok
/brands/hydrow,Brand,,published,BLOCKED,HIDDEN_404,"noindex,nofollow",/brands/hydrow,,no,0,brand_hub_not_indexable
/brands/hyperice,Brand,,published,N/A,INDEXABLE,"index,follow",/brands/hyperice,200,yes,0,brand_hub_ok
/brands/injinji,Brand,,published,BLOCKED,HIDDEN_404,"noindex,nofollow",/brands/injinji,,no,0,brand_hub_not_indexable
/brands/inov-8,Brand,,published,N/A,INDEXABLE,"index,follow",/brands/inov-8,200,yes,0,brand_hub_ok
/brands/jabra,Brand,,published,BLOCKED,HIDDEN_404,"noindex,nofollow",/brands/jabra,,no,0,brand_hub_not_indexable
/brands/janji,Brand,,published,N/A,INDEXABLE,"index,follow",/brands/janji,200,yes,0,brand_hub_ok
/brands/joma,Brand,,published,N/A,INDEXABLE,"index,follow",/brands/joma,200,yes,0,brand_hub_ok
/brands/joola,Brand,,published,N/A,INDEXABLE,"index,follow",/brands/joola,200,yes,0,brand_hub_ok
/brands/julbo,Brand,,published,N/A,INDEXABLE,"index,follow",/brands/julbo,200,yes,0,brand_hub_ok
/brands/k-swiss,Brand,,published,N/A,INDEXABLE,"index,follow",/brands/k-swiss,200,yes,0,brand_hub_ok
/brands/knog,Brand,,published,BLOCKED,HIDDEN_404,"noindex,nofollow",/brands/knog,,no,0,brand_hub_not_indexable
/brands/kuikma,Brand,,published,N/A,INDEXABLE,"index,follow",/brands/kuikma,200,yes,0,brand_hub_ok
/brands/ledlenser,Brand,,published,BLOCKED,HIDDEN_404,"noindex,nofollow",/brands/ledlenser,,no,0,brand_hub_not_indexable
/brands/leki,Brand,,published,BLOCKED,HIDDEN_404,"noindex,nofollow",/brands/leki,,no,0,brand_hub_not_indexable
/brands/li-ning,Brand,,published,BLOCKED,HIDDEN_404,"noindex,nofollow",/brands/li-ning,,no,0,brand_hub_not_indexable
/brands/lok,Brand,,published,N/A,INDEXABLE,"index,follow",/brands/lok,200,yes,0,brand_hub_ok
/brands/lululemon,Brand,,published,BLOCKED,HIDDEN_404,"noindex,nofollow",/brands/lululemon,,no,0,brand_hub_not_indexable
/brands/luxilon,Brand,,published,BLOCKED,HIDDEN_404,"noindex,nofollow",/brands/luxilon,,no,0,brand_hub_not_indexable
/brands/maurten,Brand,,published,N/A,INDEXABLE,"index,follow",/brands/maurten,200,yes,0,brand_hub_ok
/brands/mirafit,Brand,,published,N/A,INDEXABLE,"index,follow",/brands/mirafit,200,yes,0,brand_hub_ok
/brands/mizuno,Brand,,published,N/A,INDEXABLE,"index,follow",/brands/mizuno,200,yes,0,brand_hub_ok
/brands/naak,Brand,,published,N/A,INDEXABLE,"index,follow",/brands/naak,200,yes,0,brand_hub_ok
/brands/naked,Brand,,published,BLOCKED,HIDDEN_404,"noindex,nofollow",/brands/naked,,no,0,brand_hub_not_indexable
/brands/nathan,Brand,,published,N/A,INDEXABLE,"index,follow",/brands/nathan,200,yes,0,brand_hub_ok
/brands/neversecond,Brand,,published,N/A,INDEXABLE,"index,follow",/brands/neversecond,200,yes,0,brand_hub_ok
/brands/new-balance,Brand,,published,N/A,INDEXABLE,"index,follow",/brands/new-balance,200,yes,0,brand_hub_ok
/brands/night-runner,Brand,,published,BLOCKED,HIDDEN_404,"noindex,nofollow",/brands/night-runner,,no,0,brand_hub_not_indexable
/brands/nike,Brand,,published,N/A,INDEXABLE,"index,follow",/brands/nike,200,yes,0,brand_hub_ok
/brands/nite-ize,Brand,,published,BLOCKED,HIDDEN_404,"noindex,nofollow",/brands/nite-ize,,no,0,brand_hub_not_indexable
/brands/nitecore,Brand,,published,BLOCKED,HIDDEN_404,"noindex,nofollow",/brands/nitecore,,no,0,brand_hub_not_indexable
/brands/nnormal,Brand,,published,BLOCKED,HIDDEN_404,"noindex,nofollow",/brands/nnormal,,no,0,brand_hub_not_indexable
/brands/nobull,Brand,,published,N/A,INDEXABLE,"index,follow",/brands/nobull,200,yes,0,brand_hub_ok
/brands/nox,Brand,,published,N/A,INDEXABLE,"index,follow",/brands/nox,200,yes,0,brand_hub_ok
/brands/nuobell,Brand,,published,N/A,INDEXABLE,"index,follow",/brands/nuobell,200,yes,0,brand_hub_ok
/brands/nuun,Brand,,published,BLOCKED,HIDDEN_404,"noindex,nofollow",/brands/nuun,,no,0,brand_hub_not_indexable
/brands/oakley,Brand,,published,N/A,INDEXABLE,"index,follow",/brands/oakley,200,yes,0,brand_hub_ok
/brands/odlo,Brand,,published,N/A,INDEXABLE,"index,follow",/brands/odlo,200,yes,0,brand_hub_ok
/brands/on,Brand,,published,N/A,INDEXABLE,"index,follow",/brands/on,200,yes,0,brand_hub_ok
/brands/oofos,Brand,,published,N/A,INDEXABLE,"index,follow",/brands/oofos,200,yes,0,brand_hub_ok
/brands/opove,Brand,,published,BLOCKED,HIDDEN_404,"noindex,nofollow",/brands/opove,,no,0,brand_hub_not_indexable
/brands/osprey,Brand,,published,N/A,INDEXABLE,"index,follow",/brands/osprey,200,yes,0,brand_hub_ok
/brands/outdoor-research,Brand,,published,BLOCKED,HIDDEN_404,"noindex,nofollow",/brands/outdoor-research,,no,0,brand_hub_not_indexable
/brands/oxdog,Brand,,published,N/A,INDEXABLE,"index,follow",/brands/oxdog,200,yes,0,brand_hub_ok
/brands/patagonia,Brand,,published,N/A,INDEXABLE,"index,follow",/brands/patagonia,200,yes,0,brand_hub_ok
/brands/petzl,Brand,,published,N/A,INDEXABLE,"index,follow",/brands/petzl,200,yes,0,brand_hub_ok
/brands/polar,Brand,,published,N/A,INDEXABLE,"index,follow",/brands/polar,200,yes,0,brand_hub_ok
/brands/powerbar,Brand,,published,BLOCKED,HIDDEN_404,"noindex,nofollow",/brands/powerbar,,no,0,brand_hub_not_indexable
/brands/powerblock,Brand,,published,N/A,INDEXABLE,"index,follow",/brands/powerblock,200,yes,0,brand_hub_ok
/brands/precision-fuel-hydration,Brand,,published,N/A,INDEXABLE,"index,follow",/brands/precision-fuel-hydration,200,yes,0,brand_hub_ok
/brands/prince,Brand,,published,N/A,INDEXABLE,"index,follow",/brands/prince,200,yes,0,brand_hub_ok
/brands/proviz,Brand,,published,BLOCKED,HIDDEN_404,"noindex,nofollow",/brands/proviz,,no,0,brand_hub_not_indexable
/brands/pullup-and-dip,Brand,,published,N/A,INDEXABLE,"index,follow",/brands/pullup-and-dip,200,yes,0,brand_hub_ok
/brands/puma,Brand,,published,N/A,INDEXABLE,"index,follow",/brands/puma,200,yes,0,brand_hub_ok
/brands/rabbit,Brand,,published,BLOCKED,HIDDEN_404,"noindex,nofollow",/brands/rabbit,,no,0,brand_hub_not_indexable
/brands/rad-roller,Brand,,published,BLOCKED,HIDDEN_404,"noindex,nofollow",/brands/rad-roller,,no,0,brand_hub_not_indexable
/brands/raidlight,Brand,,published,BLOCKED,HIDDEN_404,"noindex,nofollow",/brands/raidlight,,no,0,brand_hub_not_indexable
/brands/reebok,Brand,,published,N/A,INDEXABLE,"index,follow",/brands/reebok,200,yes,0,brand_hub_ok
/brands/renpho,Brand,,published,BLOCKED,HIDDEN_404,"noindex,nofollow",/brands/renpho,,no,0,brand_hub_not_indexable
/brands/rep-fitness,Brand,,published,N/A,INDEXABLE,"index,follow",/brands/rep-fitness,200,yes,0,brand_hub_ok
/brands/road-id,Brand,,published,BLOCKED,HIDDEN_404,"noindex,nofollow",/brands/road-id,,no,0,brand_hub_not_indexable
/brands/rogue,Brand,,published,N/A,INDEXABLE,"index,follow",/brands/rogue,200,yes,0,brand_hub_ok
/brands/roka,Brand,,published,BLOCKED,HIDDEN_404,"noindex,nofollow",/brands/roka,,no,0,brand_hub_not_indexable
/brands/royal-padel,Brand,,published,BLOCKED,HIDDEN_404,"noindex,nofollow",/brands/royal-padel,,no,0,brand_hub_not_indexable
/brands/rudy-project,Brand,,published,BLOCKED,HIDDEN_404,"noindex,nofollow",/brands/rudy-project,,no,0,brand_hub_not_indexable
/brands/rumbleroller,Brand,,published,BLOCKED,HIDDEN_404,"noindex,nofollow",/brands/rumbleroller,,no,0,brand_hub_not_indexable
/brands/salming,Brand,,published,N/A,INDEXABLE,"index,follow",/brands/salming,200,yes,0,brand_hub_ok
/brands/salomon,Brand,,published,N/A,INDEXABLE,"index,follow",/brands/salomon,200,yes,0,brand_hub_ok
/brands/saltstick,Brand,,published,N/A,INDEXABLE,"index,follow",/brands/saltstick,200,yes,0,brand_hub_ok
/brands/samsung,Brand,,published,BLOCKED,HIDDEN_404,"noindex,nofollow",/brands/samsung,,no,0,brand_hub_not_indexable
/brands/saucony,Brand,,published,N/A,INDEXABLE,"index,follow",/brands/saucony,200,yes,0,brand_hub_ok
/brands/saxx,Brand,,published,BLOCKED,HIDDEN_404,"noindex,nofollow",/brands/saxx,,no,0,brand_hub_not_indexable
/brands/schwinn,Brand,,published,BLOCKED,HIDDEN_404,"noindex,nofollow",/brands/schwinn,,no,0,brand_hub_not_indexable
/brands/science-in-sport,Brand,,published,N/A,INDEXABLE,"index,follow",/brands/science-in-sport,200,yes,0,brand_hub_ok
/brands/scosche,Brand,,published,N/A,INDEXABLE,"index,follow",/brands/scosche,200,yes,0,brand_hub_ok
/brands/selkirk,Brand,,published,BLOCKED,HIDDEN_404,"noindex,nofollow",/brands/selkirk,,no,0,brand_hub_not_indexable
/brands/shes-birdie,Brand,,published,BLOCKED,HIDDEN_404,"noindex,nofollow",/brands/shes-birdie,,no,0,brand_hub_not_indexable
/brands/shokz,Brand,,published,N/A,INDEXABLE,"index,follow",/brands/shokz,200,yes,0,brand_hub_ok
/brands/silva,Brand,,published,BLOCKED,HIDDEN_404,"noindex,nofollow",/brands/silva,,no,0,brand_hub_not_indexable
/brands/siux,Brand,,published,BLOCKED,HIDDEN_404,"noindex,nofollow",/brands/siux,,no,0,brand_hub_not_indexable
/brands/skratch-labs,Brand,,published,N/A,INDEXABLE,"index,follow",/brands/skratch-labs,200,yes,0,brand_hub_ok
/brands/smartwool,Brand,,published,N/A,INDEXABLE,"index,follow",/brands/smartwool,200,yes,0,brand_hub_ok
/brands/smith,Brand,,published,N/A,INDEXABLE,"index,follow",/brands/smith,200,yes,0,brand_hub_ok
/brands/sockwell,Brand,,published,BLOCKED,HIDDEN_404,"noindex,nofollow",/brands/sockwell,,no,0,brand_hub_not_indexable
/brands/sole-fitness,Brand,,published,BLOCKED,HIDDEN_404,"noindex,nofollow",/brands/sole-fitness,,no,0,brand_hub_not_indexable
/brands/solinco,Brand,,published,BLOCKED,HIDDEN_404,"noindex,nofollow",/brands/solinco,,no,0,brand_hub_not_indexable
/brands/sony,Brand,,published,BLOCKED,HIDDEN_404,"noindex,nofollow",/brands/sony,,no,0,brand_hub_not_indexable
/brands/soundcore,Brand,,published,N/A,INDEXABLE,"index,follow",/brands/soundcore,200,yes,0,brand_hub_ok
/brands/spibelt,Brand,,published,BLOCKED,HIDDEN_404,"noindex,nofollow",/brands/spibelt,,no,0,brand_hub_not_indexable
/brands/spring-energy,Brand,,published,BLOCKED,HIDDEN_404,"noindex,nofollow",/brands/spring-energy,,no,0,brand_hub_not_indexable
/brands/squirrels-nut-butter,Brand,,published,BLOCKED,HIDDEN_404,"noindex,nofollow",/brands/squirrels-nut-butter,,no,0,brand_hub_not_indexable
/brands/stance,Brand,,published,BLOCKED,HIDDEN_404,"noindex,nofollow",/brands/stance,,no,0,brand_hub_not_indexable
/brands/starvie,Brand,,published,N/A,INDEXABLE,"index,follow",/brands/starvie,200,yes,0,brand_hub_ok
/brands/strength-shop,Brand,,published,BLOCKED,HIDDEN_404,"noindex,nofollow",/brands/strength-shop,,no,0,brand_hub_not_indexable
/brands/styrkr,Brand,,published,N/A,INDEXABLE,"index,follow",/brands/styrkr,200,yes,0,brand_hub_ok
/brands/suunto,Brand,,published,N/A,INDEXABLE,"index,follow",/brands/suunto,200,yes,0,brand_hub_ok
/brands/swiftwick,Brand,,published,BLOCKED,HIDDEN_404,"noindex,nofollow",/brands/swiftwick,,no,0,brand_hub_not_indexable
/brands/tailwind,Brand,,published,BLOCKED,HIDDEN_404,"noindex,nofollow",/brands/tailwind,,no,0,brand_hub_not_indexable
/brands/tecnifibre,Brand,,published,N/A,INDEXABLE,"index,follow",/brands/tecnifibre,200,yes,0,brand_hub_ok
/brands/tecnifibre-padel,Brand,,published,N/A,INDEXABLE,"index,follow",/brands/tecnifibre-padel,200,yes,0,brand_hub_ok
/brands/the-north-face,Brand,,published,BLOCKED,HIDDEN_404,"noindex,nofollow",/brands/the-north-face,,no,0,brand_hub_not_indexable
/brands/the-stick,Brand,,published,BLOCKED,HIDDEN_404,"noindex,nofollow",/brands/the-stick,,no,0,brand_hub_not_indexable
/brands/therabody,Brand,,published,N/A,INDEXABLE,"index,follow",/brands/therabody,200,yes,0,brand_hub_ok
/brands/tifosi,Brand,,published,N/A,INDEXABLE,"index,follow",/brands/tifosi,200,yes,0,brand_hub_ok
/brands/timtam,Brand,,published,BLOCKED,HIDDEN_404,"noindex,nofollow",/brands/timtam,,no,0,brand_hub_not_indexable
/brands/topo-athletic,Brand,,published,N/A,INDEXABLE,"index,follow",/brands/topo-athletic,200,yes,0,brand_hub_ok
/brands/tracksmith,Brand,,published,N/A,INDEXABLE,"index,follow",/brands/tracksmith,200,yes,0,brand_hub_ok
/brands/triggerpoint,Brand,,published,N/A,INDEXABLE,"index,follow",/brands/triggerpoint,200,yes,0,brand_hub_ok
/brands/tyr,Brand,,published,N/A,INDEXABLE,"index,follow",/brands/tyr,200,yes,0,brand_hub_ok
/brands/ultimate-direction,Brand,,published,N/A,INDEXABLE,"index,follow",/brands/ultimate-direction,200,yes,0,brand_hub_ok
/brands/ultraspire,Brand,,published,N/A,INDEXABLE,"index,follow",/brands/ultraspire,200,yes,0,brand_hub_ok
/brands/under-armour,Brand,,published,N/A,INDEXABLE,"index,follow",/brands/under-armour,200,yes,0,brand_hub_ok
/brands/uswe,Brand,,published,BLOCKED,HIDDEN_404,"noindex,nofollow",/brands/uswe,,no,0,brand_hub_not_indexable
/brands/varlion,Brand,,published,N/A,INDEXABLE,"index,follow",/brands/varlion,200,yes,0,brand_hub_ok
/brands/veloforte,Brand,,published,N/A,INDEXABLE,"index,follow",/brands/veloforte,200,yes,0,brand_hub_ok
/brands/victor,Brand,,published,BLOCKED,HIDDEN_404,"noindex,nofollow",/brands/victor,,no,0,brand_hub_not_indexable
/brands/vivobarefoot,Brand,,published,BLOCKED,HIDDEN_404,"noindex,nofollow",/brands/vivobarefoot,,no,0,brand_hub_not_indexable
/brands/wahoo,Brand,,published,N/A,INDEXABLE,"index,follow",/brands/wahoo,200,yes,0,brand_hub_ok
/brands/waterrower,Brand,,published,BLOCKED,HIDDEN_404,"noindex,nofollow",/brands/waterrower,,no,0,brand_hub_not_indexable
/brands/wilson,Brand,,published,N/A,INDEXABLE,"index,follow",/brands/wilson,200,yes,0,brand_hub_ok
/brands/woodway,Brand,,published,BLOCKED,HIDDEN_404,"noindex,nofollow",/brands/woodway,,no,0,brand_hub_not_indexable
/brands/wrightsock,Brand,,published,BLOCKED,HIDDEN_404,"noindex,nofollow",/brands/wrightsock,,no,0,brand_hub_not_indexable
/brands/xebex,Brand,,published,N/A,INDEXABLE,"index,follow",/brands/xebex,200,yes,0,brand_hub_ok
/brands/xero-shoes,Brand,,published,BLOCKED,HIDDEN_404,"noindex,nofollow",/brands/xero-shoes,,no,0,brand_hub_not_indexable
/brands/yonex,Brand,,published,N/A,INDEXABLE,"index,follow",/brands/yonex,200,yes,0,brand_hub_ok
/brands/zeraus,Brand,,published,BLOCKED,HIDDEN_404,"noindex,nofollow",/brands/zeraus,,no,0,brand_hub_not_indexable
/calisthenics,Sport,calisthenics,published,N/A,PUBLIC_NOINDEX,"noindex,follow",/calisthenics,,no,0,vertical_hub_hold:calisthenics:disabled
/combat,Sport,combat,published,BLOCKED,HIDDEN_404,"noindex,nofollow",/combat,,no,0,sport_not_live:coming-soon
/compare,Static,,published,N/A,INDEXABLE,"index,follow",/compare,200,yes,3,static_trust_or_hub
/compare/adidas-dropset-3-vs-adidas-the-total,Comparison,fitness|fitness,published,BLOCKED,HIDDEN_404,"noindex,nofollow",/compare/adidas-dropset-3-vs-adidas-the-total,,no,1,vertical_hold:fitness:selective
/compare/adidas-powerlift-5-vs-nike-romaleos-5,Comparison,fitness|fitness,published,BLOCKED,HIDDEN_404,"noindex,nofollow",/compare/adidas-powerlift-5-vs-nike-romaleos-5,,no,1,vertical_hold:fitness:selective
/compare/apple-watch-ultra-3-vs-apple-watch-ultra-2,Comparison,running|cycling|swimming|fitness|running|cycling|swimming|fitness,published,MEANINGFUL,INDEXABLE,"index,follow",/compare/apple-watch-ultra-3-vs-apple-watch-ultra-2,200,yes,1,meaningful_decision_page
/compare/asics-gel-kayano-32-vs-brooks-adrenaline-gts-25,Comparison,running|running,published,MEANINGFUL,INDEXABLE,"index,follow",/compare/asics-gel-kayano-32-vs-brooks-adrenaline-gts-25,200,yes,1,meaningful_decision_page
/compare/asics-novablast-4-vs-asics-novablast-5,Comparison,running|running,published,MEANINGFUL,INDEXABLE,"index,follow",/compare/asics-novablast-4-vs-asics-novablast-5,200,yes,1,meaningful_decision_page
/compare/asics-novablast-5-vs-asics-gel-nimbus-27,Comparison,running|running,published,MEANINGFUL,INDEXABLE,"index,follow",/compare/asics-novablast-5-vs-asics-gel-nimbus-27,200,yes,1,meaningful_decision_page
/compare/asics-novablast-5-vs-brooks-ghost-16,Comparison,running|running,published,MEANINGFUL,INDEXABLE,"index,follow",/compare/asics-novablast-5-vs-brooks-ghost-16,200,yes,1,meaningful_decision_page
/compare/asics-novablast-6-vs-asics-gel-nimbus-27,Comparison,running|running,published,MEANINGFUL,INDEXABLE,"index,follow",/compare/asics-novablast-6-vs-asics-gel-nimbus-27,200,yes,1,meaningful_decision_page
/compare/asics-novablast-6-vs-asics-novablast-5,Comparison,running|running,published,MEANINGFUL,INDEXABLE,"index,follow",/compare/asics-novablast-6-vs-asics-novablast-5,200,yes,1,meaningful_decision_page
/compare/asics-novablast-6-vs-brooks-ghost-18,Comparison,running|running,published,MEANINGFUL,INDEXABLE,"index,follow",/compare/asics-novablast-6-vs-brooks-ghost-18,200,yes,1,meaningful_decision_page
/compare/asics-novablast-6-vs-hoka-clifton-10,Comparison,running|running,published,MEANINGFUL,INDEXABLE,"index,follow",/compare/asics-novablast-6-vs-hoka-clifton-10,200,yes,1,meaningful_decision_page
/compare/babolat-pure-aero-2026-vs-yonex-vcore-100-2023,Comparison,tennis|tennis,published,BLOCKED,HIDDEN_404,"noindex,nofollow",/compare/babolat-pure-aero-2026-vs-yonex-vcore-100-2023,,no,1,vertical_hold:tennis:disabled
/compare/babolat-pure-drive-2025-vs-wilson-clash-100-v2,Comparison,tennis|tennis,published,BLOCKED,HIDDEN_404,"noindex,nofollow",/compare/babolat-pure-drive-2025-vs-wilson-clash-100-v2,,no,1,vertical_hold:tennis:disabled
/compare/babolat-technical-viper-2026-vs-wilson-bela-pro-v2-2026,Comparison,padel|padel,published,BLOCKED,HIDDEN_404,"noindex,nofollow",/compare/babolat-technical-viper-2026-vs-wilson-bela-pro-v2-2026,,no,1,vertical_hold:padel:disabled
/compare/black-diamond-distance-22-vs-ultimate-direction-fastpack-20,Comparison,running|running,published,MEANINGFUL,INDEXABLE,"index,follow",/compare/black-diamond-distance-22-vs-ultimate-direction-fastpack-20,200,yes,1,meaningful_decision_page
/compare/black-diamond-spot-400-r-vs-petzl-actik-core,Comparison,running|running,published,MEANINGFUL,INDEXABLE,"index,follow",/compare/black-diamond-spot-400-r-vs-petzl-actik-core,200,yes,1,meaningful_decision_page
/compare/brooks-dare-crossback-vs-lululemon-energy-bra,Comparison,,published,BLOCKED,HIDDEN_404,"noindex,nofollow",/compare/brooks-dare-crossback-vs-lululemon-energy-bra,,no,1,vertical_hold:unknown:disabled
/compare/brooks-ghost-18-vs-nike-pegasus-42,Comparison,running|running,published,MEANINGFUL,INDEXABLE,"index,follow",/compare/brooks-ghost-18-vs-nike-pegasus-42,200,yes,1,meaningful_decision_page
/compare/bullpadel-vertex-05-vs-hack-04-2026,Comparison,padel|padel,published,BLOCKED,HIDDEN_404,"noindex,nofollow",/compare/bullpadel-vertex-05-vs-hack-04-2026,,no,1,vertical_hold:padel:disabled
/compare/bullpadel-vertex-05-vs-nox-at10-12k-2026,Comparison,padel|padel,published,BLOCKED,HIDDEN_404,"noindex,nofollow",/compare/bullpadel-vertex-05-vs-nox-at10-12k-2026,,no,1,vertical_hold:padel:disabled
/compare/camelbak-zephyr-pro-vs-camelbak-apex-pro,Comparison,running|running,published,MEANINGFUL,INDEXABLE,"index,follow",/compare/camelbak-zephyr-pro-vs-camelbak-apex-pro,200,yes,1,meaningful_decision_page
/compare/clif-bloks-vs-gu-chews,Comparison,running|cycling|running|cycling,published,MEANINGFUL,PUBLIC_NOINDEX,"noindex,follow",/compare/clif-bloks-vs-gu-chews,,no,1,soft_gated_comparison_products
/compare/concept2-rowerg-vs-hydrow-wave,Comparison,fitness|hyrox|fitness|hyrox,published,BLOCKED,HIDDEN_404,"noindex,nofollow",/compare/concept2-rowerg-vs-hydrow-wave,,no,1,vertical_hold:fitness:selective
/compare/concept2-rowerg-vs-mirafit-magnetic-rower,Comparison,fitness|hyrox|fitness|hyrox,published,BLOCKED,HIDDEN_404,"noindex,nofollow",/compare/concept2-rowerg-vs-mirafit-magnetic-rower,,no,1,vertical_hold:fitness:selective
/compare/coros-apex-4-vs-garmin-fenix-8,Comparison,running|cycling|running|cycling|swimming,published,MEANINGFUL,INDEXABLE,"index,follow",/compare/coros-apex-4-vs-garmin-fenix-8,200,yes,1,meaningful_decision_page
/compare/coros-hrm-vs-polar-verity-sense,Comparison,running|fitness|running|fitness|swimming|hyrox,published,MEANINGFUL,INDEXABLE,"index,follow",/compare/coros-hrm-vs-polar-verity-sense,200,yes,1,meaningful_decision_page
/compare/coros-pace-4-vs-garmin-forerunner-165,Comparison,running|cycling|swimming|running,published,MEANINGFUL,INDEXABLE,"index,follow",/compare/coros-pace-4-vs-garmin-forerunner-165,200,yes,1,meaningful_decision_page
/compare/coros-pace-pro-vs-coros-pace-4,Comparison,running|cycling|running|cycling|swimming,published,MEANINGFUL,INDEXABLE,"index,follow",/compare/coros-pace-pro-vs-coros-pace-4,200,yes,1,meaningful_decision_page
/compare/feetures-elite-vs-darn-tough-run,Comparison,running|running,published,MEANINGFUL,INDEXABLE,"index,follow",/compare/feetures-elite-vs-darn-tough-run,200,yes,1,meaningful_decision_page
/compare/flipbelt-classic-vs-naked-running-band,Comparison,running|running,published,MEANINGFUL,INDEXABLE,"index,follow",/compare/flipbelt-classic-vs-naked-running-band,200,yes,1,meaningful_decision_page
/compare/garmin-fenix-8-vs-garmin-forerunner-970,Comparison,running|cycling|swimming|running|cycling|swimming,published,MEANINGFUL,INDEXABLE,"index,follow",/compare/garmin-fenix-8-vs-garmin-forerunner-970,200,yes,1,meaningful_decision_page
/compare/garmin-forerunner-970-vs-coros-pace-pro,Comparison,running|cycling|swimming|running|cycling,published,MEANINGFUL,INDEXABLE,"index,follow",/compare/garmin-forerunner-970-vs-coros-pace-pro,200,yes,1,meaningful_decision_page
/compare/garmin-forerunner-970-vs-garmin-forerunner-965,Comparison,running|cycling|swimming|running|cycling|swimming,published,MEANINGFUL,INDEXABLE,"index,follow",/compare/garmin-forerunner-970-vs-garmin-forerunner-965,200,yes,1,meaningful_decision_page
/compare/garmin-hrm-600-vs-hrm-pro-plus,Comparison,running|cycling|fitness|hyrox|running|cycling|fitness,published,MEANINGFUL,INDEXABLE,"index,follow",/compare/garmin-hrm-600-vs-hrm-pro-plus,200,yes,1,meaningful_decision_page
/compare/garmin-hrm-600-vs-polar-h10,Comparison,running|cycling|fitness|hyrox|running|cycling|fitness|hyrox,published,MEANINGFUL,INDEXABLE,"index,follow",/compare/garmin-hrm-600-vs-polar-h10,200,yes,1,meaningful_decision_page
/compare/garmin-hrm-pro-plus-vs-polar-h10,Comparison,running|cycling|fitness|running|cycling|fitness|hyrox,published,MEANINGFUL,INDEXABLE,"index,follow",/compare/garmin-hrm-pro-plus-vs-polar-h10,200,yes,1,meaningful_decision_page
/compare/garmin-vivoactive-6-vs-garmin-forerunner-165,Comparison,running|cycling|swimming|fitness|running,published,MEANINGFUL,INDEXABLE,"index,follow",/compare/garmin-vivoactive-6-vs-garmin-forerunner-165,200,yes,1,meaningful_decision_page
/compare/head-coello-pro-2026-vs-siux-diablo-revolution-2026,Comparison,padel|padel,published,BLOCKED,HIDDEN_404,"noindex,nofollow",/compare/head-coello-pro-2026-vs-siux-diablo-revolution-2026,,no,1,vertical_hold:padel:disabled
/compare/hoka-speedgoat-6-vs-saucony-peregrine-15,Comparison,running|running,published,MEANINGFUL,INDEXABLE,"index,follow",/compare/hoka-speedgoat-6-vs-saucony-peregrine-15,200,yes,1,meaningful_decision_page
/compare/hydrapak-softflask-speed-500-vs-hydrapak-skyflask-speed-500,Comparison,running|running,published,MEANINGFUL,INDEXABLE,"index,follow",/compare/hydrapak-softflask-speed-500-vs-hydrapak-skyflask-speed-500,200,yes,1,meaningful_decision_page
/compare/inov8-f-lite-235-v3-vs-reebok-nano-x4,Comparison,fitness|hyrox|fitness|hyrox,published,BLOCKED,HIDDEN_404,"noindex,nofollow",/compare/inov8-f-lite-235-v3-vs-reebok-nano-x4,,no,1,vertical_hold:fitness:selective
/compare/jabra-elite-8-active-vs-beats-powerbeats-pro-2,Comparison,,published,BLOCKED,HIDDEN_404,"noindex,nofollow",/compare/jabra-elite-8-active-vs-beats-powerbeats-pro-2,,no,1,vertical_hold:unknown:disabled
/compare/julbo-ultimate-vs-smith-shift-mag,Comparison,running|running|cycling,published,MEANINGFUL,PUBLIC_NOINDEX,"noindex,follow",/compare/julbo-ultimate-vs-smith-shift-mag,,no,1,soft_gated_comparison_products
/compare/knog-frog-v3-vs-nite-ize-radiant-clip,Comparison,,published,BLOCKED,HIDDEN_404,"noindex,nofollow",/compare/knog-frog-v3-vs-nite-ize-radiant-clip,,no,1,vertical_hold:unknown:disabled
/compare/lululemon-hotty-hot-vs-janji-pace-short,Comparison,running,published,MEANINGFUL,INDEXABLE,"index,follow",/compare/lululemon-hotty-hot-vs-janji-pace-short,404,yes,1,meaningful_decision_page
/compare/maurten-drink-mix-320-vs-tailwind-endurance,Comparison,running|cycling|running|cycling,published,MEANINGFUL,PUBLIC_NOINDEX,"noindex,follow",/compare/maurten-drink-mix-320-vs-tailwind-endurance,,no,1,soft_gated_comparison_products
/compare/maurten-gel-100-vs-precision-pf30-gel,Comparison,running|cycling|running|cycling,published,MEANINGFUL,PUBLIC_NOINDEX,"noindex,follow",/compare/maurten-gel-100-vs-precision-pf30-gel,,no,1,soft_gated_comparison_products
/compare/maurten-gel-100-vs-sis-go-isotonic-gel,Comparison,running|cycling|running|cycling,published,MEANINGFUL,PUBLIC_NOINDEX,"noindex,follow",/compare/maurten-gel-100-vs-sis-go-isotonic-gel,,no,1,soft_gated_comparison_products
/compare/nathan-peak-vs-ultimate-direction-race-belt,Comparison,running|running,published,MEANINGFUL,INDEXABLE,"index,follow",/compare/nathan-peak-vs-ultimate-direction-race-belt,200,yes,1,meaningful_decision_page
/compare/nathan-streak-vs-proviz-reflect360,Comparison,running|running,published,MEANINGFUL,INDEXABLE,"index,follow",/compare/nathan-streak-vs-proviz-reflect360,200,yes,1,meaningful_decision_page
/compare/nathan-vaporair-4-vs-salomon-adv-skin-5,Comparison,running|running,published,MEANINGFUL,INDEXABLE,"index,follow",/compare/nathan-vaporair-4-vs-salomon-adv-skin-5,200,yes,1,meaningful_decision_page
/compare/nike-free-metcon-6-vs-reebok-nano-x4,Comparison,fitness|hyrox|fitness|hyrox,published,BLOCKED,HIDDEN_404,"noindex,nofollow",/compare/nike-free-metcon-6-vs-reebok-nano-x4,,no,1,vertical_hold:fitness:selective
/compare/nike-metcon-9-vs-adidas-dropset-3,Comparison,fitness|hyrox|fitness,published,BLOCKED,HIDDEN_404,"noindex,nofollow",/compare/nike-metcon-9-vs-adidas-dropset-3,,no,1,vertical_hold:fitness:selective
/compare/nike-metcon-9-vs-reebok-nano-x4,Comparison,fitness|hyrox|fitness|hyrox,published,BLOCKED,HIDDEN_404,"noindex,nofollow",/compare/nike-metcon-9-vs-reebok-nano-x4,,no,1,vertical_hold:fitness:selective
/compare/nike-miler-vs-patagonia-capilene-cool,Comparison,running|running,published,MEANINGFUL,PUBLIC_NOINDEX,"noindex,follow",/compare/nike-miler-vs-patagonia-capilene-cool,,no,1,soft_gated_comparison_products
/compare/nike-romaleos-5-vs-adidas-adipower-3,Comparison,fitness|fitness,published,BLOCKED,HIDDEN_404,"noindex,nofollow",/compare/nike-romaleos-5-vs-adidas-adipower-3,,no,1,vertical_hold:fitness:selective
/compare/nike-vaporfly-4-vs-nike-alphafly-3,Comparison,running|running,published,MEANINGFUL,INDEXABLE,"index,follow",/compare/nike-vaporfly-4-vs-nike-alphafly-3,200,yes,1,meaningful_decision_page
/compare/nobull-trainer-vs-nike-metcon-9,Comparison,fitness|hyrox|fitness|hyrox,published,BLOCKED,HIDDEN_404,"noindex,nofollow",/compare/nobull-trainer-vs-nike-metcon-9,,no,1,vertical_hold:fitness:selective
/compare/normatec-3-vs-normatec-go,Comparison,running|recovery|fitness|running|recovery|fitness,published,MEANINGFUL,INDEXABLE,"index,follow",/compare/normatec-3-vs-normatec-go,200,yes,1,meaningful_decision_page
/compare/nox-at10-12k-vs-adidas-metalbone-2026,Comparison,padel|padel,published,BLOCKED,HIDDEN_404,"noindex,nofollow",/compare/nox-at10-12k-vs-adidas-metalbone-2026,,no,1,vertical_hold:padel:disabled
/compare/nox-at10-genius-18k-2026-vs-babolat-technical-viper-2026,Comparison,padel|padel,published,BLOCKED,HIDDEN_404,"noindex,nofollow",/compare/nox-at10-genius-18k-2026-vs-babolat-technical-viper-2026,,no,1,vertical_hold:padel:disabled
/compare/nox-at10-genius-18k-2026-vs-bullpadel-vertex-04-2026,Comparison,padel|padel,published,BLOCKED,HIDDEN_404,"noindex,nofollow",/compare/nox-at10-genius-18k-2026-vs-bullpadel-vertex-04-2026,,no,1,vertical_hold:padel:disabled
/compare/nuobell-80-vs-powerblock-pro-100,Comparison,fitness|fitness,published,BLOCKED,HIDDEN_404,"noindex,nofollow",/compare/nuobell-80-vs-powerblock-pro-100,,no,1,vertical_hold:fitness:selective
/compare/nuun-sport-vs-precision-ph1500,Comparison,running|cycling|running|cycling,published,MEANINGFUL,PUBLIC_NOINDEX,"noindex,follow",/compare/nuun-sport-vs-precision-ph1500,,no,1,soft_gated_comparison_products
/compare/oakley-encoder-vs-oakley-radar-ev-path,Comparison,running|cycling|running|cycling,published,MEANINGFUL,PUBLIC_NOINDEX,"noindex,follow",/compare/oakley-encoder-vs-oakley-radar-ev-path,,no,1,soft_gated_comparison_products
/compare/oofos-ooriginal-vs-hoka-ora-recovery-slide,Comparison,running|recovery,published,MEANINGFUL,INDEXABLE,"index,follow",/compare/oofos-ooriginal-vs-hoka-ora-recovery-slide,404,yes,1,meaningful_decision_page
/compare/osprey-duro-6-vs-osprey-dyna-6,Comparison,running|running,published,MEANINGFUL,INDEXABLE,"index,follow",/compare/osprey-duro-6-vs-osprey-dyna-6,200,yes,1,meaningful_decision_page
/compare/osprey-duro-lt-vs-ultimate-direction-race-vest-6,Comparison,running|running,published,MEANINGFUL,INDEXABLE,"index,follow",/compare/osprey-duro-lt-vs-ultimate-direction-race-vest-6,200,yes,1,meaningful_decision_page
/compare/patagonia-houdini-vs-brooks-canopy,Comparison,running|running,published,MEANINGFUL,PUBLIC_NOINDEX,"noindex,follow",/compare/patagonia-houdini-vs-brooks-canopy,,no,1,soft_gated_comparison_products
/compare/patagonia-strider-pro-vs-rabbit-fuel-n-fly,Comparison,running|running,published,MEANINGFUL,PUBLIC_NOINDEX,"noindex,follow",/compare/patagonia-strider-pro-vs-rabbit-fuel-n-fly,,no,1,soft_gated_comparison_products
/compare/petzl-swift-rl-vs-biolite-headlamp-800,Comparison,running|running,published,MEANINGFUL,INDEXABLE,"index,follow",/compare/petzl-swift-rl-vs-biolite-headlamp-800,200,yes,1,meaningful_decision_page
/compare/petzl-swift-rl-vs-petzl-nao-rl,Comparison,running|running,published,MEANINGFUL,INDEXABLE,"index,follow",/compare/petzl-swift-rl-vs-petzl-nao-rl,200,yes,1,meaningful_decision_page
/compare/polar-grit-x2-vs-garmin-fenix-8,Comparison,running|cycling|running|cycling|swimming,published,MEANINGFUL,INDEXABLE,"index,follow",/compare/polar-grit-x2-vs-garmin-fenix-8,200,yes,1,meaningful_decision_page
/compare/polar-h10-vs-polar-h9,Comparison,running|cycling|fitness|hyrox|running|cycling|fitness|hyrox,published,MEANINGFUL,INDEXABLE,"index,follow",/compare/polar-h10-vs-polar-h9,200,yes,1,meaningful_decision_page
/compare/puma-fuse-3-vs-ua-tribase-reign-6,Comparison,fitness|hyrox|fitness,published,BLOCKED,HIDDEN_404,"noindex,nofollow",/compare/puma-fuse-3-vs-ua-tribase-reign-6,,no,1,vertical_hold:fitness:selective
/compare/reebok-nano-x4-vs-tyr-cxt-2,Comparison,fitness|hyrox|fitness|hyrox,published,BLOCKED,HIDDEN_404,"noindex,nofollow",/compare/reebok-nano-x4-vs-tyr-cxt-2,,no,1,vertical_hold:fitness:selective
/compare/rogue-echo-bike-vs-assaultbike-elite,Comparison,fitness|hyrox|fitness|hyrox,published,BLOCKED,HIDDEN_404,"noindex,nofollow",/compare/rogue-echo-bike-vs-assaultbike-elite,,no,1,vertical_hold:fitness:selective
/compare/rogue-rml-390f-vs-rep-pr-4000,Comparison,fitness|fitness,published,BLOCKED,HIDDEN_404,"noindex,nofollow",/compare/rogue-rml-390f-vs-rep-pr-4000,,no,1,vertical_hold:fitness:selective
/compare/salomon-adv-skin-12-vs-nathan-vaporair-2,Comparison,running|running,published,MEANINGFUL,INDEXABLE,"index,follow",/compare/salomon-adv-skin-12-vs-nathan-vaporair-2,200,yes,1,meaningful_decision_page
/compare/salomon-adv-skin-12-vs-salomon-adv-skin-5,Comparison,running|running,published,MEANINGFUL,INDEXABLE,"index,follow",/compare/salomon-adv-skin-12-vs-salomon-adv-skin-5,200,yes,1,meaningful_decision_page
/compare/salomon-adv-skin-12-vs-ultimate-direction-race-vest-6,Comparison,running|running,published,MEANINGFUL,INDEXABLE,"index,follow",/compare/salomon-adv-skin-12-vs-ultimate-direction-race-vest-6,200,yes,1,meaningful_decision_page
/compare/salomon-bonatti-vs-janji-rainrunner,Comparison,running|running,published,MEANINGFUL,PUBLIC_NOINDEX,"noindex,follow",/compare/salomon-bonatti-vs-janji-rainrunner,,no,1,soft_gated_comparison_products
/compare/salomon-xa-15-vs-osprey-duro-15,Comparison,running|running,published,MEANINGFUL,INDEXABLE,"index,follow",/compare/salomon-xa-15-vs-osprey-duro-15,200,yes,1,meaningful_decision_page
/compare/saucony-endorphin-speed-5-vs-adidas-adizero-boston-12,Comparison,running|running|hyrox,published,MEANINGFUL,INDEXABLE,"index,follow",/compare/saucony-endorphin-speed-5-vs-adidas-adizero-boston-12,200,yes,1,meaningful_decision_page
/compare/shokz-openrun-pro-2-vs-airpods-pro-2,Comparison,running|cycling|fitness|running|fitness,published,MEANINGFUL,INDEXABLE,"index,follow",/compare/shokz-openrun-pro-2-vs-airpods-pro-2,200,yes,1,meaningful_decision_page
/compare/shokz-openrun-pro-2-vs-bose-ultra-open,Comparison,running|cycling|fitness|running|fitness,published,MEANINGFUL,INDEXABLE,"index,follow",/compare/shokz-openrun-pro-2-vs-bose-ultra-open,200,yes,1,meaningful_decision_page
/compare/sis-beta-fuel-gel-vs-neversecond-c30-gel,Comparison,running|cycling|running|cycling,published,MEANINGFUL,PUBLIC_NOINDEX,"noindex,follow",/compare/sis-beta-fuel-gel-vs-neversecond-c30-gel,,no,1,soft_gated_comparison_products
/compare/sole-f80-vs-horizon-t202,Comparison,fitness|hyrox|fitness|hyrox,published,BLOCKED,HIDDEN_404,"noindex,nofollow",/compare/sole-f80-vs-horizon-t202,,no,1,vertical_hold:fitness:selective
/compare/suunto-vertical-2-vs-garmin-enduro-3,Comparison,running|cycling|running|cycling,published,MEANINGFUL,INDEXABLE,"index,follow",/compare/suunto-vertical-2-vs-garmin-enduro-3,200,yes,1,meaningful_decision_page
/compare/theragun-mini-vs-hypervolt-go-2,Comparison,running|recovery|fitness|running|recovery|fitness,published,MEANINGFUL,INDEXABLE,"index,follow",/compare/theragun-mini-vs-hypervolt-go-2,200,yes,1,meaningful_decision_page
/compare/theragun-prime-vs-renpho-r3,Comparison,running|recovery|fitness,published,MEANINGFUL,INDEXABLE,"index,follow",/compare/theragun-prime-vs-renpho-r3,404,yes,1,meaningful_decision_page
/compare/tracksmith-session-short-vs-janji-multi-short,Comparison,running|running,published,MEANINGFUL,PUBLIC_NOINDEX,"noindex,follow",/compare/tracksmith-session-short-vs-janji-multi-short,,no,1,soft_gated_comparison_products
/compare/tracksmith-twilight-half-vs-nike-fast-tight,Comparison,running|running,published,MEANINGFUL,PUBLIC_NOINDEX,"noindex,follow",/compare/tracksmith-twilight-half-vs-nike-fast-tight,,no,1,soft_gated_comparison_products
/compare/triggerpoint-grid-vs-grid-x,Comparison,running|recovery|fitness,published,MEANINGFUL,INDEXABLE,"index,follow",/compare/triggerpoint-grid-vs-grid-x,404,yes,1,meaningful_decision_page
/compare/triggerpoint-grid-vs-rumbleroller,Comparison,,published,BLOCKED,HIDDEN_404,"noindex,nofollow",/compare/triggerpoint-grid-vs-rumbleroller,,no,1,vertical_hold:unknown:disabled
/compare/tyr-cxt-1-vs-tyr-cxt-2,Comparison,fitness|hyrox|fitness|hyrox,published,BLOCKED,HIDDEN_404,"noindex,nofollow",/compare/tyr-cxt-1-vs-tyr-cxt-2,,no,1,vertical_hold:fitness:selective
/compare/ultimate-direction-fastpack-20-vs-osprey-talon-velocity-20,Comparison,running|running,published,MEANINGFUL,INDEXABLE,"index,follow",/compare/ultimate-direction-fastpack-20-vs-osprey-talon-velocity-20,200,yes,1,meaningful_decision_page
/compare/ultimate-direction-fastpack-20-vs-salomon-adv-skin-12,Comparison,running|running,published,MEANINGFUL,INDEXABLE,"index,follow",/compare/ultimate-direction-fastpack-20-vs-salomon-adv-skin-12,200,yes,1,meaningful_decision_page
/compare/wahoo-trackr-vs-polar-h10,Comparison,running|cycling|fitness|hyrox|running|cycling|fitness|hyrox,published,MEANINGFUL,INDEXABLE,"index,follow",/compare/wahoo-trackr-vs-polar-h10,200,yes,1,meaningful_decision_page
/compare/wilson-blade-98-v8-vs-yonex-ezone-98-2024,Comparison,tennis|tennis,published,BLOCKED,HIDDEN_404,"noindex,nofollow",/compare/wilson-blade-98-v8-vs-yonex-ezone-98-2024,,no,1,vertical_hold:tennis:disabled
/compare/wilson-blade-98-v9-vs-babolat-pure-drive-gen11,Comparison,tennis|tennis,published,BLOCKED,HIDDEN_404,"noindex,nofollow",/compare/wilson-blade-98-v9-vs-babolat-pure-drive-gen11,,no,1,vertical_hold:tennis:disabled
/compare/yonex-ezone-100-2025-vs-wilson-clash-100-v3,Comparison,tennis|tennis,published,BLOCKED,HIDDEN_404,"noindex,nofollow",/compare/yonex-ezone-100-2025-vs-wilson-clash-100-v3,,no,1,vertical_hold:tennis:disabled
/contact,Static,,published,N/A,INDEXABLE,"index,follow",/contact,200,yes,0,static_trust_or_hub
/cycling,Sport,cycling,published,BLOCKED,HIDDEN_404,"noindex,nofollow",/cycling,,no,0,sport_not_live:coming-soon
/cycling/nutrition,CategorySoftGated,cycling,published_soft_gated,N/A,PUBLIC_NOINDEX,"noindex,follow",/cycling/nutrition,,no,0,soft_gated_category
/cycling/sunglasses,CategorySoftGated,cycling,published_soft_gated,N/A,PUBLIC_NOINDEX,"noindex,follow",/cycling/sunglasses,,no,0,soft_gated_category
/diving,Sport,diving,published,BLOCKED,HIDDEN_404,"noindex,nofollow",/diving,,no,0,sport_not_live:coming-soon
/editorial-policy,Static,,published,N/A,INDEXABLE,"index,follow",/editorial-policy,200,yes,0,static_trust_or_hub
/evidence-policy,Static,,published,N/A,INDEXABLE,"index,follow",/evidence-policy,200,yes,0,static_trust_or_hub
/fishing,Sport,fishing,published,BLOCKED,HIDDEN_404,"noindex,nofollow",/fishing,,no,0,sport_not_live:coming-soon
/fitness,Sport,fitness,published,N/A,PUBLIC_NOINDEX,"noindex,follow",/fitness,,no,0,vertical_hub_hold:fitness:selective
/fitness/accessories,CategorySoftGated,fitness,published_soft_gated,N/A,PUBLIC_NOINDEX,"noindex,follow",/fitness/accessories,,no,0,soft_gated_category
/gear,Static,,published,N/A,INDEXABLE,"index,follow",/gear,200,yes,2,static_trust_or_hub
/guides,Static,,published,N/A,INDEXABLE,"index,follow",/guides,200,yes,2,static_trust_or_hub
/guides/adjustable-vs-fixed-dumbbells,Guide,fitness,published,BLOCKED,HIDDEN_404,"noindex,nofollow",/guides/adjustable-vs-fixed-dumbbells,,no,0,vertical_hold:fitness:selective
/guides/beginner-running-gear-stack,Guide,running,published,COMPLETE,INDEXABLE,"index,follow",/guides/beginner-running-gear-stack,200,yes,0,guide_complete
/guides/beginner-vs-advanced-running-watch,Guide,running,published,COMPLETE,INDEXABLE,"index,follow",/guides/beginner-vs-advanced-running-watch,200,yes,0,guide_complete
/guides/bumper-plates-vs-iron-plates,Guide,fitness,published,BLOCKED,HIDDEN_404,"noindex,nofollow",/guides/bumper-plates-vs-iron-plates,,no,0,vertical_hold:fitness:selective
/guides/caffeine-in-running-fuel-explained,Guide,running,published,COMPLETE,PUBLIC_NOINDEX,"noindex,follow",/guides/caffeine-in-running-fuel-explained,,no,0,soft_gated_category:nutrition-fuel
/guides/carbon-vs-nylon-plates,Guide,running,published,COMPLETE,INDEXABLE,"index,follow",/guides/carbon-vs-nylon-plates,200,yes,0,guide_complete
/guides/first-marathon-gear-checklist,Guide,running,published,COMPLETE,INDEXABLE,"index,follow",/guides/first-marathon-gear-checklist,200,yes,0,guide_complete
/guides/foam-rolling-for-runners,Guide,running,published,COMPLETE,INDEXABLE,"index,follow",/guides/foam-rolling-for-runners,200,yes,0,guide_complete
/guides/gel-vs-drink-mix-vs-chews,Guide,running,published,COMPLETE,PUBLIC_NOINDEX,"noindex,follow",/guides/gel-vs-drink-mix-vs-chews,,no,0,soft_gated_category:nutrition-fuel
/guides/handheld-bottles-for-running,Guide,running,published,COMPLETE,INDEXABLE,"index,follow",/guides/handheld-bottles-for-running,200,yes,0,guide_complete
/guides/hot-weather-running-apparel,Guide,running,published,COMPLETE,PUBLIC_NOINDEX,"noindex,follow",/guides/hot-weather-running-apparel,,no,0,soft_gated_category:running-clothing
/guides/how-much-space-do-you-need-for-a-home-gym,Guide,fitness,published,BLOCKED,HIDDEN_404,"noindex,nofollow",/guides/how-much-space-do-you-need-for-a-home-gym,,no,0,vertical_hold:fitness:selective
/guides/how-to-build-a-home-gym,Guide,fitness,published,BLOCKED,HIDDEN_404,"noindex,nofollow",/guides/how-to-build-a-home-gym,,no,0,vertical_hold:fitness:selective
/guides/how-to-build-a-hyrox-home-gym,Guide,hyrox,published,BLOCKED,HIDDEN_404,"noindex,nofollow",/guides/how-to-build-a-hyrox-home-gym,,no,0,vertical_hold:hyrox:disabled
/guides/how-to-carry-fuel-on-long-runs,Guide,running,published,COMPLETE,PUBLIC_NOINDEX,"noindex,follow",/guides/how-to-carry-fuel-on-long-runs,,no,0,soft_gated_category:nutrition-fuel
/guides/how-to-choose-a-home-treadmill,Guide,fitness,published,BLOCKED,HIDDEN_404,"noindex,nofollow",/guides/how-to-choose-a-home-treadmill,,no,0,vertical_hold:fitness:selective
/guides/how-to-choose-a-hyrox-training-sled,Guide,hyrox,published,BLOCKED,HIDDEN_404,"noindex,nofollow",/guides/how-to-choose-a-hyrox-training-sled,,no,0,vertical_hold:hyrox:disabled
/guides/how-to-choose-a-hyrox-watch,Guide,hyrox,published,BLOCKED,HIDDEN_404,"noindex,nofollow",/guides/how-to-choose-a-hyrox-watch,,no,0,vertical_hold:hyrox:disabled
/guides/how-to-choose-a-padel-racket,Guide,padel,published,BLOCKED,HIDDEN_404,"noindex,nofollow",/guides/how-to-choose-a-padel-racket,,no,0,vertical_hold:padel:disabled
/guides/how-to-choose-a-power-rack,Guide,fitness,published,BLOCKED,HIDDEN_404,"noindex,nofollow",/guides/how-to-choose-a-power-rack,,no,0,vertical_hold:fitness:selective
/guides/how-to-choose-a-rowing-machine,Guide,fitness,published,BLOCKED,HIDDEN_404,"noindex,nofollow",/guides/how-to-choose-a-rowing-machine,,no,0,vertical_hold:fitness:selective
/guides/how-to-choose-a-tennis-racket,Guide,tennis,published,BLOCKED,HIDDEN_404,"noindex,nofollow",/guides/how-to-choose-a-tennis-racket,,no,0,vertical_hold:tennis:disabled
/guides/how-to-choose-a-weight-bench,Guide,fitness,published,BLOCKED,HIDDEN_404,"noindex,nofollow",/guides/how-to-choose-a-weight-bench,,no,0,vertical_hold:fitness:selective
/guides/how-to-choose-adjustable-dumbbells,Guide,fitness,published,BLOCKED,HIDDEN_404,"noindex,nofollow",/guides/how-to-choose-adjustable-dumbbells,,no,0,vertical_hold:fitness:selective
/guides/how-to-choose-heart-rate-monitor,Guide,running,published,COMPLETE,INDEXABLE,"index,follow",/guides/how-to-choose-heart-rate-monitor,200,yes,0,guide_complete
/guides/how-to-choose-hyrox-shoes,Guide,hyrox,published,BLOCKED,HIDDEN_404,"noindex,nofollow",/guides/how-to-choose-hyrox-shoes,,no,0,vertical_hold:hyrox:disabled
/guides/how-to-choose-padel-shoes,Guide,padel,published,BLOCKED,HIDDEN_404,"noindex,nofollow",/guides/how-to-choose-padel-shoes,,no,0,vertical_hold:padel:disabled
/guides/how-to-choose-running-belt,Guide,running,published,COMPLETE,INDEXABLE,"index,follow",/guides/how-to-choose-running-belt,200,yes,0,guide_complete
/guides/how-to-choose-running-headlamp,Guide,running,published,COMPLETE,INDEXABLE,"index,follow",/guides/how-to-choose-running-headlamp,200,yes,0,guide_complete
/guides/how-to-choose-running-hydration-vest,Guide,running,published,COMPLETE,INDEXABLE,"index,follow",/guides/how-to-choose-running-hydration-vest,200,yes,0,guide_complete
/guides/how-to-choose-running-shoes,Guide,running,published,COMPLETE,INDEXABLE,"index,follow",/guides/how-to-choose-running-shoes,200,yes,0,thin-faq
/guides/how-to-choose-running-socks,Guide,running,published,COMPLETE,INDEXABLE,"index,follow",/guides/how-to-choose-running-socks,200,yes,0,guide_complete
/guides/how-to-choose-running-watch,Guide,running,published,COMPLETE,INDEXABLE,"index,follow",/guides/how-to-choose-running-watch,200,yes,0,guide_complete
/guides/how-to-choose-training-shoes,Guide,fitness,published,BLOCKED,HIDDEN_404,"noindex,nofollow",/guides/how-to-choose-training-shoes,,no,0,vertical_hold:fitness:selective
/guides/hydration-for-marathon-training,Guide,running,published,COMPLETE,INDEXABLE,"index,follow",/guides/hydration-for-marathon-training,200,yes,0,guide_complete
/guides/hydration-vest-vs-running-belt,Guide,running,published,COMPLETE,INDEXABLE,"index,follow",/guides/hydration-vest-vs-running-belt,200,yes,0,guide_complete
/guides/hyrox-equipment-standards,Guide,hyrox,published,BLOCKED,HIDDEN_404,"noindex,nofollow",/guides/hyrox-equipment-standards,,no,0,vertical_hold:hyrox:disabled
/guides/hyrox-heart-rate-monitor,Guide,hyrox,published,BLOCKED,HIDDEN_404,"noindex,nofollow",/guides/hyrox-heart-rate-monitor,,no,0,vertical_hold:hyrox:disabled
/guides/hyrox-home-training-setup,Guide,hyrox,published,BLOCKED,HIDDEN_404,"noindex,nofollow",/guides/hyrox-home-training-setup,,no,0,vertical_hold:hyrox:disabled
/guides/hyrox-race-day-gear-checklist,Guide,hyrox,published,BLOCKED,HIDDEN_404,"noindex,nofollow",/guides/hyrox-race-day-gear-checklist,,no,0,vertical_hold:hyrox:disabled
/guides/hyrox-race-shoes-vs-training-shoes,Guide,hyrox,published,BLOCKED,HIDDEN_404,"noindex,nofollow",/guides/hyrox-race-shoes-vs-training-shoes,,no,0,vertical_hold:hyrox:disabled
/guides/maps-navigation-running-watches,Guide,running,published,COMPLETE,INDEXABLE,"index,follow",/guides/maps-navigation-running-watches,200,yes,0,guide_complete
/guides/massage-guns-explained,Guide,running,published,COMPLETE,INDEXABLE,"index,follow",/guides/massage-guns-explained,200,yes,0,guide_complete
/guides/multi-band-gps-running-watches,Guide,running,published,COMPLETE,INDEXABLE,"index,follow",/guides/multi-band-gps-running-watches,200,yes,0,guide_complete
/guides/open-ear-vs-in-ear-running-headphones,Guide,running,published,COMPLETE,INDEXABLE,"index,follow",/guides/open-ear-vs-in-ear-running-headphones,200,yes,0,guide_complete
/guides/optical-wrist-hr-vs-chest-strap,Guide,running,published,COMPLETE,INDEXABLE,"index,follow",/guides/optical-wrist-hr-vs-chest-strap,200,yes,0,guide_complete
/guides/padel-grips-overgrips-explained,Guide,padel,published,BLOCKED,HIDDEN_404,"noindex,nofollow",/guides/padel-grips-overgrips-explained,,no,0,vertical_hold:padel:disabled
/guides/power-rack-sizing-and-hole-spacing,Guide,fitness,published,BLOCKED,HIDDEN_404,"noindex,nofollow",/guides/power-rack-sizing-and-hole-spacing,,no,0,vertical_hold:fitness:selective
/guides/pull-up-bar-mounting-guide,Guide,calisthenics,published,BLOCKED,HIDDEN_404,"noindex,nofollow",/guides/pull-up-bar-mounting-guide,,no,0,vertical_hold:calisthenics:disabled
/guides/recovery-sandals-for-runners,Guide,running,published,COMPLETE,INDEXABLE,"index,follow",/guides/recovery-sandals-for-runners,200,yes,0,guide_complete
/guides/recovery-tools-what-evidence-shows,Guide,running,published,COMPLETE,INDEXABLE,"index,follow",/guides/recovery-tools-what-evidence-shows,200,yes,0,guide_complete
/guides/road-vs-trail-running-shoes,Guide,running,published,COMPLETE,INDEXABLE,"index,follow",/guides/road-vs-trail-running-shoes,200,yes,0,guide_complete
/guides/rowerg-vs-skierg-for-hyrox-training,Guide,hyrox,published,BLOCKED,HIDDEN_404,"noindex,nofollow",/guides/rowerg-vs-skierg-for-hyrox-training,,no,0,vertical_hold:hyrox:disabled
/guides/running-gels-explained,Guide,running,published,COMPLETE,PUBLIC_NOINDEX,"noindex,follow",/guides/running-gels-explained,,no,0,soft_gated_category:nutrition-fuel
/guides/running-jackets-explained,Guide,running,published,COMPLETE,PUBLIC_NOINDEX,"noindex,follow",/guides/running-jackets-explained,,no,0,soft_gated_category:running-clothing
/guides/running-shoe-cushioning,Guide,running,published,COMPLETE,INDEXABLE,"index,follow",/guides/running-shoe-cushioning,200,yes,0,guide_complete
/guides/running-shoe-drop,Guide,running,published,COMPLETE,INDEXABLE,"index,follow",/guides/running-shoe-drop,200,yes,0,guide_complete
/guides/running-shoe-rotation,Guide,running,published,COMPLETE,INDEXABLE,"index,follow",/guides/running-shoe-rotation,200,yes,0,guide_complete
/guides/running-shoe-terminology,Guide,running,published,COMPLETE,INDEXABLE,"index,follow",/guides/running-shoe-terminology,200,yes,0,guide_complete
/guides/running-watch-battery-life-explained,Guide,running,published,COMPLETE,INDEXABLE,"index,follow",/guides/running-watch-battery-life-explained,200,yes,0,guide_complete
/guides/shoe-jobs-by-session-type,Guide,running,published,COMPLETE,INDEXABLE,"index,follow",/guides/shoe-jobs-by-session-type,200,yes,0,guide_complete
/guides/soft-flasks-vs-bladders-explained,Guide,running,published,COMPLETE,INDEXABLE,"index,follow",/guides/soft-flasks-vs-bladders-explained,200,yes,0,guide_complete
/guides/stability-shoes-explained,Guide,running,published,COMPLETE,INDEXABLE,"index,follow",/guides/stability-shoes-explained,200,yes,0,guide_complete
/guides/trail-race-kit-essentials,Guide,running,published,COMPLETE,INDEXABLE,"index,follow",/guides/trail-race-kit-essentials,200,yes,0,guide_complete
/guides/what-gear-do-you-need-for-hyrox,Guide,hyrox,published,BLOCKED,HIDDEN_404,"noindex,nofollow",/guides/what-gear-do-you-need-for-hyrox,,no,0,vertical_hold:hyrox:disabled
/guides/what-is-a-daily-trainer,Guide,running,published,COMPLETE,INDEXABLE,"index,follow",/guides/what-is-a-daily-trainer,200,yes,0,guide_complete
/guides/when-to-use-a-massage-gun,Guide,running,published,COMPLETE,INDEXABLE,"index,follow",/guides/when-to-use-a-massage-gun,200,yes,0,guide_complete
/guides/winter-layering-for-runners,Guide,running,published,COMPLETE,PUBLIC_NOINDEX,"noindex,follow",/guides/winter-layering-for-runners,,no,0,soft_gated_category:running-clothing
/how-we-review,Static,,published,N/A,INDEXABLE,"index,follow",/how-we-review,200,yes,0,static_trust_or_hub
/hyrox,Sport,hyrox,published,BLOCKED,HIDDEN_404,"noindex,nofollow",/hyrox,,no,0,hyrox_alias_redirect_only
/hyrox/accessories,CategorySoftGated,hyrox,published_soft_gated,N/A,PUBLIC_NOINDEX,"noindex,follow",/hyrox/accessories,,no,0,soft_gated_category
/hyrox/nutrition,CategorySoftGated,hyrox,published_soft_gated,N/A,PUBLIC_NOINDEX,"noindex,follow",/hyrox/nutrition,,no,0,soft_gated_category
/indoor,Sport,indoor,published,BLOCKED,HIDDEN_404,"noindex,nofollow",/indoor,,no,0,sport_not_live:coming-soon
/methodology,Static,,published,N/A,INDEXABLE,"index,follow",/methodology,200,yes,0,static_trust_or_hub
/padel,Sport,padel,published,N/A,PUBLIC_NOINDEX,"noindex,follow",/padel,,no,0,vertical_hub_hold:padel:disabled
/padel/accessories,CategorySoftGated,padel,published_soft_gated,N/A,PUBLIC_NOINDEX,"noindex,follow",/padel/accessories,,no,0,soft_gated_category
/padel/bags,CategorySoftGated,padel,published_soft_gated,N/A,PUBLIC_NOINDEX,"noindex,follow",/padel/bags,,no,0,soft_gated_category
/padel/clothing,CategorySoftGated,padel,published_soft_gated,N/A,PUBLIC_NOINDEX,"noindex,follow",/padel/clothing,,no,0,soft_gated_category
/pickleball,Sport,pickleball,published,N/A,PUBLIC_NOINDEX,"noindex,follow",/pickleball,,no,0,vertical_hub_hold:sport-pickleball:disabled
/privacy,Static,,published,N/A,INDEXABLE,"index,follow",/privacy,200,yes,0,static_trust_or_hub
/products/100-percent-s3,Product,running|cycling,published,NEEDS_MINOR_WORK,PUBLIC_NOINDEX,"noindex,follow",/products/100-percent-s3,,no,2,soft_gated_category:sunglasses
/products/226ers-high-energy-gel,Product,running|cycling,published,NEEDS_MINOR_WORK,PUBLIC_NOINDEX,"noindex,follow",/products/226ers-high-energy-gel,,no,1,soft_gated_category:nutrition-fuel
/products/2toms-sportshield,Product,running|fitness,published,NEEDS_MINOR_WORK,PUBLIC_NOINDEX,"noindex,follow",/products/2toms-sportshield,,no,1,soft_gated_category:accessories
/products/adidas-adipower-weightlifting-2,Product,fitness,published,BLOCKED,HIDDEN_404,"noindex,nofollow",/products/adidas-adipower-weightlifting-2,,no,1,vertical_hold:fitness:selective
/products/adidas-adipower-weightlifting-3,Product,fitness,published,BLOCKED,HIDDEN_404,"noindex,nofollow",/products/adidas-adipower-weightlifting-3,,no,2,vertical_hold:fitness:selective
/products/adidas-adizero-adios-pro-4,Product,running,published,LAUNCH_READY,INDEXABLE,"index,follow",/products/adidas-adizero-adios-pro-4,200,yes,4,decisionScore=100
/products/adidas-adizero-boston-12,Product,running|hyrox,published,LAUNCH_READY,INDEXABLE,"index,follow",/products/adidas-adizero-boston-12,200,yes,3,decisionScore=100
/products/adidas-adizero-boston-12/alternatives,Alternatives,running|hyrox,published,N/A,INDEXABLE,"index,follow",/products/adidas-adizero-boston-12/alternatives,200,yes,0,alternatives_ok
/products/adidas-adizero-boston-13,Product,running,published,LAUNCH_READY,INDEXABLE,"index,follow",/products/adidas-adizero-boston-13,200,yes,1,decisionScore=100
/products/adidas-adizero-evo-sl,Product,running,published,LAUNCH_READY,INDEXABLE,"index,follow",/products/adidas-adizero-evo-sl,200,yes,2,decisionScore=100
/products/adidas-barricade-13,Product,tennis|padel,published,BLOCKED,HIDDEN_404,"noindex,nofollow",/products/adidas-barricade-13,,no,1,vertical_hold:tennis:disabled
/products/adidas-courtjam-control-3,Product,tennis|padel,published,BLOCKED,HIDDEN_404,"noindex,nofollow",/products/adidas-courtjam-control-3,,no,1,vertical_hold:tennis:disabled
/products/adidas-courtquick-padel-women,Product,padel|tennis,published,BLOCKED,HIDDEN_404,"noindex,nofollow",/products/adidas-courtquick-padel-women,,no,1,vertical_hold:padel:disabled
/products/adidas-courtstabil-padel,Product,padel,published,BLOCKED,HIDDEN_404,"noindex,nofollow",/products/adidas-courtstabil-padel,,no,1,vertical_hold:padel:disabled
/products/adidas-crazyquick-boost-padel,Product,padel|tennis,published,BLOCKED,HIDDEN_404,"noindex,nofollow",/products/adidas-crazyquick-boost-padel,,no,1,vertical_hold:padel:disabled
/products/adidas-crazyquick-boost-padel-women,Product,padel|tennis,published,BLOCKED,HIDDEN_404,"noindex,nofollow",/products/adidas-crazyquick-boost-padel-women,,no,1,vertical_hold:padel:disabled
/products/adidas-dropset-2,Product,fitness,published,BLOCKED,HIDDEN_404,"noindex,nofollow",/products/adidas-dropset-2,,no,1,vertical_hold:fitness:selective
/products/adidas-dropset-3,Product,fitness,published,BLOCKED,HIDDEN_404,"noindex,nofollow",/products/adidas-dropset-3,,no,4,vertical_hold:fitness:selective
/products/adidas-gamecourt-2,Product,tennis|padel,published,BLOCKED,HIDDEN_404,"noindex,nofollow",/products/adidas-gamecourt-2,,no,0,vertical_hold:tennis:disabled
/products/adidas-metalbone-2026,Product,padel,published,BLOCKED,HIDDEN_404,"noindex,nofollow",/products/adidas-metalbone-2026,,no,2,vertical_hold:padel:disabled
/products/adidas-metalbone-hrd-2026,Product,padel,published,BLOCKED,HIDDEN_404,"noindex,nofollow",/products/adidas-metalbone-hrd-2026,,no,2,vertical_hold:padel:disabled
/products/adidas-own-the-run-short-men,Product,running,published,NEEDS_MINOR_WORK,PUBLIC_NOINDEX,"noindex,follow",/products/adidas-own-the-run-short-men,,no,1,soft_gated_category:running-clothing
/products/adidas-own-the-run-tee-men,Product,running,published,NEEDS_MINOR_WORK,PUBLIC_NOINDEX,"noindex,follow",/products/adidas-own-the-run-tee-men,,no,1,soft_gated_category:running-clothing
/products/adidas-powerlift-5,Product,fitness,published,BLOCKED,HIDDEN_404,"noindex,nofollow",/products/adidas-powerlift-5,,no,2,vertical_hold:fitness:selective
/products/adidas-rapidmove-adv,Product,fitness,published,BLOCKED,HIDDEN_404,"noindex,nofollow",/products/adidas-rapidmove-adv,,no,1,vertical_hold:fitness:selective
/products/adidas-solematch-control-2,Product,tennis|padel,published,BLOCKED,HIDDEN_404,"noindex,nofollow",/products/adidas-solematch-control-2,,no,1,vertical_hold:tennis:disabled
/products/adidas-terrex-agravic-3,Product,running,published,LAUNCH_READY,INDEXABLE,"index,follow",/products/adidas-terrex-agravic-3,200,yes,1,decisionScore=100
/products/adidas-the-total,Product,fitness,published,BLOCKED,HIDDEN_404,"noindex,nofollow",/products/adidas-the-total,,no,2,vertical_hold:fitness:selective
/products/adidas-ultraboost-5,Product,running,published,LAUNCH_READY,INDEXABLE,"index,follow",/products/adidas-ultraboost-5,200,yes,1,decisionScore=100
/products/altra-escalante-4,Product,running,published,LAUNCH_READY,INDEXABLE,"index,follow",/products/altra-escalante-4,200,yes,1,decisionScore=100
/products/altra-experience-flow,Product,running,published,LAUNCH_READY,INDEXABLE,"index,follow",/products/altra-experience-flow,200,yes,1,decisionScore=100
/products/altra-lone-peak-8,Product,running,published,LAUNCH_READY,INDEXABLE,"index,follow",/products/altra-lone-peak-8,200,yes,2,decisionScore=100
/products/altra-paradigm-7,Product,running,published,LAUNCH_READY,INDEXABLE,"index,follow",/products/altra-paradigm-7,200,yes,1,decisionScore=100
/products/altra-torin-8,Product,running,published,LAUNCH_READY,INDEXABLE,"index,follow",/products/altra-torin-8,200,yes,3,decisionScore=100
/products/amazfit-active-2,Product,running|fitness,published,LAUNCH_READY,INDEXABLE,"index,follow",/products/amazfit-active-2,200,yes,3,decisionScore=100
/products/amazfit-active-2/alternatives,Alternatives,running|fitness,published,N/A,INDEXABLE,"index,follow",/products/amazfit-active-2/alternatives,200,yes,0,alternatives_ok
/products/amazfit-t-rex-3-pro,Product,running|cycling,published,LAUNCH_READY,INDEXABLE,"index,follow",/products/amazfit-t-rex-3-pro,200,yes,1,decisionScore=100
/products/amazfit-t-rex-3-pro/alternatives,Alternatives,running|cycling,published,N/A,INDEXABLE,"index,follow",/products/amazfit-t-rex-3-pro/alternatives,200,yes,0,alternatives_ok
/products/amphipod-airflow-lite-belt,Product,running,published,LAUNCH_READY,INDEXABLE,"index,follow",/products/amphipod-airflow-lite-belt,200,yes,1,decisionScore=100
/products/amphipod-hydraform-ergo-lite-handheld,Product,running,published,LAUNCH_READY,INDEXABLE,"index,follow",/products/amphipod-hydraform-ergo-lite-handheld,200,yes,1,decisionScore=100
/products/amphipod-vizlet-led,Product,running,published,LAUNCH_READY,INDEXABLE,"index,follow",/products/amphipod-vizlet-led,200,yes,2,decisionScore=80
/products/amphipod-xinglet,Product,running,published,LAUNCH_READY,INDEXABLE,"index,follow",/products/amphipod-xinglet,200,yes,2,decisionScore=100
/products/amphipod-xinglet-optic-beam,Product,running,published,LAUNCH_READY,INDEXABLE,"index,follow",/products/amphipod-xinglet-optic-beam,200,yes,2,decisionScore=100
/products/apple-airpods-4,Product,running|fitness,published,LAUNCH_READY,INDEXABLE,"index,follow",/products/apple-airpods-4,200,yes,2,decisionScore=100
/products/apple-airpods-pro-2,Product,running|fitness,published,LAUNCH_READY,INDEXABLE,"index,follow",/products/apple-airpods-pro-2,200,yes,3,decisionScore=100
/products/apple-watch-series-10,Product,running|fitness|swimming,published,LAUNCH_READY,INDEXABLE,"index,follow",/products/apple-watch-series-10,200,yes,1,decisionScore=100
/products/apple-watch-series-10/alternatives,Alternatives,running|fitness|swimming,published,N/A,INDEXABLE,"index,follow",/products/apple-watch-series-10/alternatives,200,yes,0,alternatives_ok
/products/apple-watch-ultra-2,Product,running|cycling|swimming|fitness,published,LAUNCH_READY,INDEXABLE,"index,follow",/products/apple-watch-ultra-2,200,yes,2,decisionScore=100
/products/apple-watch-ultra-3,Product,running|cycling|swimming|fitness,published,LAUNCH_READY,INDEXABLE,"index,follow",/products/apple-watch-ultra-3,200,yes,5,decisionScore=100
/products/apple-watch-ultra-3/alternatives,Alternatives,running|cycling|swimming|fitness,published,N/A,INDEXABLE,"index,follow",/products/apple-watch-ultra-3/alternatives,200,yes,0,alternatives_ok
/products/asics-core-split-short,Product,running,published,NEEDS_MINOR_WORK,PUBLIC_NOINDEX,"noindex,follow",/products/asics-core-split-short,,no,1,soft_gated_category:running-clothing
/products/asics-game-ff-padel,Product,padel|tennis,published,BLOCKED,HIDDEN_404,"noindex,nofollow",/products/asics-game-ff-padel,,no,1,vertical_hold:padel:disabled
/products/asics-gel-challenger-15,Product,tennis|padel,published,BLOCKED,HIDDEN_404,"noindex,nofollow",/products/asics-gel-challenger-15,,no,1,vertical_hold:tennis:disabled
/products/asics-gel-challenger-court,Product,padel|tennis,published,BLOCKED,HIDDEN_404,"noindex,nofollow",/products/asics-gel-challenger-court,,no,1,vertical_hold:padel:disabled
/products/asics-gel-cumulus-27,Product,running,published,LAUNCH_READY,INDEXABLE,"index,follow",/products/asics-gel-cumulus-27,200,yes,4,decisionScore=100
/products/asics-gel-cumulus-27/alternatives,Alternatives,running,published,N/A,INDEXABLE,"index,follow",/products/asics-gel-cumulus-27/alternatives,200,yes,0,alternatives_ok
/products/asics-gel-dedicate-8,Product,tennis|padel,published,BLOCKED,HIDDEN_404,"noindex,nofollow",/products/asics-gel-dedicate-8,,no,1,vertical_hold:tennis:disabled
/products/asics-gel-dedicate-8-padel,Product,padel|tennis,published,BLOCKED,HIDDEN_404,"noindex,nofollow",/products/asics-gel-dedicate-8-padel,,no,1,vertical_hold:padel:disabled
/products/asics-gel-kayano-32,Product,running,published,LAUNCH_READY,INDEXABLE,"index,follow",/products/asics-gel-kayano-32,200,yes,7,decisionScore=100
/products/asics-gel-kayano-32/alternatives,Alternatives,running,published,N/A,INDEXABLE,"index,follow",/products/asics-gel-kayano-32/alternatives,200,yes,0,alternatives_ok
/products/asics-gel-nimbus-27,Product,running,published,LAUNCH_READY,INDEXABLE,"index,follow",/products/asics-gel-nimbus-27,200,yes,7,decisionScore=100
/products/asics-gel-nimbus-27/alternatives,Alternatives,running,published,N/A,INDEXABLE,"index,follow",/products/asics-gel-nimbus-27/alternatives,200,yes,0,alternatives_ok
/products/asics-gel-quantum-360-8,Product,fitness,published,BLOCKED,HIDDEN_404,"noindex,nofollow",/products/asics-gel-quantum-360-8,,no,1,vertical_hold:fitness:selective
/products/asics-gel-resolution-9,Product,tennis,published,BLOCKED,HIDDEN_404,"noindex,nofollow",/products/asics-gel-resolution-9,,no,1,vertical_hold:tennis:disabled
/products/asics-gel-resolution-9-clay,Product,tennis|padel,published,BLOCKED,HIDDEN_404,"noindex,nofollow",/products/asics-gel-resolution-9-clay,,no,1,vertical_hold:tennis:disabled
/products/asics-gel-resolution-padel,Product,padel|tennis,published,BLOCKED,HIDDEN_404,"noindex,nofollow",/products/asics-gel-resolution-padel,,no,1,vertical_hold:padel:disabled
/products/asics-gel-resolution-padel-women,Product,padel|tennis,published,BLOCKED,HIDDEN_404,"noindex,nofollow",/products/asics-gel-resolution-padel-women,,no,0,vertical_hold:padel:disabled
/products/asics-gel-trabuco-13,Product,running,published,LAUNCH_READY,INDEXABLE,"index,follow",/products/asics-gel-trabuco-13,200,yes,1,decisionScore=100
/products/asics-gt-1000-13,Product,running,published,LAUNCH_READY,INDEXABLE,"index,follow",/products/asics-gt-1000-13,200,yes,1,decisionScore=100
/products/asics-gt-2000-14,Product,running,published,LAUNCH_READY,INDEXABLE,"index,follow",/products/asics-gt-2000-14,200,yes,2,decisionScore=100
/products/asics-gt-2000-14/alternatives,Alternatives,running,published,N/A,INDEXABLE,"index,follow",/products/asics-gt-2000-14/alternatives,200,yes,0,alternatives_ok
/products/asics-metaspeed-sky-paris,Product,running,published,LAUNCH_READY,INDEXABLE,"index,follow",/products/asics-metaspeed-sky-paris,200,yes,3,decisionScore=100
/products/asics-metaspeed-sky-paris/alternatives,Alternatives,running,published,N/A,INDEXABLE,"index,follow",/products/asics-metaspeed-sky-paris/alternatives,200,yes,0,alternatives_ok
/products/asics-novablast-4,Product,running,published,LAUNCH_READY,INDEXABLE,"index,follow",/products/asics-novablast-4,200,yes,2,decisionScore=100
/products/asics-novablast-5,Product,running,published,LAUNCH_READY,INDEXABLE,"index,follow",/products/asics-novablast-5,200,yes,5,decisionScore=100
/products/asics-novablast-5/alternatives,Alternatives,running,published,N/A,INDEXABLE,"index,follow",/products/asics-novablast-5/alternatives,200,yes,0,alternatives_ok
/products/asics-novablast-6,Product,running,published,LAUNCH_READY,INDEXABLE,"index,follow",/products/asics-novablast-6,200,yes,12,decisionScore=100
/products/asics-novablast-6/alternatives,Alternatives,running,published,N/A,INDEXABLE,"index,follow",/products/asics-novablast-6/alternatives,200,yes,0,alternatives_ok
/products/asics-solution-speed-ff-3,Product,tennis|padel,published,BLOCKED,HIDDEN_404,"noindex,nofollow",/products/asics-solution-speed-ff-3,,no,1,vertical_hold:tennis:disabled
/products/asics-solution-swift-ff-padel-women,Product,padel|tennis,published,BLOCKED,HIDDEN_404,"noindex,nofollow",/products/asics-solution-swift-ff-padel-women,,no,0,vertical_hold:padel:disabled
/products/asics-solution-swift-ff2-padel,Product,padel|tennis,published,BLOCKED,HIDDEN_404,"noindex,nofollow",/products/asics-solution-swift-ff2-padel,,no,1,vertical_hold:padel:disabled
/products/asics-superblast-2,Product,running,published,LAUNCH_READY,INDEXABLE,"index,follow",/products/asics-superblast-2,200,yes,4,decisionScore=100
/products/assaultbike-classic,Product,fitness|hyrox,published,BLOCKED,HIDDEN_404,"noindex,nofollow",/products/assaultbike-classic,,no,1,vertical_hold:fitness:selective
/products/assaultbike-elite,Product,fitness|hyrox,published,BLOCKED,HIDDEN_404,"noindex,nofollow",/products/assaultbike-elite,,no,3,vertical_hold:fitness:selective
/products/assaultrunner-elite,Product,fitness|hyrox|running,published,LAUNCH_READY,INDEXABLE,"index,follow",/products/assaultrunner-elite,200,yes,1,decisionScore=100
/products/assaultrunner-pro,Product,fitness|hyrox|running,published,LAUNCH_READY,INDEXABLE,"index,follow",/products/assaultrunner-pro,200,yes,2,decisionScore=100
/products/atx-cast-iron-plate-set,Product,fitness,published,BLOCKED,HIDDEN_404,"noindex,nofollow",/products/atx-cast-iron-plate-set,,no,2,vertical_hold:fitness:selective
/products/atx-fid-bench,Product,fitness,published,BLOCKED,HIDDEN_404,"noindex,nofollow",/products/atx-fid-bench,,no,2,vertical_hold:fitness:selective
/products/babolat-counter-viper-2026,Product,padel,published,BLOCKED,HIDDEN_404,"noindex,nofollow",/products/babolat-counter-viper-2026,,no,2,vertical_hold:padel:disabled
/products/babolat-jet-mach-3,Product,tennis|padel,published,BLOCKED,HIDDEN_404,"noindex,nofollow",/products/babolat-jet-mach-3,,no,1,vertical_hold:tennis:disabled
/products/babolat-jet-premura,Product,padel|tennis,published,BLOCKED,HIDDEN_404,"noindex,nofollow",/products/babolat-jet-premura,,no,1,vertical_hold:padel:disabled
/products/babolat-jet-premura-2,Product,padel|tennis,published,BLOCKED,HIDDEN_404,"noindex,nofollow",/products/babolat-jet-premura-2,,no,0,vertical_hold:padel:disabled
/products/babolat-jet-tere,Product,tennis|padel,published,BLOCKED,HIDDEN_404,"noindex,nofollow",/products/babolat-jet-tere,,no,0,vertical_hold:tennis:disabled
/products/babolat-movea-2,Product,padel|tennis,published,BLOCKED,HIDDEN_404,"noindex,nofollow",/products/babolat-movea-2,,no,1,vertical_hold:padel:disabled
/products/babolat-propulse-fury-3,Product,tennis|padel,published,BLOCKED,HIDDEN_404,"noindex,nofollow",/products/babolat-propulse-fury-3,,no,0,vertical_hold:tennis:disabled
/products/babolat-pure-aero-2023,Product,tennis,published,BLOCKED,HIDDEN_404,"noindex,nofollow",/products/babolat-pure-aero-2023,,no,1,vertical_hold:tennis:disabled
/products/babolat-pure-aero-2026,Product,tennis,published,BLOCKED,HIDDEN_404,"noindex,nofollow",/products/babolat-pure-aero-2026,,no,3,vertical_hold:tennis:disabled
/products/babolat-pure-drive-2025,Product,tennis,published,BLOCKED,HIDDEN_404,"noindex,nofollow",/products/babolat-pure-drive-2025,,no,2,vertical_hold:tennis:disabled
/products/babolat-pure-drive-gen11,Product,tennis,published,BLOCKED,HIDDEN_404,"noindex,nofollow",/products/babolat-pure-drive-gen11,,no,3,vertical_hold:tennis:disabled
/products/babolat-rpm-blast-1-25,Product,tennis,published,BLOCKED,HIDDEN_404,"noindex,nofollow",/products/babolat-rpm-blast-1-25,,no,0,vertical_hold:tennis:disabled
/products/babolat-sensa-women,Product,padel|tennis,published,BLOCKED,HIDDEN_404,"noindex,nofollow",/products/babolat-sensa-women,,no,1,vertical_hold:padel:disabled
/products/babolat-technical-viper-2026,Product,padel,published,BLOCKED,HIDDEN_404,"noindex,nofollow",/products/babolat-technical-viper-2026,,no,3,vertical_hold:padel:disabled
/products/balega-blister-resist,Product,running,published,LAUNCH_READY,INDEXABLE,"index,follow",/products/balega-blister-resist,200,yes,2,decisionScore=100
/products/balega-hidden-comfort,Product,running,published,LAUNCH_READY,INDEXABLE,"index,follow",/products/balega-hidden-comfort,200,yes,2,decisionScore=100
/products/balega-hidden-comfort/alternatives,Alternatives,running,published,N/A,INDEXABLE,"index,follow",/products/balega-hidden-comfort/alternatives,200,yes,0,alternatives_ok
/products/beats-fit-pro,Product,running|fitness,published,LAUNCH_READY,INDEXABLE,"index,follow",/products/beats-fit-pro,200,yes,2,decisionScore=100
/products/biolite-headlamp-800-pro,Product,running,published,LAUNCH_READY,INDEXABLE,"index,follow",/products/biolite-headlamp-800-pro,200,yes,3,decisionScore=100
/products/black-crown-special-one-soft,Product,padel,published,BLOCKED,HIDDEN_404,"noindex,nofollow",/products/black-crown-special-one-soft,,no,1,vertical_hold:padel:disabled
/products/black-diamond-distance-15,Product,running,published,LAUNCH_READY,INDEXABLE,"index,follow",/products/black-diamond-distance-15,200,yes,1,decisionScore=100
/products/black-diamond-distance-1500,Product,running,published,LAUNCH_READY,INDEXABLE,"index,follow",/products/black-diamond-distance-1500,200,yes,2,decisionScore=100
/products/black-diamond-distance-22,Product,running,published,LAUNCH_READY,INDEXABLE,"index,follow",/products/black-diamond-distance-22,200,yes,3,decisionScore=100
/products/black-diamond-distance-8,Product,running,published,LAUNCH_READY,INDEXABLE,"index,follow",/products/black-diamond-distance-8,200,yes,2,decisionScore=100
/products/black-diamond-spot-400-r,Product,running,published,LAUNCH_READY,INDEXABLE,"index,follow",/products/black-diamond-spot-400-r,200,yes,3,decisionScore=100
/products/blackroll-ball,Product,fitness,published,BLOCKED,HIDDEN_404,"noindex,nofollow",/products/blackroll-ball,,no,1,vertical_hold:fitness:selective
/products/blackroll-duoball,Product,fitness,published,BLOCKED,HIDDEN_404,"noindex,nofollow",/products/blackroll-duoball,,no,1,vertical_hold:fitness:selective
/products/blackroll-med,Product,fitness,published,BLOCKED,HIDDEN_404,"noindex,nofollow",/products/blackroll-med,,no,1,vertical_hold:fitness:selective
/products/blackroll-pro,Product,running|recovery|fitness,published,LAUNCH_READY,INDEXABLE,"index,follow",/products/blackroll-pro,200,yes,1,decisionScore=100
/products/blackroll-standard,Product,fitness,published,BLOCKED,HIDDEN_404,"noindex,nofollow",/products/blackroll-standard,,no,1,vertical_hold:fitness:selective
/products/body-glide-original,Product,running|fitness,published,NEEDS_MINOR_WORK,PUBLIC_NOINDEX,"noindex,follow",/products/body-glide-original,,no,1,soft_gated_category:accessories
/products/bose-ultra-open-earbuds,Product,running|fitness,published,LAUNCH_READY,INDEXABLE,"index,follow",/products/bose-ultra-open-earbuds,200,yes,3,decisionScore=100
/products/bowflex-selecttech-1090,Product,fitness,published,BLOCKED,HIDDEN_404,"noindex,nofollow",/products/bowflex-selecttech-1090,,no,2,vertical_hold:fitness:selective
/products/bowflex-selecttech-552,Product,fitness,published,BLOCKED,HIDDEN_404,"noindex,nofollow",/products/bowflex-selecttech-552,,no,2,vertical_hold:fitness:selective
/products/brazyn-morph,Product,running|recovery|fitness,published,LAUNCH_READY,INDEXABLE,"index,follow",/products/brazyn-morph,200,yes,2,decisionScore=100
/products/brooks-adrenaline-gts-25,Product,running,published,LAUNCH_READY,INDEXABLE,"index,follow",/products/brooks-adrenaline-gts-25,200,yes,5,decisionScore=100
/products/brooks-adrenaline-gts-25/alternatives,Alternatives,running,published,N/A,INDEXABLE,"index,follow",/products/brooks-adrenaline-gts-25/alternatives,200,yes,0,alternatives_ok
/products/brooks-canopy-jacket-men,Product,running,published,NEEDS_MINOR_WORK,PUBLIC_NOINDEX,"noindex,follow",/products/brooks-canopy-jacket-men,,no,3,soft_gated_category:running-clothing
/products/brooks-cascadia-18,Product,running,published,LAUNCH_READY,INDEXABLE,"index,follow",/products/brooks-cascadia-18,200,yes,1,decisionScore=100
/products/brooks-chaser-5-women,Product,running,published,NEEDS_MINOR_WORK,PUBLIC_NOINDEX,"noindex,follow",/products/brooks-chaser-5-women,,no,1,soft_gated_category:running-clothing
/products/brooks-ghost-16,Product,running,published,LAUNCH_READY,INDEXABLE,"index,follow",/products/brooks-ghost-16,200,yes,2,decisionScore=100
/products/brooks-ghost-16/alternatives,Alternatives,running,published,N/A,INDEXABLE,"index,follow",/products/brooks-ghost-16/alternatives,200,yes,0,alternatives_ok
/products/brooks-ghost-18,Product,running,published,LAUNCH_READY,INDEXABLE,"index,follow",/products/brooks-ghost-18,200,yes,8,decisionScore=100
/products/brooks-ghost-18/alternatives,Alternatives,running,published,N/A,INDEXABLE,"index,follow",/products/brooks-ghost-18/alternatives,200,yes,0,alternatives_ok
/products/brooks-glycerin-21,Product,running,published,LAUNCH_READY,INDEXABLE,"index,follow",/products/brooks-glycerin-21,200,yes,1,decisionScore=100
/products/brooks-glycerin-22,Product,running,published,LAUNCH_READY,INDEXABLE,"index,follow",/products/brooks-glycerin-22,200,yes,6,decisionScore=100
/products/brooks-glycerin-gts-22,Product,running,published,LAUNCH_READY,INDEXABLE,"index,follow",/products/brooks-glycerin-gts-22,200,yes,1,decisionScore=100
/products/brooks-hyperion-max-2,Product,running,published,LAUNCH_READY,INDEXABLE,"index,follow",/products/brooks-hyperion-max-2,200,yes,2,decisionScore=100
/products/brooks-method-tight-women,Product,running,published,NEEDS_MINOR_WORK,PUBLIC_NOINDEX,"noindex,follow",/products/brooks-method-tight-women,,no,2,soft_gated_category:running-clothing
/products/brooks-notch-thermal-beanie,Product,running,published,NEEDS_MINOR_WORK,PUBLIC_NOINDEX,"noindex,follow",/products/brooks-notch-thermal-beanie,,no,1,soft_gated_category:running-clothing
/products/brooks-notch-thermal-men,Product,running,published,NEEDS_MINOR_WORK,PUBLIC_NOINDEX,"noindex,follow",/products/brooks-notch-thermal-men,,no,2,soft_gated_category:running-clothing
/products/brooks-sherpa-7-men,Product,running,published,NEEDS_MINOR_WORK,PUBLIC_NOINDEX,"noindex,follow",/products/brooks-sherpa-7-men,,no,2,soft_gated_category:running-clothing
/products/buff-coolnet-uv,Product,running,published,NEEDS_MINOR_WORK,PUBLIC_NOINDEX,"noindex,follow",/products/buff-coolnet-uv,,no,1,soft_gated_category:running-clothing
/products/buff-merino-lightweight,Product,running,published,NEEDS_MINOR_WORK,PUBLIC_NOINDEX,"noindex,follow",/products/buff-merino-lightweight,,no,1,soft_gated_category:running-clothing
/products/buff-original,Product,running,published,NEEDS_MINOR_WORK,PUBLIC_NOINDEX,"noindex,follow",/products/buff-original,,no,1,soft_gated_category:running-clothing
/products/buff-polar,Product,running,published,NEEDS_MINOR_WORK,PUBLIC_NOINDEX,"noindex,follow",/products/buff-polar,,no,1,soft_gated_category:running-clothing
/products/bullpadel-hack-03,Product,padel,published,BLOCKED,HIDDEN_404,"noindex,nofollow",/products/bullpadel-hack-03,,no,1,vertical_hold:padel:disabled
/products/bullpadel-hack-04-2026,Product,padel,published,BLOCKED,HIDDEN_404,"noindex,nofollow",/products/bullpadel-hack-04-2026,,no,3,vertical_hold:padel:disabled
/products/bullpadel-hack-hybrid,Product,padel|tennis,published,BLOCKED,HIDDEN_404,"noindex,nofollow",/products/bullpadel-hack-hybrid,,no,0,vertical_hold:padel:disabled
/products/bullpadel-hybrid-fly,Product,padel|tennis,published,BLOCKED,HIDDEN_404,"noindex,nofollow",/products/bullpadel-hybrid-fly,,no,1,vertical_hold:padel:disabled
/products/bullpadel-ionic-woman,Product,padel|tennis,published,BLOCKED,HIDDEN_404,"noindex,nofollow",/products/bullpadel-ionic-woman,,no,1,vertical_hold:padel:disabled
/products/bullpadel-vertex-04,Product,padel,published,BLOCKED,HIDDEN_404,"noindex,nofollow",/products/bullpadel-vertex-04,,no,2,vertical_hold:padel:disabled
/products/bullpadel-vertex-05-2026,Product,padel,published,BLOCKED,HIDDEN_404,"noindex,nofollow",/products/bullpadel-vertex-05-2026,,no,4,vertical_hold:padel:disabled
/products/camelbak-apex-pro,Product,running,published,LAUNCH_READY,INDEXABLE,"index,follow",/products/camelbak-apex-pro,200,yes,2,decisionScore=100
/products/camelbak-circuit-run-vest,Product,running,published,LAUNCH_READY,INDEXABLE,"index,follow",/products/camelbak-circuit-run-vest,200,yes,1,decisionScore=100
/products/camelbak-crux-15,Product,running,published,LAUNCH_READY,INDEXABLE,"index,follow",/products/camelbak-crux-15,200,yes,1,decisionScore=100
/products/camelbak-crux-15/alternatives,Alternatives,running,published,N/A,INDEXABLE,"index,follow",/products/camelbak-crux-15/alternatives,200,yes,0,alternatives_ok
/products/camelbak-quick-grip-chill,Product,running,published,LAUNCH_READY,INDEXABLE,"index,follow",/products/camelbak-quick-grip-chill,200,yes,1,decisionScore=100
/products/camelbak-zephyr,Product,running,published,LAUNCH_READY,INDEXABLE,"index,follow",/products/camelbak-zephyr,200,yes,1,decisionScore=100
/products/camelbak-zephyr-pro,Product,running,published,LAUNCH_READY,INDEXABLE,"index,follow",/products/camelbak-zephyr-pro,200,yes,2,decisionScore=100
/products/camelbak-zephyr-pro/alternatives,Alternatives,running,published,N/A,INDEXABLE,"index,follow",/products/camelbak-zephyr-pro/alternatives,200,yes,0,alternatives_ok
/products/camelbak-zephyr/alternatives,Alternatives,running,published,N/A,INDEXABLE,"index,follow",/products/camelbak-zephyr/alternatives,200,yes,0,alternatives_ok
/products/cep-calf-sleeves-3,Product,running|recovery,published,LAUNCH_READY,INDEXABLE,"index,follow",/products/cep-calf-sleeves-3,200,yes,2,decisionScore=100
/products/cep-run-compression-sock-3,Product,running,published,LAUNCH_READY,INDEXABLE,"index,follow",/products/cep-run-compression-sock-3,200,yes,2,decisionScore=100
/products/cep-the-run-calf-sleeves,Product,running|recovery,published,LAUNCH_READY,INDEXABLE,"index,follow",/products/cep-the-run-calf-sleeves,200,yes,1,decisionScore=100
/products/ciele-gocap-athletics,Product,running,published,NEEDS_MINOR_WORK,PUBLIC_NOINDEX,"noindex,follow",/products/ciele-gocap-athletics,,no,2,soft_gated_category:running-clothing
/products/clif-bar-original,Product,running|cycling,published,NEEDS_MINOR_WORK,PUBLIC_NOINDEX,"noindex,follow",/products/clif-bar-original,,no,1,soft_gated_category:nutrition-fuel
/products/clif-bloks-energy-chews,Product,running|cycling,published,NEEDS_MINOR_WORK,PUBLIC_NOINDEX,"noindex,follow",/products/clif-bloks-energy-chews,,no,3,soft_gated_category:nutrition-fuel
/products/compressport-free-belt-pro,Product,running,published,LAUNCH_READY,INDEXABLE,"index,follow",/products/compressport-free-belt-pro,200,yes,1,decisionScore=100
/products/compressport-ultrun-s-pack,Product,running,published,LAUNCH_READY,INDEXABLE,"index,follow",/products/compressport-ultrun-s-pack,200,yes,1,decisionScore=100
/products/concept2-bikeerg,Product,fitness|hyrox,published,BLOCKED,HIDDEN_404,"noindex,nofollow",/products/concept2-bikeerg,,no,2,vertical_hold:fitness:selective
/products/concept2-rowerg,Product,fitness|hyrox,published,BLOCKED,HIDDEN_404,"noindex,nofollow",/products/concept2-rowerg,,no,5,vertical_hold:fitness:selective
/products/concept2-rowerg-dynamic,Product,fitness|hyrox,published,BLOCKED,HIDDEN_404,"noindex,nofollow",/products/concept2-rowerg-dynamic,,no,2,vertical_hold:fitness:selective
/products/concept2-skierg,Product,fitness|hyrox,published,BLOCKED,HIDDEN_404,"noindex,nofollow",/products/concept2-skierg,,no,1,vertical_hold:fitness:selective
/products/concept2-skierg-floor-stand,Product,fitness|hyrox,published,BLOCKED,HIDDEN_404,"noindex,nofollow",/products/concept2-skierg-floor-stand,,no,1,vertical_hold:fitness:selective
/products/concept2-skierg-with-stand,Product,fitness|hyrox,published,BLOCKED,HIDDEN_404,"noindex,nofollow",/products/concept2-skierg-with-stand,,no,1,vertical_hold:fitness:selective
/products/coros-apex-2-pro,Product,running|cycling,published,LAUNCH_READY,INDEXABLE,"index,follow",/products/coros-apex-2-pro,200,yes,1,decisionScore=100
/products/coros-apex-4,Product,running|cycling,published,LAUNCH_READY,INDEXABLE,"index,follow",/products/coros-apex-4,200,yes,5,decisionScore=100
/products/coros-apex-4/alternatives,Alternatives,running|cycling,published,N/A,INDEXABLE,"index,follow",/products/coros-apex-4/alternatives,200,yes,0,alternatives_ok
/products/coros-heart-rate-monitor,Product,running|fitness,published,LAUNCH_READY,INDEXABLE,"index,follow",/products/coros-heart-rate-monitor,200,yes,4,decisionScore=100
/products/coros-heart-rate-monitor/alternatives,Alternatives,running|fitness,published,N/A,INDEXABLE,"index,follow",/products/coros-heart-rate-monitor/alternatives,200,yes,0,alternatives_ok
/products/coros-pace-3,Product,running,published,LAUNCH_READY,INDEXABLE,"index,follow",/products/coros-pace-3,200,yes,1,decisionScore=100
/products/coros-pace-3/alternatives,Alternatives,running,published,N/A,INDEXABLE,"index,follow",/products/coros-pace-3/alternatives,200,yes,0,alternatives_ok
/products/coros-pace-4,Product,running|cycling|swimming,published,LAUNCH_READY,INDEXABLE,"index,follow",/products/coros-pace-4,200,yes,8,decisionScore=100
/products/coros-pace-4/alternatives,Alternatives,running|cycling|swimming,published,N/A,INDEXABLE,"index,follow",/products/coros-pace-4/alternatives,200,yes,0,alternatives_ok
/products/coros-pace-pro,Product,running|cycling,published,LAUNCH_READY,INDEXABLE,"index,follow",/products/coros-pace-pro,200,yes,4,decisionScore=100
/products/coros-pace-pro/alternatives,Alternatives,running|cycling,published,N/A,INDEXABLE,"index,follow",/products/coros-pace-pro/alternatives,200,yes,0,alternatives_ok
/products/coros-vertix-2s,Product,running|cycling,published,LAUNCH_READY,INDEXABLE,"index,follow",/products/coros-vertix-2s,200,yes,2,decisionScore=100
/products/coros-vertix-2s/alternatives,Alternatives,running|cycling,published,N/A,INDEXABLE,"index,follow",/products/coros-vertix-2s/alternatives,200,yes,0,alternatives_ok
/products/craft-active-extreme-x-men,Product,running,published,NEEDS_MINOR_WORK,PUBLIC_NOINDEX,"noindex,follow",/products/craft-active-extreme-x-men,,no,1,soft_gated_category:running-clothing
/products/craft-adv-essence-light-wind-men,Product,running,published,NEEDS_MINOR_WORK,PUBLIC_NOINDEX,"noindex,follow",/products/craft-adv-essence-light-wind-men,,no,2,soft_gated_category:running-clothing
/products/craft-adv-essence-light-wind-vest-men,Product,running,published,NEEDS_MINOR_WORK,PUBLIC_NOINDEX,"noindex,follow",/products/craft-adv-essence-light-wind-vest-men,,no,1,soft_gated_category:running-clothing
/products/craft-adv-essence-short,Product,running,published,NEEDS_MINOR_WORK,PUBLIC_NOINDEX,"noindex,follow",/products/craft-adv-essence-short,,no,1,soft_gated_category:running-clothing
/products/craft-adv-essence-tight-men,Product,running,published,NEEDS_MINOR_WORK,PUBLIC_NOINDEX,"noindex,follow",/products/craft-adv-essence-tight-men,,no,1,soft_gated_category:running-clothing
/products/craft-adv-lumen-glove,Product,running,published,NEEDS_MINOR_WORK,PUBLIC_NOINDEX,"noindex,follow",/products/craft-adv-lumen-glove,,no,2,soft_gated_category:running-clothing
/products/darn-tough-run-1-4,Product,running,published,LAUNCH_READY,INDEXABLE,"index,follow",/products/darn-tough-run-1-4,200,yes,3,decisionScore=100
/products/do-win-classic,Product,fitness,published,BLOCKED,HIDDEN_404,"noindex,nofollow",/products/do-win-classic,,no,1,vertical_hold:fitness:selective
/products/drop-shot-canyon-pro-2026,Product,padel,published,BLOCKED,HIDDEN_404,"noindex,nofollow",/products/drop-shot-canyon-pro-2026,,no,1,vertical_hold:padel:disabled
/products/drymax-run-lite-mesh,Product,running,published,LAUNCH_READY,INDEXABLE,"index,follow",/products/drymax-run-lite-mesh,200,yes,1,decisionScore=100
/products/dunlop-cx-200,Product,tennis,published,BLOCKED,HIDDEN_404,"noindex,nofollow",/products/dunlop-cx-200,,no,1,vertical_hold:tennis:disabled
/products/eleiko-kettlebell,Product,fitness|hyrox,published,BLOCKED,HIDDEN_404,"noindex,nofollow",/products/eleiko-kettlebell,,no,1,vertical_hold:fitness:selective
/products/eleiko-performance-weightlifting-bar,Product,fitness,published,BLOCKED,HIDDEN_404,"noindex,nofollow",/products/eleiko-performance-weightlifting-bar,,no,1,vertical_hold:fitness:selective
/products/eleiko-sport-bumper-set,Product,fitness,published,BLOCKED,HIDDEN_404,"noindex,nofollow",/products/eleiko-sport-bumper-set,,no,2,vertical_hold:fitness:selective
/products/eleiko-sport-collars,Product,fitness,published,BLOCKED,HIDDEN_404,"noindex,nofollow",/products/eleiko-sport-collars,,no,1,vertical_hold:fitness:selective
/products/eleiko-xf-bar,Product,fitness,published,BLOCKED,HIDDEN_404,"noindex,nofollow",/products/eleiko-xf-bar,,no,1,vertical_hold:fitness:selective
/products/enervit-c2-1-carbo-gel,Product,running|cycling,published,NEEDS_MINOR_WORK,PUBLIC_NOINDEX,"noindex,follow",/products/enervit-c2-1-carbo-gel,,no,1,soft_gated_category:nutrition-fuel
/products/feetures-elite-light-cushion,Product,running,published,LAUNCH_READY,INDEXABLE,"index,follow",/products/feetures-elite-light-cushion,200,yes,3,decisionScore=100
/products/feetures-elite-light-cushion/alternatives,Alternatives,running,published,N/A,INDEXABLE,"index,follow",/products/feetures-elite-light-cushion/alternatives,200,yes,0,alternatives_ok
/products/fitletic-fully-loaded,Product,running,published,LAUNCH_READY,INDEXABLE,"index,follow",/products/fitletic-fully-loaded,200,yes,1,decisionScore=100
/products/flipbelt-classic,Product,running,published,LAUNCH_READY,INDEXABLE,"index,follow",/products/flipbelt-classic,200,yes,4,decisionScore=100
/products/flipbelt-classic/alternatives,Alternatives,running,published,N/A,INDEXABLE,"index,follow",/products/flipbelt-classic/alternatives,200,yes,0,alternatives_ok
/products/garmin-enduro-3,Product,running|cycling,published,LAUNCH_READY,INDEXABLE,"index,follow",/products/garmin-enduro-3,200,yes,4,decisionScore=100
/products/garmin-enduro-3/alternatives,Alternatives,running|cycling,published,N/A,INDEXABLE,"index,follow",/products/garmin-enduro-3/alternatives,200,yes,0,alternatives_ok
/products/garmin-epix-pro-gen-2,Product,running|cycling|swimming,published,LAUNCH_READY,INDEXABLE,"index,follow",/products/garmin-epix-pro-gen-2,200,yes,1,decisionScore=100
/products/garmin-epix-pro-gen-2/alternatives,Alternatives,running|cycling|swimming,published,N/A,INDEXABLE,"index,follow",/products/garmin-epix-pro-gen-2/alternatives,200,yes,0,alternatives_ok
/products/garmin-fenix-8,Product,running|cycling|swimming,published,LAUNCH_READY,INDEXABLE,"index,follow",/products/garmin-fenix-8,200,yes,8,decisionScore=100
/products/garmin-fenix-8/alternatives,Alternatives,running|cycling|swimming,published,N/A,INDEXABLE,"index,follow",/products/garmin-fenix-8/alternatives,200,yes,0,alternatives_ok
/products/garmin-forerunner-165,Product,running,published,LAUNCH_READY,INDEXABLE,"index,follow",/products/garmin-forerunner-165,200,yes,7,decisionScore=100
/products/garmin-forerunner-255,Product,running,published,LAUNCH_READY,INDEXABLE,"index,follow",/products/garmin-forerunner-255,200,yes,1,decisionScore=100
/products/garmin-forerunner-265,Product,running|cycling|swimming,published,LAUNCH_READY,INDEXABLE,"index,follow",/products/garmin-forerunner-265,200,yes,1,decisionScore=100
/products/garmin-forerunner-265s,Product,running|cycling|swimming,published,LAUNCH_READY,INDEXABLE,"index,follow",/products/garmin-forerunner-265s,200,yes,3,decisionScore=100
/products/garmin-forerunner-265s/alternatives,Alternatives,running|cycling|swimming,published,N/A,INDEXABLE,"index,follow",/products/garmin-forerunner-265s/alternatives,200,yes,0,alternatives_ok
/products/garmin-forerunner-55,Product,running,published,LAUNCH_READY,INDEXABLE,"index,follow",/products/garmin-forerunner-55,200,yes,1,decisionScore=100
/products/garmin-forerunner-570,Product,running|cycling|swimming,published,LAUNCH_READY,INDEXABLE,"index,follow",/products/garmin-forerunner-570,200,yes,3,decisionScore=100
/products/garmin-forerunner-570/alternatives,Alternatives,running|cycling|swimming,published,N/A,INDEXABLE,"index,follow",/products/garmin-forerunner-570/alternatives,200,yes,0,alternatives_ok
/products/garmin-forerunner-965,Product,running|cycling|swimming,published,LAUNCH_READY,INDEXABLE,"index,follow",/products/garmin-forerunner-965,200,yes,2,decisionScore=100
/products/garmin-forerunner-965/alternatives,Alternatives,running|cycling|swimming,published,N/A,INDEXABLE,"index,follow",/products/garmin-forerunner-965/alternatives,200,yes,0,alternatives_ok
/products/garmin-forerunner-970,Product,running|cycling|swimming,published,LAUNCH_READY,INDEXABLE,"index,follow",/products/garmin-forerunner-970,200,yes,7,decisionScore=100
/products/garmin-forerunner-970/alternatives,Alternatives,running|cycling|swimming,published,N/A,INDEXABLE,"index,follow",/products/garmin-forerunner-970/alternatives,200,yes,0,alternatives_ok
/products/garmin-hrm-200,Product,running|cycling|fitness|hyrox,published,LAUNCH_READY,INDEXABLE,"index,follow",/products/garmin-hrm-200,200,yes,2,decisionScore=100
/products/garmin-hrm-200/alternatives,Alternatives,running|cycling|fitness|hyrox,published,N/A,INDEXABLE,"index,follow",/products/garmin-hrm-200/alternatives,200,yes,0,alternatives_ok
/products/garmin-hrm-600,Product,running|cycling|fitness|hyrox,published,LAUNCH_READY,INDEXABLE,"index,follow",/products/garmin-hrm-600,200,yes,6,decisionScore=100
/products/garmin-hrm-600/alternatives,Alternatives,running|cycling|fitness|hyrox,published,N/A,INDEXABLE,"index,follow",/products/garmin-hrm-600/alternatives,200,yes,0,alternatives_ok
/products/garmin-hrm-fit,Product,running|fitness|hyrox,published,LAUNCH_READY,INDEXABLE,"index,follow",/products/garmin-hrm-fit,200,yes,1,decisionScore=100
/products/garmin-hrm-fit/alternatives,Alternatives,running|fitness|hyrox,published,N/A,INDEXABLE,"index,follow",/products/garmin-hrm-fit/alternatives,200,yes,0,alternatives_ok
/products/garmin-hrm-pro-plus,Product,running|cycling|fitness,published,LAUNCH_READY,INDEXABLE,"index,follow",/products/garmin-hrm-pro-plus,200,yes,3,decisionScore=100
/products/garmin-hrm-pro-plus/alternatives,Alternatives,running|cycling|fitness,published,N/A,INDEXABLE,"index,follow",/products/garmin-hrm-pro-plus/alternatives,200,yes,0,alternatives_ok
/products/garmin-instinct-3,Product,running|cycling,published,LAUNCH_READY,INDEXABLE,"index,follow",/products/garmin-instinct-3,200,yes,2,decisionScore=100
/products/garmin-instinct-3/alternatives,Alternatives,running|cycling,published,N/A,INDEXABLE,"index,follow",/products/garmin-instinct-3/alternatives,200,yes,0,alternatives_ok
/products/garmin-vivoactive-6,Product,running|cycling|swimming|fitness,published,LAUNCH_READY,INDEXABLE,"index,follow",/products/garmin-vivoactive-6,200,yes,5,decisionScore=100
/products/garmin-vivoactive-6/alternatives,Alternatives,running|cycling|swimming|fitness,published,N/A,INDEXABLE,"index,follow",/products/garmin-vivoactive-6/alternatives,200,yes,0,alternatives_ok
/products/goodr-circle-gs,Product,running,published,NEEDS_MINOR_WORK,PUBLIC_NOINDEX,"noindex,follow",/products/goodr-circle-gs,,no,1,soft_gated_category:sunglasses
/products/goodr-ogs,Product,running,published,NEEDS_MINOR_WORK,PUBLIC_NOINDEX,"noindex,follow",/products/goodr-ogs,,no,2,soft_gated_category:sunglasses
/products/gornation-gymnastic-rings,Product,fitness|calisthenics,published,BLOCKED,HIDDEN_404,"noindex,nofollow",/products/gornation-gymnastic-rings,,no,1,vertical_hold:fitness:selective
/products/gornation-parallettes-pro,Product,fitness|calisthenics,published,BLOCKED,HIDDEN_404,"noindex,nofollow",/products/gornation-parallettes-pro,,no,1,vertical_hold:fitness:selective
/products/gornation-premium-pull-up-bar,Product,fitness|calisthenics,published,BLOCKED,HIDDEN_404,"noindex,nofollow",/products/gornation-premium-pull-up-bar,,no,2,vertical_hold:fitness:selective
/products/gravity-fitness-gymnastic-rings,Product,fitness|calisthenics,published,BLOCKED,HIDDEN_404,"noindex,nofollow",/products/gravity-fitness-gymnastic-rings,,no,1,vertical_hold:fitness:selective
/products/gravity-fitness-parallettes,Product,fitness|calisthenics,published,BLOCKED,HIDDEN_404,"noindex,nofollow",/products/gravity-fitness-parallettes,,no,1,vertical_hold:fitness:selective
/products/gravity-fitness-pull-up-station,Product,fitness|calisthenics,published,BLOCKED,HIDDEN_404,"noindex,nofollow",/products/gravity-fitness-pull-up-station,,no,2,vertical_hold:fitness:selective
/products/gravity-fitness-weighted-vest,Product,fitness|hyrox|calisthenics,published,BLOCKED,HIDDEN_404,"noindex,nofollow",/products/gravity-fitness-weighted-vest,,no,1,vertical_hold:fitness:selective
/products/gu-energy-chews,Product,running|cycling,published,NEEDS_MINOR_WORK,PUBLIC_NOINDEX,"noindex,follow",/products/gu-energy-chews,,no,2,soft_gated_category:nutrition-fuel
/products/gu-energy-gel,Product,running|cycling,published,NEEDS_MINOR_WORK,PUBLIC_NOINDEX,"noindex,follow",/products/gu-energy-gel,,no,1,soft_gated_category:nutrition-fuel
/products/gu-roctane-gel,Product,running|cycling,published,NEEDS_MINOR_WORK,PUBLIC_NOINDEX,"noindex,follow",/products/gu-roctane-gel,,no,1,soft_gated_category:nutrition-fuel
/products/head-coello-pro-2026,Product,padel,published,BLOCKED,HIDDEN_404,"noindex,nofollow",/products/head-coello-pro-2026,,no,3,vertical_hold:padel:disabled
/products/head-extreme-motion-2026,Product,padel,published,BLOCKED,HIDDEN_404,"noindex,nofollow",/products/head-extreme-motion-2026,,no,1,vertical_hold:padel:disabled
/products/head-extreme-pro-padel-2026,Product,padel,published,BLOCKED,HIDDEN_404,"noindex,nofollow",/products/head-extreme-pro-padel-2026,,no,1,vertical_hold:padel:disabled
/products/head-padel-pro-s-balls,Product,padel,published,BLOCKED,HIDDEN_404,"noindex,nofollow",/products/head-padel-pro-s-balls,,no,1,vertical_hold:padel:disabled
/products/head-radical-mp-2023,Product,tennis,published,BLOCKED,HIDDEN_404,"noindex,nofollow",/products/head-radical-mp-2023,,no,1,vertical_hold:tennis:disabled
/products/head-revolt-pro-4-5,Product,tennis|padel,published,BLOCKED,HIDDEN_404,"noindex,nofollow",/products/head-revolt-pro-4-5,,no,0,vertical_hold:tennis:disabled
/products/head-revolt-pro-court,Product,padel|tennis,published,BLOCKED,HIDDEN_404,"noindex,nofollow",/products/head-revolt-pro-court,,no,1,vertical_hold:padel:disabled
/products/head-speed-mp-2024,Product,tennis,published,BLOCKED,HIDDEN_404,"noindex,nofollow",/products/head-speed-mp-2024,,no,1,vertical_hold:tennis:disabled
/products/head-speed-mp-2026,Product,tennis,published,BLOCKED,HIDDEN_404,"noindex,nofollow",/products/head-speed-mp-2026,,no,2,vertical_hold:tennis:disabled
/products/head-sprint-pro-3-5,Product,tennis|padel,published,BLOCKED,HIDDEN_404,"noindex,nofollow",/products/head-sprint-pro-3-5,,no,0,vertical_hold:tennis:disabled
/products/head-sprint-pro-4-padel,Product,padel|tennis,published,BLOCKED,HIDDEN_404,"noindex,nofollow",/products/head-sprint-pro-4-padel,,no,1,vertical_hold:padel:disabled
/products/high5-energy-gel,Product,running|cycling,published,NEEDS_MINOR_WORK,PUBLIC_NOINDEX,"noindex,follow",/products/high5-energy-gel,,no,1,soft_gated_category:nutrition-fuel
/products/high5-zero,Product,running|cycling,published,NEEDS_MINOR_WORK,PUBLIC_NOINDEX,"noindex,follow",/products/high5-zero,,no,1,soft_gated_category:nutrition-fuel
/products/hoka-arahi-7,Product,running,published,LAUNCH_READY,INDEXABLE,"index,follow",/products/hoka-arahi-7,200,yes,1,decisionScore=100
/products/hoka-bondi-8,Product,running,published,LAUNCH_READY,INDEXABLE,"index,follow",/products/hoka-bondi-8,200,yes,1,decisionScore=100
/products/hoka-bondi-9,Product,running,published,LAUNCH_READY,INDEXABLE,"index,follow",/products/hoka-bondi-9,200,yes,5,decisionScore=100
/products/hoka-bondi-9/alternatives,Alternatives,running,published,N/A,INDEXABLE,"index,follow",/products/hoka-bondi-9/alternatives,200,yes,0,alternatives_ok
/products/hoka-clifton-10,Product,running,published,LAUNCH_READY,INDEXABLE,"index,follow",/products/hoka-clifton-10,200,yes,10,decisionScore=100
/products/hoka-clifton-10/alternatives,Alternatives,running,published,N/A,INDEXABLE,"index,follow",/products/hoka-clifton-10/alternatives,200,yes,0,alternatives_ok
/products/hoka-clifton-9,Product,running,published,LAUNCH_READY,INDEXABLE,"index,follow",/products/hoka-clifton-9,200,yes,1,decisionScore=100
/products/hoka-clifton-pro,Product,running,published,LAUNCH_READY,INDEXABLE,"index,follow",/products/hoka-clifton-pro,200,yes,1,decisionScore=100
/products/hoka-gaviota-5,Product,running,published,LAUNCH_READY,INDEXABLE,"index,follow",/products/hoka-gaviota-5,200,yes,1,decisionScore=100
/products/hoka-mach-6,Product,running,published,LAUNCH_READY,INDEXABLE,"index,follow",/products/hoka-mach-6,200,yes,2,decisionScore=100
/products/hoka-speedgoat-6,Product,running,published,LAUNCH_READY,INDEXABLE,"index,follow",/products/hoka-speedgoat-6,200,yes,4,decisionScore=100
/products/hoka-speedgoat-6/alternatives,Alternatives,running,published,N/A,INDEXABLE,"index,follow",/products/hoka-speedgoat-6/alternatives,200,yes,0,alternatives_ok
/products/hoka-transport,Product,fitness,published,BLOCKED,HIDDEN_404,"noindex,nofollow",/products/hoka-transport,,no,1,vertical_hold:fitness:selective
/products/honey-stinger-organic-energy-gel,Product,running|cycling,published,NEEDS_MINOR_WORK,PUBLIC_NOINDEX,"noindex,follow",/products/honey-stinger-organic-energy-gel,,no,1,soft_gated_category:nutrition-fuel
/products/horizon-t202-treadmill,Product,fitness|hyrox,published,BLOCKED,HIDDEN_404,"noindex,nofollow",/products/horizon-t202-treadmill,,no,3,vertical_hold:fitness:selective
/products/huma-gel-original,Product,running|cycling,published,NEEDS_MINOR_WORK,PUBLIC_NOINDEX,"noindex,follow",/products/huma-gel-original,,no,1,soft_gated_category:nutrition-fuel
/products/hydrapak-contour-2l,Product,running,published,LAUNCH_READY,INDEXABLE,"index,follow",/products/hydrapak-contour-2l,200,yes,1,decisionScore=100
/products/hydrapak-skyflask-speed-500,Product,running,published,LAUNCH_READY,INDEXABLE,"index,follow",/products/hydrapak-skyflask-speed-500,200,yes,4,decisionScore=100
/products/hydrapak-softflask-250,Product,running,published,LAUNCH_READY,INDEXABLE,"index,follow",/products/hydrapak-softflask-250,200,yes,1,decisionScore=100
/products/hydrapak-softflask-500,Product,running,published,LAUNCH_READY,INDEXABLE,"index,follow",/products/hydrapak-softflask-500,200,yes,1,decisionScore=100
/products/hydrapak-softflask-speed-500,Product,running,published,LAUNCH_READY,INDEXABLE,"index,follow",/products/hydrapak-softflask-speed-500,200,yes,3,decisionScore=100
/products/hydrapak-softflask-speed-500/alternatives,Alternatives,running,published,N/A,INDEXABLE,"index,follow",/products/hydrapak-softflask-speed-500/alternatives,200,yes,0,alternatives_ok
/products/hydrapak-tube-kit,Product,running,published,LAUNCH_READY,INDEXABLE,"index,follow",/products/hydrapak-tube-kit,200,yes,1,decisionScore=100
/products/hydrow-wave,Product,fitness|hyrox,published,BLOCKED,HIDDEN_404,"noindex,nofollow",/products/hydrow-wave,,no,2,vertical_hold:fitness:selective
/products/hyperice-hypervolt-2,Product,running|recovery|fitness,published,LAUNCH_READY,INDEXABLE,"index,follow",/products/hyperice-hypervolt-2,200,yes,2,decisionScore=100
/products/hyperice-hypervolt-go-2,Product,running|recovery|fitness,published,LAUNCH_READY,INDEXABLE,"index,follow",/products/hyperice-hypervolt-go-2,200,yes,3,decisionScore=100
/products/hyperice-normatec-3,Product,running|recovery|fitness,published,LAUNCH_READY,INDEXABLE,"index,follow",/products/hyperice-normatec-3,200,yes,2,decisionScore=100
/products/hyperice-normatec-go,Product,running|recovery|fitness,published,LAUNCH_READY,INDEXABLE,"index,follow",/products/hyperice-normatec-go,200,yes,3,decisionScore=100
/products/hyperice-vyper-3,Product,running|recovery|fitness,published,LAUNCH_READY,INDEXABLE,"index,follow",/products/hyperice-vyper-3,200,yes,1,decisionScore=100
/products/injinji-run-midweight,Product,running,published,LAUNCH_READY,INDEXABLE,"index,follow",/products/injinji-run-midweight,200,yes,2,decisionScore=100
/products/inov8-f-lite-235-v3,Product,fitness|hyrox,published,BLOCKED,HIDDEN_404,"noindex,nofollow",/products/inov8-f-lite-235-v3,,no,3,vertical_hold:fitness:selective
/products/inov8-f-lite-260,Product,fitness|hyrox,published,BLOCKED,HIDDEN_404,"noindex,nofollow",/products/inov8-f-lite-260,,no,1,vertical_hold:fitness:selective
/products/inov8-fastlift-360,Product,fitness,published,BLOCKED,HIDDEN_404,"noindex,nofollow",/products/inov8-fastlift-360,,no,1,vertical_hold:fitness:selective
/products/inov8-fastlift-400,Product,fitness,published,BLOCKED,HIDDEN_404,"noindex,nofollow",/products/inov8-fastlift-400,,no,1,vertical_hold:fitness:selective
/products/inov8-fastlift-power-g-380,Product,fitness,published,BLOCKED,HIDDEN_404,"noindex,nofollow",/products/inov8-fastlift-power-g-380,,no,1,vertical_hold:fitness:selective
/products/inov8-trailfly-ultra-g-300-max,Product,running,published,LAUNCH_READY,INDEXABLE,"index,follow",/products/inov8-trailfly-ultra-g-300-max,200,yes,2,decisionScore=100
/products/janji-multi-short-men,Product,running,published,NEEDS_MINOR_WORK,PUBLIC_NOINDEX,"noindex,follow",/products/janji-multi-short-men,,no,4,soft_gated_category:running-clothing
/products/janji-pace-short-women,Product,running,published,NEEDS_MINOR_WORK,PUBLIC_NOINDEX,"noindex,follow",/products/janji-pace-short-women,,no,4,soft_gated_category:running-clothing
/products/janji-rainrunner-men,Product,running,published,NEEDS_MINOR_WORK,PUBLIC_NOINDEX,"noindex,follow",/products/janji-rainrunner-men,,no,3,soft_gated_category:running-clothing
/products/janji-run-tee-men,Product,running,published,NEEDS_MINOR_WORK,PUBLIC_NOINDEX,"noindex,follow",/products/janji-run-tee-men,,no,1,soft_gated_category:running-clothing
/products/joma-slam-lady,Product,padel|tennis,published,BLOCKED,HIDDEN_404,"noindex,nofollow",/products/joma-slam-lady,,no,1,vertical_hold:padel:disabled
/products/joma-spin-lady,Product,padel|tennis,published,BLOCKED,HIDDEN_404,"noindex,nofollow",/products/joma-spin-lady,,no,0,vertical_hold:padel:disabled
/products/joma-spin-men,Product,padel|tennis,published,BLOCKED,HIDDEN_404,"noindex,nofollow",/products/joma-spin-men,,no,1,vertical_hold:padel:disabled
/products/joma-t-slam,Product,padel|tennis,published,BLOCKED,HIDDEN_404,"noindex,nofollow",/products/joma-t-slam,,no,1,vertical_hold:padel:disabled
/products/joola-ben-johns-hyperion-cfs-16,Product,pickleball,published,BLOCKED,HIDDEN_404,"noindex,nofollow",/products/joola-ben-johns-hyperion-cfs-16,,no,0,vertical_hold:sport-pickleball:disabled
/products/joola-perseus-16,Product,pickleball,published,BLOCKED,HIDDEN_404,"noindex,nofollow",/products/joola-perseus-16,,no,0,vertical_hold:sport-pickleball:disabled
/products/julbo-aerolite,Product,running,published,NEEDS_MINOR_WORK,PUBLIC_NOINDEX,"noindex,follow",/products/julbo-aerolite,,no,2,soft_gated_category:sunglasses
/products/julbo-rush,Product,running,published,NEEDS_MINOR_WORK,PUBLIC_NOINDEX,"noindex,follow",/products/julbo-rush,,no,1,soft_gated_category:sunglasses
/products/julbo-ultimate,Product,running,published,NEEDS_MINOR_WORK,PUBLIC_NOINDEX,"noindex,follow",/products/julbo-ultimate,,no,3,soft_gated_category:sunglasses
/products/k-swiss-hypercourt-express-2,Product,tennis|padel,published,BLOCKED,HIDDEN_404,"noindex,nofollow",/products/k-swiss-hypercourt-express-2,,no,1,vertical_hold:tennis:disabled
/products/k-swiss-ultrashot-3,Product,tennis|padel,published,BLOCKED,HIDDEN_404,"noindex,nofollow",/products/k-swiss-ultrashot-3,,no,1,vertical_hold:tennis:disabled
/products/kiprun-running-belt,Product,running,published,LAUNCH_READY,INDEXABLE,"index,follow",/products/kiprun-running-belt,200,yes,1,decisionScore=100
/products/kuikma-pr-soft-500,Product,padel,published,BLOCKED,HIDDEN_404,"noindex,nofollow",/products/kuikma-pr-soft-500,,no,1,vertical_hold:padel:disabled
/products/kuikma-ps-990,Product,padel|tennis,published,BLOCKED,HIDDEN_404,"noindex,nofollow",/products/kuikma-ps-990,,no,1,vertical_hold:padel:disabled
/products/ledlenser-neo9r,Product,running,published,LAUNCH_READY,INDEXABLE,"index,follow",/products/ledlenser-neo9r,200,yes,2,decisionScore=100
/products/lok-maxx-flow,Product,padel,published,BLOCKED,HIDDEN_404,"noindex,nofollow",/products/lok-maxx-flow,,no,1,vertical_hold:padel:disabled
/products/lok-padel-one,Product,padel|tennis,published,BLOCKED,HIDDEN_404,"noindex,nofollow",/products/lok-padel-one,,no,0,vertical_hold:padel:disabled
/products/lululemon-strongfeel,Product,fitness,published,BLOCKED,HIDDEN_404,"noindex,nofollow",/products/lululemon-strongfeel,,no,1,vertical_hold:fitness:selective
/products/luxilon-alu-power,Product,tennis,published,BLOCKED,HIDDEN_404,"noindex,nofollow",/products/luxilon-alu-power,,no,0,vertical_hold:tennis:disabled
/products/maurten-drink-mix-160,Product,running|cycling,published,NEEDS_MINOR_WORK,PUBLIC_NOINDEX,"noindex,follow",/products/maurten-drink-mix-160,,no,1,soft_gated_category:nutrition-fuel
/products/maurten-drink-mix-320,Product,running|cycling,published,NEEDS_MINOR_WORK,PUBLIC_NOINDEX,"noindex,follow",/products/maurten-drink-mix-320,,no,3,soft_gated_category:nutrition-fuel
/products/maurten-gel-100,Product,running|cycling,published,NEEDS_MINOR_WORK,PUBLIC_NOINDEX,"noindex,follow",/products/maurten-gel-100,,no,4,soft_gated_category:nutrition-fuel
/products/maurten-gel-100-caf-100,Product,running|cycling,published,NEEDS_MINOR_WORK,PUBLIC_NOINDEX,"noindex,follow",/products/maurten-gel-100-caf-100,,no,1,soft_gated_category:nutrition-fuel
/products/maurten-gel-160,Product,running|cycling,published,NEEDS_MINOR_WORK,PUBLIC_NOINDEX,"noindex,follow",/products/maurten-gel-160,,no,1,soft_gated_category:nutrition-fuel
/products/mirafit-air-bike,Product,fitness|hyrox,published,BLOCKED,HIDDEN_404,"noindex,nofollow",/products/mirafit-air-bike,,no,2,vertical_hold:fitness:selective
/products/mirafit-battle-rope,Product,fitness|hyrox,published,BLOCKED,HIDDEN_404,"noindex,nofollow",/products/mirafit-battle-rope,,no,1,vertical_hold:fitness:selective
/products/mirafit-bumper-plate-set,Product,fitness,published,BLOCKED,HIDDEN_404,"noindex,nofollow",/products/mirafit-bumper-plate-set,,no,2,vertical_hold:fitness:selective
/products/mirafit-cast-iron-kettlebell,Product,fitness|hyrox,published,BLOCKED,HIDDEN_404,"noindex,nofollow",/products/mirafit-cast-iron-kettlebell,,no,1,vertical_hold:fitness:selective
/products/mirafit-fid-adjustable-bench,Product,fitness,published,BLOCKED,HIDDEN_404,"noindex,nofollow",/products/mirafit-fid-adjustable-bench,,no,1,vertical_hold:fitness:selective
/products/mirafit-folding-rower,Product,fitness|hyrox,published,BLOCKED,HIDDEN_404,"noindex,nofollow",/products/mirafit-folding-rower,,no,2,vertical_hold:fitness:selective
/products/mirafit-folding-treadmill,Product,fitness|hyrox|running,published,LAUNCH_READY,INDEXABLE,"index,follow",/products/mirafit-folding-treadmill,200,yes,2,decisionScore=100
/products/mirafit-gym-mats,Product,fitness,published,BLOCKED,HIDDEN_404,"noindex,nofollow",/products/mirafit-gym-mats,,no,1,vertical_hold:fitness:selective
/products/mirafit-m3-power-rack,Product,fitness,published,BLOCKED,HIDDEN_404,"noindex,nofollow",/products/mirafit-m3-power-rack,,no,2,vertical_hold:fitness:selective
/products/mirafit-m4-cage,Product,fitness,published,BLOCKED,HIDDEN_404,"noindex,nofollow",/products/mirafit-m4-cage,,no,1,vertical_hold:fitness:selective
/products/mirafit-magnetic-rower,Product,fitness|hyrox,published,BLOCKED,HIDDEN_404,"noindex,nofollow",/products/mirafit-magnetic-rower,,no,3,vertical_hold:fitness:selective
/products/mirafit-olympic-barbell,Product,fitness,published,BLOCKED,HIDDEN_404,"noindex,nofollow",/products/mirafit-olympic-barbell,,no,1,vertical_hold:fitness:selective
/products/mirafit-wall-pull-up-bar,Product,fitness|calisthenics,published,BLOCKED,HIDDEN_404,"noindex,nofollow",/products/mirafit-wall-pull-up-bar,,no,1,vertical_hold:fitness:selective
/products/mirafit-weighted-vest,Product,fitness|hyrox|calisthenics,published,BLOCKED,HIDDEN_404,"noindex,nofollow",/products/mirafit-weighted-vest,,no,1,vertical_hold:fitness:selective
/products/mizuno-wave-exceed-tour-5,Product,tennis|padel,published,BLOCKED,HIDDEN_404,"noindex,nofollow",/products/mizuno-wave-exceed-tour-5,,no,0,vertical_hold:tennis:disabled
/products/mizuno-wave-rebellion-pro-3,Product,running,published,LAUNCH_READY,INDEXABLE,"index,follow",/products/mizuno-wave-rebellion-pro-3,200,yes,1,decisionScore=100
/products/mizuno-wave-rider-28,Product,running,published,LAUNCH_READY,INDEXABLE,"index,follow",/products/mizuno-wave-rider-28,200,yes,2,decisionScore=100
/products/naak-ultra-energy-bar,Product,running,published,NEEDS_MINOR_WORK,PUBLIC_NOINDEX,"noindex,follow",/products/naak-ultra-energy-bar,,no,1,soft_gated_category:nutrition-fuel
/products/naak-ultra-energy-drink-mix,Product,running,published,NEEDS_MINOR_WORK,PUBLIC_NOINDEX,"noindex,follow",/products/naak-ultra-energy-drink-mix,,no,1,soft_gated_category:nutrition-fuel
/products/naked-running-band,Product,running,published,LAUNCH_READY,INDEXABLE,"index,follow",/products/naked-running-band,200,yes,3,decisionScore=100
/products/nathan-exoshot-2,Product,running,published,LAUNCH_READY,INDEXABLE,"index,follow",/products/nathan-exoshot-2,200,yes,2,decisionScore=100
/products/nathan-lightbender-rx,Product,running,published,LAUNCH_READY,INDEXABLE,"index,follow",/products/nathan-lightbender-rx,200,yes,2,decisionScore=80
/products/nathan-mirage-pak,Product,running,published,LAUNCH_READY,INDEXABLE,"index,follow",/products/nathan-mirage-pak,200,yes,1,decisionScore=100
/products/nathan-peak-hydration-waist-pack,Product,running,published,LAUNCH_READY,INDEXABLE,"index,follow",/products/nathan-peak-hydration-waist-pack,200,yes,3,decisionScore=100
/products/nathan-peak-hydration-waist-pack/alternatives,Alternatives,running,published,N/A,INDEXABLE,"index,follow",/products/nathan-peak-hydration-waist-pack/alternatives,200,yes,0,alternatives_ok
/products/nathan-pinnacle-12,Product,running,published,LAUNCH_READY,INDEXABLE,"index,follow",/products/nathan-pinnacle-12,200,yes,2,decisionScore=100
/products/nathan-softflask-18oz,Product,running,published,LAUNCH_READY,INDEXABLE,"index,follow",/products/nathan-softflask-18oz,200,yes,1,decisionScore=100
/products/nathan-speeddraw-plus-insulated-18oz,Product,running,published,LAUNCH_READY,INDEXABLE,"index,follow",/products/nathan-speeddraw-plus-insulated-18oz,200,yes,2,decisionScore=100
/products/nathan-streak-reflective-vest,Product,running,published,LAUNCH_READY,INDEXABLE,"index,follow",/products/nathan-streak-reflective-vest,200,yes,3,decisionScore=100
/products/nathan-vaporair-2,Product,running,published,LAUNCH_READY,INDEXABLE,"index,follow",/products/nathan-vaporair-2,200,yes,2,decisionScore=100
/products/nathan-vaporair-2/alternatives,Alternatives,running,published,N/A,INDEXABLE,"index,follow",/products/nathan-vaporair-2/alternatives,200,yes,0,alternatives_ok
/products/nathan-vaporair-4,Product,running,published,LAUNCH_READY,INDEXABLE,"index,follow",/products/nathan-vaporair-4,200,yes,4,decisionScore=100
/products/nathan-vaporair-4/alternatives,Alternatives,running,published,N/A,INDEXABLE,"index,follow",/products/nathan-vaporair-4/alternatives,200,yes,0,alternatives_ok
/products/nathan-zippered-stash,Product,running,published,LAUNCH_READY,INDEXABLE,"index,follow",/products/nathan-zippered-stash,200,yes,1,decisionScore=100
/products/nathan-zipster-lite,Product,running,published,LAUNCH_READY,INDEXABLE,"index,follow",/products/nathan-zipster-lite,200,yes,1,decisionScore=100
/products/nb-minimus-tr,Product,fitness,published,BLOCKED,HIDDEN_404,"noindex,nofollow",/products/nb-minimus-tr,,no,1,vertical_hold:fitness:selective
/products/nb-rc-essential-short-men,Product,running,published,NEEDS_MINOR_WORK,PUBLIC_NOINDEX,"noindex,follow",/products/nb-rc-essential-short-men,,no,1,soft_gated_category:running-clothing
/products/neversecond-c30-gel,Product,running|cycling,published,NEEDS_MINOR_WORK,PUBLIC_NOINDEX,"noindex,follow",/products/neversecond-c30-gel,,no,3,soft_gated_category:nutrition-fuel
/products/neversecond-c30-sports-drink,Product,running|cycling,published,NEEDS_MINOR_WORK,PUBLIC_NOINDEX,"noindex,follow",/products/neversecond-c30-sports-drink,,no,1,soft_gated_category:nutrition-fuel
/products/new-balance-996-v5,Product,tennis|padel,published,BLOCKED,HIDDEN_404,"noindex,nofollow",/products/new-balance-996-v5,,no,0,vertical_hold:tennis:disabled
/products/new-balance-fresh-foam-x-1080-v13,Product,running,published,LAUNCH_READY,INDEXABLE,"index,follow",/products/new-balance-fresh-foam-x-1080-v13,200,yes,1,decisionScore=100
/products/new-balance-fresh-foam-x-1080-v14,Product,running,published,LAUNCH_READY,INDEXABLE,"index,follow",/products/new-balance-fresh-foam-x-1080-v14,200,yes,3,decisionScore=100
/products/new-balance-fresh-foam-x-1080-v14/alternatives,Alternatives,running,published,N/A,INDEXABLE,"index,follow",/products/new-balance-fresh-foam-x-1080-v14/alternatives,200,yes,0,alternatives_ok
/products/new-balance-fresh-foam-x-860-v14,Product,running,published,LAUNCH_READY,INDEXABLE,"index,follow",/products/new-balance-fresh-foam-x-860-v14,200,yes,1,decisionScore=100
/products/new-balance-fresh-foam-x-hierro-v9,Product,running,published,LAUNCH_READY,INDEXABLE,"index,follow",/products/new-balance-fresh-foam-x-hierro-v9,200,yes,1,decisionScore=100
/products/new-balance-fuelcell-rebel-v4,Product,running,published,NEEDS_MINOR_WORK,PUBLIC_NOINDEX,"noindex,follow",/products/new-balance-fuelcell-rebel-v4,,no,1,decisionScore=90|missing:whatIsThis|minor_work_held
/products/new-balance-fuelcell-rebel-v5,Product,running,published,LAUNCH_READY,INDEXABLE,"index,follow",/products/new-balance-fuelcell-rebel-v5,200,yes,2,decisionScore=100
/products/new-balance-fuelcell-supercomp-elite-v4,Product,running,published,LAUNCH_READY,INDEXABLE,"index,follow",/products/new-balance-fuelcell-supercomp-elite-v4,200,yes,1,decisionScore=100
/products/new-balance-fuelcell-supercomp-trainer-v3,Product,running,published,LAUNCH_READY,INDEXABLE,"index,follow",/products/new-balance-fuelcell-supercomp-trainer-v3,200,yes,5,decisionScore=100
/products/nike-aerobill-cap,Product,running,published,NEEDS_MINOR_WORK,PUBLIC_NOINDEX,"noindex,follow",/products/nike-aerobill-cap,,no,1,soft_gated_category:running-clothing
/products/nike-aeroswift-singlet-men,Product,running,published,NEEDS_MINOR_WORK,PUBLIC_NOINDEX,"noindex,follow",/products/nike-aeroswift-singlet-men,,no,2,soft_gated_category:running-clothing
/products/nike-alphafly-3,Product,running,published,LAUNCH_READY,INDEXABLE,"index,follow",/products/nike-alphafly-3,200,yes,5,decisionScore=100
/products/nike-alphafly-3/alternatives,Alternatives,running,published,N/A,INDEXABLE,"index,follow",/products/nike-alphafly-3/alternatives,200,yes,0,alternatives_ok
/products/nike-court-air-zoom-vapor-cage-4,Product,tennis|padel,published,BLOCKED,HIDDEN_404,"noindex,nofollow",/products/nike-court-air-zoom-vapor-cage-4,,no,0,vertical_hold:tennis:disabled
/products/nike-court-lite-4,Product,tennis|padel,published,BLOCKED,HIDDEN_404,"noindex,nofollow",/products/nike-court-lite-4,,no,0,vertical_hold:tennis:disabled
/products/nike-court-vapor-pro-3,Product,tennis|padel,published,BLOCKED,HIDDEN_404,"noindex,nofollow",/products/nike-court-vapor-pro-3,,no,1,vertical_hold:tennis:disabled
/products/nike-dri-fit-miler-men,Product,running,published,NEEDS_MINOR_WORK,PUBLIC_NOINDEX,"noindex,follow",/products/nike-dri-fit-miler-men,,no,3,soft_gated_category:running-clothing
/products/nike-dri-fit-miler-women,Product,running,published,NEEDS_MINOR_WORK,PUBLIC_NOINDEX,"noindex,follow",/products/nike-dri-fit-miler-women,,no,1,soft_gated_category:running-clothing
/products/nike-dri-fit-stride-short,Product,running,published,NEEDS_MINOR_WORK,PUBLIC_NOINDEX,"noindex,follow",/products/nike-dri-fit-stride-short,,no,1,soft_gated_category:running-clothing
/products/nike-fast-tight-men,Product,running,published,NEEDS_MINOR_WORK,PUBLIC_NOINDEX,"noindex,follow",/products/nike-fast-tight-men,,no,3,soft_gated_category:running-clothing
/products/nike-free-metcon-6,Product,fitness|hyrox,published,BLOCKED,HIDDEN_404,"noindex,nofollow",/products/nike-free-metcon-6,,no,3,vertical_hold:fitness:selective
/products/nike-impossibly-light-men,Product,running,published,NEEDS_MINOR_WORK,PUBLIC_NOINDEX,"noindex,follow",/products/nike-impossibly-light-men,,no,2,soft_gated_category:running-clothing
/products/nike-invincible-3,Product,running,published,LAUNCH_READY,INDEXABLE,"index,follow",/products/nike-invincible-3,200,yes,1,decisionScore=100
/products/nike-metcon-8,Product,fitness|hyrox,published,BLOCKED,HIDDEN_404,"noindex,nofollow",/products/nike-metcon-8,,no,1,vertical_hold:fitness:selective
/products/nike-metcon-9,Product,fitness|hyrox,published,BLOCKED,HIDDEN_404,"noindex,nofollow",/products/nike-metcon-9,,no,6,vertical_hold:fitness:selective
/products/nike-pegasus-41,Product,running,published,LAUNCH_READY,INDEXABLE,"index,follow",/products/nike-pegasus-41,200,yes,1,decisionScore=100
/products/nike-pegasus-42,Product,running,published,LAUNCH_READY,INDEXABLE,"index,follow",/products/nike-pegasus-42,200,yes,5,decisionScore=100
/products/nike-pegasus-42/alternatives,Alternatives,running,published,N/A,INDEXABLE,"index,follow",/products/nike-pegasus-42/alternatives,200,yes,0,alternatives_ok
/products/nike-pegasus-trail-5,Product,running,published,LAUNCH_READY,INDEXABLE,"index,follow",/products/nike-pegasus-trail-5,200,yes,1,decisionScore=100
/products/nike-react-infinity-run-4,Product,running,published,LAUNCH_READY,INDEXABLE,"index,follow",/products/nike-react-infinity-run-4,200,yes,1,decisionScore=100
/products/nike-romaleos-4,Product,fitness,published,BLOCKED,HIDDEN_404,"noindex,nofollow",/products/nike-romaleos-4,,no,1,vertical_hold:fitness:selective
/products/nike-romaleos-5,Product,fitness,published,BLOCKED,HIDDEN_404,"noindex,nofollow",/products/nike-romaleos-5,,no,4,vertical_hold:fitness:selective
/products/nike-savaleos,Product,fitness,published,BLOCKED,HIDDEN_404,"noindex,nofollow",/products/nike-savaleos,,no,1,vertical_hold:fitness:selective
/products/nike-structure-26,Product,running,published,LAUNCH_READY,INDEXABLE,"index,follow",/products/nike-structure-26,200,yes,2,decisionScore=100
/products/nike-structure-plus,Product,running,published,LAUNCH_READY,INDEXABLE,"index,follow",/products/nike-structure-plus,200,yes,2,decisionScore=100
/products/nike-swoosh-medium-support,Product,running,published,NEEDS_MINOR_WORK,PUBLIC_NOINDEX,"noindex,follow",/products/nike-swoosh-medium-support,,no,1,soft_gated_category:running-clothing
/products/nike-therma-fit-glove,Product,running,published,NEEDS_MINOR_WORK,PUBLIC_NOINDEX,"noindex,follow",/products/nike-therma-fit-glove,,no,1,soft_gated_category:running-clothing
/products/nike-vaporfly-4,Product,running,published,LAUNCH_READY,INDEXABLE,"index,follow",/products/nike-vaporfly-4,200,yes,6,decisionScore=100
/products/nike-vaporfly-4/alternatives,Alternatives,running,published,N/A,INDEXABLE,"index,follow",/products/nike-vaporfly-4/alternatives,200,yes,0,alternatives_ok
/products/nike-vomero-18,Product,running,published,LAUNCH_READY,INDEXABLE,"index,follow",/products/nike-vomero-18,200,yes,3,decisionScore=100
/products/nitecore-nu43,Product,running,published,LAUNCH_READY,INDEXABLE,"index,follow",/products/nitecore-nu43,200,yes,2,decisionScore=100
/products/nnormal-race-vest,Product,running,published,LAUNCH_READY,INDEXABLE,"index,follow",/products/nnormal-race-vest,200,yes,1,decisionScore=100
/products/nobull-outwork,Product,fitness|hyrox,published,BLOCKED,HIDDEN_404,"noindex,nofollow",/products/nobull-outwork,,no,2,vertical_hold:fitness:selective
/products/nobull-trainer,Product,fitness|hyrox,published,BLOCKED,HIDDEN_404,"noindex,nofollow",/products/nobull-trainer,,no,3,vertical_hold:fitness:selective
/products/nobull-trainer-plus,Product,fitness|hyrox,published,BLOCKED,HIDDEN_404,"noindex,nofollow",/products/nobull-trainer-plus,,no,2,vertical_hold:fitness:selective
/products/nox-at10-genius-12k-alum-xtrem-2026,Product,padel,published,BLOCKED,HIDDEN_404,"noindex,nofollow",/products/nox-at10-genius-12k-alum-xtrem-2026,,no,4,vertical_hold:padel:disabled
/products/nox-at10-genius-18k-2026,Product,padel,published,BLOCKED,HIDDEN_404,"noindex,nofollow",/products/nox-at10-genius-18k-2026,,no,3,vertical_hold:padel:disabled
/products/nox-at10-lux,Product,padel|tennis,published,BLOCKED,HIDDEN_404,"noindex,nofollow",/products/nox-at10-lux,,no,1,vertical_hold:padel:disabled
/products/nox-at10-pro,Product,padel|tennis,published,BLOCKED,HIDDEN_404,"noindex,nofollow",/products/nox-at10-pro,,no,0,vertical_hold:padel:disabled
/products/nox-ml10-hexa,Product,padel|tennis,published,BLOCKED,HIDDEN_404,"noindex,nofollow",/products/nox-ml10-hexa,,no,1,vertical_hold:padel:disabled
/products/nox-ml10-pro-cup-2026,Product,padel,published,BLOCKED,HIDDEN_404,"noindex,nofollow",/products/nox-ml10-pro-cup-2026,,no,1,vertical_hold:padel:disabled
/products/nuobell-50,Product,fitness,published,BLOCKED,HIDDEN_404,"noindex,nofollow",/products/nuobell-50,,no,1,vertical_hold:fitness:selective
/products/nuobell-80,Product,fitness,published,BLOCKED,HIDDEN_404,"noindex,nofollow",/products/nuobell-80,,no,4,vertical_hold:fitness:selective
/products/nuun-sport,Product,running|cycling,published,NEEDS_MINOR_WORK,PUBLIC_NOINDEX,"noindex,follow",/products/nuun-sport,,no,3,soft_gated_category:nutrition-fuel
/products/oakley-encoder,Product,running|cycling,published,NEEDS_MINOR_WORK,PUBLIC_NOINDEX,"noindex,follow",/products/oakley-encoder,,no,3,soft_gated_category:sunglasses
/products/oakley-flak-2-0-xl,Product,running|cycling,published,NEEDS_MINOR_WORK,PUBLIC_NOINDEX,"noindex,follow",/products/oakley-flak-2-0-xl,,no,1,soft_gated_category:sunglasses
/products/oakley-kato,Product,running|cycling,published,NEEDS_MINOR_WORK,PUBLIC_NOINDEX,"noindex,follow",/products/oakley-kato,,no,2,soft_gated_category:sunglasses
/products/oakley-radar-ev-path,Product,running|cycling,published,NEEDS_MINOR_WORK,PUBLIC_NOINDEX,"noindex,follow",/products/oakley-radar-ev-path,,no,3,soft_gated_category:sunglasses
/products/oakley-sutro-lite,Product,running|cycling,published,NEEDS_MINOR_WORK,PUBLIC_NOINDEX,"noindex,follow",/products/oakley-sutro-lite,,no,1,soft_gated_category:sunglasses
/products/odlo-active-warm-eco-bottom-men,Product,running,published,NEEDS_MINOR_WORK,PUBLIC_NOINDEX,"noindex,follow",/products/odlo-active-warm-eco-bottom-men,,no,1,soft_gated_category:running-clothing
/products/odlo-active-warm-eco-men,Product,running,published,NEEDS_MINOR_WORK,PUBLIC_NOINDEX,"noindex,follow",/products/odlo-active-warm-eco-men,,no,2,soft_gated_category:running-clothing
/products/on-cloudmonster-2,Product,running,published,LAUNCH_READY,INDEXABLE,"index,follow",/products/on-cloudmonster-2,200,yes,2,decisionScore=100
/products/on-cloudmonster-hyper,Product,running,published,LAUNCH_READY,INDEXABLE,"index,follow",/products/on-cloudmonster-hyper,200,yes,1,decisionScore=100
/products/on-cloudsurfer-2,Product,running,published,LAUNCH_READY,INDEXABLE,"index,follow",/products/on-cloudsurfer-2,200,yes,1,decisionScore=100
/products/on-cloudsurfer-next,Product,running,published,LAUNCH_READY,INDEXABLE,"index,follow",/products/on-cloudsurfer-next,200,yes,1,decisionScore=100
/products/on-performance-short-men,Product,running,published,NEEDS_MINOR_WORK,PUBLIC_NOINDEX,"noindex,follow",/products/on-performance-short-men,,no,1,soft_gated_category:running-clothing
/products/on-performance-tight-women,Product,running,published,NEEDS_MINOR_WORK,PUBLIC_NOINDEX,"noindex,follow",/products/on-performance-tight-women,,no,1,soft_gated_category:running-clothing
/products/on-ultra-vest-pro,Product,running,published,LAUNCH_READY,INDEXABLE,"index,follow",/products/on-ultra-vest-pro,200,yes,2,decisionScore=100
/products/on-weather-jacket-men,Product,running,published,NEEDS_MINOR_WORK,PUBLIC_NOINDEX,"noindex,follow",/products/on-weather-jacket-men,,no,2,soft_gated_category:running-clothing
/products/oofos-oolala,Product,running|recovery,published,LAUNCH_READY,INDEXABLE,"index,follow",/products/oofos-oolala,200,yes,1,decisionScore=100
/products/oofos-ooriginal,Product,running|recovery,published,LAUNCH_READY,INDEXABLE,"index,follow",/products/oofos-ooriginal,200,yes,3,decisionScore=100
/products/osprey-duro-15,Product,running,published,LAUNCH_READY,INDEXABLE,"index,follow",/products/osprey-duro-15,200,yes,4,decisionScore=100
/products/osprey-duro-6,Product,running,published,LAUNCH_READY,INDEXABLE,"index,follow",/products/osprey-duro-6,200,yes,3,decisionScore=100
/products/osprey-duro-6/alternatives,Alternatives,running,published,N/A,INDEXABLE,"index,follow",/products/osprey-duro-6/alternatives,200,yes,0,alternatives_ok
/products/osprey-duro-lt,Product,running,published,LAUNCH_READY,INDEXABLE,"index,follow",/products/osprey-duro-lt,200,yes,3,decisionScore=100
/products/osprey-duro-lt/alternatives,Alternatives,running,published,N/A,INDEXABLE,"index,follow",/products/osprey-duro-lt/alternatives,200,yes,0,alternatives_ok
/products/osprey-dyna-6,Product,running,published,LAUNCH_READY,INDEXABLE,"index,follow",/products/osprey-dyna-6,200,yes,2,decisionScore=100
/products/osprey-dyna-lt,Product,running,published,LAUNCH_READY,INDEXABLE,"index,follow",/products/osprey-dyna-lt,200,yes,1,decisionScore=100
/products/osprey-hydraulics-lt-15,Product,running,published,LAUNCH_READY,INDEXABLE,"index,follow",/products/osprey-hydraulics-lt-15,200,yes,1,decisionScore=100
/products/osprey-talon-velocity-20,Product,running,published,LAUNCH_READY,INDEXABLE,"index,follow",/products/osprey-talon-velocity-20,200,yes,3,decisionScore=100
/products/osprey-talon-velocity-20/alternatives,Alternatives,running,published,N/A,INDEXABLE,"index,follow",/products/osprey-talon-velocity-20/alternatives,200,yes,0,alternatives_ok
/products/osprey-talon-velocity-30,Product,running,published,LAUNCH_READY,INDEXABLE,"index,follow",/products/osprey-talon-velocity-30,200,yes,2,decisionScore=100
/products/osprey-tempest-velocity-20,Product,running,published,LAUNCH_READY,INDEXABLE,"index,follow",/products/osprey-tempest-velocity-20,200,yes,1,decisionScore=100
/products/oxdog-hyper-court,Product,padel|tennis,published,BLOCKED,HIDDEN_404,"noindex,nofollow",/products/oxdog-hyper-court,,no,0,vertical_hold:padel:disabled
/products/oxdog-sense-pro,Product,padel,published,BLOCKED,HIDDEN_404,"noindex,nofollow",/products/oxdog-sense-pro,,no,1,vertical_hold:padel:disabled
/products/patagonia-capilene-cool-daily-men,Product,running,published,NEEDS_MINOR_WORK,PUBLIC_NOINDEX,"noindex,follow",/products/patagonia-capilene-cool-daily-men,,no,3,soft_gated_category:running-clothing
/products/patagonia-capilene-midweight-zip-men,Product,running,published,NEEDS_MINOR_WORK,PUBLIC_NOINDEX,"noindex,follow",/products/patagonia-capilene-midweight-zip-men,,no,2,soft_gated_category:running-clothing
/products/patagonia-capilene-thermal-crew-men,Product,running,published,NEEDS_MINOR_WORK,PUBLIC_NOINDEX,"noindex,follow",/products/patagonia-capilene-thermal-crew-men,,no,1,soft_gated_category:running-clothing
/products/patagonia-endless-run-tight-women,Product,running,published,NEEDS_MINOR_WORK,PUBLIC_NOINDEX,"noindex,follow",/products/patagonia-endless-run-tight-women,,no,2,soft_gated_category:running-clothing
/products/patagonia-houdini-men,Product,running,published,NEEDS_MINOR_WORK,PUBLIC_NOINDEX,"noindex,follow",/products/patagonia-houdini-men,,no,7,soft_gated_category:running-clothing
/products/patagonia-nano-puff-vest-men,Product,running,published,NEEDS_MINOR_WORK,PUBLIC_NOINDEX,"noindex,follow",/products/patagonia-nano-puff-vest-men,,no,2,soft_gated_category:running-clothing
/products/patagonia-strider-pro-men,Product,running,published,NEEDS_MINOR_WORK,PUBLIC_NOINDEX,"noindex,follow",/products/patagonia-strider-pro-men,,no,3,soft_gated_category:running-clothing
/products/patagonia-trailfarer-short-women,Product,running,published,NEEDS_MINOR_WORK,PUBLIC_NOINDEX,"noindex,follow",/products/patagonia-trailfarer-short-women,,no,1,soft_gated_category:running-clothing
/products/petzl-actik-core,Product,running,published,LAUNCH_READY,INDEXABLE,"index,follow",/products/petzl-actik-core,200,yes,3,decisionScore=100
/products/petzl-nao-rl,Product,running,published,LAUNCH_READY,INDEXABLE,"index,follow",/products/petzl-nao-rl,200,yes,3,decisionScore=100
/products/petzl-swift-rl,Product,running,published,LAUNCH_READY,INDEXABLE,"index,follow",/products/petzl-swift-rl,200,yes,4,decisionScore=100
/products/polar-grit-x2,Product,running|cycling,published,LAUNCH_READY,INDEXABLE,"index,follow",/products/polar-grit-x2,200,yes,3,decisionScore=100
/products/polar-grit-x2/alternatives,Alternatives,running|cycling,published,N/A,INDEXABLE,"index,follow",/products/polar-grit-x2/alternatives,200,yes,0,alternatives_ok
/products/polar-h10,Product,running|cycling|fitness|hyrox,published,LAUNCH_READY,INDEXABLE,"index,follow",/products/polar-h10,200,yes,9,decisionScore=100
/products/polar-h10/alternatives,Alternatives,running|cycling|fitness|hyrox,published,N/A,INDEXABLE,"index,follow",/products/polar-h10/alternatives,200,yes,0,alternatives_ok
/products/polar-h9,Product,running|cycling|fitness|hyrox,published,LAUNCH_READY,INDEXABLE,"index,follow",/products/polar-h9,200,yes,4,decisionScore=100
/products/polar-h9/alternatives,Alternatives,running|cycling|fitness|hyrox,published,N/A,INDEXABLE,"index,follow",/products/polar-h9/alternatives,200,yes,0,alternatives_ok
/products/polar-pacer,Product,running,published,LAUNCH_READY,INDEXABLE,"index,follow",/products/polar-pacer,200,yes,1,decisionScore=100
/products/polar-pacer-pro,Product,running,published,LAUNCH_READY,INDEXABLE,"index,follow",/products/polar-pacer-pro,200,yes,1,decisionScore=100
/products/polar-pacer/alternatives,Alternatives,running,published,N/A,INDEXABLE,"index,follow",/products/polar-pacer/alternatives,200,yes,0,alternatives_ok
/products/polar-vantage-v3,Product,running|cycling|swimming,published,LAUNCH_READY,INDEXABLE,"index,follow",/products/polar-vantage-v3,200,yes,1,decisionScore=100
/products/polar-verity-sense,Product,running|fitness|swimming|hyrox,published,LAUNCH_READY,INDEXABLE,"index,follow",/products/polar-verity-sense,200,yes,3,decisionScore=100
/products/polar-verity-sense/alternatives,Alternatives,running|fitness|swimming|hyrox,published,N/A,INDEXABLE,"index,follow",/products/polar-verity-sense/alternatives,200,yes,0,alternatives_ok
/products/powerbar-energize,Product,running|cycling,published,NEEDS_MINOR_WORK,PUBLIC_NOINDEX,"noindex,follow",/products/powerbar-energize,,no,1,soft_gated_category:nutrition-fuel
/products/powerblock-elite-exp-90,Product,fitness,published,BLOCKED,HIDDEN_404,"noindex,nofollow",/products/powerblock-elite-exp-90,,no,1,vertical_hold:fitness:selective
/products/powerblock-pro-series-100,Product,fitness,published,BLOCKED,HIDDEN_404,"noindex,nofollow",/products/powerblock-pro-series-100,,no,3,vertical_hold:fitness:selective
/products/powerblock-pro-series-50,Product,fitness,published,BLOCKED,HIDDEN_404,"noindex,nofollow",/products/powerblock-pro-series-50,,no,1,vertical_hold:fitness:selective
/products/precision-pf30-drink-mix,Product,running|cycling,published,NEEDS_MINOR_WORK,PUBLIC_NOINDEX,"noindex,follow",/products/precision-pf30-drink-mix,,no,1,soft_gated_category:nutrition-fuel
/products/precision-pf30-gel,Product,running|cycling,published,NEEDS_MINOR_WORK,PUBLIC_NOINDEX,"noindex,follow",/products/precision-pf30-gel,,no,3,soft_gated_category:nutrition-fuel
/products/precision-ph1500,Product,running|cycling,published,NEEDS_MINOR_WORK,PUBLIC_NOINDEX,"noindex,follow",/products/precision-ph1500,,no,2,soft_gated_category:nutrition-fuel
/products/prince-t22,Product,tennis|padel,published,BLOCKED,HIDDEN_404,"noindex,nofollow",/products/prince-t22,,no,0,vertical_hold:tennis:disabled
/products/prince-textreme-tour-100p,Product,tennis,published,BLOCKED,HIDDEN_404,"noindex,nofollow",/products/prince-textreme-tour-100p,,no,1,vertical_hold:tennis:disabled
/products/proviz-reflect360-running-vest,Product,running,published,LAUNCH_READY,INDEXABLE,"index,follow",/products/proviz-reflect360-running-vest,200,yes,3,decisionScore=100
/products/pullup-and-dip-doorway-bar,Product,fitness|calisthenics,published,BLOCKED,HIDDEN_404,"noindex,nofollow",/products/pullup-and-dip-doorway-bar,,no,2,vertical_hold:fitness:selective
/products/pullup-and-dip-parallettes,Product,fitness|calisthenics,published,BLOCKED,HIDDEN_404,"noindex,nofollow",/products/pullup-and-dip-parallettes,,no,1,vertical_hold:fitness:selective
/products/pullup-and-dip-wall-bar,Product,fitness|calisthenics,published,BLOCKED,HIDDEN_404,"noindex,nofollow",/products/pullup-and-dip-wall-bar,,no,2,vertical_hold:fitness:selective
/products/puma-deviate-nitro-3,Product,running,published,LAUNCH_READY,INDEXABLE,"index,follow",/products/puma-deviate-nitro-3,200,yes,2,decisionScore=100
/products/puma-fuse-3,Product,fitness|hyrox,published,BLOCKED,HIDDEN_404,"noindex,nofollow",/products/puma-fuse-3,,no,3,vertical_hold:fitness:selective
/products/puma-fuse-fasted,Product,fitness|hyrox,published,BLOCKED,HIDDEN_404,"noindex,nofollow",/products/puma-fuse-fasted,,no,2,vertical_hold:fitness:selective
/products/puma-magnify-nitro-2,Product,running,published,LAUNCH_READY,INDEXABLE,"index,follow",/products/puma-magnify-nitro-2,200,yes,1,decisionScore=100
/products/rabbit-fuel-n-fly-men,Product,running,published,NEEDS_MINOR_WORK,PUBLIC_NOINDEX,"noindex,follow",/products/rabbit-fuel-n-fly-men,,no,3,soft_gated_category:running-clothing
/products/reebok-legacy-lifter-iii,Product,fitness,published,BLOCKED,HIDDEN_404,"noindex,nofollow",/products/reebok-legacy-lifter-iii,,no,1,vertical_hold:fitness:selective
/products/reebok-lifter-pr-iii,Product,fitness,published,BLOCKED,HIDDEN_404,"noindex,nofollow",/products/reebok-lifter-pr-iii,,no,1,vertical_hold:fitness:selective
/products/reebok-nano-court,Product,fitness|hyrox,published,BLOCKED,HIDDEN_404,"noindex,nofollow",/products/reebok-nano-court,,no,1,vertical_hold:fitness:selective
/products/reebok-nano-x3,Product,fitness|hyrox,published,BLOCKED,HIDDEN_404,"noindex,nofollow",/products/reebok-nano-x3,,no,1,vertical_hold:fitness:selective
/products/reebok-nano-x4,Product,fitness|hyrox,published,BLOCKED,HIDDEN_404,"noindex,nofollow",/products/reebok-nano-x4,,no,7,vertical_hold:fitness:selective
/products/rep-ab-5000-zero-gap,Product,fitness,published,BLOCKED,HIDDEN_404,"noindex,nofollow",/products/rep-ab-5000-zero-gap,,no,2,vertical_hold:fitness:selective
/products/rep-ab-5200,Product,fitness,published,BLOCKED,HIDDEN_404,"noindex,nofollow",/products/rep-ab-5200,,no,2,vertical_hold:fitness:selective
/products/rep-apollo-athlon-rack,Product,fitness,published,BLOCKED,HIDDEN_404,"noindex,nofollow",/products/rep-apollo-athlon-rack,,no,2,vertical_hold:fitness:selective
/products/rep-black-bumper-plate-set,Product,fitness,published,BLOCKED,HIDDEN_404,"noindex,nofollow",/products/rep-black-bumper-plate-set,,no,1,vertical_hold:fitness:selective
/products/rep-bumper-plate-storage,Product,fitness,published,BLOCKED,HIDDEN_404,"noindex,nofollow",/products/rep-bumper-plate-storage,,no,1,vertical_hold:fitness:selective
/products/rep-colorado-bar,Product,fitness,published,BLOCKED,HIDDEN_404,"noindex,nofollow",/products/rep-colorado-bar,,no,1,vertical_hold:fitness:selective
/products/rep-fb-5000-flat-bench,Product,fitness,published,BLOCKED,HIDDEN_404,"noindex,nofollow",/products/rep-fb-5000-flat-bench,,no,1,vertical_hold:fitness:selective
/products/rep-fitness-kettlebell,Product,fitness|hyrox,published,BLOCKED,HIDDEN_404,"noindex,nofollow",/products/rep-fitness-kettlebell,,no,1,vertical_hold:fitness:selective
/products/rep-pr-4000,Product,fitness,published,BLOCKED,HIDDEN_404,"noindex,nofollow",/products/rep-pr-4000,,no,4,vertical_hold:fitness:selective
/products/rep-pr-5000,Product,fitness,published,BLOCKED,HIDDEN_404,"noindex,nofollow",/products/rep-pr-5000,,no,1,vertical_hold:fitness:selective
/products/rep-quickdraw-adjustable-dumbbells,Product,fitness,published,BLOCKED,HIDDEN_404,"noindex,nofollow",/products/rep-quickdraw-adjustable-dumbbells,,no,2,vertical_hold:fitness:selective
/products/rep-slam-ball,Product,fitness|hyrox,published,BLOCKED,HIDDEN_404,"noindex,nofollow",/products/rep-slam-ball,,no,1,vertical_hold:fitness:selective
/products/rogue-adjustable-bench-3-0,Product,fitness,published,BLOCKED,HIDDEN_404,"noindex,nofollow",/products/rogue-adjustable-bench-3-0,,no,2,vertical_hold:fitness:selective
/products/rogue-dog-sled,Product,fitness|hyrox,published,BLOCKED,HIDDEN_404,"noindex,nofollow",/products/rogue-dog-sled,,no,1,vertical_hold:fitness:selective
/products/rogue-echo-bike,Product,fitness|hyrox,published,BLOCKED,HIDDEN_404,"noindex,nofollow",/products/rogue-echo-bike,,no,3,vertical_hold:fitness:selective
/products/rogue-echo-bumper-plate-set,Product,fitness,published,BLOCKED,HIDDEN_404,"noindex,nofollow",/products/rogue-echo-bumper-plate-set,,no,2,vertical_hold:fitness:selective
/products/rogue-echo-kettlebell,Product,fitness|hyrox,published,BLOCKED,HIDDEN_404,"noindex,nofollow",/products/rogue-echo-kettlebell,,no,1,vertical_hold:fitness:selective
/products/rogue-flat-utility-bench,Product,fitness,published,BLOCKED,HIDDEN_404,"noindex,nofollow",/products/rogue-flat-utility-bench,,no,1,vertical_hold:fitness:selective
/products/rogue-flogging-horse-stall-mat-note,Product,fitness,published,BLOCKED,HIDDEN_404,"noindex,nofollow",/products/rogue-flogging-horse-stall-mat-note,,no,1,vertical_hold:fitness:selective
/products/rogue-kettlebell,Product,fitness|hyrox,published,BLOCKED,HIDDEN_404,"noindex,nofollow",/products/rogue-kettlebell,,no,1,vertical_hold:fitness:selective
/products/rogue-monster-lite-pull-up-bar,Product,fitness|calisthenics,published,BLOCKED,HIDDEN_404,"noindex,nofollow",/products/rogue-monster-lite-pull-up-bar,,no,2,vertical_hold:fitness:selective
/products/rogue-ohio-bar,Product,fitness,published,BLOCKED,HIDDEN_404,"noindex,nofollow",/products/rogue-ohio-bar,,no,2,vertical_hold:fitness:selective
/products/rogue-ohio-power-bar,Product,fitness,published,BLOCKED,HIDDEN_404,"noindex,nofollow",/products/rogue-ohio-power-bar,,no,1,vertical_hold:fitness:selective
/products/rogue-plate-carrier-vest,Product,fitness|hyrox|calisthenics,published,BLOCKED,HIDDEN_404,"noindex,nofollow",/products/rogue-plate-carrier-vest,,no,1,vertical_hold:fitness:selective
/products/rogue-plate-tree,Product,fitness,published,BLOCKED,HIDDEN_404,"noindex,nofollow",/products/rogue-plate-tree,,no,1,vertical_hold:fitness:selective
/products/rogue-rm-4-monster-rack,Product,fitness,published,BLOCKED,HIDDEN_404,"noindex,nofollow",/products/rogue-rm-4-monster-rack,,no,1,vertical_hold:fitness:selective
/products/rogue-rml-390f,Product,fitness,published,BLOCKED,HIDDEN_404,"noindex,nofollow",/products/rogue-rml-390f,,no,3,vertical_hold:fitness:selective
/products/rogue-sandbag,Product,fitness|hyrox,published,BLOCKED,HIDDEN_404,"noindex,nofollow",/products/rogue-sandbag,,no,1,vertical_hold:fitness:selective
/products/rogue-sm-2c-monster-lite,Product,fitness,published,BLOCKED,HIDDEN_404,"noindex,nofollow",/products/rogue-sm-2c-monster-lite,,no,2,vertical_hold:fitness:selective
/products/rogue-wall-ball,Product,fitness|hyrox,published,BLOCKED,HIDDEN_404,"noindex,nofollow",/products/rogue-wall-ball,,no,1,vertical_hold:fitness:selective
/products/rogue-wrist-wraps,Product,fitness,published,BLOCKED,HIDDEN_404,"noindex,nofollow",/products/rogue-wrist-wraps,,no,1,vertical_hold:fitness:selective
/products/roka-phantom-air,Product,running|cycling,published,NEEDS_MINOR_WORK,PUBLIC_NOINDEX,"noindex,follow",/products/roka-phantom-air,,no,2,soft_gated_category:sunglasses
/products/royal-padel-m27-poly-2026,Product,padel,published,BLOCKED,HIDDEN_404,"noindex,nofollow",/products/royal-padel-m27-poly-2026,,no,1,vertical_hold:padel:disabled
/products/rudy-project-cutline,Product,running|cycling,published,NEEDS_MINOR_WORK,PUBLIC_NOINDEX,"noindex,follow",/products/rudy-project-cutline,,no,1,soft_gated_category:sunglasses
/products/salming-race-9,Product,fitness|hyrox,published,BLOCKED,HIDDEN_404,"noindex,nofollow",/products/salming-race-9,,no,2,vertical_hold:fitness:selective
/products/salming-rebel,Product,fitness|hyrox,published,BLOCKED,HIDDEN_404,"noindex,nofollow",/products/salming-rebel,,no,2,vertical_hold:fitness:selective
/products/salomon-adv-skin-12,Product,running,published,LAUNCH_READY,INDEXABLE,"index,follow",/products/salomon-adv-skin-12,200,yes,9,decisionScore=100
/products/salomon-adv-skin-12/alternatives,Alternatives,running,published,N/A,INDEXABLE,"index,follow",/products/salomon-adv-skin-12/alternatives,200,yes,0,alternatives_ok
/products/salomon-adv-skin-5,Product,running,published,LAUNCH_READY,INDEXABLE,"index,follow",/products/salomon-adv-skin-5,200,yes,6,decisionScore=100
/products/salomon-adv-skin-5/alternatives,Alternatives,running,published,N/A,INDEXABLE,"index,follow",/products/salomon-adv-skin-5/alternatives,200,yes,0,alternatives_ok
/products/salomon-aero-glide-2,Product,running,published,LAUNCH_READY,INDEXABLE,"index,follow",/products/salomon-aero-glide-2,200,yes,1,decisionScore=100
/products/salomon-bonatti-wp-men,Product,running,published,NEEDS_MINOR_WORK,PUBLIC_NOINDEX,"noindex,follow",/products/salomon-bonatti-wp-men,,no,3,soft_gated_category:running-clothing
/products/salomon-bonatti-wp-women,Product,running,published,NEEDS_MINOR_WORK,PUBLIC_NOINDEX,"noindex,follow",/products/salomon-bonatti-wp-women,,no,2,soft_gated_category:running-clothing
/products/salomon-custom-quiver,Product,running,published,LAUNCH_READY,INDEXABLE,"index,follow",/products/salomon-custom-quiver,200,yes,1,decisionScore=100
/products/salomon-genesis,Product,running,published,LAUNCH_READY,INDEXABLE,"index,follow",/products/salomon-genesis,200,yes,1,decisionScore=100
/products/salomon-pulsar-trail-2,Product,running,published,LAUNCH_READY,INDEXABLE,"index,follow",/products/salomon-pulsar-trail-2,200,yes,2,decisionScore=100
/products/salomon-pulse-belt,Product,running,published,LAUNCH_READY,INDEXABLE,"index,follow",/products/salomon-pulse-belt,200,yes,1,decisionScore=100
/products/salomon-sense-ride-5,Product,running,published,LAUNCH_READY,INDEXABLE,"index,follow",/products/salomon-sense-ride-5,200,yes,2,decisionScore=100
/products/salomon-soft-flask-500,Product,running,published,LAUNCH_READY,INDEXABLE,"index,follow",/products/salomon-soft-flask-500,200,yes,1,decisionScore=100
/products/salomon-soft-flask-speed-500,Product,running,published,LAUNCH_READY,INDEXABLE,"index,follow",/products/salomon-soft-flask-speed-500,200,yes,1,decisionScore=100
/products/salomon-soft-reservoir-15,Product,running,published,LAUNCH_READY,INDEXABLE,"index,follow",/products/salomon-soft-reservoir-15,200,yes,1,decisionScore=100
/products/salomon-ultra-glide-2,Product,running,published,LAUNCH_READY,INDEXABLE,"index,follow",/products/salomon-ultra-glide-2,200,yes,1,decisionScore=100
/products/salomon-xa-15,Product,running,published,LAUNCH_READY,INDEXABLE,"index,follow",/products/salomon-xa-15,200,yes,3,decisionScore=100
/products/saltstick-caps,Product,running|cycling,published,NEEDS_MINOR_WORK,PUBLIC_NOINDEX,"noindex,follow",/products/saltstick-caps,,no,1,soft_gated_category:nutrition-fuel
/products/saltstick-fastchews,Product,running|cycling,published,NEEDS_MINOR_WORK,PUBLIC_NOINDEX,"noindex,follow",/products/saltstick-fastchews,,no,1,soft_gated_category:nutrition-fuel
/products/samsung-galaxy-watch-ultra,Product,running|cycling|swimming|fitness,published,LAUNCH_READY,INDEXABLE,"index,follow",/products/samsung-galaxy-watch-ultra,200,yes,1,decisionScore=100
/products/samsung-galaxy-watch-ultra/alternatives,Alternatives,running|cycling|swimming|fitness,published,N/A,INDEXABLE,"index,follow",/products/samsung-galaxy-watch-ultra/alternatives,200,yes,0,alternatives_ok
/products/saucony-endorphin-pro-3,Product,running,published,LAUNCH_READY,INDEXABLE,"index,follow",/products/saucony-endorphin-pro-3,200,yes,1,decisionScore=100
/products/saucony-endorphin-pro-4,Product,running,published,LAUNCH_READY,INDEXABLE,"index,follow",/products/saucony-endorphin-pro-4,200,yes,3,decisionScore=100
/products/saucony-endorphin-pro-4/alternatives,Alternatives,running,published,N/A,INDEXABLE,"index,follow",/products/saucony-endorphin-pro-4/alternatives,200,yes,0,alternatives_ok
/products/saucony-endorphin-speed-4,Product,running,published,LAUNCH_READY,INDEXABLE,"index,follow",/products/saucony-endorphin-speed-4,200,yes,1,decisionScore=100
/products/saucony-endorphin-speed-4/alternatives,Alternatives,running,published,N/A,INDEXABLE,"index,follow",/products/saucony-endorphin-speed-4/alternatives,200,yes,0,alternatives_ok
/products/saucony-endorphin-speed-5,Product,running,published,LAUNCH_READY,INDEXABLE,"index,follow",/products/saucony-endorphin-speed-5,200,yes,6,decisionScore=100
/products/saucony-endorphin-speed-5/alternatives,Alternatives,running,published,N/A,INDEXABLE,"index,follow",/products/saucony-endorphin-speed-5/alternatives,200,yes,0,alternatives_ok
/products/saucony-guide-18,Product,running,published,LAUNCH_READY,INDEXABLE,"index,follow",/products/saucony-guide-18,200,yes,1,decisionScore=100
/products/saucony-peregrine-15,Product,running,published,LAUNCH_READY,INDEXABLE,"index,follow",/products/saucony-peregrine-15,200,yes,3,decisionScore=100
/products/saucony-peregrine-15/alternatives,Alternatives,running,published,N/A,INDEXABLE,"index,follow",/products/saucony-peregrine-15/alternatives,200,yes,0,alternatives_ok
/products/saucony-ride-18,Product,running,published,LAUNCH_READY,INDEXABLE,"index,follow",/products/saucony-ride-18,200,yes,3,decisionScore=100
/products/saucony-ride-18/alternatives,Alternatives,running,published,N/A,INDEXABLE,"index,follow",/products/saucony-ride-18/alternatives,200,yes,0,alternatives_ok
/products/saucony-triumph-22,Product,running,published,LAUNCH_READY,INDEXABLE,"index,follow",/products/saucony-triumph-22,200,yes,2,decisionScore=100
/products/saucony-xodus-ultra-3,Product,running,published,LAUNCH_READY,INDEXABLE,"index,follow",/products/saucony-xodus-ultra-3,200,yes,1,decisionScore=100
/products/schwinn-airdyne-ad8,Product,fitness|hyrox,published,BLOCKED,HIDDEN_404,"noindex,nofollow",/products/schwinn-airdyne-ad8,,no,1,vertical_hold:fitness:selective
/products/scosche-rhythm-plus-2,Product,running|fitness|hyrox,published,LAUNCH_READY,INDEXABLE,"index,follow",/products/scosche-rhythm-plus-2,200,yes,1,decisionScore=100
/products/scosche-rhythm24,Product,running|fitness,published,LAUNCH_READY,INDEXABLE,"index,follow",/products/scosche-rhythm24,200,yes,1,decisionScore=100
/products/selkirk-ampsed-epic,Product,pickleball,published,BLOCKED,HIDDEN_404,"noindex,nofollow",/products/selkirk-ampsed-epic,,no,0,vertical_hold:sport-pickleball:disabled
/products/shokz-opendots-one,Product,running|fitness,published,LAUNCH_READY,INDEXABLE,"index,follow",/products/shokz-opendots-one,200,yes,2,decisionScore=100
/products/shokz-openfit-2,Product,running|fitness,published,LAUNCH_READY,INDEXABLE,"index,follow",/products/shokz-openfit-2,200,yes,2,decisionScore=100
/products/shokz-openrun,Product,running|cycling|fitness,published,LAUNCH_READY,INDEXABLE,"index,follow",/products/shokz-openrun,200,yes,2,decisionScore=100
/products/shokz-openrun-pro-2,Product,running|cycling|fitness,published,LAUNCH_READY,INDEXABLE,"index,follow",/products/shokz-openrun-pro-2,200,yes,4,decisionScore=100
/products/silva-trail-runner-free-2,Product,running,published,LAUNCH_READY,INDEXABLE,"index,follow",/products/silva-trail-runner-free-2,200,yes,2,decisionScore=100
/products/sis-beta-fuel-drink,Product,running|cycling,published,NEEDS_MINOR_WORK,PUBLIC_NOINDEX,"noindex,follow",/products/sis-beta-fuel-drink,,no,1,soft_gated_category:nutrition-fuel
/products/sis-beta-fuel-gel,Product,running|cycling,published,NEEDS_MINOR_WORK,PUBLIC_NOINDEX,"noindex,follow",/products/sis-beta-fuel-gel,,no,3,soft_gated_category:nutrition-fuel
/products/sis-go-isotonic-gel,Product,running|cycling,published,NEEDS_MINOR_WORK,PUBLIC_NOINDEX,"noindex,follow",/products/sis-go-isotonic-gel,,no,3,soft_gated_category:nutrition-fuel
/products/siux-diablo-revolution-2026,Product,padel,published,BLOCKED,HIDDEN_404,"noindex,nofollow",/products/siux-diablo-revolution-2026,,no,3,vertical_hold:padel:disabled
/products/skierg2-wall-mount,Product,fitness|hyrox,published,BLOCKED,HIDDEN_404,"noindex,nofollow",/products/skierg2-wall-mount,,no,1,vertical_hold:fitness:selective
/products/skratch-sport-energy-chews,Product,running|cycling,published,NEEDS_MINOR_WORK,PUBLIC_NOINDEX,"noindex,follow",/products/skratch-sport-energy-chews,,no,1,soft_gated_category:nutrition-fuel
/products/skratch-sport-hydration-mix,Product,running|cycling,published,NEEDS_MINOR_WORK,PUBLIC_NOINDEX,"noindex,follow",/products/skratch-sport-hydration-mix,,no,2,soft_gated_category:nutrition-fuel
/products/smartwool-run-targeted-cushion,Product,running,published,LAUNCH_READY,INDEXABLE,"index,follow",/products/smartwool-run-targeted-cushion,200,yes,2,decisionScore=100
/products/smartwool-thermal-merino-glove,Product,running,published,NEEDS_MINOR_WORK,PUBLIC_NOINDEX,"noindex,follow",/products/smartwool-thermal-merino-glove,,no,1,soft_gated_category:running-clothing
/products/smith-attack-mag,Product,running|cycling,published,NEEDS_MINOR_WORK,PUBLIC_NOINDEX,"noindex,follow",/products/smith-attack-mag,,no,1,soft_gated_category:sunglasses
/products/smith-shift-mag,Product,running|cycling,published,NEEDS_MINOR_WORK,PUBLIC_NOINDEX,"noindex,follow",/products/smith-shift-mag,,no,3,soft_gated_category:sunglasses
/products/sole-f80-treadmill,Product,fitness|hyrox,published,BLOCKED,HIDDEN_404,"noindex,nofollow",/products/sole-f80-treadmill,,no,3,vertical_hold:fitness:selective
/products/solinco-hyper-g,Product,tennis,published,BLOCKED,HIDDEN_404,"noindex,nofollow",/products/solinco-hyper-g,,no,0,vertical_hold:tennis:disabled
/products/soundcore-aerofit-2,Product,running|fitness,published,LAUNCH_READY,INDEXABLE,"index,follow",/products/soundcore-aerofit-2,200,yes,2,decisionScore=100
/products/soundcore-sport-x20,Product,running|fitness|hyrox,published,LAUNCH_READY,INDEXABLE,"index,follow",/products/soundcore-sport-x20,200,yes,2,decisionScore=100
/products/spibelt-original,Product,running,published,LAUNCH_READY,INDEXABLE,"index,follow",/products/spibelt-original,200,yes,2,decisionScore=100
/products/spring-energy-awesome-sauce,Product,running,published,NEEDS_MINOR_WORK,PUBLIC_NOINDEX,"noindex,follow",/products/spring-energy-awesome-sauce,,no,2,soft_gated_category:nutrition-fuel
/products/squirrels-nut-butter,Product,running|fitness,published,NEEDS_MINOR_WORK,PUBLIC_NOINDEX,"noindex,follow",/products/squirrels-nut-butter,,no,1,soft_gated_category:accessories
/products/starvie-basalto-osiris-2026,Product,padel,published,BLOCKED,HIDDEN_404,"noindex,nofollow",/products/starvie-basalto-osiris-2026,,no,1,vertical_hold:padel:disabled
/products/starvie-titania-kepler-2026,Product,padel,published,BLOCKED,HIDDEN_404,"noindex,nofollow",/products/starvie-titania-kepler-2026,,no,1,vertical_hold:padel:disabled
/products/styrkr-gel30,Product,running|cycling,published,NEEDS_MINOR_WORK,PUBLIC_NOINDEX,"noindex,follow",/products/styrkr-gel30,,no,1,soft_gated_category:nutrition-fuel
/products/styrkr-mix90,Product,running|cycling,published,NEEDS_MINOR_WORK,PUBLIC_NOINDEX,"noindex,follow",/products/styrkr-mix90,,no,1,soft_gated_category:nutrition-fuel
/products/suunto-race,Product,running|cycling,published,LAUNCH_READY,INDEXABLE,"index,follow",/products/suunto-race,200,yes,1,decisionScore=100
/products/suunto-race-s,Product,running,published,LAUNCH_READY,INDEXABLE,"index,follow",/products/suunto-race-s,200,yes,1,decisionScore=100
/products/suunto-run,Product,running,published,LAUNCH_READY,INDEXABLE,"index,follow",/products/suunto-run,200,yes,4,decisionScore=100
/products/suunto-run/alternatives,Alternatives,running,published,N/A,INDEXABLE,"index,follow",/products/suunto-run/alternatives,200,yes,0,alternatives_ok
/products/suunto-smart-heart-rate-belt,Product,running|cycling|fitness,published,LAUNCH_READY,INDEXABLE,"index,follow",/products/suunto-smart-heart-rate-belt,200,yes,1,decisionScore=100
/products/suunto-smart-heart-rate-belt/alternatives,Alternatives,running|cycling|fitness,published,N/A,INDEXABLE,"index,follow",/products/suunto-smart-heart-rate-belt/alternatives,200,yes,0,alternatives_ok
/products/suunto-vertical-2,Product,running|cycling,published,LAUNCH_READY,INDEXABLE,"index,follow",/products/suunto-vertical-2,200,yes,4,decisionScore=100
/products/suunto-vertical-2/alternatives,Alternatives,running|cycling,published,N/A,INDEXABLE,"index,follow",/products/suunto-vertical-2/alternatives,200,yes,0,alternatives_ok
/products/suunto-wing,Product,running|cycling|fitness,published,LAUNCH_READY,INDEXABLE,"index,follow",/products/suunto-wing,200,yes,2,decisionScore=100
/products/swiftwick-aspire-four,Product,running,published,LAUNCH_READY,INDEXABLE,"index,follow",/products/swiftwick-aspire-four,200,yes,2,decisionScore=100
/products/tailwind-endurance-fuel,Product,running|cycling,published,NEEDS_MINOR_WORK,PUBLIC_NOINDEX,"noindex,follow",/products/tailwind-endurance-fuel,,no,3,soft_gated_category:nutrition-fuel
/products/tecnifibre-black-code-1-28,Product,tennis,published,BLOCKED,HIDDEN_404,"noindex,nofollow",/products/tecnifibre-black-code-1-28,,no,0,vertical_hold:tennis:disabled
/products/tecnifibre-tf40-305,Product,tennis,published,BLOCKED,HIDDEN_404,"noindex,nofollow",/products/tecnifibre-tf40-305,,no,1,vertical_hold:tennis:disabled
/products/tecnifibre-tfight-300s-2025,Product,tennis,published,BLOCKED,HIDDEN_404,"noindex,nofollow",/products/tecnifibre-tfight-300s-2025,,no,1,vertical_hold:tennis:disabled
/products/tecnifibre-wall-breaker-365,Product,padel,published,BLOCKED,HIDDEN_404,"noindex,nofollow",/products/tecnifibre-wall-breaker-365,,no,1,vertical_hold:padel:disabled
/products/tecnifibre-wall-shooter,Product,padel|tennis,published,BLOCKED,HIDDEN_404,"noindex,nofollow",/products/tecnifibre-wall-shooter,,no,0,vertical_hold:padel:disabled
/products/tecnifibre-x-one-biphase,Product,tennis,published,BLOCKED,HIDDEN_404,"noindex,nofollow",/products/tecnifibre-x-one-biphase,,no,0,vertical_hold:tennis:disabled
/products/therabody-theragun-mini-2,Product,running|recovery|fitness,published,LAUNCH_READY,INDEXABLE,"index,follow",/products/therabody-theragun-mini-2,200,yes,3,decisionScore=100
/products/therabody-theragun-prime,Product,running|recovery|fitness,published,LAUNCH_READY,INDEXABLE,"index,follow",/products/therabody-theragun-prime,200,yes,3,decisionScore=100
/products/therabody-theragun-pro,Product,running|recovery|fitness,published,LAUNCH_READY,INDEXABLE,"index,follow",/products/therabody-theragun-pro,200,yes,2,decisionScore=100
/products/tifosi-rail,Product,running|cycling,published,NEEDS_MINOR_WORK,PUBLIC_NOINDEX,"noindex,follow",/products/tifosi-rail,,no,2,soft_gated_category:sunglasses
/products/tifosi-vogel,Product,running,published,NEEDS_MINOR_WORK,PUBLIC_NOINDEX,"noindex,follow",/products/tifosi-vogel,,no,1,soft_gated_category:sunglasses
/products/topo-athletic-phantom-3,Product,running,published,LAUNCH_READY,INDEXABLE,"index,follow",/products/topo-athletic-phantom-3,200,yes,1,decisionScore=100
/products/topo-athletic-specter-2,Product,running,published,LAUNCH_READY,INDEXABLE,"index,follow",/products/topo-athletic-specter-2,200,yes,1,decisionScore=100
/products/topo-athletic-terraventure-5,Product,running,published,LAUNCH_READY,INDEXABLE,"index,follow",/products/topo-athletic-terraventure-5,200,yes,1,decisionScore=100
/products/tracksmith-brighton-ls-men,Product,running,published,NEEDS_MINOR_WORK,PUBLIC_NOINDEX,"noindex,follow",/products/tracksmith-brighton-ls-men,,no,1,soft_gated_category:running-clothing
/products/tracksmith-session-short-men,Product,running,published,NEEDS_MINOR_WORK,PUBLIC_NOINDEX,"noindex,follow",/products/tracksmith-session-short-men,,no,2,soft_gated_category:running-clothing
/products/tracksmith-session-short-women,Product,running,published,NEEDS_MINOR_WORK,PUBLIC_NOINDEX,"noindex,follow",/products/tracksmith-session-short-women,,no,1,soft_gated_category:running-clothing
/products/tracksmith-turnover-tight-women,Product,running,published,NEEDS_MINOR_WORK,PUBLIC_NOINDEX,"noindex,follow",/products/tracksmith-turnover-tight-women,,no,1,soft_gated_category:running-clothing
/products/tracksmith-twilight-half-men,Product,running,published,NEEDS_MINOR_WORK,PUBLIC_NOINDEX,"noindex,follow",/products/tracksmith-twilight-half-men,,no,3,soft_gated_category:running-clothing
/products/tracksmith-van-cortlandt-tee-men,Product,running,published,NEEDS_MINOR_WORK,PUBLIC_NOINDEX,"noindex,follow",/products/tracksmith-van-cortlandt-tee-men,,no,1,soft_gated_category:running-clothing
/products/triggerpoint-grid-travel,Product,running|recovery|fitness,published,LAUNCH_READY,INDEXABLE,"index,follow",/products/triggerpoint-grid-travel,200,yes,1,decisionScore=100
/products/triggerpoint-grid-x,Product,running|recovery|fitness,published,LAUNCH_READY,INDEXABLE,"index,follow",/products/triggerpoint-grid-x,200,yes,3,decisionScore=100
/products/tyr-cxt-1,Product,fitness|hyrox,published,BLOCKED,HIDDEN_404,"noindex,nofollow",/products/tyr-cxt-1,,no,3,vertical_hold:fitness:selective
/products/tyr-cxt-2,Product,fitness|hyrox,published,BLOCKED,HIDDEN_404,"noindex,nofollow",/products/tyr-cxt-2,,no,4,vertical_hold:fitness:selective
/products/tyr-cxt1-trainer,Product,fitness|hyrox,published,BLOCKED,HIDDEN_404,"noindex,nofollow",/products/tyr-cxt1-trainer,,no,1,vertical_hold:fitness:selective
/products/ua-charged-commit-4,Product,fitness,published,BLOCKED,HIDDEN_404,"noindex,nofollow",/products/ua-charged-commit-4,,no,1,vertical_hold:fitness:selective
/products/ua-project-rock-bsr-4,Product,fitness,published,BLOCKED,HIDDEN_404,"noindex,nofollow",/products/ua-project-rock-bsr-4,,no,1,vertical_hold:fitness:selective
/products/ua-reign-lifter,Product,fitness,published,BLOCKED,HIDDEN_404,"noindex,nofollow",/products/ua-reign-lifter,,no,1,vertical_hold:fitness:selective
/products/ua-tribase-reign-6,Product,fitness,published,BLOCKED,HIDDEN_404,"noindex,nofollow",/products/ua-tribase-reign-6,,no,3,vertical_hold:fitness:selective
/products/ultimate-direction-adventure-vest,Product,running,published,LAUNCH_READY,INDEXABLE,"index,follow",/products/ultimate-direction-adventure-vest,200,yes,1,decisionScore=100
/products/ultimate-direction-body-bottle-500,Product,running,published,LAUNCH_READY,INDEXABLE,"index,follow",/products/ultimate-direction-body-bottle-500,200,yes,1,decisionScore=100
/products/ultimate-direction-fastpack-20,Product,running,published,LAUNCH_READY,INDEXABLE,"index,follow",/products/ultimate-direction-fastpack-20,200,yes,5,decisionScore=100
/products/ultimate-direction-fastpack-20/alternatives,Alternatives,running,published,N/A,INDEXABLE,"index,follow",/products/ultimate-direction-fastpack-20/alternatives,200,yes,0,alternatives_ok
/products/ultimate-direction-fastpack-30,Product,running,published,LAUNCH_READY,INDEXABLE,"index,follow",/products/ultimate-direction-fastpack-30,200,yes,2,decisionScore=100
/products/ultimate-direction-fastpack-her-20,Product,running,published,LAUNCH_READY,INDEXABLE,"index,follow",/products/ultimate-direction-fastpack-her-20,200,yes,1,decisionScore=100
/products/ultimate-direction-race-belt,Product,running,published,LAUNCH_READY,INDEXABLE,"index,follow",/products/ultimate-direction-race-belt,200,yes,3,decisionScore=100
/products/ultimate-direction-race-vest-6,Product,running,published,LAUNCH_READY,INDEXABLE,"index,follow",/products/ultimate-direction-race-vest-6,200,yes,5,decisionScore=100
/products/ultimate-direction-ultra-belt,Product,running,published,LAUNCH_READY,INDEXABLE,"index,follow",/products/ultimate-direction-ultra-belt,200,yes,1,decisionScore=100
/products/ultimate-direction-utility-bag,Product,running,published,LAUNCH_READY,INDEXABLE,"index,follow",/products/ultimate-direction-utility-bag,200,yes,1,decisionScore=100
/products/ultraspire-alpha-6,Product,running,published,LAUNCH_READY,INDEXABLE,"index,follow",/products/ultraspire-alpha-6,200,yes,1,decisionScore=100
/products/ultraspire-alpha-6/alternatives,Alternatives,running,published,N/A,INDEXABLE,"index,follow",/products/ultraspire-alpha-6/alternatives,200,yes,0,alternatives_ok
/products/ultraspire-fitted-race-belt-2,Product,running,published,LAUNCH_READY,INDEXABLE,"index,follow",/products/ultraspire-fitted-race-belt-2,200,yes,1,decisionScore=100
/products/ultraspire-spry-5,Product,running,published,LAUNCH_READY,INDEXABLE,"index,follow",/products/ultraspire-spry-5,200,yes,1,decisionScore=100
/products/uswe-pace-8,Product,running,published,LAUNCH_READY,INDEXABLE,"index,follow",/products/uswe-pace-8,200,yes,1,decisionScore=100
/products/varlion-bourne-padel,Product,padel|tennis,published,BLOCKED,HIDDEN_404,"noindex,nofollow",/products/varlion-bourne-padel,,no,0,vertical_hold:padel:disabled
/products/varlion-lw-carbon-difusor-2026,Product,padel,published,BLOCKED,HIDDEN_404,"noindex,nofollow",/products/varlion-lw-carbon-difusor-2026,,no,1,vertical_hold:padel:disabled
/products/veloforte-energy-bar,Product,running|cycling,published,NEEDS_MINOR_WORK,PUBLIC_NOINDEX,"noindex,follow",/products/veloforte-energy-bar,,no,1,soft_gated_category:nutrition-fuel
/products/veloforte-energy-chews,Product,running|cycling,published,NEEDS_MINOR_WORK,PUBLIC_NOINDEX,"noindex,follow",/products/veloforte-energy-chews,,no,1,soft_gated_category:nutrition-fuel
/products/victor-thruster-k-falcon,Product,badminton,published,BLOCKED,HIDDEN_404,"noindex,nofollow",/products/victor-thruster-k-falcon,,no,0,vertical_hold:sport-badminton:disabled
/products/vivobarefoot-primus-lite-iii,Product,fitness,published,BLOCKED,HIDDEN_404,"noindex,nofollow",/products/vivobarefoot-primus-lite-iii,,no,1,vertical_hold:fitness:selective
/products/wahoo-tickr,Product,running|cycling|fitness,published,LAUNCH_READY,INDEXABLE,"index,follow",/products/wahoo-tickr,200,yes,1,decisionScore=100
/products/wahoo-tickr-fit,Product,running|cycling|fitness|hyrox,published,LAUNCH_READY,INDEXABLE,"index,follow",/products/wahoo-tickr-fit,200,yes,2,decisionScore=100
/products/wahoo-tickr-fit/alternatives,Alternatives,running|cycling|fitness|hyrox,published,N/A,INDEXABLE,"index,follow",/products/wahoo-tickr-fit/alternatives,200,yes,0,alternatives_ok
/products/wahoo-tickr-x,Product,running|cycling|fitness,published,LAUNCH_READY,INDEXABLE,"index,follow",/products/wahoo-tickr-x,200,yes,1,decisionScore=100
/products/wahoo-trackr,Product,running|cycling|fitness|hyrox,published,LAUNCH_READY,INDEXABLE,"index,follow",/products/wahoo-trackr,200,yes,6,decisionScore=100
/products/wahoo-trackr/alternatives,Alternatives,running|cycling|fitness|hyrox,published,N/A,INDEXABLE,"index,follow",/products/wahoo-trackr/alternatives,200,yes,0,alternatives_ok
/products/waterrower-a1,Product,fitness|hyrox,published,BLOCKED,HIDDEN_404,"noindex,nofollow",/products/waterrower-a1,,no,1,vertical_hold:fitness:selective
/products/wilson-bela-pro-padel,Product,padel|tennis,published,BLOCKED,HIDDEN_404,"noindex,nofollow",/products/wilson-bela-pro-padel,,no,0,vertical_hold:padel:disabled
/products/wilson-bela-pro-v2-2026,Product,padel,published,BLOCKED,HIDDEN_404,"noindex,nofollow",/products/wilson-bela-pro-v2-2026,,no,2,vertical_hold:padel:disabled
/products/wilson-blade-100-v9,Product,tennis,published,BLOCKED,HIDDEN_404,"noindex,nofollow",/products/wilson-blade-100-v9,,no,1,vertical_hold:tennis:disabled
/products/wilson-blade-98-v8,Product,tennis,published,BLOCKED,HIDDEN_404,"noindex,nofollow",/products/wilson-blade-98-v8,,no,2,vertical_hold:tennis:disabled
/products/wilson-blade-98-v9,Product,tennis,published,BLOCKED,HIDDEN_404,"noindex,nofollow",/products/wilson-blade-98-v9,,no,3,vertical_hold:tennis:disabled
/products/wilson-blade-pro-v2-padel-2026,Product,padel,published,BLOCKED,HIDDEN_404,"noindex,nofollow",/products/wilson-blade-pro-v2-padel-2026,,no,1,vertical_hold:padel:disabled
/products/wilson-clash-100-v2,Product,tennis,published,BLOCKED,HIDDEN_404,"noindex,nofollow",/products/wilson-clash-100-v2,,no,2,vertical_hold:tennis:disabled
/products/wilson-clash-100-v3,Product,tennis,published,BLOCKED,HIDDEN_404,"noindex,nofollow",/products/wilson-clash-100-v3,,no,3,vertical_hold:tennis:disabled
/products/wilson-nxt,Product,tennis,published,BLOCKED,HIDDEN_404,"noindex,nofollow",/products/wilson-nxt,,no,0,vertical_hold:tennis:disabled
/products/wilson-padel-overgrip-pack,Product,padel,published,BLOCKED,HIDDEN_404,"noindex,nofollow",/products/wilson-padel-overgrip-pack,,no,1,vertical_hold:padel:disabled
/products/wilson-rush-pro-4-0,Product,tennis,published,BLOCKED,HIDDEN_404,"noindex,nofollow",/products/wilson-rush-pro-4-0,,no,1,vertical_hold:tennis:disabled
/products/wilson-rush-pro-5-0,Product,tennis|padel,published,BLOCKED,HIDDEN_404,"noindex,nofollow",/products/wilson-rush-pro-5-0,,no,0,vertical_hold:tennis:disabled
/products/wilson-rush-pro-5-padel,Product,padel|tennis,published,BLOCKED,HIDDEN_404,"noindex,nofollow",/products/wilson-rush-pro-5-padel,,no,1,vertical_hold:padel:disabled
/products/wilson-rush-pro-ace,Product,tennis|padel,published,BLOCKED,HIDDEN_404,"noindex,nofollow",/products/wilson-rush-pro-ace,,no,1,vertical_hold:tennis:disabled
/products/woodway-curve-trainer,Product,fitness|hyrox,published,BLOCKED,HIDDEN_404,"noindex,nofollow",/products/woodway-curve-trainer,,no,1,vertical_hold:fitness:selective
/products/wrightsock-coolmesh-ii,Product,running,published,LAUNCH_READY,INDEXABLE,"index,follow",/products/wrightsock-coolmesh-ii,200,yes,1,decisionScore=100
/products/xebex-ski-erg,Product,fitness|hyrox,published,BLOCKED,HIDDEN_404,"noindex,nofollow",/products/xebex-ski-erg,,no,1,vertical_hold:fitness:selective
/products/xero-prio,Product,fitness,published,BLOCKED,HIDDEN_404,"noindex,nofollow",/products/xero-prio,,no,1,vertical_hold:fitness:selective
/products/yonex-arcsaber-11-pro,Product,badminton,published,BLOCKED,HIDDEN_404,"noindex,nofollow",/products/yonex-arcsaber-11-pro,,no,0,vertical_hold:sport-badminton:disabled
/products/yonex-astrox-88d-pro,Product,badminton,published,BLOCKED,HIDDEN_404,"noindex,nofollow",/products/yonex-astrox-88d-pro,,no,0,vertical_hold:sport-badminton:disabled
/products/yonex-astrox-99-pro,Product,badminton,published,BLOCKED,HIDDEN_404,"noindex,nofollow",/products/yonex-astrox-99-pro,,no,0,vertical_hold:sport-badminton:disabled
/products/yonex-ezone-100-2025,Product,tennis,published,BLOCKED,HIDDEN_404,"noindex,nofollow",/products/yonex-ezone-100-2025,,no,3,vertical_hold:tennis:disabled
/products/yonex-ezone-98-2024,Product,tennis,published,BLOCKED,HIDDEN_404,"noindex,nofollow",/products/yonex-ezone-98-2024,,no,2,vertical_hold:tennis:disabled
/products/yonex-nanoflare-800-pro,Product,badminton,published,BLOCKED,HIDDEN_404,"noindex,nofollow",/products/yonex-nanoflare-800-pro,,no,0,vertical_hold:sport-badminton:disabled
/products/yonex-power-cushion-eclipsion-5,Product,tennis|padel,published,BLOCKED,HIDDEN_404,"noindex,nofollow",/products/yonex-power-cushion-eclipsion-5,,no,0,vertical_hold:tennis:disabled
/products/yonex-power-cushion-sonicage-3,Product,tennis|padel,published,BLOCKED,HIDDEN_404,"noindex,nofollow",/products/yonex-power-cushion-sonicage-3,,no,0,vertical_hold:tennis:disabled
/products/yonex-vcore-100-2023,Product,tennis,published,BLOCKED,HIDDEN_404,"noindex,nofollow",/products/yonex-vcore-100-2023,,no,2,vertical_hold:tennis:disabled
/products/yonex-vcore-98-2026,Product,tennis,published,BLOCKED,HIDDEN_404,"noindex,nofollow",/products/yonex-vcore-98-2026,,no,1,vertical_hold:tennis:disabled
/racket,Sport,racket,published,N/A,PUBLIC_NOINDEX,"noindex,follow",/racket,,no,0,vertical_hub_hold:racket:disabled
/recovery,Sport,recovery,published,BLOCKED,HIDDEN_404,"noindex,nofollow",/recovery,,no,0,sport_not_live:coming-soon
/recreation,Sport,recreation,published,BLOCKED,HIDDEN_404,"noindex,nofollow",/recreation,,no,0,sport_not_live:coming-soon
/reviews,Static,,published,N/A,INDEXABLE,"index,follow",/reviews,200,yes,2,static_trust_or_hub
/reviews/100-percent-s3,Review,running|cycling,published,DUPLICATIVE,PUBLIC_NOINDEX,"noindex,follow",/reviews/100-percent-s3,,no,1,content_uniqueness_hold|decisionScore=100|words=3923|quality_not_launch_ready
/reviews/226ers-high-energy-gel,Review,running|cycling,published,DUPLICATIVE,PUBLIC_NOINDEX,"noindex,follow",/reviews/226ers-high-energy-gel,,no,1,content_uniqueness_hold|decisionScore=100|words=4023|quality_not_launch_ready
/reviews/2toms-sportshield,Review,running|fitness,published,DUPLICATIVE,PUBLIC_NOINDEX,"noindex,follow",/reviews/2toms-sportshield,,no,1,content_uniqueness_hold|decisionScore=100|words=4015|quality_not_launch_ready
/reviews/adidas-adipower-weightlifting-2,Review,fitness,published,BLOCKED,HIDDEN_404,"noindex,nofollow",/reviews/adidas-adipower-weightlifting-2,,no,1,vertical_hold:fitness:selective
/reviews/adidas-adipower-weightlifting-3,Review,fitness,published,BLOCKED,HIDDEN_404,"noindex,nofollow",/reviews/adidas-adipower-weightlifting-3,,no,1,vertical_hold:fitness:selective
/reviews/adidas-adizero-adios-pro-4,Review,running,published,DUPLICATIVE,PUBLIC_NOINDEX,"noindex,follow",/reviews/adidas-adizero-adios-pro-4,,no,1,content_uniqueness_hold|decisionScore=100|words=3927|quality_not_launch_ready
/reviews/adidas-adizero-boston-12,Review,running|hyrox,published,LAUNCH_READY,INDEXABLE,"index,follow",/reviews/adidas-adizero-boston-12,200,yes,1,decisionScore=100|words=3896
/reviews/adidas-adizero-boston-13,Review,running,published,DUPLICATIVE,PUBLIC_NOINDEX,"noindex,follow",/reviews/adidas-adizero-boston-13,,no,1,content_uniqueness_hold|decisionScore=100|words=3964|quality_not_launch_ready
/reviews/adidas-adizero-evo-sl,Review,running,published,DUPLICATIVE,PUBLIC_NOINDEX,"noindex,follow",/reviews/adidas-adizero-evo-sl,,no,1,content_uniqueness_hold|decisionScore=100|words=3924|quality_not_launch_ready
/reviews/adidas-barricade-13,Review,tennis|padel,published,BLOCKED,HIDDEN_404,"noindex,nofollow",/reviews/adidas-barricade-13,,no,1,vertical_hold:tennis:disabled
/reviews/adidas-courtjam-control-3,Review,tennis|padel,published,BLOCKED,HIDDEN_404,"noindex,nofollow",/reviews/adidas-courtjam-control-3,,no,1,vertical_hold:tennis:disabled
/reviews/adidas-courtquick-padel-women,Review,padel|tennis,published,BLOCKED,HIDDEN_404,"noindex,nofollow",/reviews/adidas-courtquick-padel-women,,no,1,vertical_hold:padel:disabled
/reviews/adidas-courtstabil-padel,Review,padel,published,BLOCKED,HIDDEN_404,"noindex,nofollow",/reviews/adidas-courtstabil-padel,,no,1,vertical_hold:padel:disabled
/reviews/adidas-crazyquick-boost-padel,Review,padel|tennis,published,BLOCKED,HIDDEN_404,"noindex,nofollow",/reviews/adidas-crazyquick-boost-padel,,no,1,vertical_hold:padel:disabled
/reviews/adidas-crazyquick-boost-padel-women,Review,padel|tennis,published,BLOCKED,HIDDEN_404,"noindex,nofollow",/reviews/adidas-crazyquick-boost-padel-women,,no,1,vertical_hold:padel:disabled
/reviews/adidas-dropset-2,Review,fitness,published,BLOCKED,HIDDEN_404,"noindex,nofollow",/reviews/adidas-dropset-2,,no,1,vertical_hold:fitness:selective
/reviews/adidas-dropset-3,Review,fitness,published,BLOCKED,HIDDEN_404,"noindex,nofollow",/reviews/adidas-dropset-3,,no,1,vertical_hold:fitness:selective
/reviews/adidas-metalbone-2026,Review,padel,published,BLOCKED,HIDDEN_404,"noindex,nofollow",/reviews/adidas-metalbone-2026,,no,1,vertical_hold:padel:disabled
/reviews/adidas-metalbone-hrd-2026,Review,padel,published,BLOCKED,HIDDEN_404,"noindex,nofollow",/reviews/adidas-metalbone-hrd-2026,,no,1,vertical_hold:padel:disabled
/reviews/adidas-own-the-run-short-men,Review,running,published,DUPLICATIVE,PUBLIC_NOINDEX,"noindex,follow",/reviews/adidas-own-the-run-short-men,,no,1,content_uniqueness_hold|decisionScore=100|words=3986|quality_not_launch_ready
/reviews/adidas-own-the-run-tee-men,Review,running,published,DUPLICATIVE,PUBLIC_NOINDEX,"noindex,follow",/reviews/adidas-own-the-run-tee-men,,no,1,content_uniqueness_hold|decisionScore=100|words=3920|quality_not_launch_ready
/reviews/adidas-powerlift-5,Review,fitness,published,BLOCKED,HIDDEN_404,"noindex,nofollow",/reviews/adidas-powerlift-5,,no,1,vertical_hold:fitness:selective
/reviews/adidas-rapidmove-adv,Review,fitness,published,BLOCKED,HIDDEN_404,"noindex,nofollow",/reviews/adidas-rapidmove-adv,,no,1,vertical_hold:fitness:selective
/reviews/adidas-solematch-control-2,Review,tennis|padel,published,BLOCKED,HIDDEN_404,"noindex,nofollow",/reviews/adidas-solematch-control-2,,no,1,vertical_hold:tennis:disabled
/reviews/adidas-terrex-agravic-3,Review,running,published,DUPLICATIVE,PUBLIC_NOINDEX,"noindex,follow",/reviews/adidas-terrex-agravic-3,,no,1,content_uniqueness_hold|decisionScore=100|words=4004|quality_not_launch_ready
/reviews/adidas-the-total,Review,fitness,published,BLOCKED,HIDDEN_404,"noindex,nofollow",/reviews/adidas-the-total,,no,1,vertical_hold:fitness:selective
/reviews/adidas-ultraboost-5,Review,running,published,DUPLICATIVE,PUBLIC_NOINDEX,"noindex,follow",/reviews/adidas-ultraboost-5,,no,1,content_uniqueness_hold|decisionScore=100|words=3922|quality_not_launch_ready
/reviews/altra-escalante-4,Review,running,published,DUPLICATIVE,PUBLIC_NOINDEX,"noindex,follow",/reviews/altra-escalante-4,,no,1,content_uniqueness_hold|decisionScore=100|words=3991|quality_not_launch_ready
/reviews/altra-experience-flow,Review,running,published,DUPLICATIVE,PUBLIC_NOINDEX,"noindex,follow",/reviews/altra-experience-flow,,no,1,content_uniqueness_hold|decisionScore=100|words=3932|quality_not_launch_ready
/reviews/altra-lone-peak-8,Review,running,published,DUPLICATIVE,PUBLIC_NOINDEX,"noindex,follow",/reviews/altra-lone-peak-8,,no,1,content_uniqueness_hold|decisionScore=100|words=3973|quality_not_launch_ready
/reviews/altra-paradigm-7,Review,running,published,DUPLICATIVE,PUBLIC_NOINDEX,"noindex,follow",/reviews/altra-paradigm-7,,no,1,content_uniqueness_hold|decisionScore=100|words=3980|quality_not_launch_ready
/reviews/altra-torin-8,Review,running,published,DUPLICATIVE,PUBLIC_NOINDEX,"noindex,follow",/reviews/altra-torin-8,,no,1,content_uniqueness_hold|decisionScore=100|words=3918|quality_not_launch_ready
/reviews/amazfit-active-2,Review,running|fitness,published,LAUNCH_READY,INDEXABLE,"index,follow",/reviews/amazfit-active-2,200,yes,1,decisionScore=100|words=3995
/reviews/amazfit-t-rex-3-pro,Review,running|cycling,published,LAUNCH_READY,INDEXABLE,"index,follow",/reviews/amazfit-t-rex-3-pro,200,yes,1,decisionScore=100|words=3910
/reviews/amphipod-airflow-lite-belt,Review,running,published,DUPLICATIVE,PUBLIC_NOINDEX,"noindex,follow",/reviews/amphipod-airflow-lite-belt,,no,1,content_uniqueness_hold|decisionScore=100|words=3962|quality_not_launch_ready
/reviews/amphipod-hydraform-ergo-lite-handheld,Review,running,published,DUPLICATIVE,PUBLIC_NOINDEX,"noindex,follow",/reviews/amphipod-hydraform-ergo-lite-handheld,,no,1,content_uniqueness_hold|decisionScore=100|words=4051|quality_not_launch_ready
/reviews/amphipod-vizlet-led,Review,running,published,DUPLICATIVE,PUBLIC_NOINDEX,"noindex,follow",/reviews/amphipod-vizlet-led,,no,1,content_uniqueness_hold|decisionScore=100|words=3962|quality_not_launch_ready
/reviews/amphipod-xinglet,Review,running,published,DUPLICATIVE,PUBLIC_NOINDEX,"noindex,follow",/reviews/amphipod-xinglet,,no,1,content_uniqueness_hold|decisionScore=100|words=4014|quality_not_launch_ready
/reviews/amphipod-xinglet-optic-beam,Review,running,published,DUPLICATIVE,PUBLIC_NOINDEX,"noindex,follow",/reviews/amphipod-xinglet-optic-beam,,no,1,content_uniqueness_hold|decisionScore=100|words=3948|quality_not_launch_ready
/reviews/apple-airpods-4,Review,running|fitness,published,DUPLICATIVE,PUBLIC_NOINDEX,"noindex,follow",/reviews/apple-airpods-4,,no,1,content_uniqueness_hold|decisionScore=100|words=4060|quality_not_launch_ready
/reviews/apple-airpods-pro-2,Review,running|fitness,published,DUPLICATIVE,PUBLIC_NOINDEX,"noindex,follow",/reviews/apple-airpods-pro-2,,no,1,content_uniqueness_hold|decisionScore=100|words=3971|quality_not_launch_ready
/reviews/apple-watch-series-10,Review,running|fitness|swimming,published,LAUNCH_READY,INDEXABLE,"index,follow",/reviews/apple-watch-series-10,200,yes,1,decisionScore=100|words=3933
/reviews/apple-watch-ultra-2,Review,running|cycling|swimming|fitness,published,DUPLICATIVE,PUBLIC_NOINDEX,"noindex,follow",/reviews/apple-watch-ultra-2,,no,1,content_uniqueness_hold|decisionScore=100|words=3904|quality_not_launch_ready
/reviews/apple-watch-ultra-3,Review,running|cycling|swimming|fitness,published,LAUNCH_READY,INDEXABLE,"index,follow",/reviews/apple-watch-ultra-3,200,yes,1,decisionScore=100|words=3964
/reviews/asics-core-split-short,Review,running,published,DUPLICATIVE,PUBLIC_NOINDEX,"noindex,follow",/reviews/asics-core-split-short,,no,1,content_uniqueness_hold|decisionScore=100|words=3907|quality_not_launch_ready
/reviews/asics-game-ff-padel,Review,padel|tennis,published,BLOCKED,HIDDEN_404,"noindex,nofollow",/reviews/asics-game-ff-padel,,no,1,vertical_hold:padel:disabled
/reviews/asics-gel-challenger-15,Review,tennis|padel,published,BLOCKED,HIDDEN_404,"noindex,nofollow",/reviews/asics-gel-challenger-15,,no,1,vertical_hold:tennis:disabled
/reviews/asics-gel-challenger-court,Review,padel|tennis,published,BLOCKED,HIDDEN_404,"noindex,nofollow",/reviews/asics-gel-challenger-court,,no,1,vertical_hold:padel:disabled
/reviews/asics-gel-cumulus-27,Review,running,published,DUPLICATIVE,PUBLIC_NOINDEX,"noindex,follow",/reviews/asics-gel-cumulus-27,,no,1,content_uniqueness_hold|decisionScore=100|words=3888|quality_not_launch_ready
/reviews/asics-gel-dedicate-8,Review,tennis|padel,published,BLOCKED,HIDDEN_404,"noindex,nofollow",/reviews/asics-gel-dedicate-8,,no,1,vertical_hold:tennis:disabled
/reviews/asics-gel-dedicate-8-padel,Review,padel|tennis,published,BLOCKED,HIDDEN_404,"noindex,nofollow",/reviews/asics-gel-dedicate-8-padel,,no,1,vertical_hold:padel:disabled
/reviews/asics-gel-kayano-32,Review,running,published,LAUNCH_READY,INDEXABLE,"index,follow",/reviews/asics-gel-kayano-32,200,yes,1,decisionScore=100|words=3882
/reviews/asics-gel-nimbus-27,Review,running,published,DUPLICATIVE,PUBLIC_NOINDEX,"noindex,follow",/reviews/asics-gel-nimbus-27,,no,1,content_uniqueness_hold|decisionScore=100|words=3951|quality_not_launch_ready
/reviews/asics-gel-quantum-360-8,Review,fitness,published,BLOCKED,HIDDEN_404,"noindex,nofollow",/reviews/asics-gel-quantum-360-8,,no,1,vertical_hold:fitness:selective
/reviews/asics-gel-resolution-9,Review,tennis,published,BLOCKED,HIDDEN_404,"noindex,nofollow",/reviews/asics-gel-resolution-9,,no,1,vertical_hold:tennis:disabled
/reviews/asics-gel-resolution-9-clay,Review,tennis|padel,published,BLOCKED,HIDDEN_404,"noindex,nofollow",/reviews/asics-gel-resolution-9-clay,,no,1,vertical_hold:tennis:disabled
/reviews/asics-gel-resolution-padel,Review,padel|tennis,published,BLOCKED,HIDDEN_404,"noindex,nofollow",/reviews/asics-gel-resolution-padel,,no,1,vertical_hold:padel:disabled
/reviews/asics-gel-trabuco-13,Review,running,published,DUPLICATIVE,PUBLIC_NOINDEX,"noindex,follow",/reviews/asics-gel-trabuco-13,,no,1,content_uniqueness_hold|decisionScore=100|words=3976|quality_not_launch_ready
/reviews/asics-gt-1000-13,Review,running,published,DUPLICATIVE,PUBLIC_NOINDEX,"noindex,follow",/reviews/asics-gt-1000-13,,no,1,content_uniqueness_hold|decisionScore=100|words=3998|quality_not_launch_ready
/reviews/asics-gt-2000-14,Review,running,published,DUPLICATIVE,PUBLIC_NOINDEX,"noindex,follow",/reviews/asics-gt-2000-14,,no,1,content_uniqueness_hold|decisionScore=100|words=3983|quality_not_launch_ready
/reviews/asics-metaspeed-sky-paris,Review,running,published,DUPLICATIVE,PUBLIC_NOINDEX,"noindex,follow",/reviews/asics-metaspeed-sky-paris,,no,1,content_uniqueness_hold|decisionScore=100|words=3937|quality_not_launch_ready
/reviews/asics-novablast-4,Review,running,published,DUPLICATIVE,PUBLIC_NOINDEX,"noindex,follow",/reviews/asics-novablast-4,,no,1,content_uniqueness_hold|decisionScore=100|words=3910|quality_not_launch_ready
/reviews/asics-novablast-5,Review,running,published,LAUNCH_READY,INDEXABLE,"index,follow",/reviews/asics-novablast-5,200,yes,1,decisionScore=100|words=3918
/reviews/asics-novablast-6,Review,running,published,LAUNCH_READY,INDEXABLE,"index,follow",/reviews/asics-novablast-6,200,yes,1,decisionScore=100|words=3980
/reviews/asics-solution-speed-ff-3,Review,tennis|padel,published,BLOCKED,HIDDEN_404,"noindex,nofollow",/reviews/asics-solution-speed-ff-3,,no,1,vertical_hold:tennis:disabled
/reviews/asics-solution-swift-ff2-padel,Review,padel|tennis,published,BLOCKED,HIDDEN_404,"noindex,nofollow",/reviews/asics-solution-swift-ff2-padel,,no,1,vertical_hold:padel:disabled
/reviews/asics-superblast-2,Review,running,published,LAUNCH_READY,INDEXABLE,"index,follow",/reviews/asics-superblast-2,200,yes,1,decisionScore=100|words=3852
/reviews/assaultbike-classic,Review,fitness|hyrox,published,BLOCKED,HIDDEN_404,"noindex,nofollow",/reviews/assaultbike-classic,,no,1,vertical_hold:fitness:selective
/reviews/assaultbike-elite,Review,fitness|hyrox,published,BLOCKED,HIDDEN_404,"noindex,nofollow",/reviews/assaultbike-elite,,no,1,vertical_hold:fitness:selective
/reviews/assaultrunner-elite,Review,fitness|hyrox|running,published,DUPLICATIVE,PUBLIC_NOINDEX,"noindex,follow",/reviews/assaultrunner-elite,,no,1,content_uniqueness_hold|decisionScore=100|words=3905|quality_not_launch_ready
/reviews/assaultrunner-pro,Review,fitness|hyrox|running,published,DUPLICATIVE,PUBLIC_NOINDEX,"noindex,follow",/reviews/assaultrunner-pro,,no,1,content_uniqueness_hold|decisionScore=100|words=3911|quality_not_launch_ready
/reviews/atx-cast-iron-plate-set,Review,fitness,published,BLOCKED,HIDDEN_404,"noindex,nofollow",/reviews/atx-cast-iron-plate-set,,no,1,vertical_hold:fitness:selective
/reviews/atx-fid-bench,Review,fitness,published,BLOCKED,HIDDEN_404,"noindex,nofollow",/reviews/atx-fid-bench,,no,1,vertical_hold:fitness:selective
/reviews/babolat-counter-viper-2026,Review,padel,published,BLOCKED,HIDDEN_404,"noindex,nofollow",/reviews/babolat-counter-viper-2026,,no,1,vertical_hold:padel:disabled
/reviews/babolat-jet-mach-3,Review,tennis|padel,published,BLOCKED,HIDDEN_404,"noindex,nofollow",/reviews/babolat-jet-mach-3,,no,1,vertical_hold:tennis:disabled
/reviews/babolat-jet-premura,Review,padel|tennis,published,BLOCKED,HIDDEN_404,"noindex,nofollow",/reviews/babolat-jet-premura,,no,1,vertical_hold:padel:disabled
/reviews/babolat-movea-2,Review,padel|tennis,published,BLOCKED,HIDDEN_404,"noindex,nofollow",/reviews/babolat-movea-2,,no,1,vertical_hold:padel:disabled
/reviews/babolat-pure-aero-2023,Review,tennis,published,BLOCKED,HIDDEN_404,"noindex,nofollow",/reviews/babolat-pure-aero-2023,,no,1,vertical_hold:tennis:disabled
/reviews/babolat-pure-aero-2026,Review,tennis,published,BLOCKED,HIDDEN_404,"noindex,nofollow",/reviews/babolat-pure-aero-2026,,no,1,vertical_hold:tennis:disabled
/reviews/babolat-pure-drive-2025,Review,tennis,published,BLOCKED,HIDDEN_404,"noindex,nofollow",/reviews/babolat-pure-drive-2025,,no,1,vertical_hold:tennis:disabled
/reviews/babolat-pure-drive-gen11,Review,tennis,published,BLOCKED,HIDDEN_404,"noindex,nofollow",/reviews/babolat-pure-drive-gen11,,no,1,vertical_hold:tennis:disabled
/reviews/babolat-sensa-women,Review,padel|tennis,published,BLOCKED,HIDDEN_404,"noindex,nofollow",/reviews/babolat-sensa-women,,no,1,vertical_hold:padel:disabled
/reviews/babolat-technical-viper-2026,Review,padel,published,BLOCKED,HIDDEN_404,"noindex,nofollow",/reviews/babolat-technical-viper-2026,,no,1,vertical_hold:padel:disabled
/reviews/balega-blister-resist,Review,running,published,DUPLICATIVE,PUBLIC_NOINDEX,"noindex,follow",/reviews/balega-blister-resist,,no,1,content_uniqueness_hold|decisionScore=100|words=3991|quality_not_launch_ready
/reviews/balega-hidden-comfort,Review,running,published,DUPLICATIVE,PUBLIC_NOINDEX,"noindex,follow",/reviews/balega-hidden-comfort,,no,1,content_uniqueness_hold|decisionScore=100|words=3990|quality_not_launch_ready
/reviews/beats-fit-pro,Review,running|fitness,published,DUPLICATIVE,PUBLIC_NOINDEX,"noindex,follow",/reviews/beats-fit-pro,,no,1,content_uniqueness_hold|decisionScore=100|words=3939|quality_not_launch_ready
/reviews/biolite-headlamp-800-pro,Review,running,published,DUPLICATIVE,PUBLIC_NOINDEX,"noindex,follow",/reviews/biolite-headlamp-800-pro,,no,1,content_uniqueness_hold|decisionScore=100|words=4056|quality_not_launch_ready
/reviews/black-crown-special-one-soft,Review,padel,published,BLOCKED,HIDDEN_404,"noindex,nofollow",/reviews/black-crown-special-one-soft,,no,1,vertical_hold:padel:disabled
/reviews/black-diamond-distance-15,Review,running,published,DUPLICATIVE,PUBLIC_NOINDEX,"noindex,follow",/reviews/black-diamond-distance-15,,no,1,content_uniqueness_hold|decisionScore=100|words=3968|quality_not_launch_ready
/reviews/black-diamond-distance-1500,Review,running,published,DUPLICATIVE,PUBLIC_NOINDEX,"noindex,follow",/reviews/black-diamond-distance-1500,,no,1,content_uniqueness_hold|decisionScore=100|words=3954|quality_not_launch_ready
/reviews/black-diamond-distance-22,Review,running,published,DUPLICATIVE,PUBLIC_NOINDEX,"noindex,follow",/reviews/black-diamond-distance-22,,no,1,content_uniqueness_hold|decisionScore=100|words=4062|quality_not_launch_ready
/reviews/black-diamond-distance-8,Review,running,published,DUPLICATIVE,PUBLIC_NOINDEX,"noindex,follow",/reviews/black-diamond-distance-8,,no,1,content_uniqueness_hold|decisionScore=100|words=4035|quality_not_launch_ready
/reviews/black-diamond-spot-400-r,Review,running,published,DUPLICATIVE,PUBLIC_NOINDEX,"noindex,follow",/reviews/black-diamond-spot-400-r,,no,1,content_uniqueness_hold|decisionScore=100|words=3887|quality_not_launch_ready
/reviews/blackroll-ball,Review,fitness,published,BLOCKED,HIDDEN_404,"noindex,nofollow",/reviews/blackroll-ball,,no,1,vertical_hold:fitness:selective
/reviews/blackroll-duoball,Review,fitness,published,BLOCKED,HIDDEN_404,"noindex,nofollow",/reviews/blackroll-duoball,,no,1,vertical_hold:fitness:selective
/reviews/blackroll-med,Review,fitness,published,BLOCKED,HIDDEN_404,"noindex,nofollow",/reviews/blackroll-med,,no,1,vertical_hold:fitness:selective
/reviews/blackroll-pro,Review,running|recovery|fitness,published,DUPLICATIVE,PUBLIC_NOINDEX,"noindex,follow",/reviews/blackroll-pro,,no,1,content_uniqueness_hold|decisionScore=100|words=4060|quality_not_launch_ready
/reviews/blackroll-standard,Review,fitness,published,BLOCKED,HIDDEN_404,"noindex,nofollow",/reviews/blackroll-standard,,no,1,vertical_hold:fitness:selective
/reviews/body-glide-original,Review,running|fitness,published,DUPLICATIVE,PUBLIC_NOINDEX,"noindex,follow",/reviews/body-glide-original,,no,1,content_uniqueness_hold|decisionScore=100|words=3900|quality_not_launch_ready
/reviews/bose-ultra-open-earbuds,Review,running|fitness,published,DUPLICATIVE,PUBLIC_NOINDEX,"noindex,follow",/reviews/bose-ultra-open-earbuds,,no,1,content_uniqueness_hold|decisionScore=100|words=3900|quality_not_launch_ready
/reviews/bowflex-selecttech-1090,Review,fitness,published,BLOCKED,HIDDEN_404,"noindex,nofollow",/reviews/bowflex-selecttech-1090,,no,1,vertical_hold:fitness:selective
/reviews/bowflex-selecttech-552,Review,fitness,published,BLOCKED,HIDDEN_404,"noindex,nofollow",/reviews/bowflex-selecttech-552,,no,1,vertical_hold:fitness:selective
/reviews/brazyn-morph,Review,running|recovery|fitness,published,DUPLICATIVE,PUBLIC_NOINDEX,"noindex,follow",/reviews/brazyn-morph,,no,1,content_uniqueness_hold|decisionScore=100|words=3918|quality_not_launch_ready
/reviews/brooks-adrenaline-gts-25,Review,running,published,LAUNCH_READY,INDEXABLE,"index,follow",/reviews/brooks-adrenaline-gts-25,200,yes,1,decisionScore=100|words=3871
/reviews/brooks-canopy-jacket-men,Review,running,published,DUPLICATIVE,PUBLIC_NOINDEX,"noindex,follow",/reviews/brooks-canopy-jacket-men,,no,1,content_uniqueness_hold|decisionScore=100|words=3918|quality_not_launch_ready
/reviews/brooks-cascadia-18,Review,running,published,DUPLICATIVE,PUBLIC_NOINDEX,"noindex,follow",/reviews/brooks-cascadia-18,,no,1,content_uniqueness_hold|decisionScore=100|words=4007|quality_not_launch_ready
/reviews/brooks-chaser-5-women,Review,running,published,DUPLICATIVE,PUBLIC_NOINDEX,"noindex,follow",/reviews/brooks-chaser-5-women,,no,1,content_uniqueness_hold|decisionScore=100|words=4036|quality_not_launch_ready
/reviews/brooks-ghost-16,Review,running,published,DUPLICATIVE,PUBLIC_NOINDEX,"noindex,follow",/reviews/brooks-ghost-16,,no,1,content_uniqueness_hold|decisionScore=100|words=3873|quality_not_launch_ready
/reviews/brooks-ghost-18,Review,running,published,LAUNCH_READY,INDEXABLE,"index,follow",/reviews/brooks-ghost-18,200,yes,1,decisionScore=100|words=3882
/reviews/brooks-glycerin-21,Review,running,published,DUPLICATIVE,PUBLIC_NOINDEX,"noindex,follow",/reviews/brooks-glycerin-21,,no,1,content_uniqueness_hold|decisionScore=100|words=3977|quality_not_launch_ready
/reviews/brooks-glycerin-22,Review,running,published,LAUNCH_READY,INDEXABLE,"index,follow",/reviews/brooks-glycerin-22,200,yes,1,decisionScore=100|words=3904
/reviews/brooks-glycerin-gts-22,Review,running,published,DUPLICATIVE,PUBLIC_NOINDEX,"noindex,follow",/reviews/brooks-glycerin-gts-22,,no,1,content_uniqueness_hold|decisionScore=100|words=3953|quality_not_launch_ready
/reviews/brooks-hyperion-max-2,Review,running,published,DUPLICATIVE,PUBLIC_NOINDEX,"noindex,follow",/reviews/brooks-hyperion-max-2,,no,1,content_uniqueness_hold|decisionScore=100|words=3914|quality_not_launch_ready
/reviews/brooks-method-tight-women,Review,running,published,DUPLICATIVE,PUBLIC_NOINDEX,"noindex,follow",/reviews/brooks-method-tight-women,,no,1,content_uniqueness_hold|decisionScore=100|words=3897|quality_not_launch_ready
/reviews/brooks-notch-thermal-beanie,Review,running,published,DUPLICATIVE,PUBLIC_NOINDEX,"noindex,follow",/reviews/brooks-notch-thermal-beanie,,no,1,content_uniqueness_hold|decisionScore=100|words=3970|quality_not_launch_ready
/reviews/brooks-notch-thermal-men,Review,running,published,DUPLICATIVE,PUBLIC_NOINDEX,"noindex,follow",/reviews/brooks-notch-thermal-men,,no,1,content_uniqueness_hold|decisionScore=100|words=3946|quality_not_launch_ready
/reviews/brooks-sherpa-7-men,Review,running,published,DUPLICATIVE,PUBLIC_NOINDEX,"noindex,follow",/reviews/brooks-sherpa-7-men,,no,1,content_uniqueness_hold|decisionScore=100|words=3909|quality_not_launch_ready
/reviews/buff-coolnet-uv,Review,running,published,DUPLICATIVE,PUBLIC_NOINDEX,"noindex,follow",/reviews/buff-coolnet-uv,,no,1,content_uniqueness_hold|decisionScore=100|words=4016|quality_not_launch_ready
/reviews/buff-merino-lightweight,Review,running,published,DUPLICATIVE,PUBLIC_NOINDEX,"noindex,follow",/reviews/buff-merino-lightweight,,no,1,content_uniqueness_hold|decisionScore=100|words=3907|quality_not_launch_ready
/reviews/buff-original,Review,running,published,DUPLICATIVE,PUBLIC_NOINDEX,"noindex,follow",/reviews/buff-original,,no,1,content_uniqueness_hold|decisionScore=100|words=3915|quality_not_launch_ready
/reviews/buff-polar,Review,running,published,DUPLICATIVE,PUBLIC_NOINDEX,"noindex,follow",/reviews/buff-polar,,no,1,content_uniqueness_hold|decisionScore=100|words=4048|quality_not_launch_ready
/reviews/bullpadel-hack-03,Review,padel,published,BLOCKED,HIDDEN_404,"noindex,nofollow",/reviews/bullpadel-hack-03,,no,1,vertical_hold:padel:disabled
/reviews/bullpadel-hack-04-2026,Review,padel,published,BLOCKED,HIDDEN_404,"noindex,nofollow",/reviews/bullpadel-hack-04-2026,,no,1,vertical_hold:padel:disabled
/reviews/bullpadel-hybrid-fly,Review,padel|tennis,published,BLOCKED,HIDDEN_404,"noindex,nofollow",/reviews/bullpadel-hybrid-fly,,no,1,vertical_hold:padel:disabled
/reviews/bullpadel-ionic-woman,Review,padel|tennis,published,BLOCKED,HIDDEN_404,"noindex,nofollow",/reviews/bullpadel-ionic-woman,,no,1,vertical_hold:padel:disabled
/reviews/bullpadel-vertex-04,Review,padel,published,BLOCKED,HIDDEN_404,"noindex,nofollow",/reviews/bullpadel-vertex-04,,no,1,vertical_hold:padel:disabled
/reviews/bullpadel-vertex-05-2026,Review,padel,published,BLOCKED,HIDDEN_404,"noindex,nofollow",/reviews/bullpadel-vertex-05-2026,,no,1,vertical_hold:padel:disabled
/reviews/camelbak-apex-pro,Review,running,published,DUPLICATIVE,PUBLIC_NOINDEX,"noindex,follow",/reviews/camelbak-apex-pro,,no,1,content_uniqueness_hold|decisionScore=100|words=4040|quality_not_launch_ready
/reviews/camelbak-circuit-run-vest,Review,running,published,DUPLICATIVE,PUBLIC_NOINDEX,"noindex,follow",/reviews/camelbak-circuit-run-vest,,no,1,content_uniqueness_hold|decisionScore=100|words=3931|quality_not_launch_ready
/reviews/camelbak-crux-15,Review,running,published,DUPLICATIVE,PUBLIC_NOINDEX,"noindex,follow",/reviews/camelbak-crux-15,,no,1,content_uniqueness_hold|decisionScore=100|words=4058|quality_not_launch_ready
/reviews/camelbak-quick-grip-chill,Review,running,published,DUPLICATIVE,PUBLIC_NOINDEX,"noindex,follow",/reviews/camelbak-quick-grip-chill,,no,1,content_uniqueness_hold|decisionScore=100|words=4039|quality_not_launch_ready
/reviews/camelbak-zephyr,Review,running,published,DUPLICATIVE,PUBLIC_NOINDEX,"noindex,follow",/reviews/camelbak-zephyr,,no,1,content_uniqueness_hold|decisionScore=100|words=3954|quality_not_launch_ready
/reviews/camelbak-zephyr-pro,Review,running,published,DUPLICATIVE,PUBLIC_NOINDEX,"noindex,follow",/reviews/camelbak-zephyr-pro,,no,1,content_uniqueness_hold|decisionScore=100|words=4060|quality_not_launch_ready
/reviews/cep-calf-sleeves-3,Review,running|recovery,published,DUPLICATIVE,PUBLIC_NOINDEX,"noindex,follow",/reviews/cep-calf-sleeves-3,,no,1,content_uniqueness_hold|decisionScore=100|words=3916|quality_not_launch_ready
/reviews/cep-run-compression-sock-3,Review,running,published,DUPLICATIVE,PUBLIC_NOINDEX,"noindex,follow",/reviews/cep-run-compression-sock-3,,no,1,content_uniqueness_hold|decisionScore=100|words=3991|quality_not_launch_ready
/reviews/cep-the-run-calf-sleeves,Review,running|recovery,published,DUPLICATIVE,PUBLIC_NOINDEX,"noindex,follow",/reviews/cep-the-run-calf-sleeves,,no,1,content_uniqueness_hold|decisionScore=100|words=3939|quality_not_launch_ready
/reviews/ciele-gocap-athletics,Review,running,published,DUPLICATIVE,PUBLIC_NOINDEX,"noindex,follow",/reviews/ciele-gocap-athletics,,no,1,content_uniqueness_hold|decisionScore=100|words=3956|quality_not_launch_ready
/reviews/clif-bar-original,Review,running|cycling,published,DUPLICATIVE,PUBLIC_NOINDEX,"noindex,follow",/reviews/clif-bar-original,,no,1,content_uniqueness_hold|decisionScore=100|words=4027|quality_not_launch_ready
/reviews/clif-bloks-energy-chews,Review,running|cycling,published,DUPLICATIVE,PUBLIC_NOINDEX,"noindex,follow",/reviews/clif-bloks-energy-chews,,no,1,content_uniqueness_hold|decisionScore=100|words=4086|quality_not_launch_ready
/reviews/compressport-free-belt-pro,Review,running,published,DUPLICATIVE,PUBLIC_NOINDEX,"noindex,follow",/reviews/compressport-free-belt-pro,,no,1,content_uniqueness_hold|decisionScore=100|words=3951|quality_not_launch_ready
/reviews/compressport-ultrun-s-pack,Review,running,published,DUPLICATIVE,PUBLIC_NOINDEX,"noindex,follow",/reviews/compressport-ultrun-s-pack,,no,1,content_uniqueness_hold|decisionScore=100|words=4039|quality_not_launch_ready
/reviews/concept2-bikeerg,Review,fitness|hyrox,published,BLOCKED,HIDDEN_404,"noindex,nofollow",/reviews/concept2-bikeerg,,no,1,vertical_hold:fitness:selective
/reviews/concept2-rowerg,Review,fitness|hyrox,published,BLOCKED,HIDDEN_404,"noindex,nofollow",/reviews/concept2-rowerg,,no,1,vertical_hold:fitness:selective
/reviews/concept2-rowerg-dynamic,Review,fitness|hyrox,published,BLOCKED,HIDDEN_404,"noindex,nofollow",/reviews/concept2-rowerg-dynamic,,no,1,vertical_hold:fitness:selective
/reviews/concept2-skierg,Review,fitness|hyrox,published,BLOCKED,HIDDEN_404,"noindex,nofollow",/reviews/concept2-skierg,,no,1,vertical_hold:fitness:selective
/reviews/concept2-skierg-floor-stand,Review,fitness|hyrox,published,BLOCKED,HIDDEN_404,"noindex,nofollow",/reviews/concept2-skierg-floor-stand,,no,1,vertical_hold:fitness:selective
/reviews/concept2-skierg-with-stand,Review,fitness|hyrox,published,BLOCKED,HIDDEN_404,"noindex,nofollow",/reviews/concept2-skierg-with-stand,,no,1,vertical_hold:fitness:selective
/reviews/coros-apex-2-pro,Review,running|cycling,published,DUPLICATIVE,PUBLIC_NOINDEX,"noindex,follow",/reviews/coros-apex-2-pro,,no,1,content_uniqueness_hold|decisionScore=100|words=3954|quality_not_launch_ready
/reviews/coros-apex-4,Review,running|cycling,published,LAUNCH_READY,INDEXABLE,"index,follow",/reviews/coros-apex-4,200,yes,1,decisionScore=100|words=3935
/reviews/coros-heart-rate-monitor,Review,running|fitness,published,DUPLICATIVE,PUBLIC_NOINDEX,"noindex,follow",/reviews/coros-heart-rate-monitor,,no,1,content_uniqueness_hold|decisionScore=100|words=3981|quality_not_launch_ready
/reviews/coros-pace-3,Review,running,published,LAUNCH_READY,INDEXABLE,"index,follow",/reviews/coros-pace-3,200,yes,1,decisionScore=100|words=3834
/reviews/coros-pace-4,Review,running|cycling|swimming,published,LAUNCH_READY,INDEXABLE,"index,follow",/reviews/coros-pace-4,200,yes,1,decisionScore=100|words=3940
/reviews/coros-pace-pro,Review,running|cycling,published,DUPLICATIVE,PUBLIC_NOINDEX,"noindex,follow",/reviews/coros-pace-pro,,no,1,content_uniqueness_hold|decisionScore=100|words=4029|quality_not_launch_ready
/reviews/coros-vertix-2s,Review,running|cycling,published,LAUNCH_READY,INDEXABLE,"index,follow",/reviews/coros-vertix-2s,200,yes,1,decisionScore=100|words=3969
/reviews/craft-active-extreme-x-men,Review,running,published,DUPLICATIVE,PUBLIC_NOINDEX,"noindex,follow",/reviews/craft-active-extreme-x-men,,no,1,content_uniqueness_hold|decisionScore=100|words=3917|quality_not_launch_ready
/reviews/craft-adv-essence-light-wind-men,Review,running,published,DUPLICATIVE,PUBLIC_NOINDEX,"noindex,follow",/reviews/craft-adv-essence-light-wind-men,,no,1,content_uniqueness_hold|decisionScore=100|words=3983|quality_not_launch_ready
/reviews/craft-adv-essence-light-wind-vest-men,Review,running,published,DUPLICATIVE,PUBLIC_NOINDEX,"noindex,follow",/reviews/craft-adv-essence-light-wind-vest-men,,no,1,content_uniqueness_hold|decisionScore=100|words=4041|quality_not_launch_ready
/reviews/craft-adv-essence-short,Review,running,published,DUPLICATIVE,PUBLIC_NOINDEX,"noindex,follow",/reviews/craft-adv-essence-short,,no,1,content_uniqueness_hold|decisionScore=100|words=3942|quality_not_launch_ready
/reviews/craft-adv-essence-tight-men,Review,running,published,DUPLICATIVE,PUBLIC_NOINDEX,"noindex,follow",/reviews/craft-adv-essence-tight-men,,no,1,content_uniqueness_hold|decisionScore=100|words=4030|quality_not_launch_ready
/reviews/craft-adv-lumen-glove,Review,running,published,DUPLICATIVE,PUBLIC_NOINDEX,"noindex,follow",/reviews/craft-adv-lumen-glove,,no,1,content_uniqueness_hold|decisionScore=100|words=4016|quality_not_launch_ready
/reviews/darn-tough-run-1-4,Review,running,published,DUPLICATIVE,PUBLIC_NOINDEX,"noindex,follow",/reviews/darn-tough-run-1-4,,no,1,content_uniqueness_hold|decisionScore=100|words=3978|quality_not_launch_ready
/reviews/do-win-classic,Review,fitness,published,BLOCKED,HIDDEN_404,"noindex,nofollow",/reviews/do-win-classic,,no,1,vertical_hold:fitness:selective
/reviews/drop-shot-canyon-pro-2026,Review,padel,published,BLOCKED,HIDDEN_404,"noindex,nofollow",/reviews/drop-shot-canyon-pro-2026,,no,1,vertical_hold:padel:disabled
/reviews/drymax-run-lite-mesh,Review,running,published,DUPLICATIVE,PUBLIC_NOINDEX,"noindex,follow",/reviews/drymax-run-lite-mesh,,no,1,content_uniqueness_hold|decisionScore=100|words=3975|quality_not_launch_ready
/reviews/dunlop-cx-200,Review,tennis,published,BLOCKED,HIDDEN_404,"noindex,nofollow",/reviews/dunlop-cx-200,,no,1,vertical_hold:tennis:disabled
/reviews/eleiko-kettlebell,Review,fitness|hyrox,published,BLOCKED,HIDDEN_404,"noindex,nofollow",/reviews/eleiko-kettlebell,,no,1,vertical_hold:fitness:selective
/reviews/eleiko-performance-weightlifting-bar,Review,fitness,published,BLOCKED,HIDDEN_404,"noindex,nofollow",/reviews/eleiko-performance-weightlifting-bar,,no,1,vertical_hold:fitness:selective
/reviews/eleiko-sport-bumper-set,Review,fitness,published,BLOCKED,HIDDEN_404,"noindex,nofollow",/reviews/eleiko-sport-bumper-set,,no,1,vertical_hold:fitness:selective
/reviews/eleiko-sport-collars,Review,fitness,published,BLOCKED,HIDDEN_404,"noindex,nofollow",/reviews/eleiko-sport-collars,,no,1,vertical_hold:fitness:selective
/reviews/eleiko-xf-bar,Review,fitness,published,BLOCKED,HIDDEN_404,"noindex,nofollow",/reviews/eleiko-xf-bar,,no,1,vertical_hold:fitness:selective
/reviews/enervit-c2-1-carbo-gel,Review,running|cycling,published,DUPLICATIVE,PUBLIC_NOINDEX,"noindex,follow",/reviews/enervit-c2-1-carbo-gel,,no,1,content_uniqueness_hold|decisionScore=100|words=3931|quality_not_launch_ready
/reviews/feetures-elite-light-cushion,Review,running,published,LAUNCH_READY,INDEXABLE,"index,follow",/reviews/feetures-elite-light-cushion,200,yes,1,decisionScore=100|words=3917
/reviews/fitletic-fully-loaded,Review,running,published,DUPLICATIVE,PUBLIC_NOINDEX,"noindex,follow",/reviews/fitletic-fully-loaded,,no,1,content_uniqueness_hold|decisionScore=100|words=3913|quality_not_launch_ready
/reviews/flipbelt-classic,Review,running,published,DUPLICATIVE,PUBLIC_NOINDEX,"noindex,follow",/reviews/flipbelt-classic,,no,1,content_uniqueness_hold|decisionScore=100|words=3886|quality_not_launch_ready
/reviews/garmin-enduro-3,Review,running|cycling,published,LAUNCH_READY,INDEXABLE,"index,follow",/reviews/garmin-enduro-3,200,yes,1,decisionScore=100|words=3995
/reviews/garmin-epix-pro-gen-2,Review,running|cycling|swimming,published,LAUNCH_READY,INDEXABLE,"index,follow",/reviews/garmin-epix-pro-gen-2,200,yes,1,decisionScore=100|words=4021
/reviews/garmin-fenix-8,Review,running|cycling|swimming,published,LAUNCH_READY,INDEXABLE,"index,follow",/reviews/garmin-fenix-8,200,yes,1,decisionScore=100|words=3913
/reviews/garmin-forerunner-165,Review,running,published,DUPLICATIVE,PUBLIC_NOINDEX,"noindex,follow",/reviews/garmin-forerunner-165,,no,1,content_uniqueness_hold|decisionScore=100|words=3950|quality_not_launch_ready
/reviews/garmin-forerunner-255,Review,running,published,DUPLICATIVE,PUBLIC_NOINDEX,"noindex,follow",/reviews/garmin-forerunner-255,,no,1,content_uniqueness_hold|decisionScore=100|words=3912|quality_not_launch_ready
/reviews/garmin-forerunner-265,Review,running|cycling|swimming,published,DUPLICATIVE,PUBLIC_NOINDEX,"noindex,follow",/reviews/garmin-forerunner-265,,no,1,content_uniqueness_hold|decisionScore=100|words=3965|quality_not_launch_ready
/reviews/garmin-forerunner-265s,Review,running|cycling|swimming,published,LAUNCH_READY,INDEXABLE,"index,follow",/reviews/garmin-forerunner-265s,200,yes,1,decisionScore=100|words=3980
/reviews/garmin-forerunner-55,Review,running,published,DUPLICATIVE,PUBLIC_NOINDEX,"noindex,follow",/reviews/garmin-forerunner-55,,no,1,content_uniqueness_hold|decisionScore=100|words=3954|quality_not_launch_ready
/reviews/garmin-forerunner-570,Review,running|cycling|swimming,published,DUPLICATIVE,PUBLIC_NOINDEX,"noindex,follow",/reviews/garmin-forerunner-570,,no,1,content_uniqueness_hold|decisionScore=100|words=3927|quality_not_launch_ready
/reviews/garmin-forerunner-965,Review,running|cycling|swimming,published,DUPLICATIVE,PUBLIC_NOINDEX,"noindex,follow",/reviews/garmin-forerunner-965,,no,1,content_uniqueness_hold|decisionScore=100|words=3940|quality_not_launch_ready
/reviews/garmin-forerunner-970,Review,running|cycling|swimming,published,LAUNCH_READY,INDEXABLE,"index,follow",/reviews/garmin-forerunner-970,200,yes,1,decisionScore=100|words=3847
/reviews/garmin-hrm-200,Review,running|cycling|fitness|hyrox,published,DUPLICATIVE,PUBLIC_NOINDEX,"noindex,follow",/reviews/garmin-hrm-200,,no,1,content_uniqueness_hold|decisionScore=100|words=3927|quality_not_launch_ready
/reviews/garmin-hrm-600,Review,running|cycling|fitness|hyrox,published,LAUNCH_READY,INDEXABLE,"index,follow",/reviews/garmin-hrm-600,200,yes,1,decisionScore=100|words=4003
/reviews/garmin-hrm-fit,Review,running|fitness|hyrox,published,DUPLICATIVE,PUBLIC_NOINDEX,"noindex,follow",/reviews/garmin-hrm-fit,,no,1,content_uniqueness_hold|decisionScore=100|words=3969|quality_not_launch_ready
/reviews/garmin-hrm-pro-plus,Review,running|cycling|fitness,published,DUPLICATIVE,PUBLIC_NOINDEX,"noindex,follow",/reviews/garmin-hrm-pro-plus,,no,1,content_uniqueness_hold|decisionScore=100|words=3956|quality_not_launch_ready
/reviews/garmin-instinct-3,Review,running|cycling,published,LAUNCH_READY,INDEXABLE,"index,follow",/reviews/garmin-instinct-3,200,yes,1,decisionScore=100|words=3943
/reviews/garmin-vivoactive-6,Review,running|cycling|swimming|fitness,published,LAUNCH_READY,INDEXABLE,"index,follow",/reviews/garmin-vivoactive-6,200,yes,1,decisionScore=100|words=4006
/reviews/goodr-circle-gs,Review,running,published,DUPLICATIVE,PUBLIC_NOINDEX,"noindex,follow",/reviews/goodr-circle-gs,,no,1,content_uniqueness_hold|decisionScore=100|words=3913|quality_not_launch_ready
/reviews/goodr-ogs,Review,running,published,DUPLICATIVE,PUBLIC_NOINDEX,"noindex,follow",/reviews/goodr-ogs,,no,1,content_uniqueness_hold|decisionScore=100|words=3979|quality_not_launch_ready
/reviews/gornation-gymnastic-rings,Review,fitness|calisthenics,published,BLOCKED,HIDDEN_404,"noindex,nofollow",/reviews/gornation-gymnastic-rings,,no,1,vertical_hold:fitness:selective
/reviews/gornation-parallettes-pro,Review,fitness|calisthenics,published,BLOCKED,HIDDEN_404,"noindex,nofollow",/reviews/gornation-parallettes-pro,,no,1,vertical_hold:fitness:selective
/reviews/gornation-premium-pull-up-bar,Review,fitness|calisthenics,published,BLOCKED,HIDDEN_404,"noindex,nofollow",/reviews/gornation-premium-pull-up-bar,,no,1,vertical_hold:fitness:selective
/reviews/gravity-fitness-gymnastic-rings,Review,fitness|calisthenics,published,BLOCKED,HIDDEN_404,"noindex,nofollow",/reviews/gravity-fitness-gymnastic-rings,,no,1,vertical_hold:fitness:selective
/reviews/gravity-fitness-parallettes,Review,fitness|calisthenics,published,BLOCKED,HIDDEN_404,"noindex,nofollow",/reviews/gravity-fitness-parallettes,,no,1,vertical_hold:fitness:selective
/reviews/gravity-fitness-pull-up-station,Review,fitness|calisthenics,published,BLOCKED,HIDDEN_404,"noindex,nofollow",/reviews/gravity-fitness-pull-up-station,,no,1,vertical_hold:fitness:selective
/reviews/gravity-fitness-weighted-vest,Review,fitness|hyrox|calisthenics,published,BLOCKED,HIDDEN_404,"noindex,nofollow",/reviews/gravity-fitness-weighted-vest,,no,1,vertical_hold:fitness:selective
/reviews/gu-energy-chews,Review,running|cycling,published,DUPLICATIVE,PUBLIC_NOINDEX,"noindex,follow",/reviews/gu-energy-chews,,no,1,content_uniqueness_hold|decisionScore=100|words=3943|quality_not_launch_ready
/reviews/gu-energy-gel,Review,running|cycling,published,DUPLICATIVE,PUBLIC_NOINDEX,"noindex,follow",/reviews/gu-energy-gel,,no,1,content_uniqueness_hold|decisionScore=100|words=3957|quality_not_launch_ready
/reviews/gu-roctane-gel,Review,running|cycling,published,DUPLICATIVE,PUBLIC_NOINDEX,"noindex,follow",/reviews/gu-roctane-gel,,no,1,content_uniqueness_hold|decisionScore=100|words=4040|quality_not_launch_ready
/reviews/head-coello-pro-2026,Review,padel,published,BLOCKED,HIDDEN_404,"noindex,nofollow",/reviews/head-coello-pro-2026,,no,1,vertical_hold:padel:disabled
/reviews/head-extreme-motion-2026,Review,padel,published,BLOCKED,HIDDEN_404,"noindex,nofollow",/reviews/head-extreme-motion-2026,,no,1,vertical_hold:padel:disabled
/reviews/head-extreme-pro-padel-2026,Review,padel,published,BLOCKED,HIDDEN_404,"noindex,nofollow",/reviews/head-extreme-pro-padel-2026,,no,1,vertical_hold:padel:disabled
/reviews/head-padel-pro-s-balls,Review,padel,published,BLOCKED,HIDDEN_404,"noindex,nofollow",/reviews/head-padel-pro-s-balls,,no,1,vertical_hold:padel:disabled
/reviews/head-radical-mp-2023,Review,tennis,published,BLOCKED,HIDDEN_404,"noindex,nofollow",/reviews/head-radical-mp-2023,,no,1,vertical_hold:tennis:disabled
/reviews/head-revolt-pro-court,Review,padel|tennis,published,BLOCKED,HIDDEN_404,"noindex,nofollow",/reviews/head-revolt-pro-court,,no,1,vertical_hold:padel:disabled
/reviews/head-speed-mp-2024,Review,tennis,published,BLOCKED,HIDDEN_404,"noindex,nofollow",/reviews/head-speed-mp-2024,,no,1,vertical_hold:tennis:disabled
/reviews/head-speed-mp-2026,Review,tennis,published,BLOCKED,HIDDEN_404,"noindex,nofollow",/reviews/head-speed-mp-2026,,no,1,vertical_hold:tennis:disabled
/reviews/head-sprint-pro-4-padel,Review,padel|tennis,published,BLOCKED,HIDDEN_404,"noindex,nofollow",/reviews/head-sprint-pro-4-padel,,no,1,vertical_hold:padel:disabled
/reviews/high5-energy-gel,Review,running|cycling,published,DUPLICATIVE,PUBLIC_NOINDEX,"noindex,follow",/reviews/high5-energy-gel,,no,1,content_uniqueness_hold|decisionScore=100|words=4013|quality_not_launch_ready
/reviews/high5-zero,Review,running|cycling,published,DUPLICATIVE,PUBLIC_NOINDEX,"noindex,follow",/reviews/high5-zero,,no,1,content_uniqueness_hold|decisionScore=100|words=3980|quality_not_launch_ready
/reviews/hoka-arahi-7,Review,running,published,DUPLICATIVE,PUBLIC_NOINDEX,"noindex,follow",/reviews/hoka-arahi-7,,no,1,content_uniqueness_hold|decisionScore=100|words=3901|quality_not_launch_ready
/reviews/hoka-bondi-8,Review,running,published,DUPLICATIVE,PUBLIC_NOINDEX,"noindex,follow",/reviews/hoka-bondi-8,,no,1,content_uniqueness_hold|decisionScore=100|words=3892|quality_not_launch_ready
/reviews/hoka-bondi-9,Review,running,published,LAUNCH_READY,INDEXABLE,"index,follow",/reviews/hoka-bondi-9,200,yes,1,decisionScore=100|words=3861
/reviews/hoka-clifton-10,Review,running,published,LAUNCH_READY,INDEXABLE,"index,follow",/reviews/hoka-clifton-10,200,yes,1,decisionScore=100|words=3872
/reviews/hoka-clifton-9,Review,running,published,DUPLICATIVE,PUBLIC_NOINDEX,"noindex,follow",/reviews/hoka-clifton-9,,no,1,content_uniqueness_hold|decisionScore=100|words=3906|quality_not_launch_ready
/reviews/hoka-clifton-pro,Review,running,published,DUPLICATIVE,PUBLIC_NOINDEX,"noindex,follow",/reviews/hoka-clifton-pro,,no,1,content_uniqueness_hold|decisionScore=100|words=3926|quality_not_launch_ready
/reviews/hoka-gaviota-5,Review,running,published,DUPLICATIVE,PUBLIC_NOINDEX,"noindex,follow",/reviews/hoka-gaviota-5,,no,1,content_uniqueness_hold|decisionScore=100|words=3937|quality_not_launch_ready
/reviews/hoka-mach-6,Review,running,published,DUPLICATIVE,PUBLIC_NOINDEX,"noindex,follow",/reviews/hoka-mach-6,,no,1,content_uniqueness_hold|decisionScore=100|words=4009|quality_not_launch_ready
/reviews/hoka-speedgoat-6,Review,running,published,LAUNCH_READY,INDEXABLE,"index,follow",/reviews/hoka-speedgoat-6,200,yes,1,decisionScore=100|words=3840
/reviews/hoka-transport,Review,fitness,published,BLOCKED,HIDDEN_404,"noindex,nofollow",/reviews/hoka-transport,,no,1,vertical_hold:fitness:selective
/reviews/honey-stinger-organic-energy-gel,Review,running|cycling,published,DUPLICATIVE,PUBLIC_NOINDEX,"noindex,follow",/reviews/honey-stinger-organic-energy-gel,,no,1,content_uniqueness_hold|decisionScore=100|words=3969|quality_not_launch_ready
/reviews/horizon-t202-treadmill,Review,fitness|hyrox,published,BLOCKED,HIDDEN_404,"noindex,nofollow",/reviews/horizon-t202-treadmill,,no,1,vertical_hold:fitness:selective
/reviews/huma-gel-original,Review,running|cycling,published,DUPLICATIVE,PUBLIC_NOINDEX,"noindex,follow",/reviews/huma-gel-original,,no,1,content_uniqueness_hold|decisionScore=100|words=4006|quality_not_launch_ready
/reviews/hydrapak-contour-2l,Review,running,published,DUPLICATIVE,PUBLIC_NOINDEX,"noindex,follow",/reviews/hydrapak-contour-2l,,no,1,content_uniqueness_hold|decisionScore=100|words=3989|quality_not_launch_ready
/reviews/hydrapak-skyflask-speed-500,Review,running,published,DUPLICATIVE,PUBLIC_NOINDEX,"noindex,follow",/reviews/hydrapak-skyflask-speed-500,,no,1,content_uniqueness_hold|decisionScore=100|words=3968|quality_not_launch_ready
/reviews/hydrapak-softflask-250,Review,running,published,DUPLICATIVE,PUBLIC_NOINDEX,"noindex,follow",/reviews/hydrapak-softflask-250,,no,1,content_uniqueness_hold|decisionScore=100|words=4044|quality_not_launch_ready
/reviews/hydrapak-softflask-500,Review,running,published,DUPLICATIVE,PUBLIC_NOINDEX,"noindex,follow",/reviews/hydrapak-softflask-500,,no,1,content_uniqueness_hold|decisionScore=100|words=3995|quality_not_launch_ready
/reviews/hydrapak-softflask-speed-500,Review,running,published,DUPLICATIVE,PUBLIC_NOINDEX,"noindex,follow",/reviews/hydrapak-softflask-speed-500,,no,1,content_uniqueness_hold|decisionScore=100|words=4027|quality_not_launch_ready
/reviews/hydrapak-tube-kit,Review,running,published,DUPLICATIVE,PUBLIC_NOINDEX,"noindex,follow",/reviews/hydrapak-tube-kit,,no,1,content_uniqueness_hold|decisionScore=100|words=4023|quality_not_launch_ready
/reviews/hydrow-wave,Review,fitness|hyrox,published,BLOCKED,HIDDEN_404,"noindex,nofollow",/reviews/hydrow-wave,,no,1,vertical_hold:fitness:selective
/reviews/hyperice-hypervolt-2,Review,running|recovery|fitness,published,DUPLICATIVE,PUBLIC_NOINDEX,"noindex,follow",/reviews/hyperice-hypervolt-2,,no,1,content_uniqueness_hold|decisionScore=100|words=4033|quality_not_launch_ready
/reviews/hyperice-hypervolt-go-2,Review,running|recovery|fitness,published,DUPLICATIVE,PUBLIC_NOINDEX,"noindex,follow",/reviews/hyperice-hypervolt-go-2,,no,1,content_uniqueness_hold|decisionScore=100|words=3939|quality_not_launch_ready
/reviews/hyperice-normatec-3,Review,running|recovery|fitness,published,DUPLICATIVE,PUBLIC_NOINDEX,"noindex,follow",/reviews/hyperice-normatec-3,,no,1,content_uniqueness_hold|decisionScore=100|words=3950|quality_not_launch_ready
/reviews/hyperice-normatec-go,Review,running|recovery|fitness,published,DUPLICATIVE,PUBLIC_NOINDEX,"noindex,follow",/reviews/hyperice-normatec-go,,no,1,content_uniqueness_hold|decisionScore=100|words=3975|quality_not_launch_ready
/reviews/hyperice-vyper-3,Review,running|recovery|fitness,published,DUPLICATIVE,PUBLIC_NOINDEX,"noindex,follow",/reviews/hyperice-vyper-3,,no,1,content_uniqueness_hold|decisionScore=100|words=4058|quality_not_launch_ready
/reviews/injinji-run-midweight,Review,running,published,DUPLICATIVE,PUBLIC_NOINDEX,"noindex,follow",/reviews/injinji-run-midweight,,no,1,content_uniqueness_hold|decisionScore=100|words=3899|quality_not_launch_ready
/reviews/inov8-f-lite-235-v3,Review,fitness|hyrox,published,BLOCKED,HIDDEN_404,"noindex,nofollow",/reviews/inov8-f-lite-235-v3,,no,1,vertical_hold:fitness:selective
/reviews/inov8-f-lite-260,Review,fitness|hyrox,published,BLOCKED,HIDDEN_404,"noindex,nofollow",/reviews/inov8-f-lite-260,,no,1,vertical_hold:fitness:selective
/reviews/inov8-fastlift-360,Review,fitness,published,BLOCKED,HIDDEN_404,"noindex,nofollow",/reviews/inov8-fastlift-360,,no,1,vertical_hold:fitness:selective
/reviews/inov8-fastlift-400,Review,fitness,published,BLOCKED,HIDDEN_404,"noindex,nofollow",/reviews/inov8-fastlift-400,,no,1,vertical_hold:fitness:selective
/reviews/inov8-fastlift-power-g-380,Review,fitness,published,BLOCKED,HIDDEN_404,"noindex,nofollow",/reviews/inov8-fastlift-power-g-380,,no,1,vertical_hold:fitness:selective
/reviews/inov8-trailfly-ultra-g-300-max,Review,running,published,DUPLICATIVE,PUBLIC_NOINDEX,"noindex,follow",/reviews/inov8-trailfly-ultra-g-300-max,,no,1,content_uniqueness_hold|decisionScore=100|words=3921|quality_not_launch_ready
/reviews/janji-multi-short-men,Review,running,published,DUPLICATIVE,PUBLIC_NOINDEX,"noindex,follow",/reviews/janji-multi-short-men,,no,1,content_uniqueness_hold|decisionScore=100|words=4058|quality_not_launch_ready
/reviews/janji-pace-short-women,Review,running,published,DUPLICATIVE,PUBLIC_NOINDEX,"noindex,follow",/reviews/janji-pace-short-women,,no,1,content_uniqueness_hold|decisionScore=100|words=3946|quality_not_launch_ready
/reviews/janji-rainrunner-men,Review,running,published,DUPLICATIVE,PUBLIC_NOINDEX,"noindex,follow",/reviews/janji-rainrunner-men,,no,1,content_uniqueness_hold|decisionScore=100|words=4015|quality_not_launch_ready
/reviews/janji-run-tee-men,Review,running,published,DUPLICATIVE,PUBLIC_NOINDEX,"noindex,follow",/reviews/janji-run-tee-men,,no,1,content_uniqueness_hold|decisionScore=100|words=3924|quality_not_launch_ready
/reviews/joma-slam-lady,Review,padel|tennis,published,BLOCKED,HIDDEN_404,"noindex,nofollow",/reviews/joma-slam-lady,,no,1,vertical_hold:padel:disabled
/reviews/joma-spin-men,Review,padel|tennis,published,BLOCKED,HIDDEN_404,"noindex,nofollow",/reviews/joma-spin-men,,no,1,vertical_hold:padel:disabled
/reviews/joma-t-slam,Review,padel|tennis,published,BLOCKED,HIDDEN_404,"noindex,nofollow",/reviews/joma-t-slam,,no,1,vertical_hold:padel:disabled
/reviews/julbo-aerolite,Review,running,published,DUPLICATIVE,PUBLIC_NOINDEX,"noindex,follow",/reviews/julbo-aerolite,,no,1,content_uniqueness_hold|decisionScore=100|words=3933|quality_not_launch_ready
/reviews/julbo-rush,Review,running,published,DUPLICATIVE,PUBLIC_NOINDEX,"noindex,follow",/reviews/julbo-rush,,no,1,content_uniqueness_hold|decisionScore=100|words=3969|quality_not_launch_ready
/reviews/julbo-ultimate,Review,running,published,DUPLICATIVE,PUBLIC_NOINDEX,"noindex,follow",/reviews/julbo-ultimate,,no,1,content_uniqueness_hold|decisionScore=100|words=4058|quality_not_launch_ready
/reviews/k-swiss-hypercourt-express-2,Review,tennis|padel,published,BLOCKED,HIDDEN_404,"noindex,nofollow",/reviews/k-swiss-hypercourt-express-2,,no,1,vertical_hold:tennis:disabled
/reviews/k-swiss-ultrashot-3,Review,tennis|padel,published,BLOCKED,HIDDEN_404,"noindex,nofollow",/reviews/k-swiss-ultrashot-3,,no,1,vertical_hold:tennis:disabled
/reviews/kiprun-running-belt,Review,running,published,DUPLICATIVE,PUBLIC_NOINDEX,"noindex,follow",/reviews/kiprun-running-belt,,no,1,content_uniqueness_hold|decisionScore=100|words=3943|quality_not_launch_ready
/reviews/kuikma-pr-soft-500,Review,padel,published,BLOCKED,HIDDEN_404,"noindex,nofollow",/reviews/kuikma-pr-soft-500,,no,1,vertical_hold:padel:disabled
/reviews/kuikma-ps-990,Review,padel|tennis,published,BLOCKED,HIDDEN_404,"noindex,nofollow",/reviews/kuikma-ps-990,,no,1,vertical_hold:padel:disabled
/reviews/ledlenser-neo9r,Review,running,published,DUPLICATIVE,PUBLIC_NOINDEX,"noindex,follow",/reviews/ledlenser-neo9r,,no,1,content_uniqueness_hold|decisionScore=100|words=3997|quality_not_launch_ready
/reviews/lok-maxx-flow,Review,padel,published,BLOCKED,HIDDEN_404,"noindex,nofollow",/reviews/lok-maxx-flow,,no,1,vertical_hold:padel:disabled
/reviews/lululemon-strongfeel,Review,fitness,published,BLOCKED,HIDDEN_404,"noindex,nofollow",/reviews/lululemon-strongfeel,,no,1,vertical_hold:fitness:selective
/reviews/maurten-drink-mix-160,Review,running|cycling,published,DUPLICATIVE,PUBLIC_NOINDEX,"noindex,follow",/reviews/maurten-drink-mix-160,,no,1,content_uniqueness_hold|decisionScore=100|words=4042|quality_not_launch_ready
/reviews/maurten-drink-mix-320,Review,running|cycling,published,DUPLICATIVE,PUBLIC_NOINDEX,"noindex,follow",/reviews/maurten-drink-mix-320,,no,1,content_uniqueness_hold|decisionScore=100|words=4016|quality_not_launch_ready
/reviews/maurten-gel-100,Review,running|cycling,published,DUPLICATIVE,PUBLIC_NOINDEX,"noindex,follow",/reviews/maurten-gel-100,,no,1,content_uniqueness_hold|decisionScore=100|words=4052|quality_not_launch_ready
/reviews/maurten-gel-100-caf-100,Review,running|cycling,published,DUPLICATIVE,PUBLIC_NOINDEX,"noindex,follow",/reviews/maurten-gel-100-caf-100,,no,1,content_uniqueness_hold|decisionScore=100|words=4047|quality_not_launch_ready
/reviews/maurten-gel-160,Review,running|cycling,published,DUPLICATIVE,PUBLIC_NOINDEX,"noindex,follow",/reviews/maurten-gel-160,,no,1,content_uniqueness_hold|decisionScore=100|words=3967|quality_not_launch_ready
/reviews/mirafit-air-bike,Review,fitness|hyrox,published,BLOCKED,HIDDEN_404,"noindex,nofollow",/reviews/mirafit-air-bike,,no,1,vertical_hold:fitness:selective
/reviews/mirafit-battle-rope,Review,fitness|hyrox,published,BLOCKED,HIDDEN_404,"noindex,nofollow",/reviews/mirafit-battle-rope,,no,1,vertical_hold:fitness:selective
/reviews/mirafit-bumper-plate-set,Review,fitness,published,BLOCKED,HIDDEN_404,"noindex,nofollow",/reviews/mirafit-bumper-plate-set,,no,1,vertical_hold:fitness:selective
/reviews/mirafit-cast-iron-kettlebell,Review,fitness|hyrox,published,BLOCKED,HIDDEN_404,"noindex,nofollow",/reviews/mirafit-cast-iron-kettlebell,,no,1,vertical_hold:fitness:selective
/reviews/mirafit-fid-adjustable-bench,Review,fitness,published,BLOCKED,HIDDEN_404,"noindex,nofollow",/reviews/mirafit-fid-adjustable-bench,,no,1,vertical_hold:fitness:selective
/reviews/mirafit-folding-rower,Review,fitness|hyrox,published,BLOCKED,HIDDEN_404,"noindex,nofollow",/reviews/mirafit-folding-rower,,no,1,vertical_hold:fitness:selective
/reviews/mirafit-folding-treadmill,Review,fitness|hyrox|running,published,DUPLICATIVE,PUBLIC_NOINDEX,"noindex,follow",/reviews/mirafit-folding-treadmill,,no,1,content_uniqueness_hold|decisionScore=100|words=3958|quality_not_launch_ready
/reviews/mirafit-gym-mats,Review,fitness,published,BLOCKED,HIDDEN_404,"noindex,nofollow",/reviews/mirafit-gym-mats,,no,1,vertical_hold:fitness:selective
/reviews/mirafit-m3-power-rack,Review,fitness,published,BLOCKED,HIDDEN_404,"noindex,nofollow",/reviews/mirafit-m3-power-rack,,no,1,vertical_hold:fitness:selective
/reviews/mirafit-m4-cage,Review,fitness,published,BLOCKED,HIDDEN_404,"noindex,nofollow",/reviews/mirafit-m4-cage,,no,1,vertical_hold:fitness:selective
/reviews/mirafit-magnetic-rower,Review,fitness|hyrox,published,BLOCKED,HIDDEN_404,"noindex,nofollow",/reviews/mirafit-magnetic-rower,,no,1,vertical_hold:fitness:selective
/reviews/mirafit-olympic-barbell,Review,fitness,published,BLOCKED,HIDDEN_404,"noindex,nofollow",/reviews/mirafit-olympic-barbell,,no,1,vertical_hold:fitness:selective
/reviews/mirafit-wall-pull-up-bar,Review,fitness|calisthenics,published,BLOCKED,HIDDEN_404,"noindex,nofollow",/reviews/mirafit-wall-pull-up-bar,,no,1,vertical_hold:fitness:selective
/reviews/mirafit-weighted-vest,Review,fitness|hyrox|calisthenics,published,BLOCKED,HIDDEN_404,"noindex,nofollow",/reviews/mirafit-weighted-vest,,no,1,vertical_hold:fitness:selective
/reviews/mizuno-wave-rebellion-pro-3,Review,running,published,DUPLICATIVE,PUBLIC_NOINDEX,"noindex,follow",/reviews/mizuno-wave-rebellion-pro-3,,no,1,content_uniqueness_hold|decisionScore=100|words=3950|quality_not_launch_ready
/reviews/mizuno-wave-rider-28,Review,running,published,DUPLICATIVE,PUBLIC_NOINDEX,"noindex,follow",/reviews/mizuno-wave-rider-28,,no,1,content_uniqueness_hold|decisionScore=100|words=3966|quality_not_launch_ready
/reviews/naak-ultra-energy-bar,Review,running,published,DUPLICATIVE,PUBLIC_NOINDEX,"noindex,follow",/reviews/naak-ultra-energy-bar,,no,1,content_uniqueness_hold|decisionScore=100|words=4101|quality_not_launch_ready
/reviews/naak-ultra-energy-drink-mix,Review,running,published,DUPLICATIVE,PUBLIC_NOINDEX,"noindex,follow",/reviews/naak-ultra-energy-drink-mix,,no,1,content_uniqueness_hold|decisionScore=100|words=3949|quality_not_launch_ready
/reviews/naked-running-band,Review,running,published,DUPLICATIVE,PUBLIC_NOINDEX,"noindex,follow",/reviews/naked-running-band,,no,1,content_uniqueness_hold|decisionScore=100|words=3935|quality_not_launch_ready
/reviews/nathan-exoshot-2,Review,running,published,DUPLICATIVE,PUBLIC_NOINDEX,"noindex,follow",/reviews/nathan-exoshot-2,,no,1,content_uniqueness_hold|decisionScore=100|words=3996|quality_not_launch_ready
/reviews/nathan-lightbender-rx,Review,running,published,DUPLICATIVE,PUBLIC_NOINDEX,"noindex,follow",/reviews/nathan-lightbender-rx,,no,1,content_uniqueness_hold|decisionScore=100|words=3979|quality_not_launch_ready
/reviews/nathan-mirage-pak,Review,running,published,DUPLICATIVE,PUBLIC_NOINDEX,"noindex,follow",/reviews/nathan-mirage-pak,,no,1,content_uniqueness_hold|decisionScore=100|words=3938|quality_not_launch_ready
/reviews/nathan-peak-hydration-waist-pack,Review,running,published,DUPLICATIVE,PUBLIC_NOINDEX,"noindex,follow",/reviews/nathan-peak-hydration-waist-pack,,no,1,content_uniqueness_hold|decisionScore=100|words=4048|quality_not_launch_ready
/reviews/nathan-pinnacle-12,Review,running,published,DUPLICATIVE,PUBLIC_NOINDEX,"noindex,follow",/reviews/nathan-pinnacle-12,,no,1,content_uniqueness_hold|decisionScore=100|words=3992|quality_not_launch_ready
/reviews/nathan-softflask-18oz,Review,running,published,DUPLICATIVE,PUBLIC_NOINDEX,"noindex,follow",/reviews/nathan-softflask-18oz,,no,1,content_uniqueness_hold|decisionScore=100|words=4035|quality_not_launch_ready
/reviews/nathan-speeddraw-plus-insulated-18oz,Review,running,published,DUPLICATIVE,PUBLIC_NOINDEX,"noindex,follow",/reviews/nathan-speeddraw-plus-insulated-18oz,,no,1,content_uniqueness_hold|decisionScore=100|words=4046|quality_not_launch_ready
/reviews/nathan-streak-reflective-vest,Review,running,published,LAUNCH_READY,INDEXABLE,"index,follow",/reviews/nathan-streak-reflective-vest,200,yes,1,decisionScore=100|words=3965
/reviews/nathan-vaporair-2,Review,running,published,DUPLICATIVE,PUBLIC_NOINDEX,"noindex,follow",/reviews/nathan-vaporair-2,,no,1,content_uniqueness_hold|decisionScore=100|words=3897|quality_not_launch_ready
/reviews/nathan-vaporair-4,Review,running,published,DUPLICATIVE,PUBLIC_NOINDEX,"noindex,follow",/reviews/nathan-vaporair-4,,no,1,content_uniqueness_hold|decisionScore=100|words=4072|quality_not_launch_ready
/reviews/nathan-zippered-stash,Review,running,published,DUPLICATIVE,PUBLIC_NOINDEX,"noindex,follow",/reviews/nathan-zippered-stash,,no,1,content_uniqueness_hold|decisionScore=100|words=3942|quality_not_launch_ready
/reviews/nathan-zipster-lite,Review,running,published,DUPLICATIVE,PUBLIC_NOINDEX,"noindex,follow",/reviews/nathan-zipster-lite,,no,1,content_uniqueness_hold|decisionScore=100|words=3921|quality_not_launch_ready
/reviews/nb-minimus-tr,Review,fitness,published,BLOCKED,HIDDEN_404,"noindex,nofollow",/reviews/nb-minimus-tr,,no,1,vertical_hold:fitness:selective
/reviews/nb-rc-essential-short-men,Review,running,published,DUPLICATIVE,PUBLIC_NOINDEX,"noindex,follow",/reviews/nb-rc-essential-short-men,,no,1,content_uniqueness_hold|decisionScore=100|words=3976|quality_not_launch_ready
/reviews/neversecond-c30-gel,Review,running|cycling,published,DUPLICATIVE,PUBLIC_NOINDEX,"noindex,follow",/reviews/neversecond-c30-gel,,no,1,content_uniqueness_hold|decisionScore=100|words=4040|quality_not_launch_ready
/reviews/neversecond-c30-sports-drink,Review,running|cycling,published,DUPLICATIVE,PUBLIC_NOINDEX,"noindex,follow",/reviews/neversecond-c30-sports-drink,,no,1,content_uniqueness_hold|decisionScore=100|words=4047|quality_not_launch_ready
/reviews/new-balance-fresh-foam-x-1080-v13,Review,running,published,DUPLICATIVE,PUBLIC_NOINDEX,"noindex,follow",/reviews/new-balance-fresh-foam-x-1080-v13,,no,1,content_uniqueness_hold|decisionScore=100|words=3895|quality_not_launch_ready
/reviews/new-balance-fresh-foam-x-1080-v14,Review,running,published,DUPLICATIVE,PUBLIC_NOINDEX,"noindex,follow",/reviews/new-balance-fresh-foam-x-1080-v14,,no,1,content_uniqueness_hold|decisionScore=100|words=3939|quality_not_launch_ready
/reviews/new-balance-fresh-foam-x-860-v14,Review,running,published,DUPLICATIVE,PUBLIC_NOINDEX,"noindex,follow",/reviews/new-balance-fresh-foam-x-860-v14,,no,1,content_uniqueness_hold|decisionScore=100|words=3960|quality_not_launch_ready
/reviews/new-balance-fresh-foam-x-hierro-v9,Review,running,published,DUPLICATIVE,PUBLIC_NOINDEX,"noindex,follow",/reviews/new-balance-fresh-foam-x-hierro-v9,,no,1,content_uniqueness_hold|decisionScore=100|words=3914|quality_not_launch_ready
/reviews/new-balance-fuelcell-rebel-v4,Review,running,published,DUPLICATIVE,PUBLIC_NOINDEX,"noindex,follow",/reviews/new-balance-fuelcell-rebel-v4,,no,1,content_uniqueness_hold|decisionScore=100|words=3963|quality_not_launch_ready
/reviews/new-balance-fuelcell-rebel-v5,Review,running,published,DUPLICATIVE,PUBLIC_NOINDEX,"noindex,follow",/reviews/new-balance-fuelcell-rebel-v5,,no,1,content_uniqueness_hold|decisionScore=100|words=3915|quality_not_launch_ready
/reviews/new-balance-fuelcell-supercomp-elite-v4,Review,running,published,DUPLICATIVE,PUBLIC_NOINDEX,"noindex,follow",/reviews/new-balance-fuelcell-supercomp-elite-v4,,no,1,content_uniqueness_hold|decisionScore=100|words=3946|quality_not_launch_ready
/reviews/new-balance-fuelcell-supercomp-trainer-v3,Review,running,published,DUPLICATIVE,PUBLIC_NOINDEX,"noindex,follow",/reviews/new-balance-fuelcell-supercomp-trainer-v3,,no,1,content_uniqueness_hold|decisionScore=100|words=3968|quality_not_launch_ready
/reviews/nike-aerobill-cap,Review,running,published,DUPLICATIVE,PUBLIC_NOINDEX,"noindex,follow",/reviews/nike-aerobill-cap,,no,1,content_uniqueness_hold|decisionScore=100|words=3953|quality_not_launch_ready
/reviews/nike-aeroswift-singlet-men,Review,running,published,DUPLICATIVE,PUBLIC_NOINDEX,"noindex,follow",/reviews/nike-aeroswift-singlet-men,,no,1,content_uniqueness_hold|decisionScore=100|words=3928|quality_not_launch_ready
/reviews/nike-alphafly-3,Review,running,published,LAUNCH_READY,INDEXABLE,"index,follow",/reviews/nike-alphafly-3,200,yes,1,decisionScore=100|words=3856
/reviews/nike-court-vapor-pro-3,Review,tennis|padel,published,BLOCKED,HIDDEN_404,"noindex,nofollow",/reviews/nike-court-vapor-pro-3,,no,1,vertical_hold:tennis:disabled
/reviews/nike-dri-fit-miler-men,Review,running,published,DUPLICATIVE,PUBLIC_NOINDEX,"noindex,follow",/reviews/nike-dri-fit-miler-men,,no,1,content_uniqueness_hold|decisionScore=100|words=3935|quality_not_launch_ready
/reviews/nike-dri-fit-miler-women,Review,running,published,DUPLICATIVE,PUBLIC_NOINDEX,"noindex,follow",/reviews/nike-dri-fit-miler-women,,no,1,content_uniqueness_hold|decisionScore=100|words=3921|quality_not_launch_ready
/reviews/nike-dri-fit-stride-short,Review,running,published,DUPLICATIVE,PUBLIC_NOINDEX,"noindex,follow",/reviews/nike-dri-fit-stride-short,,no,1,content_uniqueness_hold|decisionScore=100|words=3965|quality_not_launch_ready
/reviews/nike-fast-tight-men,Review,running,published,DUPLICATIVE,PUBLIC_NOINDEX,"noindex,follow",/reviews/nike-fast-tight-men,,no,1,content_uniqueness_hold|decisionScore=100|words=4027|quality_not_launch_ready
/reviews/nike-free-metcon-6,Review,fitness|hyrox,published,BLOCKED,HIDDEN_404,"noindex,nofollow",/reviews/nike-free-metcon-6,,no,1,vertical_hold:fitness:selective
/reviews/nike-impossibly-light-men,Review,running,published,DUPLICATIVE,PUBLIC_NOINDEX,"noindex,follow",/reviews/nike-impossibly-light-men,,no,1,content_uniqueness_hold|decisionScore=100|words=4062|quality_not_launch_ready
/reviews/nike-invincible-3,Review,running,published,DUPLICATIVE,PUBLIC_NOINDEX,"noindex,follow",/reviews/nike-invincible-3,,no,1,content_uniqueness_hold|decisionScore=100|words=3971|quality_not_launch_ready
/reviews/nike-metcon-8,Review,fitness|hyrox,published,BLOCKED,HIDDEN_404,"noindex,nofollow",/reviews/nike-metcon-8,,no,1,vertical_hold:fitness:selective
/reviews/nike-metcon-9,Review,fitness|hyrox,published,BLOCKED,HIDDEN_404,"noindex,nofollow",/reviews/nike-metcon-9,,no,1,vertical_hold:fitness:selective
/reviews/nike-pegasus-41,Review,running,published,DUPLICATIVE,PUBLIC_NOINDEX,"noindex,follow",/reviews/nike-pegasus-41,,no,1,content_uniqueness_hold|decisionScore=100|words=3947|quality_not_launch_ready
/reviews/nike-pegasus-42,Review,running,published,LAUNCH_READY,INDEXABLE,"index,follow",/reviews/nike-pegasus-42,200,yes,1,decisionScore=100|words=3934
/reviews/nike-pegasus-trail-5,Review,running,published,DUPLICATIVE,PUBLIC_NOINDEX,"noindex,follow",/reviews/nike-pegasus-trail-5,,no,1,content_uniqueness_hold|decisionScore=100|words=3983|quality_not_launch_ready
/reviews/nike-react-infinity-run-4,Review,running,published,DUPLICATIVE,PUBLIC_NOINDEX,"noindex,follow",/reviews/nike-react-infinity-run-4,,no,1,content_uniqueness_hold|decisionScore=100|words=3979|quality_not_launch_ready
/reviews/nike-romaleos-4,Review,fitness,published,BLOCKED,HIDDEN_404,"noindex,nofollow",/reviews/nike-romaleos-4,,no,1,vertical_hold:fitness:selective
/reviews/nike-romaleos-5,Review,fitness,published,BLOCKED,HIDDEN_404,"noindex,nofollow",/reviews/nike-romaleos-5,,no,1,vertical_hold:fitness:selective
/reviews/nike-savaleos,Review,fitness,published,BLOCKED,HIDDEN_404,"noindex,nofollow",/reviews/nike-savaleos,,no,1,vertical_hold:fitness:selective
/reviews/nike-structure-26,Review,running,published,DUPLICATIVE,PUBLIC_NOINDEX,"noindex,follow",/reviews/nike-structure-26,,no,1,content_uniqueness_hold|decisionScore=100|words=4001|quality_not_launch_ready
/reviews/nike-structure-plus,Review,running,published,DUPLICATIVE,PUBLIC_NOINDEX,"noindex,follow",/reviews/nike-structure-plus,,no,1,content_uniqueness_hold|decisionScore=100|words=3955|quality_not_launch_ready
/reviews/nike-swoosh-medium-support,Review,running,published,DUPLICATIVE,PUBLIC_NOINDEX,"noindex,follow",/reviews/nike-swoosh-medium-support,,no,1,content_uniqueness_hold|decisionScore=100|words=3938|quality_not_launch_ready
/reviews/nike-therma-fit-glove,Review,running,published,DUPLICATIVE,PUBLIC_NOINDEX,"noindex,follow",/reviews/nike-therma-fit-glove,,no,1,content_uniqueness_hold|decisionScore=100|words=4001|quality_not_launch_ready
/reviews/nike-vaporfly-4,Review,running,published,LAUNCH_READY,INDEXABLE,"index,follow",/reviews/nike-vaporfly-4,200,yes,1,decisionScore=100|words=3910
/reviews/nike-vomero-18,Review,running,published,LAUNCH_READY,INDEXABLE,"index,follow",/reviews/nike-vomero-18,200,yes,1,decisionScore=100|words=3881
/reviews/nitecore-nu43,Review,running,published,DUPLICATIVE,PUBLIC_NOINDEX,"noindex,follow",/reviews/nitecore-nu43,,no,1,content_uniqueness_hold|decisionScore=100|words=4011|quality_not_launch_ready
/reviews/nnormal-race-vest,Review,running,published,DUPLICATIVE,PUBLIC_NOINDEX,"noindex,follow",/reviews/nnormal-race-vest,,no,1,content_uniqueness_hold|decisionScore=100|words=4009|quality_not_launch_ready
/reviews/nobull-outwork,Review,fitness|hyrox,published,BLOCKED,HIDDEN_404,"noindex,nofollow",/reviews/nobull-outwork,,no,1,vertical_hold:fitness:selective
/reviews/nobull-trainer,Review,fitness|hyrox,published,BLOCKED,HIDDEN_404,"noindex,nofollow",/reviews/nobull-trainer,,no,1,vertical_hold:fitness:selective
/reviews/nobull-trainer-plus,Review,fitness|hyrox,published,BLOCKED,HIDDEN_404,"noindex,nofollow",/reviews/nobull-trainer-plus,,no,1,vertical_hold:fitness:selective
/reviews/nox-at10-genius-12k-alum-xtrem-2026,Review,padel,published,BLOCKED,HIDDEN_404,"noindex,nofollow",/reviews/nox-at10-genius-12k-alum-xtrem-2026,,no,1,vertical_hold:padel:disabled
/reviews/nox-at10-genius-18k-2026,Review,padel,published,BLOCKED,HIDDEN_404,"noindex,nofollow",/reviews/nox-at10-genius-18k-2026,,no,1,vertical_hold:padel:disabled
/reviews/nox-at10-lux,Review,padel|tennis,published,BLOCKED,HIDDEN_404,"noindex,nofollow",/reviews/nox-at10-lux,,no,1,vertical_hold:padel:disabled
/reviews/nox-ml10-hexa,Review,padel|tennis,published,BLOCKED,HIDDEN_404,"noindex,nofollow",/reviews/nox-ml10-hexa,,no,1,vertical_hold:padel:disabled
/reviews/nox-ml10-pro-cup-2026,Review,padel,published,BLOCKED,HIDDEN_404,"noindex,nofollow",/reviews/nox-ml10-pro-cup-2026,,no,1,vertical_hold:padel:disabled
/reviews/nuobell-50,Review,fitness,published,BLOCKED,HIDDEN_404,"noindex,nofollow",/reviews/nuobell-50,,no,1,vertical_hold:fitness:selective
/reviews/nuobell-80,Review,fitness,published,BLOCKED,HIDDEN_404,"noindex,nofollow",/reviews/nuobell-80,,no,1,vertical_hold:fitness:selective
/reviews/nuun-sport,Review,running|cycling,published,DUPLICATIVE,PUBLIC_NOINDEX,"noindex,follow",/reviews/nuun-sport,,no,1,content_uniqueness_hold|decisionScore=100|words=4033|quality_not_launch_ready
/reviews/oakley-encoder,Review,running|cycling,published,DUPLICATIVE,PUBLIC_NOINDEX,"noindex,follow",/reviews/oakley-encoder,,no,1,content_uniqueness_hold|decisionScore=100|words=3873|quality_not_launch_ready
/reviews/oakley-flak-2-0-xl,Review,running|cycling,published,DUPLICATIVE,PUBLIC_NOINDEX,"noindex,follow",/reviews/oakley-flak-2-0-xl,,no,1,content_uniqueness_hold|decisionScore=100|words=3939|quality_not_launch_ready
/reviews/oakley-kato,Review,running|cycling,published,DUPLICATIVE,PUBLIC_NOINDEX,"noindex,follow",/reviews/oakley-kato,,no,1,content_uniqueness_hold|decisionScore=100|words=3960|quality_not_launch_ready
/reviews/oakley-radar-ev-path,Review,running|cycling,published,DUPLICATIVE,PUBLIC_NOINDEX,"noindex,follow",/reviews/oakley-radar-ev-path,,no,1,content_uniqueness_hold|decisionScore=100|words=4058|quality_not_launch_ready
/reviews/oakley-sutro-lite,Review,running|cycling,published,DUPLICATIVE,PUBLIC_NOINDEX,"noindex,follow",/reviews/oakley-sutro-lite,,no,1,content_uniqueness_hold|decisionScore=100|words=3926|quality_not_launch_ready
/reviews/odlo-active-warm-eco-bottom-men,Review,running,published,DUPLICATIVE,PUBLIC_NOINDEX,"noindex,follow",/reviews/odlo-active-warm-eco-bottom-men,,no,1,content_uniqueness_hold|decisionScore=100|words=3981|quality_not_launch_ready
/reviews/odlo-active-warm-eco-men,Review,running,published,DUPLICATIVE,PUBLIC_NOINDEX,"noindex,follow",/reviews/odlo-active-warm-eco-men,,no,1,content_uniqueness_hold|decisionScore=100|words=3903|quality_not_launch_ready
/reviews/on-cloudmonster-2,Review,running,published,DUPLICATIVE,PUBLIC_NOINDEX,"noindex,follow",/reviews/on-cloudmonster-2,,no,1,content_uniqueness_hold|decisionScore=100|words=3887|quality_not_launch_ready
/reviews/on-cloudmonster-hyper,Review,running,published,DUPLICATIVE,PUBLIC_NOINDEX,"noindex,follow",/reviews/on-cloudmonster-hyper,,no,1,content_uniqueness_hold|decisionScore=100|words=3940|quality_not_launch_ready
/reviews/on-cloudsurfer-2,Review,running,published,DUPLICATIVE,PUBLIC_NOINDEX,"noindex,follow",/reviews/on-cloudsurfer-2,,no,1,content_uniqueness_hold|decisionScore=100|words=3884|quality_not_launch_ready
/reviews/on-cloudsurfer-next,Review,running,published,DUPLICATIVE,PUBLIC_NOINDEX,"noindex,follow",/reviews/on-cloudsurfer-next,,no,1,content_uniqueness_hold|decisionScore=100|words=3897|quality_not_launch_ready
/reviews/on-performance-short-men,Review,running,published,DUPLICATIVE,PUBLIC_NOINDEX,"noindex,follow",/reviews/on-performance-short-men,,no,1,content_uniqueness_hold|decisionScore=100|words=4069|quality_not_launch_ready
/reviews/on-performance-tight-women,Review,running,published,DUPLICATIVE,PUBLIC_NOINDEX,"noindex,follow",/reviews/on-performance-tight-women,,no,1,content_uniqueness_hold|decisionScore=100|words=3912|quality_not_launch_ready
/reviews/on-ultra-vest-pro,Review,running,published,DUPLICATIVE,PUBLIC_NOINDEX,"noindex,follow",/reviews/on-ultra-vest-pro,,no,1,content_uniqueness_hold|decisionScore=100|words=4025|quality_not_launch_ready
/reviews/on-weather-jacket-men,Review,running,published,DUPLICATIVE,PUBLIC_NOINDEX,"noindex,follow",/reviews/on-weather-jacket-men,,no,1,content_uniqueness_hold|decisionScore=100|words=4031|quality_not_launch_ready
/reviews/oofos-oolala,Review,running|recovery,published,DUPLICATIVE,PUBLIC_NOINDEX,"noindex,follow",/reviews/oofos-oolala,,no,1,content_uniqueness_hold|decisionScore=100|words=3976|quality_not_launch_ready
/reviews/oofos-ooriginal,Review,running|recovery,published,DUPLICATIVE,PUBLIC_NOINDEX,"noindex,follow",/reviews/oofos-ooriginal,,no,1,content_uniqueness_hold|decisionScore=100|words=3965|quality_not_launch_ready
/reviews/osprey-duro-15,Review,running,published,DUPLICATIVE,PUBLIC_NOINDEX,"noindex,follow",/reviews/osprey-duro-15,,no,1,content_uniqueness_hold|decisionScore=100|words=3989|quality_not_launch_ready
/reviews/osprey-duro-6,Review,running,published,DUPLICATIVE,PUBLIC_NOINDEX,"noindex,follow",/reviews/osprey-duro-6,,no,1,content_uniqueness_hold|decisionScore=100|words=3882|quality_not_launch_ready
/reviews/osprey-duro-lt,Review,running,published,DUPLICATIVE,PUBLIC_NOINDEX,"noindex,follow",/reviews/osprey-duro-lt,,no,1,content_uniqueness_hold|decisionScore=100|words=4053|quality_not_launch_ready
/reviews/osprey-dyna-6,Review,running,published,DUPLICATIVE,PUBLIC_NOINDEX,"noindex,follow",/reviews/osprey-dyna-6,,no,1,content_uniqueness_hold|decisionScore=100|words=3913|quality_not_launch_ready
/reviews/osprey-dyna-lt,Review,running,published,DUPLICATIVE,PUBLIC_NOINDEX,"noindex,follow",/reviews/osprey-dyna-lt,,no,1,content_uniqueness_hold|decisionScore=100|words=4060|quality_not_launch_ready
/reviews/osprey-hydraulics-lt-15,Review,running,published,DUPLICATIVE,PUBLIC_NOINDEX,"noindex,follow",/reviews/osprey-hydraulics-lt-15,,no,1,content_uniqueness_hold|decisionScore=100|words=4035|quality_not_launch_ready
/reviews/osprey-talon-velocity-20,Review,running,published,DUPLICATIVE,PUBLIC_NOINDEX,"noindex,follow",/reviews/osprey-talon-velocity-20,,no,1,content_uniqueness_hold|decisionScore=100|words=3951|quality_not_launch_ready
/reviews/osprey-talon-velocity-30,Review,running,published,DUPLICATIVE,PUBLIC_NOINDEX,"noindex,follow",/reviews/osprey-talon-velocity-30,,no,1,content_uniqueness_hold|decisionScore=100|words=3944|quality_not_launch_ready
/reviews/osprey-tempest-velocity-20,Review,running,published,DUPLICATIVE,PUBLIC_NOINDEX,"noindex,follow",/reviews/osprey-tempest-velocity-20,,no,1,content_uniqueness_hold|decisionScore=100|words=3933|quality_not_launch_ready
/reviews/oxdog-sense-pro,Review,padel,published,BLOCKED,HIDDEN_404,"noindex,nofollow",/reviews/oxdog-sense-pro,,no,1,vertical_hold:padel:disabled
/reviews/patagonia-capilene-cool-daily-men,Review,running,published,DUPLICATIVE,PUBLIC_NOINDEX,"noindex,follow",/reviews/patagonia-capilene-cool-daily-men,,no,1,content_uniqueness_hold|decisionScore=100|words=4002|quality_not_launch_ready
/reviews/patagonia-capilene-midweight-zip-men,Review,running,published,DUPLICATIVE,PUBLIC_NOINDEX,"noindex,follow",/reviews/patagonia-capilene-midweight-zip-men,,no,1,content_uniqueness_hold|decisionScore=100|words=4004|quality_not_launch_ready
/reviews/patagonia-capilene-thermal-crew-men,Review,running,published,DUPLICATIVE,PUBLIC_NOINDEX,"noindex,follow",/reviews/patagonia-capilene-thermal-crew-men,,no,1,content_uniqueness_hold|decisionScore=100|words=3973|quality_not_launch_ready
/reviews/patagonia-endless-run-tight-women,Review,running,published,DUPLICATIVE,PUBLIC_NOINDEX,"noindex,follow",/reviews/patagonia-endless-run-tight-women,,no,1,content_uniqueness_hold|decisionScore=100|words=4012|quality_not_launch_ready
/reviews/patagonia-houdini-men,Review,running,published,DUPLICATIVE,PUBLIC_NOINDEX,"noindex,follow",/reviews/patagonia-houdini-men,,no,1,content_uniqueness_hold|decisionScore=100|words=4012|quality_not_launch_ready
/reviews/patagonia-nano-puff-vest-men,Review,running,published,DUPLICATIVE,PUBLIC_NOINDEX,"noindex,follow",/reviews/patagonia-nano-puff-vest-men,,no,1,content_uniqueness_hold|decisionScore=100|words=4051|quality_not_launch_ready
/reviews/patagonia-strider-pro-men,Review,running,published,DUPLICATIVE,PUBLIC_NOINDEX,"noindex,follow",/reviews/patagonia-strider-pro-men,,no,1,content_uniqueness_hold|decisionScore=100|words=3980|quality_not_launch_ready
/reviews/patagonia-trailfarer-short-women,Review,running,published,DUPLICATIVE,PUBLIC_NOINDEX,"noindex,follow",/reviews/patagonia-trailfarer-short-women,,no,1,content_uniqueness_hold|decisionScore=100|words=4025|quality_not_launch_ready
/reviews/petzl-actik-core,Review,running,published,DUPLICATIVE,PUBLIC_NOINDEX,"noindex,follow",/reviews/petzl-actik-core,,no,1,content_uniqueness_hold|decisionScore=100|words=3983|quality_not_launch_ready
/reviews/petzl-nao-rl,Review,running,published,DUPLICATIVE,PUBLIC_NOINDEX,"noindex,follow",/reviews/petzl-nao-rl,,no,1,content_uniqueness_hold|decisionScore=100|words=4015|quality_not_launch_ready
/reviews/petzl-swift-rl,Review,running,published,DUPLICATIVE,PUBLIC_NOINDEX,"noindex,follow",/reviews/petzl-swift-rl,,no,1,content_uniqueness_hold|decisionScore=100|words=3886|quality_not_launch_ready
/reviews/polar-grit-x2,Review,running|cycling,published,LAUNCH_READY,INDEXABLE,"index,follow",/reviews/polar-grit-x2,200,yes,1,decisionScore=100|words=3940
/reviews/polar-h10,Review,running|cycling|fitness|hyrox,published,LAUNCH_READY,INDEXABLE,"index,follow",/reviews/polar-h10,200,yes,1,decisionScore=100|words=3882
/reviews/polar-h9,Review,running|cycling|fitness|hyrox,published,DUPLICATIVE,PUBLIC_NOINDEX,"noindex,follow",/reviews/polar-h9,,no,1,content_uniqueness_hold|decisionScore=100|words=4013|quality_not_launch_ready
/reviews/polar-pacer,Review,running,published,LAUNCH_READY,INDEXABLE,"index,follow",/reviews/polar-pacer,200,yes,1,decisionScore=100|words=3961
/reviews/polar-pacer-pro,Review,running,published,DUPLICATIVE,PUBLIC_NOINDEX,"noindex,follow",/reviews/polar-pacer-pro,,no,1,content_uniqueness_hold|decisionScore=100|words=3907|quality_not_launch_ready
/reviews/polar-vantage-v3,Review,running|cycling|swimming,published,DUPLICATIVE,PUBLIC_NOINDEX,"noindex,follow",/reviews/polar-vantage-v3,,no,1,content_uniqueness_hold|decisionScore=100|words=3997|quality_not_launch_ready
/reviews/polar-verity-sense,Review,running|fitness|swimming|hyrox,published,LAUNCH_READY,INDEXABLE,"index,follow",/reviews/polar-verity-sense,200,yes,1,decisionScore=100|words=3897
/reviews/powerbar-energize,Review,running|cycling,published,DUPLICATIVE,PUBLIC_NOINDEX,"noindex,follow",/reviews/powerbar-energize,,no,1,content_uniqueness_hold|decisionScore=100|words=4029|quality_not_launch_ready
/reviews/powerblock-elite-exp-90,Review,fitness,published,BLOCKED,HIDDEN_404,"noindex,nofollow",/reviews/powerblock-elite-exp-90,,no,1,vertical_hold:fitness:selective
/reviews/powerblock-pro-series-100,Review,fitness,published,BLOCKED,HIDDEN_404,"noindex,nofollow",/reviews/powerblock-pro-series-100,,no,1,vertical_hold:fitness:selective
/reviews/powerblock-pro-series-50,Review,fitness,published,BLOCKED,HIDDEN_404,"noindex,nofollow",/reviews/powerblock-pro-series-50,,no,1,vertical_hold:fitness:selective
/reviews/precision-pf30-drink-mix,Review,running|cycling,published,DUPLICATIVE,PUBLIC_NOINDEX,"noindex,follow",/reviews/precision-pf30-drink-mix,,no,1,content_uniqueness_hold|decisionScore=100|words=3993|quality_not_launch_ready
/reviews/precision-pf30-gel,Review,running|cycling,published,DUPLICATIVE,PUBLIC_NOINDEX,"noindex,follow",/reviews/precision-pf30-gel,,no,1,content_uniqueness_hold|decisionScore=100|words=4036|quality_not_launch_ready
/reviews/precision-ph1500,Review,running|cycling,published,DUPLICATIVE,PUBLIC_NOINDEX,"noindex,follow",/reviews/precision-ph1500,,no,1,content_uniqueness_hold|decisionScore=100|words=3973|quality_not_launch_ready
/reviews/prince-textreme-tour-100p,Review,tennis,published,BLOCKED,HIDDEN_404,"noindex,nofollow",/reviews/prince-textreme-tour-100p,,no,1,vertical_hold:tennis:disabled
/reviews/proviz-reflect360-running-vest,Review,running,published,DUPLICATIVE,PUBLIC_NOINDEX,"noindex,follow",/reviews/proviz-reflect360-running-vest,,no,1,content_uniqueness_hold|decisionScore=100|words=4039|quality_not_launch_ready
/reviews/pullup-and-dip-doorway-bar,Review,fitness|calisthenics,published,BLOCKED,HIDDEN_404,"noindex,nofollow",/reviews/pullup-and-dip-doorway-bar,,no,1,vertical_hold:fitness:selective
/reviews/pullup-and-dip-parallettes,Review,fitness|calisthenics,published,BLOCKED,HIDDEN_404,"noindex,nofollow",/reviews/pullup-and-dip-parallettes,,no,1,vertical_hold:fitness:selective
/reviews/pullup-and-dip-wall-bar,Review,fitness|calisthenics,published,BLOCKED,HIDDEN_404,"noindex,nofollow",/reviews/pullup-and-dip-wall-bar,,no,1,vertical_hold:fitness:selective
/reviews/puma-deviate-nitro-3,Review,running,published,DUPLICATIVE,PUBLIC_NOINDEX,"noindex,follow",/reviews/puma-deviate-nitro-3,,no,1,content_uniqueness_hold|decisionScore=100|words=3931|quality_not_launch_ready
/reviews/puma-fuse-3,Review,fitness|hyrox,published,BLOCKED,HIDDEN_404,"noindex,nofollow",/reviews/puma-fuse-3,,no,1,vertical_hold:fitness:selective
/reviews/puma-fuse-fasted,Review,fitness|hyrox,published,BLOCKED,HIDDEN_404,"noindex,nofollow",/reviews/puma-fuse-fasted,,no,1,vertical_hold:fitness:selective
/reviews/puma-magnify-nitro-2,Review,running,published,DUPLICATIVE,PUBLIC_NOINDEX,"noindex,follow",/reviews/puma-magnify-nitro-2,,no,1,content_uniqueness_hold|decisionScore=100|words=3884|quality_not_launch_ready
/reviews/rabbit-fuel-n-fly-men,Review,running,published,DUPLICATIVE,PUBLIC_NOINDEX,"noindex,follow",/reviews/rabbit-fuel-n-fly-men,,no,1,content_uniqueness_hold|decisionScore=100|words=3978|quality_not_launch_ready
/reviews/reebok-legacy-lifter-iii,Review,fitness,published,BLOCKED,HIDDEN_404,"noindex,nofollow",/reviews/reebok-legacy-lifter-iii,,no,1,vertical_hold:fitness:selective
/reviews/reebok-lifter-pr-iii,Review,fitness,published,BLOCKED,HIDDEN_404,"noindex,nofollow",/reviews/reebok-lifter-pr-iii,,no,1,vertical_hold:fitness:selective
/reviews/reebok-nano-court,Review,fitness|hyrox,published,BLOCKED,HIDDEN_404,"noindex,nofollow",/reviews/reebok-nano-court,,no,1,vertical_hold:fitness:selective
/reviews/reebok-nano-x3,Review,fitness|hyrox,published,BLOCKED,HIDDEN_404,"noindex,nofollow",/reviews/reebok-nano-x3,,no,1,vertical_hold:fitness:selective
/reviews/reebok-nano-x4,Review,fitness|hyrox,published,BLOCKED,HIDDEN_404,"noindex,nofollow",/reviews/reebok-nano-x4,,no,1,vertical_hold:fitness:selective
/reviews/rep-ab-5000-zero-gap,Review,fitness,published,BLOCKED,HIDDEN_404,"noindex,nofollow",/reviews/rep-ab-5000-zero-gap,,no,1,vertical_hold:fitness:selective
/reviews/rep-ab-5200,Review,fitness,published,BLOCKED,HIDDEN_404,"noindex,nofollow",/reviews/rep-ab-5200,,no,1,vertical_hold:fitness:selective
/reviews/rep-apollo-athlon-rack,Review,fitness,published,BLOCKED,HIDDEN_404,"noindex,nofollow",/reviews/rep-apollo-athlon-rack,,no,1,vertical_hold:fitness:selective
/reviews/rep-black-bumper-plate-set,Review,fitness,published,BLOCKED,HIDDEN_404,"noindex,nofollow",/reviews/rep-black-bumper-plate-set,,no,1,vertical_hold:fitness:selective
/reviews/rep-bumper-plate-storage,Review,fitness,published,BLOCKED,HIDDEN_404,"noindex,nofollow",/reviews/rep-bumper-plate-storage,,no,1,vertical_hold:fitness:selective
/reviews/rep-colorado-bar,Review,fitness,published,BLOCKED,HIDDEN_404,"noindex,nofollow",/reviews/rep-colorado-bar,,no,1,vertical_hold:fitness:selective
/reviews/rep-fb-5000-flat-bench,Review,fitness,published,BLOCKED,HIDDEN_404,"noindex,nofollow",/reviews/rep-fb-5000-flat-bench,,no,1,vertical_hold:fitness:selective
/reviews/rep-fitness-kettlebell,Review,fitness|hyrox,published,BLOCKED,HIDDEN_404,"noindex,nofollow",/reviews/rep-fitness-kettlebell,,no,1,vertical_hold:fitness:selective
/reviews/rep-pr-4000,Review,fitness,published,BLOCKED,HIDDEN_404,"noindex,nofollow",/reviews/rep-pr-4000,,no,1,vertical_hold:fitness:selective
/reviews/rep-pr-5000,Review,fitness,published,BLOCKED,HIDDEN_404,"noindex,nofollow",/reviews/rep-pr-5000,,no,1,vertical_hold:fitness:selective
/reviews/rep-quickdraw-adjustable-dumbbells,Review,fitness,published,BLOCKED,HIDDEN_404,"noindex,nofollow",/reviews/rep-quickdraw-adjustable-dumbbells,,no,1,vertical_hold:fitness:selective
/reviews/rep-slam-ball,Review,fitness|hyrox,published,BLOCKED,HIDDEN_404,"noindex,nofollow",/reviews/rep-slam-ball,,no,1,vertical_hold:fitness:selective
/reviews/rogue-adjustable-bench-3-0,Review,fitness,published,BLOCKED,HIDDEN_404,"noindex,nofollow",/reviews/rogue-adjustable-bench-3-0,,no,1,vertical_hold:fitness:selective
/reviews/rogue-dog-sled,Review,fitness|hyrox,published,BLOCKED,HIDDEN_404,"noindex,nofollow",/reviews/rogue-dog-sled,,no,1,vertical_hold:fitness:selective
/reviews/rogue-echo-bike,Review,fitness|hyrox,published,BLOCKED,HIDDEN_404,"noindex,nofollow",/reviews/rogue-echo-bike,,no,1,vertical_hold:fitness:selective
/reviews/rogue-echo-bumper-plate-set,Review,fitness,published,BLOCKED,HIDDEN_404,"noindex,nofollow",/reviews/rogue-echo-bumper-plate-set,,no,1,vertical_hold:fitness:selective
/reviews/rogue-echo-kettlebell,Review,fitness|hyrox,published,BLOCKED,HIDDEN_404,"noindex,nofollow",/reviews/rogue-echo-kettlebell,,no,1,vertical_hold:fitness:selective
/reviews/rogue-flat-utility-bench,Review,fitness,published,BLOCKED,HIDDEN_404,"noindex,nofollow",/reviews/rogue-flat-utility-bench,,no,1,vertical_hold:fitness:selective
/reviews/rogue-flogging-horse-stall-mat-note,Review,fitness,published,BLOCKED,HIDDEN_404,"noindex,nofollow",/reviews/rogue-flogging-horse-stall-mat-note,,no,1,vertical_hold:fitness:selective
/reviews/rogue-kettlebell,Review,fitness|hyrox,published,BLOCKED,HIDDEN_404,"noindex,nofollow",/reviews/rogue-kettlebell,,no,1,vertical_hold:fitness:selective
/reviews/rogue-monster-lite-pull-up-bar,Review,fitness|calisthenics,published,BLOCKED,HIDDEN_404,"noindex,nofollow",/reviews/rogue-monster-lite-pull-up-bar,,no,1,vertical_hold:fitness:selective
/reviews/rogue-ohio-bar,Review,fitness,published,BLOCKED,HIDDEN_404,"noindex,nofollow",/reviews/rogue-ohio-bar,,no,1,vertical_hold:fitness:selective
/reviews/rogue-ohio-power-bar,Review,fitness,published,BLOCKED,HIDDEN_404,"noindex,nofollow",/reviews/rogue-ohio-power-bar,,no,1,vertical_hold:fitness:selective
/reviews/rogue-plate-carrier-vest,Review,fitness|hyrox|calisthenics,published,BLOCKED,HIDDEN_404,"noindex,nofollow",/reviews/rogue-plate-carrier-vest,,no,1,vertical_hold:fitness:selective
/reviews/rogue-plate-tree,Review,fitness,published,BLOCKED,HIDDEN_404,"noindex,nofollow",/reviews/rogue-plate-tree,,no,1,vertical_hold:fitness:selective
/reviews/rogue-rm-4-monster-rack,Review,fitness,published,BLOCKED,HIDDEN_404,"noindex,nofollow",/reviews/rogue-rm-4-monster-rack,,no,1,vertical_hold:fitness:selective
/reviews/rogue-rml-390f,Review,fitness,published,BLOCKED,HIDDEN_404,"noindex,nofollow",/reviews/rogue-rml-390f,,no,1,vertical_hold:fitness:selective
/reviews/rogue-sandbag,Review,fitness|hyrox,published,BLOCKED,HIDDEN_404,"noindex,nofollow",/reviews/rogue-sandbag,,no,1,vertical_hold:fitness:selective
/reviews/rogue-sm-2c-monster-lite,Review,fitness,published,BLOCKED,HIDDEN_404,"noindex,nofollow",/reviews/rogue-sm-2c-monster-lite,,no,1,vertical_hold:fitness:selective
/reviews/rogue-wall-ball,Review,fitness|hyrox,published,BLOCKED,HIDDEN_404,"noindex,nofollow",/reviews/rogue-wall-ball,,no,1,vertical_hold:fitness:selective
/reviews/rogue-wrist-wraps,Review,fitness,published,BLOCKED,HIDDEN_404,"noindex,nofollow",/reviews/rogue-wrist-wraps,,no,1,vertical_hold:fitness:selective
/reviews/roka-phantom-air,Review,running|cycling,published,DUPLICATIVE,PUBLIC_NOINDEX,"noindex,follow",/reviews/roka-phantom-air,,no,1,content_uniqueness_hold|decisionScore=100|words=4005|quality_not_launch_ready
/reviews/royal-padel-m27-poly-2026,Review,padel,published,BLOCKED,HIDDEN_404,"noindex,nofollow",/reviews/royal-padel-m27-poly-2026,,no,1,vertical_hold:padel:disabled
/reviews/rudy-project-cutline,Review,running|cycling,published,DUPLICATIVE,PUBLIC_NOINDEX,"noindex,follow",/reviews/rudy-project-cutline,,no,1,content_uniqueness_hold|decisionScore=100|words=4044|quality_not_launch_ready
/reviews/salming-race-9,Review,fitness|hyrox,published,BLOCKED,HIDDEN_404,"noindex,nofollow",/reviews/salming-race-9,,no,1,vertical_hold:fitness:selective
/reviews/salming-rebel,Review,fitness|hyrox,published,BLOCKED,HIDDEN_404,"noindex,nofollow",/reviews/salming-rebel,,no,1,vertical_hold:fitness:selective
/reviews/salomon-adv-skin-12,Review,running,published,DUPLICATIVE,PUBLIC_NOINDEX,"noindex,follow",/reviews/salomon-adv-skin-12,,no,1,content_uniqueness_hold|decisionScore=100|words=3911|quality_not_launch_ready
/reviews/salomon-adv-skin-5,Review,running,published,DUPLICATIVE,PUBLIC_NOINDEX,"noindex,follow",/reviews/salomon-adv-skin-5,,no,1,content_uniqueness_hold|decisionScore=100|words=3997|quality_not_launch_ready
/reviews/salomon-aero-glide-2,Review,running,published,DUPLICATIVE,PUBLIC_NOINDEX,"noindex,follow",/reviews/salomon-aero-glide-2,,no,1,content_uniqueness_hold|decisionScore=100|words=3970|quality_not_launch_ready
/reviews/salomon-bonatti-wp-men,Review,running,published,DUPLICATIVE,PUBLIC_NOINDEX,"noindex,follow",/reviews/salomon-bonatti-wp-men,,no,1,content_uniqueness_hold|decisionScore=100|words=4032|quality_not_launch_ready
/reviews/salomon-bonatti-wp-women,Review,running,published,DUPLICATIVE,PUBLIC_NOINDEX,"noindex,follow",/reviews/salomon-bonatti-wp-women,,no,1,content_uniqueness_hold|decisionScore=100|words=3912|quality_not_launch_ready
/reviews/salomon-custom-quiver,Review,running,published,DUPLICATIVE,PUBLIC_NOINDEX,"noindex,follow",/reviews/salomon-custom-quiver,,no,1,content_uniqueness_hold|decisionScore=100|words=4025|quality_not_launch_ready
/reviews/salomon-genesis,Review,running,published,DUPLICATIVE,PUBLIC_NOINDEX,"noindex,follow",/reviews/salomon-genesis,,no,1,content_uniqueness_hold|decisionScore=100|words=3937|quality_not_launch_ready
/reviews/salomon-pulsar-trail-2,Review,running,published,DUPLICATIVE,PUBLIC_NOINDEX,"noindex,follow",/reviews/salomon-pulsar-trail-2,,no,1,content_uniqueness_hold|decisionScore=100|words=4011|quality_not_launch_ready
/reviews/salomon-pulse-belt,Review,running,published,DUPLICATIVE,PUBLIC_NOINDEX,"noindex,follow",/reviews/salomon-pulse-belt,,no,1,content_uniqueness_hold|decisionScore=100|words=4024|quality_not_launch_ready
/reviews/salomon-sense-ride-5,Review,running,published,DUPLICATIVE,PUBLIC_NOINDEX,"noindex,follow",/reviews/salomon-sense-ride-5,,no,1,content_uniqueness_hold|decisionScore=100|words=3954|quality_not_launch_ready
/reviews/salomon-soft-flask-500,Review,running,published,DUPLICATIVE,PUBLIC_NOINDEX,"noindex,follow",/reviews/salomon-soft-flask-500,,no,1,content_uniqueness_hold|decisionScore=100|words=3930|quality_not_launch_ready
/reviews/salomon-soft-flask-speed-500,Review,running,published,DUPLICATIVE,PUBLIC_NOINDEX,"noindex,follow",/reviews/salomon-soft-flask-speed-500,,no,1,content_uniqueness_hold|decisionScore=100|words=3978|quality_not_launch_ready
/reviews/salomon-soft-reservoir-15,Review,running,published,DUPLICATIVE,PUBLIC_NOINDEX,"noindex,follow",/reviews/salomon-soft-reservoir-15,,no,1,content_uniqueness_hold|decisionScore=100|words=4062|quality_not_launch_ready
/reviews/salomon-ultra-glide-2,Review,running,published,DUPLICATIVE,PUBLIC_NOINDEX,"noindex,follow",/reviews/salomon-ultra-glide-2,,no,1,content_uniqueness_hold|decisionScore=100|words=3907|quality_not_launch_ready
/reviews/salomon-xa-15,Review,running,published,DUPLICATIVE,PUBLIC_NOINDEX,"noindex,follow",/reviews/salomon-xa-15,,no,1,content_uniqueness_hold|decisionScore=100|words=3958|quality_not_launch_ready
/reviews/saltstick-caps,Review,running|cycling,published,DUPLICATIVE,PUBLIC_NOINDEX,"noindex,follow",/reviews/saltstick-caps,,no,1,content_uniqueness_hold|decisionScore=100|words=3989|quality_not_launch_ready
/reviews/saltstick-fastchews,Review,running|cycling,published,DUPLICATIVE,PUBLIC_NOINDEX,"noindex,follow",/reviews/saltstick-fastchews,,no,1,content_uniqueness_hold|decisionScore=100|words=3970|quality_not_launch_ready
/reviews/samsung-galaxy-watch-ultra,Review,running|cycling|swimming|fitness,published,LAUNCH_READY,INDEXABLE,"index,follow",/reviews/samsung-galaxy-watch-ultra,200,yes,1,decisionScore=100|words=3960
/reviews/saucony-endorphin-pro-3,Review,running,published,DUPLICATIVE,PUBLIC_NOINDEX,"noindex,follow",/reviews/saucony-endorphin-pro-3,,no,1,content_uniqueness_hold|decisionScore=100|words=4006|quality_not_launch_ready
/reviews/saucony-endorphin-pro-4,Review,running,published,DUPLICATIVE,PUBLIC_NOINDEX,"noindex,follow",/reviews/saucony-endorphin-pro-4,,no,1,content_uniqueness_hold|decisionScore=100|words=3949|quality_not_launch_ready
/reviews/saucony-endorphin-speed-4,Review,running,published,DUPLICATIVE,PUBLIC_NOINDEX,"noindex,follow",/reviews/saucony-endorphin-speed-4,,no,1,content_uniqueness_hold|decisionScore=100|words=3960|quality_not_launch_ready
/reviews/saucony-endorphin-speed-5,Review,running,published,LAUNCH_READY,INDEXABLE,"index,follow",/reviews/saucony-endorphin-speed-5,200,yes,1,decisionScore=100|words=3913
/reviews/saucony-guide-18,Review,running,published,DUPLICATIVE,PUBLIC_NOINDEX,"noindex,follow",/reviews/saucony-guide-18,,no,1,content_uniqueness_hold|decisionScore=100|words=3939|quality_not_launch_ready
/reviews/saucony-peregrine-15,Review,running,published,LAUNCH_READY,INDEXABLE,"index,follow",/reviews/saucony-peregrine-15,200,yes,1,decisionScore=100|words=3972
/reviews/saucony-ride-18,Review,running,published,DUPLICATIVE,PUBLIC_NOINDEX,"noindex,follow",/reviews/saucony-ride-18,,no,1,content_uniqueness_hold|decisionScore=100|words=3876|quality_not_launch_ready
/reviews/saucony-triumph-22,Review,running,published,DUPLICATIVE,PUBLIC_NOINDEX,"noindex,follow",/reviews/saucony-triumph-22,,no,1,content_uniqueness_hold|decisionScore=100|words=3965|quality_not_launch_ready
/reviews/saucony-xodus-ultra-3,Review,running,published,DUPLICATIVE,PUBLIC_NOINDEX,"noindex,follow",/reviews/saucony-xodus-ultra-3,,no,1,content_uniqueness_hold|decisionScore=100|words=3924|quality_not_launch_ready
/reviews/schwinn-airdyne-ad8,Review,fitness|hyrox,published,BLOCKED,HIDDEN_404,"noindex,nofollow",/reviews/schwinn-airdyne-ad8,,no,1,vertical_hold:fitness:selective
/reviews/scosche-rhythm-plus-2,Review,running|fitness|hyrox,published,LAUNCH_READY,INDEXABLE,"index,follow",/reviews/scosche-rhythm-plus-2,200,yes,1,decisionScore=100|words=3938
/reviews/scosche-rhythm24,Review,running|fitness,published,DUPLICATIVE,PUBLIC_NOINDEX,"noindex,follow",/reviews/scosche-rhythm24,,no,1,content_uniqueness_hold|decisionScore=100|words=3970|quality_not_launch_ready
/reviews/shokz-opendots-one,Review,running|fitness,published,DUPLICATIVE,PUBLIC_NOINDEX,"noindex,follow",/reviews/shokz-opendots-one,,no,1,content_uniqueness_hold|decisionScore=100|words=4005|quality_not_launch_ready
/reviews/shokz-openfit-2,Review,running|fitness,published,DUPLICATIVE,PUBLIC_NOINDEX,"noindex,follow",/reviews/shokz-openfit-2,,no,1,content_uniqueness_hold|decisionScore=100|words=4005|quality_not_launch_ready
/reviews/shokz-openrun,Review,running|cycling|fitness,published,DUPLICATIVE,PUBLIC_NOINDEX,"noindex,follow",/reviews/shokz-openrun,,no,1,content_uniqueness_hold|decisionScore=100|words=3983|quality_not_launch_ready
/reviews/shokz-openrun-pro-2,Review,running|cycling|fitness,published,DUPLICATIVE,PUBLIC_NOINDEX,"noindex,follow",/reviews/shokz-openrun-pro-2,,no,1,content_uniqueness_hold|decisionScore=100|words=3951|quality_not_launch_ready
/reviews/silva-trail-runner-free-2,Review,running,published,DUPLICATIVE,PUBLIC_NOINDEX,"noindex,follow",/reviews/silva-trail-runner-free-2,,no,1,content_uniqueness_hold|decisionScore=100|words=3985|quality_not_launch_ready
/reviews/sis-beta-fuel-drink,Review,running|cycling,published,DUPLICATIVE,PUBLIC_NOINDEX,"noindex,follow",/reviews/sis-beta-fuel-drink,,no,1,content_uniqueness_hold|decisionScore=100|words=4021|quality_not_launch_ready
/reviews/sis-beta-fuel-gel,Review,running|cycling,published,DUPLICATIVE,PUBLIC_NOINDEX,"noindex,follow",/reviews/sis-beta-fuel-gel,,no,1,content_uniqueness_hold|decisionScore=100|words=4025|quality_not_launch_ready
/reviews/sis-go-isotonic-gel,Review,running|cycling,published,DUPLICATIVE,PUBLIC_NOINDEX,"noindex,follow",/reviews/sis-go-isotonic-gel,,no,1,content_uniqueness_hold|decisionScore=100|words=3981|quality_not_launch_ready
/reviews/siux-diablo-revolution-2026,Review,padel,published,BLOCKED,HIDDEN_404,"noindex,nofollow",/reviews/siux-diablo-revolution-2026,,no,1,vertical_hold:padel:disabled
/reviews/skierg2-wall-mount,Review,fitness|hyrox,published,BLOCKED,HIDDEN_404,"noindex,nofollow",/reviews/skierg2-wall-mount,,no,1,vertical_hold:fitness:selective
/reviews/skratch-sport-energy-chews,Review,running|cycling,published,DUPLICATIVE,PUBLIC_NOINDEX,"noindex,follow",/reviews/skratch-sport-energy-chews,,no,1,content_uniqueness_hold|decisionScore=100|words=4045|quality_not_launch_ready
/reviews/skratch-sport-hydration-mix,Review,running|cycling,published,DUPLICATIVE,PUBLIC_NOINDEX,"noindex,follow",/reviews/skratch-sport-hydration-mix,,no,1,content_uniqueness_hold|decisionScore=100|words=4039|quality_not_launch_ready
/reviews/smartwool-run-targeted-cushion,Review,running,published,DUPLICATIVE,PUBLIC_NOINDEX,"noindex,follow",/reviews/smartwool-run-targeted-cushion,,no,1,content_uniqueness_hold|decisionScore=100|words=3919|quality_not_launch_ready
/reviews/smartwool-thermal-merino-glove,Review,running,published,DUPLICATIVE,PUBLIC_NOINDEX,"noindex,follow",/reviews/smartwool-thermal-merino-glove,,no,1,content_uniqueness_hold|decisionScore=100|words=3915|quality_not_launch_ready
/reviews/smith-attack-mag,Review,running|cycling,published,DUPLICATIVE,PUBLIC_NOINDEX,"noindex,follow",/reviews/smith-attack-mag,,no,1,content_uniqueness_hold|decisionScore=100|words=4030|quality_not_launch_ready
/reviews/smith-shift-mag,Review,running|cycling,published,DUPLICATIVE,PUBLIC_NOINDEX,"noindex,follow",/reviews/smith-shift-mag,,no,1,content_uniqueness_hold|decisionScore=100|words=4025|quality_not_launch_ready
/reviews/sole-f80-treadmill,Review,fitness|hyrox,published,BLOCKED,HIDDEN_404,"noindex,nofollow",/reviews/sole-f80-treadmill,,no,1,vertical_hold:fitness:selective
/reviews/soundcore-aerofit-2,Review,running|fitness,published,DUPLICATIVE,PUBLIC_NOINDEX,"noindex,follow",/reviews/soundcore-aerofit-2,,no,1,content_uniqueness_hold|decisionScore=100|words=4037|quality_not_launch_ready
/reviews/soundcore-sport-x20,Review,running|fitness|hyrox,published,DUPLICATIVE,PUBLIC_NOINDEX,"noindex,follow",/reviews/soundcore-sport-x20,,no,1,content_uniqueness_hold|decisionScore=100|words=3954|quality_not_launch_ready
/reviews/spibelt-original,Review,running,published,DUPLICATIVE,PUBLIC_NOINDEX,"noindex,follow",/reviews/spibelt-original,,no,1,content_uniqueness_hold|decisionScore=100|words=3916|quality_not_launch_ready
/reviews/spring-energy-awesome-sauce,Review,running,published,DUPLICATIVE,PUBLIC_NOINDEX,"noindex,follow",/reviews/spring-energy-awesome-sauce,,no,1,content_uniqueness_hold|decisionScore=100|words=4068|quality_not_launch_ready
/reviews/squirrels-nut-butter,Review,running|fitness,published,DUPLICATIVE,PUBLIC_NOINDEX,"noindex,follow",/reviews/squirrels-nut-butter,,no,1,content_uniqueness_hold|decisionScore=100|words=3970|quality_not_launch_ready
/reviews/starvie-basalto-osiris-2026,Review,padel,published,BLOCKED,HIDDEN_404,"noindex,nofollow",/reviews/starvie-basalto-osiris-2026,,no,1,vertical_hold:padel:disabled
/reviews/starvie-titania-kepler-2026,Review,padel,published,BLOCKED,HIDDEN_404,"noindex,nofollow",/reviews/starvie-titania-kepler-2026,,no,1,vertical_hold:padel:disabled
/reviews/styrkr-gel30,Review,running|cycling,published,DUPLICATIVE,PUBLIC_NOINDEX,"noindex,follow",/reviews/styrkr-gel30,,no,1,content_uniqueness_hold|decisionScore=100|words=3951|quality_not_launch_ready
/reviews/styrkr-mix90,Review,running|cycling,published,DUPLICATIVE,PUBLIC_NOINDEX,"noindex,follow",/reviews/styrkr-mix90,,no,1,content_uniqueness_hold|decisionScore=100|words=3950|quality_not_launch_ready
/reviews/suunto-race,Review,running|cycling,published,DUPLICATIVE,PUBLIC_NOINDEX,"noindex,follow",/reviews/suunto-race,,no,1,content_uniqueness_hold|decisionScore=100|words=3903|quality_not_launch_ready
/reviews/suunto-race-s,Review,running,published,DUPLICATIVE,PUBLIC_NOINDEX,"noindex,follow",/reviews/suunto-race-s,,no,1,content_uniqueness_hold|decisionScore=100|words=3959|quality_not_launch_ready
/reviews/suunto-run,Review,running,published,LAUNCH_READY,INDEXABLE,"index,follow",/reviews/suunto-run,200,yes,1,decisionScore=100|words=3914
/reviews/suunto-smart-heart-rate-belt,Review,running|cycling|fitness,published,DUPLICATIVE,PUBLIC_NOINDEX,"noindex,follow",/reviews/suunto-smart-heart-rate-belt,,no,1,content_uniqueness_hold|decisionScore=100|words=4026|quality_not_launch_ready
/reviews/suunto-vertical-2,Review,running|cycling,published,LAUNCH_READY,INDEXABLE,"index,follow",/reviews/suunto-vertical-2,200,yes,1,decisionScore=100|words=3968
/reviews/suunto-wing,Review,running|cycling|fitness,published,DUPLICATIVE,PUBLIC_NOINDEX,"noindex,follow",/reviews/suunto-wing,,no,1,content_uniqueness_hold|decisionScore=100|words=3970|quality_not_launch_ready
/reviews/swiftwick-aspire-four,Review,running,published,DUPLICATIVE,PUBLIC_NOINDEX,"noindex,follow",/reviews/swiftwick-aspire-four,,no,1,content_uniqueness_hold|decisionScore=100|words=3915|quality_not_launch_ready
/reviews/tailwind-endurance-fuel,Review,running|cycling,published,DUPLICATIVE,PUBLIC_NOINDEX,"noindex,follow",/reviews/tailwind-endurance-fuel,,no,1,content_uniqueness_hold|decisionScore=100|words=3957|quality_not_launch_ready
/reviews/tecnifibre-tf40-305,Review,tennis,published,BLOCKED,HIDDEN_404,"noindex,nofollow",/reviews/tecnifibre-tf40-305,,no,1,vertical_hold:tennis:disabled
/reviews/tecnifibre-tfight-300s-2025,Review,tennis,published,BLOCKED,HIDDEN_404,"noindex,nofollow",/reviews/tecnifibre-tfight-300s-2025,,no,1,vertical_hold:tennis:disabled
/reviews/tecnifibre-wall-breaker-365,Review,padel,published,BLOCKED,HIDDEN_404,"noindex,nofollow",/reviews/tecnifibre-wall-breaker-365,,no,1,vertical_hold:padel:disabled
/reviews/therabody-theragun-mini-2,Review,running|recovery|fitness,published,DUPLICATIVE,PUBLIC_NOINDEX,"noindex,follow",/reviews/therabody-theragun-mini-2,,no,1,content_uniqueness_hold|decisionScore=100|words=3970|quality_not_launch_ready
/reviews/therabody-theragun-prime,Review,running|recovery|fitness,published,DUPLICATIVE,PUBLIC_NOINDEX,"noindex,follow",/reviews/therabody-theragun-prime,,no,1,content_uniqueness_hold|decisionScore=100|words=3942|quality_not_launch_ready
/reviews/therabody-theragun-pro,Review,running|recovery|fitness,published,DUPLICATIVE,PUBLIC_NOINDEX,"noindex,follow",/reviews/therabody-theragun-pro,,no,1,content_uniqueness_hold|decisionScore=100|words=4068|quality_not_launch_ready
/reviews/tifosi-rail,Review,running|cycling,published,DUPLICATIVE,PUBLIC_NOINDEX,"noindex,follow",/reviews/tifosi-rail,,no,1,content_uniqueness_hold|decisionScore=100|words=3938|quality_not_launch_ready
/reviews/tifosi-vogel,Review,running,published,DUPLICATIVE,PUBLIC_NOINDEX,"noindex,follow",/reviews/tifosi-vogel,,no,1,content_uniqueness_hold|decisionScore=100|words=4034|quality_not_launch_ready
/reviews/topo-athletic-phantom-3,Review,running,published,DUPLICATIVE,PUBLIC_NOINDEX,"noindex,follow",/reviews/topo-athletic-phantom-3,,no,1,content_uniqueness_hold|decisionScore=100|words=3885|quality_not_launch_ready
/reviews/topo-athletic-specter-2,Review,running,published,DUPLICATIVE,PUBLIC_NOINDEX,"noindex,follow",/reviews/topo-athletic-specter-2,,no,1,content_uniqueness_hold|decisionScore=100|words=3957|quality_not_launch_ready
/reviews/topo-athletic-terraventure-5,Review,running,published,DUPLICATIVE,PUBLIC_NOINDEX,"noindex,follow",/reviews/topo-athletic-terraventure-5,,no,1,content_uniqueness_hold|decisionScore=100|words=3964|quality_not_launch_ready
/reviews/tracksmith-brighton-ls-men,Review,running,published,DUPLICATIVE,PUBLIC_NOINDEX,"noindex,follow",/reviews/tracksmith-brighton-ls-men,,no,1,content_uniqueness_hold|decisionScore=100|words=4020|quality_not_launch_ready
/reviews/tracksmith-session-short-men,Review,running,published,DUPLICATIVE,PUBLIC_NOINDEX,"noindex,follow",/reviews/tracksmith-session-short-men,,no,1,content_uniqueness_hold|decisionScore=100|words=4056|quality_not_launch_ready
/reviews/tracksmith-session-short-women,Review,running,published,DUPLICATIVE,PUBLIC_NOINDEX,"noindex,follow",/reviews/tracksmith-session-short-women,,no,1,content_uniqueness_hold|decisionScore=100|words=3963|quality_not_launch_ready
/reviews/tracksmith-turnover-tight-women,Review,running,published,DUPLICATIVE,PUBLIC_NOINDEX,"noindex,follow",/reviews/tracksmith-turnover-tight-women,,no,1,content_uniqueness_hold|decisionScore=100|words=3904|quality_not_launch_ready
/reviews/tracksmith-twilight-half-men,Review,running,published,DUPLICATIVE,PUBLIC_NOINDEX,"noindex,follow",/reviews/tracksmith-twilight-half-men,,no,1,content_uniqueness_hold|decisionScore=100|words=3974|quality_not_launch_ready
/reviews/tracksmith-van-cortlandt-tee-men,Review,running,published,DUPLICATIVE,PUBLIC_NOINDEX,"noindex,follow",/reviews/tracksmith-van-cortlandt-tee-men,,no,1,content_uniqueness_hold|decisionScore=100|words=3925|quality_not_launch_ready
/reviews/triggerpoint-grid-travel,Review,running|recovery|fitness,published,DUPLICATIVE,PUBLIC_NOINDEX,"noindex,follow",/reviews/triggerpoint-grid-travel,,no,1,content_uniqueness_hold|decisionScore=100|words=3980|quality_not_launch_ready
/reviews/triggerpoint-grid-x,Review,running|recovery|fitness,published,DUPLICATIVE,PUBLIC_NOINDEX,"noindex,follow",/reviews/triggerpoint-grid-x,,no,1,content_uniqueness_hold|decisionScore=100|words=3909|quality_not_launch_ready
/reviews/tyr-cxt-1,Review,fitness|hyrox,published,BLOCKED,HIDDEN_404,"noindex,nofollow",/reviews/tyr-cxt-1,,no,1,vertical_hold:fitness:selective
/reviews/tyr-cxt-2,Review,fitness|hyrox,published,BLOCKED,HIDDEN_404,"noindex,nofollow",/reviews/tyr-cxt-2,,no,1,vertical_hold:fitness:selective
/reviews/tyr-cxt1-trainer,Review,fitness|hyrox,published,BLOCKED,HIDDEN_404,"noindex,nofollow",/reviews/tyr-cxt1-trainer,,no,1,vertical_hold:fitness:selective
/reviews/ua-charged-commit-4,Review,fitness,published,BLOCKED,HIDDEN_404,"noindex,nofollow",/reviews/ua-charged-commit-4,,no,1,vertical_hold:fitness:selective
/reviews/ua-project-rock-bsr-4,Review,fitness,published,BLOCKED,HIDDEN_404,"noindex,nofollow",/reviews/ua-project-rock-bsr-4,,no,1,vertical_hold:fitness:selective
/reviews/ua-reign-lifter,Review,fitness,published,BLOCKED,HIDDEN_404,"noindex,nofollow",/reviews/ua-reign-lifter,,no,1,vertical_hold:fitness:selective
/reviews/ua-tribase-reign-6,Review,fitness,published,BLOCKED,HIDDEN_404,"noindex,nofollow",/reviews/ua-tribase-reign-6,,no,1,vertical_hold:fitness:selective
/reviews/ultimate-direction-adventure-vest,Review,running,published,DUPLICATIVE,PUBLIC_NOINDEX,"noindex,follow",/reviews/ultimate-direction-adventure-vest,,no,1,content_uniqueness_hold|decisionScore=100|words=3985|quality_not_launch_ready
/reviews/ultimate-direction-body-bottle-500,Review,running,published,DUPLICATIVE,PUBLIC_NOINDEX,"noindex,follow",/reviews/ultimate-direction-body-bottle-500,,no,1,content_uniqueness_hold|decisionScore=100|words=3924|quality_not_launch_ready
/reviews/ultimate-direction-fastpack-20,Review,running,published,DUPLICATIVE,PUBLIC_NOINDEX,"noindex,follow",/reviews/ultimate-direction-fastpack-20,,no,1,content_uniqueness_hold|decisionScore=100|words=4021|quality_not_launch_ready
/reviews/ultimate-direction-fastpack-30,Review,running,published,DUPLICATIVE,PUBLIC_NOINDEX,"noindex,follow",/reviews/ultimate-direction-fastpack-30,,no,1,content_uniqueness_hold|decisionScore=100|words=4070|quality_not_launch_ready
/reviews/ultimate-direction-fastpack-her-20,Review,running,published,DUPLICATIVE,PUBLIC_NOINDEX,"noindex,follow",/reviews/ultimate-direction-fastpack-her-20,,no,1,content_uniqueness_hold|decisionScore=100|words=3946|quality_not_launch_ready
/reviews/ultimate-direction-race-belt,Review,running,published,DUPLICATIVE,PUBLIC_NOINDEX,"noindex,follow",/reviews/ultimate-direction-race-belt,,no,1,content_uniqueness_hold|decisionScore=100|words=3964|quality_not_launch_ready
/reviews/ultimate-direction-race-vest-6,Review,running,published,DUPLICATIVE,PUBLIC_NOINDEX,"noindex,follow",/reviews/ultimate-direction-race-vest-6,,no,1,content_uniqueness_hold|decisionScore=100|words=4017|quality_not_launch_ready
/reviews/ultimate-direction-ultra-belt,Review,running,published,DUPLICATIVE,PUBLIC_NOINDEX,"noindex,follow",/reviews/ultimate-direction-ultra-belt,,no,1,content_uniqueness_hold|decisionScore=100|words=3982|quality_not_launch_ready
/reviews/ultimate-direction-utility-bag,Review,running,published,DUPLICATIVE,PUBLIC_NOINDEX,"noindex,follow",/reviews/ultimate-direction-utility-bag,,no,1,content_uniqueness_hold|decisionScore=100|words=3978|quality_not_launch_ready
/reviews/ultraspire-alpha-6,Review,running,published,DUPLICATIVE,PUBLIC_NOINDEX,"noindex,follow",/reviews/ultraspire-alpha-6,,no,1,content_uniqueness_hold|decisionScore=100|words=3991|quality_not_launch_ready
/reviews/ultraspire-fitted-race-belt-2,Review,running,published,DUPLICATIVE,PUBLIC_NOINDEX,"noindex,follow",/reviews/ultraspire-fitted-race-belt-2,,no,1,content_uniqueness_hold|decisionScore=100|words=3968|quality_not_launch_ready
/reviews/ultraspire-spry-5,Review,running,published,DUPLICATIVE,PUBLIC_NOINDEX,"noindex,follow",/reviews/ultraspire-spry-5,,no,1,content_uniqueness_hold|decisionScore=100|words=3991|quality_not_launch_ready
/reviews/uswe-pace-8,Review,running,published,DUPLICATIVE,PUBLIC_NOINDEX,"noindex,follow",/reviews/uswe-pace-8,,no,1,content_uniqueness_hold|decisionScore=100|words=4031|quality_not_launch_ready
/reviews/varlion-lw-carbon-difusor-2026,Review,padel,published,BLOCKED,HIDDEN_404,"noindex,nofollow",/reviews/varlion-lw-carbon-difusor-2026,,no,1,vertical_hold:padel:disabled
/reviews/veloforte-energy-bar,Review,running|cycling,published,DUPLICATIVE,PUBLIC_NOINDEX,"noindex,follow",/reviews/veloforte-energy-bar,,no,1,content_uniqueness_hold|decisionScore=100|words=3915|quality_not_launch_ready
/reviews/veloforte-energy-chews,Review,running|cycling,published,DUPLICATIVE,PUBLIC_NOINDEX,"noindex,follow",/reviews/veloforte-energy-chews,,no,1,content_uniqueness_hold|decisionScore=100|words=3995|quality_not_launch_ready
/reviews/vivobarefoot-primus-lite-iii,Review,fitness,published,BLOCKED,HIDDEN_404,"noindex,nofollow",/reviews/vivobarefoot-primus-lite-iii,,no,1,vertical_hold:fitness:selective
/reviews/wahoo-tickr,Review,running|cycling|fitness,published,DUPLICATIVE,PUBLIC_NOINDEX,"noindex,follow",/reviews/wahoo-tickr,,no,1,content_uniqueness_hold|decisionScore=100|words=3941|quality_not_launch_ready
/reviews/wahoo-tickr-fit,Review,running|cycling|fitness|hyrox,published,DUPLICATIVE,PUBLIC_NOINDEX,"noindex,follow",/reviews/wahoo-tickr-fit,,no,1,content_uniqueness_hold|decisionScore=100|words=3957|quality_not_launch_ready
/reviews/wahoo-tickr-x,Review,running|cycling|fitness,published,DUPLICATIVE,PUBLIC_NOINDEX,"noindex,follow",/reviews/wahoo-tickr-x,,no,1,content_uniqueness_hold|decisionScore=100|words=3902|quality_not_launch_ready
/reviews/wahoo-trackr,Review,running|cycling|fitness|hyrox,published,DUPLICATIVE,PUBLIC_NOINDEX,"noindex,follow",/reviews/wahoo-trackr,,no,1,content_uniqueness_hold|decisionScore=100|words=3947|quality_not_launch_ready
/reviews/waterrower-a1,Review,fitness|hyrox,published,BLOCKED,HIDDEN_404,"noindex,nofollow",/reviews/waterrower-a1,,no,1,vertical_hold:fitness:selective
/reviews/wilson-bela-pro-v2-2026,Review,padel,published,BLOCKED,HIDDEN_404,"noindex,nofollow",/reviews/wilson-bela-pro-v2-2026,,no,1,vertical_hold:padel:disabled
/reviews/wilson-blade-100-v9,Review,tennis,published,BLOCKED,HIDDEN_404,"noindex,nofollow",/reviews/wilson-blade-100-v9,,no,1,vertical_hold:tennis:disabled
/reviews/wilson-blade-98-v8,Review,tennis,published,BLOCKED,HIDDEN_404,"noindex,nofollow",/reviews/wilson-blade-98-v8,,no,1,vertical_hold:tennis:disabled
/reviews/wilson-blade-98-v9,Review,tennis,published,BLOCKED,HIDDEN_404,"noindex,nofollow",/reviews/wilson-blade-98-v9,,no,1,vertical_hold:tennis:disabled
/reviews/wilson-blade-pro-v2-padel-2026,Review,padel,published,BLOCKED,HIDDEN_404,"noindex,nofollow",/reviews/wilson-blade-pro-v2-padel-2026,,no,1,vertical_hold:padel:disabled
/reviews/wilson-clash-100-v2,Review,tennis,published,BLOCKED,HIDDEN_404,"noindex,nofollow",/reviews/wilson-clash-100-v2,,no,1,vertical_hold:tennis:disabled
/reviews/wilson-clash-100-v3,Review,tennis,published,BLOCKED,HIDDEN_404,"noindex,nofollow",/reviews/wilson-clash-100-v3,,no,1,vertical_hold:tennis:disabled
/reviews/wilson-padel-overgrip-pack,Review,padel,published,BLOCKED,HIDDEN_404,"noindex,nofollow",/reviews/wilson-padel-overgrip-pack,,no,1,vertical_hold:padel:disabled
/reviews/wilson-rush-pro-4-0,Review,tennis,published,BLOCKED,HIDDEN_404,"noindex,nofollow",/reviews/wilson-rush-pro-4-0,,no,1,vertical_hold:tennis:disabled
/reviews/wilson-rush-pro-5-padel,Review,padel|tennis,published,BLOCKED,HIDDEN_404,"noindex,nofollow",/reviews/wilson-rush-pro-5-padel,,no,1,vertical_hold:padel:disabled
/reviews/wilson-rush-pro-ace,Review,tennis|padel,published,BLOCKED,HIDDEN_404,"noindex,nofollow",/reviews/wilson-rush-pro-ace,,no,1,vertical_hold:tennis:disabled
/reviews/woodway-curve-trainer,Review,fitness|hyrox,published,BLOCKED,HIDDEN_404,"noindex,nofollow",/reviews/woodway-curve-trainer,,no,1,vertical_hold:fitness:selective
/reviews/wrightsock-coolmesh-ii,Review,running,published,DUPLICATIVE,PUBLIC_NOINDEX,"noindex,follow",/reviews/wrightsock-coolmesh-ii,,no,1,content_uniqueness_hold|decisionScore=100|words=3961|quality_not_launch_ready
/reviews/xebex-ski-erg,Review,fitness|hyrox,published,BLOCKED,HIDDEN_404,"noindex,nofollow",/reviews/xebex-ski-erg,,no,1,vertical_hold:fitness:selective
/reviews/xero-prio,Review,fitness,published,BLOCKED,HIDDEN_404,"noindex,nofollow",/reviews/xero-prio,,no,1,vertical_hold:fitness:selective
/reviews/yonex-ezone-100-2025,Review,tennis,published,BLOCKED,HIDDEN_404,"noindex,nofollow",/reviews/yonex-ezone-100-2025,,no,1,vertical_hold:tennis:disabled
/reviews/yonex-ezone-98-2024,Review,tennis,published,BLOCKED,HIDDEN_404,"noindex,nofollow",/reviews/yonex-ezone-98-2024,,no,1,vertical_hold:tennis:disabled
/reviews/yonex-vcore-100-2023,Review,tennis,published,BLOCKED,HIDDEN_404,"noindex,nofollow",/reviews/yonex-vcore-100-2023,,no,1,vertical_hold:tennis:disabled
/reviews/yonex-vcore-98-2026,Review,tennis,published,BLOCKED,HIDDEN_404,"noindex,nofollow",/reviews/yonex-vcore-98-2026,,no,1,vertical_hold:tennis:disabled
/running,Sport,running,published,N/A,INDEXABLE,"index,follow",/running,200,yes,5,vertical_enabled:running
/running/accessories,CategorySoftGated,running,published_soft_gated,N/A,PUBLIC_NOINDEX,"noindex,follow",/running/accessories,,no,0,soft_gated_category
/running/belts,Category,running,published,N/A,INDEXABLE,"index,follow",/running/belts,200,yes,0,category_under_indexable_sport
/running/clothing,CategorySoftGated,running,published_soft_gated,N/A,PUBLIC_NOINDEX,"noindex,follow",/running/clothing,,no,0,soft_gated_category
/running/headphones,Category,running,published,N/A,INDEXABLE,"index,follow",/running/headphones,200,yes,0,category_under_indexable_sport
/running/heart-rate-monitors,Category,running,published,N/A,INDEXABLE,"index,follow",/running/heart-rate-monitors,200,yes,0,category_under_indexable_sport
/running/hydration,Category,running,published,N/A,INDEXABLE,"index,follow",/running/hydration,200,yes,0,category_under_indexable_sport
/running/lights,Category,running,published,N/A,INDEXABLE,"index,follow",/running/lights,200,yes,0,category_under_indexable_sport
/running/nutrition,CategorySoftGated,running,published_soft_gated,N/A,PUBLIC_NOINDEX,"noindex,follow",/running/nutrition,,no,0,soft_gated_category
/running/packs,Category,running,published,N/A,INDEXABLE,"index,follow",/running/packs,200,yes,0,category_under_indexable_sport
/running/racing,SportDiscipline,running,published,N/A,INDEXABLE,"index,follow",/running/racing,200,yes,0,discipline_under_indexable_sport
/running/recovery,Category,running,published,N/A,INDEXABLE,"index,follow",/running/recovery,200,yes,0,category_under_indexable_sport
/running/road,SportDiscipline,running,published,N/A,INDEXABLE,"index,follow",/running/road,200,yes,0,discipline_under_indexable_sport
/running/safety,Category,running,published,N/A,INDEXABLE,"index,follow",/running/safety,200,yes,0,category_under_indexable_sport
/running/shoes,Category,running,published,N/A,INDEXABLE,"index,follow",/running/shoes,200,yes,0,category_under_indexable_sport
/running/shoes/daily-trainers,Subcategory,running,published,N/A,INDEXABLE,"index,follow",/running/shoes/daily-trainers,200,yes,0,use_case_listing
/running/shoes/heavy-runners,Subcategory,running,published,N/A,INDEXABLE,"index,follow",/running/shoes/heavy-runners,200,yes,0,use_case_listing
/running/shoes/race,Subcategory,running,published,N/A,INDEXABLE,"index,follow",/running/shoes/race,200,yes,0,use_case_listing
/running/shoes/stability,Subcategory,running,published,N/A,INDEXABLE,"index,follow",/running/shoes/stability,200,yes,0,use_case_listing
/running/shoes/trail,Subcategory,running,published,N/A,INDEXABLE,"index,follow",/running/shoes/trail,200,yes,0,use_case_listing
/running/socks,Category,running,published,N/A,INDEXABLE,"index,follow",/running/socks,200,yes,0,category_under_indexable_sport
/running/sunglasses,CategorySoftGated,running,published_soft_gated,N/A,PUBLIC_NOINDEX,"noindex,follow",/running/sunglasses,,no,0,soft_gated_category
/running/track,SportDiscipline,running,published,N/A,INDEXABLE,"index,follow",/running/track,200,yes,0,discipline_under_indexable_sport
/running/trail,SportDiscipline,running,published,N/A,INDEXABLE,"index,follow",/running/trail,200,yes,0,discipline_under_indexable_sport
/running/treadmill,SportDiscipline,running,published,N/A,INDEXABLE,"index,follow",/running/treadmill,200,yes,0,discipline_under_indexable_sport
/running/ultra,SportDiscipline,running,published,N/A,INDEXABLE,"index,follow",/running/ultra,200,yes,0,discipline_under_indexable_sport
/running/watches,Category,running,published,N/A,INDEXABLE,"index,follow",/running/watches,200,yes,0,category_under_indexable_sport
/scoring-methodology,Static,,published,N/A,INDEXABLE,"index,follow",/scoring-methodology,200,yes,0,static_trust_or_hub
/setups,Static,,published,N/A,INDEXABLE,"index,follow",/setups,200,yes,1,static_trust_or_hub
/setups/apartment-fitness-setup,Setup,fitness,published,BLOCKED,HIDDEN_404,"noindex,nofollow",/setups/apartment-fitness-setup,,no,0,vertical_hold:fitness:selective
/setups/beginner-home-gym,Setup,fitness,published,BLOCKED,HIDDEN_404,"noindex,nofollow",/setups/beginner-home-gym,,no,0,vertical_hold:fitness:selective
/setups/beginner-running-setup,Setup,running,published,N/A,INDEXABLE,"index,follow",/setups/beginner-running-setup,200,yes,0,setup_published
/setups/budget-home-gym,Setup,fitness,published,BLOCKED,HIDDEN_404,"noindex,nofollow",/setups/budget-home-gym,,no,0,vertical_hold:fitness:selective
/setups/calisthenics-home-setup,Setup,calisthenics,published,BLOCKED,HIDDEN_404,"noindex,nofollow",/setups/calisthenics-home-setup,,no,0,vertical_hold:calisthenics:disabled
/setups/first-hyrox-setup,Setup,hyrox,published,BLOCKED,HIDDEN_404,"noindex,nofollow",/setups/first-hyrox-setup,,no,0,vertical_hold:hyrox:disabled
/setups/first-marathon-kit,Setup,running,published,N/A,INDEXABLE,"index,follow",/setups/first-marathon-kit,200,yes,0,setup_published
/setups/garage-strength-gym,Setup,fitness,published,BLOCKED,HIDDEN_404,"noindex,nofollow",/setups/garage-strength-gym,,no,0,vertical_hold:fitness:selective
/setups/half-marathon-kit,Setup,running,published,N/A,INDEXABLE,"index,follow",/setups/half-marathon-kit,200,yes,0,setup_published
/setups/hyrox-home-conditioning,Setup,hyrox,published,BLOCKED,HIDDEN_404,"noindex,nofollow",/setups/hyrox-home-conditioning,,no,0,vertical_hold:hyrox:disabled
/setups/hyrox-home-training,Setup,hyrox,published,BLOCKED,HIDDEN_404,"noindex,nofollow",/setups/hyrox-home-training,,no,0,vertical_hold:hyrox:disabled
/setups/hyrox-race-day-kit,Setup,hyrox,published,BLOCKED,HIDDEN_404,"noindex,nofollow",/setups/hyrox-race-day-kit,,no,0,vertical_hold:hyrox:disabled
/setups/marathon-race-day-kit,Setup,running,published,N/A,INDEXABLE,"index,follow",/setups/marathon-race-day-kit,200,yes,0,setup_published
/setups/padel-starter-kit,Setup,padel,published,BLOCKED,HIDDEN_404,"noindex,nofollow",/setups/padel-starter-kit,,no,0,vertical_hold:padel:disabled
/setups/tennis-starter-kit,Setup,tennis,published,BLOCKED,HIDDEN_404,"noindex,nofollow",/setups/tennis-starter-kit,,no,0,vertical_hold:tennis:disabled
/setups/trail-running-starter-kit,Setup,running,published,N/A,INDEXABLE,"index,follow",/setups/trail-running-starter-kit,200,yes,0,setup_published
/squash,Sport,squash,published,N/A,PUBLIC_NOINDEX,"noindex,follow",/squash,,no,0,vertical_hub_hold:sport-squash:disabled
/squash/rackets,CategorySoftGated,squash,published_soft_gated,N/A,PUBLIC_NOINDEX,"noindex,follow",/squash/rackets,,no,0,soft_gated_category
/swimming,Sport,swimming,published,BLOCKED,HIDDEN_404,"noindex,nofollow",/swimming,,no,0,sport_not_live:coming-soon
/target,Sport,target,published,BLOCKED,HIDDEN_404,"noindex,nofollow",/target,,no,0,sport_not_live:coming-soon
/tennis,Sport,tennis,published,N/A,PUBLIC_NOINDEX,"noindex,follow",/tennis,,no,0,vertical_hub_hold:tennis:disabled
/terms,Static,,published,N/A,INDEXABLE,"index,follow",/terms,200,yes,0,static_trust_or_hub
/tools,Static,,published,N/A,INDEXABLE,"index,follow",/tools,200,yes,2,static_trust_or_hub
/tools/adjustable-dumbbell-finder,Finder,fitness,available,BLOCKED,HIDDEN_404,"noindex,nofollow",/tools/adjustable-dumbbell-finder,,no,1,vertical_hold:fitness:selective
/tools/fitness-watch-finder,Finder,running|fitness,published,N/A,INDEXABLE,"index,follow",/tools/fitness-watch-finder,200,yes,1,tool_available
/tools/home-gym-builder,Tool,fitness,available,BLOCKED,HIDDEN_404,"noindex,nofollow",/tools/home-gym-builder,,no,1,vertical_hold:fitness:selective
/tools/hyrox-race-kit-builder,Tool,hyrox|fitness,available,BLOCKED,HIDDEN_404,"noindex,nofollow",/tools/hyrox-race-kit-builder,,no,1,vertical_hold:fitness:selective
/tools/hyrox-race-time-calculator,Calculator,hyrox|fitness,available,BLOCKED,HIDDEN_404,"noindex,nofollow",/tools/hyrox-race-time-calculator,,no,1,vertical_hold:fitness:selective
/tools/hyrox-shoe-finder,Finder,fitness|hyrox,available,BLOCKED,HIDDEN_404,"noindex,nofollow",/tools/hyrox-shoe-finder,,no,1,vertical_hold:fitness:selective
/tools/one-rep-max-calculator,Calculator,fitness,available,BLOCKED,HIDDEN_404,"noindex,nofollow",/tools/one-rep-max-calculator,,no,1,vertical_hold:fitness:selective
/tools/padel-racket-finder,Finder,padel,available,BLOCKED,HIDDEN_404,"noindex,nofollow",/tools/padel-racket-finder,,no,1,vertical_hold:padel:disabled
/tools/plate-calculator,Calculator,fitness,available,BLOCKED,HIDDEN_404,"noindex,nofollow",/tools/plate-calculator,,no,1,vertical_hold:fitness:selective
/tools/power-rack-finder,Finder,fitness,available,BLOCKED,HIDDEN_404,"noindex,nofollow",/tools/power-rack-finder,,no,1,vertical_hold:fitness:selective
/tools/pull-up-bar-finder,Finder,fitness|calisthenics,available,BLOCKED,HIDDEN_404,"noindex,nofollow",/tools/pull-up-bar-finder,,no,1,vertical_hold:fitness:selective
/tools/race-time-predictor,Calculator,running,published,N/A,INDEXABLE,"index,follow",/tools/race-time-predictor,200,yes,1,tool_available
/tools/running-accessories-finder,Finder,running,published,N/A,INDEXABLE,"index,follow",/tools/running-accessories-finder,200,yes,1,tool_available
/tools/running-clothing-finder,Finder,running,published,N/A,INDEXABLE,"index,follow",/tools/running-clothing-finder,200,yes,1,tool_available
/tools/running-fuel-finder,Finder,running,published,N/A,INDEXABLE,"index,follow",/tools/running-fuel-finder,200,yes,1,tool_available
/tools/running-hrm-finder,Finder,running,published,N/A,INDEXABLE,"index,follow",/tools/running-hrm-finder,200,yes,1,tool_available
/tools/running-hydration-finder,Finder,running,published,N/A,INDEXABLE,"index,follow",/tools/running-hydration-finder,200,yes,1,tool_available
/tools/running-pace-calculator,Calculator,running,published,N/A,INDEXABLE,"index,follow",/tools/running-pace-calculator,200,yes,1,tool_available
/tools/running-recovery-finder,Finder,running,published,N/A,INDEXABLE,"index,follow",/tools/running-recovery-finder,200,yes,1,tool_available
/tools/running-shoe-finder,Finder,running,published,N/A,INDEXABLE,"index,follow",/tools/running-shoe-finder,200,yes,1,tool_available
/tools/shoe-rotation-planner,Tool,running,published,N/A,INDEXABLE,"index,follow",/tools/shoe-rotation-planner,200,yes,1,tool_available
/tools/tennis-racket-finder,Finder,tennis,available,BLOCKED,HIDDEN_404,"noindex,nofollow",/tools/tennis-racket-finder,,no,1,vertical_hold:tennis:disabled
/tools/training-shoe-finder,Finder,fitness,available,BLOCKED,HIDDEN_404,"noindex,nofollow",/tools/training-shoe-finder,,no,1,vertical_hold:fitness:selective
/tools/treadmill-finder,Finder,fitness,available,BLOCKED,HIDDEN_404,"noindex,nofollow",/tools/treadmill-finder,,no,1,vertical_hold:fitness:selective
/watersports,Sport,watersports,published,BLOCKED,HIDDEN_404,"noindex,nofollow",/watersports,,no,0,sport_not_live:coming-soon
/winter,Sport,winter,published,BLOCKED,HIDDEN_404,"noindex,nofollow",/winter,,no,0,sport_not_live:coming-soon
