url,type,sport,quality,indexable,ready,robots,publicationState,reasons,in_sitemap
/,home,running,N/A,yes,yes,"index,follow",published,,yes
/about,sitemap,,,yes,no,"index,follow",published,,yes
/affiliate-disclosure,sitemap,,,yes,no,"index,follow",published,,yes
/authors,sitemap,,,yes,no,"index,follow",published,,yes
/authors/kitletics-editorial,sitemap,,,yes,no,"index,follow",published,,yes
/best,sitemap,,,yes,no,"index,follow",published,,yes
/best/carbon-plated-running-shoes,best,,LAUNCH_READY,yes,yes,"index,follow",published,contextualDepth=high|editorial_ready,yes
/best/daily-trainers,best,,LAUNCH_READY,yes,yes,"index,follow",published,contextualDepth=high|editorial_ready,yes
/best/handheld-running-bottles,best,,LAUNCH_READY,yes,yes,"index,follow",published,contextualDepth=high|editorial_ready,yes
/best/heart-rate-monitors-chest-straps,best,,LAUNCH_READY,yes,yes,"index,follow",published,contextualDepth=high|editorial_ready,yes
/best/heart-rate-monitors-intervals,best,,LAUNCH_READY,yes,yes,"index,follow",published,contextualDepth=high|editorial_ready,yes
/best/heart-rate-monitors-running,best,,LAUNCH_READY,yes,yes,"index,follow",published,contextualDepth=high|editorial_ready,yes
/best/hydration-marathon-training,best,,LAUNCH_READY,yes,yes,"index,follow",published,contextualDepth=high|editorial_ready,yes
/best/hydration-vests-trail,best,,LAUNCH_READY,yes,yes,"index,follow",published,contextualDepth=high|editorial_ready,yes
/best/hydration-vests-ultra,best,,LAUNCH_READY,yes,yes,"index,follow",published,contextualDepth=high|editorial_ready,yes
/best/marathon-shoes,best,,LAUNCH_READY,yes,yes,"index,follow",published,contextualDepth=high|editorial_ready,yes
/best/max-cushion-running-shoes,best,,LAUNCH_READY,yes,yes,"index,follow",published,contextualDepth=high|editorial_ready,yes
/best/race-shoes,best,,LAUNCH_READY,yes,yes,"index,follow",published,contextualDepth=high|editorial_ready,yes
/best/running-belts,best,,LAUNCH_READY,yes,yes,"index,follow",published,contextualDepth=high|editorial_ready,yes
/best/running-clothing-hot-weather,best,,LAUNCH_READY,yes,yes,"index,follow",published,contextualDepth=high|editorial_ready,yes
/best/running-gear-winter,best,,LAUNCH_READY,yes,yes,"index,follow",published,contextualDepth=high|editorial_ready,yes
/best/running-headlamps,best,,LAUNCH_READY,yes,yes,"index,follow",published,contextualDepth=high|editorial_ready,yes
/best/running-headphones,best,,LAUNCH_READY,yes,yes,"index,follow",published,contextualDepth=high|editorial_ready,yes
/best/running-hydration-vests,best,,LAUNCH_READY,yes,yes,"index,follow",published,contextualDepth=high|editorial_ready,yes
/best/running-jackets,best,,LAUNCH_READY,yes,yes,"index,follow",published,contextualDepth=high|editorial_ready,yes
/best/running-packs,best,,LAUNCH_READY,yes,yes,"index,follow",published,contextualDepth=high|editorial_ready,yes
/best/running-race-fuel,best,,LAUNCH_READY,yes,yes,"index,follow",published,contextualDepth=high|editorial_ready,yes
/best/running-rain-jackets,best,,LAUNCH_READY,yes,yes,"index,follow",published,contextualDepth=high|editorial_ready,yes
/best/running-recovery-gear,best,,LAUNCH_READY,yes,yes,"index,follow",published,contextualDepth=high|editorial_ready,yes
/best/running-safety-visibility,best,,LAUNCH_READY,yes,yes,"index,follow",published,contextualDepth=high|editorial_ready,yes
/best/running-shoes,best,,LAUNCH_READY,yes,yes,"index,follow",published,contextualDepth=high|editorial_ready,yes
/best/running-shoes-beginners,best,,LAUNCH_READY,yes,yes,"index,follow",published,contextualDepth=high|editorial_ready,yes
/best/running-shoes-heavy-runners,best,,LAUNCH_READY,yes,yes,"index,follow",published,contextualDepth=high|editorial_ready,yes
/best/running-shoes-long-runs,best,,LAUNCH_READY,yes,yes,"index,follow",published,contextualDepth=high|editorial_ready,yes
/best/running-shoes-wide-feet,best,,LAUNCH_READY,yes,yes,"index,follow",published,contextualDepth=high|editorial_ready,yes
/best/running-shorts,best,,LAUNCH_READY,yes,yes,"index,follow",published,contextualDepth=high|editorial_ready,yes
/best/running-socks,best,,LAUNCH_READY,yes,yes,"index,follow",published,contextualDepth=high|editorial_ready,yes
/best/running-sunglasses,best,,LAUNCH_READY,yes,yes,"index,follow",published,contextualDepth=high|editorial_ready,yes
/best/running-tights,best,,LAUNCH_READY,yes,yes,"index,follow",published,contextualDepth=high|editorial_ready,yes
/best/running-watches,best,,LAUNCH_READY,yes,yes,"index,follow",published,contextualDepth=high|editorial_ready,yes
/best/running-watches-beginners,best,,LAUNCH_READY,yes,yes,"index,follow",published,contextualDepth=high|editorial_ready,yes
/best/running-watches-budget,best,,LAUNCH_READY,yes,yes,"index,follow",published,contextualDepth=high|editorial_ready,yes
/best/running-watches-marathon,best,,LAUNCH_READY,yes,yes,"index,follow",published,contextualDepth=high|editorial_ready,yes
/best/running-watches-music,best,,LAUNCH_READY,yes,yes,"index,follow",published,contextualDepth=high|editorial_ready,yes
/best/running-watches-small-wrists,best,,LAUNCH_READY,yes,yes,"index,follow",published,contextualDepth=high|editorial_ready,yes
/best/running-watches-trail,best,,LAUNCH_READY,yes,yes,"index,follow",published,contextualDepth=high|editorial_ready,yes
/best/running-watches-ultra,best,,LAUNCH_READY,yes,yes,"index,follow",published,contextualDepth=high|editorial_ready,yes
/best/stability-running-shoes,best,,LAUNCH_READY,yes,yes,"index,follow",published,contextualDepth=high|editorial_ready,yes
/best/tempo-running-shoes,best,,LAUNCH_READY,yes,yes,"index,follow",published,contextualDepth=high|editorial_ready,yes
/best/trail-running-shoes,best,,LAUNCH_READY,yes,yes,"index,follow",published,contextualDepth=high|editorial_ready,yes
/brands,sitemap,,,yes,no,"index,follow",published,,yes
/brands/adidas,brand,,N/A,yes,yes,"index,follow",published,brand_hub_ok,yes
/brands/adidas-padel,brand,,N/A,yes,yes,"index,follow",published,brand_hub_ok,yes
/brands/altra,brand,,N/A,yes,yes,"index,follow",published,brand_hub_ok,yes
/brands/amphipod,brand,,N/A,yes,yes,"index,follow",published,brand_hub_ok,yes
/brands/apple,brand,,N/A,yes,yes,"index,follow",published,brand_hub_ok,yes
/brands/asics,brand,,N/A,yes,yes,"index,follow",published,brand_hub_ok,yes
/brands/assault-fitness,brand,,N/A,yes,yes,"index,follow",published,brand_hub_ok,yes
/brands/babolat,brand,,N/A,yes,yes,"index,follow",published,brand_hub_ok,yes
/brands/black-diamond,brand,,N/A,yes,yes,"index,follow",published,brand_hub_ok,yes
/brands/blackroll,brand,,N/A,yes,yes,"index,follow",published,brand_hub_ok,yes
/brands/brooks,brand,,N/A,yes,yes,"index,follow",published,brand_hub_ok,yes
/brands/buff,brand,,N/A,yes,yes,"index,follow",published,brand_hub_ok,yes
/brands/bullpadel,brand,,N/A,yes,yes,"index,follow",published,brand_hub_ok,yes
/brands/camelbak,brand,,N/A,yes,yes,"index,follow",published,brand_hub_ok,yes
/brands/cep,brand,,N/A,yes,yes,"index,follow",published,brand_hub_ok,yes
/brands/concept2,brand,,N/A,yes,yes,"index,follow",published,brand_hub_ok,yes
/brands/coros,brand,,N/A,yes,yes,"index,follow",published,brand_hub_ok,yes
/brands/craft,brand,,N/A,yes,yes,"index,follow",published,brand_hub_ok,yes
/brands/eleiko,brand,,N/A,yes,yes,"index,follow",published,brand_hub_ok,yes
/brands/garmin,brand,,N/A,yes,yes,"index,follow",published,brand_hub_ok,yes
/brands/gu-energy,brand,,N/A,yes,yes,"index,follow",published,brand_hub_ok,yes
/brands/head,brand,,N/A,yes,yes,"index,follow",published,brand_hub_ok,yes
/brands/hoka,brand,,N/A,yes,yes,"index,follow",published,brand_hub_ok,yes
/brands/hydrapak,brand,,N/A,yes,yes,"index,follow",published,brand_hub_ok,yes
/brands/hyperice,brand,,N/A,yes,yes,"index,follow",published,brand_hub_ok,yes
/brands/janji,brand,,N/A,yes,yes,"index,follow",published,brand_hub_ok,yes
/brands/julbo,brand,,N/A,yes,yes,"index,follow",published,brand_hub_ok,yes
/brands/maurten,brand,,N/A,yes,yes,"index,follow",published,brand_hub_ok,yes
/brands/mirafit,brand,,N/A,yes,yes,"index,follow",published,brand_hub_ok,yes
/brands/nathan,brand,,N/A,yes,yes,"index,follow",published,brand_hub_ok,yes
/brands/new-balance,brand,,N/A,yes,yes,"index,follow",published,brand_hub_ok,yes
/brands/nike,brand,,N/A,yes,yes,"index,follow",published,brand_hub_ok,yes
/brands/nox,brand,,N/A,yes,yes,"index,follow",published,brand_hub_ok,yes
/brands/oakley,brand,,N/A,yes,yes,"index,follow",published,brand_hub_ok,yes
/brands/on,brand,,N/A,yes,yes,"index,follow",published,brand_hub_ok,yes
/brands/osprey,brand,,N/A,yes,yes,"index,follow",published,brand_hub_ok,yes
/brands/patagonia,brand,,N/A,yes,yes,"index,follow",published,brand_hub_ok,yes
/brands/petzl,brand,,N/A,yes,yes,"index,follow",published,brand_hub_ok,yes
/brands/polar,brand,,N/A,yes,yes,"index,follow",published,brand_hub_ok,yes
/brands/precision-fuel-hydration,brand,,N/A,yes,yes,"index,follow",published,brand_hub_ok,yes
/brands/rep-fitness,brand,,N/A,yes,yes,"index,follow",published,brand_hub_ok,yes
/brands/rogue,brand,,N/A,yes,yes,"index,follow",published,brand_hub_ok,yes
/brands/salomon,brand,,N/A,yes,yes,"index,follow",published,brand_hub_ok,yes
/brands/saucony,brand,,N/A,yes,yes,"index,follow",published,brand_hub_ok,yes
/brands/science-in-sport,brand,,N/A,yes,yes,"index,follow",published,brand_hub_ok,yes
/brands/shokz,brand,,N/A,yes,yes,"index,follow",published,brand_hub_ok,yes
/brands/suunto,brand,,N/A,yes,yes,"index,follow",published,brand_hub_ok,yes
/brands/tecnifibre,brand,,N/A,yes,yes,"index,follow",published,brand_hub_ok,yes
/brands/therabody,brand,,N/A,yes,yes,"index,follow",published,brand_hub_ok,yes
/brands/topo-athletic,brand,,N/A,yes,yes,"index,follow",published,brand_hub_ok,yes
/brands/tracksmith,brand,,N/A,yes,yes,"index,follow",published,brand_hub_ok,yes
/brands/ultimate-direction,brand,,N/A,yes,yes,"index,follow",published,brand_hub_ok,yes
/brands/ultraspire,brand,,N/A,yes,yes,"index,follow",published,brand_hub_ok,yes
/brands/wahoo,brand,,N/A,yes,yes,"index,follow",published,brand_hub_ok,yes
/brands/wilson,brand,,N/A,yes,yes,"index,follow",published,brand_hub_ok,yes
/brands/yonex,brand,,N/A,yes,yes,"index,follow",published,brand_hub_ok,yes
/compare,sitemap,,,yes,no,"index,follow",published,,yes
/compare/apple-watch-ultra-3-vs-apple-watch-ultra-2,comparison,,MEANINGFUL,yes,yes,"index,follow",published,meaningful_decision_page|editorial_ready,yes
/compare/asics-gel-kayano-32-vs-brooks-adrenaline-gts-25,comparison,,MEANINGFUL,yes,yes,"index,follow",published,meaningful_decision_page|editorial_ready,yes
/compare/asics-novablast-4-vs-asics-novablast-5,comparison,,MEANINGFUL,yes,yes,"index,follow",published,meaningful_decision_page|editorial_ready,yes
/compare/asics-novablast-5-vs-asics-gel-nimbus-27,comparison,,MEANINGFUL,yes,yes,"index,follow",published,meaningful_decision_page|editorial_ready,yes
/compare/asics-novablast-5-vs-brooks-ghost-16,comparison,,MEANINGFUL,yes,yes,"index,follow",published,meaningful_decision_page|editorial_ready,yes
/compare/asics-novablast-6-vs-asics-gel-nimbus-27,comparison,,MEANINGFUL,yes,yes,"index,follow",published,meaningful_decision_page|editorial_ready,yes
/compare/asics-novablast-6-vs-asics-novablast-5,comparison,,MEANINGFUL,yes,yes,"index,follow",published,meaningful_decision_page|editorial_ready,yes
/compare/asics-novablast-6-vs-brooks-ghost-18,comparison,,MEANINGFUL,yes,yes,"index,follow",published,meaningful_decision_page|editorial_ready,yes
/compare/asics-novablast-6-vs-hoka-clifton-10,comparison,,MEANINGFUL,yes,yes,"index,follow",published,meaningful_decision_page|editorial_ready,yes
/compare/black-diamond-distance-22-vs-ultimate-direction-fastpack-20,comparison,,MEANINGFUL,yes,yes,"index,follow",published,meaningful_decision_page|editorial_ready,yes
/compare/black-diamond-spot-400-r-vs-petzl-actik-core,comparison,,MEANINGFUL,yes,yes,"index,follow",published,meaningful_decision_page|editorial_ready,yes
/compare/brooks-ghost-18-vs-nike-pegasus-42,comparison,,MEANINGFUL,yes,yes,"index,follow",published,meaningful_decision_page|editorial_ready,yes
/compare/camelbak-zephyr-pro-vs-camelbak-apex-pro,comparison,,MEANINGFUL,yes,yes,"index,follow",published,meaningful_decision_page|editorial_ready,yes
/compare/clif-bloks-vs-gu-chews,comparison,,MEANINGFUL,yes,yes,"index,follow",published,meaningful_decision_page|editorial_ready,yes
/compare/coros-apex-4-vs-garmin-fenix-8,comparison,,MEANINGFUL,yes,yes,"index,follow",published,meaningful_decision_page|editorial_ready,yes
/compare/coros-hrm-vs-polar-verity-sense,comparison,,MEANINGFUL,yes,yes,"index,follow",published,meaningful_decision_page|editorial_ready,yes
/compare/coros-pace-4-vs-garmin-forerunner-165,comparison,,MEANINGFUL,yes,yes,"index,follow",published,meaningful_decision_page|editorial_ready,yes
/compare/coros-pace-pro-vs-coros-pace-4,comparison,,MEANINGFUL,yes,yes,"index,follow",published,meaningful_decision_page|editorial_ready,yes
/compare/feetures-elite-vs-darn-tough-run,comparison,,MEANINGFUL,yes,yes,"index,follow",published,meaningful_decision_page|editorial_ready,yes
/compare/flipbelt-classic-vs-naked-running-band,comparison,,MEANINGFUL,yes,yes,"index,follow",published,meaningful_decision_page|editorial_ready,yes
/compare/garmin-fenix-8-vs-garmin-forerunner-970,comparison,,MEANINGFUL,yes,yes,"index,follow",published,meaningful_decision_page|editorial_ready,yes
/compare/garmin-forerunner-970-vs-coros-pace-pro,comparison,,MEANINGFUL,yes,yes,"index,follow",published,meaningful_decision_page|editorial_ready,yes
/compare/garmin-forerunner-970-vs-garmin-forerunner-965,comparison,,MEANINGFUL,yes,yes,"index,follow",published,meaningful_decision_page|editorial_ready,yes
/compare/garmin-hrm-600-vs-hrm-pro-plus,comparison,,MEANINGFUL,yes,yes,"index,follow",published,meaningful_decision_page|editorial_ready,yes
/compare/garmin-hrm-600-vs-polar-h10,comparison,,MEANINGFUL,yes,yes,"index,follow",published,meaningful_decision_page|editorial_ready,yes
/compare/garmin-hrm-pro-plus-vs-polar-h10,comparison,,MEANINGFUL,yes,yes,"index,follow",published,meaningful_decision_page|editorial_ready,yes
/compare/garmin-vivoactive-6-vs-garmin-forerunner-165,comparison,,MEANINGFUL,yes,yes,"index,follow",published,meaningful_decision_page|editorial_ready,yes
/compare/hoka-speedgoat-6-vs-saucony-peregrine-15,comparison,,MEANINGFUL,yes,yes,"index,follow",published,meaningful_decision_page|editorial_ready,yes
/compare/hydrapak-softflask-speed-500-vs-hydrapak-skyflask-speed-500,comparison,,MEANINGFUL,yes,yes,"index,follow",published,meaningful_decision_page|editorial_ready,yes
/compare/julbo-ultimate-vs-smith-shift-mag,comparison,,MEANINGFUL,yes,yes,"index,follow",published,meaningful_decision_page|editorial_ready,yes
/compare/maurten-drink-mix-320-vs-tailwind-endurance,comparison,,MEANINGFUL,yes,yes,"index,follow",published,meaningful_decision_page|editorial_ready,yes
/compare/maurten-gel-100-vs-precision-pf30-gel,comparison,,MEANINGFUL,yes,yes,"index,follow",published,meaningful_decision_page|editorial_ready,yes
/compare/maurten-gel-100-vs-sis-go-isotonic-gel,comparison,,MEANINGFUL,yes,yes,"index,follow",published,meaningful_decision_page|editorial_ready,yes
/compare/nathan-peak-vs-ultimate-direction-race-belt,comparison,,MEANINGFUL,yes,yes,"index,follow",published,meaningful_decision_page|editorial_ready,yes
/compare/nathan-streak-vs-proviz-reflect360,comparison,,MEANINGFUL,yes,yes,"index,follow",published,meaningful_decision_page|editorial_ready,yes
/compare/nathan-vaporair-4-vs-salomon-adv-skin-5,comparison,,MEANINGFUL,yes,yes,"index,follow",published,meaningful_decision_page|editorial_ready,yes
/compare/nike-miler-vs-patagonia-capilene-cool,comparison,,MEANINGFUL,yes,yes,"index,follow",published,meaningful_decision_page|editorial_ready,yes
/compare/nike-vaporfly-4-vs-nike-alphafly-3,comparison,,MEANINGFUL,yes,yes,"index,follow",published,meaningful_decision_page|editorial_ready,yes
/compare/normatec-3-vs-normatec-go,comparison,,MEANINGFUL,yes,yes,"index,follow",published,meaningful_decision_page|editorial_ready,yes
/compare/nuun-sport-vs-precision-ph1500,comparison,,MEANINGFUL,yes,yes,"index,follow",published,meaningful_decision_page|editorial_ready,yes
/compare/oakley-encoder-vs-oakley-radar-ev-path,comparison,,MEANINGFUL,yes,yes,"index,follow",published,meaningful_decision_page|editorial_ready,yes
/compare/osprey-duro-6-vs-osprey-dyna-6,comparison,,MEANINGFUL,yes,yes,"index,follow",published,meaningful_decision_page|editorial_ready,yes
/compare/osprey-duro-lt-vs-ultimate-direction-race-vest-6,comparison,,MEANINGFUL,yes,yes,"index,follow",published,meaningful_decision_page|editorial_ready,yes
/compare/patagonia-houdini-vs-brooks-canopy,comparison,,MEANINGFUL,yes,yes,"index,follow",published,meaningful_decision_page|editorial_ready,yes
/compare/patagonia-strider-pro-vs-rabbit-fuel-n-fly,comparison,,MEANINGFUL,yes,yes,"index,follow",published,meaningful_decision_page|editorial_ready,yes
/compare/petzl-swift-rl-vs-biolite-headlamp-800,comparison,,MEANINGFUL,yes,yes,"index,follow",published,meaningful_decision_page|editorial_ready,yes
/compare/petzl-swift-rl-vs-petzl-nao-rl,comparison,,MEANINGFUL,yes,yes,"index,follow",published,meaningful_decision_page|editorial_ready,yes
/compare/polar-grit-x2-vs-garmin-fenix-8,comparison,,MEANINGFUL,yes,yes,"index,follow",published,meaningful_decision_page|editorial_ready,yes
/compare/polar-h10-vs-polar-h9,comparison,,MEANINGFUL,yes,yes,"index,follow",published,meaningful_decision_page|editorial_ready,yes
/compare/salomon-adv-skin-12-vs-nathan-vaporair-2,comparison,,MEANINGFUL,yes,yes,"index,follow",published,meaningful_decision_page|editorial_ready,yes
/compare/salomon-adv-skin-12-vs-salomon-adv-skin-5,comparison,,MEANINGFUL,yes,yes,"index,follow",published,meaningful_decision_page|editorial_ready,yes
/compare/salomon-adv-skin-12-vs-ultimate-direction-race-vest-6,comparison,,MEANINGFUL,yes,yes,"index,follow",published,meaningful_decision_page|editorial_ready,yes
/compare/salomon-bonatti-vs-janji-rainrunner,comparison,,MEANINGFUL,yes,yes,"index,follow",published,meaningful_decision_page|editorial_ready,yes
/compare/salomon-xa-15-vs-osprey-duro-15,comparison,,MEANINGFUL,yes,yes,"index,follow",published,meaningful_decision_page|editorial_ready,yes
/compare/saucony-endorphin-speed-5-vs-adidas-adizero-boston-12,comparison,,MEANINGFUL,yes,yes,"index,follow",published,meaningful_decision_page|editorial_ready,yes
/compare/shokz-openrun-pro-2-vs-airpods-pro-2,comparison,,MEANINGFUL,yes,yes,"index,follow",published,meaningful_decision_page|editorial_ready,yes
/compare/shokz-openrun-pro-2-vs-bose-ultra-open,comparison,,MEANINGFUL,yes,yes,"index,follow",published,meaningful_decision_page|editorial_ready,yes
/compare/sis-beta-fuel-gel-vs-neversecond-c30-gel,comparison,,MEANINGFUL,yes,yes,"index,follow",published,meaningful_decision_page|editorial_ready,yes
/compare/suunto-vertical-2-vs-garmin-enduro-3,comparison,,MEANINGFUL,yes,yes,"index,follow",published,meaningful_decision_page|editorial_ready,yes
/compare/theragun-mini-vs-hypervolt-go-2,comparison,,MEANINGFUL,yes,yes,"index,follow",published,meaningful_decision_page|editorial_ready,yes
/compare/tracksmith-session-short-vs-janji-multi-short,comparison,,MEANINGFUL,yes,yes,"index,follow",published,meaningful_decision_page|editorial_ready,yes
/compare/tracksmith-twilight-half-vs-nike-fast-tight,comparison,,MEANINGFUL,yes,yes,"index,follow",published,meaningful_decision_page|editorial_ready,yes
/compare/ultimate-direction-fastpack-20-vs-osprey-talon-velocity-20,comparison,,MEANINGFUL,yes,yes,"index,follow",published,meaningful_decision_page|editorial_ready,yes
/compare/ultimate-direction-fastpack-20-vs-salomon-adv-skin-12,comparison,,MEANINGFUL,yes,yes,"index,follow",published,meaningful_decision_page|editorial_ready,yes
/compare/wahoo-trackr-vs-polar-h10,comparison,,MEANINGFUL,yes,yes,"index,follow",published,meaningful_decision_page|editorial_ready,yes
/contact,sitemap,,,yes,no,"index,follow",published,,yes
/editorial-policy,sitemap,,,yes,no,"index,follow",published,,yes
/evidence-policy,sitemap,,,yes,no,"index,follow",published,,yes
/gear,sitemap,,,yes,no,"index,follow",published,,yes
/guides,sitemap,,,yes,no,"index,follow",published,,yes
/guides/beginner-running-gear-stack,guide,,complete,yes,yes,"index,follow",published,guide_complete|editorial_ready,yes
/guides/beginner-vs-advanced-running-watch,guide,,complete,yes,yes,"index,follow",published,guide_complete|editorial_ready,yes
/guides/caffeine-in-running-fuel-explained,guide,,complete,yes,yes,"index,follow",published,guide_complete|editorial_ready,yes
/guides/carbon-vs-nylon-plates,guide,,complete,yes,yes,"index,follow",published,guide_complete|editorial_ready,yes
/guides/first-marathon-gear-checklist,guide,,complete,yes,yes,"index,follow",published,guide_complete|editorial_ready,yes
/guides/gel-vs-drink-mix-vs-chews,guide,,complete,yes,yes,"index,follow",published,guide_complete|editorial_ready,yes
/guides/handheld-bottles-for-running,guide,,complete,yes,yes,"index,follow",published,guide_complete|editorial_ready,yes
/guides/hot-weather-running-apparel,guide,,complete,yes,yes,"index,follow",published,guide_complete|editorial_ready,yes
/guides/how-to-carry-fuel-on-long-runs,guide,,complete,yes,yes,"index,follow",published,guide_complete|editorial_ready,yes
/guides/how-to-choose-heart-rate-monitor,guide,,complete,yes,yes,"index,follow",published,guide_complete|editorial_ready,yes
/guides/how-to-choose-running-belt,guide,,complete,yes,yes,"index,follow",published,guide_complete|editorial_ready,yes
/guides/how-to-choose-running-headlamp,guide,,complete,yes,yes,"index,follow",published,guide_complete|editorial_ready,yes
/guides/how-to-choose-running-hydration-vest,guide,,complete,yes,yes,"index,follow",published,guide_complete|editorial_ready,yes
/guides/how-to-choose-running-shoes,guide,,complete,yes,yes,"index,follow",published,thin-faq|editorial_ready,yes
/guides/how-to-choose-running-socks,guide,,complete,yes,yes,"index,follow",published,guide_complete|editorial_ready,yes
/guides/how-to-choose-running-watch,guide,,complete,yes,yes,"index,follow",published,guide_complete|editorial_ready,yes
/guides/hydration-for-marathon-training,guide,,complete,yes,yes,"index,follow",published,guide_complete|editorial_ready,yes
/guides/hydration-vest-vs-running-belt,guide,,complete,yes,yes,"index,follow",published,guide_complete|editorial_ready,yes
/guides/maps-navigation-running-watches,guide,,complete,yes,yes,"index,follow",published,guide_complete|editorial_ready,yes
/guides/multi-band-gps-running-watches,guide,,complete,yes,yes,"index,follow",published,guide_complete|editorial_ready,yes
/guides/open-ear-vs-in-ear-running-headphones,guide,,complete,yes,yes,"index,follow",published,guide_complete|editorial_ready,yes
/guides/optical-wrist-hr-vs-chest-strap,guide,,complete,yes,yes,"index,follow",published,guide_complete|editorial_ready,yes
/guides/recovery-sandals-for-runners,guide,,complete,yes,yes,"index,follow",published,guide_complete|editorial_ready,yes
/guides/road-vs-trail-running-shoes,guide,,complete,yes,yes,"index,follow",published,guide_complete|editorial_ready,yes
/guides/running-gels-explained,guide,,complete,yes,yes,"index,follow",published,guide_complete|editorial_ready,yes
/guides/running-shoe-cushioning,guide,,complete,yes,yes,"index,follow",published,guide_complete|editorial_ready,yes
/guides/running-shoe-drop,guide,,complete,yes,yes,"index,follow",published,guide_complete|editorial_ready,yes
/guides/running-shoe-rotation,guide,,complete,yes,yes,"index,follow",published,guide_complete|editorial_ready,yes
/guides/running-shoe-terminology,guide,,complete,yes,yes,"index,follow",published,guide_complete|editorial_ready,yes
/guides/running-watch-battery-life-explained,guide,,complete,yes,yes,"index,follow",published,guide_complete|editorial_ready,yes
/guides/shoe-jobs-by-session-type,guide,,complete,yes,yes,"index,follow",published,guide_complete|editorial_ready,yes
/guides/stability-shoes-explained,guide,,complete,yes,yes,"index,follow",published,guide_complete|editorial_ready,yes
/guides/trail-race-kit-essentials,guide,,complete,yes,yes,"index,follow",published,guide_complete|editorial_ready,yes
/guides/what-is-a-daily-trainer,guide,,complete,yes,yes,"index,follow",published,guide_complete|editorial_ready,yes
/guides/when-to-use-a-massage-gun,guide,,complete,yes,yes,"index,follow",published,guide_complete|editorial_ready,yes
/how-we-review,sitemap,,,yes,no,"index,follow",published,,yes
/methodology,sitemap,,,yes,no,"index,follow",published,,yes
/privacy,sitemap,,,yes,no,"index,follow",published,,yes
/products/100-percent-s3,product,running|cycling,LAUNCH_READY,yes,yes,"index,follow",published,decisionScore=100,yes
/products/226ers-high-energy-gel,product,running|cycling,LAUNCH_READY,yes,yes,"index,follow",published,decisionScore=100,yes
/products/adidas-adizero-adios-pro-4,product,running,LAUNCH_READY,yes,yes,"index,follow",published,decisionScore=100,yes
/products/adidas-adizero-adios-pro-4/alternatives,alternatives,running,N/A,yes,yes,"index,follow",published,alternatives_ok|editorial_ready,yes
/products/adidas-adizero-boston-12,product,running|hyrox,LAUNCH_READY,yes,yes,"index,follow",published,decisionScore=100,yes
/products/adidas-adizero-boston-12/alternatives,alternatives,running|hyrox,N/A,yes,yes,"index,follow",published,alternatives_ok|editorial_ready,yes
/products/adidas-adizero-boston-13,product,running,LAUNCH_READY,yes,yes,"index,follow",published,decisionScore=100,yes
/products/adidas-adizero-boston-13/alternatives,alternatives,running,N/A,yes,yes,"index,follow",published,alternatives_ok|editorial_ready,yes
/products/adidas-adizero-evo-sl,product,running,LAUNCH_READY,yes,yes,"index,follow",published,decisionScore=100,yes
/products/adidas-own-the-run-short-men,product,running,LAUNCH_READY,yes,yes,"index,follow",published,decisionScore=100,yes
/products/adidas-own-the-run-tee-men,product,running,LAUNCH_READY,yes,yes,"index,follow",published,decisionScore=100,yes
/products/adidas-terrex-agravic-3,product,running,LAUNCH_READY,yes,yes,"index,follow",published,decisionScore=100,yes
/products/adidas-terrex-agravic-3/alternatives,alternatives,running,N/A,yes,yes,"index,follow",published,alternatives_ok|editorial_ready,yes
/products/adidas-ultraboost-5,product,running,LAUNCH_READY,yes,yes,"index,follow",published,decisionScore=100,yes
/products/adidas-ultraboost-5/alternatives,alternatives,running,N/A,yes,yes,"index,follow",published,alternatives_ok|editorial_ready,yes
/products/altra-escalante-4,product,running,LAUNCH_READY,yes,yes,"index,follow",published,decisionScore=80,yes
/products/altra-experience-flow,product,running,LAUNCH_READY,yes,yes,"index,follow",published,decisionScore=100,yes
/products/altra-experience-flow/alternatives,alternatives,running,N/A,yes,yes,"index,follow",published,alternatives_ok|editorial_ready,yes
/products/altra-lone-peak-8,product,running,LAUNCH_READY,yes,yes,"index,follow",published,decisionScore=80,yes
/products/altra-lone-peak-8/alternatives,alternatives,running,N/A,yes,yes,"index,follow",published,alternatives_ok|editorial_ready,yes
/products/altra-paradigm-7,product,running,LAUNCH_READY,yes,yes,"index,follow",published,decisionScore=100,yes
/products/altra-paradigm-7/alternatives,alternatives,running,N/A,yes,yes,"index,follow",published,alternatives_ok|editorial_ready,yes
/products/altra-torin-8,product,running,LAUNCH_READY,yes,yes,"index,follow",published,decisionScore=100,yes
/products/amazfit-active-2,product,running|fitness,LAUNCH_READY,yes,yes,"index,follow",published,decisionScore=100,yes
/products/amazfit-active-2/alternatives,alternatives,running|fitness,N/A,yes,yes,"index,follow",published,alternatives_ok|editorial_ready,yes
/products/amazfit-t-rex-3-pro,product,running|cycling,LAUNCH_READY,yes,yes,"index,follow",published,decisionScore=100,yes
/products/amazfit-t-rex-3-pro/alternatives,alternatives,running|cycling,N/A,yes,yes,"index,follow",published,alternatives_ok|editorial_ready,yes
/products/amphipod-airflow-lite-belt,product,running,LAUNCH_READY,yes,yes,"index,follow",published,decisionScore=100,yes
/products/amphipod-hydraform-ergo-lite-handheld,product,running,LAUNCH_READY,yes,yes,"index,follow",published,decisionScore=100,yes
/products/amphipod-vizlet-led,product,running,LAUNCH_READY,yes,yes,"index,follow",published,decisionScore=80,yes
/products/amphipod-xinglet,product,running,LAUNCH_READY,yes,yes,"index,follow",published,decisionScore=100,yes
/products/amphipod-xinglet-optic-beam,product,running,LAUNCH_READY,yes,yes,"index,follow",published,decisionScore=100,yes
/products/apple-airpods-4,product,running|fitness,LAUNCH_READY,yes,yes,"index,follow",published,decisionScore=100,yes
/products/apple-airpods-pro-2,product,running|fitness,LAUNCH_READY,yes,yes,"index,follow",published,decisionScore=100,yes
/products/apple-watch-series-10,product,running|fitness|swimming,LAUNCH_READY,yes,yes,"index,follow",published,decisionScore=100,yes
/products/apple-watch-series-10/alternatives,alternatives,running|fitness|swimming,N/A,yes,yes,"index,follow",published,alternatives_ok|editorial_ready,yes
/products/apple-watch-ultra-2,product,running|cycling|swimming|fitness,LAUNCH_READY,yes,yes,"index,follow",published,decisionScore=90,yes
/products/apple-watch-ultra-3,product,running|cycling|swimming|fitness,LAUNCH_READY,yes,yes,"index,follow",published,decisionScore=100,yes
/products/apple-watch-ultra-3/alternatives,alternatives,running|cycling|swimming|fitness,N/A,yes,yes,"index,follow",published,alternatives_ok|editorial_ready,yes
/products/asics-core-split-short,product,running,LAUNCH_READY,yes,yes,"index,follow",published,decisionScore=100,yes
/products/asics-gel-cumulus-27,product,running,LAUNCH_READY,yes,yes,"index,follow",published,decisionScore=100,yes
/products/asics-gel-cumulus-27/alternatives,alternatives,running,N/A,yes,yes,"index,follow",published,alternatives_ok|editorial_ready,yes
/products/asics-gel-kayano-32,product,running,LAUNCH_READY,yes,yes,"index,follow",published,decisionScore=100,yes
/products/asics-gel-kayano-32/alternatives,alternatives,running,N/A,yes,yes,"index,follow",published,alternatives_ok|editorial_ready,yes
/products/asics-gel-nimbus-27,product,running,LAUNCH_READY,yes,yes,"index,follow",published,decisionScore=100,yes
/products/asics-gel-nimbus-27/alternatives,alternatives,running,N/A,yes,yes,"index,follow",published,alternatives_ok|editorial_ready,yes
/products/asics-gel-trabuco-13,product,running,LAUNCH_READY,yes,yes,"index,follow",published,decisionScore=100,yes
/products/asics-gel-trabuco-13/alternatives,alternatives,running,N/A,yes,yes,"index,follow",published,alternatives_ok|editorial_ready,yes
/products/asics-gt-1000-13,product,running,LAUNCH_READY,yes,yes,"index,follow",published,decisionScore=100,yes
/products/asics-gt-2000-14,product,running,LAUNCH_READY,yes,yes,"index,follow",published,decisionScore=100,yes
/products/asics-gt-2000-14/alternatives,alternatives,running,N/A,yes,yes,"index,follow",published,alternatives_ok|editorial_ready,yes
/products/asics-metaspeed-sky-paris,product,running,LAUNCH_READY,yes,yes,"index,follow",published,decisionScore=100,yes
/products/asics-metaspeed-sky-paris/alternatives,alternatives,running,N/A,yes,yes,"index,follow",published,alternatives_ok|editorial_ready,yes
/products/asics-novablast-4,product,running,LAUNCH_READY,yes,yes,"index,follow",published,decisionScore=100,yes
/products/asics-novablast-5,product,running,LAUNCH_READY,yes,yes,"index,follow",published,decisionScore=100,yes
/products/asics-novablast-5/alternatives,alternatives,running,N/A,yes,yes,"index,follow",published,alternatives_ok|editorial_ready,yes
/products/asics-novablast-6,product,running,LAUNCH_READY,yes,yes,"index,follow",published,decisionScore=100,yes
/products/asics-novablast-6/alternatives,alternatives,running,N/A,yes,yes,"index,follow",published,alternatives_ok|editorial_ready,yes
/products/asics-superblast-2,product,running,LAUNCH_READY,yes,yes,"index,follow",published,decisionScore=100,yes
/products/asics-superblast-2/alternatives,alternatives,running,N/A,yes,yes,"index,follow",published,alternatives_ok|editorial_ready,yes
/products/assaultrunner-elite,product,fitness|hyrox|running,LAUNCH_READY,yes,yes,"index,follow",published,decisionScore=100,yes
/products/assaultrunner-pro,product,fitness|hyrox|running,LAUNCH_READY,yes,yes,"index,follow",published,decisionScore=100,yes
/products/balega-blister-resist,product,running,LAUNCH_READY,yes,yes,"index,follow",published,decisionScore=100,yes
/products/balega-hidden-comfort,product,running,LAUNCH_READY,yes,yes,"index,follow",published,decisionScore=100,yes
/products/beats-fit-pro,product,running|fitness,LAUNCH_READY,yes,yes,"index,follow",published,decisionScore=100,yes
/products/biolite-headlamp-800-pro,product,running,LAUNCH_READY,yes,yes,"index,follow",published,decisionScore=100,yes
/products/black-diamond-distance-15,product,running,LAUNCH_READY,yes,yes,"index,follow",published,decisionScore=100,yes
/products/black-diamond-distance-1500,product,running,LAUNCH_READY,yes,yes,"index,follow",published,decisionScore=100,yes
/products/black-diamond-distance-22,product,running,LAUNCH_READY,yes,yes,"index,follow",published,decisionScore=100,yes
/products/black-diamond-distance-8,product,running,LAUNCH_READY,yes,yes,"index,follow",published,decisionScore=100,yes
/products/black-diamond-spot-400-r,product,running,LAUNCH_READY,yes,yes,"index,follow",published,decisionScore=100,yes
/products/blackroll-pro,product,running|recovery|fitness,LAUNCH_READY,yes,yes,"index,follow",published,decisionScore=100,yes
/products/bose-ultra-open-earbuds,product,running|fitness,LAUNCH_READY,yes,yes,"index,follow",published,decisionScore=100,yes
/products/brazyn-morph,product,running|recovery|fitness,LAUNCH_READY,yes,yes,"index,follow",published,decisionScore=100,yes
/products/brooks-adrenaline-gts-25,product,running,LAUNCH_READY,yes,yes,"index,follow",published,decisionScore=100,yes
/products/brooks-adrenaline-gts-25/alternatives,alternatives,running,N/A,yes,yes,"index,follow",published,alternatives_ok|editorial_ready,yes
/products/brooks-canopy-jacket-men,product,running,LAUNCH_READY,yes,yes,"index,follow",published,decisionScore=100,yes
/products/brooks-cascadia-18,product,running,LAUNCH_READY,yes,yes,"index,follow",published,decisionScore=100,yes
/products/brooks-cascadia-18/alternatives,alternatives,running,N/A,yes,yes,"index,follow",published,alternatives_ok|editorial_ready,yes
/products/brooks-chaser-5-women,product,running,LAUNCH_READY,yes,yes,"index,follow",published,decisionScore=100,yes
/products/brooks-ghost-16,product,running,LAUNCH_READY,yes,yes,"index,follow",published,decisionScore=100,yes
/products/brooks-ghost-16/alternatives,alternatives,running,N/A,yes,yes,"index,follow",published,alternatives_ok|editorial_ready,yes
/products/brooks-ghost-18,product,running,LAUNCH_READY,yes,yes,"index,follow",published,decisionScore=100,yes
/products/brooks-ghost-18/alternatives,alternatives,running,N/A,yes,yes,"index,follow",published,alternatives_ok|editorial_ready,yes
/products/brooks-glycerin-21,product,running,LAUNCH_READY,yes,yes,"index,follow",published,decisionScore=80,yes
/products/brooks-glycerin-22,product,running,LAUNCH_READY,yes,yes,"index,follow",published,decisionScore=100,yes
/products/brooks-glycerin-22/alternatives,alternatives,running,N/A,yes,yes,"index,follow",published,alternatives_ok|editorial_ready,yes
/products/brooks-glycerin-gts-22,product,running,LAUNCH_READY,yes,yes,"index,follow",published,decisionScore=100,yes
/products/brooks-hyperion-max-2,product,running,LAUNCH_READY,yes,yes,"index,follow",published,decisionScore=100,yes
/products/brooks-hyperion-max-2/alternatives,alternatives,running,N/A,yes,yes,"index,follow",published,alternatives_ok|editorial_ready,yes
/products/brooks-method-tight-women,product,running,LAUNCH_READY,yes,yes,"index,follow",published,decisionScore=100,yes
/products/brooks-notch-thermal-beanie,product,running,LAUNCH_READY,yes,yes,"index,follow",published,decisionScore=90,yes
/products/brooks-notch-thermal-men,product,running,LAUNCH_READY,yes,yes,"index,follow",published,decisionScore=100,yes
/products/brooks-sherpa-7-men,product,running,LAUNCH_READY,yes,yes,"index,follow",published,decisionScore=100,yes
/products/camelbak-apex-pro,product,running,LAUNCH_READY,yes,yes,"index,follow",published,decisionScore=100,yes
/products/camelbak-circuit-run-vest,product,running,LAUNCH_READY,yes,yes,"index,follow",published,decisionScore=80,yes
/products/camelbak-crux-15,product,running,LAUNCH_READY,yes,yes,"index,follow",published,decisionScore=100,yes
/products/camelbak-quick-grip-chill,product,running,LAUNCH_READY,yes,yes,"index,follow",published,decisionScore=100,yes
/products/camelbak-zephyr,product,running,LAUNCH_READY,yes,yes,"index,follow",published,decisionScore=100,yes
/products/camelbak-zephyr-pro,product,running,LAUNCH_READY,yes,yes,"index,follow",published,decisionScore=100,yes
/products/cep-calf-sleeves-3,product,running|recovery,LAUNCH_READY,yes,yes,"index,follow",published,decisionScore=100,yes
/products/cep-run-compression-sock-3,product,running,LAUNCH_READY,yes,yes,"index,follow",published,decisionScore=100,yes
/products/cep-the-run-calf-sleeves,product,running|recovery,LAUNCH_READY,yes,yes,"index,follow",published,decisionScore=100,yes
/products/ciele-gocap-athletics,product,running,LAUNCH_READY,yes,yes,"index,follow",published,decisionScore=100,yes
/products/clif-bar-original,product,running|cycling,LAUNCH_READY,yes,yes,"index,follow",published,decisionScore=100,yes
/products/clif-bloks-energy-chews,product,running|cycling,LAUNCH_READY,yes,yes,"index,follow",published,decisionScore=100,yes
/products/compressport-free-belt-pro,product,running,LAUNCH_READY,yes,yes,"index,follow",published,decisionScore=100,yes
/products/compressport-ultrun-s-pack,product,running,LAUNCH_READY,yes,yes,"index,follow",published,decisionScore=100,yes
/products/coros-apex-2-pro,product,running|cycling,LAUNCH_READY,yes,yes,"index,follow",published,decisionScore=100,yes
/products/coros-apex-4,product,running|cycling,LAUNCH_READY,yes,yes,"index,follow",published,decisionScore=100,yes
/products/coros-apex-4/alternatives,alternatives,running|cycling,N/A,yes,yes,"index,follow",published,alternatives_ok|editorial_ready,yes
/products/coros-heart-rate-monitor,product,running|fitness,LAUNCH_READY,yes,yes,"index,follow",published,decisionScore=100,yes
/products/coros-heart-rate-monitor/alternatives,alternatives,running|fitness,N/A,yes,yes,"index,follow",published,alternatives_ok|editorial_ready,yes
/products/coros-pace-3,product,running,LAUNCH_READY,yes,yes,"index,follow",published,decisionScore=100,yes
/products/coros-pace-3/alternatives,alternatives,running,N/A,yes,yes,"index,follow",published,alternatives_ok|editorial_ready,yes
/products/coros-pace-4,product,running|cycling|swimming,LAUNCH_READY,yes,yes,"index,follow",published,decisionScore=100,yes
/products/coros-pace-4/alternatives,alternatives,running|cycling|swimming,N/A,yes,yes,"index,follow",published,alternatives_ok|editorial_ready,yes
/products/coros-pace-pro,product,running|cycling,LAUNCH_READY,yes,yes,"index,follow",published,decisionScore=100,yes
/products/coros-pace-pro/alternatives,alternatives,running|cycling,N/A,yes,yes,"index,follow",published,alternatives_ok|editorial_ready,yes
/products/coros-vertix-2s,product,running|cycling,LAUNCH_READY,yes,yes,"index,follow",published,decisionScore=100,yes
/products/coros-vertix-2s/alternatives,alternatives,running|cycling,N/A,yes,yes,"index,follow",published,alternatives_ok|editorial_ready,yes
/products/craft-active-extreme-x-men,product,running,LAUNCH_READY,yes,yes,"index,follow",published,decisionScore=100,yes
/products/craft-adv-essence-light-wind-men,product,running,LAUNCH_READY,yes,yes,"index,follow",published,decisionScore=100,yes
/products/craft-adv-essence-light-wind-vest-men,product,running,LAUNCH_READY,yes,yes,"index,follow",published,decisionScore=100,yes
/products/craft-adv-essence-short,product,running,LAUNCH_READY,yes,yes,"index,follow",published,decisionScore=100,yes
/products/craft-adv-essence-tight-men,product,running,LAUNCH_READY,yes,yes,"index,follow",published,decisionScore=100,yes
/products/craft-adv-lumen-glove,product,running,LAUNCH_READY,yes,yes,"index,follow",published,decisionScore=100,yes
/products/darn-tough-run-1-4,product,running,LAUNCH_READY,yes,yes,"index,follow",published,decisionScore=100,yes
/products/drymax-run-lite-mesh,product,running,LAUNCH_READY,yes,yes,"index,follow",published,decisionScore=100,yes
/products/enervit-c2-1-carbo-gel,product,running|cycling,LAUNCH_READY,yes,yes,"index,follow",published,decisionScore=100,yes
/products/feetures-elite-light-cushion,product,running,LAUNCH_READY,yes,yes,"index,follow",published,decisionScore=100,yes
/products/fitletic-fully-loaded,product,running,LAUNCH_READY,yes,yes,"index,follow",published,decisionScore=100,yes
/products/flipbelt-classic,product,running,LAUNCH_READY,yes,yes,"index,follow",published,decisionScore=100,yes
/products/garmin-enduro-3,product,running|cycling,LAUNCH_READY,yes,yes,"index,follow",published,decisionScore=100,yes
/products/garmin-enduro-3/alternatives,alternatives,running|cycling,N/A,yes,yes,"index,follow",published,alternatives_ok|editorial_ready,yes
/products/garmin-epix-pro-gen-2,product,running|cycling|swimming,LAUNCH_READY,yes,yes,"index,follow",published,decisionScore=100,yes
/products/garmin-epix-pro-gen-2/alternatives,alternatives,running|cycling|swimming,N/A,yes,yes,"index,follow",published,alternatives_ok|editorial_ready,yes
/products/garmin-fenix-8,product,running|cycling|swimming,LAUNCH_READY,yes,yes,"index,follow",published,decisionScore=100,yes
/products/garmin-fenix-8/alternatives,alternatives,running|cycling|swimming,N/A,yes,yes,"index,follow",published,alternatives_ok|editorial_ready,yes
/products/garmin-forerunner-165,product,running,LAUNCH_READY,yes,yes,"index,follow",published,decisionScore=100,yes
/products/garmin-forerunner-165/alternatives,alternatives,running,N/A,yes,yes,"index,follow",published,alternatives_ok|editorial_ready,yes
/products/garmin-forerunner-255,product,running,LAUNCH_READY,yes,yes,"index,follow",published,decisionScore=80,yes
/products/garmin-forerunner-265,product,running|cycling|swimming,LAUNCH_READY,yes,yes,"index,follow",published,decisionScore=100,yes
/products/garmin-forerunner-265s,product,running|cycling|swimming,LAUNCH_READY,yes,yes,"index,follow",published,decisionScore=100,yes
/products/garmin-forerunner-265s/alternatives,alternatives,running|cycling|swimming,N/A,yes,yes,"index,follow",published,alternatives_ok|editorial_ready,yes
/products/garmin-forerunner-55,product,running,LAUNCH_READY,yes,yes,"index,follow",published,decisionScore=100,yes
/products/garmin-forerunner-570,product,running|cycling|swimming,LAUNCH_READY,yes,yes,"index,follow",published,decisionScore=100,yes
/products/garmin-forerunner-570/alternatives,alternatives,running|cycling|swimming,N/A,yes,yes,"index,follow",published,alternatives_ok|editorial_ready,yes
/products/garmin-forerunner-965,product,running|cycling|swimming,LAUNCH_READY,yes,yes,"index,follow",published,decisionScore=100,yes
/products/garmin-forerunner-965/alternatives,alternatives,running|cycling|swimming,N/A,yes,yes,"index,follow",published,alternatives_ok|editorial_ready,yes
/products/garmin-forerunner-970,product,running|cycling|swimming,LAUNCH_READY,yes,yes,"index,follow",published,decisionScore=100,yes
/products/garmin-forerunner-970/alternatives,alternatives,running|cycling|swimming,N/A,yes,yes,"index,follow",published,alternatives_ok|editorial_ready,yes
/products/garmin-hrm-200,product,running|cycling|fitness|hyrox,LAUNCH_READY,yes,yes,"index,follow",published,decisionScore=100,yes
/products/garmin-hrm-200/alternatives,alternatives,running|cycling|fitness|hyrox,N/A,yes,yes,"index,follow",published,alternatives_ok|editorial_ready,yes
/products/garmin-hrm-600,product,running|cycling|fitness|hyrox,LAUNCH_READY,yes,yes,"index,follow",published,decisionScore=100,yes
/products/garmin-hrm-600/alternatives,alternatives,running|cycling|fitness|hyrox,N/A,yes,yes,"index,follow",published,alternatives_ok|editorial_ready,yes
/products/garmin-hrm-fit,product,running|fitness|hyrox,LAUNCH_READY,yes,yes,"index,follow",published,decisionScore=100,yes
/products/garmin-hrm-fit/alternatives,alternatives,running|fitness|hyrox,N/A,yes,yes,"index,follow",published,alternatives_ok|editorial_ready,yes
/products/garmin-hrm-pro-plus,product,running|cycling|fitness,LAUNCH_READY,yes,yes,"index,follow",published,decisionScore=100,yes
/products/garmin-hrm-pro-plus/alternatives,alternatives,running|cycling|fitness,N/A,yes,yes,"index,follow",published,alternatives_ok|editorial_ready,yes
/products/garmin-instinct-3,product,running|cycling,LAUNCH_READY,yes,yes,"index,follow",published,decisionScore=100,yes
/products/garmin-instinct-3/alternatives,alternatives,running|cycling,N/A,yes,yes,"index,follow",published,alternatives_ok|editorial_ready,yes
/products/garmin-vivoactive-6,product,running|cycling|swimming|fitness,LAUNCH_READY,yes,yes,"index,follow",published,decisionScore=100,yes
/products/garmin-vivoactive-6/alternatives,alternatives,running|cycling|swimming|fitness,N/A,yes,yes,"index,follow",published,alternatives_ok|editorial_ready,yes
/products/goodr-circle-gs,product,running,LAUNCH_READY,yes,yes,"index,follow",published,decisionScore=100,yes
/products/goodr-ogs,product,running,LAUNCH_READY,yes,yes,"index,follow",published,decisionScore=100,yes
/products/gu-energy-chews,product,running|cycling,LAUNCH_READY,yes,yes,"index,follow",published,decisionScore=100,yes
/products/gu-energy-gel,product,running|cycling,LAUNCH_READY,yes,yes,"index,follow",published,decisionScore=100,yes
/products/gu-roctane-gel,product,running|cycling,LAUNCH_READY,yes,yes,"index,follow",published,decisionScore=100,yes
/products/high5-energy-gel,product,running|cycling,LAUNCH_READY,yes,yes,"index,follow",published,decisionScore=100,yes
/products/high5-zero,product,running|cycling,LAUNCH_READY,yes,yes,"index,follow",published,decisionScore=100,yes
/products/hoka-arahi-7,product,running,LAUNCH_READY,yes,yes,"index,follow",published,decisionScore=100,yes
/products/hoka-arahi-7/alternatives,alternatives,running,N/A,yes,yes,"index,follow",published,alternatives_ok|editorial_ready,yes
/products/hoka-bondi-8,product,running,LAUNCH_READY,yes,yes,"index,follow",published,decisionScore=80,yes
/products/hoka-bondi-9,product,running,LAUNCH_READY,yes,yes,"index,follow",published,decisionScore=100,yes
/products/hoka-bondi-9/alternatives,alternatives,running,N/A,yes,yes,"index,follow",published,alternatives_ok|editorial_ready,yes
/products/hoka-clifton-10,product,running,LAUNCH_READY,yes,yes,"index,follow",published,decisionScore=100,yes
/products/hoka-clifton-10/alternatives,alternatives,running,N/A,yes,yes,"index,follow",published,alternatives_ok|editorial_ready,yes
/products/hoka-clifton-9,product,running,LAUNCH_READY,yes,yes,"index,follow",published,decisionScore=100,yes
/products/hoka-clifton-pro,product,running,LAUNCH_READY,yes,yes,"index,follow",published,decisionScore=80,yes
/products/hoka-gaviota-5,product,running,LAUNCH_READY,yes,yes,"index,follow",published,decisionScore=100,yes
/products/hoka-mach-6,product,running,LAUNCH_READY,yes,yes,"index,follow",published,decisionScore=100,yes
/products/hoka-mach-6/alternatives,alternatives,running,N/A,yes,yes,"index,follow",published,alternatives_ok|editorial_ready,yes
/products/hoka-speedgoat-6,product,running,LAUNCH_READY,yes,yes,"index,follow",published,decisionScore=100,yes
/products/hoka-speedgoat-6/alternatives,alternatives,running,N/A,yes,yes,"index,follow",published,alternatives_ok|editorial_ready,yes
/products/honey-stinger-organic-energy-gel,product,running|cycling,LAUNCH_READY,yes,yes,"index,follow",published,decisionScore=100,yes
/products/huma-gel-original,product,running|cycling,LAUNCH_READY,yes,yes,"index,follow",published,decisionScore=100,yes
/products/hydrapak-contour-2l,product,running,LAUNCH_READY,yes,yes,"index,follow",published,decisionScore=100,yes
/products/hydrapak-skyflask-speed-500,product,running,LAUNCH_READY,yes,yes,"index,follow",published,decisionScore=100,yes
/products/hydrapak-softflask-250,product,running,LAUNCH_READY,yes,yes,"index,follow",published,decisionScore=100,yes
/products/hydrapak-softflask-500,product,running,LAUNCH_READY,yes,yes,"index,follow",published,decisionScore=90,yes
/products/hydrapak-softflask-speed-500,product,running,LAUNCH_READY,yes,yes,"index,follow",published,decisionScore=100,yes
/products/hydrapak-tube-kit,product,running,LAUNCH_READY,yes,yes,"index,follow",published,decisionScore=90,yes
/products/hyperice-hypervolt-2,product,running|recovery|fitness,LAUNCH_READY,yes,yes,"index,follow",published,decisionScore=100,yes
/products/hyperice-hypervolt-go-2,product,running|recovery|fitness,LAUNCH_READY,yes,yes,"index,follow",published,decisionScore=100,yes
/products/hyperice-normatec-3,product,running|recovery|fitness,LAUNCH_READY,yes,yes,"index,follow",published,decisionScore=100,yes
/products/hyperice-normatec-go,product,running|recovery|fitness,LAUNCH_READY,yes,yes,"index,follow",published,decisionScore=100,yes
/products/hyperice-vyper-3,product,running|recovery|fitness,LAUNCH_READY,yes,yes,"index,follow",published,decisionScore=100,yes
/products/injinji-run-midweight,product,running,LAUNCH_READY,yes,yes,"index,follow",published,decisionScore=100,yes
/products/inov8-trailfly-ultra-g-300-max,product,running,LAUNCH_READY,yes,yes,"index,follow",published,decisionScore=100,yes
/products/janji-multi-short-men,product,running,LAUNCH_READY,yes,yes,"index,follow",published,decisionScore=100,yes
/products/janji-pace-short-women,product,running,LAUNCH_READY,yes,yes,"index,follow",published,decisionScore=100,yes
/products/janji-rainrunner-men,product,running,LAUNCH_READY,yes,yes,"index,follow",published,decisionScore=100,yes
/products/janji-run-tee-men,product,running,LAUNCH_READY,yes,yes,"index,follow",published,decisionScore=100,yes
/products/julbo-aerolite,product,running,LAUNCH_READY,yes,yes,"index,follow",published,decisionScore=100,yes
/products/julbo-rush,product,running,LAUNCH_READY,yes,yes,"index,follow",published,decisionScore=100,yes
/products/julbo-ultimate,product,running,LAUNCH_READY,yes,yes,"index,follow",published,decisionScore=100,yes
/products/kiprun-running-belt,product,running,LAUNCH_READY,yes,yes,"index,follow",published,decisionScore=100,yes
/products/ledlenser-neo9r,product,running,LAUNCH_READY,yes,yes,"index,follow",published,decisionScore=100,yes
/products/maurten-drink-mix-160,product,running|cycling,LAUNCH_READY,yes,yes,"index,follow",published,decisionScore=90,yes
/products/maurten-drink-mix-320,product,running|cycling,LAUNCH_READY,yes,yes,"index,follow",published,decisionScore=100,yes
/products/maurten-gel-100,product,running|cycling,LAUNCH_READY,yes,yes,"index,follow",published,decisionScore=100,yes
/products/maurten-gel-100-caf-100,product,running|cycling,LAUNCH_READY,yes,yes,"index,follow",published,decisionScore=100,yes
/products/maurten-gel-160,product,running|cycling,LAUNCH_READY,yes,yes,"index,follow",published,decisionScore=100,yes
/products/mirafit-folding-treadmill,product,fitness|hyrox|running,LAUNCH_READY,yes,yes,"index,follow",published,decisionScore=100,yes
/products/mizuno-wave-rebellion-pro-3,product,running,LAUNCH_READY,yes,yes,"index,follow",published,decisionScore=80,yes
/products/mizuno-wave-rider-28,product,running,LAUNCH_READY,yes,yes,"index,follow",published,decisionScore=100,yes
/products/mizuno-wave-rider-28/alternatives,alternatives,running,N/A,yes,yes,"index,follow",published,alternatives_ok|editorial_ready,yes
/products/naak-ultra-energy-bar,product,running,LAUNCH_READY,yes,yes,"index,follow",published,decisionScore=100,yes
/products/naak-ultra-energy-drink-mix,product,running,LAUNCH_READY,yes,yes,"index,follow",published,decisionScore=90,yes
/products/naked-running-band,product,running,LAUNCH_READY,yes,yes,"index,follow",published,decisionScore=100,yes
/products/nathan-exoshot-2,product,running,LAUNCH_READY,yes,yes,"index,follow",published,decisionScore=90,yes
/products/nathan-lightbender-rx,product,running,LAUNCH_READY,yes,yes,"index,follow",published,decisionScore=80,yes
/products/nathan-mirage-pak,product,running,LAUNCH_READY,yes,yes,"index,follow",published,decisionScore=100,yes
/products/nathan-peak-hydration-waist-pack,product,running,LAUNCH_READY,yes,yes,"index,follow",published,decisionScore=100,yes
/products/nathan-pinnacle-12,product,running,LAUNCH_READY,yes,yes,"index,follow",published,decisionScore=100,yes
/products/nathan-softflask-18oz,product,running,LAUNCH_READY,yes,yes,"index,follow",published,decisionScore=100,yes
/products/nathan-speeddraw-plus-insulated-18oz,product,running,LAUNCH_READY,yes,yes,"index,follow",published,decisionScore=100,yes
/products/nathan-streak-reflective-vest,product,running,LAUNCH_READY,yes,yes,"index,follow",published,decisionScore=100,yes
/products/nathan-vaporair-2,product,running,LAUNCH_READY,yes,yes,"index,follow",published,decisionScore=100,yes
/products/nathan-vaporair-4,product,running,LAUNCH_READY,yes,yes,"index,follow",published,decisionScore=100,yes
/products/nathan-zippered-stash,product,running,LAUNCH_READY,yes,yes,"index,follow",published,decisionScore=100,yes
/products/nathan-zipster-lite,product,running,LAUNCH_READY,yes,yes,"index,follow",published,decisionScore=100,yes
/products/nb-rc-essential-short-men,product,running,LAUNCH_READY,yes,yes,"index,follow",published,decisionScore=100,yes
/products/neversecond-c30-gel,product,running|cycling,LAUNCH_READY,yes,yes,"index,follow",published,decisionScore=100,yes
/products/neversecond-c30-sports-drink,product,running|cycling,LAUNCH_READY,yes,yes,"index,follow",published,decisionScore=100,yes
/products/new-balance-fresh-foam-x-1080-v13,product,running,LAUNCH_READY,yes,yes,"index,follow",published,decisionScore=80,yes
/products/new-balance-fresh-foam-x-1080-v14,product,running,LAUNCH_READY,yes,yes,"index,follow",published,decisionScore=100,yes
/products/new-balance-fresh-foam-x-1080-v14/alternatives,alternatives,running,N/A,yes,yes,"index,follow",published,alternatives_ok|editorial_ready,yes
/products/new-balance-fresh-foam-x-860-v14,product,running,LAUNCH_READY,yes,yes,"index,follow",published,decisionScore=100,yes
/products/new-balance-fresh-foam-x-860-v14/alternatives,alternatives,running,N/A,yes,yes,"index,follow",published,alternatives_ok|editorial_ready,yes
/products/new-balance-fresh-foam-x-hierro-v9,product,running,LAUNCH_READY,yes,yes,"index,follow",published,decisionScore=100,yes
/products/new-balance-fresh-foam-x-hierro-v9/alternatives,alternatives,running,N/A,yes,yes,"index,follow",published,alternatives_ok|editorial_ready,yes
/products/new-balance-fuelcell-rebel-v5,product,running,LAUNCH_READY,yes,yes,"index,follow",published,decisionScore=100,yes
/products/new-balance-fuelcell-supercomp-elite-v4,product,running,LAUNCH_READY,yes,yes,"index,follow",published,decisionScore=100,yes
/products/new-balance-fuelcell-supercomp-trainer-v3,product,running,LAUNCH_READY,yes,yes,"index,follow",published,decisionScore=100,yes
/products/nike-aerobill-cap,product,running,LAUNCH_READY,yes,yes,"index,follow",published,decisionScore=100,yes
/products/nike-aeroswift-singlet-men,product,running,LAUNCH_READY,yes,yes,"index,follow",published,decisionScore=100,yes
/products/nike-alphafly-3,product,running,LAUNCH_READY,yes,yes,"index,follow",published,decisionScore=100,yes
/products/nike-alphafly-3/alternatives,alternatives,running,N/A,yes,yes,"index,follow",published,alternatives_ok|editorial_ready,yes
/products/nike-dri-fit-miler-men,product,running,LAUNCH_READY,yes,yes,"index,follow",published,decisionScore=100,yes
/products/nike-dri-fit-miler-women,product,running,LAUNCH_READY,yes,yes,"index,follow",published,decisionScore=100,yes
/products/nike-dri-fit-stride-short,product,running,LAUNCH_READY,yes,yes,"index,follow",published,decisionScore=100,yes
/products/nike-fast-tight-men,product,running,LAUNCH_READY,yes,yes,"index,follow",published,decisionScore=100,yes
/products/nike-impossibly-light-men,product,running,LAUNCH_READY,yes,yes,"index,follow",published,decisionScore=100,yes
/products/nike-invincible-3,product,running,LAUNCH_READY,yes,yes,"index,follow",published,decisionScore=80,yes
/products/nike-pegasus-41,product,running,LAUNCH_READY,yes,yes,"index,follow",published,decisionScore=100,yes
/products/nike-pegasus-41/alternatives,alternatives,running,N/A,yes,yes,"index,follow",published,alternatives_ok|editorial_ready,yes
/products/nike-pegasus-42,product,running,LAUNCH_READY,yes,yes,"index,follow",published,decisionScore=100,yes
/products/nike-pegasus-42/alternatives,alternatives,running,N/A,yes,yes,"index,follow",published,alternatives_ok|editorial_ready,yes
/products/nike-pegasus-trail-5,product,running,LAUNCH_READY,yes,yes,"index,follow",published,decisionScore=100,yes
/products/nike-pegasus-trail-5/alternatives,alternatives,running,N/A,yes,yes,"index,follow",published,alternatives_ok|editorial_ready,yes
/products/nike-react-infinity-run-4,product,running,LAUNCH_READY,yes,yes,"index,follow",published,decisionScore=100,yes
/products/nike-structure-26,product,running,LAUNCH_READY,yes,yes,"index,follow",published,decisionScore=100,yes
/products/nike-structure-plus,product,running,LAUNCH_READY,yes,yes,"index,follow",published,decisionScore=100,yes
/products/nike-swoosh-medium-support,product,running,LAUNCH_READY,yes,yes,"index,follow",published,decisionScore=80,yes
/products/nike-therma-fit-glove,product,running,LAUNCH_READY,yes,yes,"index,follow",published,decisionScore=100,yes
/products/nike-vaporfly-4,product,running,LAUNCH_READY,yes,yes,"index,follow",published,decisionScore=100,yes
/products/nike-vaporfly-4/alternatives,alternatives,running,N/A,yes,yes,"index,follow",published,alternatives_ok|editorial_ready,yes
/products/nike-vomero-18,product,running,LAUNCH_READY,yes,yes,"index,follow",published,decisionScore=80,yes
/products/nike-vomero-18/alternatives,alternatives,running,N/A,yes,yes,"index,follow",published,alternatives_ok|editorial_ready,yes
/products/nitecore-nu43,product,running,LAUNCH_READY,yes,yes,"index,follow",published,decisionScore=100,yes
/products/nnormal-race-vest,product,running,LAUNCH_READY,yes,yes,"index,follow",published,decisionScore=80,yes
/products/nuun-sport,product,running|cycling,LAUNCH_READY,yes,yes,"index,follow",published,decisionScore=100,yes
/products/oakley-encoder,product,running|cycling,LAUNCH_READY,yes,yes,"index,follow",published,decisionScore=100,yes
/products/oakley-flak-2-0-xl,product,running|cycling,LAUNCH_READY,yes,yes,"index,follow",published,decisionScore=90,yes
/products/oakley-kato,product,running|cycling,LAUNCH_READY,yes,yes,"index,follow",published,decisionScore=100,yes
/products/oakley-radar-ev-path,product,running|cycling,LAUNCH_READY,yes,yes,"index,follow",published,decisionScore=100,yes
/products/oakley-sutro-lite,product,running|cycling,LAUNCH_READY,yes,yes,"index,follow",published,decisionScore=100,yes
/products/odlo-active-warm-eco-bottom-men,product,running,LAUNCH_READY,yes,yes,"index,follow",published,decisionScore=100,yes
/products/odlo-active-warm-eco-men,product,running,LAUNCH_READY,yes,yes,"index,follow",published,decisionScore=100,yes
/products/on-cloudmonster-2,product,running,LAUNCH_READY,yes,yes,"index,follow",published,decisionScore=100,yes
/products/on-cloudmonster-2/alternatives,alternatives,running,N/A,yes,yes,"index,follow",published,alternatives_ok|editorial_ready,yes
/products/on-cloudmonster-hyper,product,running,LAUNCH_READY,yes,yes,"index,follow",published,decisionScore=100,yes
/products/on-cloudmonster-hyper/alternatives,alternatives,running,N/A,yes,yes,"index,follow",published,alternatives_ok|editorial_ready,yes
/products/on-cloudsurfer-2,product,running,LAUNCH_READY,yes,yes,"index,follow",published,decisionScore=100,yes
/products/on-cloudsurfer-2/alternatives,alternatives,running,N/A,yes,yes,"index,follow",published,alternatives_ok|editorial_ready,yes
/products/on-cloudsurfer-next,product,running,LAUNCH_READY,yes,yes,"index,follow",published,decisionScore=100,yes
/products/on-performance-short-men,product,running,LAUNCH_READY,yes,yes,"index,follow",published,decisionScore=100,yes
/products/on-performance-tight-women,product,running,LAUNCH_READY,yes,yes,"index,follow",published,decisionScore=100,yes
/products/on-ultra-vest-pro,product,running,LAUNCH_READY,yes,yes,"index,follow",published,decisionScore=100,yes
/products/on-weather-jacket-men,product,running,LAUNCH_READY,yes,yes,"index,follow",published,decisionScore=100,yes
/products/oofos-oolala,product,running|recovery,LAUNCH_READY,yes,yes,"index,follow",published,decisionScore=100,yes
/products/oofos-ooriginal,product,running|recovery,LAUNCH_READY,yes,yes,"index,follow",published,decisionScore=100,yes
/products/osprey-duro-15,product,running,LAUNCH_READY,yes,yes,"index,follow",published,decisionScore=100,yes
/products/osprey-duro-6,product,running,LAUNCH_READY,yes,yes,"index,follow",published,decisionScore=100,yes
/products/osprey-duro-lt,product,running,LAUNCH_READY,yes,yes,"index,follow",published,decisionScore=100,yes
/products/osprey-dyna-6,product,running,LAUNCH_READY,yes,yes,"index,follow",published,decisionScore=100,yes
/products/osprey-dyna-lt,product,running,LAUNCH_READY,yes,yes,"index,follow",published,decisionScore=100,yes
/products/osprey-hydraulics-lt-15,product,running,LAUNCH_READY,yes,yes,"index,follow",published,decisionScore=100,yes
/products/osprey-talon-velocity-20,product,running,LAUNCH_READY,yes,yes,"index,follow",published,decisionScore=100,yes
/products/osprey-talon-velocity-30,product,running,LAUNCH_READY,yes,yes,"index,follow",published,decisionScore=100,yes
/products/osprey-tempest-velocity-20,product,running,LAUNCH_READY,yes,yes,"index,follow",published,decisionScore=100,yes
/products/patagonia-capilene-cool-daily-men,product,running,LAUNCH_READY,yes,yes,"index,follow",published,decisionScore=100,yes
/products/patagonia-capilene-midweight-zip-men,product,running,LAUNCH_READY,yes,yes,"index,follow",published,decisionScore=100,yes
/products/patagonia-capilene-thermal-crew-men,product,running,LAUNCH_READY,yes,yes,"index,follow",published,decisionScore=100,yes
/products/patagonia-endless-run-tight-women,product,running,LAUNCH_READY,yes,yes,"index,follow",published,decisionScore=100,yes
/products/patagonia-houdini-men,product,running,LAUNCH_READY,yes,yes,"index,follow",published,decisionScore=100,yes
/products/patagonia-nano-puff-vest-men,product,running,LAUNCH_READY,yes,yes,"index,follow",published,decisionScore=100,yes
/products/patagonia-strider-pro-men,product,running,LAUNCH_READY,yes,yes,"index,follow",published,decisionScore=100,yes
/products/patagonia-trailfarer-short-women,product,running,LAUNCH_READY,yes,yes,"index,follow",published,decisionScore=100,yes
/products/petzl-actik-core,product,running,LAUNCH_READY,yes,yes,"index,follow",published,decisionScore=100,yes
/products/petzl-nao-rl,product,running,LAUNCH_READY,yes,yes,"index,follow",published,decisionScore=100,yes
/products/petzl-swift-rl,product,running,LAUNCH_READY,yes,yes,"index,follow",published,decisionScore=100,yes
/products/polar-grit-x2,product,running|cycling,LAUNCH_READY,yes,yes,"index,follow",published,decisionScore=100,yes
/products/polar-grit-x2/alternatives,alternatives,running|cycling,N/A,yes,yes,"index,follow",published,alternatives_ok|editorial_ready,yes
/products/polar-h10,product,running|cycling|fitness|hyrox,LAUNCH_READY,yes,yes,"index,follow",published,decisionScore=100,yes
/products/polar-h10/alternatives,alternatives,running|cycling|fitness|hyrox,N/A,yes,yes,"index,follow",published,alternatives_ok|editorial_ready,yes
/products/polar-h9,product,running|cycling|fitness|hyrox,LAUNCH_READY,yes,yes,"index,follow",published,decisionScore=100,yes
/products/polar-h9/alternatives,alternatives,running|cycling|fitness|hyrox,N/A,yes,yes,"index,follow",published,alternatives_ok|editorial_ready,yes
/products/polar-pacer,product,running,LAUNCH_READY,yes,yes,"index,follow",published,decisionScore=80,yes
/products/polar-pacer-pro,product,running,LAUNCH_READY,yes,yes,"index,follow",published,decisionScore=100,yes
/products/polar-pacer/alternatives,alternatives,running,N/A,yes,yes,"index,follow",published,alternatives_ok|editorial_ready,yes
/products/polar-vantage-v3,product,running|cycling|swimming,LAUNCH_READY,yes,yes,"index,follow",published,decisionScore=100,yes
/products/polar-vantage-v3/alternatives,alternatives,running|cycling|swimming,N/A,yes,yes,"index,follow",published,alternatives_ok|editorial_ready,yes
/products/polar-verity-sense,product,running|fitness|swimming|hyrox,LAUNCH_READY,yes,yes,"index,follow",published,decisionScore=100,yes
/products/polar-verity-sense/alternatives,alternatives,running|fitness|swimming|hyrox,N/A,yes,yes,"index,follow",published,alternatives_ok|editorial_ready,yes
/products/powerbar-energize,product,running|cycling,LAUNCH_READY,yes,yes,"index,follow",published,decisionScore=90,yes
/products/precision-pf30-drink-mix,product,running|cycling,LAUNCH_READY,yes,yes,"index,follow",published,decisionScore=100,yes
/products/precision-pf30-gel,product,running|cycling,LAUNCH_READY,yes,yes,"index,follow",published,decisionScore=100,yes
/products/precision-ph1500,product,running|cycling,LAUNCH_READY,yes,yes,"index,follow",published,decisionScore=100,yes
/products/proviz-reflect360-running-vest,product,running,LAUNCH_READY,yes,yes,"index,follow",published,decisionScore=100,yes
/products/puma-deviate-nitro-3,product,running,LAUNCH_READY,yes,yes,"index,follow",published,decisionScore=100,yes
/products/puma-magnify-nitro-2,product,running,LAUNCH_READY,yes,yes,"index,follow",published,decisionScore=100,yes
/products/rabbit-fuel-n-fly-men,product,running,LAUNCH_READY,yes,yes,"index,follow",published,decisionScore=100,yes
/products/roka-phantom-air,product,running|cycling,LAUNCH_READY,yes,yes,"index,follow",published,decisionScore=90,yes
/products/rudy-project-cutline,product,running|cycling,LAUNCH_READY,yes,yes,"index,follow",published,decisionScore=100,yes
/products/salomon-adv-skin-12,product,running,LAUNCH_READY,yes,yes,"index,follow",published,decisionScore=100,yes
/products/salomon-adv-skin-5,product,running,LAUNCH_READY,yes,yes,"index,follow",published,decisionScore=100,yes
/products/salomon-aero-glide-2,product,running,LAUNCH_READY,yes,yes,"index,follow",published,decisionScore=100,yes
/products/salomon-aero-glide-2/alternatives,alternatives,running,N/A,yes,yes,"index,follow",published,alternatives_ok|editorial_ready,yes
/products/salomon-bonatti-wp-men,product,running,LAUNCH_READY,yes,yes,"index,follow",published,decisionScore=100,yes
/products/salomon-bonatti-wp-women,product,running,LAUNCH_READY,yes,yes,"index,follow",published,decisionScore=100,yes
/products/salomon-custom-quiver,product,running,LAUNCH_READY,yes,yes,"index,follow",published,decisionScore=100,yes
/products/salomon-genesis,product,running,LAUNCH_READY,yes,yes,"index,follow",published,decisionScore=100,yes
/products/salomon-genesis/alternatives,alternatives,running,N/A,yes,yes,"index,follow",published,alternatives_ok|editorial_ready,yes
/products/salomon-pulsar-trail-2,product,running,LAUNCH_READY,yes,yes,"index,follow",published,decisionScore=80,yes
/products/salomon-pulse-belt,product,running,LAUNCH_READY,yes,yes,"index,follow",published,decisionScore=100,yes
/products/salomon-sense-ride-5,product,running,LAUNCH_READY,yes,yes,"index,follow",published,decisionScore=100,yes
/products/salomon-sense-ride-5/alternatives,alternatives,running,N/A,yes,yes,"index,follow",published,alternatives_ok|editorial_ready,yes
/products/salomon-soft-flask-500,product,running,LAUNCH_READY,yes,yes,"index,follow",published,decisionScore=100,yes
/products/salomon-soft-flask-speed-500,product,running,LAUNCH_READY,yes,yes,"index,follow",published,decisionScore=100,yes
/products/salomon-soft-reservoir-15,product,running,LAUNCH_READY,yes,yes,"index,follow",published,decisionScore=100,yes
/products/salomon-ultra-glide-2,product,running,LAUNCH_READY,yes,yes,"index,follow",published,decisionScore=100,yes
/products/salomon-ultra-glide-2/alternatives,alternatives,running,N/A,yes,yes,"index,follow",published,alternatives_ok|editorial_ready,yes
/products/salomon-xa-15,product,running,LAUNCH_READY,yes,yes,"index,follow",published,decisionScore=100,yes
/products/saltstick-caps,product,running|cycling,LAUNCH_READY,yes,yes,"index,follow",published,decisionScore=100,yes
/products/saltstick-fastchews,product,running|cycling,LAUNCH_READY,yes,yes,"index,follow",published,decisionScore=100,yes
/products/samsung-galaxy-watch-ultra,product,running|cycling|swimming|fitness,LAUNCH_READY,yes,yes,"index,follow",published,decisionScore=80,yes
/products/samsung-galaxy-watch-ultra/alternatives,alternatives,running|cycling|swimming|fitness,N/A,yes,yes,"index,follow",published,alternatives_ok|editorial_ready,yes
/products/saucony-endorphin-pro-3,product,running,LAUNCH_READY,yes,yes,"index,follow",published,decisionScore=100,yes
/products/saucony-endorphin-pro-3/alternatives,alternatives,running,N/A,yes,yes,"index,follow",published,alternatives_ok|editorial_ready,yes
/products/saucony-endorphin-pro-4,product,running,LAUNCH_READY,yes,yes,"index,follow",published,decisionScore=100,yes
/products/saucony-endorphin-pro-4/alternatives,alternatives,running,N/A,yes,yes,"index,follow",published,alternatives_ok|editorial_ready,yes
/products/saucony-endorphin-speed-4,product,running,LAUNCH_READY,yes,yes,"index,follow",published,decisionScore=100,yes
/products/saucony-endorphin-speed-4/alternatives,alternatives,running,N/A,yes,yes,"index,follow",published,alternatives_ok|editorial_ready,yes
/products/saucony-endorphin-speed-5,product,running,LAUNCH_READY,yes,yes,"index,follow",published,decisionScore=100,yes
/products/saucony-endorphin-speed-5/alternatives,alternatives,running,N/A,yes,yes,"index,follow",published,alternatives_ok|editorial_ready,yes
/products/saucony-guide-18,product,running,LAUNCH_READY,yes,yes,"index,follow",published,decisionScore=100,yes
/products/saucony-guide-18/alternatives,alternatives,running,N/A,yes,yes,"index,follow",published,alternatives_ok|editorial_ready,yes
/products/saucony-peregrine-15,product,running,LAUNCH_READY,yes,yes,"index,follow",published,decisionScore=100,yes
/products/saucony-peregrine-15/alternatives,alternatives,running,N/A,yes,yes,"index,follow",published,alternatives_ok|editorial_ready,yes
/products/saucony-ride-18,product,running,LAUNCH_READY,yes,yes,"index,follow",published,decisionScore=100,yes
/products/saucony-ride-18/alternatives,alternatives,running,N/A,yes,yes,"index,follow",published,alternatives_ok|editorial_ready,yes
/products/saucony-triumph-22,product,running,LAUNCH_READY,yes,yes,"index,follow",published,decisionScore=100,yes
/products/saucony-triumph-22/alternatives,alternatives,running,N/A,yes,yes,"index,follow",published,alternatives_ok|editorial_ready,yes
/products/saucony-xodus-ultra-3,product,running,LAUNCH_READY,yes,yes,"index,follow",published,decisionScore=100,yes
/products/scosche-rhythm-plus-2,product,running|fitness|hyrox,LAUNCH_READY,yes,yes,"index,follow",published,decisionScore=100,yes
/products/scosche-rhythm24,product,running|fitness,LAUNCH_READY,yes,yes,"index,follow",published,decisionScore=100,yes
/products/shokz-opendots-one,product,running|fitness,LAUNCH_READY,yes,yes,"index,follow",published,decisionScore=100,yes
/products/shokz-openfit-2,product,running|fitness,LAUNCH_READY,yes,yes,"index,follow",published,decisionScore=100,yes
/products/shokz-openrun,product,running|cycling|fitness,LAUNCH_READY,yes,yes,"index,follow",published,decisionScore=100,yes
/products/shokz-openrun-pro-2,product,running|cycling|fitness,LAUNCH_READY,yes,yes,"index,follow",published,decisionScore=100,yes
/products/silva-trail-runner-free-2,product,running,LAUNCH_READY,yes,yes,"index,follow",published,decisionScore=100,yes
/products/sis-beta-fuel-drink,product,running|cycling,LAUNCH_READY,yes,yes,"index,follow",published,decisionScore=100,yes
/products/sis-beta-fuel-gel,product,running|cycling,LAUNCH_READY,yes,yes,"index,follow",published,decisionScore=100,yes
/products/sis-go-isotonic-gel,product,running|cycling,LAUNCH_READY,yes,yes,"index,follow",published,decisionScore=100,yes
/products/skratch-sport-energy-chews,product,running|cycling,LAUNCH_READY,yes,yes,"index,follow",published,decisionScore=100,yes
/products/skratch-sport-hydration-mix,product,running|cycling,LAUNCH_READY,yes,yes,"index,follow",published,decisionScore=90,yes
/products/smartwool-run-targeted-cushion,product,running,LAUNCH_READY,yes,yes,"index,follow",published,decisionScore=100,yes
/products/smartwool-thermal-merino-glove,product,running,LAUNCH_READY,yes,yes,"index,follow",published,decisionScore=100,yes
/products/smith-attack-mag,product,running|cycling,LAUNCH_READY,yes,yes,"index,follow",published,decisionScore=100,yes
/products/smith-shift-mag,product,running|cycling,LAUNCH_READY,yes,yes,"index,follow",published,decisionScore=100,yes
/products/soundcore-aerofit-2,product,running|fitness,LAUNCH_READY,yes,yes,"index,follow",published,decisionScore=100,yes
/products/soundcore-sport-x20,product,running|fitness|hyrox,LAUNCH_READY,yes,yes,"index,follow",published,decisionScore=100,yes
/products/spibelt-original,product,running,LAUNCH_READY,yes,yes,"index,follow",published,decisionScore=100,yes
/products/spring-energy-awesome-sauce,product,running,LAUNCH_READY,yes,yes,"index,follow",published,decisionScore=100,yes
/products/styrkr-gel30,product,running|cycling,LAUNCH_READY,yes,yes,"index,follow",published,decisionScore=100,yes
/products/styrkr-mix90,product,running|cycling,LAUNCH_READY,yes,yes,"index,follow",published,decisionScore=100,yes
/products/suunto-race,product,running|cycling,LAUNCH_READY,yes,yes,"index,follow",published,decisionScore=100,yes
/products/suunto-race-s,product,running,LAUNCH_READY,yes,yes,"index,follow",published,decisionScore=100,yes
/products/suunto-race/alternatives,alternatives,running|cycling,N/A,yes,yes,"index,follow",published,alternatives_ok|editorial_ready,yes
/products/suunto-run,product,running,LAUNCH_READY,yes,yes,"index,follow",published,decisionScore=100,yes
/products/suunto-run/alternatives,alternatives,running,N/A,yes,yes,"index,follow",published,alternatives_ok|editorial_ready,yes
/products/suunto-smart-heart-rate-belt,product,running|cycling|fitness,LAUNCH_READY,yes,yes,"index,follow",published,decisionScore=100,yes
/products/suunto-smart-heart-rate-belt/alternatives,alternatives,running|cycling|fitness,N/A,yes,yes,"index,follow",published,alternatives_ok|editorial_ready,yes
/products/suunto-vertical-2,product,running|cycling,LAUNCH_READY,yes,yes,"index,follow",published,decisionScore=100,yes
/products/suunto-vertical-2/alternatives,alternatives,running|cycling,N/A,yes,yes,"index,follow",published,alternatives_ok|editorial_ready,yes
/products/suunto-wing,product,running|cycling|fitness,LAUNCH_READY,yes,yes,"index,follow",published,decisionScore=100,yes
/products/swiftwick-aspire-four,product,running,LAUNCH_READY,yes,yes,"index,follow",published,decisionScore=100,yes
/products/tailwind-endurance-fuel,product,running|cycling,LAUNCH_READY,yes,yes,"index,follow",published,decisionScore=100,yes
/products/therabody-theragun-mini-2,product,running|recovery|fitness,LAUNCH_READY,yes,yes,"index,follow",published,decisionScore=100,yes
/products/therabody-theragun-prime,product,running|recovery|fitness,LAUNCH_READY,yes,yes,"index,follow",published,decisionScore=100,yes
/products/therabody-theragun-pro,product,running|recovery|fitness,LAUNCH_READY,yes,yes,"index,follow",published,decisionScore=90,yes
/products/tifosi-rail,product,running|cycling,LAUNCH_READY,yes,yes,"index,follow",published,decisionScore=100,yes
/products/tifosi-vogel,product,running,LAUNCH_READY,yes,yes,"index,follow",published,decisionScore=100,yes
/products/topo-athletic-phantom-3,product,running,LAUNCH_READY,yes,yes,"index,follow",published,decisionScore=100,yes
/products/topo-athletic-specter-2,product,running,LAUNCH_READY,yes,yes,"index,follow",published,decisionScore=100,yes
/products/topo-athletic-terraventure-5,product,running,LAUNCH_READY,yes,yes,"index,follow",published,decisionScore=100,yes
/products/topo-athletic-terraventure-5/alternatives,alternatives,running,N/A,yes,yes,"index,follow",published,alternatives_ok|editorial_ready,yes
/products/tracksmith-brighton-ls-men,product,running,LAUNCH_READY,yes,yes,"index,follow",published,decisionScore=90,yes
/products/tracksmith-session-short-men,product,running,LAUNCH_READY,yes,yes,"index,follow",published,decisionScore=100,yes
/products/tracksmith-session-short-women,product,running,LAUNCH_READY,yes,yes,"index,follow",published,decisionScore=90,yes
/products/tracksmith-turnover-tight-women,product,running,LAUNCH_READY,yes,yes,"index,follow",published,decisionScore=100,yes
/products/tracksmith-twilight-half-men,product,running,LAUNCH_READY,yes,yes,"index,follow",published,decisionScore=100,yes
/products/tracksmith-van-cortlandt-tee-men,product,running,LAUNCH_READY,yes,yes,"index,follow",published,decisionScore=90,yes
/products/triggerpoint-grid-travel,product,running|recovery|fitness,LAUNCH_READY,yes,yes,"index,follow",published,decisionScore=100,yes
/products/triggerpoint-grid-x,product,running|recovery|fitness,LAUNCH_READY,yes,yes,"index,follow",published,decisionScore=100,yes
/products/ultimate-direction-adventure-vest,product,running,LAUNCH_READY,yes,yes,"index,follow",published,decisionScore=100,yes
/products/ultimate-direction-body-bottle-500,product,running,LAUNCH_READY,yes,yes,"index,follow",published,decisionScore=100,yes
/products/ultimate-direction-fastpack-20,product,running,LAUNCH_READY,yes,yes,"index,follow",published,decisionScore=100,yes
/products/ultimate-direction-fastpack-30,product,running,LAUNCH_READY,yes,yes,"index,follow",published,decisionScore=100,yes
/products/ultimate-direction-fastpack-her-20,product,running,LAUNCH_READY,yes,yes,"index,follow",published,decisionScore=100,yes
/products/ultimate-direction-race-belt,product,running,LAUNCH_READY,yes,yes,"index,follow",published,decisionScore=100,yes
/products/ultimate-direction-race-vest-6,product,running,LAUNCH_READY,yes,yes,"index,follow",published,decisionScore=100,yes
/products/ultimate-direction-ultra-belt,product,running,LAUNCH_READY,yes,yes,"index,follow",published,decisionScore=100,yes
/products/ultimate-direction-utility-bag,product,running,LAUNCH_READY,yes,yes,"index,follow",published,decisionScore=100,yes
/products/ultraspire-alpha-6,product,running,LAUNCH_READY,yes,yes,"index,follow",published,decisionScore=100,yes
/products/ultraspire-fitted-race-belt-2,product,running,LAUNCH_READY,yes,yes,"index,follow",published,decisionScore=100,yes
/products/ultraspire-spry-5,product,running,LAUNCH_READY,yes,yes,"index,follow",published,decisionScore=100,yes
/products/uswe-pace-8,product,running,LAUNCH_READY,yes,yes,"index,follow",published,decisionScore=100,yes
/products/veloforte-energy-bar,product,running|cycling,LAUNCH_READY,yes,yes,"index,follow",published,decisionScore=100,yes
/products/veloforte-energy-chews,product,running|cycling,LAUNCH_READY,yes,yes,"index,follow",published,decisionScore=100,yes
/products/wahoo-tickr,product,running|cycling|fitness,LAUNCH_READY,yes,yes,"index,follow",published,decisionScore=100,yes
/products/wahoo-tickr-fit,product,running|cycling|fitness|hyrox,LAUNCH_READY,yes,yes,"index,follow",published,decisionScore=100,yes
/products/wahoo-tickr-fit/alternatives,alternatives,running|cycling|fitness|hyrox,N/A,yes,yes,"index,follow",published,alternatives_ok|editorial_ready,yes
/products/wahoo-tickr-x,product,running|cycling|fitness,LAUNCH_READY,yes,yes,"index,follow",published,decisionScore=100,yes
/products/wahoo-tickr-x/alternatives,alternatives,running|cycling|fitness,N/A,yes,yes,"index,follow",published,alternatives_ok|editorial_ready,yes
/products/wahoo-trackr,product,running|cycling|fitness|hyrox,LAUNCH_READY,yes,yes,"index,follow",published,decisionScore=100,yes
/products/wahoo-trackr/alternatives,alternatives,running|cycling|fitness|hyrox,N/A,yes,yes,"index,follow",published,alternatives_ok|editorial_ready,yes
/products/wrightsock-coolmesh-ii,product,running,LAUNCH_READY,yes,yes,"index,follow",published,decisionScore=100,yes
/reviews,sitemap,,,yes,no,"index,follow",published,,yes
/reviews/100-percent-s3,review,,LAUNCH_READY,yes,yes,"index,follow",published,decisionScore=100|words=2697|editorial_ready,yes
/reviews/226ers-high-energy-gel,review,,LAUNCH_READY,yes,yes,"index,follow",published,decisionScore=100|words=3007|editorial_ready,yes
/reviews/2toms-sportshield,review,,LAUNCH_READY,yes,yes,"index,follow",published,decisionScore=100|words=2764|editorial_ready,yes
/reviews/amazfit-active-2,review,,LAUNCH_READY,yes,yes,"index,follow",published,decisionScore=100|words=3987|editorial_ready,yes
/reviews/amazfit-t-rex-3-pro,review,,LAUNCH_READY,yes,yes,"index,follow",published,decisionScore=100|words=3902|editorial_ready,yes
/reviews/amphipod-airflow-lite-belt,review,,LAUNCH_READY,yes,yes,"index,follow",published,decisionScore=100|words=2664|editorial_ready,yes
/reviews/amphipod-hydraform-ergo-lite-handheld,review,,LAUNCH_READY,yes,yes,"index,follow",published,decisionScore=100|words=3143|editorial_ready,yes
/reviews/amphipod-vizlet-led,review,,LAUNCH_READY,yes,yes,"index,follow",published,decisionScore=100|words=2844|editorial_ready,yes
/reviews/amphipod-xinglet,review,,LAUNCH_READY,yes,yes,"index,follow",published,decisionScore=100|words=2776|editorial_ready,yes
/reviews/amphipod-xinglet-optic-beam,review,,LAUNCH_READY,yes,yes,"index,follow",published,decisionScore=100|words=2937|editorial_ready,yes
/reviews/apple-airpods-4,review,,LAUNCH_READY,yes,yes,"index,follow",published,decisionScore=100|words=2799|editorial_ready,yes
/reviews/apple-airpods-pro-2,review,,LAUNCH_READY,yes,yes,"index,follow",published,decisionScore=100|words=2641|editorial_ready,yes
/reviews/apple-watch-series-10,review,,LAUNCH_READY,yes,yes,"index,follow",published,decisionScore=100|words=3925|editorial_ready,yes
/reviews/apple-watch-ultra-3,review,,LAUNCH_READY,yes,yes,"index,follow",published,decisionScore=100|words=3956|editorial_ready,yes
/reviews/asics-gel-kayano-32,review,,LAUNCH_READY,yes,yes,"index,follow",published,decisionScore=100|words=3874|editorial_ready,yes
/reviews/asics-novablast-5,review,,LAUNCH_READY,yes,yes,"index,follow",published,decisionScore=100|words=3910|editorial_ready,yes
/reviews/asics-superblast-2,review,,LAUNCH_READY,yes,yes,"index,follow",published,decisionScore=100|words=3844|editorial_ready,yes
/reviews/assaultrunner-pro,review,,LAUNCH_READY,yes,yes,"index,follow",published,decisionScore=100|words=2593|editorial_ready,yes
/reviews/beats-fit-pro,review,,LAUNCH_READY,yes,yes,"index,follow",published,decisionScore=100|words=2827|editorial_ready,yes
/reviews/biolite-headlamp-800-pro,review,,LAUNCH_READY,yes,yes,"index,follow",published,decisionScore=100|words=2900|editorial_ready,yes
/reviews/black-diamond-distance-15,review,,LAUNCH_READY,yes,yes,"index,follow",published,decisionScore=100|words=2891|editorial_ready,yes
/reviews/black-diamond-distance-1500,review,,LAUNCH_READY,yes,yes,"index,follow",published,decisionScore=100|words=2957|editorial_ready,yes
/reviews/black-diamond-spot-400-r,review,,LAUNCH_READY,yes,yes,"index,follow",published,decisionScore=100|words=2784|editorial_ready,yes
/reviews/blackroll-pro,review,,LAUNCH_READY,yes,yes,"index,follow",published,decisionScore=100|words=2760|editorial_ready,yes
/reviews/body-glide-original,review,,LAUNCH_READY,yes,yes,"index,follow",published,decisionScore=100|words=2673|editorial_ready,yes
/reviews/bose-ultra-open-earbuds,review,,LAUNCH_READY,yes,yes,"index,follow",published,decisionScore=100|words=2685|editorial_ready,yes
/reviews/brazyn-morph,review,,LAUNCH_READY,yes,yes,"index,follow",published,decisionScore=100|words=2704|editorial_ready,yes
/reviews/brooks-adrenaline-gts-25,review,,LAUNCH_READY,yes,yes,"index,follow",published,decisionScore=100|words=3863|editorial_ready,yes
/reviews/brooks-canopy-jacket-men,review,,LAUNCH_READY,yes,yes,"index,follow",published,decisionScore=100|words=2724|editorial_ready,yes
/reviews/brooks-cascadia-18,review,,LAUNCH_READY,yes,yes,"index,follow",published,decisionScore=100|words=3572|editorial_ready,yes
/reviews/brooks-chaser-5-women,review,,LAUNCH_READY,yes,yes,"index,follow",published,decisionScore=100|words=2762|editorial_ready,yes
/reviews/brooks-ghost-18,review,,LAUNCH_READY,yes,yes,"index,follow",published,decisionScore=100|words=3874|editorial_ready,yes
/reviews/brooks-glycerin-22,review,,LAUNCH_READY,yes,yes,"index,follow",published,decisionScore=100|words=3896|editorial_ready,yes
/reviews/brooks-glycerin-gts-22,review,,LAUNCH_READY,yes,yes,"index,follow",published,decisionScore=100|words=3579|editorial_ready,yes
/reviews/brooks-method-tight-women,review,,LAUNCH_READY,yes,yes,"index,follow",published,decisionScore=100|words=2927|editorial_ready,yes
/reviews/buff-polar,review,,LAUNCH_READY,yes,yes,"index,follow",published,decisionScore=100|words=2676|editorial_ready,yes
/reviews/camelbak-crux-15,review,,LAUNCH_READY,yes,yes,"index,follow",published,decisionScore=100|words=3034|editorial_ready,yes
/reviews/camelbak-zephyr-pro,review,,LAUNCH_READY,yes,yes,"index,follow",published,decisionScore=100|words=2839|editorial_ready,yes
/reviews/cep-run-compression-sock-3,review,,LAUNCH_READY,yes,yes,"index,follow",published,decisionScore=100|words=2587|editorial_ready,yes
/reviews/cep-the-run-calf-sleeves,review,,LAUNCH_READY,yes,yes,"index,follow",published,decisionScore=100|words=2777|editorial_ready,yes
/reviews/clif-bar-original,review,,LAUNCH_READY,yes,yes,"index,follow",published,decisionScore=100|words=2779|editorial_ready,yes
/reviews/clif-bloks-energy-chews,review,,LAUNCH_READY,yes,yes,"index,follow",published,decisionScore=100|words=3215|editorial_ready,yes
/reviews/compressport-ultrun-s-pack,review,,LAUNCH_READY,yes,yes,"index,follow",published,decisionScore=100|words=2809|editorial_ready,yes
/reviews/coros-apex-4,review,,LAUNCH_READY,yes,yes,"index,follow",published,decisionScore=100|words=3928|editorial_ready,yes
/reviews/coros-pace-3,review,,LAUNCH_READY,yes,yes,"index,follow",published,decisionScore=100|words=3826|editorial_ready,yes
/reviews/coros-pace-4,review,,LAUNCH_READY,yes,yes,"index,follow",published,decisionScore=100|words=3932|editorial_ready,yes
/reviews/coros-vertix-2s,review,,LAUNCH_READY,yes,yes,"index,follow",published,decisionScore=100|words=3961|editorial_ready,yes
/reviews/craft-adv-essence-light-wind-men,review,,LAUNCH_READY,yes,yes,"index,follow",published,decisionScore=100|words=2753|editorial_ready,yes
/reviews/craft-adv-essence-light-wind-vest-men,review,,LAUNCH_READY,yes,yes,"index,follow",published,decisionScore=100|words=2880|editorial_ready,yes
/reviews/craft-adv-essence-tight-men,review,,LAUNCH_READY,yes,yes,"index,follow",published,decisionScore=100|words=2994|editorial_ready,yes
/reviews/flipbelt-classic,review,,LAUNCH_READY,yes,yes,"index,follow",published,decisionScore=100|words=2551|editorial_ready,yes
/reviews/garmin-enduro-3,review,,LAUNCH_READY,yes,yes,"index,follow",published,decisionScore=100|words=3987|editorial_ready,yes
/reviews/garmin-epix-pro-gen-2,review,,LAUNCH_READY,yes,yes,"index,follow",published,decisionScore=100|words=4013|editorial_ready,yes
/reviews/garmin-fenix-8,review,,LAUNCH_READY,yes,yes,"index,follow",published,decisionScore=100|words=3904|editorial_ready,yes
/reviews/garmin-forerunner-265s,review,,LAUNCH_READY,yes,yes,"index,follow",published,decisionScore=100|words=3972|editorial_ready,yes
/reviews/garmin-forerunner-970,review,,LAUNCH_READY,yes,yes,"index,follow",published,decisionScore=100|words=3839|editorial_ready,yes
/reviews/garmin-hrm-200,review,,LAUNCH_READY,yes,yes,"index,follow",published,decisionScore=100|words=2751|editorial_ready,yes
/reviews/garmin-hrm-600,review,,LAUNCH_READY,yes,yes,"index,follow",published,decisionScore=100|words=3997|editorial_ready,yes
/reviews/garmin-hrm-fit,review,,LAUNCH_READY,yes,yes,"index,follow",published,decisionScore=100|words=2737|editorial_ready,yes
/reviews/garmin-instinct-3,review,,LAUNCH_READY,yes,yes,"index,follow",published,decisionScore=100|words=3935|editorial_ready,yes
/reviews/garmin-vivoactive-6,review,,LAUNCH_READY,yes,yes,"index,follow",published,decisionScore=100|words=3998|editorial_ready,yes
/reviews/gu-energy-gel,review,,LAUNCH_READY,yes,yes,"index,follow",published,decisionScore=100|words=2893|editorial_ready,yes
/reviews/high5-zero,review,,LAUNCH_READY,yes,yes,"index,follow",published,decisionScore=100|words=2696|editorial_ready,yes
/reviews/hoka-bondi-9,review,,LAUNCH_READY,yes,yes,"index,follow",published,decisionScore=100|words=3853|editorial_ready,yes
/reviews/hoka-clifton-10,review,,LAUNCH_READY,yes,yes,"index,follow",published,decisionScore=100|words=3864|editorial_ready,yes
/reviews/hoka-speedgoat-6,review,,LAUNCH_READY,yes,yes,"index,follow",published,decisionScore=100|words=3832|editorial_ready,yes
/reviews/honey-stinger-organic-energy-gel,review,,LAUNCH_READY,yes,yes,"index,follow",published,decisionScore=100|words=2814|editorial_ready,yes
/reviews/hydrapak-softflask-250,review,,LAUNCH_READY,yes,yes,"index,follow",published,decisionScore=100|words=2858|editorial_ready,yes
/reviews/hydrapak-softflask-speed-500,review,,LAUNCH_READY,yes,yes,"index,follow",published,decisionScore=100|words=2865|editorial_ready,yes
/reviews/hyperice-hypervolt-2,review,,LAUNCH_READY,yes,yes,"index,follow",published,decisionScore=100|words=2821|editorial_ready,yes
/reviews/hyperice-normatec-3,review,,LAUNCH_READY,yes,yes,"index,follow",published,decisionScore=100|words=2729|editorial_ready,yes
/reviews/hyperice-normatec-go,review,,LAUNCH_READY,yes,yes,"index,follow",published,decisionScore=100|words=3018|editorial_ready,yes
/reviews/hyperice-vyper-3,review,,LAUNCH_READY,yes,yes,"index,follow",published,decisionScore=100|words=2836|editorial_ready,yes
/reviews/injinji-run-midweight,review,,LAUNCH_READY,yes,yes,"index,follow",published,decisionScore=100|words=2534|editorial_ready,yes
/reviews/julbo-ultimate,review,,LAUNCH_READY,yes,yes,"index,follow",published,decisionScore=100|words=2638|editorial_ready,yes
/reviews/kiprun-running-belt,review,,LAUNCH_READY,yes,yes,"index,follow",published,decisionScore=100|words=2738|editorial_ready,yes
/reviews/ledlenser-neo9r,review,,LAUNCH_READY,yes,yes,"index,follow",published,decisionScore=100|words=2902|editorial_ready,yes
/reviews/maurten-drink-mix-160,review,,LAUNCH_READY,yes,yes,"index,follow",published,decisionScore=100|words=2788|editorial_ready,yes
/reviews/maurten-drink-mix-320,review,,LAUNCH_READY,yes,yes,"index,follow",published,decisionScore=100|words=2891|editorial_ready,yes
/reviews/maurten-gel-100,review,,LAUNCH_READY,yes,yes,"index,follow",published,decisionScore=100|words=3148|editorial_ready,yes
/reviews/maurten-gel-100-caf-100,review,,LAUNCH_READY,yes,yes,"index,follow",published,decisionScore=100|words=2892|editorial_ready,yes
/reviews/maurten-gel-160,review,,LAUNCH_READY,yes,yes,"index,follow",published,decisionScore=100|words=3170|editorial_ready,yes
/reviews/naak-ultra-energy-bar,review,,LAUNCH_READY,yes,yes,"index,follow",published,decisionScore=100|words=3253|editorial_ready,yes
/reviews/naak-ultra-energy-drink-mix,review,,LAUNCH_READY,yes,yes,"index,follow",published,decisionScore=100|words=2830|editorial_ready,yes
/reviews/nathan-lightbender-rx,review,,LAUNCH_READY,yes,yes,"index,follow",published,decisionScore=100|words=2897|editorial_ready,yes
/reviews/nathan-peak-hydration-waist-pack,review,,LAUNCH_READY,yes,yes,"index,follow",published,decisionScore=100|words=2824|editorial_ready,yes
/reviews/nathan-pinnacle-12,review,,LAUNCH_READY,yes,yes,"index,follow",published,decisionScore=100|words=3072|editorial_ready,yes
/reviews/nathan-speeddraw-plus-insulated-18oz,review,,LAUNCH_READY,yes,yes,"index,follow",published,decisionScore=100|words=2896|editorial_ready,yes
/reviews/nathan-streak-reflective-vest,review,,LAUNCH_READY,yes,yes,"index,follow",published,decisionScore=100|words=2842|editorial_ready,yes
/reviews/nathan-vaporair-2,review,,LAUNCH_READY,yes,yes,"index,follow",published,decisionScore=100|words=2711|editorial_ready,yes
/reviews/nathan-vaporair-4,review,,LAUNCH_READY,yes,yes,"index,follow",published,decisionScore=100|words=2922|editorial_ready,yes
/reviews/nathan-zippered-stash,review,,LAUNCH_READY,yes,yes,"index,follow",published,decisionScore=100|words=2890|editorial_ready,yes
/reviews/nb-rc-essential-short-men,review,,LAUNCH_READY,yes,yes,"index,follow",published,decisionScore=100|words=2804|editorial_ready,yes
/reviews/neversecond-c30-sports-drink,review,,LAUNCH_READY,yes,yes,"index,follow",published,decisionScore=100|words=2894|editorial_ready,yes
/reviews/new-balance-fresh-foam-x-860-v14,review,,LAUNCH_READY,yes,yes,"index,follow",published,decisionScore=100|words=3707|editorial_ready,yes
/reviews/new-balance-fuelcell-rebel-v4,review,,LAUNCH_READY,yes,yes,"index,follow",published,decisionScore=100|words=3515|editorial_ready,yes
/reviews/nike-alphafly-3,review,,LAUNCH_READY,yes,yes,"index,follow",published,decisionScore=100|words=3848|editorial_ready,yes
/reviews/nike-impossibly-light-men,review,,LAUNCH_READY,yes,yes,"index,follow",published,decisionScore=100|words=2913|editorial_ready,yes
/reviews/nike-pegasus-42,review,,LAUNCH_READY,yes,yes,"index,follow",published,decisionScore=100|words=3926|editorial_ready,yes
/reviews/nike-therma-fit-glove,review,,LAUNCH_READY,yes,yes,"index,follow",published,decisionScore=100|words=3014|editorial_ready,yes
/reviews/nike-vaporfly-4,review,,LAUNCH_READY,yes,yes,"index,follow",published,decisionScore=100|words=3902|editorial_ready,yes
/reviews/nike-vomero-18,review,,LAUNCH_READY,yes,yes,"index,follow",published,decisionScore=100|words=3873|editorial_ready,yes
/reviews/nitecore-nu43,review,,LAUNCH_READY,yes,yes,"index,follow",published,decisionScore=100|words=3109|editorial_ready,yes
/reviews/oakley-kato,review,,LAUNCH_READY,yes,yes,"index,follow",published,decisionScore=100|words=2602|editorial_ready,yes
/reviews/odlo-active-warm-eco-bottom-men,review,,LAUNCH_READY,yes,yes,"index,follow",published,decisionScore=100|words=2835|editorial_ready,yes
/reviews/on-cloudmonster-hyper,review,,LAUNCH_READY,yes,yes,"index,follow",published,decisionScore=100|words=3528|editorial_ready,yes
/reviews/osprey-duro-15,review,,LAUNCH_READY,yes,yes,"index,follow",published,decisionScore=100|words=2906|editorial_ready,yes
/reviews/osprey-duro-6,review,,LAUNCH_READY,yes,yes,"index,follow",published,decisionScore=100|words=2625|editorial_ready,yes
/reviews/osprey-dyna-6,review,,LAUNCH_READY,yes,yes,"index,follow",published,decisionScore=100|words=2605|editorial_ready,yes
/reviews/osprey-talon-velocity-20,review,,LAUNCH_READY,yes,yes,"index,follow",published,decisionScore=100|words=3187|editorial_ready,yes
/reviews/osprey-talon-velocity-30,review,,LAUNCH_READY,yes,yes,"index,follow",published,decisionScore=100|words=3154|editorial_ready,yes
/reviews/osprey-tempest-velocity-20,review,,LAUNCH_READY,yes,yes,"index,follow",published,decisionScore=100|words=3151|editorial_ready,yes
/reviews/patagonia-capilene-thermal-crew-men,review,,LAUNCH_READY,yes,yes,"index,follow",published,decisionScore=100|words=3007|editorial_ready,yes
/reviews/patagonia-houdini-men,review,,LAUNCH_READY,yes,yes,"index,follow",published,decisionScore=100|words=2736|editorial_ready,yes
/reviews/patagonia-nano-puff-vest-men,review,,LAUNCH_READY,yes,yes,"index,follow",published,decisionScore=100|words=2809|editorial_ready,yes
/reviews/patagonia-strider-pro-men,review,,LAUNCH_READY,yes,yes,"index,follow",published,decisionScore=100|words=2816|editorial_ready,yes
/reviews/petzl-actik-core,review,,LAUNCH_READY,yes,yes,"index,follow",published,decisionScore=100|words=2885|editorial_ready,yes
/reviews/petzl-nao-rl,review,,LAUNCH_READY,yes,yes,"index,follow",published,decisionScore=100|words=3020|editorial_ready,yes
/reviews/petzl-swift-rl,review,,LAUNCH_READY,yes,yes,"index,follow",published,decisionScore=100|words=2582|editorial_ready,yes
/reviews/polar-grit-x2,review,,LAUNCH_READY,yes,yes,"index,follow",published,decisionScore=100|words=3932|editorial_ready,yes
/reviews/polar-h10,review,,LAUNCH_READY,yes,yes,"index,follow",published,decisionScore=100|words=3877|editorial_ready,yes
/reviews/polar-pacer,review,,LAUNCH_READY,yes,yes,"index,follow",published,decisionScore=100|words=3953|editorial_ready,yes
/reviews/polar-vantage-v3,review,,LAUNCH_READY,yes,yes,"index,follow",published,decisionScore=100|words=2638|editorial_ready,yes
/reviews/polar-verity-sense,review,,LAUNCH_READY,yes,yes,"index,follow",published,decisionScore=100|words=3891|editorial_ready,yes
/reviews/precision-pf30-drink-mix,review,,LAUNCH_READY,yes,yes,"index,follow",published,decisionScore=100|words=3173|editorial_ready,yes
/reviews/precision-pf30-gel,review,,LAUNCH_READY,yes,yes,"index,follow",published,decisionScore=100|words=2982|editorial_ready,yes
/reviews/roka-phantom-air,review,,LAUNCH_READY,yes,yes,"index,follow",published,decisionScore=100|words=2764|editorial_ready,yes
/reviews/rudy-project-cutline,review,,LAUNCH_READY,yes,yes,"index,follow",published,decisionScore=100|words=2805|editorial_ready,yes
/reviews/salomon-adv-skin-5,review,,LAUNCH_READY,yes,yes,"index,follow",published,decisionScore=100|words=2951|editorial_ready,yes
/reviews/salomon-custom-quiver,review,,LAUNCH_READY,yes,yes,"index,follow",published,decisionScore=100|words=2926|editorial_ready,yes
/reviews/salomon-xa-15,review,,LAUNCH_READY,yes,yes,"index,follow",published,decisionScore=100|words=2826|editorial_ready,yes
/reviews/saltstick-fastchews,review,,LAUNCH_READY,yes,yes,"index,follow",published,decisionScore=100|words=2944|editorial_ready,yes
/reviews/samsung-galaxy-watch-ultra,review,,LAUNCH_READY,yes,yes,"index,follow",published,decisionScore=100|words=3952|editorial_ready,yes
/reviews/saucony-endorphin-speed-4,review,,LAUNCH_READY,yes,yes,"index,follow",published,decisionScore=100|words=3708|editorial_ready,yes
/reviews/saucony-endorphin-speed-5,review,,LAUNCH_READY,yes,yes,"index,follow",published,decisionScore=100|words=3905|editorial_ready,yes
/reviews/scosche-rhythm-plus-2,review,,LAUNCH_READY,yes,yes,"index,follow",published,decisionScore=100|words=3932|editorial_ready,yes
/reviews/scosche-rhythm24,review,,LAUNCH_READY,yes,yes,"index,follow",published,decisionScore=100|words=2726|editorial_ready,yes
/reviews/shokz-opendots-one,review,,LAUNCH_READY,yes,yes,"index,follow",published,decisionScore=100|words=3161|editorial_ready,yes
/reviews/shokz-openfit-2,review,,LAUNCH_READY,yes,yes,"index,follow",published,decisionScore=100|words=2740|editorial_ready,yes
/reviews/shokz-openrun,review,,LAUNCH_READY,yes,yes,"index,follow",published,decisionScore=100|words=2805|editorial_ready,yes
/reviews/shokz-openrun-pro-2,review,,LAUNCH_READY,yes,yes,"index,follow",published,decisionScore=100|words=2525|editorial_ready,yes
/reviews/silva-trail-runner-free-2,review,,LAUNCH_READY,yes,yes,"index,follow",published,decisionScore=100|words=2659|editorial_ready,yes
/reviews/sis-beta-fuel-drink,review,,LAUNCH_READY,yes,yes,"index,follow",published,decisionScore=100|words=2862|editorial_ready,yes
/reviews/sis-beta-fuel-gel,review,,LAUNCH_READY,yes,yes,"index,follow",published,decisionScore=100|words=2980|editorial_ready,yes
/reviews/sis-go-isotonic-gel,review,,LAUNCH_READY,yes,yes,"index,follow",published,decisionScore=100|words=3122|editorial_ready,yes
/reviews/skratch-sport-hydration-mix,review,,LAUNCH_READY,yes,yes,"index,follow",published,decisionScore=100|words=2916|editorial_ready,yes
/reviews/smartwool-run-targeted-cushion,review,,LAUNCH_READY,yes,yes,"index,follow",published,decisionScore=100|words=3001|editorial_ready,yes
/reviews/smith-attack-mag,review,,LAUNCH_READY,yes,yes,"index,follow",published,decisionScore=100|words=2709|editorial_ready,yes
/reviews/soundcore-aerofit-2,review,,LAUNCH_READY,yes,yes,"index,follow",published,decisionScore=100|words=2785|editorial_ready,yes
/reviews/soundcore-sport-x20,review,,LAUNCH_READY,yes,yes,"index,follow",published,decisionScore=100|words=2847|editorial_ready,yes
/reviews/squirrels-nut-butter,review,,LAUNCH_READY,yes,yes,"index,follow",published,decisionScore=100|words=2707|editorial_ready,yes
/reviews/suunto-run,review,,LAUNCH_READY,yes,yes,"index,follow",published,decisionScore=100|words=3906|editorial_ready,yes
/reviews/suunto-vertical-2,review,,LAUNCH_READY,yes,yes,"index,follow",published,decisionScore=100|words=3960|editorial_ready,yes
/reviews/suunto-wing,review,,LAUNCH_READY,yes,yes,"index,follow",published,decisionScore=100|words=2740|editorial_ready,yes
/reviews/swiftwick-aspire-four,review,,LAUNCH_READY,yes,yes,"index,follow",published,decisionScore=100|words=2734|editorial_ready,yes
/reviews/therabody-theragun-prime,review,,LAUNCH_READY,yes,yes,"index,follow",published,decisionScore=100|words=3045|editorial_ready,yes
/reviews/therabody-theragun-pro,review,,LAUNCH_READY,yes,yes,"index,follow",published,decisionScore=100|words=3036|editorial_ready,yes
/reviews/tracksmith-twilight-half-men,review,,LAUNCH_READY,yes,yes,"index,follow",published,decisionScore=100|words=3022|editorial_ready,yes
/reviews/triggerpoint-grid-travel,review,,LAUNCH_READY,yes,yes,"index,follow",published,decisionScore=100|words=3070|editorial_ready,yes
/reviews/triggerpoint-grid-x,review,,LAUNCH_READY,yes,yes,"index,follow",published,decisionScore=100|words=2838|editorial_ready,yes
/reviews/ultimate-direction-fastpack-20,review,,LAUNCH_READY,yes,yes,"index,follow",published,decisionScore=100|words=2946|editorial_ready,yes
/reviews/ultimate-direction-fastpack-her-20,review,,LAUNCH_READY,yes,yes,"index,follow",published,decisionScore=100|words=3100|editorial_ready,yes
/reviews/ultimate-direction-race-belt,review,,LAUNCH_READY,yes,yes,"index,follow",published,decisionScore=100|words=2813|editorial_ready,yes
/reviews/ultimate-direction-ultra-belt,review,,LAUNCH_READY,yes,yes,"index,follow",published,decisionScore=100|words=3048|editorial_ready,yes
/reviews/ultimate-direction-utility-bag,review,,LAUNCH_READY,yes,yes,"index,follow",published,decisionScore=100|words=2880|editorial_ready,yes
/reviews/ultraspire-fitted-race-belt-2,review,,LAUNCH_READY,yes,yes,"index,follow",published,decisionScore=100|words=3062|editorial_ready,yes
/reviews/ultraspire-spry-5,review,,LAUNCH_READY,yes,yes,"index,follow",published,decisionScore=100|words=2802|editorial_ready,yes
/reviews/uswe-pace-8,review,,LAUNCH_READY,yes,yes,"index,follow",published,decisionScore=100|words=2791|editorial_ready,yes
/reviews/veloforte-energy-bar,review,,LAUNCH_READY,yes,yes,"index,follow",published,decisionScore=100|words=3001|editorial_ready,yes
/running,sport,running,N/A,yes,yes,"index,follow",published,vertical_enabled:running,yes
/running/belts,category,running,N/A,yes,yes,"index,follow",published,vertical_enabled:running,yes
/running/clothing,category,running,N/A,yes,yes,"index,follow",published,vertical_enabled:running,yes
/running/headphones,category,running|fitness|cycling,N/A,yes,yes,"index,follow",published,vertical_enabled:running,yes
/running/heart-rate-monitors,category,running|cycling|fitness|hyrox,N/A,yes,yes,"index,follow",published,vertical_enabled:running,yes
/running/hydration,category,running|cycling|hyrox|fitness,N/A,yes,yes,"index,follow",published,vertical_enabled:running,yes
/running/lights,category,running,N/A,yes,yes,"index,follow",published,vertical_enabled:running,yes
/running/nutrition,category,running|cycling|hyrox,N/A,yes,yes,"index,follow",published,vertical_enabled:running,yes
/running/packs,category,running,N/A,yes,yes,"index,follow",published,vertical_enabled:running,yes
/running/racing,sitemap,,,yes,no,"index,follow",published,,yes
/running/recovery,category,recovery|running|fitness|hyrox,N/A,yes,no,"noindex,nofollow",published,sport_not_live:coming-soon,yes
/running/road,sitemap,,,yes,no,"index,follow",published,,yes
/running/safety,category,running|cycling,N/A,yes,yes,"index,follow",published,vertical_enabled:running,yes
/running/shoes,category,running|hyrox,N/A,yes,yes,"index,follow",published,vertical_enabled:running,yes
/running/shoes/daily-trainers,sitemap,,,yes,no,"index,follow",published,,yes
/running/shoes/heavy-runners,sitemap,,,yes,no,"index,follow",published,,yes
/running/shoes/race,sitemap,,,yes,no,"index,follow",published,,yes
/running/shoes/stability,sitemap,,,yes,no,"index,follow",published,,yes
/running/shoes/trail,sitemap,,,yes,no,"index,follow",published,,yes
/running/socks,category,running,N/A,yes,yes,"index,follow",published,vertical_enabled:running,yes
/running/sunglasses,category,running|cycling,N/A,yes,yes,"index,follow",published,vertical_enabled:running,yes
/running/track,sitemap,,,yes,no,"index,follow",published,,yes
/running/trail,sitemap,,,yes,no,"index,follow",published,,yes
/running/treadmill,sitemap,,,yes,no,"index,follow",published,,yes
/running/ultra,sitemap,,,yes,no,"index,follow",published,,yes
/running/watches,category,running|cycling|swimming|fitness|hyrox,N/A,yes,yes,"index,follow",published,vertical_enabled:running,yes
/scoring-methodology,sitemap,,,yes,no,"index,follow",published,,yes
/setups,sitemap,,,yes,no,"index,follow",published,,yes
/setups/beginner-running-setup,setup,,N/A,yes,yes,"index,follow",published,setup_published,yes
/setups/first-marathon-kit,setup,,N/A,yes,yes,"index,follow",published,setup_published,yes
/setups/half-marathon-kit,setup,,N/A,yes,yes,"index,follow",published,setup_published,yes
/setups/marathon-race-day-kit,setup,,N/A,yes,yes,"index,follow",published,setup_published,yes
/setups/trail-running-starter-kit,setup,,N/A,yes,yes,"index,follow",published,setup_published,yes
/terms,sitemap,,,yes,no,"index,follow",published,,yes
/tools,sitemap,,,yes,no,"index,follow",published,,yes
/tools/fitness-watch-finder,sitemap,,,yes,no,"index,follow",published,,yes
/tools/race-time-predictor,sitemap,,,yes,no,"index,follow",published,,yes
/tools/running-accessories-finder,sitemap,,,yes,no,"index,follow",published,,yes
/tools/running-clothing-finder,sitemap,,,yes,no,"index,follow",published,,yes
/tools/running-fuel-finder,sitemap,,,yes,no,"index,follow",published,,yes
/tools/running-hrm-finder,sitemap,,,yes,no,"index,follow",published,,yes
/tools/running-hydration-finder,sitemap,,,yes,no,"index,follow",published,,yes
/tools/running-pace-calculator,sitemap,,,yes,no,"index,follow",published,,yes
/tools/running-recovery-finder,sitemap,,,yes,no,"index,follow",published,,yes
/tools/running-shoe-finder,sitemap,,,yes,no,"index,follow",published,,yes
/tools/shoe-rotation-planner,sitemap,,,yes,no,"index,follow",published,,yes
