url,type,sport,quality,indexable,ready,publicationState,primaryReason,holdBucket
/best/carbon-plated-running-shoes,best,,LAUNCH_READY,yes,yes,published,contextualDepth=high,LAUNCH_READY
/best/daily-trainers,best,,LAUNCH_READY,yes,yes,published,contextualDepth=high,LAUNCH_READY
/best/handheld-running-bottles,best,,LAUNCH_READY,yes,yes,published,contextualDepth=high,LAUNCH_READY
/best/heart-rate-monitors-chest-straps,best,,LAUNCH_READY,yes,yes,published,contextualDepth=high,LAUNCH_READY
/best/heart-rate-monitors-intervals,best,,LAUNCH_READY,yes,yes,published,contextualDepth=high,LAUNCH_READY
/best/heart-rate-monitors-running,best,,LAUNCH_READY,yes,yes,published,contextualDepth=high,LAUNCH_READY
/best/hydration-marathon-training,best,,LAUNCH_READY,yes,yes,published,contextualDepth=high,LAUNCH_READY
/best/hydration-vests-trail,best,,LAUNCH_READY,yes,yes,published,contextualDepth=high,LAUNCH_READY
/best/hydration-vests-ultra,best,,LAUNCH_READY,yes,yes,published,contextualDepth=high,LAUNCH_READY
/best/marathon-shoes,best,,LAUNCH_READY,yes,yes,published,contextualDepth=high,LAUNCH_READY
/best/max-cushion-running-shoes,best,,LAUNCH_READY,yes,yes,published,contextualDepth=high,LAUNCH_READY
/best/race-shoes,best,,LAUNCH_READY,yes,yes,published,contextualDepth=high,LAUNCH_READY
/best/running-anti-chafe,best,,LAUNCH_READY,yes,yes,published,contextualDepth=high,LAUNCH_READY
/best/running-belts,best,,LAUNCH_READY,yes,yes,published,contextualDepth=high,LAUNCH_READY
/best/running-clothing-hot-weather,best,,LAUNCH_READY,yes,yes,published,contextualDepth=high,LAUNCH_READY
/best/running-gear-winter,best,,LAUNCH_READY,yes,yes,published,contextualDepth=high,LAUNCH_READY
/best/running-headlamps,best,,LAUNCH_READY,yes,yes,published,contextualDepth=high,LAUNCH_READY
/best/running-headphones,best,,LAUNCH_READY,yes,yes,published,contextualDepth=high,LAUNCH_READY
/best/running-hydration-vests,best,,LAUNCH_READY,yes,yes,published,contextualDepth=high,LAUNCH_READY
/best/running-jackets,best,,LAUNCH_READY,yes,yes,published,contextualDepth=high,LAUNCH_READY
/best/running-packs,best,,LAUNCH_READY,yes,yes,published,contextualDepth=high,LAUNCH_READY
/best/running-race-fuel,best,,LAUNCH_READY,yes,yes,published,contextualDepth=high,LAUNCH_READY
/best/running-rain-jackets,best,,LAUNCH_READY,yes,yes,published,contextualDepth=high,LAUNCH_READY
/best/running-recovery-gear,best,,LAUNCH_READY,yes,yes,published,contextualDepth=high,LAUNCH_READY
/best/running-safety-visibility,best,,LAUNCH_READY,yes,yes,published,contextualDepth=high,LAUNCH_READY
/best/running-shoes,best,,LAUNCH_READY,yes,yes,published,contextualDepth=high,LAUNCH_READY
/best/running-shoes-beginners,best,,LAUNCH_READY,yes,yes,published,contextualDepth=high,LAUNCH_READY
/best/running-shoes-heavy-runners,best,,LAUNCH_READY,yes,yes,published,contextualDepth=high,LAUNCH_READY
/best/running-shoes-long-runs,best,,LAUNCH_READY,yes,yes,published,contextualDepth=high,LAUNCH_READY
/best/running-shoes-wide-feet,best,,LAUNCH_READY,yes,yes,published,contextualDepth=high,LAUNCH_READY
/best/running-shorts,best,,LAUNCH_READY,yes,yes,published,contextualDepth=high,LAUNCH_READY
/best/running-socks,best,,LAUNCH_READY,yes,yes,published,contextualDepth=high,LAUNCH_READY
/best/running-sunglasses,best,,LAUNCH_READY,yes,yes,published,contextualDepth=high,LAUNCH_READY
/best/running-tights,best,,LAUNCH_READY,yes,yes,published,contextualDepth=high,LAUNCH_READY
/best/running-watches,best,,LAUNCH_READY,yes,yes,published,contextualDepth=high,LAUNCH_READY
/best/running-watches-beginners,best,,LAUNCH_READY,yes,yes,published,contextualDepth=high,LAUNCH_READY
/best/running-watches-budget,best,,LAUNCH_READY,yes,yes,published,contextualDepth=high,LAUNCH_READY
/best/running-watches-marathon,best,,LAUNCH_READY,yes,yes,published,contextualDepth=high,LAUNCH_READY
/best/running-watches-music,best,,LAUNCH_READY,yes,yes,published,contextualDepth=high,LAUNCH_READY
/best/running-watches-small-wrists,best,,LAUNCH_READY,yes,yes,published,contextualDepth=high,LAUNCH_READY
/best/running-watches-trail,best,,LAUNCH_READY,yes,yes,published,contextualDepth=high,LAUNCH_READY
/best/running-watches-ultra,best,,LAUNCH_READY,yes,yes,published,contextualDepth=high,LAUNCH_READY
/best/stability-running-shoes,best,,LAUNCH_READY,yes,yes,published,contextualDepth=high,LAUNCH_READY
/best/tempo-running-shoes,best,,LAUNCH_READY,yes,yes,published,contextualDepth=high,LAUNCH_READY
/best/trail-running-shoes,best,,LAUNCH_READY,yes,yes,published,contextualDepth=high,LAUNCH_READY
/brands/adidas,brand,,READY,yes,yes,published,brand_hub_ok,brand_hub_ok
/brands/adidas-padel,brand,,READY,yes,yes,published,brand_hub_ok,brand_hub_ok
/brands/altra,brand,,READY,yes,yes,published,brand_hub_ok,brand_hub_ok
/brands/amphipod,brand,,READY,yes,yes,published,brand_hub_ok,brand_hub_ok
/brands/apple,brand,,READY,yes,yes,published,brand_hub_ok,brand_hub_ok
/brands/asics,brand,,READY,yes,yes,published,brand_hub_ok,brand_hub_ok
/brands/asics-racket,brand,,READY,yes,yes,published,brand_hub_ok,brand_hub_ok
/brands/assault-fitness,brand,,READY,yes,yes,published,brand_hub_ok,brand_hub_ok
/brands/babolat,brand,,READY,yes,yes,published,brand_hub_ok,brand_hub_ok
/brands/black-diamond,brand,,READY,yes,yes,published,brand_hub_ok,brand_hub_ok
/brands/blackroll,brand,,READY,yes,yes,published,brand_hub_ok,brand_hub_ok
/brands/brooks,brand,,READY,yes,yes,published,brand_hub_ok,brand_hub_ok
/brands/buff,brand,,READY,yes,yes,published,brand_hub_ok,brand_hub_ok
/brands/bullpadel,brand,,READY,yes,yes,published,brand_hub_ok,brand_hub_ok
/brands/camelbak,brand,,READY,yes,yes,published,brand_hub_ok,brand_hub_ok
/brands/cep,brand,,READY,yes,yes,published,brand_hub_ok,brand_hub_ok
/brands/concept2,brand,,READY,yes,yes,published,brand_hub_ok,brand_hub_ok
/brands/coros,brand,,READY,yes,yes,published,brand_hub_ok,brand_hub_ok
/brands/craft,brand,,READY,yes,yes,published,brand_hub_ok,brand_hub_ok
/brands/eleiko,brand,,READY,yes,yes,published,brand_hub_ok,brand_hub_ok
/brands/garmin,brand,,READY,yes,yes,published,brand_hub_ok,brand_hub_ok
/brands/gornation,brand,,READY,yes,yes,published,brand_hub_ok,brand_hub_ok
/brands/gravity-fitness,brand,,READY,yes,yes,published,brand_hub_ok,brand_hub_ok
/brands/gu-energy,brand,,READY,yes,yes,published,brand_hub_ok,brand_hub_ok
/brands/head,brand,,READY,yes,yes,published,brand_hub_ok,brand_hub_ok
/brands/hoka,brand,,READY,yes,yes,published,brand_hub_ok,brand_hub_ok
/brands/hydrapak,brand,,READY,yes,yes,published,brand_hub_ok,brand_hub_ok
/brands/hyperice,brand,,READY,yes,yes,published,brand_hub_ok,brand_hub_ok
/brands/inov-8,brand,,READY,yes,yes,published,brand_hub_ok,brand_hub_ok
/brands/janji,brand,,READY,yes,yes,published,brand_hub_ok,brand_hub_ok
/brands/joma,brand,,READY,yes,yes,published,brand_hub_ok,brand_hub_ok
/brands/julbo,brand,,READY,yes,yes,published,brand_hub_ok,brand_hub_ok
/brands/maurten,brand,,READY,yes,yes,published,brand_hub_ok,brand_hub_ok
/brands/mirafit,brand,,READY,yes,yes,published,brand_hub_ok,brand_hub_ok
/brands/mizuno,brand,,READY,yes,yes,published,brand_hub_ok,brand_hub_ok
/brands/nathan,brand,,READY,yes,yes,published,brand_hub_ok,brand_hub_ok
/brands/new-balance,brand,,READY,yes,yes,published,brand_hub_ok,brand_hub_ok
/brands/nike,brand,,READY,yes,yes,published,brand_hub_ok,brand_hub_ok
/brands/nobull,brand,,READY,yes,yes,published,brand_hub_ok,brand_hub_ok
/brands/nox,brand,,READY,yes,yes,published,brand_hub_ok,brand_hub_ok
/brands/oakley,brand,,READY,yes,yes,published,brand_hub_ok,brand_hub_ok
/brands/on,brand,,READY,yes,yes,published,brand_hub_ok,brand_hub_ok
/brands/osprey,brand,,READY,yes,yes,published,brand_hub_ok,brand_hub_ok
/brands/patagonia,brand,,READY,yes,yes,published,brand_hub_ok,brand_hub_ok
/brands/petzl,brand,,READY,yes,yes,published,brand_hub_ok,brand_hub_ok
/brands/polar,brand,,READY,yes,yes,published,brand_hub_ok,brand_hub_ok
/brands/powerblock,brand,,READY,yes,yes,published,brand_hub_ok,brand_hub_ok
/brands/precision-fuel-hydration,brand,,READY,yes,yes,published,brand_hub_ok,brand_hub_ok
/brands/pullup-and-dip,brand,,READY,yes,yes,published,brand_hub_ok,brand_hub_ok
/brands/puma,brand,,READY,yes,yes,published,brand_hub_ok,brand_hub_ok
/brands/reebok,brand,,READY,yes,yes,published,brand_hub_ok,brand_hub_ok
/brands/rep-fitness,brand,,READY,yes,yes,published,brand_hub_ok,brand_hub_ok
/brands/rogue,brand,,READY,yes,yes,published,brand_hub_ok,brand_hub_ok
/brands/salomon,brand,,READY,yes,yes,published,brand_hub_ok,brand_hub_ok
/brands/saucony,brand,,READY,yes,yes,published,brand_hub_ok,brand_hub_ok
/brands/science-in-sport,brand,,READY,yes,yes,published,brand_hub_ok,brand_hub_ok
/brands/shokz,brand,,READY,yes,yes,published,brand_hub_ok,brand_hub_ok
/brands/suunto,brand,,READY,yes,yes,published,brand_hub_ok,brand_hub_ok
/brands/tecnifibre,brand,,READY,yes,yes,published,brand_hub_ok,brand_hub_ok
/brands/therabody,brand,,READY,yes,yes,published,brand_hub_ok,brand_hub_ok
/brands/topo-athletic,brand,,READY,yes,yes,published,brand_hub_ok,brand_hub_ok
/brands/tracksmith,brand,,READY,yes,yes,published,brand_hub_ok,brand_hub_ok
/brands/tyr,brand,,READY,yes,yes,published,brand_hub_ok,brand_hub_ok
/brands/ultimate-direction,brand,,READY,yes,yes,published,brand_hub_ok,brand_hub_ok
/brands/ultraspire,brand,,READY,yes,yes,published,brand_hub_ok,brand_hub_ok
/brands/under-armour,brand,,READY,yes,yes,published,brand_hub_ok,brand_hub_ok
/brands/wahoo,brand,,READY,yes,yes,published,brand_hub_ok,brand_hub_ok
/brands/wilson,brand,,READY,yes,yes,published,brand_hub_ok,brand_hub_ok
/brands/yonex,brand,,READY,yes,yes,published,brand_hub_ok,brand_hub_ok
/compare,tool,,available,yes,yes,published,tool_available,tool_available
/compare/apple-watch-ultra-3-vs-apple-watch-ultra-2,comparison,,MEANINGFUL,yes,yes,published,meaningful_decision_page,MEANINGFUL
/compare/asics-gel-kayano-32-vs-brooks-adrenaline-gts-25,comparison,,MEANINGFUL,yes,yes,published,meaningful_decision_page,MEANINGFUL
/compare/asics-novablast-4-vs-asics-novablast-5,comparison,,MEANINGFUL,yes,yes,published,meaningful_decision_page,MEANINGFUL
/compare/asics-novablast-5-vs-asics-gel-nimbus-27,comparison,,MEANINGFUL,yes,yes,published,meaningful_decision_page,MEANINGFUL
/compare/asics-novablast-5-vs-brooks-ghost-16,comparison,,MEANINGFUL,yes,yes,published,meaningful_decision_page,MEANINGFUL
/compare/asics-novablast-6-vs-asics-gel-nimbus-27,comparison,,MEANINGFUL,yes,yes,published,meaningful_decision_page,MEANINGFUL
/compare/asics-novablast-6-vs-asics-novablast-5,comparison,,MEANINGFUL,yes,yes,published,meaningful_decision_page,MEANINGFUL
/compare/asics-novablast-6-vs-brooks-ghost-18,comparison,,MEANINGFUL,yes,yes,published,meaningful_decision_page,MEANINGFUL
/compare/asics-novablast-6-vs-hoka-clifton-10,comparison,,MEANINGFUL,yes,yes,published,meaningful_decision_page,MEANINGFUL
/compare/black-diamond-distance-22-vs-ultimate-direction-fastpack-20,comparison,,MEANINGFUL,yes,yes,published,meaningful_decision_page,MEANINGFUL
/compare/black-diamond-spot-400-r-vs-petzl-actik-core,comparison,,MEANINGFUL,yes,yes,published,meaningful_decision_page,MEANINGFUL
/compare/brooks-ghost-18-vs-nike-pegasus-42,comparison,,MEANINGFUL,yes,yes,published,meaningful_decision_page,MEANINGFUL
/compare/camelbak-zephyr-pro-vs-camelbak-apex-pro,comparison,,MEANINGFUL,yes,yes,published,meaningful_decision_page,MEANINGFUL
/compare/clif-bloks-vs-gu-chews,comparison,,MEANINGFUL,yes,yes,published,meaningful_decision_page,MEANINGFUL
/compare/coros-apex-4-vs-garmin-fenix-8,comparison,,MEANINGFUL,yes,yes,published,meaningful_decision_page,MEANINGFUL
/compare/coros-hrm-vs-polar-verity-sense,comparison,,MEANINGFUL,yes,yes,published,meaningful_decision_page,MEANINGFUL
/compare/coros-pace-4-vs-garmin-forerunner-165,comparison,,MEANINGFUL,yes,yes,published,meaningful_decision_page,MEANINGFUL
/compare/coros-pace-pro-vs-coros-pace-4,comparison,,MEANINGFUL,yes,yes,published,meaningful_decision_page,MEANINGFUL
/compare/feetures-elite-vs-darn-tough-run,comparison,,MEANINGFUL,yes,yes,published,meaningful_decision_page,MEANINGFUL
/compare/flipbelt-classic-vs-naked-running-band,comparison,,MEANINGFUL,yes,yes,published,meaningful_decision_page,MEANINGFUL
/compare/garmin-fenix-8-vs-garmin-forerunner-970,comparison,,MEANINGFUL,yes,yes,published,meaningful_decision_page,MEANINGFUL
/compare/garmin-forerunner-970-vs-coros-pace-pro,comparison,,MEANINGFUL,yes,yes,published,meaningful_decision_page,MEANINGFUL
/compare/garmin-forerunner-970-vs-garmin-forerunner-965,comparison,,MEANINGFUL,yes,yes,published,meaningful_decision_page,MEANINGFUL
/compare/garmin-hrm-600-vs-hrm-pro-plus,comparison,,MEANINGFUL,yes,yes,published,meaningful_decision_page,MEANINGFUL
/compare/garmin-hrm-600-vs-polar-h10,comparison,,MEANINGFUL,yes,yes,published,meaningful_decision_page,MEANINGFUL
/compare/garmin-hrm-pro-plus-vs-polar-h10,comparison,,MEANINGFUL,yes,yes,published,meaningful_decision_page,MEANINGFUL
/compare/garmin-vivoactive-6-vs-garmin-forerunner-165,comparison,,MEANINGFUL,yes,yes,published,meaningful_decision_page,MEANINGFUL
/compare/hoka-speedgoat-6-vs-saucony-peregrine-15,comparison,,MEANINGFUL,yes,yes,published,meaningful_decision_page,MEANINGFUL
/compare/hydrapak-softflask-speed-500-vs-hydrapak-skyflask-speed-500,comparison,,MEANINGFUL,yes,yes,published,meaningful_decision_page,MEANINGFUL
/compare/julbo-ultimate-vs-smith-shift-mag,comparison,,MEANINGFUL,yes,yes,published,meaningful_decision_page,MEANINGFUL
/compare/maurten-drink-mix-320-vs-tailwind-endurance,comparison,,MEANINGFUL,yes,yes,published,meaningful_decision_page,MEANINGFUL
/compare/maurten-gel-100-vs-precision-pf30-gel,comparison,,MEANINGFUL,yes,yes,published,meaningful_decision_page,MEANINGFUL
/compare/maurten-gel-100-vs-sis-go-isotonic-gel,comparison,,MEANINGFUL,yes,yes,published,meaningful_decision_page,MEANINGFUL
/compare/nathan-peak-vs-ultimate-direction-race-belt,comparison,,MEANINGFUL,yes,yes,published,meaningful_decision_page,MEANINGFUL
/compare/nathan-streak-vs-proviz-reflect360,comparison,,MEANINGFUL,yes,yes,published,meaningful_decision_page,MEANINGFUL
/compare/nathan-vaporair-4-vs-salomon-adv-skin-5,comparison,,MEANINGFUL,yes,yes,published,meaningful_decision_page,MEANINGFUL
/compare/nike-miler-vs-patagonia-capilene-cool,comparison,,MEANINGFUL,yes,yes,published,meaningful_decision_page,MEANINGFUL
/compare/nike-vaporfly-4-vs-nike-alphafly-3,comparison,,MEANINGFUL,yes,yes,published,meaningful_decision_page,MEANINGFUL
/compare/normatec-3-vs-normatec-go,comparison,,MEANINGFUL,yes,yes,published,meaningful_decision_page,MEANINGFUL
/compare/nuun-sport-vs-precision-ph1500,comparison,,MEANINGFUL,yes,yes,published,meaningful_decision_page,MEANINGFUL
/compare/oakley-encoder-vs-oakley-radar-ev-path,comparison,,MEANINGFUL,yes,yes,published,meaningful_decision_page,MEANINGFUL
/compare/osprey-duro-6-vs-osprey-dyna-6,comparison,,MEANINGFUL,yes,yes,published,meaningful_decision_page,MEANINGFUL
/compare/osprey-duro-lt-vs-ultimate-direction-race-vest-6,comparison,,MEANINGFUL,yes,yes,published,meaningful_decision_page,MEANINGFUL
/compare/patagonia-houdini-vs-brooks-canopy,comparison,,MEANINGFUL,yes,yes,published,meaningful_decision_page,MEANINGFUL
/compare/patagonia-strider-pro-vs-rabbit-fuel-n-fly,comparison,,MEANINGFUL,yes,yes,published,meaningful_decision_page,MEANINGFUL
/compare/petzl-swift-rl-vs-biolite-headlamp-800,comparison,,MEANINGFUL,yes,yes,published,meaningful_decision_page,MEANINGFUL
/compare/petzl-swift-rl-vs-petzl-nao-rl,comparison,,MEANINGFUL,yes,yes,published,meaningful_decision_page,MEANINGFUL
/compare/polar-grit-x2-vs-garmin-fenix-8,comparison,,MEANINGFUL,yes,yes,published,meaningful_decision_page,MEANINGFUL
/compare/polar-h10-vs-polar-h9,comparison,,MEANINGFUL,yes,yes,published,meaningful_decision_page,MEANINGFUL
/compare/salomon-adv-skin-12-vs-nathan-vaporair-2,comparison,,MEANINGFUL,yes,yes,published,meaningful_decision_page,MEANINGFUL
/compare/salomon-adv-skin-12-vs-salomon-adv-skin-5,comparison,,MEANINGFUL,yes,yes,published,meaningful_decision_page,MEANINGFUL
/compare/salomon-adv-skin-12-vs-ultimate-direction-race-vest-6,comparison,,MEANINGFUL,yes,yes,published,meaningful_decision_page,MEANINGFUL
/compare/salomon-bonatti-vs-janji-rainrunner,comparison,,MEANINGFUL,yes,yes,published,meaningful_decision_page,MEANINGFUL
/compare/salomon-xa-15-vs-osprey-duro-15,comparison,,MEANINGFUL,yes,yes,published,meaningful_decision_page,MEANINGFUL
/compare/saucony-endorphin-speed-5-vs-adidas-adizero-boston-12,comparison,,MEANINGFUL,yes,yes,published,meaningful_decision_page,MEANINGFUL
/compare/shokz-openrun-pro-2-vs-airpods-pro-2,comparison,,MEANINGFUL,yes,yes,published,meaningful_decision_page,MEANINGFUL
/compare/shokz-openrun-pro-2-vs-bose-ultra-open,comparison,,MEANINGFUL,yes,yes,published,meaningful_decision_page,MEANINGFUL
/compare/sis-beta-fuel-gel-vs-neversecond-c30-gel,comparison,,MEANINGFUL,yes,yes,published,meaningful_decision_page,MEANINGFUL
/compare/suunto-vertical-2-vs-garmin-enduro-3,comparison,,MEANINGFUL,yes,yes,published,meaningful_decision_page,MEANINGFUL
/compare/theragun-mini-vs-hypervolt-go-2,comparison,,MEANINGFUL,yes,yes,published,meaningful_decision_page,MEANINGFUL
/compare/tracksmith-session-short-vs-janji-multi-short,comparison,,MEANINGFUL,yes,yes,published,meaningful_decision_page,MEANINGFUL
/compare/tracksmith-twilight-half-vs-nike-fast-tight,comparison,,MEANINGFUL,yes,yes,published,meaningful_decision_page,MEANINGFUL
/compare/ultimate-direction-fastpack-20-vs-osprey-talon-velocity-20,comparison,,MEANINGFUL,yes,yes,published,meaningful_decision_page,MEANINGFUL
/compare/ultimate-direction-fastpack-20-vs-salomon-adv-skin-12,comparison,,MEANINGFUL,yes,yes,published,meaningful_decision_page,MEANINGFUL
/compare/wahoo-trackr-vs-polar-h10,comparison,,MEANINGFUL,yes,yes,published,meaningful_decision_page,MEANINGFUL
/guides/anti-chafe-for-runners,guide,,READY,yes,yes,published,guide_complete,guide_complete
/guides/beginner-running-gear-stack,guide,,READY,yes,yes,published,guide_complete,guide_complete
/guides/beginner-vs-advanced-running-watch,guide,,READY,yes,yes,published,guide_complete,guide_complete
/guides/caffeine-in-running-fuel-explained,guide,,READY,yes,yes,published,guide_complete,guide_complete
/guides/carbon-vs-nylon-plates,guide,,READY,yes,yes,published,guide_complete,guide_complete
/guides/first-marathon-gear-checklist,guide,,READY,yes,yes,published,guide_complete,guide_complete
/guides/foam-rolling-for-runners,guide,,READY,yes,yes,published,guide_complete,guide_complete
/guides/gel-vs-drink-mix-vs-chews,guide,,READY,yes,yes,published,guide_complete,guide_complete
/guides/handheld-bottles-for-running,guide,,READY,yes,yes,published,guide_complete,guide_complete
/guides/hot-weather-running-apparel,guide,,READY,yes,yes,published,guide_complete,guide_complete
/guides/how-to-carry-fuel-on-long-runs,guide,,READY,yes,yes,published,guide_complete,guide_complete
/guides/how-to-choose-heart-rate-monitor,guide,,READY,yes,yes,published,guide_complete,guide_complete
/guides/how-to-choose-running-belt,guide,,READY,yes,yes,published,guide_complete,guide_complete
/guides/how-to-choose-running-headlamp,guide,,READY,yes,yes,published,guide_complete,guide_complete
/guides/how-to-choose-running-hydration-vest,guide,,READY,yes,yes,published,guide_complete,guide_complete
/guides/how-to-choose-running-shoes,guide,,READY,yes,yes,published,thin-faq,quality
/guides/how-to-choose-running-socks,guide,,READY,yes,yes,published,guide_complete,guide_complete
/guides/how-to-choose-running-watch,guide,,READY,yes,yes,published,guide_complete,guide_complete
/guides/hydration-for-marathon-training,guide,,READY,yes,yes,published,guide_complete,guide_complete
/guides/hydration-vest-vs-running-belt,guide,,READY,yes,yes,published,guide_complete,guide_complete
/guides/maps-navigation-running-watches,guide,,READY,yes,yes,published,guide_complete,guide_complete
/guides/massage-guns-explained,guide,,READY,yes,yes,published,guide_complete,guide_complete
/guides/multi-band-gps-running-watches,guide,,READY,yes,yes,published,guide_complete,guide_complete
/guides/open-ear-vs-in-ear-running-headphones,guide,,READY,yes,yes,published,guide_complete,guide_complete
/guides/optical-wrist-hr-vs-chest-strap,guide,,READY,yes,yes,published,guide_complete,guide_complete
/guides/recovery-sandals-for-runners,guide,,READY,yes,yes,published,guide_complete,guide_complete
/guides/recovery-tools-what-evidence-shows,guide,,READY,yes,yes,published,guide_complete,guide_complete
/guides/road-vs-trail-running-shoes,guide,,READY,yes,yes,published,guide_complete,guide_complete
/guides/running-gels-explained,guide,,READY,yes,yes,published,guide_complete,guide_complete
/guides/running-jackets-explained,guide,,READY,yes,yes,published,guide_complete,guide_complete
/guides/running-shoe-cushioning,guide,,READY,yes,yes,published,guide_complete,guide_complete
/guides/running-shoe-drop,guide,,READY,yes,yes,published,guide_complete,guide_complete
/guides/running-shoe-rotation,guide,,READY,yes,yes,published,guide_complete,guide_complete
/guides/running-shoe-terminology,guide,,READY,yes,yes,published,guide_complete,guide_complete
/guides/running-watch-battery-life-explained,guide,,READY,yes,yes,published,guide_complete,guide_complete
/guides/shoe-jobs-by-session-type,guide,,READY,yes,yes,published,guide_complete,guide_complete
/guides/soft-flasks-vs-bladders-explained,guide,,READY,yes,yes,published,guide_complete,guide_complete
/guides/stability-shoes-explained,guide,,READY,yes,yes,published,guide_complete,guide_complete
/guides/trail-race-kit-essentials,guide,,READY,yes,yes,published,guide_complete,guide_complete
/guides/what-is-a-daily-trainer,guide,,READY,yes,yes,published,guide_complete,guide_complete
/guides/when-to-use-a-massage-gun,guide,,READY,yes,yes,published,guide_complete,guide_complete
/guides/winter-layering-for-runners,guide,,READY,yes,yes,published,guide_complete,guide_complete
/products/100-percent-s3,product,running,LAUNCH_READY,yes,yes,published,decisionScore=100,LAUNCH_READY
/products/226ers-high-energy-gel,product,running,LAUNCH_READY,yes,yes,published,decisionScore=100,LAUNCH_READY
/products/2toms-sportshield,product,running,LAUNCH_READY,yes,yes,published,decisionScore=100,LAUNCH_READY
/products/adidas-adizero-adios-pro-4,product,running,LAUNCH_READY,yes,yes,published,decisionScore=100,LAUNCH_READY
/products/adidas-adizero-adios-pro-4/alternatives,alternatives,running,substantive,yes,yes,published,alternatives_ok,alternatives_ok
/products/adidas-adizero-boston-12,product,running,LAUNCH_READY,yes,yes,published,decisionScore=100,LAUNCH_READY
/products/adidas-adizero-boston-12/alternatives,alternatives,running,substantive,yes,yes,published,alternatives_ok,alternatives_ok
/products/adidas-adizero-boston-13,product,running,LAUNCH_READY,yes,yes,published,decisionScore=100,LAUNCH_READY
/products/adidas-adizero-boston-13/alternatives,alternatives,running,substantive,yes,yes,published,alternatives_ok,alternatives_ok
/products/adidas-adizero-evo-sl,product,running,LAUNCH_READY,yes,yes,published,decisionScore=100,LAUNCH_READY
/products/adidas-own-the-run-short-men,product,running,LAUNCH_READY,yes,yes,published,decisionScore=100,LAUNCH_READY
/products/adidas-own-the-run-tee-men,product,running,LAUNCH_READY,yes,yes,published,decisionScore=100,LAUNCH_READY
/products/adidas-terrex-agravic-3,product,running,LAUNCH_READY,yes,yes,published,decisionScore=100,LAUNCH_READY
/products/adidas-terrex-agravic-3/alternatives,alternatives,running,substantive,yes,yes,published,alternatives_ok,alternatives_ok
/products/adidas-ultraboost-5,product,running,LAUNCH_READY,yes,yes,published,decisionScore=100,LAUNCH_READY
/products/adidas-ultraboost-5/alternatives,alternatives,running,substantive,yes,yes,published,alternatives_ok,alternatives_ok
/products/altra-escalante-4,product,running,LAUNCH_READY,yes,yes,published,decisionScore=80,LAUNCH_READY
/products/altra-experience-flow,product,running,LAUNCH_READY,yes,yes,published,decisionScore=100,LAUNCH_READY
/products/altra-experience-flow/alternatives,alternatives,running,substantive,yes,yes,published,alternatives_ok,alternatives_ok
/products/altra-lone-peak-8,product,running,LAUNCH_READY,yes,yes,published,decisionScore=80,LAUNCH_READY
/products/altra-lone-peak-8/alternatives,alternatives,running,substantive,yes,yes,published,alternatives_ok,alternatives_ok
/products/altra-paradigm-7,product,running,LAUNCH_READY,yes,yes,published,decisionScore=100,LAUNCH_READY
/products/altra-paradigm-7/alternatives,alternatives,running,substantive,yes,yes,published,alternatives_ok,alternatives_ok
/products/altra-torin-8,product,running,LAUNCH_READY,yes,yes,published,decisionScore=100,LAUNCH_READY
/products/amazfit-active-2,product,running,LAUNCH_READY,yes,yes,published,decisionScore=100,LAUNCH_READY
/products/amazfit-active-2/alternatives,alternatives,running,substantive,yes,yes,published,alternatives_ok,alternatives_ok
/products/amazfit-t-rex-3-pro,product,running,LAUNCH_READY,yes,yes,published,decisionScore=100,LAUNCH_READY
/products/amazfit-t-rex-3-pro/alternatives,alternatives,running,substantive,yes,yes,published,alternatives_ok,alternatives_ok
/products/amphipod-airflow-lite-belt,product,running,LAUNCH_READY,yes,yes,published,decisionScore=100,LAUNCH_READY
/products/amphipod-hydraform-ergo-lite-handheld,product,running,LAUNCH_READY,yes,yes,published,decisionScore=100,LAUNCH_READY
/products/amphipod-vizlet-led,product,running,LAUNCH_READY,yes,yes,published,decisionScore=80,LAUNCH_READY
/products/amphipod-xinglet,product,running,LAUNCH_READY,yes,yes,published,decisionScore=100,LAUNCH_READY
/products/amphipod-xinglet-optic-beam,product,running,LAUNCH_READY,yes,yes,published,decisionScore=100,LAUNCH_READY
/products/apple-airpods-4,product,running,LAUNCH_READY,yes,yes,published,decisionScore=100,LAUNCH_READY
/products/apple-airpods-pro-2,product,running,LAUNCH_READY,yes,yes,published,decisionScore=100,LAUNCH_READY
/products/apple-watch-series-10,product,running,LAUNCH_READY,yes,yes,published,decisionScore=100,LAUNCH_READY
/products/apple-watch-series-10/alternatives,alternatives,running,substantive,yes,yes,published,alternatives_ok,alternatives_ok
/products/apple-watch-ultra-2,product,running,LAUNCH_READY,yes,yes,published,decisionScore=90,LAUNCH_READY
/products/apple-watch-ultra-3,product,running,LAUNCH_READY,yes,yes,published,decisionScore=100,LAUNCH_READY
/products/apple-watch-ultra-3/alternatives,alternatives,running,substantive,yes,yes,published,alternatives_ok,alternatives_ok
/products/asics-core-split-short,product,running,LAUNCH_READY,yes,yes,published,decisionScore=100,LAUNCH_READY
/products/asics-gel-cumulus-27,product,running,LAUNCH_READY,yes,yes,published,decisionScore=100,LAUNCH_READY
/products/asics-gel-cumulus-27/alternatives,alternatives,running,substantive,yes,yes,published,alternatives_ok,alternatives_ok
/products/asics-gel-kayano-32,product,running,LAUNCH_READY,yes,yes,published,decisionScore=100,LAUNCH_READY
/products/asics-gel-kayano-32/alternatives,alternatives,running,substantive,yes,yes,published,alternatives_ok,alternatives_ok
/products/asics-gel-nimbus-27,product,running,LAUNCH_READY,yes,yes,published,decisionScore=100,LAUNCH_READY
/products/asics-gel-nimbus-27/alternatives,alternatives,running,substantive,yes,yes,published,alternatives_ok,alternatives_ok
/products/asics-gel-trabuco-13,product,running,LAUNCH_READY,yes,yes,published,decisionScore=100,LAUNCH_READY
/products/asics-gel-trabuco-13/alternatives,alternatives,running,substantive,yes,yes,published,alternatives_ok,alternatives_ok
/products/asics-gt-1000-13,product,running,LAUNCH_READY,yes,yes,published,decisionScore=100,LAUNCH_READY
/products/asics-gt-2000-14,product,running,LAUNCH_READY,yes,yes,published,decisionScore=100,LAUNCH_READY
/products/asics-gt-2000-14/alternatives,alternatives,running,substantive,yes,yes,published,alternatives_ok,alternatives_ok
/products/asics-metaspeed-sky-paris,product,running,LAUNCH_READY,yes,yes,published,decisionScore=100,LAUNCH_READY
/products/asics-metaspeed-sky-paris/alternatives,alternatives,running,substantive,yes,yes,published,alternatives_ok,alternatives_ok
/products/asics-novablast-4,product,running,LAUNCH_READY,yes,yes,published,decisionScore=100,LAUNCH_READY
/products/asics-novablast-5,product,running,LAUNCH_READY,yes,yes,published,decisionScore=100,LAUNCH_READY
/products/asics-novablast-5/alternatives,alternatives,running,substantive,yes,yes,published,alternatives_ok,alternatives_ok
/products/asics-novablast-6,product,running,LAUNCH_READY,yes,yes,published,decisionScore=100,LAUNCH_READY
/products/asics-novablast-6/alternatives,alternatives,running,substantive,yes,yes,published,alternatives_ok,alternatives_ok
/products/asics-superblast-2,product,running,LAUNCH_READY,yes,yes,published,decisionScore=100,LAUNCH_READY
/products/asics-superblast-2/alternatives,alternatives,running,substantive,yes,yes,published,alternatives_ok,alternatives_ok
/products/assaultrunner-elite,product,running,LAUNCH_READY,yes,yes,published,decisionScore=100,LAUNCH_READY
/products/assaultrunner-pro,product,running,LAUNCH_READY,yes,yes,published,decisionScore=100,LAUNCH_READY
/products/balega-blister-resist,product,running,LAUNCH_READY,yes,yes,published,decisionScore=100,LAUNCH_READY
/products/balega-hidden-comfort,product,running,LAUNCH_READY,yes,yes,published,decisionScore=100,LAUNCH_READY
/products/beats-fit-pro,product,running,LAUNCH_READY,yes,yes,published,decisionScore=100,LAUNCH_READY
/products/biolite-headlamp-800-pro,product,running,LAUNCH_READY,yes,yes,published,decisionScore=100,LAUNCH_READY
/products/black-diamond-distance-15,product,running,LAUNCH_READY,yes,yes,published,decisionScore=100,LAUNCH_READY
/products/black-diamond-distance-1500,product,running,LAUNCH_READY,yes,yes,published,decisionScore=100,LAUNCH_READY
/products/black-diamond-distance-22,product,running,LAUNCH_READY,yes,yes,published,decisionScore=100,LAUNCH_READY
/products/black-diamond-distance-8,product,running,LAUNCH_READY,yes,yes,published,decisionScore=100,LAUNCH_READY
/products/black-diamond-spot-400-r,product,running,LAUNCH_READY,yes,yes,published,decisionScore=100,LAUNCH_READY
/products/blackroll-pro,product,running,LAUNCH_READY,yes,yes,published,decisionScore=100,LAUNCH_READY
/products/body-glide-original,product,running,LAUNCH_READY,yes,yes,published,decisionScore=100,LAUNCH_READY
/products/bose-ultra-open-earbuds,product,running,LAUNCH_READY,yes,yes,published,decisionScore=100,LAUNCH_READY
/products/brazyn-morph,product,running,LAUNCH_READY,yes,yes,published,decisionScore=100,LAUNCH_READY
/products/brooks-adrenaline-gts-25,product,running,LAUNCH_READY,yes,yes,published,decisionScore=100,LAUNCH_READY
/products/brooks-adrenaline-gts-25/alternatives,alternatives,running,substantive,yes,yes,published,alternatives_ok,alternatives_ok
/products/brooks-canopy-jacket-men,product,running,LAUNCH_READY,yes,yes,published,decisionScore=100,LAUNCH_READY
/products/brooks-cascadia-18,product,running,LAUNCH_READY,yes,yes,published,decisionScore=100,LAUNCH_READY
/products/brooks-cascadia-18/alternatives,alternatives,running,substantive,yes,yes,published,alternatives_ok,alternatives_ok
/products/brooks-chaser-5-women,product,running,LAUNCH_READY,yes,yes,published,decisionScore=100,LAUNCH_READY
/products/brooks-ghost-16,product,running,LAUNCH_READY,yes,yes,published,decisionScore=100,LAUNCH_READY
/products/brooks-ghost-16/alternatives,alternatives,running,substantive,yes,yes,published,alternatives_ok,alternatives_ok
/products/brooks-ghost-18,product,running,LAUNCH_READY,yes,yes,published,decisionScore=100,LAUNCH_READY
/products/brooks-ghost-18/alternatives,alternatives,running,substantive,yes,yes,published,alternatives_ok,alternatives_ok
/products/brooks-glycerin-21,product,running,LAUNCH_READY,yes,yes,published,decisionScore=80,LAUNCH_READY
/products/brooks-glycerin-22,product,running,LAUNCH_READY,yes,yes,published,decisionScore=100,LAUNCH_READY
/products/brooks-glycerin-22/alternatives,alternatives,running,substantive,yes,yes,published,alternatives_ok,alternatives_ok
/products/brooks-glycerin-gts-22,product,running,LAUNCH_READY,yes,yes,published,decisionScore=100,LAUNCH_READY
/products/brooks-hyperion-max-2,product,running,LAUNCH_READY,yes,yes,published,decisionScore=100,LAUNCH_READY
/products/brooks-hyperion-max-2/alternatives,alternatives,running,substantive,yes,yes,published,alternatives_ok,alternatives_ok
/products/brooks-method-tight-women,product,running,LAUNCH_READY,yes,yes,published,decisionScore=100,LAUNCH_READY
/products/brooks-notch-thermal-beanie,product,running,LAUNCH_READY,yes,yes,published,decisionScore=90,LAUNCH_READY
/products/brooks-notch-thermal-men,product,running,LAUNCH_READY,yes,yes,published,decisionScore=100,LAUNCH_READY
/products/brooks-sherpa-7-men,product,running,LAUNCH_READY,yes,yes,published,decisionScore=100,LAUNCH_READY
/products/camelbak-apex-pro,product,running,LAUNCH_READY,yes,yes,published,decisionScore=100,LAUNCH_READY
/products/camelbak-circuit-run-vest,product,running,LAUNCH_READY,yes,yes,published,decisionScore=80,LAUNCH_READY
/products/camelbak-crux-15,product,running,LAUNCH_READY,yes,yes,published,decisionScore=100,LAUNCH_READY
/products/camelbak-quick-grip-chill,product,running,LAUNCH_READY,yes,yes,published,decisionScore=100,LAUNCH_READY
/products/camelbak-zephyr,product,running,LAUNCH_READY,yes,yes,published,decisionScore=100,LAUNCH_READY
/products/camelbak-zephyr-pro,product,running,LAUNCH_READY,yes,yes,published,decisionScore=100,LAUNCH_READY
/products/cep-calf-sleeves-3,product,running,LAUNCH_READY,yes,yes,published,decisionScore=100,LAUNCH_READY
/products/cep-run-compression-sock-3,product,running,LAUNCH_READY,yes,yes,published,decisionScore=100,LAUNCH_READY
/products/cep-the-run-calf-sleeves,product,running,LAUNCH_READY,yes,yes,published,decisionScore=100,LAUNCH_READY
/products/ciele-gocap-athletics,product,running,LAUNCH_READY,yes,yes,published,decisionScore=100,LAUNCH_READY
/products/clif-bar-original,product,running,LAUNCH_READY,yes,yes,published,decisionScore=100,LAUNCH_READY
/products/clif-bloks-energy-chews,product,running,LAUNCH_READY,yes,yes,published,decisionScore=100,LAUNCH_READY
/products/compressport-free-belt-pro,product,running,LAUNCH_READY,yes,yes,published,decisionScore=100,LAUNCH_READY
/products/compressport-ultrun-s-pack,product,running,LAUNCH_READY,yes,yes,published,decisionScore=100,LAUNCH_READY
/products/coros-apex-2-pro,product,running,LAUNCH_READY,yes,yes,published,decisionScore=100,LAUNCH_READY
/products/coros-apex-4,product,running,LAUNCH_READY,yes,yes,published,decisionScore=100,LAUNCH_READY
/products/coros-apex-4/alternatives,alternatives,running,substantive,yes,yes,published,alternatives_ok,alternatives_ok
/products/coros-heart-rate-monitor,product,running,LAUNCH_READY,yes,yes,published,decisionScore=100,LAUNCH_READY
/products/coros-heart-rate-monitor/alternatives,alternatives,running,substantive,yes,yes,published,alternatives_ok,alternatives_ok
/products/coros-pace-3,product,running,LAUNCH_READY,yes,yes,published,decisionScore=100,LAUNCH_READY
/products/coros-pace-3/alternatives,alternatives,running,substantive,yes,yes,published,alternatives_ok,alternatives_ok
/products/coros-pace-4,product,running,LAUNCH_READY,yes,yes,published,decisionScore=100,LAUNCH_READY
/products/coros-pace-4/alternatives,alternatives,running,substantive,yes,yes,published,alternatives_ok,alternatives_ok
/products/coros-pace-pro,product,running,LAUNCH_READY,yes,yes,published,decisionScore=100,LAUNCH_READY
/products/coros-pace-pro/alternatives,alternatives,running,substantive,yes,yes,published,alternatives_ok,alternatives_ok
/products/coros-vertix-2s,product,running,LAUNCH_READY,yes,yes,published,decisionScore=100,LAUNCH_READY
/products/coros-vertix-2s/alternatives,alternatives,running,substantive,yes,yes,published,alternatives_ok,alternatives_ok
/products/craft-active-extreme-x-men,product,running,LAUNCH_READY,yes,yes,published,decisionScore=100,LAUNCH_READY
/products/craft-adv-essence-light-wind-men,product,running,LAUNCH_READY,yes,yes,published,decisionScore=100,LAUNCH_READY
/products/craft-adv-essence-light-wind-vest-men,product,running,LAUNCH_READY,yes,yes,published,decisionScore=100,LAUNCH_READY
/products/craft-adv-essence-short,product,running,LAUNCH_READY,yes,yes,published,decisionScore=100,LAUNCH_READY
/products/craft-adv-essence-tight-men,product,running,LAUNCH_READY,yes,yes,published,decisionScore=100,LAUNCH_READY
/products/craft-adv-lumen-glove,product,running,LAUNCH_READY,yes,yes,published,decisionScore=100,LAUNCH_READY
/products/darn-tough-run-1-4,product,running,LAUNCH_READY,yes,yes,published,decisionScore=100,LAUNCH_READY
/products/drymax-run-lite-mesh,product,running,LAUNCH_READY,yes,yes,published,decisionScore=100,LAUNCH_READY
/products/enervit-c2-1-carbo-gel,product,running,LAUNCH_READY,yes,yes,published,decisionScore=100,LAUNCH_READY
/products/feetures-elite-light-cushion,product,running,LAUNCH_READY,yes,yes,published,decisionScore=100,LAUNCH_READY
/products/fitletic-fully-loaded,product,running,LAUNCH_READY,yes,yes,published,decisionScore=100,LAUNCH_READY
/products/flipbelt-classic,product,running,LAUNCH_READY,yes,yes,published,decisionScore=100,LAUNCH_READY
/products/garmin-enduro-3,product,running,LAUNCH_READY,yes,yes,published,decisionScore=100,LAUNCH_READY
/products/garmin-enduro-3/alternatives,alternatives,running,substantive,yes,yes,published,alternatives_ok,alternatives_ok
/products/garmin-epix-pro-gen-2,product,running,LAUNCH_READY,yes,yes,published,decisionScore=100,LAUNCH_READY
/products/garmin-epix-pro-gen-2/alternatives,alternatives,running,substantive,yes,yes,published,alternatives_ok,alternatives_ok
/products/garmin-fenix-8,product,running,LAUNCH_READY,yes,yes,published,decisionScore=100,LAUNCH_READY
/products/garmin-fenix-8/alternatives,alternatives,running,substantive,yes,yes,published,alternatives_ok,alternatives_ok
/products/garmin-forerunner-165,product,running,LAUNCH_READY,yes,yes,published,decisionScore=100,LAUNCH_READY
/products/garmin-forerunner-165/alternatives,alternatives,running,substantive,yes,yes,published,alternatives_ok,alternatives_ok
/products/garmin-forerunner-255,product,running,LAUNCH_READY,yes,yes,published,decisionScore=80,LAUNCH_READY
/products/garmin-forerunner-265,product,running,LAUNCH_READY,yes,yes,published,decisionScore=100,LAUNCH_READY
/products/garmin-forerunner-265s,product,running,LAUNCH_READY,yes,yes,published,decisionScore=100,LAUNCH_READY
/products/garmin-forerunner-265s/alternatives,alternatives,running,substantive,yes,yes,published,alternatives_ok,alternatives_ok
/products/garmin-forerunner-55,product,running,LAUNCH_READY,yes,yes,published,decisionScore=100,LAUNCH_READY
/products/garmin-forerunner-570,product,running,LAUNCH_READY,yes,yes,published,decisionScore=100,LAUNCH_READY
/products/garmin-forerunner-570/alternatives,alternatives,running,substantive,yes,yes,published,alternatives_ok,alternatives_ok
/products/garmin-forerunner-965,product,running,LAUNCH_READY,yes,yes,published,decisionScore=100,LAUNCH_READY
/products/garmin-forerunner-965/alternatives,alternatives,running,substantive,yes,yes,published,alternatives_ok,alternatives_ok
/products/garmin-forerunner-970,product,running,LAUNCH_READY,yes,yes,published,decisionScore=100,LAUNCH_READY
/products/garmin-forerunner-970/alternatives,alternatives,running,substantive,yes,yes,published,alternatives_ok,alternatives_ok
/products/garmin-hrm-200,product,running,LAUNCH_READY,yes,yes,published,decisionScore=100,LAUNCH_READY
/products/garmin-hrm-200/alternatives,alternatives,running,substantive,yes,yes,published,alternatives_ok,alternatives_ok
/products/garmin-hrm-600,product,running,LAUNCH_READY,yes,yes,published,decisionScore=100,LAUNCH_READY
/products/garmin-hrm-600/alternatives,alternatives,running,substantive,yes,yes,published,alternatives_ok,alternatives_ok
/products/garmin-hrm-fit,product,running,LAUNCH_READY,yes,yes,published,decisionScore=100,LAUNCH_READY
/products/garmin-hrm-fit/alternatives,alternatives,running,substantive,yes,yes,published,alternatives_ok,alternatives_ok
/products/garmin-hrm-pro-plus,product,running,LAUNCH_READY,yes,yes,published,decisionScore=100,LAUNCH_READY
/products/garmin-hrm-pro-plus/alternatives,alternatives,running,substantive,yes,yes,published,alternatives_ok,alternatives_ok
/products/garmin-instinct-3,product,running,LAUNCH_READY,yes,yes,published,decisionScore=100,LAUNCH_READY
/products/garmin-instinct-3/alternatives,alternatives,running,substantive,yes,yes,published,alternatives_ok,alternatives_ok
/products/garmin-vivoactive-6,product,running,LAUNCH_READY,yes,yes,published,decisionScore=100,LAUNCH_READY
/products/garmin-vivoactive-6/alternatives,alternatives,running,substantive,yes,yes,published,alternatives_ok,alternatives_ok
/products/goodr-circle-gs,product,running,LAUNCH_READY,yes,yes,published,decisionScore=100,LAUNCH_READY
/products/goodr-ogs,product,running,LAUNCH_READY,yes,yes,published,decisionScore=100,LAUNCH_READY
/products/gu-energy-chews,product,running,LAUNCH_READY,yes,yes,published,decisionScore=100,LAUNCH_READY
/products/gu-energy-gel,product,running,LAUNCH_READY,yes,yes,published,decisionScore=100,LAUNCH_READY
/products/gu-roctane-gel,product,running,LAUNCH_READY,yes,yes,published,decisionScore=100,LAUNCH_READY
/products/high5-energy-gel,product,running,LAUNCH_READY,yes,yes,published,decisionScore=100,LAUNCH_READY
/products/high5-zero,product,running,LAUNCH_READY,yes,yes,published,decisionScore=100,LAUNCH_READY
/products/hoka-arahi-7,product,running,LAUNCH_READY,yes,yes,published,decisionScore=100,LAUNCH_READY
/products/hoka-arahi-7/alternatives,alternatives,running,substantive,yes,yes,published,alternatives_ok,alternatives_ok
/products/hoka-bondi-8,product,running,LAUNCH_READY,yes,yes,published,decisionScore=80,LAUNCH_READY
/products/hoka-bondi-9,product,running,LAUNCH_READY,yes,yes,published,decisionScore=100,LAUNCH_READY
/products/hoka-bondi-9/alternatives,alternatives,running,substantive,yes,yes,published,alternatives_ok,alternatives_ok
/products/hoka-clifton-10,product,running,LAUNCH_READY,yes,yes,published,decisionScore=100,LAUNCH_READY
/products/hoka-clifton-10/alternatives,alternatives,running,substantive,yes,yes,published,alternatives_ok,alternatives_ok
/products/hoka-clifton-9,product,running,LAUNCH_READY,yes,yes,published,decisionScore=100,LAUNCH_READY
/products/hoka-clifton-pro,product,running,LAUNCH_READY,yes,yes,published,decisionScore=80,LAUNCH_READY
/products/hoka-gaviota-5,product,running,LAUNCH_READY,yes,yes,published,decisionScore=100,LAUNCH_READY
/products/hoka-mach-6,product,running,LAUNCH_READY,yes,yes,published,decisionScore=100,LAUNCH_READY
/products/hoka-mach-6/alternatives,alternatives,running,substantive,yes,yes,published,alternatives_ok,alternatives_ok
/products/hoka-speedgoat-6,product,running,LAUNCH_READY,yes,yes,published,decisionScore=100,LAUNCH_READY
/products/hoka-speedgoat-6/alternatives,alternatives,running,substantive,yes,yes,published,alternatives_ok,alternatives_ok
/products/honey-stinger-organic-energy-gel,product,running,LAUNCH_READY,yes,yes,published,decisionScore=100,LAUNCH_READY
/products/huma-gel-original,product,running,LAUNCH_READY,yes,yes,published,decisionScore=100,LAUNCH_READY
/products/hydrapak-contour-2l,product,running,LAUNCH_READY,yes,yes,published,decisionScore=100,LAUNCH_READY
/products/hydrapak-skyflask-speed-500,product,running,LAUNCH_READY,yes,yes,published,decisionScore=100,LAUNCH_READY
/products/hydrapak-softflask-250,product,running,LAUNCH_READY,yes,yes,published,decisionScore=100,LAUNCH_READY
/products/hydrapak-softflask-500,product,running,LAUNCH_READY,yes,yes,published,decisionScore=90,LAUNCH_READY
/products/hydrapak-softflask-speed-500,product,running,LAUNCH_READY,yes,yes,published,decisionScore=100,LAUNCH_READY
/products/hydrapak-tube-kit,product,running,LAUNCH_READY,yes,yes,published,decisionScore=90,LAUNCH_READY
/products/hyperice-hypervolt-2,product,running,LAUNCH_READY,yes,yes,published,decisionScore=100,LAUNCH_READY
/products/hyperice-hypervolt-go-2,product,running,LAUNCH_READY,yes,yes,published,decisionScore=100,LAUNCH_READY
/products/hyperice-normatec-3,product,running,LAUNCH_READY,yes,yes,published,decisionScore=100,LAUNCH_READY
/products/hyperice-normatec-go,product,running,LAUNCH_READY,yes,yes,published,decisionScore=100,LAUNCH_READY
/products/hyperice-vyper-3,product,running,LAUNCH_READY,yes,yes,published,decisionScore=100,LAUNCH_READY
/products/injinji-run-midweight,product,running,LAUNCH_READY,yes,yes,published,decisionScore=100,LAUNCH_READY
/products/inov8-trailfly-ultra-g-300-max,product,running,LAUNCH_READY,yes,yes,published,decisionScore=100,LAUNCH_READY
/products/janji-multi-short-men,product,running,LAUNCH_READY,yes,yes,published,decisionScore=100,LAUNCH_READY
/products/janji-pace-short-women,product,running,LAUNCH_READY,yes,yes,published,decisionScore=100,LAUNCH_READY
/products/janji-rainrunner-men,product,running,LAUNCH_READY,yes,yes,published,decisionScore=100,LAUNCH_READY
/products/janji-run-tee-men,product,running,LAUNCH_READY,yes,yes,published,decisionScore=100,LAUNCH_READY
/products/julbo-aerolite,product,running,LAUNCH_READY,yes,yes,published,decisionScore=100,LAUNCH_READY
/products/julbo-rush,product,running,LAUNCH_READY,yes,yes,published,decisionScore=100,LAUNCH_READY
/products/julbo-ultimate,product,running,LAUNCH_READY,yes,yes,published,decisionScore=100,LAUNCH_READY
/products/kiprun-running-belt,product,running,LAUNCH_READY,yes,yes,published,decisionScore=100,LAUNCH_READY
/products/ledlenser-neo9r,product,running,LAUNCH_READY,yes,yes,published,decisionScore=100,LAUNCH_READY
/products/maurten-drink-mix-160,product,running,LAUNCH_READY,yes,yes,published,decisionScore=90,LAUNCH_READY
/products/maurten-drink-mix-320,product,running,LAUNCH_READY,yes,yes,published,decisionScore=100,LAUNCH_READY
/products/maurten-gel-100,product,running,LAUNCH_READY,yes,yes,published,decisionScore=100,LAUNCH_READY
/products/maurten-gel-100-caf-100,product,running,LAUNCH_READY,yes,yes,published,decisionScore=100,LAUNCH_READY
/products/maurten-gel-160,product,running,LAUNCH_READY,yes,yes,published,decisionScore=100,LAUNCH_READY
/products/mirafit-folding-treadmill,product,running,LAUNCH_READY,yes,yes,published,decisionScore=100,LAUNCH_READY
/products/mizuno-wave-rebellion-pro-3,product,running,LAUNCH_READY,yes,yes,published,decisionScore=80,LAUNCH_READY
/products/mizuno-wave-rider-28,product,running,LAUNCH_READY,yes,yes,published,decisionScore=100,LAUNCH_READY
/products/mizuno-wave-rider-28/alternatives,alternatives,running,substantive,yes,yes,published,alternatives_ok,alternatives_ok
/products/naak-ultra-energy-bar,product,running,LAUNCH_READY,yes,yes,published,decisionScore=100,LAUNCH_READY
/products/naak-ultra-energy-drink-mix,product,running,LAUNCH_READY,yes,yes,published,decisionScore=90,LAUNCH_READY
/products/naked-running-band,product,running,LAUNCH_READY,yes,yes,published,decisionScore=100,LAUNCH_READY
/products/nathan-exoshot-2,product,running,LAUNCH_READY,yes,yes,published,decisionScore=90,LAUNCH_READY
/products/nathan-lightbender-rx,product,running,LAUNCH_READY,yes,yes,published,decisionScore=80,LAUNCH_READY
/products/nathan-mirage-pak,product,running,LAUNCH_READY,yes,yes,published,decisionScore=100,LAUNCH_READY
/products/nathan-peak-hydration-waist-pack,product,running,LAUNCH_READY,yes,yes,published,decisionScore=100,LAUNCH_READY
/products/nathan-pinnacle-12,product,running,LAUNCH_READY,yes,yes,published,decisionScore=100,LAUNCH_READY
/products/nathan-softflask-18oz,product,running,LAUNCH_READY,yes,yes,published,decisionScore=100,LAUNCH_READY
/products/nathan-speeddraw-plus-insulated-18oz,product,running,LAUNCH_READY,yes,yes,published,decisionScore=100,LAUNCH_READY
/products/nathan-streak-reflective-vest,product,running,LAUNCH_READY,yes,yes,published,decisionScore=100,LAUNCH_READY
/products/nathan-vaporair-2,product,running,LAUNCH_READY,yes,yes,published,decisionScore=100,LAUNCH_READY
/products/nathan-vaporair-4,product,running,LAUNCH_READY,yes,yes,published,decisionScore=100,LAUNCH_READY
/products/nathan-zippered-stash,product,running,LAUNCH_READY,yes,yes,published,decisionScore=100,LAUNCH_READY
/products/nathan-zipster-lite,product,running,LAUNCH_READY,yes,yes,published,decisionScore=100,LAUNCH_READY
/products/nb-rc-essential-short-men,product,running,LAUNCH_READY,yes,yes,published,decisionScore=100,LAUNCH_READY
/products/neversecond-c30-gel,product,running,LAUNCH_READY,yes,yes,published,decisionScore=100,LAUNCH_READY
/products/neversecond-c30-sports-drink,product,running,LAUNCH_READY,yes,yes,published,decisionScore=100,LAUNCH_READY
/products/new-balance-fresh-foam-x-1080-v13,product,running,LAUNCH_READY,yes,yes,published,decisionScore=80,LAUNCH_READY
/products/new-balance-fresh-foam-x-1080-v14,product,running,LAUNCH_READY,yes,yes,published,decisionScore=100,LAUNCH_READY
/products/new-balance-fresh-foam-x-1080-v14/alternatives,alternatives,running,substantive,yes,yes,published,alternatives_ok,alternatives_ok
/products/new-balance-fresh-foam-x-860-v14,product,running,LAUNCH_READY,yes,yes,published,decisionScore=100,LAUNCH_READY
/products/new-balance-fresh-foam-x-860-v14/alternatives,alternatives,running,substantive,yes,yes,published,alternatives_ok,alternatives_ok
/products/new-balance-fresh-foam-x-hierro-v9,product,running,LAUNCH_READY,yes,yes,published,decisionScore=100,LAUNCH_READY
/products/new-balance-fresh-foam-x-hierro-v9/alternatives,alternatives,running,substantive,yes,yes,published,alternatives_ok,alternatives_ok
/products/new-balance-fuelcell-rebel-v5,product,running,LAUNCH_READY,yes,yes,published,decisionScore=100,LAUNCH_READY
/products/new-balance-fuelcell-supercomp-elite-v4,product,running,LAUNCH_READY,yes,yes,published,decisionScore=100,LAUNCH_READY
/products/new-balance-fuelcell-supercomp-trainer-v3,product,running,LAUNCH_READY,yes,yes,published,decisionScore=100,LAUNCH_READY
/products/nike-aerobill-cap,product,running,LAUNCH_READY,yes,yes,published,decisionScore=100,LAUNCH_READY
/products/nike-aeroswift-singlet-men,product,running,LAUNCH_READY,yes,yes,published,decisionScore=100,LAUNCH_READY
/products/nike-alphafly-3,product,running,LAUNCH_READY,yes,yes,published,decisionScore=100,LAUNCH_READY
/products/nike-alphafly-3/alternatives,alternatives,running,substantive,yes,yes,published,alternatives_ok,alternatives_ok
/products/nike-dri-fit-miler-men,product,running,LAUNCH_READY,yes,yes,published,decisionScore=100,LAUNCH_READY
/products/nike-dri-fit-miler-women,product,running,LAUNCH_READY,yes,yes,published,decisionScore=100,LAUNCH_READY
/products/nike-dri-fit-stride-short,product,running,LAUNCH_READY,yes,yes,published,decisionScore=100,LAUNCH_READY
/products/nike-fast-tight-men,product,running,LAUNCH_READY,yes,yes,published,decisionScore=100,LAUNCH_READY
/products/nike-impossibly-light-men,product,running,LAUNCH_READY,yes,yes,published,decisionScore=100,LAUNCH_READY
/products/nike-invincible-3,product,running,LAUNCH_READY,yes,yes,published,decisionScore=80,LAUNCH_READY
/products/nike-pegasus-41,product,running,LAUNCH_READY,yes,yes,published,decisionScore=100,LAUNCH_READY
/products/nike-pegasus-41/alternatives,alternatives,running,substantive,yes,yes,published,alternatives_ok,alternatives_ok
/products/nike-pegasus-42,product,running,LAUNCH_READY,yes,yes,published,decisionScore=100,LAUNCH_READY
/products/nike-pegasus-42/alternatives,alternatives,running,substantive,yes,yes,published,alternatives_ok,alternatives_ok
/products/nike-pegasus-trail-5,product,running,LAUNCH_READY,yes,yes,published,decisionScore=100,LAUNCH_READY
/products/nike-pegasus-trail-5/alternatives,alternatives,running,substantive,yes,yes,published,alternatives_ok,alternatives_ok
/products/nike-react-infinity-run-4,product,running,LAUNCH_READY,yes,yes,published,decisionScore=100,LAUNCH_READY
/products/nike-structure-26,product,running,LAUNCH_READY,yes,yes,published,decisionScore=100,LAUNCH_READY
/products/nike-structure-plus,product,running,LAUNCH_READY,yes,yes,published,decisionScore=100,LAUNCH_READY
/products/nike-swoosh-medium-support,product,running,LAUNCH_READY,yes,yes,published,decisionScore=80,LAUNCH_READY
/products/nike-therma-fit-glove,product,running,LAUNCH_READY,yes,yes,published,decisionScore=100,LAUNCH_READY
/products/nike-vaporfly-4,product,running,LAUNCH_READY,yes,yes,published,decisionScore=100,LAUNCH_READY
/products/nike-vaporfly-4/alternatives,alternatives,running,substantive,yes,yes,published,alternatives_ok,alternatives_ok
/products/nike-vomero-18,product,running,LAUNCH_READY,yes,yes,published,decisionScore=80,LAUNCH_READY
/products/nike-vomero-18/alternatives,alternatives,running,substantive,yes,yes,published,alternatives_ok,alternatives_ok
/products/nitecore-nu43,product,running,LAUNCH_READY,yes,yes,published,decisionScore=100,LAUNCH_READY
/products/nnormal-race-vest,product,running,LAUNCH_READY,yes,yes,published,decisionScore=80,LAUNCH_READY
/products/nuun-sport,product,running,LAUNCH_READY,yes,yes,published,decisionScore=100,LAUNCH_READY
/products/oakley-encoder,product,running,LAUNCH_READY,yes,yes,published,decisionScore=100,LAUNCH_READY
/products/oakley-flak-2-0-xl,product,running,LAUNCH_READY,yes,yes,published,decisionScore=90,LAUNCH_READY
/products/oakley-kato,product,running,LAUNCH_READY,yes,yes,published,decisionScore=100,LAUNCH_READY
/products/oakley-radar-ev-path,product,running,LAUNCH_READY,yes,yes,published,decisionScore=100,LAUNCH_READY
/products/oakley-sutro-lite,product,running,LAUNCH_READY,yes,yes,published,decisionScore=100,LAUNCH_READY
/products/odlo-active-warm-eco-bottom-men,product,running,LAUNCH_READY,yes,yes,published,decisionScore=100,LAUNCH_READY
/products/odlo-active-warm-eco-men,product,running,LAUNCH_READY,yes,yes,published,decisionScore=100,LAUNCH_READY
/products/on-cloudmonster-2,product,running,LAUNCH_READY,yes,yes,published,decisionScore=100,LAUNCH_READY
/products/on-cloudmonster-2/alternatives,alternatives,running,substantive,yes,yes,published,alternatives_ok,alternatives_ok
/products/on-cloudmonster-hyper,product,running,LAUNCH_READY,yes,yes,published,decisionScore=100,LAUNCH_READY
/products/on-cloudmonster-hyper/alternatives,alternatives,running,substantive,yes,yes,published,alternatives_ok,alternatives_ok
/products/on-cloudsurfer-2,product,running,LAUNCH_READY,yes,yes,published,decisionScore=100,LAUNCH_READY
/products/on-cloudsurfer-2/alternatives,alternatives,running,substantive,yes,yes,published,alternatives_ok,alternatives_ok
/products/on-cloudsurfer-next,product,running,LAUNCH_READY,yes,yes,published,decisionScore=100,LAUNCH_READY
/products/on-performance-short-men,product,running,LAUNCH_READY,yes,yes,published,decisionScore=100,LAUNCH_READY
/products/on-performance-tight-women,product,running,LAUNCH_READY,yes,yes,published,decisionScore=100,LAUNCH_READY
/products/on-ultra-vest-pro,product,running,LAUNCH_READY,yes,yes,published,decisionScore=100,LAUNCH_READY
/products/on-weather-jacket-men,product,running,LAUNCH_READY,yes,yes,published,decisionScore=100,LAUNCH_READY
/products/oofos-oolala,product,running,LAUNCH_READY,yes,yes,published,decisionScore=100,LAUNCH_READY
/products/oofos-ooriginal,product,running,LAUNCH_READY,yes,yes,published,decisionScore=100,LAUNCH_READY
/products/osprey-duro-15,product,running,LAUNCH_READY,yes,yes,published,decisionScore=100,LAUNCH_READY
/products/osprey-duro-6,product,running,LAUNCH_READY,yes,yes,published,decisionScore=100,LAUNCH_READY
/products/osprey-duro-lt,product,running,LAUNCH_READY,yes,yes,published,decisionScore=100,LAUNCH_READY
/products/osprey-dyna-6,product,running,LAUNCH_READY,yes,yes,published,decisionScore=100,LAUNCH_READY
/products/osprey-dyna-lt,product,running,LAUNCH_READY,yes,yes,published,decisionScore=100,LAUNCH_READY
/products/osprey-hydraulics-lt-15,product,running,LAUNCH_READY,yes,yes,published,decisionScore=100,LAUNCH_READY
/products/osprey-talon-velocity-20,product,running,LAUNCH_READY,yes,yes,published,decisionScore=100,LAUNCH_READY
/products/osprey-talon-velocity-30,product,running,LAUNCH_READY,yes,yes,published,decisionScore=100,LAUNCH_READY
/products/osprey-tempest-velocity-20,product,running,LAUNCH_READY,yes,yes,published,decisionScore=100,LAUNCH_READY
/products/patagonia-capilene-cool-daily-men,product,running,LAUNCH_READY,yes,yes,published,decisionScore=100,LAUNCH_READY
/products/patagonia-capilene-midweight-zip-men,product,running,LAUNCH_READY,yes,yes,published,decisionScore=100,LAUNCH_READY
/products/patagonia-capilene-thermal-crew-men,product,running,LAUNCH_READY,yes,yes,published,decisionScore=100,LAUNCH_READY
/products/patagonia-endless-run-tight-women,product,running,LAUNCH_READY,yes,yes,published,decisionScore=100,LAUNCH_READY
/products/patagonia-houdini-men,product,running,LAUNCH_READY,yes,yes,published,decisionScore=100,LAUNCH_READY
/products/patagonia-nano-puff-vest-men,product,running,LAUNCH_READY,yes,yes,published,decisionScore=100,LAUNCH_READY
/products/patagonia-strider-pro-men,product,running,LAUNCH_READY,yes,yes,published,decisionScore=100,LAUNCH_READY
/products/patagonia-trailfarer-short-women,product,running,LAUNCH_READY,yes,yes,published,decisionScore=100,LAUNCH_READY
/products/petzl-actik-core,product,running,LAUNCH_READY,yes,yes,published,decisionScore=100,LAUNCH_READY
/products/petzl-nao-rl,product,running,LAUNCH_READY,yes,yes,published,decisionScore=100,LAUNCH_READY
/products/petzl-swift-rl,product,running,LAUNCH_READY,yes,yes,published,decisionScore=100,LAUNCH_READY
/products/polar-grit-x2,product,running,LAUNCH_READY,yes,yes,published,decisionScore=100,LAUNCH_READY
/products/polar-grit-x2/alternatives,alternatives,running,substantive,yes,yes,published,alternatives_ok,alternatives_ok
/products/polar-h10,product,running,LAUNCH_READY,yes,yes,published,decisionScore=100,LAUNCH_READY
/products/polar-h10/alternatives,alternatives,running,substantive,yes,yes,published,alternatives_ok,alternatives_ok
/products/polar-h9,product,running,LAUNCH_READY,yes,yes,published,decisionScore=100,LAUNCH_READY
/products/polar-h9/alternatives,alternatives,running,substantive,yes,yes,published,alternatives_ok,alternatives_ok
/products/polar-pacer,product,running,LAUNCH_READY,yes,yes,published,decisionScore=80,LAUNCH_READY
/products/polar-pacer-pro,product,running,LAUNCH_READY,yes,yes,published,decisionScore=100,LAUNCH_READY
/products/polar-pacer/alternatives,alternatives,running,substantive,yes,yes,published,alternatives_ok,alternatives_ok
/products/polar-vantage-v3,product,running,LAUNCH_READY,yes,yes,published,decisionScore=100,LAUNCH_READY
/products/polar-vantage-v3/alternatives,alternatives,running,substantive,yes,yes,published,alternatives_ok,alternatives_ok
/products/polar-verity-sense,product,running,LAUNCH_READY,yes,yes,published,decisionScore=100,LAUNCH_READY
/products/polar-verity-sense/alternatives,alternatives,running,substantive,yes,yes,published,alternatives_ok,alternatives_ok
/products/powerbar-energize,product,running,LAUNCH_READY,yes,yes,published,decisionScore=90,LAUNCH_READY
/products/precision-pf30-drink-mix,product,running,LAUNCH_READY,yes,yes,published,decisionScore=100,LAUNCH_READY
/products/precision-pf30-gel,product,running,LAUNCH_READY,yes,yes,published,decisionScore=100,LAUNCH_READY
/products/precision-ph1500,product,running,LAUNCH_READY,yes,yes,published,decisionScore=100,LAUNCH_READY
/products/proviz-reflect360-running-vest,product,running,LAUNCH_READY,yes,yes,published,decisionScore=100,LAUNCH_READY
/products/puma-deviate-nitro-3,product,running,LAUNCH_READY,yes,yes,published,decisionScore=100,LAUNCH_READY
/products/puma-magnify-nitro-2,product,running,LAUNCH_READY,yes,yes,published,decisionScore=100,LAUNCH_READY
/products/rabbit-fuel-n-fly-men,product,running,LAUNCH_READY,yes,yes,published,decisionScore=100,LAUNCH_READY
/products/roka-phantom-air,product,running,LAUNCH_READY,yes,yes,published,decisionScore=90,LAUNCH_READY
/products/rudy-project-cutline,product,running,LAUNCH_READY,yes,yes,published,decisionScore=100,LAUNCH_READY
/products/salomon-adv-skin-12,product,running,LAUNCH_READY,yes,yes,published,decisionScore=100,LAUNCH_READY
/products/salomon-adv-skin-5,product,running,LAUNCH_READY,yes,yes,published,decisionScore=100,LAUNCH_READY
/products/salomon-aero-glide-2,product,running,LAUNCH_READY,yes,yes,published,decisionScore=100,LAUNCH_READY
/products/salomon-aero-glide-2/alternatives,alternatives,running,substantive,yes,yes,published,alternatives_ok,alternatives_ok
/products/salomon-bonatti-wp-men,product,running,LAUNCH_READY,yes,yes,published,decisionScore=100,LAUNCH_READY
/products/salomon-bonatti-wp-women,product,running,LAUNCH_READY,yes,yes,published,decisionScore=100,LAUNCH_READY
/products/salomon-custom-quiver,product,running,LAUNCH_READY,yes,yes,published,decisionScore=100,LAUNCH_READY
/products/salomon-genesis,product,running,LAUNCH_READY,yes,yes,published,decisionScore=100,LAUNCH_READY
/products/salomon-genesis/alternatives,alternatives,running,substantive,yes,yes,published,alternatives_ok,alternatives_ok
/products/salomon-pulsar-trail-2,product,running,LAUNCH_READY,yes,yes,published,decisionScore=80,LAUNCH_READY
/products/salomon-pulse-belt,product,running,LAUNCH_READY,yes,yes,published,decisionScore=100,LAUNCH_READY
/products/salomon-sense-ride-5,product,running,LAUNCH_READY,yes,yes,published,decisionScore=100,LAUNCH_READY
/products/salomon-sense-ride-5/alternatives,alternatives,running,substantive,yes,yes,published,alternatives_ok,alternatives_ok
/products/salomon-soft-flask-500,product,running,LAUNCH_READY,yes,yes,published,decisionScore=100,LAUNCH_READY
/products/salomon-soft-flask-speed-500,product,running,LAUNCH_READY,yes,yes,published,decisionScore=100,LAUNCH_READY
/products/salomon-soft-reservoir-15,product,running,LAUNCH_READY,yes,yes,published,decisionScore=100,LAUNCH_READY
/products/salomon-ultra-glide-2,product,running,LAUNCH_READY,yes,yes,published,decisionScore=100,LAUNCH_READY
/products/salomon-ultra-glide-2/alternatives,alternatives,running,substantive,yes,yes,published,alternatives_ok,alternatives_ok
/products/salomon-xa-15,product,running,LAUNCH_READY,yes,yes,published,decisionScore=100,LAUNCH_READY
/products/saltstick-caps,product,running,LAUNCH_READY,yes,yes,published,decisionScore=100,LAUNCH_READY
/products/saltstick-fastchews,product,running,LAUNCH_READY,yes,yes,published,decisionScore=100,LAUNCH_READY
/products/samsung-galaxy-watch-ultra,product,running,LAUNCH_READY,yes,yes,published,decisionScore=80,LAUNCH_READY
/products/samsung-galaxy-watch-ultra/alternatives,alternatives,running,substantive,yes,yes,published,alternatives_ok,alternatives_ok
/products/saucony-endorphin-pro-3,product,running,LAUNCH_READY,yes,yes,published,decisionScore=100,LAUNCH_READY
/products/saucony-endorphin-pro-3/alternatives,alternatives,running,substantive,yes,yes,published,alternatives_ok,alternatives_ok
/products/saucony-endorphin-pro-4,product,running,LAUNCH_READY,yes,yes,published,decisionScore=100,LAUNCH_READY
/products/saucony-endorphin-pro-4/alternatives,alternatives,running,substantive,yes,yes,published,alternatives_ok,alternatives_ok
/products/saucony-endorphin-speed-4,product,running,LAUNCH_READY,yes,yes,published,decisionScore=100,LAUNCH_READY
/products/saucony-endorphin-speed-4/alternatives,alternatives,running,substantive,yes,yes,published,alternatives_ok,alternatives_ok
/products/saucony-endorphin-speed-5,product,running,LAUNCH_READY,yes,yes,published,decisionScore=100,LAUNCH_READY
/products/saucony-endorphin-speed-5/alternatives,alternatives,running,substantive,yes,yes,published,alternatives_ok,alternatives_ok
/products/saucony-guide-18,product,running,LAUNCH_READY,yes,yes,published,decisionScore=100,LAUNCH_READY
/products/saucony-guide-18/alternatives,alternatives,running,substantive,yes,yes,published,alternatives_ok,alternatives_ok
/products/saucony-peregrine-15,product,running,LAUNCH_READY,yes,yes,published,decisionScore=100,LAUNCH_READY
/products/saucony-peregrine-15/alternatives,alternatives,running,substantive,yes,yes,published,alternatives_ok,alternatives_ok
/products/saucony-ride-18,product,running,LAUNCH_READY,yes,yes,published,decisionScore=100,LAUNCH_READY
/products/saucony-ride-18/alternatives,alternatives,running,substantive,yes,yes,published,alternatives_ok,alternatives_ok
/products/saucony-triumph-22,product,running,LAUNCH_READY,yes,yes,published,decisionScore=100,LAUNCH_READY
/products/saucony-triumph-22/alternatives,alternatives,running,substantive,yes,yes,published,alternatives_ok,alternatives_ok
/products/saucony-xodus-ultra-3,product,running,LAUNCH_READY,yes,yes,published,decisionScore=100,LAUNCH_READY
/products/scosche-rhythm-plus-2,product,running,LAUNCH_READY,yes,yes,published,decisionScore=100,LAUNCH_READY
/products/scosche-rhythm24,product,running,LAUNCH_READY,yes,yes,published,decisionScore=100,LAUNCH_READY
/products/shokz-opendots-one,product,running,LAUNCH_READY,yes,yes,published,decisionScore=100,LAUNCH_READY
/products/shokz-openfit-2,product,running,LAUNCH_READY,yes,yes,published,decisionScore=100,LAUNCH_READY
/products/shokz-openrun,product,running,LAUNCH_READY,yes,yes,published,decisionScore=100,LAUNCH_READY
/products/shokz-openrun-pro-2,product,running,LAUNCH_READY,yes,yes,published,decisionScore=100,LAUNCH_READY
/products/silva-trail-runner-free-2,product,running,LAUNCH_READY,yes,yes,published,decisionScore=100,LAUNCH_READY
/products/sis-beta-fuel-drink,product,running,LAUNCH_READY,yes,yes,published,decisionScore=100,LAUNCH_READY
/products/sis-beta-fuel-gel,product,running,LAUNCH_READY,yes,yes,published,decisionScore=100,LAUNCH_READY
/products/sis-go-isotonic-gel,product,running,LAUNCH_READY,yes,yes,published,decisionScore=100,LAUNCH_READY
/products/skratch-sport-energy-chews,product,running,LAUNCH_READY,yes,yes,published,decisionScore=100,LAUNCH_READY
/products/skratch-sport-hydration-mix,product,running,LAUNCH_READY,yes,yes,published,decisionScore=90,LAUNCH_READY
/products/smartwool-run-targeted-cushion,product,running,LAUNCH_READY,yes,yes,published,decisionScore=100,LAUNCH_READY
/products/smartwool-thermal-merino-glove,product,running,LAUNCH_READY,yes,yes,published,decisionScore=100,LAUNCH_READY
/products/smith-attack-mag,product,running,LAUNCH_READY,yes,yes,published,decisionScore=100,LAUNCH_READY
/products/smith-shift-mag,product,running,LAUNCH_READY,yes,yes,published,decisionScore=100,LAUNCH_READY
/products/soundcore-aerofit-2,product,running,LAUNCH_READY,yes,yes,published,decisionScore=100,LAUNCH_READY
/products/soundcore-sport-x20,product,running,LAUNCH_READY,yes,yes,published,decisionScore=100,LAUNCH_READY
/products/spibelt-original,product,running,LAUNCH_READY,yes,yes,published,decisionScore=100,LAUNCH_READY
/products/spring-energy-awesome-sauce,product,running,LAUNCH_READY,yes,yes,published,decisionScore=100,LAUNCH_READY
/products/squirrels-nut-butter,product,running,LAUNCH_READY,yes,yes,published,decisionScore=100,LAUNCH_READY
/products/styrkr-gel30,product,running,LAUNCH_READY,yes,yes,published,decisionScore=100,LAUNCH_READY
/products/styrkr-mix90,product,running,LAUNCH_READY,yes,yes,published,decisionScore=100,LAUNCH_READY
/products/suunto-race,product,running,LAUNCH_READY,yes,yes,published,decisionScore=100,LAUNCH_READY
/products/suunto-race-s,product,running,LAUNCH_READY,yes,yes,published,decisionScore=100,LAUNCH_READY
/products/suunto-race/alternatives,alternatives,running,substantive,yes,yes,published,alternatives_ok,alternatives_ok
/products/suunto-run,product,running,LAUNCH_READY,yes,yes,published,decisionScore=100,LAUNCH_READY
/products/suunto-run/alternatives,alternatives,running,substantive,yes,yes,published,alternatives_ok,alternatives_ok
/products/suunto-smart-heart-rate-belt,product,running,LAUNCH_READY,yes,yes,published,decisionScore=100,LAUNCH_READY
/products/suunto-smart-heart-rate-belt/alternatives,alternatives,running,substantive,yes,yes,published,alternatives_ok,alternatives_ok
/products/suunto-vertical-2,product,running,LAUNCH_READY,yes,yes,published,decisionScore=100,LAUNCH_READY
/products/suunto-vertical-2/alternatives,alternatives,running,substantive,yes,yes,published,alternatives_ok,alternatives_ok
/products/suunto-wing,product,running,LAUNCH_READY,yes,yes,published,decisionScore=100,LAUNCH_READY
/products/swiftwick-aspire-four,product,running,LAUNCH_READY,yes,yes,published,decisionScore=100,LAUNCH_READY
/products/tailwind-endurance-fuel,product,running,LAUNCH_READY,yes,yes,published,decisionScore=100,LAUNCH_READY
/products/therabody-theragun-mini-2,product,running,LAUNCH_READY,yes,yes,published,decisionScore=100,LAUNCH_READY
/products/therabody-theragun-prime,product,running,LAUNCH_READY,yes,yes,published,decisionScore=100,LAUNCH_READY
/products/therabody-theragun-pro,product,running,LAUNCH_READY,yes,yes,published,decisionScore=90,LAUNCH_READY
/products/tifosi-rail,product,running,LAUNCH_READY,yes,yes,published,decisionScore=100,LAUNCH_READY
/products/tifosi-vogel,product,running,LAUNCH_READY,yes,yes,published,decisionScore=100,LAUNCH_READY
/products/topo-athletic-phantom-3,product,running,LAUNCH_READY,yes,yes,published,decisionScore=100,LAUNCH_READY
/products/topo-athletic-specter-2,product,running,LAUNCH_READY,yes,yes,published,decisionScore=100,LAUNCH_READY
/products/topo-athletic-terraventure-5,product,running,LAUNCH_READY,yes,yes,published,decisionScore=100,LAUNCH_READY
/products/topo-athletic-terraventure-5/alternatives,alternatives,running,substantive,yes,yes,published,alternatives_ok,alternatives_ok
/products/tracksmith-brighton-ls-men,product,running,LAUNCH_READY,yes,yes,published,decisionScore=90,LAUNCH_READY
/products/tracksmith-session-short-men,product,running,LAUNCH_READY,yes,yes,published,decisionScore=100,LAUNCH_READY
/products/tracksmith-session-short-women,product,running,LAUNCH_READY,yes,yes,published,decisionScore=90,LAUNCH_READY
/products/tracksmith-turnover-tight-women,product,running,LAUNCH_READY,yes,yes,published,decisionScore=100,LAUNCH_READY
/products/tracksmith-twilight-half-men,product,running,LAUNCH_READY,yes,yes,published,decisionScore=100,LAUNCH_READY
/products/tracksmith-van-cortlandt-tee-men,product,running,LAUNCH_READY,yes,yes,published,decisionScore=90,LAUNCH_READY
/products/triggerpoint-grid-travel,product,running,LAUNCH_READY,yes,yes,published,decisionScore=100,LAUNCH_READY
/products/triggerpoint-grid-x,product,running,LAUNCH_READY,yes,yes,published,decisionScore=100,LAUNCH_READY
/products/ultimate-direction-adventure-vest,product,running,LAUNCH_READY,yes,yes,published,decisionScore=100,LAUNCH_READY
/products/ultimate-direction-body-bottle-500,product,running,LAUNCH_READY,yes,yes,published,decisionScore=100,LAUNCH_READY
/products/ultimate-direction-fastpack-20,product,running,LAUNCH_READY,yes,yes,published,decisionScore=100,LAUNCH_READY
/products/ultimate-direction-fastpack-30,product,running,LAUNCH_READY,yes,yes,published,decisionScore=100,LAUNCH_READY
/products/ultimate-direction-fastpack-her-20,product,running,LAUNCH_READY,yes,yes,published,decisionScore=100,LAUNCH_READY
/products/ultimate-direction-race-belt,product,running,LAUNCH_READY,yes,yes,published,decisionScore=100,LAUNCH_READY
/products/ultimate-direction-race-vest-6,product,running,LAUNCH_READY,yes,yes,published,decisionScore=100,LAUNCH_READY
/products/ultimate-direction-ultra-belt,product,running,LAUNCH_READY,yes,yes,published,decisionScore=100,LAUNCH_READY
/products/ultimate-direction-utility-bag,product,running,LAUNCH_READY,yes,yes,published,decisionScore=100,LAUNCH_READY
/products/ultraspire-alpha-6,product,running,LAUNCH_READY,yes,yes,published,decisionScore=100,LAUNCH_READY
/products/ultraspire-fitted-race-belt-2,product,running,LAUNCH_READY,yes,yes,published,decisionScore=100,LAUNCH_READY
/products/ultraspire-spry-5,product,running,LAUNCH_READY,yes,yes,published,decisionScore=100,LAUNCH_READY
/products/uswe-pace-8,product,running,LAUNCH_READY,yes,yes,published,decisionScore=100,LAUNCH_READY
/products/veloforte-energy-bar,product,running,LAUNCH_READY,yes,yes,published,decisionScore=100,LAUNCH_READY
/products/veloforte-energy-chews,product,running,LAUNCH_READY,yes,yes,published,decisionScore=100,LAUNCH_READY
/products/wahoo-tickr,product,running,LAUNCH_READY,yes,yes,published,decisionScore=100,LAUNCH_READY
/products/wahoo-tickr-fit,product,running,LAUNCH_READY,yes,yes,published,decisionScore=100,LAUNCH_READY
/products/wahoo-tickr-fit/alternatives,alternatives,running,substantive,yes,yes,published,alternatives_ok,alternatives_ok
/products/wahoo-tickr-x,product,running,LAUNCH_READY,yes,yes,published,decisionScore=100,LAUNCH_READY
/products/wahoo-tickr-x/alternatives,alternatives,running,substantive,yes,yes,published,alternatives_ok,alternatives_ok
/products/wahoo-trackr,product,running,LAUNCH_READY,yes,yes,published,decisionScore=100,LAUNCH_READY
/products/wahoo-trackr/alternatives,alternatives,running,substantive,yes,yes,published,alternatives_ok,alternatives_ok
/products/wrightsock-coolmesh-ii,product,running,LAUNCH_READY,yes,yes,published,decisionScore=100,LAUNCH_READY
/reviews/100-percent-s3,review,,LAUNCH_READY,yes,yes,published,decisionScore=100,LAUNCH_READY
/reviews/226ers-high-energy-gel,review,,LAUNCH_READY,yes,yes,published,decisionScore=100,LAUNCH_READY
/reviews/2toms-sportshield,review,,LAUNCH_READY,yes,yes,published,decisionScore=100,LAUNCH_READY
/reviews/adidas-adizero-adios-pro-4,review,,LAUNCH_READY,yes,yes,published,decisionScore=100,LAUNCH_READY
/reviews/adidas-adizero-boston-12,review,,LAUNCH_READY,yes,yes,published,decisionScore=100,LAUNCH_READY
/reviews/adidas-adizero-boston-13,review,,LAUNCH_READY,yes,yes,published,decisionScore=100,LAUNCH_READY
/reviews/adidas-adizero-evo-sl,review,,LAUNCH_READY,yes,yes,published,decisionScore=100,LAUNCH_READY
/reviews/adidas-own-the-run-short-men,review,,LAUNCH_READY,yes,yes,published,decisionScore=100,LAUNCH_READY
/reviews/adidas-own-the-run-tee-men,review,,LAUNCH_READY,yes,yes,published,decisionScore=100,LAUNCH_READY
/reviews/adidas-terrex-agravic-3,review,,LAUNCH_READY,yes,yes,published,decisionScore=100,LAUNCH_READY
/reviews/adidas-ultraboost-5,review,,LAUNCH_READY,yes,yes,published,decisionScore=100,LAUNCH_READY
/reviews/altra-escalante-4,review,,LAUNCH_READY,yes,yes,published,decisionScore=100,LAUNCH_READY
/reviews/altra-experience-flow,review,,LAUNCH_READY,yes,yes,published,decisionScore=100,LAUNCH_READY
/reviews/altra-lone-peak-8,review,,LAUNCH_READY,yes,yes,published,decisionScore=100,LAUNCH_READY
/reviews/altra-paradigm-7,review,,LAUNCH_READY,yes,yes,published,decisionScore=100,LAUNCH_READY
/reviews/altra-torin-8,review,,LAUNCH_READY,yes,yes,published,decisionScore=100,LAUNCH_READY
/reviews/amazfit-active-2,review,,LAUNCH_READY,yes,yes,published,decisionScore=100,LAUNCH_READY
/reviews/amazfit-t-rex-3-pro,review,,LAUNCH_READY,yes,yes,published,decisionScore=100,LAUNCH_READY
/reviews/amphipod-airflow-lite-belt,review,,LAUNCH_READY,yes,yes,published,decisionScore=100,LAUNCH_READY
/reviews/amphipod-hydraform-ergo-lite-handheld,review,,LAUNCH_READY,yes,yes,published,decisionScore=100,LAUNCH_READY
/reviews/amphipod-vizlet-led,review,,LAUNCH_READY,yes,yes,published,decisionScore=100,LAUNCH_READY
/reviews/amphipod-xinglet,review,,LAUNCH_READY,yes,yes,published,decisionScore=100,LAUNCH_READY
/reviews/amphipod-xinglet-optic-beam,review,,LAUNCH_READY,yes,yes,published,decisionScore=100,LAUNCH_READY
/reviews/apple-airpods-4,review,,LAUNCH_READY,yes,yes,published,decisionScore=100,LAUNCH_READY
/reviews/apple-airpods-pro-2,review,,LAUNCH_READY,yes,yes,published,decisionScore=100,LAUNCH_READY
/reviews/apple-watch-series-10,review,,LAUNCH_READY,yes,yes,published,decisionScore=100,LAUNCH_READY
/reviews/apple-watch-ultra-2,review,,LAUNCH_READY,yes,yes,published,decisionScore=100,LAUNCH_READY
/reviews/apple-watch-ultra-3,review,,LAUNCH_READY,yes,yes,published,decisionScore=100,LAUNCH_READY
/reviews/asics-core-split-short,review,,LAUNCH_READY,yes,yes,published,decisionScore=100,LAUNCH_READY
/reviews/asics-gel-cumulus-27,review,,LAUNCH_READY,yes,yes,published,decisionScore=100,LAUNCH_READY
/reviews/asics-gel-kayano-32,review,,LAUNCH_READY,yes,yes,published,decisionScore=100,LAUNCH_READY
/reviews/asics-gel-nimbus-27,review,,LAUNCH_READY,yes,yes,published,decisionScore=100,LAUNCH_READY
/reviews/asics-gel-trabuco-13,review,,LAUNCH_READY,yes,yes,published,decisionScore=100,LAUNCH_READY
/reviews/asics-gt-1000-13,review,,LAUNCH_READY,yes,yes,published,decisionScore=100,LAUNCH_READY
/reviews/asics-gt-2000-14,review,,LAUNCH_READY,yes,yes,published,decisionScore=100,LAUNCH_READY
/reviews/asics-metaspeed-sky-paris,review,,LAUNCH_READY,yes,yes,published,decisionScore=100,LAUNCH_READY
/reviews/asics-novablast-4,review,,LAUNCH_READY,yes,yes,published,decisionScore=100,LAUNCH_READY
/reviews/asics-novablast-5,review,,LAUNCH_READY,yes,yes,published,decisionScore=100,LAUNCH_READY
/reviews/asics-novablast-6,review,,LAUNCH_READY,yes,yes,published,decisionScore=100,LAUNCH_READY
/reviews/asics-superblast-2,review,,LAUNCH_READY,yes,yes,published,decisionScore=100,LAUNCH_READY
/reviews/assaultrunner-elite,review,,LAUNCH_READY,yes,yes,published,decisionScore=100,LAUNCH_READY
/reviews/assaultrunner-pro,review,,LAUNCH_READY,yes,yes,published,decisionScore=100,LAUNCH_READY
/reviews/balega-blister-resist,review,,LAUNCH_READY,yes,yes,published,decisionScore=100,LAUNCH_READY
/reviews/balega-hidden-comfort,review,,LAUNCH_READY,yes,yes,published,decisionScore=100,LAUNCH_READY
/reviews/beats-fit-pro,review,,LAUNCH_READY,yes,yes,published,decisionScore=100,LAUNCH_READY
/reviews/biolite-headlamp-800-pro,review,,LAUNCH_READY,yes,yes,published,decisionScore=100,LAUNCH_READY
/reviews/black-diamond-distance-15,review,,LAUNCH_READY,yes,yes,published,decisionScore=100,LAUNCH_READY
/reviews/black-diamond-distance-1500,review,,LAUNCH_READY,yes,yes,published,decisionScore=100,LAUNCH_READY
/reviews/black-diamond-distance-22,review,,LAUNCH_READY,yes,yes,published,decisionScore=100,LAUNCH_READY
/reviews/black-diamond-distance-8,review,,LAUNCH_READY,yes,yes,published,decisionScore=100,LAUNCH_READY
/reviews/black-diamond-spot-400-r,review,,LAUNCH_READY,yes,yes,published,decisionScore=100,LAUNCH_READY
/reviews/blackroll-pro,review,,LAUNCH_READY,yes,yes,published,decisionScore=100,LAUNCH_READY
/reviews/body-glide-original,review,,LAUNCH_READY,yes,yes,published,decisionScore=100,LAUNCH_READY
/reviews/bose-ultra-open-earbuds,review,,LAUNCH_READY,yes,yes,published,decisionScore=100,LAUNCH_READY
/reviews/brazyn-morph,review,,LAUNCH_READY,yes,yes,published,decisionScore=100,LAUNCH_READY
/reviews/brooks-adrenaline-gts-25,review,,LAUNCH_READY,yes,yes,published,decisionScore=100,LAUNCH_READY
/reviews/brooks-canopy-jacket-men,review,,LAUNCH_READY,yes,yes,published,decisionScore=100,LAUNCH_READY
/reviews/brooks-cascadia-18,review,,LAUNCH_READY,yes,yes,published,decisionScore=100,LAUNCH_READY
/reviews/brooks-chaser-5-women,review,,LAUNCH_READY,yes,yes,published,decisionScore=100,LAUNCH_READY
/reviews/brooks-ghost-16,review,,LAUNCH_READY,yes,yes,published,decisionScore=100,LAUNCH_READY
/reviews/brooks-ghost-18,review,,LAUNCH_READY,yes,yes,published,decisionScore=100,LAUNCH_READY
/reviews/brooks-glycerin-21,review,,LAUNCH_READY,yes,yes,published,decisionScore=100,LAUNCH_READY
/reviews/brooks-glycerin-22,review,,LAUNCH_READY,yes,yes,published,decisionScore=100,LAUNCH_READY
/reviews/brooks-glycerin-gts-22,review,,LAUNCH_READY,yes,yes,published,decisionScore=100,LAUNCH_READY
/reviews/brooks-hyperion-max-2,review,,LAUNCH_READY,yes,yes,published,decisionScore=100,LAUNCH_READY
/reviews/brooks-method-tight-women,review,,LAUNCH_READY,yes,yes,published,decisionScore=100,LAUNCH_READY
/reviews/brooks-notch-thermal-beanie,review,,LAUNCH_READY,yes,yes,published,decisionScore=100,LAUNCH_READY
/reviews/brooks-notch-thermal-men,review,,LAUNCH_READY,yes,yes,published,decisionScore=100,LAUNCH_READY
/reviews/brooks-sherpa-7-men,review,,LAUNCH_READY,yes,yes,published,decisionScore=100,LAUNCH_READY
/reviews/buff-coolnet-uv,review,,LAUNCH_READY,yes,yes,published,decisionScore=100,LAUNCH_READY
/reviews/buff-merino-lightweight,review,,LAUNCH_READY,yes,yes,published,decisionScore=100,LAUNCH_READY
/reviews/buff-original,review,,LAUNCH_READY,yes,yes,published,decisionScore=100,LAUNCH_READY
/reviews/buff-polar,review,,LAUNCH_READY,yes,yes,published,decisionScore=100,LAUNCH_READY
/reviews/camelbak-apex-pro,review,,LAUNCH_READY,yes,yes,published,decisionScore=100,LAUNCH_READY
/reviews/camelbak-circuit-run-vest,review,,LAUNCH_READY,yes,yes,published,decisionScore=100,LAUNCH_READY
/reviews/camelbak-crux-15,review,,LAUNCH_READY,yes,yes,published,decisionScore=100,LAUNCH_READY
/reviews/camelbak-quick-grip-chill,review,,LAUNCH_READY,yes,yes,published,decisionScore=100,LAUNCH_READY
/reviews/camelbak-zephyr,review,,LAUNCH_READY,yes,yes,published,decisionScore=100,LAUNCH_READY
/reviews/camelbak-zephyr-pro,review,,LAUNCH_READY,yes,yes,published,decisionScore=100,LAUNCH_READY
/reviews/cep-calf-sleeves-3,review,,LAUNCH_READY,yes,yes,published,decisionScore=100,LAUNCH_READY
/reviews/cep-run-compression-sock-3,review,,LAUNCH_READY,yes,yes,published,decisionScore=100,LAUNCH_READY
/reviews/cep-the-run-calf-sleeves,review,,LAUNCH_READY,yes,yes,published,decisionScore=100,LAUNCH_READY
/reviews/ciele-gocap-athletics,review,,LAUNCH_READY,yes,yes,published,decisionScore=100,LAUNCH_READY
/reviews/clif-bar-original,review,,LAUNCH_READY,yes,yes,published,decisionScore=100,LAUNCH_READY
/reviews/clif-bloks-energy-chews,review,,LAUNCH_READY,yes,yes,published,decisionScore=100,LAUNCH_READY
/reviews/compressport-free-belt-pro,review,,LAUNCH_READY,yes,yes,published,decisionScore=100,LAUNCH_READY
/reviews/compressport-ultrun-s-pack,review,,LAUNCH_READY,yes,yes,published,decisionScore=100,LAUNCH_READY
/reviews/coros-apex-2-pro,review,,LAUNCH_READY,yes,yes,published,decisionScore=100,LAUNCH_READY
/reviews/coros-apex-4,review,,LAUNCH_READY,yes,yes,published,decisionScore=100,LAUNCH_READY
/reviews/coros-heart-rate-monitor,review,,LAUNCH_READY,yes,yes,published,decisionScore=100,LAUNCH_READY
/reviews/coros-pace-3,review,,LAUNCH_READY,yes,yes,published,decisionScore=100,LAUNCH_READY
/reviews/coros-pace-4,review,,LAUNCH_READY,yes,yes,published,decisionScore=100,LAUNCH_READY
/reviews/coros-pace-pro,review,,LAUNCH_READY,yes,yes,published,decisionScore=100,LAUNCH_READY
/reviews/coros-vertix-2s,review,,LAUNCH_READY,yes,yes,published,decisionScore=100,LAUNCH_READY
/reviews/craft-active-extreme-x-men,review,,LAUNCH_READY,yes,yes,published,decisionScore=100,LAUNCH_READY
/reviews/craft-adv-essence-light-wind-men,review,,LAUNCH_READY,yes,yes,published,decisionScore=100,LAUNCH_READY
/reviews/craft-adv-essence-light-wind-vest-men,review,,LAUNCH_READY,yes,yes,published,decisionScore=100,LAUNCH_READY
/reviews/craft-adv-essence-short,review,,LAUNCH_READY,yes,yes,published,decisionScore=100,LAUNCH_READY
/reviews/craft-adv-essence-tight-men,review,,LAUNCH_READY,yes,yes,published,decisionScore=100,LAUNCH_READY
/reviews/craft-adv-lumen-glove,review,,LAUNCH_READY,yes,yes,published,decisionScore=100,LAUNCH_READY
/reviews/darn-tough-run-1-4,review,,LAUNCH_READY,yes,yes,published,decisionScore=100,LAUNCH_READY
/reviews/drymax-run-lite-mesh,review,,LAUNCH_READY,yes,yes,published,decisionScore=100,LAUNCH_READY
/reviews/enervit-c2-1-carbo-gel,review,,LAUNCH_READY,yes,yes,published,decisionScore=100,LAUNCH_READY
/reviews/feetures-elite-light-cushion,review,,LAUNCH_READY,yes,yes,published,decisionScore=100,LAUNCH_READY
/reviews/fitletic-fully-loaded,review,,LAUNCH_READY,yes,yes,published,decisionScore=100,LAUNCH_READY
/reviews/flipbelt-classic,review,,LAUNCH_READY,yes,yes,published,decisionScore=100,LAUNCH_READY
/reviews/garmin-enduro-3,review,,LAUNCH_READY,yes,yes,published,decisionScore=100,LAUNCH_READY
/reviews/garmin-epix-pro-gen-2,review,,LAUNCH_READY,yes,yes,published,decisionScore=100,LAUNCH_READY
/reviews/garmin-fenix-8,review,,LAUNCH_READY,yes,yes,published,decisionScore=100,LAUNCH_READY
/reviews/garmin-forerunner-165,review,,LAUNCH_READY,yes,yes,published,decisionScore=100,LAUNCH_READY
/reviews/garmin-forerunner-255,review,,LAUNCH_READY,yes,yes,published,decisionScore=100,LAUNCH_READY
/reviews/garmin-forerunner-265,review,,LAUNCH_READY,yes,yes,published,decisionScore=100,LAUNCH_READY
/reviews/garmin-forerunner-265s,review,,LAUNCH_READY,yes,yes,published,decisionScore=100,LAUNCH_READY
/reviews/garmin-forerunner-55,review,,LAUNCH_READY,yes,yes,published,decisionScore=100,LAUNCH_READY
/reviews/garmin-forerunner-570,review,,LAUNCH_READY,yes,yes,published,decisionScore=100,LAUNCH_READY
/reviews/garmin-forerunner-965,review,,LAUNCH_READY,yes,yes,published,decisionScore=100,LAUNCH_READY
/reviews/garmin-forerunner-970,review,,LAUNCH_READY,yes,yes,published,decisionScore=100,LAUNCH_READY
/reviews/garmin-hrm-200,review,,LAUNCH_READY,yes,yes,published,decisionScore=100,LAUNCH_READY
/reviews/garmin-hrm-600,review,,LAUNCH_READY,yes,yes,published,decisionScore=100,LAUNCH_READY
/reviews/garmin-hrm-fit,review,,LAUNCH_READY,yes,yes,published,decisionScore=100,LAUNCH_READY
/reviews/garmin-hrm-pro-plus,review,,LAUNCH_READY,yes,yes,published,decisionScore=100,LAUNCH_READY
/reviews/garmin-instinct-3,review,,LAUNCH_READY,yes,yes,published,decisionScore=100,LAUNCH_READY
/reviews/garmin-vivoactive-6,review,,LAUNCH_READY,yes,yes,published,decisionScore=100,LAUNCH_READY
/reviews/goodr-circle-gs,review,,LAUNCH_READY,yes,yes,published,decisionScore=100,LAUNCH_READY
/reviews/goodr-ogs,review,,LAUNCH_READY,yes,yes,published,decisionScore=100,LAUNCH_READY
/reviews/gu-energy-chews,review,,LAUNCH_READY,yes,yes,published,decisionScore=100,LAUNCH_READY
/reviews/gu-energy-gel,review,,LAUNCH_READY,yes,yes,published,decisionScore=100,LAUNCH_READY
/reviews/gu-roctane-gel,review,,LAUNCH_READY,yes,yes,published,decisionScore=100,LAUNCH_READY
/reviews/high5-energy-gel,review,,LAUNCH_READY,yes,yes,published,decisionScore=100,LAUNCH_READY
/reviews/high5-zero,review,,LAUNCH_READY,yes,yes,published,decisionScore=100,LAUNCH_READY
/reviews/hoka-arahi-7,review,,LAUNCH_READY,yes,yes,published,decisionScore=100,LAUNCH_READY
/reviews/hoka-bondi-8,review,,LAUNCH_READY,yes,yes,published,decisionScore=100,LAUNCH_READY
/reviews/hoka-bondi-9,review,,LAUNCH_READY,yes,yes,published,decisionScore=100,LAUNCH_READY
/reviews/hoka-clifton-10,review,,LAUNCH_READY,yes,yes,published,decisionScore=100,LAUNCH_READY
/reviews/hoka-clifton-9,review,,LAUNCH_READY,yes,yes,published,decisionScore=100,LAUNCH_READY
/reviews/hoka-clifton-pro,review,,LAUNCH_READY,yes,yes,published,decisionScore=100,LAUNCH_READY
/reviews/hoka-gaviota-5,review,,LAUNCH_READY,yes,yes,published,decisionScore=100,LAUNCH_READY
/reviews/hoka-mach-6,review,,LAUNCH_READY,yes,yes,published,decisionScore=100,LAUNCH_READY
/reviews/hoka-speedgoat-6,review,,LAUNCH_READY,yes,yes,published,decisionScore=100,LAUNCH_READY
/reviews/honey-stinger-organic-energy-gel,review,,LAUNCH_READY,yes,yes,published,decisionScore=100,LAUNCH_READY
/reviews/huma-gel-original,review,,LAUNCH_READY,yes,yes,published,decisionScore=100,LAUNCH_READY
/reviews/hydrapak-contour-2l,review,,LAUNCH_READY,yes,yes,published,decisionScore=100,LAUNCH_READY
/reviews/hydrapak-skyflask-speed-500,review,,LAUNCH_READY,yes,yes,published,decisionScore=100,LAUNCH_READY
/reviews/hydrapak-softflask-250,review,,LAUNCH_READY,yes,yes,published,decisionScore=100,LAUNCH_READY
/reviews/hydrapak-softflask-500,review,,LAUNCH_READY,yes,yes,published,decisionScore=100,LAUNCH_READY
/reviews/hydrapak-softflask-speed-500,review,,LAUNCH_READY,yes,yes,published,decisionScore=100,LAUNCH_READY
/reviews/hydrapak-tube-kit,review,,LAUNCH_READY,yes,yes,published,decisionScore=100,LAUNCH_READY
/reviews/hyperice-hypervolt-2,review,,LAUNCH_READY,yes,yes,published,decisionScore=100,LAUNCH_READY
/reviews/hyperice-hypervolt-go-2,review,,LAUNCH_READY,yes,yes,published,decisionScore=100,LAUNCH_READY
/reviews/hyperice-normatec-3,review,,LAUNCH_READY,yes,yes,published,decisionScore=100,LAUNCH_READY
/reviews/hyperice-normatec-go,review,,LAUNCH_READY,yes,yes,published,decisionScore=100,LAUNCH_READY
/reviews/hyperice-vyper-3,review,,LAUNCH_READY,yes,yes,published,decisionScore=100,LAUNCH_READY
/reviews/injinji-run-midweight,review,,LAUNCH_READY,yes,yes,published,decisionScore=100,LAUNCH_READY
/reviews/inov8-trailfly-ultra-g-300-max,review,,LAUNCH_READY,yes,yes,published,decisionScore=100,LAUNCH_READY
/reviews/janji-multi-short-men,review,,LAUNCH_READY,yes,yes,published,decisionScore=100,LAUNCH_READY
/reviews/janji-pace-short-women,review,,LAUNCH_READY,yes,yes,published,decisionScore=100,LAUNCH_READY
/reviews/janji-rainrunner-men,review,,LAUNCH_READY,yes,yes,published,decisionScore=100,LAUNCH_READY
/reviews/janji-run-tee-men,review,,LAUNCH_READY,yes,yes,published,decisionScore=100,LAUNCH_READY
/reviews/julbo-aerolite,review,,LAUNCH_READY,yes,yes,published,decisionScore=100,LAUNCH_READY
/reviews/julbo-rush,review,,LAUNCH_READY,yes,yes,published,decisionScore=100,LAUNCH_READY
/reviews/julbo-ultimate,review,,LAUNCH_READY,yes,yes,published,decisionScore=100,LAUNCH_READY
/reviews/kiprun-running-belt,review,,LAUNCH_READY,yes,yes,published,decisionScore=100,LAUNCH_READY
/reviews/ledlenser-neo9r,review,,LAUNCH_READY,yes,yes,published,decisionScore=100,LAUNCH_READY
/reviews/maurten-drink-mix-160,review,,LAUNCH_READY,yes,yes,published,decisionScore=100,LAUNCH_READY
/reviews/maurten-drink-mix-320,review,,LAUNCH_READY,yes,yes,published,decisionScore=100,LAUNCH_READY
/reviews/maurten-gel-100,review,,LAUNCH_READY,yes,yes,published,decisionScore=100,LAUNCH_READY
/reviews/maurten-gel-100-caf-100,review,,LAUNCH_READY,yes,yes,published,decisionScore=100,LAUNCH_READY
/reviews/maurten-gel-160,review,,LAUNCH_READY,yes,yes,published,decisionScore=100,LAUNCH_READY
/reviews/mirafit-folding-treadmill,review,,LAUNCH_READY,yes,yes,published,decisionScore=100,LAUNCH_READY
/reviews/mizuno-wave-rebellion-pro-3,review,,LAUNCH_READY,yes,yes,published,decisionScore=100,LAUNCH_READY
/reviews/mizuno-wave-rider-28,review,,LAUNCH_READY,yes,yes,published,decisionScore=100,LAUNCH_READY
/reviews/naak-ultra-energy-bar,review,,LAUNCH_READY,yes,yes,published,decisionScore=100,LAUNCH_READY
/reviews/naak-ultra-energy-drink-mix,review,,LAUNCH_READY,yes,yes,published,decisionScore=100,LAUNCH_READY
/reviews/naked-running-band,review,,LAUNCH_READY,yes,yes,published,decisionScore=100,LAUNCH_READY
/reviews/nathan-exoshot-2,review,,LAUNCH_READY,yes,yes,published,decisionScore=100,LAUNCH_READY
/reviews/nathan-lightbender-rx,review,,LAUNCH_READY,yes,yes,published,decisionScore=100,LAUNCH_READY
/reviews/nathan-mirage-pak,review,,LAUNCH_READY,yes,yes,published,decisionScore=100,LAUNCH_READY
/reviews/nathan-peak-hydration-waist-pack,review,,LAUNCH_READY,yes,yes,published,decisionScore=100,LAUNCH_READY
/reviews/nathan-pinnacle-12,review,,LAUNCH_READY,yes,yes,published,decisionScore=100,LAUNCH_READY
/reviews/nathan-softflask-18oz,review,,LAUNCH_READY,yes,yes,published,decisionScore=100,LAUNCH_READY
/reviews/nathan-speeddraw-plus-insulated-18oz,review,,LAUNCH_READY,yes,yes,published,decisionScore=100,LAUNCH_READY
/reviews/nathan-streak-reflective-vest,review,,LAUNCH_READY,yes,yes,published,decisionScore=100,LAUNCH_READY
/reviews/nathan-vaporair-2,review,,LAUNCH_READY,yes,yes,published,decisionScore=100,LAUNCH_READY
/reviews/nathan-vaporair-4,review,,LAUNCH_READY,yes,yes,published,decisionScore=100,LAUNCH_READY
/reviews/nathan-zippered-stash,review,,LAUNCH_READY,yes,yes,published,decisionScore=100,LAUNCH_READY
/reviews/nathan-zipster-lite,review,,LAUNCH_READY,yes,yes,published,decisionScore=100,LAUNCH_READY
/reviews/nb-rc-essential-short-men,review,,LAUNCH_READY,yes,yes,published,decisionScore=100,LAUNCH_READY
/reviews/neversecond-c30-gel,review,,LAUNCH_READY,yes,yes,published,decisionScore=100,LAUNCH_READY
/reviews/neversecond-c30-sports-drink,review,,LAUNCH_READY,yes,yes,published,decisionScore=100,LAUNCH_READY
/reviews/new-balance-fresh-foam-x-1080-v13,review,,LAUNCH_READY,yes,yes,published,decisionScore=100,LAUNCH_READY
/reviews/new-balance-fresh-foam-x-1080-v14,review,,LAUNCH_READY,yes,yes,published,decisionScore=100,LAUNCH_READY
/reviews/new-balance-fresh-foam-x-860-v14,review,,LAUNCH_READY,yes,yes,published,decisionScore=100,LAUNCH_READY
/reviews/new-balance-fresh-foam-x-hierro-v9,review,,LAUNCH_READY,yes,yes,published,decisionScore=100,LAUNCH_READY
/reviews/new-balance-fuelcell-rebel-v4,review,,LAUNCH_READY,yes,yes,published,decisionScore=100,LAUNCH_READY
/reviews/new-balance-fuelcell-rebel-v5,review,,LAUNCH_READY,yes,yes,published,decisionScore=100,LAUNCH_READY
/reviews/new-balance-fuelcell-supercomp-elite-v4,review,,LAUNCH_READY,yes,yes,published,decisionScore=100,LAUNCH_READY
/reviews/new-balance-fuelcell-supercomp-trainer-v3,review,,LAUNCH_READY,yes,yes,published,decisionScore=100,LAUNCH_READY
/reviews/nike-aerobill-cap,review,,LAUNCH_READY,yes,yes,published,decisionScore=100,LAUNCH_READY
/reviews/nike-aeroswift-singlet-men,review,,LAUNCH_READY,yes,yes,published,decisionScore=100,LAUNCH_READY
/reviews/nike-alphafly-3,review,,LAUNCH_READY,yes,yes,published,decisionScore=100,LAUNCH_READY
/reviews/nike-dri-fit-miler-men,review,,LAUNCH_READY,yes,yes,published,decisionScore=100,LAUNCH_READY
/reviews/nike-dri-fit-miler-women,review,,LAUNCH_READY,yes,yes,published,decisionScore=100,LAUNCH_READY
/reviews/nike-dri-fit-stride-short,review,,LAUNCH_READY,yes,yes,published,decisionScore=100,LAUNCH_READY
/reviews/nike-fast-tight-men,review,,LAUNCH_READY,yes,yes,published,decisionScore=100,LAUNCH_READY
/reviews/nike-impossibly-light-men,review,,LAUNCH_READY,yes,yes,published,decisionScore=100,LAUNCH_READY
/reviews/nike-invincible-3,review,,LAUNCH_READY,yes,yes,published,decisionScore=100,LAUNCH_READY
/reviews/nike-pegasus-41,review,,LAUNCH_READY,yes,yes,published,decisionScore=100,LAUNCH_READY
/reviews/nike-pegasus-42,review,,LAUNCH_READY,yes,yes,published,decisionScore=100,LAUNCH_READY
/reviews/nike-pegasus-trail-5,review,,LAUNCH_READY,yes,yes,published,decisionScore=100,LAUNCH_READY
/reviews/nike-react-infinity-run-4,review,,LAUNCH_READY,yes,yes,published,decisionScore=100,LAUNCH_READY
/reviews/nike-structure-26,review,,LAUNCH_READY,yes,yes,published,decisionScore=100,LAUNCH_READY
/reviews/nike-structure-plus,review,,LAUNCH_READY,yes,yes,published,decisionScore=100,LAUNCH_READY
/reviews/nike-swoosh-medium-support,review,,LAUNCH_READY,yes,yes,published,decisionScore=100,LAUNCH_READY
/reviews/nike-therma-fit-glove,review,,LAUNCH_READY,yes,yes,published,decisionScore=100,LAUNCH_READY
/reviews/nike-vaporfly-4,review,,LAUNCH_READY,yes,yes,published,decisionScore=100,LAUNCH_READY
/reviews/nike-vomero-18,review,,LAUNCH_READY,yes,yes,published,decisionScore=100,LAUNCH_READY
/reviews/nitecore-nu43,review,,LAUNCH_READY,yes,yes,published,decisionScore=100,LAUNCH_READY
/reviews/nnormal-race-vest,review,,LAUNCH_READY,yes,yes,published,decisionScore=100,LAUNCH_READY
/reviews/nuun-sport,review,,LAUNCH_READY,yes,yes,published,decisionScore=100,LAUNCH_READY
/reviews/oakley-encoder,review,,LAUNCH_READY,yes,yes,published,decisionScore=100,LAUNCH_READY
/reviews/oakley-flak-2-0-xl,review,,LAUNCH_READY,yes,yes,published,decisionScore=100,LAUNCH_READY
/reviews/oakley-kato,review,,LAUNCH_READY,yes,yes,published,decisionScore=100,LAUNCH_READY
/reviews/oakley-radar-ev-path,review,,LAUNCH_READY,yes,yes,published,decisionScore=100,LAUNCH_READY
/reviews/oakley-sutro-lite,review,,LAUNCH_READY,yes,yes,published,decisionScore=100,LAUNCH_READY
/reviews/odlo-active-warm-eco-bottom-men,review,,LAUNCH_READY,yes,yes,published,decisionScore=100,LAUNCH_READY
/reviews/odlo-active-warm-eco-men,review,,LAUNCH_READY,yes,yes,published,decisionScore=100,LAUNCH_READY
/reviews/on-cloudmonster-2,review,,LAUNCH_READY,yes,yes,published,decisionScore=100,LAUNCH_READY
/reviews/on-cloudmonster-hyper,review,,LAUNCH_READY,yes,yes,published,decisionScore=100,LAUNCH_READY
/reviews/on-cloudsurfer-2,review,,LAUNCH_READY,yes,yes,published,decisionScore=100,LAUNCH_READY
/reviews/on-cloudsurfer-next,review,,LAUNCH_READY,yes,yes,published,decisionScore=100,LAUNCH_READY
/reviews/on-performance-short-men,review,,LAUNCH_READY,yes,yes,published,decisionScore=100,LAUNCH_READY
/reviews/on-performance-tight-women,review,,LAUNCH_READY,yes,yes,published,decisionScore=100,LAUNCH_READY
/reviews/on-ultra-vest-pro,review,,LAUNCH_READY,yes,yes,published,decisionScore=100,LAUNCH_READY
/reviews/on-weather-jacket-men,review,,LAUNCH_READY,yes,yes,published,decisionScore=100,LAUNCH_READY
/reviews/oofos-oolala,review,,LAUNCH_READY,yes,yes,published,decisionScore=100,LAUNCH_READY
/reviews/oofos-ooriginal,review,,LAUNCH_READY,yes,yes,published,decisionScore=100,LAUNCH_READY
/reviews/osprey-duro-15,review,,LAUNCH_READY,yes,yes,published,decisionScore=100,LAUNCH_READY
/reviews/osprey-duro-6,review,,LAUNCH_READY,yes,yes,published,decisionScore=100,LAUNCH_READY
/reviews/osprey-duro-lt,review,,LAUNCH_READY,yes,yes,published,decisionScore=100,LAUNCH_READY
/reviews/osprey-dyna-6,review,,LAUNCH_READY,yes,yes,published,decisionScore=100,LAUNCH_READY
/reviews/osprey-dyna-lt,review,,LAUNCH_READY,yes,yes,published,decisionScore=100,LAUNCH_READY
/reviews/osprey-hydraulics-lt-15,review,,LAUNCH_READY,yes,yes,published,decisionScore=100,LAUNCH_READY
/reviews/osprey-talon-velocity-20,review,,LAUNCH_READY,yes,yes,published,decisionScore=100,LAUNCH_READY
/reviews/osprey-talon-velocity-30,review,,LAUNCH_READY,yes,yes,published,decisionScore=100,LAUNCH_READY
/reviews/osprey-tempest-velocity-20,review,,LAUNCH_READY,yes,yes,published,decisionScore=100,LAUNCH_READY
/reviews/patagonia-capilene-cool-daily-men,review,,LAUNCH_READY,yes,yes,published,decisionScore=100,LAUNCH_READY
/reviews/patagonia-capilene-midweight-zip-men,review,,LAUNCH_READY,yes,yes,published,decisionScore=100,LAUNCH_READY
/reviews/patagonia-capilene-thermal-crew-men,review,,LAUNCH_READY,yes,yes,published,decisionScore=100,LAUNCH_READY
/reviews/patagonia-endless-run-tight-women,review,,LAUNCH_READY,yes,yes,published,decisionScore=100,LAUNCH_READY
/reviews/patagonia-houdini-men,review,,LAUNCH_READY,yes,yes,published,decisionScore=100,LAUNCH_READY
/reviews/patagonia-nano-puff-vest-men,review,,LAUNCH_READY,yes,yes,published,decisionScore=100,LAUNCH_READY
/reviews/patagonia-strider-pro-men,review,,LAUNCH_READY,yes,yes,published,decisionScore=100,LAUNCH_READY
/reviews/patagonia-trailfarer-short-women,review,,LAUNCH_READY,yes,yes,published,decisionScore=100,LAUNCH_READY
/reviews/petzl-actik-core,review,,LAUNCH_READY,yes,yes,published,decisionScore=100,LAUNCH_READY
/reviews/petzl-nao-rl,review,,LAUNCH_READY,yes,yes,published,decisionScore=100,LAUNCH_READY
/reviews/petzl-swift-rl,review,,LAUNCH_READY,yes,yes,published,decisionScore=100,LAUNCH_READY
/reviews/polar-grit-x2,review,,LAUNCH_READY,yes,yes,published,decisionScore=100,LAUNCH_READY
/reviews/polar-h10,review,,LAUNCH_READY,yes,yes,published,decisionScore=100,LAUNCH_READY
/reviews/polar-h9,review,,LAUNCH_READY,yes,yes,published,decisionScore=100,LAUNCH_READY
/reviews/polar-pacer,review,,LAUNCH_READY,yes,yes,published,decisionScore=100,LAUNCH_READY
/reviews/polar-pacer-pro,review,,LAUNCH_READY,yes,yes,published,decisionScore=100,LAUNCH_READY
/reviews/polar-vantage-v3,review,,LAUNCH_READY,yes,yes,published,decisionScore=100,LAUNCH_READY
/reviews/polar-verity-sense,review,,LAUNCH_READY,yes,yes,published,decisionScore=100,LAUNCH_READY
/reviews/powerbar-energize,review,,LAUNCH_READY,yes,yes,published,decisionScore=100,LAUNCH_READY
/reviews/precision-pf30-drink-mix,review,,LAUNCH_READY,yes,yes,published,decisionScore=100,LAUNCH_READY
/reviews/precision-pf30-gel,review,,LAUNCH_READY,yes,yes,published,decisionScore=100,LAUNCH_READY
/reviews/precision-ph1500,review,,LAUNCH_READY,yes,yes,published,decisionScore=100,LAUNCH_READY
/reviews/proviz-reflect360-running-vest,review,,LAUNCH_READY,yes,yes,published,decisionScore=100,LAUNCH_READY
/reviews/puma-deviate-nitro-3,review,,LAUNCH_READY,yes,yes,published,decisionScore=100,LAUNCH_READY
/reviews/puma-magnify-nitro-2,review,,LAUNCH_READY,yes,yes,published,decisionScore=100,LAUNCH_READY
/reviews/rabbit-fuel-n-fly-men,review,,LAUNCH_READY,yes,yes,published,decisionScore=100,LAUNCH_READY
/reviews/roka-phantom-air,review,,LAUNCH_READY,yes,yes,published,decisionScore=100,LAUNCH_READY
/reviews/rudy-project-cutline,review,,LAUNCH_READY,yes,yes,published,decisionScore=100,LAUNCH_READY
/reviews/salomon-adv-skin-12,review,,LAUNCH_READY,yes,yes,published,decisionScore=100,LAUNCH_READY
/reviews/salomon-adv-skin-5,review,,LAUNCH_READY,yes,yes,published,decisionScore=100,LAUNCH_READY
/reviews/salomon-aero-glide-2,review,,LAUNCH_READY,yes,yes,published,decisionScore=100,LAUNCH_READY
/reviews/salomon-bonatti-wp-men,review,,LAUNCH_READY,yes,yes,published,decisionScore=100,LAUNCH_READY
/reviews/salomon-bonatti-wp-women,review,,LAUNCH_READY,yes,yes,published,decisionScore=100,LAUNCH_READY
/reviews/salomon-custom-quiver,review,,LAUNCH_READY,yes,yes,published,decisionScore=100,LAUNCH_READY
/reviews/salomon-genesis,review,,LAUNCH_READY,yes,yes,published,decisionScore=100,LAUNCH_READY
/reviews/salomon-pulsar-trail-2,review,,LAUNCH_READY,yes,yes,published,decisionScore=100,LAUNCH_READY
/reviews/salomon-pulse-belt,review,,LAUNCH_READY,yes,yes,published,decisionScore=100,LAUNCH_READY
/reviews/salomon-sense-ride-5,review,,LAUNCH_READY,yes,yes,published,decisionScore=100,LAUNCH_READY
/reviews/salomon-soft-flask-500,review,,LAUNCH_READY,yes,yes,published,decisionScore=100,LAUNCH_READY
/reviews/salomon-soft-flask-speed-500,review,,LAUNCH_READY,yes,yes,published,decisionScore=100,LAUNCH_READY
/reviews/salomon-soft-reservoir-15,review,,LAUNCH_READY,yes,yes,published,decisionScore=100,LAUNCH_READY
/reviews/salomon-ultra-glide-2,review,,LAUNCH_READY,yes,yes,published,decisionScore=100,LAUNCH_READY
/reviews/salomon-xa-15,review,,LAUNCH_READY,yes,yes,published,decisionScore=100,LAUNCH_READY
/reviews/saltstick-caps,review,,LAUNCH_READY,yes,yes,published,decisionScore=100,LAUNCH_READY
/reviews/saltstick-fastchews,review,,LAUNCH_READY,yes,yes,published,decisionScore=100,LAUNCH_READY
/reviews/samsung-galaxy-watch-ultra,review,,LAUNCH_READY,yes,yes,published,decisionScore=100,LAUNCH_READY
/reviews/saucony-endorphin-pro-3,review,,LAUNCH_READY,yes,yes,published,decisionScore=100,LAUNCH_READY
/reviews/saucony-endorphin-pro-4,review,,LAUNCH_READY,yes,yes,published,decisionScore=100,LAUNCH_READY
/reviews/saucony-endorphin-speed-4,review,,LAUNCH_READY,yes,yes,published,decisionScore=100,LAUNCH_READY
/reviews/saucony-endorphin-speed-5,review,,LAUNCH_READY,yes,yes,published,decisionScore=100,LAUNCH_READY
/reviews/saucony-guide-18,review,,LAUNCH_READY,yes,yes,published,decisionScore=100,LAUNCH_READY
/reviews/saucony-peregrine-15,review,,LAUNCH_READY,yes,yes,published,decisionScore=100,LAUNCH_READY
/reviews/saucony-ride-18,review,,LAUNCH_READY,yes,yes,published,decisionScore=100,LAUNCH_READY
/reviews/saucony-triumph-22,review,,LAUNCH_READY,yes,yes,published,decisionScore=100,LAUNCH_READY
/reviews/saucony-xodus-ultra-3,review,,LAUNCH_READY,yes,yes,published,decisionScore=100,LAUNCH_READY
/reviews/scosche-rhythm-plus-2,review,,LAUNCH_READY,yes,yes,published,decisionScore=100,LAUNCH_READY
/reviews/scosche-rhythm24,review,,LAUNCH_READY,yes,yes,published,decisionScore=100,LAUNCH_READY
/reviews/shokz-opendots-one,review,,LAUNCH_READY,yes,yes,published,decisionScore=100,LAUNCH_READY
/reviews/shokz-openfit-2,review,,LAUNCH_READY,yes,yes,published,decisionScore=100,LAUNCH_READY
/reviews/shokz-openrun,review,,LAUNCH_READY,yes,yes,published,decisionScore=100,LAUNCH_READY
/reviews/shokz-openrun-pro-2,review,,LAUNCH_READY,yes,yes,published,decisionScore=100,LAUNCH_READY
/reviews/silva-trail-runner-free-2,review,,LAUNCH_READY,yes,yes,published,decisionScore=100,LAUNCH_READY
/reviews/sis-beta-fuel-drink,review,,LAUNCH_READY,yes,yes,published,decisionScore=100,LAUNCH_READY
/reviews/sis-beta-fuel-gel,review,,LAUNCH_READY,yes,yes,published,decisionScore=100,LAUNCH_READY
/reviews/sis-go-isotonic-gel,review,,LAUNCH_READY,yes,yes,published,decisionScore=100,LAUNCH_READY
/reviews/skratch-sport-energy-chews,review,,LAUNCH_READY,yes,yes,published,decisionScore=100,LAUNCH_READY
/reviews/skratch-sport-hydration-mix,review,,LAUNCH_READY,yes,yes,published,decisionScore=100,LAUNCH_READY
/reviews/smartwool-run-targeted-cushion,review,,LAUNCH_READY,yes,yes,published,decisionScore=100,LAUNCH_READY
/reviews/smartwool-thermal-merino-glove,review,,LAUNCH_READY,yes,yes,published,decisionScore=100,LAUNCH_READY
/reviews/smith-attack-mag,review,,LAUNCH_READY,yes,yes,published,decisionScore=100,LAUNCH_READY
/reviews/smith-shift-mag,review,,LAUNCH_READY,yes,yes,published,decisionScore=100,LAUNCH_READY
/reviews/soundcore-aerofit-2,review,,LAUNCH_READY,yes,yes,published,decisionScore=100,LAUNCH_READY
/reviews/soundcore-sport-x20,review,,LAUNCH_READY,yes,yes,published,decisionScore=100,LAUNCH_READY
/reviews/spibelt-original,review,,LAUNCH_READY,yes,yes,published,decisionScore=100,LAUNCH_READY
/reviews/spring-energy-awesome-sauce,review,,LAUNCH_READY,yes,yes,published,decisionScore=100,LAUNCH_READY
/reviews/squirrels-nut-butter,review,,LAUNCH_READY,yes,yes,published,decisionScore=100,LAUNCH_READY
/reviews/styrkr-gel30,review,,LAUNCH_READY,yes,yes,published,decisionScore=100,LAUNCH_READY
/reviews/styrkr-mix90,review,,LAUNCH_READY,yes,yes,published,decisionScore=100,LAUNCH_READY
/reviews/suunto-race,review,,LAUNCH_READY,yes,yes,published,decisionScore=100,LAUNCH_READY
/reviews/suunto-race-s,review,,LAUNCH_READY,yes,yes,published,decisionScore=100,LAUNCH_READY
/reviews/suunto-run,review,,LAUNCH_READY,yes,yes,published,decisionScore=100,LAUNCH_READY
/reviews/suunto-smart-heart-rate-belt,review,,LAUNCH_READY,yes,yes,published,decisionScore=100,LAUNCH_READY
/reviews/suunto-vertical-2,review,,LAUNCH_READY,yes,yes,published,decisionScore=100,LAUNCH_READY
/reviews/suunto-wing,review,,LAUNCH_READY,yes,yes,published,decisionScore=100,LAUNCH_READY
/reviews/swiftwick-aspire-four,review,,LAUNCH_READY,yes,yes,published,decisionScore=100,LAUNCH_READY
/reviews/tailwind-endurance-fuel,review,,LAUNCH_READY,yes,yes,published,decisionScore=100,LAUNCH_READY
/reviews/therabody-theragun-mini-2,review,,LAUNCH_READY,yes,yes,published,decisionScore=100,LAUNCH_READY
/reviews/therabody-theragun-prime,review,,LAUNCH_READY,yes,yes,published,decisionScore=100,LAUNCH_READY
/reviews/therabody-theragun-pro,review,,LAUNCH_READY,yes,yes,published,decisionScore=100,LAUNCH_READY
/reviews/tifosi-rail,review,,LAUNCH_READY,yes,yes,published,decisionScore=100,LAUNCH_READY
/reviews/tifosi-vogel,review,,LAUNCH_READY,yes,yes,published,decisionScore=100,LAUNCH_READY
/reviews/topo-athletic-phantom-3,review,,LAUNCH_READY,yes,yes,published,decisionScore=100,LAUNCH_READY
/reviews/topo-athletic-specter-2,review,,LAUNCH_READY,yes,yes,published,decisionScore=100,LAUNCH_READY
/reviews/topo-athletic-terraventure-5,review,,LAUNCH_READY,yes,yes,published,decisionScore=100,LAUNCH_READY
/reviews/tracksmith-brighton-ls-men,review,,LAUNCH_READY,yes,yes,published,decisionScore=100,LAUNCH_READY
/reviews/tracksmith-session-short-men,review,,LAUNCH_READY,yes,yes,published,decisionScore=100,LAUNCH_READY
/reviews/tracksmith-session-short-women,review,,LAUNCH_READY,yes,yes,published,decisionScore=100,LAUNCH_READY
/reviews/tracksmith-turnover-tight-women,review,,LAUNCH_READY,yes,yes,published,decisionScore=100,LAUNCH_READY
/reviews/tracksmith-twilight-half-men,review,,LAUNCH_READY,yes,yes,published,decisionScore=100,LAUNCH_READY
/reviews/tracksmith-van-cortlandt-tee-men,review,,LAUNCH_READY,yes,yes,published,decisionScore=100,LAUNCH_READY
/reviews/triggerpoint-grid-travel,review,,LAUNCH_READY,yes,yes,published,decisionScore=100,LAUNCH_READY
/reviews/triggerpoint-grid-x,review,,LAUNCH_READY,yes,yes,published,decisionScore=100,LAUNCH_READY
/reviews/ultimate-direction-adventure-vest,review,,LAUNCH_READY,yes,yes,published,decisionScore=100,LAUNCH_READY
/reviews/ultimate-direction-body-bottle-500,review,,LAUNCH_READY,yes,yes,published,decisionScore=100,LAUNCH_READY
/reviews/ultimate-direction-fastpack-20,review,,LAUNCH_READY,yes,yes,published,decisionScore=100,LAUNCH_READY
/reviews/ultimate-direction-fastpack-30,review,,LAUNCH_READY,yes,yes,published,decisionScore=100,LAUNCH_READY
/reviews/ultimate-direction-fastpack-her-20,review,,LAUNCH_READY,yes,yes,published,decisionScore=100,LAUNCH_READY
/reviews/ultimate-direction-race-belt,review,,LAUNCH_READY,yes,yes,published,decisionScore=100,LAUNCH_READY
/reviews/ultimate-direction-race-vest-6,review,,LAUNCH_READY,yes,yes,published,decisionScore=100,LAUNCH_READY
/reviews/ultimate-direction-ultra-belt,review,,LAUNCH_READY,yes,yes,published,decisionScore=100,LAUNCH_READY
/reviews/ultimate-direction-utility-bag,review,,LAUNCH_READY,yes,yes,published,decisionScore=100,LAUNCH_READY
/reviews/ultraspire-alpha-6,review,,LAUNCH_READY,yes,yes,published,decisionScore=100,LAUNCH_READY
/reviews/ultraspire-fitted-race-belt-2,review,,LAUNCH_READY,yes,yes,published,decisionScore=100,LAUNCH_READY
/reviews/ultraspire-spry-5,review,,LAUNCH_READY,yes,yes,published,decisionScore=100,LAUNCH_READY
/reviews/uswe-pace-8,review,,LAUNCH_READY,yes,yes,published,decisionScore=100,LAUNCH_READY
/reviews/veloforte-energy-bar,review,,LAUNCH_READY,yes,yes,published,decisionScore=100,LAUNCH_READY
/reviews/veloforte-energy-chews,review,,LAUNCH_READY,yes,yes,published,decisionScore=100,LAUNCH_READY
/reviews/wahoo-tickr,review,,LAUNCH_READY,yes,yes,published,decisionScore=100,LAUNCH_READY
/reviews/wahoo-tickr-fit,review,,LAUNCH_READY,yes,yes,published,decisionScore=100,LAUNCH_READY
/reviews/wahoo-tickr-x,review,,LAUNCH_READY,yes,yes,published,decisionScore=100,LAUNCH_READY
/reviews/wahoo-trackr,review,,LAUNCH_READY,yes,yes,published,decisionScore=100,LAUNCH_READY
/reviews/wrightsock-coolmesh-ii,review,,LAUNCH_READY,yes,yes,published,decisionScore=100,LAUNCH_READY
/running/accessories,category,running,has_config,yes,yes,published,vertical_enabled:running,other
/running/belts,category,running,has_config,yes,yes,published,vertical_enabled:running,other
/running/clothing,category,running,has_config,yes,yes,published,vertical_enabled:running,other
/running/headphones,category,running,has_config,yes,yes,published,vertical_enabled:running,other
/running/heart-rate-monitors,category,running,has_config,yes,yes,published,vertical_enabled:running,other
/running/hydration,category,running,has_config,yes,yes,published,vertical_enabled:running,other
/running/lights,category,running,has_config,yes,yes,published,vertical_enabled:running,other
/running/nutrition,category,running,has_config,yes,yes,published,vertical_enabled:running,other
/running/packs,category,running,has_config,yes,yes,published,vertical_enabled:running,other
/running/recovery,category,running,no_config,yes,no,published,sport_not_live:coming-soon,other
/running/safety,category,running,has_config,yes,yes,published,vertical_enabled:running,other
/running/shoes,category,running,has_config,yes,yes,published,vertical_enabled:running,other
/running/socks,category,running,has_config,yes,yes,published,vertical_enabled:running,other
/running/sunglasses,category,running,has_config,yes,yes,published,vertical_enabled:running,other
/running/watches,category,running,has_config,yes,yes,published,vertical_enabled:running,other
/tools/fitness-watch-finder,tool,running,available,yes,yes,published,tool_available,tool_available
/tools/race-time-predictor,tool,running,available,yes,yes,published,tool_available,tool_available
/tools/running-accessories-finder,tool,running,available,yes,yes,published,tool_available,tool_available
/tools/running-clothing-finder,tool,running,available,yes,yes,published,tool_available,tool_available
/tools/running-fuel-finder,tool,running,available,yes,yes,published,tool_available,tool_available
/tools/running-hrm-finder,tool,running,available,yes,yes,published,tool_available,tool_available
/tools/running-hydration-finder,tool,running,available,yes,yes,published,tool_available,tool_available
/tools/running-pace-calculator,tool,running,available,yes,yes,published,tool_available,tool_available
/tools/running-recovery-finder,tool,running,available,yes,yes,published,tool_available,tool_available
/tools/running-shoe-finder,tool,running,available,yes,yes,published,tool_available,tool_available
/tools/shoe-rotation-planner,tool,running,available,yes,yes,published,tool_available,tool_available
