src,bytes,mb,usage,productHint
/images/packs/products/on-ultra-vest-pro/gallery/rear-3.png,15390062,14.68,gallery,on-ultra-vest-pro
/images/packs/products/on-ultra-vest-pro/gallery/detail-2.png,12772609,12.18,gallery,on-ultra-vest-pro
/images/packs/products/on-ultra-vest-pro/gallery/side-1.png,8751188,8.35,gallery,on-ultra-vest-pro
/images/packs/products/on-ultra-vest-pro-hero.png,8751188,8.35,hero,on-ultra-vest-pro-hero.png
/images/running/products/glycerin-22-hero.png,5447640,5.20,hero,glycerin-22-hero.png
/images/watches/products/amazfit-t-rex-3-pro-hero.png,4095885,3.91,hero,amazfit-t-rex-3-pro-hero.png
/images/running/qa/guides-hub-running-1440-full.png,3931038,3.75,other,
/images/running/qa/product-category-shoes-1440.png,3856189,3.68,other,
/images/running/reviews/review-trail-vs-road-surfaces.jpg,3665051,3.50,review-section,
/images/watches/products/coros-apex-2-pro/gallery/rear-3.png,3502053,3.34,gallery,coros-apex-2-pro
/images/watches/products/coros-apex-2-pro/gallery/detail-2.png,3436350,3.28,gallery,coros-apex-2-pro
/images/running/qa/check-glycerin.png,3312198,3.16,other,
/images/running/products/ghost-16-hero.png,3175418,3.03,hero,ghost-16-hero.png
/images/running/reviews/review-trail-stability-descent.jpg,3091955,2.95,review-section,
/images/running/products/hyperion-max-2-hero.png,2815773,2.69,hero,hyperion-max-2-hero.png
/images/home/guide-running-shoes.jpg,2791125,2.66,editorial,
/images/padel/guides/choose-shoes.jpg,2791125,2.66,editorial,
/images/home/products/nathan-vaporair-4/sections/value.png,2783860,2.65,review-section,nathan-vaporair-4
/images/packs/products/nathan-vaporair-4/sections/value.png,2783860,2.65,review-section,nathan-vaporair-4
/images/running/products/nathan-vaporair-4/sections/value.png,2783860,2.65,review-section,nathan-vaporair-4
/images/running/products/ghost-18-hero.png,2751396,2.62,hero,ghost-18-hero.png
/images/running/products/ghost-18.png,2751396,2.62,other,ghost-18.png
/images/hrm/products/coros-heart-rate-monitor/gallery/detail-2.png,2747786,2.62,gallery,coros-heart-rate-monitor
/images/hrm/products/coros-heart-rate-monitor/gallery/rear-3.png,2718239,2.59,gallery,coros-heart-rate-monitor
/images/home/products/nathan-vaporair-4/sections/specs.png,2699687,2.57,review-section,nathan-vaporair-4
/images/packs/products/nathan-vaporair-4/sections/specs.png,2699687,2.57,review-section,nathan-vaporair-4
/images/running/products/nathan-vaporair-4/sections/specs.png,2699687,2.57,review-section,nathan-vaporair-4
/images/running/reviews/review-trail-muddy-grip.jpg,2671448,2.55,review-section,
/images/running/products/nike-vomero-18/sections/upper.png,2658283,2.54,review-section,nike-vomero-18
/images/running/accessories/blackroll-pro-hero.png,2654252,2.53,hero,blackroll-pro
/images/running/reviews/review-verified-specs-flatlay.jpg,2643091,2.52,review-section,
/images/padel/products/babolat-counter-viper-hero.png,2581957,2.46,hero,babolat-counter-viper-hero.png
/images/running/reviews/review-midsole-cushion-stack.jpg,2543460,2.43,review-section,
/images/hrm/products/coros-heart-rate-monitor/gallery/side-1.png,2535631,2.42,gallery,coros-heart-rate-monitor
/images/hrm/products/coros-heart-rate-monitor-hero.png,2535631,2.42,hero,coros-heart-rate-monitor-hero.png
/images/home/products/nathan-vaporair-4/sections/overview.png,2486072,2.37,review-section,nathan-vaporair-4
/images/packs/products/nathan-vaporair-4/sections/overview.png,2486072,2.37,review-section,nathan-vaporair-4
/images/running/products/nathan-vaporair-4/sections/overview.png,2486072,2.37,review-section,nathan-vaporair-4
/images/running/products/nike-vomero-18-upper.png,2476584,2.36,other,nike-vomero-18-upper.png
/images/home/products/nathan-vaporair-4/sections/fit.png,2440792,2.33,review-section,nathan-vaporair-4
/images/packs/products/nathan-vaporair-4/sections/fit.png,2440792,2.33,review-section,nathan-vaporair-4
/images/running/products/nathan-vaporair-4/sections/fit.png,2440792,2.33,review-section,nathan-vaporair-4
/images/running/products/nike-vomero-18/sections/durability.png,2423533,2.31,review-section,nike-vomero-18
/images/fitness/products/mirafit-battle-rope/sections/specs.png,2401714,2.29,review-section,mirafit-battle-rope
/images/home/products/mirafit-battle-rope/sections/specs.png,2401714,2.29,review-section,mirafit-battle-rope
/images/home/products/nathan-vaporair-4/sections/usecase.png,2396118,2.29,review-section,nathan-vaporair-4
/images/packs/products/nathan-vaporair-4/sections/usecase.png,2396118,2.29,review-section,nathan-vaporair-4
/images/running/products/nathan-vaporair-4/sections/usecase.png,2396118,2.29,review-section,nathan-vaporair-4
/images/hydration/products/salomon-soft-flask-speed-500-hero.png,2394746,2.28,hero,salomon-soft-flask-speed-500-hero.png
/images/running/reviews/review-shoe-fit-lockdown.jpg,2385472,2.27,review-section,
/images/fitness/products/mirafit-battle-rope/sections/value.png,2382477,2.27,review-section,mirafit-battle-rope
/images/home/products/mirafit-battle-rope/sections/value.png,2382477,2.27,review-section,mirafit-battle-rope
/images/running/products/nike-vomero-18-fit.png,2355549,2.25,other,nike-vomero-18-fit.png
/images/padel/products/wilson-bela-pro-hero.png,2353983,2.24,hero,wilson-bela-pro-hero.png
/images/home/products/nathan-vaporair-4/sections/performance.png,2307937,2.20,review-section,nathan-vaporair-4
/images/packs/products/nathan-vaporair-4/sections/performance.png,2307937,2.20,review-section,nathan-vaporair-4
/images/running/products/nathan-vaporair-4/sections/performance.png,2307937,2.20,review-section,nathan-vaporair-4
/images/fitness/products/mirafit-battle-rope/sections/fit.png,2305318,2.20,review-section,mirafit-battle-rope
/images/home/products/mirafit-battle-rope/sections/fit.png,2305318,2.20,review-section,mirafit-battle-rope
/images/watches/products/coros-pace-3/gallery/side-1.png,2287542,2.18,gallery,coros-pace-3
/images/padel/products/babolat-technical-viper-hero.png,2277065,2.17,hero,babolat-technical-viper-hero.png
/images/running/products/brooks-cascadia-18/sections/value.png,2275008,2.17,review-section,brooks-cascadia-18
/images/running/products/nike-vomero-18/sections/specs.png,2264930,2.16,review-section,nike-vomero-18
/images/running/products/salomon-genesis/sections/value.png,2253630,2.15,review-section,salomon-genesis
/images/running/products/ua-tribase-reign-6/sections/overview.png,2251540,2.15,review-section,ua-tribase-reign-6
/images/training/products/ua-tribase-reign-6/sections/overview.png,2251540,2.15,review-section,ua-tribase-reign-6
/images/running/products/ua-tribase-reign-6/sections/usecase.png,2247178,2.14,review-section,ua-tribase-reign-6
/images/training/products/ua-tribase-reign-6/sections/usecase.png,2247178,2.14,review-section,ua-tribase-reign-6
/images/watches/products/coros-apex-2-pro/gallery/top-4.png,2246208,2.14,gallery,coros-apex-2-pro
/images/running/products/ua-tribase-reign-6/sections/assessment.png,2217591,2.11,review-section,ua-tribase-reign-6
/images/training/products/ua-tribase-reign-6/sections/assessment.png,2217591,2.11,review-section,ua-tribase-reign-6
/images/watches/products/coros-pace-3/gallery/rear-3.png,2210613,2.11,gallery,coros-pace-3
/images/running/products/ua-tribase-reign-6/sections/specs.png,2198896,2.10,review-section,ua-tribase-reign-6
/images/training/products/ua-tribase-reign-6/sections/specs.png,2198896,2.10,review-section,ua-tribase-reign-6
/images/running/products/salomon-genesis/sections/fit.png,2193867,2.09,review-section,salomon-genesis
/images/home/guide-how-to-choose.jpg,2184056,2.08,editorial,
/images/padel/guides/choose-racket.jpg,2184056,2.08,editorial,
/images/running/products/salomon-genesis/sections/upper.png,2169203,2.07,review-section,salomon-genesis
/images/running/products/saucony-xodus-ultra-3/sections/value.png,2159474,2.06,review-section,saucony-xodus-ultra-3
/images/running/products/topo-athletic-terraventure-5/sections/value.png,2153930,2.05,review-section,topo-athletic-terraventure-5
/images/running/products/saucony-guide-18/sections/value.png,2152247,2.05,review-section,saucony-guide-18
/images/running/products/ua-tribase-reign-6/sections/performance.png,2148554,2.05,review-section,ua-tribase-reign-6
/images/training/products/ua-tribase-reign-6/sections/performance.png,2148554,2.05,review-section,ua-tribase-reign-6
/images/running/products/ua-tribase-reign-6/sections/value.png,2148398,2.05,review-section,ua-tribase-reign-6
/images/training/products/ua-tribase-reign-6/sections/value.png,2148398,2.05,review-section,ua-tribase-reign-6
/images/running/products/ua-tribase-reign-6/sections/fit.png,2148250,2.05,review-section,ua-tribase-reign-6
/images/training/products/ua-tribase-reign-6/sections/fit.png,2148250,2.05,review-section,ua-tribase-reign-6
/images/running/products/hoka-arahi-7/sections/upper.png,2146634,2.05,review-section,hoka-arahi-7
/images/running/products/brooks-cascadia-18/sections/specs.png,2146134,2.05,review-section,brooks-cascadia-18
/images/running/products/nike-metcon-9/sections/value.png,2144240,2.04,review-section,nike-metcon-9
/images/training/products/nike-metcon-9/sections/value.png,2144240,2.04,review-section,nike-metcon-9
/images/running/products/ua-tribase-reign-6/sections/stability.png,2141855,2.04,review-section,ua-tribase-reign-6
/images/training/products/ua-tribase-reign-6/sections/stability.png,2141855,2.04,review-section,ua-tribase-reign-6
/images/padel/products/asics-solution-speed-ff-3/sections/value.png,2139812,2.04,review-section,asics-solution-speed-ff-3
/images/running/products/asics-solution-speed-ff-3/sections/value.png,2139812,2.04,review-section,asics-solution-speed-ff-3
/images/tennis/products/asics-solution-speed-ff-3/sections/value.png,2139812,2.04,review-section,asics-solution-speed-ff-3
/images/running/reviews/review-research-assessment.jpg,2136477,2.04,review-section,
/images/running/products/hoka-arahi-7/sections/fit.png,2118724,2.02,review-section,hoka-arahi-7
/images/running/products/nike-vomero-18-cushioning.png,2110929,2.01,other,nike-vomero-18-cushioning.png
/images/running/products/topo-athletic-terraventure-5/sections/specs.png,2109756,2.01,review-section,topo-athletic-terraventure-5
/images/running/products/salomon-genesis/sections/specs.png,2108778,2.01,review-section,salomon-genesis
/images/running/products/hoka-gaviota-5/sections/value.png,2105240,2.01,review-section,hoka-gaviota-5
/images/running/qa/beginners-full.png,2100827,2.00,other,
/images/running/products/ua-tribase-reign-6/sections/upper.png,2099690,2.00,review-section,ua-tribase-reign-6
/images/training/products/ua-tribase-reign-6/sections/upper.png,2099690,2.00,review-section,ua-tribase-reign-6
/images/running/products/brooks-glycerin-gts-22/sections/value.png,2098895,2.00,review-section,brooks-glycerin-gts-22
/images/watches/products/coros-apex-4/sections/specs.png,2096821,2.00,review-section,coros-apex-4
/images/fitness/products/mirafit-weighted-vest/sections/value.png,2092149,2.00,review-section,mirafit-weighted-vest
/images/home/products/mirafit-weighted-vest/sections/value.png,2092149,2.00,review-section,mirafit-weighted-vest
/images/running/products/brooks-cascadia-18/sections/fit.png,2089335,1.99,review-section,brooks-cascadia-18
/images/padel/products/asics-solution-speed-ff-3/sections/specs.png,2086070,1.99,review-section,asics-solution-speed-ff-3
/images/running/products/asics-solution-speed-ff-3/sections/specs.png,2086070,1.99,review-section,asics-solution-speed-ff-3
/images/tennis/products/asics-solution-speed-ff-3/sections/specs.png,2086070,1.99,review-section,asics-solution-speed-ff-3
/images/home/hero-gear-composite.png,2083922,1.99,other,
/images/running/products/ua-tribase-reign-6/sections/ride.png,2079216,1.98,review-section,ua-tribase-reign-6
/images/training/products/ua-tribase-reign-6/sections/ride.png,2079216,1.98,review-section,ua-tribase-reign-6
/images/running/products/brooks-cascadia-18/sections/ride.png,2078892,1.98,review-section,brooks-cascadia-18
/images/running/products/new-balance-fresh-foam-x-hierro-v9/sections/value.png,2077005,1.98,review-section,new-balance-fresh-foam-x-hierro-v9
/images/running/products/saucony-xodus-ultra-3/sections/specs.png,2074689,1.98,review-section,saucony-xodus-ultra-3
/images/running/products/altra-experience-flow/sections/value.png,2069394,1.97,review-section,altra-experience-flow
/images/running/products/salomon-genesis/sections/ride.png,2067340,1.97,review-section,salomon-genesis
/images/fitness/products/rogue-plate-carrier-vest/sections/usecase.png,2066843,1.97,review-section,rogue-plate-carrier-vest
/images/home/products/rogue-plate-carrier-vest/sections/usecase.png,2066843,1.97,review-section,rogue-plate-carrier-vest
/images/running/products/asics-gel-trabuco-13/sections/specs.png,2062499,1.97,review-section,asics-gel-trabuco-13
/images/running/products/nike-pegasus-trail-5/sections/value.png,2062114,1.97,review-section,nike-pegasus-trail-5
/images/running/products/salomon-genesis/sections/assessment.png,2057455,1.96,review-section,salomon-genesis
/images/running/products/brooks-cascadia-18/sections/assessment.png,2053328,1.96,review-section,brooks-cascadia-18
/images/padel/products/babolat-jet-mach-3/sections/value.png,2053190,1.96,review-section,babolat-jet-mach-3
/images/running/products/babolat-jet-mach-3/sections/value.png,2053190,1.96,review-section,babolat-jet-mach-3
/images/tennis/products/babolat-jet-mach-3/sections/value.png,2053190,1.96,review-section,babolat-jet-mach-3
/images/fitness/products/mirafit-battle-rope/sections/performance.png,2053169,1.96,review-section,mirafit-battle-rope
/images/home/products/mirafit-battle-rope/sections/performance.png,2053169,1.96,review-section,mirafit-battle-rope
/images/running/products/topo-athletic-terraventure-5/sections/fit.png,2052425,1.96,review-section,topo-athletic-terraventure-5
/images/running/products/new-balance-fresh-foam-x-860-v14/sections/value.png,2051100,1.96,review-section,new-balance-fresh-foam-x-860-v14
/images/padel/products/asics-gel-resolution-9/sections/value.png,2051044,1.96,review-section,asics-gel-resolution-9
/images/running/products/asics-gel-resolution-9/sections/value.png,2051044,1.96,review-section,asics-gel-resolution-9
/images/tennis/products/asics-gel-resolution-9/sections/value.png,2051044,1.96,review-section,asics-gel-resolution-9
/images/padel/products/asics-solution-speed-ff-3/sections/fit.png,2048984,1.95,review-section,asics-solution-speed-ff-3
/images/running/products/asics-solution-speed-ff-3/sections/fit.png,2048984,1.95,review-section,asics-solution-speed-ff-3
/images/tennis/products/asics-solution-speed-ff-3/sections/fit.png,2048984,1.95,review-section,asics-solution-speed-ff-3
/images/watches/products/coros-pace-pro/gallery/detail-2.png,2047540,1.95,gallery,coros-pace-pro
/images/running/products/hoka-arahi-7/sections/assessment.png,2044444,1.95,review-section,hoka-arahi-7
/images/running/products/asics-gel-trabuco-13/sections/value.png,2043586,1.95,review-section,asics-gel-trabuco-13
/images/running/products/saucony-xodus-ultra-3/sections/fit.png,2043567,1.95,review-section,saucony-xodus-ultra-3
/images/home/products/ultraspire-alpha-6/sections/overview.png,2041206,1.95,review-section,ultraspire-alpha-6
/images/packs/products/ultraspire-alpha-6/sections/overview.png,2041206,1.95,review-section,ultraspire-alpha-6
/images/running/products/ultraspire-alpha-6/sections/overview.png,2041206,1.95,review-section,ultraspire-alpha-6
/images/fitness/products/rogue-plate-carrier-vest/sections/overview.png,2040155,1.95,review-section,rogue-plate-carrier-vest
/images/home/products/rogue-plate-carrier-vest/sections/overview.png,2040155,1.95,review-section,rogue-plate-carrier-vest
/images/running/products/topo-athletic-terraventure-5/sections/assessment.png,2038424,1.94,review-section,topo-athletic-terraventure-5
/images/running/products/salomon-ultra-glide-2/sections/value.png,2038318,1.94,review-section,salomon-ultra-glide-2
/images/running/products/brooks-glycerin-gts-22/sections/specs.png,2037200,1.94,review-section,brooks-glycerin-gts-22
/images/running/products/polar-verity-sense/sections/performance.png,2036871,1.94,review-section,polar-verity-sense
/images/home/products/ultraspire-alpha-6/sections/specs.png,2036427,1.94,review-section,ultraspire-alpha-6
/images/packs/products/ultraspire-alpha-6/sections/specs.png,2036427,1.94,review-section,ultraspire-alpha-6
/images/running/products/ultraspire-alpha-6/sections/specs.png,2036427,1.94,review-section,ultraspire-alpha-6
/images/running/products/saucony-guide-18/sections/specs.png,2036343,1.94,review-section,saucony-guide-18
/images/padel/products/babolat-jet-mach-3/sections/fit.png,2036256,1.94,review-section,babolat-jet-mach-3
/images/running/products/babolat-jet-mach-3/sections/fit.png,2036256,1.94,review-section,babolat-jet-mach-3
/images/tennis/products/babolat-jet-mach-3/sections/fit.png,2036256,1.94,review-section,babolat-jet-mach-3
/images/running/products/buff-merino-lightweight/sections/value.png,2034236,1.94,review-section,buff-merino-lightweight
/images/hydration/products/hydrapak-tube-kit-hero.png,2030151,1.94,hero,hydrapak-tube-kit-hero.png
/images/running/products/nike-vomero-18/sections/performance.png,2029958,1.94,review-section,nike-vomero-18
/images/home/products/ultraspire-spry-5/sections/value.png,2027688,1.93,review-section,ultraspire-spry-5
/images/packs/products/ultraspire-spry-5/sections/value.png,2027688,1.93,review-section,ultraspire-spry-5
/images/running/products/ultraspire-spry-5/sections/value.png,2027688,1.93,review-section,ultraspire-spry-5
/images/padel/products/adidas-barricade-13/sections/value.png,2026608,1.93,review-section,adidas-barricade-13
/images/running/products/adidas-barricade-13/sections/value.png,2026608,1.93,review-section,adidas-barricade-13
/images/tennis/products/adidas-barricade-13/sections/value.png,2026608,1.93,review-section,adidas-barricade-13
/images/home/products/ultraspire-alpha-6/sections/value.png,2024923,1.93,review-section,ultraspire-alpha-6
/images/packs/products/ultraspire-alpha-6/sections/value.png,2024923,1.93,review-section,ultraspire-alpha-6
/images/running/products/ultraspire-alpha-6/sections/value.png,2024923,1.93,review-section,ultraspire-alpha-6
/images/running/products/brooks-cascadia-18/sections/upper.png,2024388,1.93,review-section,brooks-cascadia-18
/images/running/products/asics-solution-speed-ff-3/sections/assessment.png,2023872,1.93,review-section,asics-solution-speed-ff-3
/images/tennis/products/asics-solution-speed-ff-3/sections/assessment.png,2023872,1.93,review-section,asics-solution-speed-ff-3
/images/running/products/babolat-jet-mach-3/sections/upper.png,2023130,1.93,review-section,babolat-jet-mach-3
/images/tennis/products/babolat-jet-mach-3/sections/upper.png,2023130,1.93,review-section,babolat-jet-mach-3
/images/running/products/hoka-arahi-7/sections/ride.png,2022004,1.93,review-section,hoka-arahi-7
/images/running/products/asics-solution-speed-ff-3/sections/ride.png,2020692,1.93,review-section,asics-solution-speed-ff-3
/images/tennis/products/asics-solution-speed-ff-3/sections/ride.png,2020692,1.93,review-section,asics-solution-speed-ff-3
/images/running/products/hoka-arahi-7/sections/value.png,2020171,1.93,review-section,hoka-arahi-7
/images/running/products/asics-gel-trabuco-13/sections/assessment.png,2019855,1.93,review-section,asics-gel-trabuco-13
/images/running/products/saucony-guide-18/sections/fit.png,2019219,1.93,review-section,saucony-guide-18
/images/running/products/nike-vomero-18/sections/cushioning.png,2018890,1.93,review-section,nike-vomero-18
/images/running/products/topo-athletic-terraventure-5/sections/ride.png,2018491,1.92,review-section,topo-athletic-terraventure-5
/images/running/products/altra-paradigm-7/sections/value.png,2017475,1.92,review-section,altra-paradigm-7
/images/running/products/new-balance-fresh-foam-x-860-v14/sections/fit.png,2017101,1.92,review-section,new-balance-fresh-foam-x-860-v14
/images/running/products/salomon-ultra-glide-2/sections/specs.png,2012262,1.92,review-section,salomon-ultra-glide-2
/images/padel/products/babolat-jet-mach-3/sections/specs.png,2009347,1.92,review-section,babolat-jet-mach-3
/images/running/products/babolat-jet-mach-3/sections/specs.png,2009347,1.92,review-section,babolat-jet-mach-3
/images/tennis/products/babolat-jet-mach-3/sections/specs.png,2009347,1.92,review-section,babolat-jet-mach-3
/images/running/products/nike-vomero-18/sections/fit.png,2007380,1.91,review-section,nike-vomero-18
/images/running/products/new-balance-fresh-foam-x-hierro-v9/sections/specs.png,2006492,1.91,review-section,new-balance-fresh-foam-x-hierro-v9
/images/running/products/nike-vomero-18-strengths.png,2005904,1.91,other,nike-vomero-18-strengths.png
/images/watches/products/garmin-fenix-8/sections/specs.png,2004726,1.91,review-section,garmin-fenix-8
/images/running/products/brooks-glycerin-gts-22/sections/fit.png,2001823,1.91,review-section,brooks-glycerin-gts-22
/images/running/products/topo-athletic-terraventure-5/sections/upper.png,2001337,1.91,review-section,topo-athletic-terraventure-5
/images/fitness/products/mirafit-battle-rope/sections/overview.png,2000807,1.91,review-section,mirafit-battle-rope
/images/home/products/mirafit-battle-rope/sections/overview.png,2000807,1.91,review-section,mirafit-battle-rope
/images/running/products/saucony-xodus-ultra-3/sections/ride.png,1998811,1.91,review-section,saucony-xodus-ultra-3
/images/home/products/ultraspire-alpha-6/sections/usecase.png,1996058,1.90,review-section,ultraspire-alpha-6
/images/packs/products/ultraspire-alpha-6/sections/usecase.png,1996058,1.90,review-section,ultraspire-alpha-6
/images/running/products/ultraspire-alpha-6/sections/usecase.png,1996058,1.90,review-section,ultraspire-alpha-6
/images/running/products/nike-metcon-9/sections/fit.png,1992336,1.90,review-section,nike-metcon-9
/images/training/products/nike-metcon-9/sections/fit.png,1992336,1.90,review-section,nike-metcon-9
/images/running/products/on-cloudsurfer-2/sections/value.png,1992287,1.90,review-section,on-cloudsurfer-2
/images/home/products/ultraspire-alpha-6/sections/fit.png,1990926,1.90,review-section,ultraspire-alpha-6
/images/packs/products/ultraspire-alpha-6/sections/fit.png,1990926,1.90,review-section,ultraspire-alpha-6
/images/running/products/ultraspire-alpha-6/sections/fit.png,1990926,1.90,review-section,ultraspire-alpha-6
/images/running/products/asics-gel-trabuco-13/sections/ride.png,1988924,1.90,review-section,asics-gel-trabuco-13
/images/running/products/altra-experience-flow/sections/specs.png,1988719,1.90,review-section,altra-experience-flow
/images/running/products/hoka-arahi-7/sections/specs.png,1988640,1.90,review-section,hoka-arahi-7
/images/running/products/tyr-cxt1-trainer/sections/value.png,1986993,1.89,review-section,tyr-cxt1-trainer
/images/training/products/tyr-cxt1-trainer/sections/value.png,1986993,1.89,review-section,tyr-cxt1-trainer
/images/running/products/nike-metcon-9/sections/specs.png,1984619,1.89,review-section,nike-metcon-9
/images/training/products/nike-metcon-9/sections/specs.png,1984619,1.89,review-section,nike-metcon-9
/images/running/products/nike-vomero-18-stability.png,1982828,1.89,other,nike-vomero-18-stability.png
/images/padel/products/k-swiss-ultrashot-3/sections/specs.png,1980863,1.89,review-section,k-swiss-ultrashot-3
/images/running/products/k-swiss-ultrashot-3/sections/specs.png,1980863,1.89,review-section,k-swiss-ultrashot-3
/images/tennis/products/k-swiss-ultrashot-3/sections/specs.png,1980863,1.89,review-section,k-swiss-ultrashot-3
/images/running/products/asics-gt-1000-13/sections/value.png,1980670,1.89,review-section,asics-gt-1000-13
/images/running/products/on-cloudsurfer-2/sections/specs.png,1980466,1.89,review-section,on-cloudsurfer-2
/images/padel/products/asics-gel-resolution-9/sections/specs.png,1978344,1.89,review-section,asics-gel-resolution-9
/images/running/products/asics-gel-resolution-9/sections/specs.png,1978344,1.89,review-section,asics-gel-resolution-9
/images/tennis/products/asics-gel-resolution-9/sections/specs.png,1978344,1.89,review-section,asics-gel-resolution-9
/images/home/guide-home-gym.jpg,1976584,1.89,editorial,
/images/padel/guides/grips.jpg,1976584,1.89,editorial,
/images/running/products/hoka-gaviota-5/sections/fit.png,1975686,1.88,review-section,hoka-gaviota-5
/images/home/guide-tennis.jpg,1975604,1.88,editorial,
/images/padel/hero.jpg,1974888,1.88,hero,
/images/running/products/nike-pegasus-trail-5/sections/specs.png,1974881,1.88,review-section,nike-pegasus-trail-5
/images/running/products/salomon-ultra-glide-2/sections/fit.png,1973426,1.88,review-section,salomon-ultra-glide-2
/images/running/products/brooks-glycerin-gts-22/sections/ride.png,1972911,1.88,review-section,brooks-glycerin-gts-22
/images/running/products/new-balance-fresh-foam-x-860-v14/sections/upper.png,1972575,1.88,review-section,new-balance-fresh-foam-x-860-v14
/images/running/products/asics-solution-speed-ff-3/sections/upper.png,1972539,1.88,review-section,asics-solution-speed-ff-3
/images/tennis/products/asics-solution-speed-ff-3/sections/upper.png,1972539,1.88,review-section,asics-solution-speed-ff-3
/images/running/products/new-balance-fresh-foam-x-hierro-v9/sections/fit.png,1972527,1.88,review-section,new-balance-fresh-foam-x-hierro-v9
/images/running/products/polar-verity-sense/sections/durability.png,1972004,1.88,review-section,polar-verity-sense
/images/home/products/ultraspire-spry-5/sections/specs.png,1971674,1.88,review-section,ultraspire-spry-5
/images/packs/products/ultraspire-spry-5/sections/specs.png,1971674,1.88,review-section,ultraspire-spry-5
/images/running/products/ultraspire-spry-5/sections/specs.png,1971674,1.88,review-section,ultraspire-spry-5
/images/fitness/products/mirafit-battle-rope/sections/usecase.png,1970180,1.88,review-section,mirafit-battle-rope
/images/home/products/mirafit-battle-rope/sections/usecase.png,1970180,1.88,review-section,mirafit-battle-rope
/images/running/products/saucony-xodus-ultra-3/sections/assessment.png,1969398,1.88,review-section,saucony-xodus-ultra-3
/images/running/products/asics-gel-trabuco-13/sections/fit.png,1969321,1.88,review-section,asics-gel-trabuco-13
/images/running/products/altra-experience-flow/sections/fit.png,1968973,1.88,review-section,altra-experience-flow
/images/running/products/nike-pegasus-trail-5/sections/fit.png,1968869,1.88,review-section,nike-pegasus-trail-5
/images/running/products/hoka-transport/sections/value.png,1965907,1.87,review-section,hoka-transport
/images/training/products/hoka-transport/sections/value.png,1965907,1.87,review-section,hoka-transport
/images/running/products/saucony-xodus-ultra-3/sections/upper.png,1965394,1.87,review-section,saucony-xodus-ultra-3
/images/running/products/new-balance-fresh-foam-x-860-v14/sections/specs.png,1963009,1.87,review-section,new-balance-fresh-foam-x-860-v14
/images/running/products/k-swiss-ultrashot-3/sections/upper.png,1962883,1.87,review-section,k-swiss-ultrashot-3
/images/tennis/products/k-swiss-ultrashot-3/sections/upper.png,1962883,1.87,review-section,k-swiss-ultrashot-3
/images/padel/products/asics-gel-dedicate-8/sections/value.png,1961283,1.87,review-section,asics-gel-dedicate-8
/images/running/products/asics-gel-dedicate-8/sections/value.png,1961283,1.87,review-section,asics-gel-dedicate-8
/images/tennis/products/asics-gel-dedicate-8/sections/value.png,1961283,1.87,review-section,asics-gel-dedicate-8
/images/running/products/brooks-glycerin-gts-22/sections/assessment.png,1960513,1.87,review-section,brooks-glycerin-gts-22
/images/running/products/on-cloudsurfer-2/sections/fit.png,1959887,1.87,review-section,on-cloudsurfer-2
/images/running/products/k-swiss-ultrashot-3/sections/assessment.png,1956410,1.87,review-section,k-swiss-ultrashot-3
/images/tennis/products/k-swiss-ultrashot-3/sections/assessment.png,1956410,1.87,review-section,k-swiss-ultrashot-3
/images/padel/products/racket-1.png,1953414,1.86,other,racket-1.png
/images/running/products/nike-savaleos/sections/value.png,1950160,1.86,review-section,nike-savaleos
/images/training/products/nike-savaleos/sections/value.png,1950160,1.86,review-section,nike-savaleos
/images/running/products/salomon-ultra-glide-2/sections/assessment.png,1946633,1.86,review-section,salomon-ultra-glide-2
/images/running/products/hoka-transport/sections/specs.png,1946611,1.86,review-section,hoka-transport
/images/training/products/hoka-transport/sections/specs.png,1946611,1.86,review-section,hoka-transport
/images/padel/products/adidas-barricade-13/sections/specs.png,1945332,1.86,review-section,adidas-barricade-13
/images/running/products/adidas-barricade-13/sections/specs.png,1945332,1.86,review-section,adidas-barricade-13
/images/tennis/products/adidas-barricade-13/sections/specs.png,1945332,1.86,review-section,adidas-barricade-13
/images/home/products/ultraspire-alpha-6/sections/performance.png,1942457,1.85,review-section,ultraspire-alpha-6
/images/packs/products/ultraspire-alpha-6/sections/performance.png,1942457,1.85,review-section,ultraspire-alpha-6
/images/running/products/ultraspire-alpha-6/sections/performance.png,1942457,1.85,review-section,ultraspire-alpha-6
/images/padel/products/k-swiss-ultrashot-3/sections/fit.png,1941851,1.85,review-section,k-swiss-ultrashot-3
/images/running/products/k-swiss-ultrashot-3/sections/fit.png,1941851,1.85,review-section,k-swiss-ultrashot-3
/images/tennis/products/k-swiss-ultrashot-3/sections/fit.png,1941851,1.85,review-section,k-swiss-ultrashot-3
/images/running/products/asics-gel-trabuco-13/sections/overview.png,1938387,1.85,review-section,asics-gel-trabuco-13
/images/running/products/new-balance-fresh-foam-x-hierro-v9/sections/ride.png,1937128,1.85,review-section,new-balance-fresh-foam-x-hierro-v9
/images/running/products/nike-vomero-18-tradeoffs.png,1936383,1.85,other,nike-vomero-18-tradeoffs.png
/images/running/products/nike-pegasus-trail-5/sections/upper.png,1933583,1.84,review-section,nike-pegasus-trail-5
/images/running/products/new-balance-fresh-foam-x-hierro-v9/sections/assessment.png,1932643,1.84,review-section,new-balance-fresh-foam-x-hierro-v9
/images/running/products/asics-gel-trabuco-13/sections/usecase.png,1932189,1.84,review-section,asics-gel-trabuco-13
/images/running/products/saucony-guide-18/sections/upper.png,1931758,1.84,review-section,saucony-guide-18
/images/running/products/salomon-genesis/sections/overview.png,1931153,1.84,review-section,salomon-genesis
/images/padel/products/nike-court-vapor-pro-3/sections/value.png,1929546,1.84,review-section,nike-court-vapor-pro-3
/images/running/products/nike-court-vapor-pro-3/sections/value.png,1929546,1.84,review-section,nike-court-vapor-pro-3
/images/tennis/products/nike-court-vapor-pro-3/sections/value.png,1929546,1.84,review-section,nike-court-vapor-pro-3
/images/running/products/babolat-jet-mach-3/sections/ride.png,1929513,1.84,review-section,babolat-jet-mach-3
/images/tennis/products/babolat-jet-mach-3/sections/ride.png,1929513,1.84,review-section,babolat-jet-mach-3
/images/padel/products/asics-solution-speed-ff-3/sections/overview.png,1929175,1.84,review-section,asics-solution-speed-ff-3
/images/running/products/asics-solution-speed-ff-3/sections/overview.png,1929175,1.84,review-section,asics-solution-speed-ff-3
/images/tennis/products/asics-solution-speed-ff-3/sections/overview.png,1929175,1.84,review-section,asics-solution-speed-ff-3
/images/running/products/brooks-cascadia-18/sections/overview.png,1929139,1.84,review-section,brooks-cascadia-18
/images/running/products/salomon-ultra-glide-2/sections/ride.png,1927849,1.84,review-section,salomon-ultra-glide-2
/images/running/products/nb-minimus-tr/sections/value.png,1927173,1.84,review-section,nb-minimus-tr
/images/training/products/nb-minimus-tr/sections/value.png,1927173,1.84,review-section,nb-minimus-tr
/images/padel/products/asics-solution-speed-ff-3/sections/usecase.png,1926055,1.84,review-section,asics-solution-speed-ff-3
/images/running/products/asics-solution-speed-ff-3/sections/usecase.png,1926055,1.84,review-section,asics-solution-speed-ff-3
/images/tennis/products/asics-solution-speed-ff-3/sections/usecase.png,1926055,1.84,review-section,asics-solution-speed-ff-3
/images/running/products/polar-h10/sections/tech.png,1925572,1.84,review-section,polar-h10
/images/running/products/hoka-gaviota-5/sections/specs.png,1925489,1.84,review-section,hoka-gaviota-5
/images/running/products/polar-h10/sections/fit.png,1925398,1.84,review-section,polar-h10
/images/padel/products/asics-gel-resolution-9/sections/fit.png,1925110,1.84,review-section,asics-gel-resolution-9
/images/running/products/asics-gel-resolution-9/sections/fit.png,1925110,1.84,review-section,asics-gel-resolution-9
/images/tennis/products/asics-gel-resolution-9/sections/fit.png,1925110,1.84,review-section,asics-gel-resolution-9
/images/running/products/asics-gt-1000-13/sections/specs.png,1922839,1.83,review-section,asics-gt-1000-13
/images/padel/products/racket-5.png,1921722,1.83,other,racket-5.png
/images/running/products/babolat-jet-mach-3/sections/assessment.png,1921709,1.83,review-section,babolat-jet-mach-3
/images/tennis/products/babolat-jet-mach-3/sections/assessment.png,1921709,1.83,review-section,babolat-jet-mach-3
/images/running/products/salomon-genesis/sections/performance.png,1921701,1.83,review-section,salomon-genesis
/images/watches/products/apple-watch-ultra-3/sections/specs.png,1920793,1.83,review-section,apple-watch-ultra-3
/images/running/products/nike-vomero-18-usecase.png,1920547,1.83,other,nike-vomero-18-usecase.png
/images/running/products/nike-vomero-18/sections/usecase.png,1919911,1.83,review-section,nike-vomero-18
/images/running/products/asics-gt-1000-13/sections/fit.png,1919643,1.83,review-section,asics-gt-1000-13
/images/running/products/nike-vomero-18-overview.png,1919519,1.83,other,nike-vomero-18-overview.png
/images/running/products/salomon-genesis/sections/usecase.png,1919196,1.83,review-section,salomon-genesis
/images/running/products/altra-experience-flow/sections/ride.png,1918419,1.83,review-section,altra-experience-flow
/images/running/products/on-cloudsurfer-2/sections/assessment.png,1917857,1.83,review-section,on-cloudsurfer-2
/images/running/products/adidas-barricade-13/sections/upper.png,1917826,1.83,review-section,adidas-barricade-13
/images/tennis/products/adidas-barricade-13/sections/upper.png,1917826,1.83,review-section,adidas-barricade-13
/images/padel/products/k-swiss-ultrashot-3/sections/value.png,1917816,1.83,review-section,k-swiss-ultrashot-3
/images/running/products/k-swiss-ultrashot-3/sections/value.png,1917816,1.83,review-section,k-swiss-ultrashot-3
/images/tennis/products/k-swiss-ultrashot-3/sections/value.png,1917816,1.83,review-section,k-swiss-ultrashot-3
/images/fitness/products/rogue-plate-carrier-vest/sections/performance.png,1917463,1.83,review-section,rogue-plate-carrier-vest
/images/home/products/rogue-plate-carrier-vest/sections/performance.png,1917463,1.83,review-section,rogue-plate-carrier-vest
/images/running/products/topo-athletic-terraventure-5/sections/overview.png,1917319,1.83,review-section,topo-athletic-terraventure-5
/images/padel/products/racket-3.png,1916313,1.83,other,racket-3.png
/images/running/products/hoka-arahi-7/sections/usecase.png,1915722,1.83,review-section,hoka-arahi-7
/images/running/products/asics-gel-trabuco-13/sections/performance.png,1915684,1.83,review-section,asics-gel-trabuco-13
/images/running/products/k-swiss-ultrashot-3/sections/ride.png,1915394,1.83,review-section,k-swiss-ultrashot-3
/images/tennis/products/k-swiss-ultrashot-3/sections/ride.png,1915394,1.83,review-section,k-swiss-ultrashot-3
/images/padel/products/wilson-rush-pro-4-0/sections/value.png,1914817,1.83,review-section,wilson-rush-pro-4-0
/images/running/products/wilson-rush-pro-4-0/sections/value.png,1914817,1.83,review-section,wilson-rush-pro-4-0
/images/tennis/products/wilson-rush-pro-4-0/sections/value.png,1914817,1.83,review-section,wilson-rush-pro-4-0
/images/padel/products/adidas-barricade-13/sections/fit.png,1914063,1.83,review-section,adidas-barricade-13
/images/running/products/adidas-barricade-13/sections/fit.png,1914063,1.83,review-section,adidas-barricade-13
/images/tennis/products/adidas-barricade-13/sections/fit.png,1914063,1.83,review-section,adidas-barricade-13
/images/running/products/hoka-transport/sections/assessment.png,1913716,1.83,review-section,hoka-transport
/images/training/products/hoka-transport/sections/assessment.png,1913716,1.83,review-section,hoka-transport
/images/running/products/brooks-cascadia-18/sections/performance.png,1913685,1.83,review-section,brooks-cascadia-18
/images/running/products/altra-experience-flow/sections/assessment.png,1911783,1.82,review-section,altra-experience-flow
/images/watches/products/coros-pace-3/gallery/top-4.png,1911537,1.82,gallery,coros-pace-3
/images/padel/products/bullpadel-ionic-woman/sections/assessment.png,1910863,1.82,review-section,bullpadel-ionic-woman
/images/running/products/bullpadel-ionic-woman/sections/assessment.png,1910863,1.82,review-section,bullpadel-ionic-woman
/images/running/products/nb-minimus-tr/sections/specs.png,1910541,1.82,review-section,nb-minimus-tr
/images/training/products/nb-minimus-tr/sections/specs.png,1910541,1.82,review-section,nb-minimus-tr
/images/running/products/on-cloudsurfer-2/sections/ride.png,1910095,1.82,review-section,on-cloudsurfer-2
/images/padel/products/asics-solution-speed-ff-3/sections/performance.png,1910011,1.82,review-section,asics-solution-speed-ff-3
/images/running/products/asics-solution-speed-ff-3/sections/performance.png,1910011,1.82,review-section,asics-solution-speed-ff-3
/images/tennis/products/asics-solution-speed-ff-3/sections/performance.png,1910011,1.82,review-section,asics-solution-speed-ff-3
/images/running/products/altra-paradigm-7/sections/specs.png,1909200,1.82,review-section,altra-paradigm-7
/images/running/products/polar-h10/sections/performance.png,1907932,1.82,review-section,polar-h10
/images/running/products/hoka-arahi-7/sections/overview.png,1907752,1.82,review-section,hoka-arahi-7
/images/running/products/polar-h10/sections/usecase.png,1907399,1.82,review-section,polar-h10
/images/running/products/brooks-cascadia-18/sections/usecase.png,1907367,1.82,review-section,brooks-cascadia-18
/images/padel/products/wilson-rush-pro-4-0/sections/specs.png,1907100,1.82,review-section,wilson-rush-pro-4-0
/images/running/products/wilson-rush-pro-4-0/sections/specs.png,1907100,1.82,review-section,wilson-rush-pro-4-0
/images/tennis/products/wilson-rush-pro-4-0/sections/specs.png,1907100,1.82,review-section,wilson-rush-pro-4-0
/images/running/products/new-balance-fresh-foam-x-hierro-v9/sections/upper.png,1906087,1.82,review-section,new-balance-fresh-foam-x-hierro-v9
/images/running/products/on-cloudsurfer-2/sections/upper.png,1905384,1.82,review-section,on-cloudsurfer-2
/images/running/products/topo-athletic-terraventure-5/sections/usecase.png,1905148,1.82,review-section,topo-athletic-terraventure-5
/images/running/products/topo-athletic-terraventure-5/sections/performance.png,1904888,1.82,review-section,topo-athletic-terraventure-5
/images/running/products/nike-savaleos/sections/fit.png,1904576,1.82,review-section,nike-savaleos
/images/training/products/nike-savaleos/sections/fit.png,1904576,1.82,review-section,nike-savaleos
/images/running/products/hoka-gaviota-5/sections/upper.png,1904393,1.82,review-section,hoka-gaviota-5
/images/running/products/nike-pegasus-trail-5/sections/ride.png,1902370,1.81,review-section,nike-pegasus-trail-5
/images/running/products/altra-paradigm-7/sections/fit.png,1902362,1.81,review-section,altra-paradigm-7
/images/padel/products/k-swiss-hypercourt-express-2/sections/specs.png,1901836,1.81,review-section,k-swiss-hypercourt-express-2
/images/running/products/k-swiss-hypercourt-express-2/sections/specs.png,1901836,1.81,review-section,k-swiss-hypercourt-express-2
/images/tennis/products/k-swiss-hypercourt-express-2/sections/specs.png,1901836,1.81,review-section,k-swiss-hypercourt-express-2
/images/running/products/hoka-transport/sections/fit.png,1901271,1.81,review-section,hoka-transport
/images/training/products/hoka-transport/sections/fit.png,1901271,1.81,review-section,hoka-transport
/images/running/products/reebok-nano-court/sections/value.png,1898967,1.81,review-section,reebok-nano-court
/images/training/products/reebok-nano-court/sections/value.png,1898967,1.81,review-section,reebok-nano-court
/images/running/products/nobull-trainer/sections/specs.png,1896528,1.81,review-section,nobull-trainer
/images/training/products/nobull-trainer/sections/specs.png,1896528,1.81,review-section,nobull-trainer
/images/running/products/adidas-adizero-boston-13/sections/fit.png,1895907,1.81,review-section,adidas-adizero-boston-13
/images/running/products/nike-metcon-9/sections/ride.png,1895324,1.81,review-section,nike-metcon-9
/images/training/products/nike-metcon-9/sections/ride.png,1895324,1.81,review-section,nike-metcon-9
/images/padel/products/nike-court-vapor-pro-3/sections/specs.png,1894243,1.81,review-section,nike-court-vapor-pro-3
/images/running/products/nike-court-vapor-pro-3/sections/specs.png,1894243,1.81,review-section,nike-court-vapor-pro-3
/images/tennis/products/nike-court-vapor-pro-3/sections/specs.png,1894243,1.81,review-section,nike-court-vapor-pro-3
/images/running/products/reebok-nano-court/sections/fit.png,1894158,1.81,review-section,reebok-nano-court
/images/training/products/reebok-nano-court/sections/fit.png,1894158,1.81,review-section,reebok-nano-court
/images/running/products/adidas-adizero-boston-13/sections/value.png,1893872,1.81,review-section,adidas-adizero-boston-13
/images/running/products/nike-pegasus-trail-5/sections/assessment.png,1893499,1.81,review-section,nike-pegasus-trail-5
/images/running/products/wilson-rush-pro-4-0/sections/assessment.png,1892044,1.80,review-section,wilson-rush-pro-4-0
/images/tennis/products/wilson-rush-pro-4-0/sections/assessment.png,1892044,1.80,review-section,wilson-rush-pro-4-0
/images/padel/products/k-swiss-hypercourt-express-2/sections/value.png,1891437,1.80,review-section,k-swiss-hypercourt-express-2
/images/running/products/k-swiss-hypercourt-express-2/sections/value.png,1891437,1.80,review-section,k-swiss-hypercourt-express-2
/images/tennis/products/k-swiss-hypercourt-express-2/sections/value.png,1891437,1.80,review-section,k-swiss-hypercourt-express-2
/images/running/products/adidas-adizero-boston-13/sections/specs.png,1889728,1.80,review-section,adidas-adizero-boston-13
/images/running/products/reebok-nano-court/sections/specs.png,1889066,1.80,review-section,reebok-nano-court
/images/training/products/reebok-nano-court/sections/specs.png,1889066,1.80,review-section,reebok-nano-court
/images/padel/products/asics-gel-dedicate-8/sections/fit.png,1888662,1.80,review-section,asics-gel-dedicate-8
/images/running/products/asics-gel-dedicate-8/sections/fit.png,1888662,1.80,review-section,asics-gel-dedicate-8
/images/tennis/products/asics-gel-dedicate-8/sections/fit.png,1888662,1.80,review-section,asics-gel-dedicate-8
/images/running/products/adidas-barricade-13/sections/assessment.png,1888646,1.80,review-section,adidas-barricade-13
/images/tennis/products/adidas-barricade-13/sections/assessment.png,1888646,1.80,review-section,adidas-barricade-13
/images/padel/products/asics-gel-dedicate-8/sections/specs.png,1888042,1.80,review-section,asics-gel-dedicate-8
/images/running/products/asics-gel-dedicate-8/sections/specs.png,1888042,1.80,review-section,asics-gel-dedicate-8
/images/tennis/products/asics-gel-dedicate-8/sections/specs.png,1888042,1.80,review-section,asics-gel-dedicate-8
/images/running/products/brooks-glycerin-gts-22/sections/upper.png,1885882,1.80,review-section,brooks-glycerin-gts-22
/images/padel/products/nike-court-vapor-pro-3/sections/fit.png,1885511,1.80,review-section,nike-court-vapor-pro-3
/images/running/products/nike-court-vapor-pro-3/sections/fit.png,1885511,1.80,review-section,nike-court-vapor-pro-3
/images/tennis/products/nike-court-vapor-pro-3/sections/fit.png,1885511,1.80,review-section,nike-court-vapor-pro-3
/images/home/products/ultraspire-spry-5/sections/overview.png,1884660,1.80,review-section,ultraspire-spry-5
/images/packs/products/ultraspire-spry-5/sections/overview.png,1884660,1.80,review-section,ultraspire-spry-5
/images/running/products/ultraspire-spry-5/sections/overview.png,1884660,1.80,review-section,ultraspire-spry-5
/images/fitness/products/mirafit-weighted-vest/sections/specs.png,1884489,1.80,review-section,mirafit-weighted-vest
/images/home/products/mirafit-weighted-vest/sections/specs.png,1884489,1.80,review-section,mirafit-weighted-vest
/images/running/products/salomon-ultra-glide-2/sections/upper.png,1883101,1.80,review-section,salomon-ultra-glide-2
/images/running/products/polar-verity-sense/sections/usecase.png,1882170,1.79,review-section,polar-verity-sense
/images/running/products/altra-experience-flow/sections/upper.png,1880069,1.79,review-section,altra-experience-flow
/images/running/products/hoka-transport/sections/ride.png,1879115,1.79,review-section,hoka-transport
/images/training/products/hoka-transport/sections/ride.png,1879115,1.79,review-section,hoka-transport
/images/running/products/nike-metcon-9/sections/upper.png,1878112,1.79,review-section,nike-metcon-9
/images/training/products/nike-metcon-9/sections/upper.png,1878112,1.79,review-section,nike-metcon-9
/images/running/products/saucony-guide-18/sections/ride.png,1876713,1.79,review-section,saucony-guide-18
/images/running/products/nike-vomero-18/sections/strengths.png,1874884,1.79,review-section,nike-vomero-18
/images/running/products/nb-minimus-tr/sections/fit.png,1874600,1.79,review-section,nb-minimus-tr
/images/training/products/nb-minimus-tr/sections/fit.png,1874600,1.79,review-section,nb-minimus-tr
/images/padel/products/wilson-rush-pro-4-0/sections/fit.png,1873362,1.79,review-section,wilson-rush-pro-4-0
/images/running/products/wilson-rush-pro-4-0/sections/fit.png,1873362,1.79,review-section,wilson-rush-pro-4-0
/images/tennis/products/wilson-rush-pro-4-0/sections/fit.png,1873362,1.79,review-section,wilson-rush-pro-4-0
/images/running/products/adidas-barricade-13/sections/ride.png,1872594,1.79,review-section,adidas-barricade-13
/images/tennis/products/adidas-barricade-13/sections/ride.png,1872594,1.79,review-section,adidas-barricade-13
/images/running/products/nike-metcon-9/sections/assessment.png,1872157,1.79,review-section,nike-metcon-9
/images/training/products/nike-metcon-9/sections/assessment.png,1872157,1.79,review-section,nike-metcon-9
/images/running/products/nobull-trainer/sections/value.png,1870856,1.78,review-section,nobull-trainer
/images/training/products/nobull-trainer/sections/value.png,1870856,1.78,review-section,nobull-trainer
/images/running/products/nobull-trainer/sections/assessment.png,1869598,1.78,review-section,nobull-trainer
/images/training/products/nobull-trainer/sections/assessment.png,1869598,1.78,review-section,nobull-trainer
/images/padel/products/adidas-courtjam-control-3/sections/specs.png,1867612,1.78,review-section,adidas-courtjam-control-3
/images/running/products/adidas-courtjam-control-3/sections/specs.png,1867612,1.78,review-section,adidas-courtjam-control-3
/images/tennis/products/adidas-courtjam-control-3/sections/specs.png,1867612,1.78,review-section,adidas-courtjam-control-3
/images/running/products/asics-gel-trabuco-13/sections/upper.png,1866957,1.78,review-section,asics-gel-trabuco-13
/images/running/products/saucony-xodus-ultra-3/sections/performance.png,1866694,1.78,review-section,saucony-xodus-ultra-3
/images/running/products/reebok-nano-court/sections/assessment.png,1866329,1.78,review-section,reebok-nano-court
/images/training/products/reebok-nano-court/sections/assessment.png,1866329,1.78,review-section,reebok-nano-court
/images/padel/products/racket-4.png,1865246,1.78,other,racket-4.png
/images/padel/products/k-swiss-hypercourt-express-2/sections/fit.png,1864750,1.78,review-section,k-swiss-hypercourt-express-2
/images/running/products/k-swiss-hypercourt-express-2/sections/fit.png,1864750,1.78,review-section,k-swiss-hypercourt-express-2
/images/tennis/products/k-swiss-hypercourt-express-2/sections/fit.png,1864750,1.78,review-section,k-swiss-hypercourt-express-2
/images/running/products/salomon-ultra-glide-2/sections/overview.png,1863834,1.78,review-section,salomon-ultra-glide-2
/images/running/products/saucony-guide-18/sections/assessment.png,1862938,1.78,review-section,saucony-guide-18
/images/running/products/on-cloudmonster-hyper/sections/specs.png,1862754,1.78,review-section,on-cloudmonster-hyper
/images/running/products/saucony-xodus-ultra-3/sections/overview.png,1862714,1.78,review-section,saucony-xodus-ultra-3
/images/running/products/asics-gt-1000-13/sections/assessment.png,1862701,1.78,review-section,asics-gt-1000-13
/images/padel/products/bullpadel-ionic-woman/sections/performance.png,1862233,1.78,review-section,bullpadel-ionic-woman
/images/running/products/bullpadel-ionic-woman/sections/performance.png,1862233,1.78,review-section,bullpadel-ionic-woman
/images/running/products/hoka-arahi-7/sections/performance.png,1860626,1.77,review-section,hoka-arahi-7
/images/running/products/salomon-genesis-hero.jpg,1859649,1.77,hero,salomon-genesis-hero.jpg
/images/running/products/saucony-xodus-ultra-3/sections/usecase.png,1858464,1.77,review-section,saucony-xodus-ultra-3
/images/running/products/brooks-glycerin-gts-22/sections/overview.png,1858345,1.77,review-section,brooks-glycerin-gts-22
/images/padel/products/adidas-courtjam-control-3/sections/fit.png,1858197,1.77,review-section,adidas-courtjam-control-3
/images/running/products/adidas-courtjam-control-3/sections/fit.png,1858197,1.77,review-section,adidas-courtjam-control-3
/images/tennis/products/adidas-courtjam-control-3/sections/fit.png,1858197,1.77,review-section,adidas-courtjam-control-3
/images/watches/products/garmin-fenix-8/sections/performance.png,1857635,1.77,review-section,garmin-fenix-8
/images/running/products/salomon-ultra-glide-2/sections/usecase.png,1855534,1.77,review-section,salomon-ultra-glide-2
/images/running/products/nike-vomero-18/sections/assessment.png,1855034,1.77,review-section,nike-vomero-18
/images/running/products/nike-court-vapor-pro-3/sections/upper.png,1854549,1.77,review-section,nike-court-vapor-pro-3
/images/tennis/products/nike-court-vapor-pro-3/sections/upper.png,1854549,1.77,review-section,nike-court-vapor-pro-3
/images/running/products/brooks-glycerin-gts-22/sections/performance.png,1853876,1.77,review-section,brooks-glycerin-gts-22
/images/running/products/wilson-rush-pro-ace/sections/upper.png,1853673,1.77,review-section,wilson-rush-pro-ace
/images/tennis/products/wilson-rush-pro-ace/sections/upper.png,1853673,1.77,review-section,wilson-rush-pro-ace
/images/running/products/nb-minimus-tr/sections/assessment.png,1852719,1.77,review-section,nb-minimus-tr
/images/training/products/nb-minimus-tr/sections/assessment.png,1852719,1.77,review-section,nb-minimus-tr
/images/running/products/nike-court-vapor-pro-3/sections/assessment.png,1852663,1.77,review-section,nike-court-vapor-pro-3
/images/tennis/products/nike-court-vapor-pro-3/sections/assessment.png,1852663,1.77,review-section,nike-court-vapor-pro-3
/images/running/products/adidas-adizero-boston-13/sections/upper.png,1851264,1.77,review-section,adidas-adizero-boston-13
/images/running/products/wilson-rush-pro-4-0/sections/ride.png,1850546,1.76,review-section,wilson-rush-pro-4-0
/images/tennis/products/wilson-rush-pro-4-0/sections/ride.png,1850546,1.76,review-section,wilson-rush-pro-4-0
/images/running/products/on-cloudmonster-hyper/sections/fit.png,1850443,1.76,review-section,on-cloudmonster-hyper
/images/running/products/adidas-ultraboost-5/sections/assessment.png,1850226,1.76,review-section,adidas-ultraboost-5
/images/running/products/asics-gel-resolution-9/sections/ride.png,1849304,1.76,review-section,asics-gel-resolution-9
/images/tennis/products/asics-gel-resolution-9/sections/ride.png,1849304,1.76,review-section,asics-gel-resolution-9
/images/running/products/nike-savaleos/sections/specs.png,1849101,1.76,review-section,nike-savaleos
/images/training/products/nike-savaleos/sections/specs.png,1849101,1.76,review-section,nike-savaleos
/images/padel/products/k-swiss-ultrashot-3/sections/overview.png,1848993,1.76,review-section,k-swiss-ultrashot-3
/images/running/products/k-swiss-ultrashot-3/sections/overview.png,1848993,1.76,review-section,k-swiss-ultrashot-3
/images/tennis/products/k-swiss-ultrashot-3/sections/overview.png,1848993,1.76,review-section,k-swiss-ultrashot-3
/images/fitness/products/mirafit-weighted-vest/sections/fit.png,1848710,1.76,review-section,mirafit-weighted-vest
/images/home/products/mirafit-weighted-vest/sections/fit.png,1848710,1.76,review-section,mirafit-weighted-vest
/images/padel/products/bullpadel-ionic-woman/sections/overview.png,1848047,1.76,review-section,bullpadel-ionic-woman
/images/running/products/bullpadel-ionic-woman/sections/overview.png,1848047,1.76,review-section,bullpadel-ionic-woman
/images/running/products/asics-gt-1000-13/sections/ride.png,1848031,1.76,review-section,asics-gt-1000-13
/images/running/products/nike-vomero-18/sections/ride.png,1847048,1.76,review-section,nike-vomero-18
/images/running/products/adidas-ultraboost-5/sections/specs.png,1846553,1.76,review-section,adidas-ultraboost-5
/images/running/products/salomon-ultra-glide-2/sections/performance.png,1846221,1.76,review-section,salomon-ultra-glide-2
/images/running/products/hoka-arahi-7/sections/stability.png,1845695,1.76,review-section,hoka-arahi-7
/images/running/products/on-cloudmonster-hyper/sections/value.png,1843350,1.76,review-section,on-cloudmonster-hyper
/images/running/products/nobull-trainer/sections/fit.png,1842560,1.76,review-section,nobull-trainer
/images/training/products/nobull-trainer/sections/fit.png,1842560,1.76,review-section,nobull-trainer
/images/running/products/adidas-ultraboost-5/sections/fit.png,1841324,1.76,review-section,adidas-ultraboost-5
/images/running/products/nike-savaleos/sections/upper.png,1841054,1.76,review-section,nike-savaleos
/images/training/products/nike-savaleos/sections/upper.png,1841054,1.76,review-section,nike-savaleos
/images/running/products/asics-gel-resolution-9/sections/assessment.png,1840521,1.76,review-section,asics-gel-resolution-9
/images/tennis/products/asics-gel-resolution-9/sections/assessment.png,1840521,1.76,review-section,asics-gel-resolution-9
/images/padel/products/k-swiss-ultrashot-3/sections/usecase.png,1838251,1.75,review-section,k-swiss-ultrashot-3
/images/running/products/k-swiss-ultrashot-3/sections/usecase.png,1838251,1.75,review-section,k-swiss-ultrashot-3
/images/tennis/products/k-swiss-ultrashot-3/sections/usecase.png,1838251,1.75,review-section,k-swiss-ultrashot-3
/images/padel/products/adidas-courtjam-control-3/sections/value.png,1837403,1.75,review-section,adidas-courtjam-control-3
/images/running/products/adidas-courtjam-control-3/sections/value.png,1837403,1.75,review-section,adidas-courtjam-control-3
/images/tennis/products/adidas-courtjam-control-3/sections/value.png,1837403,1.75,review-section,adidas-courtjam-control-3
/images/running/products/nike-vomero-18-value.png,1837317,1.75,other,nike-vomero-18-value.png
/images/running/products/brooks-glycerin-gts-22/sections/usecase.png,1836740,1.75,review-section,brooks-glycerin-gts-22
/images/running/products/hoka-gaviota-5/sections/assessment.png,1836634,1.75,review-section,hoka-gaviota-5
/images/running/products/adidas-courtjam-control-3/sections/assessment.png,1835842,1.75,review-section,adidas-courtjam-control-3
/images/tennis/products/adidas-courtjam-control-3/sections/assessment.png,1835842,1.75,review-section,adidas-courtjam-control-3
/images/running/products/hoka-gaviota-5/sections/ride.png,1835511,1.75,review-section,hoka-gaviota-5
/images/running/products/adidas-adizero-boston-13/sections/assessment.png,1835322,1.75,review-section,adidas-adizero-boston-13
/images/running/products/hoka-transport/sections/usecase.png,1831272,1.75,review-section,hoka-transport
/images/training/products/hoka-transport/sections/usecase.png,1831272,1.75,review-section,hoka-transport
/images/running/products/asics-gel-resolution-9/sections/upper.png,1831130,1.75,review-section,asics-gel-resolution-9
/images/tennis/products/asics-gel-resolution-9/sections/upper.png,1831130,1.75,review-section,asics-gel-resolution-9
/images/running/products/reebok-nano-court/sections/ride.png,1831108,1.75,review-section,reebok-nano-court
/images/training/products/reebok-nano-court/sections/ride.png,1831108,1.75,review-section,reebok-nano-court
/images/running/products/asics-gel-dedicate-8/sections/upper.png,1829893,1.75,review-section,asics-gel-dedicate-8
/images/tennis/products/asics-gel-dedicate-8/sections/upper.png,1829893,1.75,review-section,asics-gel-dedicate-8
/images/running/products/new-balance-fresh-foam-x-hierro-v9/sections/overview.png,1828702,1.74,review-section,new-balance-fresh-foam-x-hierro-v9
/images/running/products/adidas-adizero-boston-13/sections/ride.png,1828423,1.74,review-section,adidas-adizero-boston-13
/images/running/products/salomon-genesis/sections/stability.png,1827332,1.74,review-section,salomon-genesis
/images/running/products/hoka-transport/sections/upper.png,1826840,1.74,review-section,hoka-transport
/images/training/products/hoka-transport/sections/upper.png,1826840,1.74,review-section,hoka-transport
/images/running/products/asics-gt-1000-13/sections/upper.png,1826623,1.74,review-section,asics-gt-1000-13
/images/running/products/nb-minimus-tr/sections/ride.png,1826087,1.74,review-section,nb-minimus-tr
/images/training/products/nb-minimus-tr/sections/ride.png,1826087,1.74,review-section,nb-minimus-tr
/images/padel/products/bullpadel-ionic-woman/sections/usecase.png,1825310,1.74,review-section,bullpadel-ionic-woman
/images/running/products/bullpadel-ionic-woman/sections/usecase.png,1825310,1.74,review-section,bullpadel-ionic-woman
/images/running/products/nike-vomero-18-performance.png,1824803,1.74,other,nike-vomero-18-performance.png
/images/running/products/nike-romaleos-4/sections/fit.png,1823892,1.74,review-section,nike-romaleos-4
/images/training/products/nike-romaleos-4/sections/fit.png,1823892,1.74,review-section,nike-romaleos-4
/images/running/products/reebok-nano-court/sections/upper.png,1822382,1.74,review-section,reebok-nano-court
/images/training/products/reebok-nano-court/sections/upper.png,1822382,1.74,review-section,reebok-nano-court
/images/running/products/hoka-transport/sections/overview.png,1822191,1.74,review-section,hoka-transport
/images/training/products/hoka-transport/sections/overview.png,1822191,1.74,review-section,hoka-transport
/images/running/products/polar-verity-sense/sections/fit.png,1822100,1.74,review-section,polar-verity-sense
/images/watches/products/suunto-race-hero.png,1821113,1.74,hero,suunto-race-hero.png
/images/running/products/nobull-trainer/sections/ride.png,1820853,1.74,review-section,nobull-trainer
/images/training/products/nobull-trainer/sections/ride.png,1820853,1.74,review-section,nobull-trainer
/images/running/products/new-balance-fresh-foam-x-hierro-v9/sections/performance.png,1820421,1.74,review-section,new-balance-fresh-foam-x-hierro-v9
/images/padel/products/adidas-crazyquick-boost-padel/sections/assessment.png,1818089,1.73,review-section,adidas-crazyquick-boost-padel
/images/running/products/adidas-crazyquick-boost-padel/sections/assessment.png,1818089,1.73,review-section,adidas-crazyquick-boost-padel
/images/padel/products/wilson-rush-pro-ace/sections/fit.png,1817820,1.73,review-section,wilson-rush-pro-ace
/images/running/products/wilson-rush-pro-ace/sections/fit.png,1817820,1.73,review-section,wilson-rush-pro-ace
/images/tennis/products/wilson-rush-pro-ace/sections/fit.png,1817820,1.73,review-section,wilson-rush-pro-ace
/images/running/products/hoka-transport/sections/performance.png,1817492,1.73,review-section,hoka-transport
/images/training/products/hoka-transport/sections/performance.png,1817492,1.73,review-section,hoka-transport
/images/running/products/nike-court-vapor-pro-3/sections/ride.png,1816459,1.73,review-section,nike-court-vapor-pro-3
/images/tennis/products/nike-court-vapor-pro-3/sections/ride.png,1816459,1.73,review-section,nike-court-vapor-pro-3
/images/running/products/scosche-rhythm-plus-2/sections/value.png,1815951,1.73,review-section,scosche-rhythm-plus-2
/images/running/products/wilson-rush-pro-4-0/sections/upper.png,1814645,1.73,review-section,wilson-rush-pro-4-0
/images/tennis/products/wilson-rush-pro-4-0/sections/upper.png,1814645,1.73,review-section,wilson-rush-pro-4-0
/images/running/products/new-balance-fresh-foam-x-860-v14/sections/assessment.png,1813043,1.73,review-section,new-balance-fresh-foam-x-860-v14
/images/running/products/asics-gel-challenger-15/sections/upper.png,1812452,1.73,review-section,asics-gel-challenger-15
/images/tennis/products/asics-gel-challenger-15/sections/upper.png,1812452,1.73,review-section,asics-gel-challenger-15
/images/running/products/on-cloudmonster-hyper/sections/upper.png,1812107,1.73,review-section,on-cloudmonster-hyper
/images/padel/products/wilson-rush-pro-4-0/sections/overview.png,1812002,1.73,review-section,wilson-rush-pro-4-0
/images/running/products/wilson-rush-pro-4-0/sections/overview.png,1812002,1.73,review-section,wilson-rush-pro-4-0
/images/tennis/products/wilson-rush-pro-4-0/sections/overview.png,1812002,1.73,review-section,wilson-rush-pro-4-0
/images/running/products/altra-experience-flow/sections/performance.png,1811420,1.73,review-section,altra-experience-flow
/images/padel/products/asics-gel-challenger-15/sections/specs.png,1811019,1.73,review-section,asics-gel-challenger-15
/images/running/products/asics-gel-challenger-15/sections/specs.png,1811019,1.73,review-section,asics-gel-challenger-15
/images/tennis/products/asics-gel-challenger-15/sections/specs.png,1811019,1.73,review-section,asics-gel-challenger-15
/images/padel/products/bullpadel-ionic-woman/sections/specs.png,1810835,1.73,review-section,bullpadel-ionic-woman
/images/running/products/bullpadel-ionic-woman/sections/specs.png,1810835,1.73,review-section,bullpadel-ionic-woman
/images/padel/products/wilson-rush-pro-4-0/sections/usecase.png,1810342,1.73,review-section,wilson-rush-pro-4-0
/images/running/products/wilson-rush-pro-4-0/sections/usecase.png,1810342,1.73,review-section,wilson-rush-pro-4-0
/images/tennis/products/wilson-rush-pro-4-0/sections/usecase.png,1810342,1.73,review-section,wilson-rush-pro-4-0
/images/padel/products/babolat-jet-mach-3/sections/overview.png,1810238,1.73,review-section,babolat-jet-mach-3
/images/running/products/babolat-jet-mach-3/sections/overview.png,1810238,1.73,review-section,babolat-jet-mach-3
/images/tennis/products/babolat-jet-mach-3/sections/overview.png,1810238,1.73,review-section,babolat-jet-mach-3
/images/watches/products/garmin-fenix-8/sections/tradeoffs.png,1809481,1.73,review-section,garmin-fenix-8
/images/running/products/nb-minimus-tr/sections/upper.png,1808814,1.73,review-section,nb-minimus-tr
/images/training/products/nb-minimus-tr/sections/upper.png,1808814,1.73,review-section,nb-minimus-tr
/images/running/products/altra-paradigm-7/sections/ride.png,1807294,1.72,review-section,altra-paradigm-7
/images/running/products/new-balance-fresh-foam-x-hierro-v9/sections/usecase.png,1807110,1.72,review-section,new-balance-fresh-foam-x-hierro-v9
/images/running/products/k-swiss-hypercourt-express-2/sections/upper.png,1806381,1.72,review-section,k-swiss-hypercourt-express-2
/images/tennis/products/k-swiss-hypercourt-express-2/sections/upper.png,1806381,1.72,review-section,k-swiss-hypercourt-express-2
/images/running/products/garmin-hrm-600/sections/fit.png,1806325,1.72,review-section,garmin-hrm-600
/images/running/products/altra-paradigm-7/sections/upper.png,1806294,1.72,review-section,altra-paradigm-7
/images/running/products/adidas-ultraboost-5/sections/upper.png,1805776,1.72,review-section,adidas-ultraboost-5
/images/running/products/on-cloudsurfer-2/sections/overview.png,1805510,1.72,review-section,on-cloudsurfer-2
/images/running/products/nobull-trainer/sections/overview.png,1805018,1.72,review-section,nobull-trainer
/images/training/products/nobull-trainer/sections/overview.png,1805018,1.72,review-section,nobull-trainer
/images/running/products/on-cloudmonster-hyper/sections/assessment.png,1804960,1.72,review-section,on-cloudmonster-hyper
/images/packs/products/nathan-streak-reflective-vest/sections/value.png,1803018,1.72,review-section,nathan-streak-reflective-vest
/images/running/products/nathan-streak-reflective-vest/sections/value.png,1803018,1.72,review-section,nathan-streak-reflective-vest
/images/running/products/adidas-courtjam-control-3/sections/upper.png,1802343,1.72,review-section,adidas-courtjam-control-3
/images/tennis/products/adidas-courtjam-control-3/sections/upper.png,1802343,1.72,review-section,adidas-courtjam-control-3
/images/padel/products/babolat-jet-mach-3/sections/performance.png,1801796,1.72,review-section,babolat-jet-mach-3
/images/running/products/babolat-jet-mach-3/sections/performance.png,1801796,1.72,review-section,babolat-jet-mach-3
/images/tennis/products/babolat-jet-mach-3/sections/performance.png,1801796,1.72,review-section,babolat-jet-mach-3
/images/running/products/k-swiss-hypercourt-express-2/sections/ride.png,1801701,1.72,review-section,k-swiss-hypercourt-express-2
/images/tennis/products/k-swiss-hypercourt-express-2/sections/ride.png,1801701,1.72,review-section,k-swiss-hypercourt-express-2
/images/padel/products/asics-gel-challenger-15/sections/fit.png,1801170,1.72,review-section,asics-gel-challenger-15
/images/running/products/asics-gel-challenger-15/sections/fit.png,1801170,1.72,review-section,asics-gel-challenger-15
/images/tennis/products/asics-gel-challenger-15/sections/fit.png,1801170,1.72,review-section,asics-gel-challenger-15
/images/padel/products/bullpadel-ionic-woman/sections/stability.png,1799292,1.72,review-section,bullpadel-ionic-woman
/images/running/products/bullpadel-ionic-woman/sections/stability.png,1799292,1.72,review-section,bullpadel-ionic-woman
/images/running/products/new-balance-fresh-foam-x-860-v14/sections/ride.png,1799125,1.72,review-section,new-balance-fresh-foam-x-860-v14
/images/running/products/k-swiss-hypercourt-express-2/sections/assessment.png,1797802,1.71,review-section,k-swiss-hypercourt-express-2
/images/tennis/products/k-swiss-hypercourt-express-2/sections/assessment.png,1797802,1.71,review-section,k-swiss-hypercourt-express-2
/images/fitness/products/head-revolt-pro-court/sections/specs.png,1797706,1.71,review-section,head-revolt-pro-court
/images/padel/products/head-revolt-pro-court/sections/specs.png,1797706,1.71,review-section,head-revolt-pro-court
/images/running/products/head-revolt-pro-court/sections/specs.png,1797706,1.71,review-section,head-revolt-pro-court
/images/running/products/altra-paradigm-7/sections/assessment.png,1796515,1.71,review-section,altra-paradigm-7
/images/home/products/ultraspire-spry-5/sections/usecase.png,1795970,1.71,review-section,ultraspire-spry-5
/images/packs/products/ultraspire-spry-5/sections/usecase.png,1795970,1.71,review-section,ultraspire-spry-5
/images/running/products/ultraspire-spry-5/sections/usecase.png,1795970,1.71,review-section,ultraspire-spry-5
/images/running/products/nobull-trainer/sections/usecase.png,1795319,1.71,review-section,nobull-trainer
/images/training/products/nobull-trainer/sections/usecase.png,1795319,1.71,review-section,nobull-trainer
/images/running/products/altra-experience-flow/sections/overview.png,1795250,1.71,review-section,altra-experience-flow
/images/running/products/on-cloudsurfer-2/sections/performance.png,1795148,1.71,review-section,on-cloudsurfer-2
/images/padel/products/k-swiss-ultrashot-3/sections/performance.png,1794962,1.71,review-section,k-swiss-ultrashot-3
/images/running/products/k-swiss-ultrashot-3/sections/performance.png,1794962,1.71,review-section,k-swiss-ultrashot-3
/images/tennis/products/k-swiss-ultrashot-3/sections/performance.png,1794962,1.71,review-section,k-swiss-ultrashot-3
/images/running/products/nike-romaleos-4/sections/upper.png,1794621,1.71,review-section,nike-romaleos-4
/images/training/products/nike-romaleos-4/sections/upper.png,1794621,1.71,review-section,nike-romaleos-4
/images/running/products/adidas-ultraboost-5/sections/ride.png,1793964,1.71,review-section,adidas-ultraboost-5
/images/running/products/nike-vomero-18/sections/value.png,1793177,1.71,review-section,nike-vomero-18
/images/running/products/on-cloudmonster-hyper/sections/ride.png,1792569,1.71,review-section,on-cloudmonster-hyper
/images/running/products/garmin-hrm-600/sections/tech.png,1791850,1.71,review-section,garmin-hrm-600
/images/padel/products/wilson-rush-pro-ace/sections/specs.png,1790396,1.71,review-section,wilson-rush-pro-ace
/images/running/products/wilson-rush-pro-ace/sections/specs.png,1790396,1.71,review-section,wilson-rush-pro-ace
/images/tennis/products/wilson-rush-pro-ace/sections/specs.png,1790396,1.71,review-section,wilson-rush-pro-ace
/images/running/products/altra-experience-flow/sections/usecase.png,1789836,1.71,review-section,altra-experience-flow
/images/running/products/on-cloudsurfer-2/sections/usecase.png,1789720,1.71,review-section,on-cloudsurfer-2
/images/running/products/nike-savaleos/sections/assessment.png,1789117,1.71,review-section,nike-savaleos
/images/training/products/nike-savaleos/sections/assessment.png,1789117,1.71,review-section,nike-savaleos
/images/running/products/asics-gel-challenger-15/sections/assessment.png,1788538,1.71,review-section,asics-gel-challenger-15
/images/tennis/products/asics-gel-challenger-15/sections/assessment.png,1788538,1.71,review-section,asics-gel-challenger-15
/images/padel/products/wilson-rush-pro-ace/sections/value.png,1787289,1.70,review-section,wilson-rush-pro-ace
/images/running/products/wilson-rush-pro-ace/sections/value.png,1787289,1.70,review-section,wilson-rush-pro-ace
/images/tennis/products/wilson-rush-pro-ace/sections/value.png,1787289,1.70,review-section,wilson-rush-pro-ace
/images/running/products/nike-pegasus-trail-5/sections/performance.png,1787143,1.70,review-section,nike-pegasus-trail-5
/images/padel/products/wilson-rush-pro-4-0/sections/performance.png,1785468,1.70,review-section,wilson-rush-pro-4-0
/images/running/products/wilson-rush-pro-4-0/sections/performance.png,1785468,1.70,review-section,wilson-rush-pro-4-0
/images/tennis/products/wilson-rush-pro-4-0/sections/performance.png,1785468,1.70,review-section,wilson-rush-pro-4-0
/images/padel/products/babolat-jet-mach-3/sections/usecase.png,1783736,1.70,review-section,babolat-jet-mach-3
/images/running/products/babolat-jet-mach-3/sections/usecase.png,1783736,1.70,review-section,babolat-jet-mach-3
/images/tennis/products/babolat-jet-mach-3/sections/usecase.png,1783736,1.70,review-section,babolat-jet-mach-3
/images/running/products/asics-gel-dedicate-8/sections/assessment.png,1783699,1.70,review-section,asics-gel-dedicate-8
/images/tennis/products/asics-gel-dedicate-8/sections/assessment.png,1783699,1.70,review-section,asics-gel-dedicate-8
/images/running/products/nike-pegasus-trail-5/sections/overview.png,1778942,1.70,review-section,nike-pegasus-trail-5
/images/packs/products/nathan-streak-reflective-vest/sections/specs.png,1778821,1.70,review-section,nathan-streak-reflective-vest
/images/running/products/nathan-streak-reflective-vest/sections/specs.png,1778821,1.70,review-section,nathan-streak-reflective-vest
/images/padel/products/racket-2.png,1777675,1.70,other,racket-2.png
/images/running/products/saucony-guide-18/sections/overview.png,1776399,1.69,review-section,saucony-guide-18
/images/hydration/products/nathan-speeddraw-plus-insulated-18oz/sections/value.png,1776320,1.69,review-section,nathan-speeddraw-plus-insulated-18oz
/images/running/products/nathan-speeddraw-plus-insulated-18oz/sections/value.png,1776320,1.69,review-section,nathan-speeddraw-plus-insulated-18oz
/images/fitness/products/mirafit-weighted-vest/sections/overview.png,1774743,1.69,review-section,mirafit-weighted-vest
/images/home/products/mirafit-weighted-vest/sections/overview.png,1774743,1.69,review-section,mirafit-weighted-vest
/images/running/products/nike-vomero-18-ride.png,1773910,1.69,other,nike-vomero-18-ride.png
/images/running/products/saucony-guide-18/sections/usecase.png,1772704,1.69,review-section,saucony-guide-18
/images/padel/products/adidas-solematch-control-2/sections/fit.png,1771606,1.69,review-section,adidas-solematch-control-2
/images/running/products/adidas-solematch-control-2/sections/fit.png,1771606,1.69,review-section,adidas-solematch-control-2
/images/tennis/products/adidas-solematch-control-2/sections/fit.png,1771606,1.69,review-section,adidas-solematch-control-2
/images/padel/products/asics-gel-resolution-padel/sections/assessment.png,1769994,1.69,review-section,asics-gel-resolution-padel
/images/running/products/asics-gel-resolution-padel/sections/assessment.png,1769994,1.69,review-section,asics-gel-resolution-padel
/images/running/products/saucony-guide-18/sections/performance.png,1769536,1.69,review-section,saucony-guide-18
/images/running/products/nike-pegasus-trail-5/sections/usecase.png,1769156,1.69,review-section,nike-pegasus-trail-5
/images/fitness/products/mirafit-weighted-vest/sections/usecase.png,1768951,1.69,review-section,mirafit-weighted-vest
/images/home/products/mirafit-weighted-vest/sections/usecase.png,1768951,1.69,review-section,mirafit-weighted-vest
/images/running/products/wilson-rush-pro-ace/sections/assessment.png,1768798,1.69,review-section,wilson-rush-pro-ace
/images/tennis/products/wilson-rush-pro-ace/sections/assessment.png,1768798,1.69,review-section,wilson-rush-pro-ace
/images/fitness/products/rogue-plate-carrier-vest/sections/specs.png,1768027,1.69,review-section,rogue-plate-carrier-vest
/images/home/products/rogue-plate-carrier-vest/sections/specs.png,1768027,1.69,review-section,rogue-plate-carrier-vest
/images/home/products/ultraspire-spry-5/sections/fit.png,1767459,1.69,review-section,ultraspire-spry-5
/images/packs/products/ultraspire-spry-5/sections/fit.png,1767459,1.69,review-section,ultraspire-spry-5
/images/running/products/ultraspire-spry-5/sections/fit.png,1767459,1.69,review-section,ultraspire-spry-5
/images/home/products/ultraspire-spry-5/sections/performance.png,1765869,1.68,review-section,ultraspire-spry-5
/images/packs/products/ultraspire-spry-5/sections/performance.png,1765869,1.68,review-section,ultraspire-spry-5
/images/running/products/ultraspire-spry-5/sections/performance.png,1765869,1.68,review-section,ultraspire-spry-5
/images/running/products/nike-romaleos-4/sections/value.png,1765599,1.68,review-section,nike-romaleos-4
/images/training/products/nike-romaleos-4/sections/value.png,1765599,1.68,review-section,nike-romaleos-4
/images/running/products/nobull-trainer/sections/performance.png,1765181,1.68,review-section,nobull-trainer
/images/training/products/nobull-trainer/sections/performance.png,1765181,1.68,review-section,nobull-trainer
/images/running/products/adidas-ultraboost-5/sections/usecase.png,1764956,1.68,review-section,adidas-ultraboost-5
/images/padel/products/adidas-solematch-control-2/sections/specs.png,1764172,1.68,review-section,adidas-solematch-control-2
/images/running/products/adidas-solematch-control-2/sections/specs.png,1764172,1.68,review-section,adidas-solematch-control-2
/images/tennis/products/adidas-solematch-control-2/sections/specs.png,1764172,1.68,review-section,adidas-solematch-control-2
/images/running/products/asics-gel-dedicate-8/sections/ride.png,1763630,1.68,review-section,asics-gel-dedicate-8
/images/tennis/products/asics-gel-dedicate-8/sections/ride.png,1763630,1.68,review-section,asics-gel-dedicate-8
/images/padel/products/adidas-barricade-13/sections/overview.png,1762569,1.68,review-section,adidas-barricade-13
/images/running/products/adidas-barricade-13/sections/overview.png,1762569,1.68,review-section,adidas-barricade-13
/images/tennis/products/adidas-barricade-13/sections/overview.png,1762569,1.68,review-section,adidas-barricade-13
/images/running/products/nobull-trainer/sections/upper.png,1762161,1.68,review-section,nobull-trainer
/images/training/products/nobull-trainer/sections/upper.png,1762161,1.68,review-section,nobull-trainer
/images/running/products/adidas-courtjam-control-3/sections/ride.png,1759422,1.68,review-section,adidas-courtjam-control-3
/images/tennis/products/adidas-courtjam-control-3/sections/ride.png,1759422,1.68,review-section,adidas-courtjam-control-3
/images/running/products/adidas-ultraboost-5/sections/overview.png,1758997,1.68,review-section,adidas-ultraboost-5
/images/running/products/adidas-ultraboost-5/sections/value.png,1758989,1.68,review-section,adidas-ultraboost-5
/images/running/products/asics-solution-speed-ff-3/sections/stability.png,1758557,1.68,review-section,asics-solution-speed-ff-3
/images/tennis/products/asics-solution-speed-ff-3/sections/stability.png,1758557,1.68,review-section,asics-solution-speed-ff-3
/images/running/products/adidas-solematch-control-2/sections/assessment.png,1753712,1.67,review-section,adidas-solematch-control-2
/images/tennis/products/adidas-solematch-control-2/sections/assessment.png,1753712,1.67,review-section,adidas-solematch-control-2
/images/padel/products/adidas-barricade-13/sections/usecase.png,1752620,1.67,review-section,adidas-barricade-13
/images/running/products/adidas-barricade-13/sections/usecase.png,1752620,1.67,review-section,adidas-barricade-13
/images/tennis/products/adidas-barricade-13/sections/usecase.png,1752620,1.67,review-section,adidas-barricade-13
/images/running/products/asics-gt-1000-13/sections/overview.png,1751086,1.67,review-section,asics-gt-1000-13
/images/running/products/asics-gel-trabuco-13/sections/stability.png,1750988,1.67,review-section,asics-gel-trabuco-13
/images/watches/products/coros-apex-4/sections/tradeoffs.png,1750071,1.67,review-section,coros-apex-4
/images/running/products/nike-metcon-9/sections/performance.png,1749059,1.67,review-section,nike-metcon-9
/images/training/products/nike-metcon-9/sections/performance.png,1749059,1.67,review-section,nike-metcon-9
/images/running/products/nike-react-infinity-run-4/sections/specs.png,1747658,1.67,review-section,nike-react-infinity-run-4
/images/running/products/adidas-solematch-control-2/sections/upper.png,1747577,1.67,review-section,adidas-solematch-control-2
/images/tennis/products/adidas-solematch-control-2/sections/upper.png,1747577,1.67,review-section,adidas-solematch-control-2
/images/padel/products/adidas-courtjam-control-3/sections/overview.png,1746518,1.67,review-section,adidas-courtjam-control-3
/images/running/products/adidas-courtjam-control-3/sections/overview.png,1746518,1.67,review-section,adidas-courtjam-control-3
/images/tennis/products/adidas-courtjam-control-3/sections/overview.png,1746518,1.67,review-section,adidas-courtjam-control-3
/images/running/products/nb-minimus-tr/sections/overview.png,1745940,1.67,review-section,nb-minimus-tr
/images/training/products/nb-minimus-tr/sections/overview.png,1745940,1.67,review-section,nb-minimus-tr
/images/padel/products/head-extreme-motion-2026-hero.png,1744667,1.66,hero,head-extreme-motion-2026-hero.png
/images/padel/products/babolat-sensa-women/sections/assessment.png,1744642,1.66,review-section,babolat-sensa-women
/images/running/products/babolat-sensa-women/sections/assessment.png,1744642,1.66,review-section,babolat-sensa-women
/images/padel/products/bullpadel-ionic-woman/sections/ride.png,1744069,1.66,review-section,bullpadel-ionic-woman
/images/running/products/bullpadel-ionic-woman/sections/ride.png,1744069,1.66,review-section,bullpadel-ionic-woman
/images/running/products/nike-savaleos/sections/ride.png,1742633,1.66,review-section,nike-savaleos
/images/training/products/nike-savaleos/sections/ride.png,1742633,1.66,review-section,nike-savaleos
/images/padel/products/nike-court-vapor-pro-3/sections/usecase.png,1742012,1.66,review-section,nike-court-vapor-pro-3
/images/running/products/nike-court-vapor-pro-3/sections/usecase.png,1742012,1.66,review-section,nike-court-vapor-pro-3
/images/tennis/products/nike-court-vapor-pro-3/sections/usecase.png,1742012,1.66,review-section,nike-court-vapor-pro-3
/images/fitness/products/head-revolt-pro-court/sections/stability.png,1741172,1.66,review-section,head-revolt-pro-court
/images/running/products/head-revolt-pro-court/sections/stability.png,1741172,1.66,review-section,head-revolt-pro-court
/images/fitness/products/asics-gel-challenger-court/sections/assessment.png,1740076,1.66,review-section,asics-gel-challenger-court
/images/running/products/asics-gel-challenger-court/sections/assessment.png,1740076,1.66,review-section,asics-gel-challenger-court
/images/running/products/nb-minimus-tr/sections/performance.png,1738340,1.66,review-section,nb-minimus-tr
/images/training/products/nb-minimus-tr/sections/performance.png,1738340,1.66,review-section,nb-minimus-tr
/images/running/products/asics-gel-challenger-15/sections/ride.png,1737964,1.66,review-section,asics-gel-challenger-15
/images/tennis/products/asics-gel-challenger-15/sections/ride.png,1737964,1.66,review-section,asics-gel-challenger-15
/images/padel/products/nike-court-vapor-pro-3/sections/overview.png,1737691,1.66,review-section,nike-court-vapor-pro-3
/images/running/products/nike-court-vapor-pro-3/sections/overview.png,1737691,1.66,review-section,nike-court-vapor-pro-3
/images/tennis/products/nike-court-vapor-pro-3/sections/overview.png,1737691,1.66,review-section,nike-court-vapor-pro-3
/images/running/products/asics-gt-1000-13/sections/performance.png,1737092,1.66,review-section,asics-gt-1000-13
/images/running/products/reebok-nano-court/sections/usecase.png,1736857,1.66,review-section,reebok-nano-court
/images/training/products/reebok-nano-court/sections/usecase.png,1736857,1.66,review-section,reebok-nano-court
/images/fitness/products/blackroll-ball/sections/value.png,1735550,1.66,review-section,blackroll-ball
/images/home/products/blackroll-ball/sections/value.png,1735550,1.66,review-section,blackroll-ball
/images/running/products/nike-metcon-9/sections/overview.png,1735239,1.65,review-section,nike-metcon-9
/images/training/products/nike-metcon-9/sections/overview.png,1735239,1.65,review-section,nike-metcon-9
/images/running/products/nike-react-infinity-run-4/sections/fit.png,1734550,1.65,review-section,nike-react-infinity-run-4
/images/running/products/reebok-nano-court/sections/overview.png,1733949,1.65,review-section,reebok-nano-court
/images/training/products/reebok-nano-court/sections/overview.png,1733949,1.65,review-section,reebok-nano-court
/images/running/products/adidas-adizero-boston-13/sections/overview.png,1733734,1.65,review-section,adidas-adizero-boston-13
/images/running/products/nb-minimus-tr/sections/usecase.png,1732995,1.65,review-section,nb-minimus-tr
/images/training/products/nb-minimus-tr/sections/usecase.png,1732995,1.65,review-section,nb-minimus-tr
/images/padel/products/adidas-barricade-13/sections/performance.png,1732469,1.65,review-section,adidas-barricade-13
/images/running/products/adidas-barricade-13/sections/performance.png,1732469,1.65,review-section,adidas-barricade-13
/images/tennis/products/adidas-barricade-13/sections/performance.png,1732469,1.65,review-section,adidas-barricade-13
/images/packs/products/nathan-streak-reflective-vest/sections/overview.png,1732049,1.65,review-section,nathan-streak-reflective-vest
/images/running/products/nathan-streak-reflective-vest/sections/overview.png,1732049,1.65,review-section,nathan-streak-reflective-vest
/images/padel/products/adidas-courtjam-control-3/sections/usecase.png,1730706,1.65,review-section,adidas-courtjam-control-3
/images/running/products/adidas-courtjam-control-3/sections/usecase.png,1730706,1.65,review-section,adidas-courtjam-control-3
/images/tennis/products/adidas-courtjam-control-3/sections/usecase.png,1730706,1.65,review-section,adidas-courtjam-control-3
/images/running/products/asics-gt-1000-13/sections/usecase.png,1729973,1.65,review-section,asics-gt-1000-13
/images/running/products/adidas-adizero-boston-13/sections/performance.png,1729330,1.65,review-section,adidas-adizero-boston-13
/images/fitness/products/head-revolt-pro-court/sections/assessment.png,1727204,1.65,review-section,head-revolt-pro-court
/images/running/products/head-revolt-pro-court/sections/assessment.png,1727204,1.65,review-section,head-revolt-pro-court
/images/running/products/nike-metcon-9/sections/usecase.png,1726465,1.65,review-section,nike-metcon-9
/images/training/products/nike-metcon-9/sections/usecase.png,1726465,1.65,review-section,nike-metcon-9
/images/fitness/products/mirafit-weighted-vest/sections/performance.png,1726050,1.65,review-section,mirafit-weighted-vest
/images/home/products/mirafit-weighted-vest/sections/performance.png,1726050,1.65,review-section,mirafit-weighted-vest
/images/padel/products/asics-gel-resolution-padel/sections/specs.png,1725098,1.65,review-section,asics-gel-resolution-padel
/images/running/products/asics-gel-resolution-padel/sections/specs.png,1725098,1.65,review-section,asics-gel-resolution-padel
/images/running/products/adidas-adizero-boston-13/sections/usecase.png,1724467,1.64,review-section,adidas-adizero-boston-13
/images/padel/products/nike-court-vapor-pro-3/sections/performance.png,1723856,1.64,review-section,nike-court-vapor-pro-3
/images/running/products/nike-court-vapor-pro-3/sections/performance.png,1723856,1.64,review-section,nike-court-vapor-pro-3
/images/tennis/products/nike-court-vapor-pro-3/sections/performance.png,1723856,1.64,review-section,nike-court-vapor-pro-3
/images/running/products/adidas-ultraboost-5/sections/performance.png,1722951,1.64,review-section,adidas-ultraboost-5
/images/padel/products/adidas-crazyquick-boost-padel/sections/stability.png,1722578,1.64,review-section,adidas-crazyquick-boost-padel
/images/running/products/adidas-crazyquick-boost-padel/sections/stability.png,1722578,1.64,review-section,adidas-crazyquick-boost-padel
/images/watches/products/garmin-fenix-8/sections/usecase.png,1721586,1.64,review-section,garmin-fenix-8
/images/padel/products/bullpadel-ionic-woman/sections/fit.png,1720458,1.64,review-section,bullpadel-ionic-woman
/images/running/products/bullpadel-ionic-woman/sections/fit.png,1720458,1.64,review-section,bullpadel-ionic-woman
/images/padel/products/asics-gel-challenger-15/sections/value.png,1716891,1.64,review-section,asics-gel-challenger-15
/images/running/products/asics-gel-challenger-15/sections/value.png,1716891,1.64,review-section,asics-gel-challenger-15
/images/tennis/products/asics-gel-challenger-15/sections/value.png,1716891,1.64,review-section,asics-gel-challenger-15
/images/running/products/new-balance-fresh-foam-x-860-v14/sections/overview.png,1716421,1.64,review-section,new-balance-fresh-foam-x-860-v14
/images/fitness/products/asics-gel-challenger-court/sections/stability.png,1716189,1.64,review-section,asics-gel-challenger-court
/images/running/products/asics-gel-challenger-court/sections/stability.png,1716189,1.64,review-section,asics-gel-challenger-court
/images/padel/products/asics-solution-swift-ff2-padel/sections/assessment.png,1715616,1.64,review-section,asics-solution-swift-ff2-padel
/images/running/products/asics-solution-swift-ff2-padel/sections/assessment.png,1715616,1.64,review-section,asics-solution-swift-ff2-padel
/images/running/products/nike-vomero-18-grip.png,1715106,1.64,other,nike-vomero-18-grip.png
/images/running/products/on-cloudmonster-hyper/sections/performance.png,1714371,1.63,review-section,on-cloudmonster-hyper
/images/running/products/nike-romaleos-4/sections/specs.png,1714238,1.63,review-section,nike-romaleos-4
/images/training/products/nike-romaleos-4/sections/specs.png,1714238,1.63,review-section,nike-romaleos-4
/images/running/products/on-cloudmonster-hyper/sections/overview.png,1714165,1.63,review-section,on-cloudmonster-hyper
/images/packs/products/nathan-streak-reflective-vest/sections/performance.png,1711651,1.63,review-section,nathan-streak-reflective-vest
/images/running/products/nathan-streak-reflective-vest/sections/performance.png,1711651,1.63,review-section,nathan-streak-reflective-vest
/images/running/products/saucony-xodus-ultra-3/sections/stability.png,1711397,1.63,review-section,saucony-xodus-ultra-3
/images/fitness/products/blackroll-med/sections/value.png,1711195,1.63,review-section,blackroll-med
/images/home/products/blackroll-med/sections/value.png,1711195,1.63,review-section,blackroll-med
/images/padel/products/asics-gel-resolution-9/sections/performance.png,1710928,1.63,review-section,asics-gel-resolution-9
/images/running/products/asics-gel-resolution-9/sections/performance.png,1710928,1.63,review-section,asics-gel-resolution-9
/images/tennis/products/asics-gel-resolution-9/sections/performance.png,1710928,1.63,review-section,asics-gel-resolution-9
/images/running/products/on-cloudmonster-hyper/sections/usecase.png,1710205,1.63,review-section,on-cloudmonster-hyper
/images/running/products/nike-react-infinity-run-4/sections/assessment.png,1709995,1.63,review-section,nike-react-infinity-run-4
/images/running/products/wilson-rush-pro-ace/sections/ride.png,1708623,1.63,review-section,wilson-rush-pro-ace
/images/tennis/products/wilson-rush-pro-ace/sections/ride.png,1708623,1.63,review-section,wilson-rush-pro-ace
/images/padel/products/asics-gel-resolution-padel/sections/performance.png,1708393,1.63,review-section,asics-gel-resolution-padel
/images/running/products/asics-gel-resolution-padel/sections/performance.png,1708393,1.63,review-section,asics-gel-resolution-padel
/images/running/products/nike-vomero-18/sections/grip.png,1706630,1.63,review-section,nike-vomero-18
/images/running/products/new-balance-fresh-foam-x-860-v14/sections/usecase.png,1706624,1.63,review-section,new-balance-fresh-foam-x-860-v14
/images/fitness/products/rogue-plate-carrier-vest/sections/fit.png,1705672,1.63,review-section,rogue-plate-carrier-vest
/images/home/products/rogue-plate-carrier-vest/sections/fit.png,1705672,1.63,review-section,rogue-plate-carrier-vest
/images/padel/products/adidas-crazyquick-boost-padel/sections/performance.png,1704760,1.63,review-section,adidas-crazyquick-boost-padel
/images/running/products/adidas-crazyquick-boost-padel/sections/performance.png,1704760,1.63,review-section,adidas-crazyquick-boost-padel
/images/running/products/brooks-cascadia-18/sections/stability.png,1701744,1.62,review-section,brooks-cascadia-18
/images/running/products/new-balance-fresh-foam-x-860-v14/sections/performance.png,1701741,1.62,review-section,new-balance-fresh-foam-x-860-v14
/images/padel/products/asics-gel-resolution-padel/sections/fit.png,1701106,1.62,review-section,asics-gel-resolution-padel
/images/running/products/asics-gel-resolution-padel/sections/fit.png,1701106,1.62,review-section,asics-gel-resolution-padel
/images/padel/products/adidas-crazyquick-boost-padel/sections/overview.png,1700822,1.62,review-section,adidas-crazyquick-boost-padel
/images/running/products/adidas-crazyquick-boost-padel/sections/overview.png,1700822,1.62,review-section,adidas-crazyquick-boost-padel
/images/padel/products/asics-gel-resolution-padel/sections/overview.png,1700511,1.62,review-section,asics-gel-resolution-padel
/images/running/products/asics-gel-resolution-padel/sections/overview.png,1700511,1.62,review-section,asics-gel-resolution-padel
/images/running/products/reebok-nano-court/sections/performance.png,1697033,1.62,review-section,reebok-nano-court
/images/training/products/reebok-nano-court/sections/performance.png,1697033,1.62,review-section,reebok-nano-court
/images/running/products/nike-romaleos-4/sections/assessment.png,1696600,1.62,review-section,nike-romaleos-4
/images/training/products/nike-romaleos-4/sections/assessment.png,1696600,1.62,review-section,nike-romaleos-4
/images/padel/products/asics-gel-resolution-9/sections/usecase.png,1695779,1.62,review-section,asics-gel-resolution-9
/images/running/products/asics-gel-resolution-9/sections/usecase.png,1695779,1.62,review-section,asics-gel-resolution-9
/images/tennis/products/asics-gel-resolution-9/sections/usecase.png,1695779,1.62,review-section,asics-gel-resolution-9
/images/running/products/hoka-gaviota-5/sections/overview.png,1693623,1.62,review-section,hoka-gaviota-5
/images/padel/products/asics-gel-challenger-15/sections/usecase.png,1691924,1.61,review-section,asics-gel-challenger-15
/images/running/products/asics-gel-challenger-15/sections/usecase.png,1691924,1.61,review-section,asics-gel-challenger-15
/images/tennis/products/asics-gel-challenger-15/sections/usecase.png,1691924,1.61,review-section,asics-gel-challenger-15
/images/padel/products/asics-gel-challenger-15/sections/overview.png,1691748,1.61,review-section,asics-gel-challenger-15
/images/running/products/asics-gel-challenger-15/sections/overview.png,1691748,1.61,review-section,asics-gel-challenger-15
/images/tennis/products/asics-gel-challenger-15/sections/overview.png,1691748,1.61,review-section,asics-gel-challenger-15
/images/padel/products/adidas-courtjam-control-3/sections/performance.png,1690549,1.61,review-section,adidas-courtjam-control-3
/images/running/products/adidas-courtjam-control-3/sections/performance.png,1690549,1.61,review-section,adidas-courtjam-control-3
/images/tennis/products/adidas-courtjam-control-3/sections/performance.png,1690549,1.61,review-section,adidas-courtjam-control-3
/images/running/products/hoka-gaviota-5/sections/usecase.png,1690304,1.61,review-section,hoka-gaviota-5
/images/running/products/smartwool-run-targeted-cushion/sections/specs.png,1689700,1.61,review-section,smartwool-run-targeted-cushion
/images/padel/products/adidas-crazyquick-boost-padel/sections/usecase.png,1688473,1.61,review-section,adidas-crazyquick-boost-padel
/images/running/products/adidas-crazyquick-boost-padel/sections/usecase.png,1688473,1.61,review-section,adidas-crazyquick-boost-padel
/images/running/products/nike-react-infinity-run-4/sections/upper.png,1686482,1.61,review-section,nike-react-infinity-run-4
/images/padel/products/asics-gel-resolution-9/sections/overview.png,1685676,1.61,review-section,asics-gel-resolution-9
/images/running/products/asics-gel-resolution-9/sections/overview.png,1685676,1.61,review-section,asics-gel-resolution-9
/images/tennis/products/asics-gel-resolution-9/sections/overview.png,1685676,1.61,review-section,asics-gel-resolution-9
/images/running/products/nike-vomero-18-specs.png,1684843,1.61,other,nike-vomero-18-specs.png
/images/home/products/nathan-vaporair-2/sections/value.png,1684269,1.61,review-section,nathan-vaporair-2
/images/packs/products/nathan-vaporair-2/sections/value.png,1684269,1.61,review-section,nathan-vaporair-2
/images/running/products/nathan-vaporair-2/sections/value.png,1684269,1.61,review-section,nathan-vaporair-2
/images/fitness/products/asics-gel-challenger-court/sections/usecase.png,1683900,1.61,review-section,asics-gel-challenger-court
/images/padel/products/asics-gel-challenger-court/sections/usecase.png,1683900,1.61,review-section,asics-gel-challenger-court
/images/running/products/asics-gel-challenger-court/sections/usecase.png,1683900,1.61,review-section,asics-gel-challenger-court
/images/padel/products/asics-gel-resolution-9-clay/sections/fit.png,1682767,1.60,review-section,asics-gel-resolution-9-clay
/images/running/products/asics-gel-resolution-9-clay/sections/fit.png,1682767,1.60,review-section,asics-gel-resolution-9-clay
/images/tennis/products/asics-gel-resolution-9-clay/sections/fit.png,1682767,1.60,review-section,asics-gel-resolution-9-clay
/images/running/products/hoka-gaviota-5/sections/performance.png,1682606,1.60,review-section,hoka-gaviota-5
/images/running/products/adidas-solematch-control-2/sections/ride.png,1682053,1.60,review-section,adidas-solematch-control-2
/images/tennis/products/adidas-solematch-control-2/sections/ride.png,1682053,1.60,review-section,adidas-solematch-control-2
/images/padel/products/asics-gel-resolution-9-clay/sections/specs.png,1681800,1.60,review-section,asics-gel-resolution-9-clay
/images/running/products/asics-gel-resolution-9-clay/sections/specs.png,1681800,1.60,review-section,asics-gel-resolution-9-clay
/images/tennis/products/asics-gel-resolution-9-clay/sections/specs.png,1681800,1.60,review-section,asics-gel-resolution-9-clay
/images/fitness/products/bowflex-selecttech-1090/sections/value.png,1680346,1.60,review-section,bowflex-selecttech-1090
/images/home/products/bowflex-selecttech-1090/sections/value.png,1680346,1.60,review-section,bowflex-selecttech-1090
/images/padel/products/asics-gel-resolution-padel/sections/usecase.png,1678141,1.60,review-section,asics-gel-resolution-padel
/images/running/products/asics-gel-resolution-padel/sections/usecase.png,1678141,1.60,review-section,asics-gel-resolution-padel
/images/padel/products/adidas-crazyquick-boost-padel/sections/specs.png,1677974,1.60,review-section,adidas-crazyquick-boost-padel
/images/running/products/adidas-crazyquick-boost-padel/sections/specs.png,1677974,1.60,review-section,adidas-crazyquick-boost-padel
/images/running/products/nike-react-infinity-run-4/sections/ride.png,1677619,1.60,review-section,nike-react-infinity-run-4
/images/padel/products/asics-gel-resolution-padel/sections/stability.png,1676977,1.60,review-section,asics-gel-resolution-padel
/images/running/products/asics-gel-resolution-padel/sections/stability.png,1676977,1.60,review-section,asics-gel-resolution-padel
/images/padel/products/asics-gel-challenger-15/sections/performance.png,1675792,1.60,review-section,asics-gel-challenger-15
/images/running/products/asics-gel-challenger-15/sections/performance.png,1675792,1.60,review-section,asics-gel-challenger-15
/images/tennis/products/asics-gel-challenger-15/sections/performance.png,1675792,1.60,review-section,asics-gel-challenger-15
/images/running/products/topo-athletic-terraventure-5/sections/stability.png,1675732,1.60,review-section,topo-athletic-terraventure-5
/images/padel/products/babolat-sensa-women/sections/performance.png,1675723,1.60,review-section,babolat-sensa-women
/images/running/products/babolat-sensa-women/sections/performance.png,1675723,1.60,review-section,babolat-sensa-women
/images/padel/products/adidas-solematch-control-2/sections/value.png,1675553,1.60,review-section,adidas-solematch-control-2
/images/running/products/adidas-solematch-control-2/sections/value.png,1675553,1.60,review-section,adidas-solematch-control-2
/images/tennis/products/adidas-solematch-control-2/sections/value.png,1675553,1.60,review-section,adidas-solematch-control-2
/images/padel/products/adidas-solematch-control-2/sections/overview.png,1675523,1.60,review-section,adidas-solematch-control-2
/images/running/products/adidas-solematch-control-2/sections/overview.png,1675523,1.60,review-section,adidas-solematch-control-2
/images/tennis/products/adidas-solematch-control-2/sections/overview.png,1675523,1.60,review-section,adidas-solematch-control-2
/images/fitness/products/rogue-echo-kettlebell/sections/fit.png,1673745,1.60,review-section,rogue-echo-kettlebell
/images/home/products/rogue-echo-kettlebell/sections/fit.png,1673745,1.60,review-section,rogue-echo-kettlebell
/images/fitness/products/head-revolt-pro-court/sections/ride.png,1673736,1.60,review-section,head-revolt-pro-court
/images/running/products/head-revolt-pro-court/sections/ride.png,1673736,1.60,review-section,head-revolt-pro-court
/images/running/products/asics-gel-resolution-9-clay/sections/assessment.png,1672305,1.59,review-section,asics-gel-resolution-9-clay
/images/tennis/products/asics-gel-resolution-9-clay/sections/assessment.png,1672305,1.59,review-section,asics-gel-resolution-9-clay
/images/padel/products/k-swiss-hypercourt-express-2/sections/performance.png,1672044,1.59,review-section,k-swiss-hypercourt-express-2
/images/running/products/k-swiss-hypercourt-express-2/sections/performance.png,1672044,1.59,review-section,k-swiss-hypercourt-express-2
/images/tennis/products/k-swiss-hypercourt-express-2/sections/performance.png,1672044,1.59,review-section,k-swiss-hypercourt-express-2
/images/watches/products/apple-watch-ultra-3/sections/usecase.png,1669435,1.59,review-section,apple-watch-ultra-3
/images/running/products/nike-vomero-18/sections/stability.png,1669055,1.59,review-section,nike-vomero-18
/images/running/products/darn-tough-run-1-4/sections/value.png,1668808,1.59,review-section,darn-tough-run-1-4
/images/running/products/asics-gel-resolution-9-clay/sections/upper.png,1667325,1.59,review-section,asics-gel-resolution-9-clay
/images/tennis/products/asics-gel-resolution-9-clay/sections/upper.png,1667325,1.59,review-section,asics-gel-resolution-9-clay
/images/running/products/smartwool-run-targeted-cushion/sections/value.png,1667248,1.59,review-section,smartwool-run-targeted-cushion
/images/padel/products/wilson-rush-pro-ace/sections/usecase.png,1666292,1.59,review-section,wilson-rush-pro-ace
/images/running/products/wilson-rush-pro-ace/sections/usecase.png,1666292,1.59,review-section,wilson-rush-pro-ace
/images/tennis/products/wilson-rush-pro-ace/sections/usecase.png,1666292,1.59,review-section,wilson-rush-pro-ace
/images/padel/products/asics-gel-dedicate-8/sections/performance.png,1664930,1.59,review-section,asics-gel-dedicate-8
/images/running/products/asics-gel-dedicate-8/sections/performance.png,1664930,1.59,review-section,asics-gel-dedicate-8
/images/tennis/products/asics-gel-dedicate-8/sections/performance.png,1664930,1.59,review-section,asics-gel-dedicate-8
/images/running/products/nike-romaleos-4/sections/ride.png,1664679,1.59,review-section,nike-romaleos-4
/images/training/products/nike-romaleos-4/sections/ride.png,1664679,1.59,review-section,nike-romaleos-4
/images/watches/products/coros-pace-3/gallery/detail-2.png,1664425,1.59,gallery,coros-pace-3
/images/fitness/products/asics-gel-challenger-court/sections/overview.png,1664072,1.59,review-section,asics-gel-challenger-court
/images/padel/products/asics-gel-challenger-court/sections/overview.png,1664072,1.59,review-section,asics-gel-challenger-court
/images/running/products/asics-gel-challenger-court/sections/overview.png,1664072,1.59,review-section,asics-gel-challenger-court
/images/running/products/hoka-arahi-7-hero.jpg,1664053,1.59,hero,hoka-arahi-7-hero.jpg
/images/padel/products/k-swiss-hypercourt-express-2/sections/usecase.png,1663630,1.59,review-section,k-swiss-hypercourt-express-2
/images/running/products/k-swiss-hypercourt-express-2/sections/usecase.png,1663630,1.59,review-section,k-swiss-hypercourt-express-2
/images/tennis/products/k-swiss-hypercourt-express-2/sections/usecase.png,1663630,1.59,review-section,k-swiss-hypercourt-express-2
/images/padel/products/adidas-solematch-control-2/sections/usecase.png,1663404,1.59,review-section,adidas-solematch-control-2
/images/running/products/adidas-solematch-control-2/sections/usecase.png,1663404,1.59,review-section,adidas-solematch-control-2
/images/tennis/products/adidas-solematch-control-2/sections/usecase.png,1663404,1.59,review-section,adidas-solematch-control-2
/images/fitness/products/head-revolt-pro-court/sections/fit.png,1662849,1.59,review-section,head-revolt-pro-court
/images/padel/products/head-revolt-pro-court/sections/fit.png,1662849,1.59,review-section,head-revolt-pro-court
/images/running/products/head-revolt-pro-court/sections/fit.png,1662849,1.59,review-section,head-revolt-pro-court
/images/running/products/nike-savaleos/sections/overview.png,1662785,1.59,review-section,nike-savaleos
/images/training/products/nike-savaleos/sections/overview.png,1662785,1.59,review-section,nike-savaleos
/images/padel/products/adidas-metalbone-hrd-hero.png,1662741,1.59,hero,adidas-metalbone-hrd-hero.png
/images/running/products/altra-paradigm-7/sections/performance.png,1661272,1.58,review-section,altra-paradigm-7
/images/padel/products/asics-gel-dedicate-8/sections/usecase.png,1659543,1.58,review-section,asics-gel-dedicate-8
/images/running/products/asics-gel-dedicate-8/sections/usecase.png,1659543,1.58,review-section,asics-gel-dedicate-8
/images/tennis/products/asics-gel-dedicate-8/sections/usecase.png,1659543,1.58,review-section,asics-gel-dedicate-8
/images/fitness/products/head-revolt-pro-court/sections/overview.png,1658610,1.58,review-section,head-revolt-pro-court
/images/padel/products/head-revolt-pro-court/sections/overview.png,1658610,1.58,review-section,head-revolt-pro-court
/images/running/products/head-revolt-pro-court/sections/overview.png,1658610,1.58,review-section,head-revolt-pro-court
/images/watches/products/coros-apex-2-pro-hero.png,1658602,1.58,hero,coros-apex-2-pro-hero.png
/images/padel/products/head-extreme-pro-padel-hero.png,1658113,1.58,hero,head-extreme-pro-padel-hero.png
/images/padel/products/asics-gel-dedicate-8/sections/overview.png,1657825,1.58,review-section,asics-gel-dedicate-8
/images/running/products/asics-gel-dedicate-8/sections/overview.png,1657825,1.58,review-section,asics-gel-dedicate-8
/images/tennis/products/asics-gel-dedicate-8/sections/overview.png,1657825,1.58,review-section,asics-gel-dedicate-8
/images/running/products/scosche-rhythm-plus-2/sections/durability.png,1657428,1.58,review-section,scosche-rhythm-plus-2
/images/watches/products/apple-watch-ultra-3/sections/tradeoffs.png,1657326,1.58,review-section,apple-watch-ultra-3
/images/running/products/nike-vomero-18-assessment.png,1657313,1.58,other,nike-vomero-18-assessment.png
/images/packs/products/nathan-streak-reflective-vest/sections/usecase.png,1656763,1.58,review-section,nathan-streak-reflective-vest
/images/running/products/nathan-streak-reflective-vest/sections/usecase.png,1656763,1.58,review-section,nathan-streak-reflective-vest
/images/running/products/nike-vomero-18-durability.png,1655580,1.58,other,nike-vomero-18-durability.png
/images/packs/products/salomon-soft-flask-500/sections/value.png,1655442,1.58,review-section,salomon-soft-flask-500
/images/running/products/salomon-soft-flask-500/sections/value.png,1655442,1.58,review-section,salomon-soft-flask-500
/images/running/products/salomon-ultra-glide-2/sections/stability.png,1655106,1.58,review-section,salomon-ultra-glide-2
/images/padel/products/wilson-rush-pro-ace/sections/overview.png,1654311,1.58,review-section,wilson-rush-pro-ace
/images/running/products/wilson-rush-pro-ace/sections/overview.png,1654311,1.58,review-section,wilson-rush-pro-ace
/images/tennis/products/wilson-rush-pro-ace/sections/overview.png,1654311,1.58,review-section,wilson-rush-pro-ace
/images/fitness/products/head-revolt-pro-court/sections/performance.png,1652738,1.58,review-section,head-revolt-pro-court
/images/padel/products/head-revolt-pro-court/sections/performance.png,1652738,1.58,review-section,head-revolt-pro-court
/images/running/products/head-revolt-pro-court/sections/performance.png,1652738,1.58,review-section,head-revolt-pro-court
/images/padel/products/adidas-crazyquick-boost-padel/sections/ride.png,1652021,1.58,review-section,adidas-crazyquick-boost-padel
/images/running/products/adidas-crazyquick-boost-padel/sections/ride.png,1652021,1.58,review-section,adidas-crazyquick-boost-padel
/images/running/products/nike-react-infinity-run-4/sections/value.png,1651569,1.58,review-section,nike-react-infinity-run-4
/images/padel/products/asics-gel-resolution-padel/sections/ride.png,1651422,1.57,review-section,asics-gel-resolution-padel
/images/running/products/asics-gel-resolution-padel/sections/ride.png,1651422,1.57,review-section,asics-gel-resolution-padel
/images/padel/products/k-swiss-hypercourt-express-2/sections/overview.png,1648277,1.57,review-section,k-swiss-hypercourt-express-2
/images/running/products/k-swiss-hypercourt-express-2/sections/overview.png,1648277,1.57,review-section,k-swiss-hypercourt-express-2
/images/tennis/products/k-swiss-hypercourt-express-2/sections/overview.png,1648277,1.57,review-section,k-swiss-hypercourt-express-2
/images/running/products/nike-savaleos/sections/usecase.png,1645846,1.57,review-section,nike-savaleos
/images/training/products/nike-savaleos/sections/usecase.png,1645846,1.57,review-section,nike-savaleos
/images/running/products/brooks-glycerin-gts-22/sections/stability.png,1645514,1.57,review-section,brooks-glycerin-gts-22
/images/padel/products/babolat-sensa-women/sections/overview.png,1645165,1.57,review-section,babolat-sensa-women
/images/running/products/babolat-sensa-women/sections/overview.png,1645165,1.57,review-section,babolat-sensa-women
/images/running/products/asics-gel-resolution-9-clay/sections/ride.png,1644448,1.57,review-section,asics-gel-resolution-9-clay
/images/tennis/products/asics-gel-resolution-9-clay/sections/ride.png,1644448,1.57,review-section,asics-gel-resolution-9-clay
/images/running/products/hoka-transport/sections/stability.png,1644239,1.57,review-section,hoka-transport
/images/training/products/hoka-transport/sections/stability.png,1644239,1.57,review-section,hoka-transport
/images/padel/products/wilson-rush-pro-ace/sections/performance.png,1643991,1.57,review-section,wilson-rush-pro-ace
/images/running/products/wilson-rush-pro-ace/sections/performance.png,1643991,1.57,review-section,wilson-rush-pro-ace
/images/tennis/products/wilson-rush-pro-ace/sections/performance.png,1643991,1.57,review-section,wilson-rush-pro-ace
/images/running/products/altra-paradigm-7/sections/usecase.png,1643158,1.57,review-section,altra-paradigm-7
/images/running/products/altra-paradigm-7/sections/overview.png,1643006,1.57,review-section,altra-paradigm-7
/images/running/products/tyr-cxt1-trainer/sections/ride.png,1641183,1.57,review-section,tyr-cxt1-trainer
/images/training/products/tyr-cxt1-trainer/sections/ride.png,1641183,1.57,review-section,tyr-cxt1-trainer
/images/padel/products/babolat-sensa-women/sections/specs.png,1639597,1.56,review-section,babolat-sensa-women
/images/running/products/babolat-sensa-women/sections/specs.png,1639597,1.56,review-section,babolat-sensa-women
/images/watches/products/coros-apex-4/sections/performance.png,1637273,1.56,review-section,coros-apex-4
/images/running/products/saucony-guide-18/sections/stability.png,1636821,1.56,review-section,saucony-guide-18
/images/fitness/products/asics-gel-challenger-court/sections/performance.png,1636546,1.56,review-section,asics-gel-challenger-court
/images/padel/products/asics-gel-challenger-court/sections/performance.png,1636546,1.56,review-section,asics-gel-challenger-court
/images/running/products/asics-gel-challenger-court/sections/performance.png,1636546,1.56,review-section,asics-gel-challenger-court
/images/running/products/wilson-rush-pro-4-0/sections/stability.png,1636485,1.56,review-section,wilson-rush-pro-4-0
/images/tennis/products/wilson-rush-pro-4-0/sections/stability.png,1636485,1.56,review-section,wilson-rush-pro-4-0
/images/padel/products/asics-gel-resolution-padel/sections/value.png,1635891,1.56,review-section,asics-gel-resolution-padel
/images/running/products/asics-gel-resolution-padel/sections/value.png,1635891,1.56,review-section,asics-gel-resolution-padel
/images/running/products/k-swiss-ultrashot-3/sections/stability.png,1635844,1.56,review-section,k-swiss-ultrashot-3
/images/tennis/products/k-swiss-ultrashot-3/sections/stability.png,1635844,1.56,review-section,k-swiss-ultrashot-3
/images/padel/products/asics-solution-swift-ff2-padel/sections/stability.png,1634320,1.56,review-section,asics-solution-swift-ff2-padel
/images/running/products/asics-solution-swift-ff2-padel/sections/stability.png,1634320,1.56,review-section,asics-solution-swift-ff2-padel
/images/running/products/nike-savaleos/sections/performance.png,1633834,1.56,review-section,nike-savaleos
/images/training/products/nike-savaleos/sections/performance.png,1633834,1.56,review-section,nike-savaleos
/images/running/products/garmin-hrm-600/sections/overview.png,1633443,1.56,review-section,garmin-hrm-600
/images/fitness/products/head-revolt-pro-court/sections/usecase.png,1631904,1.56,review-section,head-revolt-pro-court
/images/padel/products/head-revolt-pro-court/sections/usecase.png,1631904,1.56,review-section,head-revolt-pro-court
/images/running/products/head-revolt-pro-court/sections/usecase.png,1631904,1.56,review-section,head-revolt-pro-court
/images/home/products/nathan-vaporair-2/sections/specs.png,1630232,1.55,review-section,nathan-vaporair-2
/images/packs/products/nathan-vaporair-2/sections/specs.png,1630232,1.55,review-section,nathan-vaporair-2
/images/running/products/nathan-vaporair-2/sections/specs.png,1630232,1.55,review-section,nathan-vaporair-2
/images/running/products/polar-h10/sections/value.png,1629330,1.55,review-section,polar-h10
/images/padel/products/adidas-solematch-control-2/sections/performance.png,1627126,1.55,review-section,adidas-solematch-control-2
/images/running/products/adidas-solematch-control-2/sections/performance.png,1627126,1.55,review-section,adidas-solematch-control-2
/images/tennis/products/adidas-solematch-control-2/sections/performance.png,1627126,1.55,review-section,adidas-solematch-control-2
/images/fitness/products/asics-gel-challenger-court/sections/specs.png,1624776,1.55,review-section,asics-gel-challenger-court
/images/padel/products/asics-gel-challenger-court/sections/specs.png,1624776,1.55,review-section,asics-gel-challenger-court
/images/running/products/asics-gel-challenger-court/sections/specs.png,1624776,1.55,review-section,asics-gel-challenger-court
/images/padel/products/asics-gel-resolution-padel/sections/upper.png,1623689,1.55,review-section,asics-gel-resolution-padel
/images/running/products/asics-gel-resolution-padel/sections/upper.png,1623689,1.55,review-section,asics-gel-resolution-padel
/images/padel/products/babolat-sensa-women/sections/ride.png,1623010,1.55,review-section,babolat-sensa-women
/images/running/products/babolat-sensa-women/sections/ride.png,1623010,1.55,review-section,babolat-sensa-women
/images/padel/products/asics-solution-swift-ff2-padel/sections/overview.png,1622170,1.55,review-section,asics-solution-swift-ff2-padel
/images/running/products/asics-solution-swift-ff2-padel/sections/overview.png,1622170,1.55,review-section,asics-solution-swift-ff2-padel
/images/padel/products/asics-solution-swift-ff2-padel/sections/usecase.png,1620145,1.55,review-section,asics-solution-swift-ff2-padel
/images/running/products/asics-solution-swift-ff2-padel/sections/usecase.png,1620145,1.55,review-section,asics-solution-swift-ff2-padel
/images/running/products/buff-coolnet-uv/sections/value.png,1618487,1.54,review-section,buff-coolnet-uv
/images/padel/products/bullpadel-ionic-woman/sections/upper.png,1616881,1.54,review-section,bullpadel-ionic-woman
/images/running/products/bullpadel-ionic-woman/sections/upper.png,1616881,1.54,review-section,bullpadel-ionic-woman
/images/running/products/reebok-nano-x3/sections/fit.png,1616052,1.54,review-section,reebok-nano-x3
/images/training/products/reebok-nano-x3/sections/fit.png,1616052,1.54,review-section,reebok-nano-x3
/images/running/products/tyr-cxt1-trainer/sections/specs.png,1615158,1.54,review-section,tyr-cxt1-trainer
/images/training/products/tyr-cxt1-trainer/sections/specs.png,1615158,1.54,review-section,tyr-cxt1-trainer
/images/padel/products/babolat-sensa-women/sections/usecase.png,1614685,1.54,review-section,babolat-sensa-women
/images/running/products/babolat-sensa-women/sections/usecase.png,1614685,1.54,review-section,babolat-sensa-women
/images/running/products/nike-vomero-18/sections/overview.png,1613081,1.54,review-section,nike-vomero-18
/images/padel/products/babolat-sensa-women/sections/stability.png,1612908,1.54,review-section,babolat-sensa-women
/images/running/products/babolat-sensa-women/sections/stability.png,1612908,1.54,review-section,babolat-sensa-women
/images/running/products/brooks-glycerin-22/sections/value.png,1609429,1.53,review-section,brooks-glycerin-22
/images/running/products/new-balance-fresh-foam-x-hierro-v9/sections/stability.png,1608658,1.53,review-section,new-balance-fresh-foam-x-hierro-v9
/images/running/products/nike-vomero-18/sections/tradeoffs.png,1607142,1.53,review-section,nike-vomero-18
/images/running/products/babolat-jet-mach-3/sections/stability.png,1605791,1.53,review-section,babolat-jet-mach-3
/images/tennis/products/babolat-jet-mach-3/sections/stability.png,1605791,1.53,review-section,babolat-jet-mach-3
/images/padel/products/bullpadel-ionic-woman/sections/value.png,1603624,1.53,review-section,bullpadel-ionic-woman
/images/running/products/bullpadel-ionic-woman/sections/value.png,1603624,1.53,review-section,bullpadel-ionic-woman
/images/watches/products/suunto-race/sections/value.png,1603585,1.53,review-section,suunto-race
/images/fitness/products/pullup-and-dip-parallettes/sections/specs.png,1603103,1.53,review-section,pullup-and-dip-parallettes
/images/home/products/pullup-and-dip-parallettes/sections/specs.png,1603103,1.53,review-section,pullup-and-dip-parallettes
/images/fitness/products/head-revolt-pro-court/sections/value.png,1602881,1.53,review-section,head-revolt-pro-court
/images/padel/products/head-revolt-pro-court/sections/value.png,1602881,1.53,review-section,head-revolt-pro-court
/images/running/products/head-revolt-pro-court/sections/value.png,1602881,1.53,review-section,head-revolt-pro-court
/images/running/products/adidas-ultraboost-5/sections/stability.png,1598547,1.52,review-section,adidas-ultraboost-5
/images/running/products/altra-experience-flow/sections/stability.png,1597436,1.52,review-section,altra-experience-flow
/images/running/products/on-cloudsurfer-2/sections/stability.png,1596756,1.52,review-section,on-cloudsurfer-2
/images/running/products/nobull-trainer/sections/stability.png,1595664,1.52,review-section,nobull-trainer
/images/training/products/nobull-trainer/sections/stability.png,1595664,1.52,review-section,nobull-trainer
/images/running/qa/check-adrenaline.png,1593830,1.52,other,
/images/fitness/products/rogue-echo-kettlebell/sections/usecase.png,1590386,1.52,review-section,rogue-echo-kettlebell
/images/home/products/rogue-echo-kettlebell/sections/usecase.png,1590386,1.52,review-section,rogue-echo-kettlebell
/images/padel/products/adidas-crazyquick-boost-padel-women/sections/assessment.png,1589671,1.52,review-section,adidas-crazyquick-boost-padel-women
/images/running/products/adidas-crazyquick-boost-padel-women/sections/assessment.png,1589671,1.52,review-section,adidas-crazyquick-boost-padel-women
/images/home/products/ultimate-direction-adventure-vest/sections/specs.png,1589164,1.52,review-section,ultimate-direction-adventure-vest
/images/packs/products/ultimate-direction-adventure-vest/sections/specs.png,1589164,1.52,review-section,ultimate-direction-adventure-vest
/images/running/products/ultimate-direction-adventure-vest/sections/specs.png,1589164,1.52,review-section,ultimate-direction-adventure-vest
/images/running/products/nike-react-infinity-run-4/sections/overview.png,1585776,1.51,review-section,nike-react-infinity-run-4
/images/running/products/nike-react-infinity-run-4/sections/usecase.png,1585667,1.51,review-section,nike-react-infinity-run-4
/images/running/products/reebok-nano-x3/sections/value.png,1585445,1.51,review-section,reebok-nano-x3
/images/training/products/reebok-nano-x3/sections/value.png,1585445,1.51,review-section,reebok-nano-x3
/images/padel/products/asics-solution-swift-ff2-padel/sections/specs.png,1583553,1.51,review-section,asics-solution-swift-ff2-padel
/images/running/products/asics-solution-swift-ff2-padel/sections/specs.png,1583553,1.51,review-section,asics-solution-swift-ff2-padel
/images/fitness/products/bowflex-selecttech-552/sections/value.png,1582433,1.51,review-section,bowflex-selecttech-552
/images/home/products/bowflex-selecttech-552/sections/value.png,1582433,1.51,review-section,bowflex-selecttech-552
/images/fitness/products/pullup-and-dip-parallettes/sections/value.png,1582389,1.51,review-section,pullup-and-dip-parallettes
/images/home/products/pullup-and-dip-parallettes/sections/value.png,1582389,1.51,review-section,pullup-and-dip-parallettes
/images/padel/products/asics-gel-resolution-9-clay/sections/value.png,1579688,1.51,review-section,asics-gel-resolution-9-clay
/images/running/products/asics-gel-resolution-9-clay/sections/value.png,1579688,1.51,review-section,asics-gel-resolution-9-clay
/images/tennis/products/asics-gel-resolution-9-clay/sections/value.png,1579688,1.51,review-section,asics-gel-resolution-9-clay
/images/padel/products/asics-solution-swift-ff2-padel/sections/performance.png,1577716,1.50,review-section,asics-solution-swift-ff2-padel
/images/running/products/asics-solution-swift-ff2-padel/sections/performance.png,1577716,1.50,review-section,asics-solution-swift-ff2-padel
/images/fitness/products/asics-gel-challenger-court/sections/ride.png,1576323,1.50,review-section,asics-gel-challenger-court
/images/running/products/asics-gel-challenger-court/sections/ride.png,1576323,1.50,review-section,asics-gel-challenger-court
/images/padel/products/siux-diablo-hero.png,1575626,1.50,hero,siux-diablo-hero.png
/images/running/products/scosche-rhythm-plus-2/sections/usecase.png,1573664,1.50,review-section,scosche-rhythm-plus-2
/images/packs/products/salomon-soft-flask-500/sections/specs.png,1573348,1.50,review-section,salomon-soft-flask-500
/images/running/products/salomon-soft-flask-500/sections/specs.png,1573348,1.50,review-section,salomon-soft-flask-500
/images/running/products/polar-verity-sense/sections/tech.png,1572625,1.50,review-section,polar-verity-sense
/images/running/products/nike-court-vapor-pro-3/sections/stability.png,1572175,1.50,review-section,nike-court-vapor-pro-3
/images/tennis/products/nike-court-vapor-pro-3/sections/stability.png,1572175,1.50,review-section,nike-court-vapor-pro-3
/images/padel/products/wilson-blade-pro-padel-hero.png,1571107,1.50,hero,wilson-blade-pro-padel-hero.png
/images/running/products/therabody-theragun-mini-2/sections/overview.png,1571026,1.50,review-section,therabody-theragun-mini-2
/images/running/products/nike-pegasus-trail-5/sections/stability.png,1570470,1.50,review-section,nike-pegasus-trail-5
/images/running/products/adidas-barricade-13/sections/stability.png,1570247,1.50,review-section,adidas-barricade-13
/images/tennis/products/adidas-barricade-13/sections/stability.png,1570247,1.50,review-section,adidas-barricade-13
/images/watches/products/coros-pace-pro/gallery/side-1.png,1569133,1.50,gallery,coros-pace-pro
/images/watches/products/coros-pace-pro-hero.png,1568286,1.50,hero,coros-pace-pro-hero.png
/images/fitness/products/rogue-echo-kettlebell/sections/overview.png,1567412,1.49,review-section,rogue-echo-kettlebell
/images/home/products/rogue-echo-kettlebell/sections/overview.png,1567412,1.49,review-section,rogue-echo-kettlebell
/images/running/products/nike-react-infinity-run-4/sections/performance.png,1567305,1.49,review-section,nike-react-infinity-run-4
/images/running/products/new-balance-fresh-foam-x-860-v14/sections/stability.png,1564777,1.49,review-section,new-balance-fresh-foam-x-860-v14
/images/padel/products/asics-game-ff-padel/sections/assessment.png,1563571,1.49,review-section,asics-game-ff-padel
/images/running/products/asics-game-ff-padel/sections/assessment.png,1563571,1.49,review-section,asics-game-ff-padel
/images/running/products/salomon-genesis/sections/cushioning.png,1561852,1.49,review-section,salomon-genesis
/images/running/products/nike-romaleos-4/sections/overview.png,1560777,1.49,review-section,nike-romaleos-4
/images/training/products/nike-romaleos-4/sections/overview.png,1560777,1.49,review-section,nike-romaleos-4
/images/running/products/nike-romaleos-4/sections/usecase.png,1560292,1.49,review-section,nike-romaleos-4
/images/training/products/nike-romaleos-4/sections/usecase.png,1560292,1.49,review-section,nike-romaleos-4
/images/running/products/reebok-nano-court/sections/stability.png,1559267,1.49,review-section,reebok-nano-court
/images/training/products/reebok-nano-court/sections/stability.png,1559267,1.49,review-section,reebok-nano-court
/images/running/products/tyr-cxt1-trainer/sections/fit.png,1558201,1.49,review-section,tyr-cxt1-trainer
/images/training/products/tyr-cxt1-trainer/sections/fit.png,1558201,1.49,review-section,tyr-cxt1-trainer
/images/fitness/products/mirafit-m3-power-rack/sections/overview.png,1557956,1.49,review-section,mirafit-m3-power-rack
/images/home/products/mirafit-m3-power-rack/sections/overview.png,1557956,1.49,review-section,mirafit-m3-power-rack
/images/running/products/reebok-nano-x3/sections/assessment.png,1556939,1.48,review-section,reebok-nano-x3
/images/training/products/reebok-nano-x3/sections/assessment.png,1556939,1.48,review-section,reebok-nano-x3
/images/running/products/smartwool-run-targeted-cushion/sections/performance.png,1556363,1.48,review-section,smartwool-run-targeted-cushion
/images/home/products/ultimate-direction-adventure-vest/sections/value.png,1555920,1.48,review-section,ultimate-direction-adventure-vest
/images/packs/products/ultimate-direction-adventure-vest/sections/value.png,1555920,1.48,review-section,ultimate-direction-adventure-vest
/images/running/products/ultimate-direction-adventure-vest/sections/value.png,1555920,1.48,review-section,ultimate-direction-adventure-vest
/images/fitness/products/mirafit-m3-power-rack/sections/usecase.png,1555432,1.48,review-section,mirafit-m3-power-rack
/images/home/products/mirafit-m3-power-rack/sections/usecase.png,1555432,1.48,review-section,mirafit-m3-power-rack
/images/running/products/polar-h10/sections/overview.png,1554520,1.48,review-section,polar-h10
/images/fitness/products/asics-gel-challenger-court/sections/fit.png,1554069,1.48,review-section,asics-gel-challenger-court
/images/padel/products/asics-gel-challenger-court/sections/fit.png,1554069,1.48,review-section,asics-gel-challenger-court
/images/running/products/asics-gel-challenger-court/sections/fit.png,1554069,1.48,review-section,asics-gel-challenger-court
/images/padel/products/asics-gel-resolution-9-clay/sections/usecase.png,1553397,1.48,review-section,asics-gel-resolution-9-clay
/images/running/products/asics-gel-resolution-9-clay/sections/usecase.png,1553397,1.48,review-section,asics-gel-resolution-9-clay
/images/tennis/products/asics-gel-resolution-9-clay/sections/usecase.png,1553397,1.48,review-section,asics-gel-resolution-9-clay
/images/running/products/reebok-nano-x3/sections/specs.png,1552873,1.48,review-section,reebok-nano-x3
/images/training/products/reebok-nano-x3/sections/specs.png,1552873,1.48,review-section,reebok-nano-x3
/images/running/qa/use-case-heavy-runners-1440.png,1552838,1.48,other,
/images/home/products/ultimate-direction-race-vest-6/sections/specs.png,1552323,1.48,review-section,ultimate-direction-race-vest-6
/images/packs/products/ultimate-direction-race-vest-6/sections/specs.png,1552323,1.48,review-section,ultimate-direction-race-vest-6
/images/running/products/ultimate-direction-race-vest-6/sections/specs.png,1552323,1.48,review-section,ultimate-direction-race-vest-6
/images/running/products/nike-romaleos-4/sections/performance.png,1551638,1.48,review-section,nike-romaleos-4
/images/training/products/nike-romaleos-4/sections/performance.png,1551638,1.48,review-section,nike-romaleos-4
/images/running/products/brooks-glycerin-22/sections/fit.png,1550259,1.48,review-section,brooks-glycerin-22
/images/running/products/therabody-theragun-mini-2/sections/usecase.png,1547754,1.48,review-section,therabody-theragun-mini-2
/images/home/products/ultimate-direction-race-vest-6/sections/overview.png,1544177,1.47,review-section,ultimate-direction-race-vest-6
/images/packs/products/ultimate-direction-race-vest-6/sections/overview.png,1544177,1.47,review-section,ultimate-direction-race-vest-6
/images/running/products/ultimate-direction-race-vest-6/sections/overview.png,1544177,1.47,review-section,ultimate-direction-race-vest-6
/images/running/products/garmin-hrm-600/sections/performance.png,1542003,1.47,review-section,garmin-hrm-600
/images/padel/products/asics-gel-dedicate-8-padel/sections/overview.png,1541929,1.47,review-section,asics-gel-dedicate-8-padel
/images/running/products/asics-gel-dedicate-8-padel/sections/overview.png,1541929,1.47,review-section,asics-gel-dedicate-8-padel
/images/fitness/products/mirafit-m3-power-rack/sections/performance.png,1540910,1.47,review-section,mirafit-m3-power-rack
/images/home/products/mirafit-m3-power-rack/sections/performance.png,1540910,1.47,review-section,mirafit-m3-power-rack
/images/running/products/salomon-genesis/sections/grip.png,1539770,1.47,review-section,salomon-genesis
/images/padel/products/asics-gel-dedicate-8-padel/sections/assessment.png,1538661,1.47,review-section,asics-gel-dedicate-8-padel
/images/running/products/asics-gel-dedicate-8-padel/sections/assessment.png,1538661,1.47,review-section,asics-gel-dedicate-8-padel
/images/padel/products/asics-gel-resolution-9-clay/sections/overview.png,1538512,1.47,review-section,asics-gel-resolution-9-clay
/images/running/products/asics-gel-resolution-9-clay/sections/overview.png,1538512,1.47,review-section,asics-gel-resolution-9-clay
/images/tennis/products/asics-gel-resolution-9-clay/sections/overview.png,1538512,1.47,review-section,asics-gel-resolution-9-clay
/images/padel/products/asics-gel-dedicate-8-padel/sections/usecase.png,1535906,1.46,review-section,asics-gel-dedicate-8-padel
/images/running/products/asics-gel-dedicate-8-padel/sections/usecase.png,1535906,1.46,review-section,asics-gel-dedicate-8-padel
/images/running/products/reebok-nano-x3/sections/upper.png,1534861,1.46,review-section,reebok-nano-x3
/images/training/products/reebok-nano-x3/sections/upper.png,1534861,1.46,review-section,reebok-nano-x3
/images/packs/products/salomon-soft-flask-500/sections/usecase.png,1533678,1.46,review-section,salomon-soft-flask-500
/images/running/products/salomon-soft-flask-500/sections/usecase.png,1533678,1.46,review-section,salomon-soft-flask-500
/images/padel/products/asics-gel-resolution-9-clay/sections/performance.png,1532124,1.46,review-section,asics-gel-resolution-9-clay
/images/running/products/asics-gel-resolution-9-clay/sections/performance.png,1532124,1.46,review-section,asics-gel-resolution-9-clay
/images/tennis/products/asics-gel-resolution-9-clay/sections/performance.png,1532124,1.46,review-section,asics-gel-resolution-9-clay
/images/running/products/on-cloudmonster-hyper/sections/stability.png,1528686,1.46,review-section,on-cloudmonster-hyper
/images/home/products/nathan-vaporair-2/sections/fit.png,1528352,1.46,review-section,nathan-vaporair-2
/images/packs/products/nathan-vaporair-2/sections/fit.png,1528352,1.46,review-section,nathan-vaporair-2
/images/running/products/nathan-vaporair-2/sections/fit.png,1528352,1.46,review-section,nathan-vaporair-2
/images/running/products/salomon-genesis/sections/durability.png,1528164,1.46,review-section,salomon-genesis
/images/padel/products/asics-solution-swift-ff2-padel/sections/ride.png,1524680,1.45,review-section,asics-solution-swift-ff2-padel
/images/running/products/asics-solution-swift-ff2-padel/sections/ride.png,1524680,1.45,review-section,asics-solution-swift-ff2-padel
/images/home/products/black-diamond-distance-8/sections/value.png,1524498,1.45,review-section,black-diamond-distance-8
/images/packs/products/black-diamond-distance-8/sections/value.png,1524498,1.45,review-section,black-diamond-distance-8
/images/running/products/black-diamond-distance-8/sections/value.png,1524498,1.45,review-section,black-diamond-distance-8
/images/running/products/asics-gt-1000-13/sections/stability.png,1522824,1.45,review-section,asics-gt-1000-13
/images/running/products/adidas-courtjam-control-3/sections/stability.png,1521186,1.45,review-section,adidas-courtjam-control-3
/images/tennis/products/adidas-courtjam-control-3/sections/stability.png,1521186,1.45,review-section,adidas-courtjam-control-3
/images/padel/products/asics-game-ff-padel/sections/performance.png,1520476,1.45,review-section,asics-game-ff-padel
/images/running/products/asics-game-ff-padel/sections/performance.png,1520476,1.45,review-section,asics-game-ff-padel
/images/fitness/products/asics-gel-challenger-court/sections/upper.png,1519783,1.45,review-section,asics-gel-challenger-court
/images/running/products/asics-gel-challenger-court/sections/upper.png,1519783,1.45,review-section,asics-gel-challenger-court
/images/fitness/products/powerblock-elite-exp-90/sections/value.png,1519255,1.45,review-section,powerblock-elite-exp-90
/images/home/products/powerblock-elite-exp-90/sections/value.png,1519255,1.45,review-section,powerblock-elite-exp-90
/images/fitness/products/pullup-and-dip-parallettes/sections/fit.png,1518893,1.45,review-section,pullup-and-dip-parallettes
/images/home/products/pullup-and-dip-parallettes/sections/fit.png,1518893,1.45,review-section,pullup-and-dip-parallettes
/images/running/products/adidas-adizero-boston-13/sections/stability.png,1518560,1.45,review-section,adidas-adizero-boston-13
/images/fitness/products/head-revolt-pro-court/sections/upper.png,1516633,1.45,review-section,head-revolt-pro-court
/images/running/products/head-revolt-pro-court/sections/upper.png,1516633,1.45,review-section,head-revolt-pro-court
/images/packs/products/nathan-streak-reflective-vest/sections/fit.png,1515931,1.45,review-section,nathan-streak-reflective-vest
/images/running/products/nathan-streak-reflective-vest/sections/fit.png,1515931,1.45,review-section,nathan-streak-reflective-vest
/images/running/products/nb-minimus-tr/sections/stability.png,1514692,1.44,review-section,nb-minimus-tr
/images/training/products/nb-minimus-tr/sections/stability.png,1514692,1.44,review-section,nb-minimus-tr
/images/padel/products/bullpadel-hybrid-fly/sections/assessment.png,1513498,1.44,review-section,bullpadel-hybrid-fly
/images/running/products/bullpadel-hybrid-fly/sections/assessment.png,1513498,1.44,review-section,bullpadel-hybrid-fly
/images/packs/products/salomon-soft-flask-500/sections/performance.png,1510908,1.44,review-section,salomon-soft-flask-500
/images/running/products/salomon-soft-flask-500/sections/performance.png,1510908,1.44,review-section,salomon-soft-flask-500
/images/running/products/wilson-rush-pro-ace/sections/stability.png,1510432,1.44,review-section,wilson-rush-pro-ace
/images/tennis/products/wilson-rush-pro-ace/sections/stability.png,1510432,1.44,review-section,wilson-rush-pro-ace
/images/running/products/salming-race-9/sections/value.png,1510256,1.44,review-section,salming-race-9
/images/training/products/salming-race-9/sections/value.png,1510256,1.44,review-section,salming-race-9
/images/running/products/asics-gel-challenger-15/sections/stability.png,1509791,1.44,review-section,asics-gel-challenger-15
/images/tennis/products/asics-gel-challenger-15/sections/stability.png,1509791,1.44,review-section,asics-gel-challenger-15
/images/running/products/brooks-glycerin-22/sections/specs.png,1509039,1.44,review-section,brooks-glycerin-22
/images/fitness/products/mirafit-m3-power-rack/sections/specs.png,1508437,1.44,review-section,mirafit-m3-power-rack
/images/home/products/mirafit-m3-power-rack/sections/specs.png,1508437,1.44,review-section,mirafit-m3-power-rack
/images/running/products/garmin-hrm-600/sections/specs.png,1507959,1.44,review-section,garmin-hrm-600
/images/packs/products/salomon-soft-flask-500/sections/overview.png,1506840,1.44,review-section,salomon-soft-flask-500
/images/running/products/salomon-soft-flask-500/sections/overview.png,1506840,1.44,review-section,salomon-soft-flask-500
/images/watches/products/apple-watch-ultra-3/sections/performance.png,1505007,1.44,review-section,apple-watch-ultra-3
/images/padel/products/asics-game-ff-padel/sections/overview.png,1504123,1.43,review-section,asics-game-ff-padel
/images/running/products/asics-game-ff-padel/sections/overview.png,1504123,1.43,review-section,asics-game-ff-padel
/images/running/products/therabody-theragun-mini-2/sections/fit.png,1503280,1.43,review-section,therabody-theragun-mini-2
/images/running/products/puma-fuse-fasted/sections/fit.png,1503065,1.43,review-section,puma-fuse-fasted
/images/training/products/puma-fuse-fasted/sections/fit.png,1503065,1.43,review-section,puma-fuse-fasted
/images/watches/products/suunto-race/sections/specs.png,1494434,1.43,review-section,suunto-race
/images/padel/products/wilson-bela-pro-v2-2026/sections/value.png,1494351,1.43,review-section,wilson-bela-pro-v2-2026
/images/running/products/tyr-cxt-2/sections/value.png,1492599,1.42,review-section,tyr-cxt-2
/images/training/products/tyr-cxt-2/sections/value.png,1492599,1.42,review-section,tyr-cxt-2
/images/padel/products/joma-slam-lady/sections/assessment.png,1492002,1.42,review-section,joma-slam-lady
/images/running/products/joma-slam-lady/sections/assessment.png,1492002,1.42,review-section,joma-slam-lady
/images/padel/products/nox-at10-12k-2026-hero.png,1491787,1.42,hero,nox-at10-12k-2026-hero.png
/images/hydration/products/hydrapak-softflask-250/sections/overview.png,1491688,1.42,review-section,hydrapak-softflask-250
/images/running/products/hydrapak-softflask-250/sections/overview.png,1491688,1.42,review-section,hydrapak-softflask-250
/images/padel/products/asics-gel-dedicate-8-padel/sections/performance.png,1488769,1.42,review-section,asics-gel-dedicate-8-padel
/images/running/products/asics-gel-dedicate-8-padel/sections/performance.png,1488769,1.42,review-section,asics-gel-dedicate-8-padel
/images/running/products/therabody-theragun-mini-2/sections/specs.png,1488213,1.42,review-section,therabody-theragun-mini-2
/images/running/products/brooks-glycerin-22/sections/ride.png,1487302,1.42,review-section,brooks-glycerin-22
/images/padel/products/asics-game-ff-padel/sections/usecase.png,1486215,1.42,review-section,asics-game-ff-padel
/images/running/products/asics-game-ff-padel/sections/usecase.png,1486215,1.42,review-section,asics-game-ff-padel
/images/padel/products/bullpadel-vertex-04-hero.png,1484984,1.42,hero,bullpadel-vertex-04-hero.png
/images/running/products/nike-metcon-9/sections/stability.png,1483710,1.41,review-section,nike-metcon-9
/images/training/products/nike-metcon-9/sections/stability.png,1483710,1.41,review-section,nike-metcon-9
/images/padel/products/adidas-crazyquick-boost-padel-women/sections/stability.png,1483336,1.41,review-section,adidas-crazyquick-boost-padel-women
/images/running/products/adidas-crazyquick-boost-padel-women/sections/stability.png,1483336,1.41,review-section,adidas-crazyquick-boost-padel-women
/images/running/products/darn-tough-run-1-4/sections/specs.png,1483108,1.41,review-section,darn-tough-run-1-4
/images/running/products/hoka-gaviota-5/sections/stability.png,1482247,1.41,review-section,hoka-gaviota-5
/images/padel/products/adidas-crazyquick-boost-padel-women/sections/usecase.png,1481845,1.41,review-section,adidas-crazyquick-boost-padel-women
/images/running/products/adidas-crazyquick-boost-padel-women/sections/usecase.png,1481845,1.41,review-section,adidas-crazyquick-boost-padel-women
/images/fitness/products/rogue-echo-kettlebell/sections/specs.png,1481557,1.41,review-section,rogue-echo-kettlebell
/images/home/products/rogue-echo-kettlebell/sections/specs.png,1481557,1.41,review-section,rogue-echo-kettlebell
/images/running/products/hoka-clifton-9/sections/assessment.png,1481288,1.41,review-section,hoka-clifton-9
/images/running/products/saucony-peregrine-15/sections/assessment.png,1481203,1.41,review-section,saucony-peregrine-15
/images/padel/products/asics-game-ff-padel/sections/specs.png,1480912,1.41,review-section,asics-game-ff-padel
/images/running/products/asics-game-ff-padel/sections/specs.png,1480912,1.41,review-section,asics-game-ff-padel
/images/running/products/therabody-theragun-mini-2/sections/performance.png,1480739,1.41,review-section,therabody-theragun-mini-2
/images/padel/products/adidas-crazyquick-boost-padel-women/sections/overview.png,1480372,1.41,review-section,adidas-crazyquick-boost-padel-women
/images/running/products/adidas-crazyquick-boost-padel-women/sections/overview.png,1480372,1.41,review-section,adidas-crazyquick-boost-padel-women
/images/running/products/asics-gel-resolution-9/sections/stability.png,1479266,1.41,review-section,asics-gel-resolution-9
/images/tennis/products/asics-gel-resolution-9/sections/stability.png,1479266,1.41,review-section,asics-gel-resolution-9
/images/running/products/polar-h10/sections/durability.png,1479057,1.41,review-section,polar-h10
/images/running/products/new-balance-fresh-foam-x-1080-v14/sections/specs.png,1477068,1.41,review-section,new-balance-fresh-foam-x-1080-v14
/images/home/products/nathan-vaporair-2/sections/performance.png,1476662,1.41,review-section,nathan-vaporair-2
/images/packs/products/nathan-vaporair-2/sections/performance.png,1476662,1.41,review-section,nathan-vaporair-2
/images/running/products/nathan-vaporair-2/sections/performance.png,1476662,1.41,review-section,nathan-vaporair-2
/images/home/products/ultimate-direction-race-vest-6/sections/usecase.png,1476102,1.41,review-section,ultimate-direction-race-vest-6
/images/packs/products/ultimate-direction-race-vest-6/sections/usecase.png,1476102,1.41,review-section,ultimate-direction-race-vest-6
/images/running/products/ultimate-direction-race-vest-6/sections/usecase.png,1476102,1.41,review-section,ultimate-direction-race-vest-6
/images/running/products/asics-gel-nimbus-27/sections/value.png,1474875,1.41,review-section,asics-gel-nimbus-27
/images/fitness/products/pullup-and-dip-parallettes/sections/performance.png,1474598,1.41,review-section,pullup-and-dip-parallettes
/images/home/products/pullup-and-dip-parallettes/sections/performance.png,1474598,1.41,review-section,pullup-and-dip-parallettes
/images/running/products/smartwool-run-targeted-cushion/sections/fit.png,1474575,1.41,review-section,smartwool-run-targeted-cushion
/images/home/products/osprey-duro-6/sections/value.png,1472324,1.40,review-section,osprey-duro-6
/images/packs/products/osprey-duro-6/sections/value.png,1472324,1.40,review-section,osprey-duro-6
/images/running/products/osprey-duro-6/sections/value.png,1472324,1.40,review-section,osprey-duro-6
/images/running/products/topo-athletic-specter-2/sections/assessment.png,1472225,1.40,review-section,topo-athletic-specter-2
/images/padel/products/bullpadel-hybrid-fly/sections/overview.png,1470559,1.40,review-section,bullpadel-hybrid-fly
/images/running/products/bullpadel-hybrid-fly/sections/overview.png,1470559,1.40,review-section,bullpadel-hybrid-fly
/images/hydration/products/hydrapak-softflask-250/sections/usecase.png,1470382,1.40,review-section,hydrapak-softflask-250
/images/running/products/hydrapak-softflask-250/sections/usecase.png,1470382,1.40,review-section,hydrapak-softflask-250
/images/padel/products/adidas-crazyquick-boost-padel-women/sections/performance.png,1470099,1.40,review-section,adidas-crazyquick-boost-padel-women
/images/running/products/adidas-crazyquick-boost-padel-women/sections/performance.png,1470099,1.40,review-section,adidas-crazyquick-boost-padel-women
/images/watches/products/coros-pace-pro/gallery/rear-3.png,1470034,1.40,gallery,coros-pace-pro
/images/fitness/products/rogue-plate-carrier-vest/sections/value.png,1470024,1.40,review-section,rogue-plate-carrier-vest
/images/home/products/rogue-plate-carrier-vest/sections/value.png,1470024,1.40,review-section,rogue-plate-carrier-vest
/images/packs/products/salomon-soft-flask-500/sections/fit.png,1469721,1.40,review-section,salomon-soft-flask-500
/images/running/products/salomon-soft-flask-500/sections/fit.png,1469721,1.40,review-section,salomon-soft-flask-500
/images/padel/products/adidas-crazyquick-boost-padel/sections/fit.png,1468479,1.40,review-section,adidas-crazyquick-boost-padel
/images/running/products/adidas-crazyquick-boost-padel/sections/fit.png,1468479,1.40,review-section,adidas-crazyquick-boost-padel
/images/running/products/reebok-nano-x3/sections/ride.png,1467756,1.40,review-section,reebok-nano-x3
/images/training/products/reebok-nano-x3/sections/ride.png,1467756,1.40,review-section,reebok-nano-x3
/images/home/products/camelbak-zephyr/sections/fit.png,1466773,1.40,review-section,camelbak-zephyr
/images/packs/products/camelbak-zephyr/sections/fit.png,1466773,1.40,review-section,camelbak-zephyr
/images/running/products/camelbak-zephyr/sections/fit.png,1466773,1.40,review-section,camelbak-zephyr
/images/padel/products/starvie-basalto-osiris-2026/sections/fit.png,1464912,1.40,review-section,starvie-basalto-osiris-2026
/images/padel/products/bullpadel-hybrid-fly/sections/usecase.png,1464310,1.40,review-section,bullpadel-hybrid-fly
/images/running/products/bullpadel-hybrid-fly/sections/usecase.png,1464310,1.40,review-section,bullpadel-hybrid-fly
/images/fitness/products/powerblock-elite-exp-90/sections/specs.png,1463320,1.40,review-section,powerblock-elite-exp-90
/images/home/products/powerblock-elite-exp-90/sections/specs.png,1463320,1.40,review-section,powerblock-elite-exp-90
/images/running/products/new-balance-fresh-foam-x-1080-v14/sections/assessment.png,1463210,1.40,review-section,new-balance-fresh-foam-x-1080-v14
/images/running/products/tyr-cxt1-trainer/sections/upper.png,1462899,1.40,review-section,tyr-cxt1-trainer
/images/training/products/tyr-cxt1-trainer/sections/upper.png,1462899,1.40,review-section,tyr-cxt1-trainer
/images/tennis/products/adidas-barricade-13-hero.jpg,1462663,1.39,hero,adidas-barricade-13-hero.jpg
/images/padel/products/asics-gel-dedicate-8-padel/sections/fit.png,1459929,1.39,review-section,asics-gel-dedicate-8-padel
/images/running/products/asics-gel-dedicate-8-padel/sections/fit.png,1459929,1.39,review-section,asics-gel-dedicate-8-padel
/images/fitness/products/atx-cast-iron-plate-set/sections/value.png,1459256,1.39,review-section,atx-cast-iron-plate-set
/images/home/products/atx-cast-iron-plate-set/sections/value.png,1459256,1.39,review-section,atx-cast-iron-plate-set
/images/running/products/reebok-nano-x3/sections/overview.png,1458145,1.39,review-section,reebok-nano-x3
/images/training/products/reebok-nano-x3/sections/overview.png,1458145,1.39,review-section,reebok-nano-x3
/images/fitness/products/rogue-echo-kettlebell/sections/performance.png,1457752,1.39,review-section,rogue-echo-kettlebell
/images/home/products/rogue-echo-kettlebell/sections/performance.png,1457752,1.39,review-section,rogue-echo-kettlebell
/images/running/products/brooks-glycerin-22/sections/assessment.png,1457397,1.39,review-section,brooks-glycerin-22
/images/padel/products/bullpadel-hybrid-fly/sections/performance.png,1455688,1.39,review-section,bullpadel-hybrid-fly
/images/running/products/bullpadel-hybrid-fly/sections/performance.png,1455688,1.39,review-section,bullpadel-hybrid-fly
/images/padel/products/asics-game-ff-padel/sections/stability.png,1455608,1.39,review-section,asics-game-ff-padel
/images/running/products/asics-game-ff-padel/sections/stability.png,1455608,1.39,review-section,asics-game-ff-padel
/images/padel/products/bullpadel-hybrid-fly/sections/specs.png,1454549,1.39,review-section,bullpadel-hybrid-fly
/images/running/products/bullpadel-hybrid-fly/sections/specs.png,1454549,1.39,review-section,bullpadel-hybrid-fly
/images/running/products/altra-lone-peak-8/sections/assessment.png,1454442,1.39,review-section,altra-lone-peak-8
/images/running/products/altra-lone-peak-8/sections/specs.png,1454137,1.39,review-section,altra-lone-peak-8
/images/padel/products/bullpadel-hack-04-hero.png,1453605,1.39,hero,bullpadel-hack-04-hero.png
/images/running/products/buff-merino-lightweight/sections/specs.png,1452598,1.39,review-section,buff-merino-lightweight
/images/running/products/buff-polar/sections/value.png,1452505,1.39,review-section,buff-polar
/images/running/products/reebok-nano-x3/sections/usecase.png,1450995,1.38,review-section,reebok-nano-x3
/images/training/products/reebok-nano-x3/sections/usecase.png,1450995,1.38,review-section,reebok-nano-x3
/images/running/products/saucony-peregrine-15/sections/specs.png,1449486,1.38,review-section,saucony-peregrine-15
/images/running/products/altra-torin-8/sections/value.png,1448924,1.38,review-section,altra-torin-8
/images/running/products/adidas-solematch-control-2/sections/stability.png,1448716,1.38,review-section,adidas-solematch-control-2
/images/tennis/products/adidas-solematch-control-2/sections/stability.png,1448716,1.38,review-section,adidas-solematch-control-2
/images/running/products/brooks-glycerin-22/sections/upper.png,1446934,1.38,review-section,brooks-glycerin-22
/images/home/products/ultimate-direction-race-vest-6/sections/fit.png,1446409,1.38,review-section,ultimate-direction-race-vest-6
/images/packs/products/ultimate-direction-race-vest-6/sections/fit.png,1446409,1.38,review-section,ultimate-direction-race-vest-6
/images/running/products/ultimate-direction-race-vest-6/sections/fit.png,1446409,1.38,review-section,ultimate-direction-race-vest-6
/images/running/products/new-balance-fresh-foam-x-1080-v14/sections/value.png,1445670,1.38,review-section,new-balance-fresh-foam-x-1080-v14
/images/running/products/hoka-clifton-9/sections/usecase.png,1445643,1.38,review-section,hoka-clifton-9
/images/running/products/hoka-clifton-9/sections/specs.png,1445177,1.38,review-section,hoka-clifton-9
/images/watches/products/samsung-galaxy-watch-ultra/sections/value.png,1444969,1.38,review-section,samsung-galaxy-watch-ultra
/images/running/products/hoka-clifton-9/sections/overview.png,1444792,1.38,review-section,hoka-clifton-9
/images/running/products/altra-torin-8/sections/specs.png,1444144,1.38,review-section,altra-torin-8
/images/hydration/products/nathan-speeddraw-plus-insulated-18oz/sections/specs.png,1443968,1.38,review-section,nathan-speeddraw-plus-insulated-18oz
/images/running/products/nathan-speeddraw-plus-insulated-18oz/sections/specs.png,1443968,1.38,review-section,nathan-speeddraw-plus-insulated-18oz
/images/hydration/products/hydrapak-softflask-250/sections/specs.png,1443588,1.38,review-section,hydrapak-softflask-250
/images/running/products/hydrapak-softflask-250/sections/specs.png,1443588,1.38,review-section,hydrapak-softflask-250
/images/padel/products/adidas-courtquick-padel-women/sections/assessment.png,1442673,1.38,review-section,adidas-courtquick-padel-women
/images/running/products/adidas-courtquick-padel-women/sections/assessment.png,1442673,1.38,review-section,adidas-courtquick-padel-women
/images/home/products/nathan-vaporair-2/sections/overview.png,1441345,1.37,review-section,nathan-vaporair-2
/images/packs/products/nathan-vaporair-2/sections/overview.png,1441345,1.37,review-section,nathan-vaporair-2
/images/running/products/nathan-vaporair-2/sections/overview.png,1441345,1.37,review-section,nathan-vaporair-2
/images/running/products/brooks-glycerin-21/sections/assessment.png,1440724,1.37,review-section,brooks-glycerin-21
/images/watches/products/suunto-race/sections/fit.png,1440014,1.37,review-section,suunto-race
/images/running/products/asics-gel-dedicate-8/sections/stability.png,1439998,1.37,review-section,asics-gel-dedicate-8
/images/tennis/products/asics-gel-dedicate-8/sections/stability.png,1439998,1.37,review-section,asics-gel-dedicate-8
/images/running/products/topo-athletic-specter-2/sections/specs.png,1439209,1.37,review-section,topo-athletic-specter-2
/images/padel/products/asics-gel-dedicate-8-padel/sections/upper.png,1439149,1.37,review-section,asics-gel-dedicate-8-padel
/images/running/products/asics-gel-dedicate-8-padel/sections/upper.png,1439149,1.37,review-section,asics-gel-dedicate-8-padel
/images/running/products/puma-fuse-fasted/sections/value.png,1438363,1.37,review-section,puma-fuse-fasted
/images/training/products/puma-fuse-fasted/sections/value.png,1438363,1.37,review-section,puma-fuse-fasted
/images/running/products/polar-h10/sections/specs.png,1437747,1.37,review-section,polar-h10
/images/padel/products/starvie-basalto-osiris-2026/sections/value.png,1437436,1.37,review-section,starvie-basalto-osiris-2026
/images/running/products/scosche-rhythm-plus-2/sections/fit.png,1437312,1.37,review-section,scosche-rhythm-plus-2
/images/fitness/products/joma-t-slam/sections/assessment.png,1434799,1.37,review-section,joma-t-slam
/images/running/products/joma-t-slam/sections/assessment.png,1434799,1.37,review-section,joma-t-slam
/images/running/products/brooks-glycerin-21/sections/specs.png,1433794,1.37,review-section,brooks-glycerin-21
/images/running/products/puma-fuse-fasted/sections/ride.png,1433126,1.37,review-section,puma-fuse-fasted
/images/training/products/puma-fuse-fasted/sections/ride.png,1433126,1.37,review-section,puma-fuse-fasted
/images/running/products/saucony-peregrine-15/sections/overview.png,1432615,1.37,review-section,saucony-peregrine-15
/images/home/products/ultimate-direction-adventure-vest/sections/fit.png,1432301,1.37,review-section,ultimate-direction-adventure-vest
/images/packs/products/ultimate-direction-adventure-vest/sections/fit.png,1432301,1.37,review-section,ultimate-direction-adventure-vest
/images/running/products/ultimate-direction-adventure-vest/sections/fit.png,1432301,1.37,review-section,ultimate-direction-adventure-vest
/images/running/products/tyr-cxt1-trainer/sections/assessment.png,1431272,1.36,review-section,tyr-cxt1-trainer
/images/training/products/tyr-cxt1-trainer/sections/assessment.png,1431272,1.36,review-section,tyr-cxt1-trainer
/images/watches/products/garmin-fenix-8/sections/overview.png,1430393,1.36,review-section,garmin-fenix-8
/images/running/products/saucony-peregrine-15/sections/usecase.png,1429828,1.36,review-section,saucony-peregrine-15
/images/running/products/hoka-bondi-8/sections/assessment.png,1429620,1.36,review-section,hoka-bondi-8
/images/running/products/topo-athletic-specter-2/sections/overview.png,1428944,1.36,review-section,topo-athletic-specter-2
/images/padel/products/asics-gel-dedicate-8-padel/sections/specs.png,1428942,1.36,review-section,asics-gel-dedicate-8-padel
/images/running/products/asics-gel-dedicate-8-padel/sections/specs.png,1428942,1.36,review-section,asics-gel-dedicate-8-padel
/images/running/products/k-swiss-hypercourt-express-2/sections/stability.png,1428622,1.36,review-section,k-swiss-hypercourt-express-2
/images/tennis/products/k-swiss-hypercourt-express-2/sections/stability.png,1428622,1.36,review-section,k-swiss-hypercourt-express-2
/images/running/products/janji-multi-short-men/sections/value.png,1425706,1.36,review-section,janji-multi-short-men
/images/fitness/products/nuobell-80/sections/overview.png,1425579,1.36,review-section,nuobell-80
/images/home/products/nuobell-80/sections/overview.png,1425579,1.36,review-section,nuobell-80
/images/fitness/products/nuobell-80/sections/usecase.png,1423703,1.36,review-section,nuobell-80
/images/home/products/nuobell-80/sections/usecase.png,1423703,1.36,review-section,nuobell-80
/images/running/products/scosche-rhythm-plus-2/sections/overview.png,1423526,1.36,review-section,scosche-rhythm-plus-2
/images/running/products/scosche-rhythm-plus-2/sections/specs.png,1423447,1.36,review-section,scosche-rhythm-plus-2
/images/running/products/new-balance-fuelcell-supercomp-elite-v4/sections/value.png,1422700,1.36,review-section,new-balance-fuelcell-supercomp-elite-v4
/images/home/products/nathan-vaporair-2/sections/usecase.png,1421919,1.36,review-section,nathan-vaporair-2
/images/packs/products/nathan-vaporair-2/sections/usecase.png,1421919,1.36,review-section,nathan-vaporair-2
/images/running/products/nathan-vaporair-2/sections/usecase.png,1421919,1.36,review-section,nathan-vaporair-2
/images/watches/products/coros-vertix-2s/sections/value.png,1421836,1.36,review-section,coros-vertix-2s
/images/home/products/salomon-adv-skin-5/sections/value.png,1420757,1.35,review-section,salomon-adv-skin-5
/images/packs/products/salomon-adv-skin-5/sections/value.png,1420757,1.35,review-section,salomon-adv-skin-5
/images/running/products/salomon-adv-skin-5/sections/value.png,1420757,1.35,review-section,salomon-adv-skin-5
/images/padel/products/bullpadel-hybrid-fly/sections/stability.png,1419170,1.35,review-section,bullpadel-hybrid-fly
/images/running/products/bullpadel-hybrid-fly/sections/stability.png,1419170,1.35,review-section,bullpadel-hybrid-fly
/images/padel/products/nox-at10-lux/sections/assessment.png,1419150,1.35,review-section,nox-at10-lux
/images/running/products/nox-at10-lux/sections/assessment.png,1419150,1.35,review-section,nox-at10-lux
/images/fitness/products/rogue-echo-kettlebell/sections/value.png,1418852,1.35,review-section,rogue-echo-kettlebell
/images/home/products/rogue-echo-kettlebell/sections/value.png,1418852,1.35,review-section,rogue-echo-kettlebell
/images/running/products/smartwool-run-targeted-cushion/sections/overview.png,1418695,1.35,review-section,smartwool-run-targeted-cushion
/images/fitness/products/nuobell-80/sections/performance.png,1418424,1.35,review-section,nuobell-80
/images/home/products/nuobell-80/sections/performance.png,1418424,1.35,review-section,nuobell-80
/images/home/products/ultimate-direction-race-vest-6/sections/performance.png,1418336,1.35,review-section,ultimate-direction-race-vest-6
/images/packs/products/ultimate-direction-race-vest-6/sections/performance.png,1418336,1.35,review-section,ultimate-direction-race-vest-6
/images/running/products/ultimate-direction-race-vest-6/sections/performance.png,1418336,1.35,review-section,ultimate-direction-race-vest-6
/images/running/products/altra-lone-peak-8/sections/value.png,1416927,1.35,review-section,altra-lone-peak-8
/images/running/products/xero-prio/sections/assessment.png,1415687,1.35,review-section,xero-prio
/images/training/products/xero-prio/sections/assessment.png,1415687,1.35,review-section,xero-prio
/images/padel/products/asics-solution-swift-ff2-padel/sections/fit.png,1415244,1.35,review-section,asics-solution-swift-ff2-padel
/images/running/products/asics-solution-swift-ff2-padel/sections/fit.png,1415244,1.35,review-section,asics-solution-swift-ff2-padel
/images/running/products/topo-athletic-specter-2/sections/usecase.png,1415114,1.35,review-section,topo-athletic-specter-2
/images/home/products/camelbak-zephyr/sections/overview.png,1414836,1.35,review-section,camelbak-zephyr
/images/packs/products/camelbak-zephyr/sections/overview.png,1414836,1.35,review-section,camelbak-zephyr
/images/running/products/camelbak-zephyr/sections/overview.png,1414836,1.35,review-section,camelbak-zephyr
/images/running/products/brooks-glycerin-22/sections/overview.png,1414650,1.35,review-section,brooks-glycerin-22
/images/home/products/nathan-vaporair-4/sections/strengths.png,1410654,1.35,review-section,nathan-vaporair-4
/images/packs/products/nathan-vaporair-4/sections/strengths.png,1410654,1.35,review-section,nathan-vaporair-4
/images/running/products/nathan-vaporair-4/sections/strengths.png,1410654,1.35,review-section,nathan-vaporair-4
/images/running/products/puma-magnify-nitro-2/sections/assessment.png,1409194,1.34,review-section,puma-magnify-nitro-2
/images/home/products/camelbak-zephyr/sections/usecase.png,1408873,1.34,review-section,camelbak-zephyr
/images/packs/products/camelbak-zephyr/sections/usecase.png,1408873,1.34,review-section,camelbak-zephyr
/images/running/products/camelbak-zephyr/sections/usecase.png,1408873,1.34,review-section,camelbak-zephyr
/images/running/products/xero-prio/sections/specs.png,1408733,1.34,review-section,xero-prio
/images/training/products/xero-prio/sections/specs.png,1408733,1.34,review-section,xero-prio
/images/running/products/puma-fuse-fasted/sections/specs.png,1407353,1.34,review-section,puma-fuse-fasted
/images/training/products/puma-fuse-fasted/sections/specs.png,1407353,1.34,review-section,puma-fuse-fasted
/images/padel/products/adidas-crazyquick-boost-padel-women/sections/specs.png,1406433,1.34,review-section,adidas-crazyquick-boost-padel-women
/images/running/products/adidas-crazyquick-boost-padel-women/sections/specs.png,1406433,1.34,review-section,adidas-crazyquick-boost-padel-women
/images/home/products/nathan-vaporair-4/sections/tech.png,1405702,1.34,review-section,nathan-vaporair-4
/images/packs/products/nathan-vaporair-4/sections/tech.png,1405702,1.34,review-section,nathan-vaporair-4
/images/running/products/nathan-vaporair-4/sections/tech.png,1405702,1.34,review-section,nathan-vaporair-4
/images/running/accessories/clif-bar-original-hero.jpg,1405434,1.34,hero,clif-bar-original
/images/padel/products/adidas-crazyquick-boost-padel-women/sections/ride.png,1405300,1.34,review-section,adidas-crazyquick-boost-padel-women
/images/running/products/adidas-crazyquick-boost-padel-women/sections/ride.png,1405300,1.34,review-section,adidas-crazyquick-boost-padel-women
/images/fitness/products/atx-cast-iron-plate-set/sections/specs.png,1404830,1.34,review-section,atx-cast-iron-plate-set
/images/home/products/atx-cast-iron-plate-set/sections/specs.png,1404830,1.34,review-section,atx-cast-iron-plate-set
/images/running/products/altra-lone-peak-8/sections/overview.png,1404518,1.34,review-section,altra-lone-peak-8
/images/padel/products/babolat-counter-viper-2026/sections/value.png,1404282,1.34,review-section,babolat-counter-viper-2026
/images/running/products/nike-savaleos/sections/stability.png,1403569,1.34,review-section,nike-savaleos
/images/training/products/nike-savaleos/sections/stability.png,1403569,1.34,review-section,nike-savaleos
/images/running/products/salomon-genesis/sections/strengths.png,1403510,1.34,review-section,salomon-genesis
/images/fitness/products/pullup-and-dip-parallettes/sections/overview.png,1401896,1.34,review-section,pullup-and-dip-parallettes
/images/home/products/pullup-and-dip-parallettes/sections/overview.png,1401896,1.34,review-section,pullup-and-dip-parallettes
/images/fitness/products/asics-gel-challenger-court/sections/value.png,1401372,1.34,review-section,asics-gel-challenger-court
/images/padel/products/asics-gel-challenger-court/sections/value.png,1401372,1.34,review-section,asics-gel-challenger-court
/images/running/products/asics-gel-challenger-court/sections/value.png,1401372,1.34,review-section,asics-gel-challenger-court
/images/padel/products/babolat-sensa-women/sections/fit.png,1400165,1.34,review-section,babolat-sensa-women
/images/running/products/babolat-sensa-women/sections/fit.png,1400165,1.34,review-section,babolat-sensa-women
/images/padel/products/asics-game-ff-padel/sections/fit.png,1399106,1.33,review-section,asics-game-ff-padel
/images/running/products/asics-game-ff-padel/sections/fit.png,1399106,1.33,review-section,asics-game-ff-padel
/images/padel/products/nox-at10-lux/sections/specs.png,1399004,1.33,review-section,nox-at10-lux
/images/running/products/nox-at10-lux/sections/specs.png,1399004,1.33,review-section,nox-at10-lux
/images/home/products/uswe-pace-8/sections/specs.png,1398630,1.33,review-section,uswe-pace-8
/images/packs/products/uswe-pace-8/sections/specs.png,1398630,1.33,review-section,uswe-pace-8
/images/running/products/uswe-pace-8/sections/specs.png,1398630,1.33,review-section,uswe-pace-8
/images/home/products/salomon-adv-skin-5/sections/specs.png,1398026,1.33,review-section,salomon-adv-skin-5
/images/packs/products/salomon-adv-skin-5/sections/specs.png,1398026,1.33,review-section,salomon-adv-skin-5
/images/running/products/salomon-adv-skin-5/sections/specs.png,1398026,1.33,review-section,salomon-adv-skin-5
/images/fitness/products/bowflex-selecttech-1090/sections/specs.png,1397745,1.33,review-section,bowflex-selecttech-1090
/images/home/products/bowflex-selecttech-1090/sections/specs.png,1397745,1.33,review-section,bowflex-selecttech-1090
/images/fitness/products/powerblock-elite-exp-90/sections/fit.png,1396127,1.33,review-section,powerblock-elite-exp-90
/images/home/products/powerblock-elite-exp-90/sections/fit.png,1396127,1.33,review-section,powerblock-elite-exp-90
/images/running/products/salomon-pulsar-trail-2/sections/specs.png,1396112,1.33,review-section,salomon-pulsar-trail-2
/images/padel/products/asics-gel-dedicate-8-padel/sections/stability.png,1396017,1.33,review-section,asics-gel-dedicate-8-padel
/images/running/products/asics-gel-dedicate-8-padel/sections/stability.png,1396017,1.33,review-section,asics-gel-dedicate-8-padel
/images/running/products/salomon-genesis/sections/tradeoffs.png,1395996,1.33,review-section,salomon-genesis
/images/running/products/puma-deviate-nitro-3/sections/assessment.png,1394760,1.33,review-section,puma-deviate-nitro-3
/images/running/products/hoka-bondi-8/sections/specs.png,1394084,1.33,review-section,hoka-bondi-8
/images/padel/products/asics-game-ff-padel/sections/ride.png,1391949,1.33,review-section,asics-game-ff-padel
/images/running/products/asics-game-ff-padel/sections/ride.png,1391949,1.33,review-section,asics-game-ff-padel
/images/padel/products/joma-slam-lady/sections/specs.png,1391176,1.33,review-section,joma-slam-lady
/images/running/products/joma-slam-lady/sections/specs.png,1391176,1.33,review-section,joma-slam-lady
/images/padel/products/babolat-movea-2/sections/assessment.png,1390092,1.33,review-section,babolat-movea-2
/images/running/products/babolat-movea-2/sections/assessment.png,1390092,1.33,review-section,babolat-movea-2
/images/padel/products/adidas-courtquick-padel-women/sections/usecase.png,1389865,1.33,review-section,adidas-courtquick-padel-women
/images/running/products/adidas-courtquick-padel-women/sections/usecase.png,1389865,1.33,review-section,adidas-courtquick-padel-women
/images/padel/products/joma-slam-lady/sections/stability.png,1389814,1.33,review-section,joma-slam-lady
/images/running/products/joma-slam-lady/sections/stability.png,1389814,1.33,review-section,joma-slam-lady
/images/fitness/products/joma-t-slam/sections/usecase.png,1388575,1.32,review-section,joma-t-slam
/images/padel/products/joma-t-slam/sections/usecase.png,1388575,1.32,review-section,joma-t-slam
/images/running/products/joma-t-slam/sections/usecase.png,1388575,1.32,review-section,joma-t-slam
/images/running/products/altra-lone-peak-8/sections/usecase.png,1388325,1.32,review-section,altra-lone-peak-8
/images/running/products/altra-paradigm-7/sections/stability.png,1388047,1.32,review-section,altra-paradigm-7
/images/fitness/products/rep-fitness-kettlebell/sections/value.png,1386903,1.32,review-section,rep-fitness-kettlebell
/images/home/products/rep-fitness-kettlebell/sections/value.png,1386903,1.32,review-section,rep-fitness-kettlebell
/images/padel/products/adidas-crazyquick-boost-padel/sections/upper.png,1386288,1.32,review-section,adidas-crazyquick-boost-padel
/images/running/products/adidas-crazyquick-boost-padel/sections/upper.png,1386288,1.32,review-section,adidas-crazyquick-boost-padel
/images/running/products/altra-lone-peak-8/sections/fit.png,1385993,1.32,review-section,altra-lone-peak-8
/images/running/products/hoka-mach-6/sections/assessment.png,1385710,1.32,review-section,hoka-mach-6
/images/home/products/camelbak-zephyr/sections/specs.png,1385655,1.32,review-section,camelbak-zephyr
/images/packs/products/camelbak-zephyr/sections/specs.png,1385655,1.32,review-section,camelbak-zephyr
/images/running/products/camelbak-zephyr/sections/specs.png,1385655,1.32,review-section,camelbak-zephyr
/images/padel/products/asics-solution-swift-ff2-padel/sections/upper.png,1385327,1.32,review-section,asics-solution-swift-ff2-padel
/images/running/products/asics-solution-swift-ff2-padel/sections/upper.png,1385327,1.32,review-section,asics-solution-swift-ff2-padel
/images/running/products/brooks-cascadia-18/sections/cushioning.png,1383729,1.32,review-section,brooks-cascadia-18
/images/running/products/brooks-glycerin-21/sections/overview.png,1383243,1.32,review-section,brooks-glycerin-21
/images/padel/products/starvie-basalto-osiris-2026/sections/specs.png,1382878,1.32,review-section,starvie-basalto-osiris-2026
/images/padel/products/nox-at10-lux/sections/overview.png,1382099,1.32,review-section,nox-at10-lux
/images/running/products/nox-at10-lux/sections/overview.png,1382099,1.32,review-section,nox-at10-lux
/images/padel/products/nox-at10-lux/sections/stability.png,1381841,1.32,review-section,nox-at10-lux
/images/running/products/nox-at10-lux/sections/stability.png,1381841,1.32,review-section,nox-at10-lux
/images/home/products/black-diamond-distance-8/sections/specs.png,1379897,1.32,review-section,black-diamond-distance-8
/images/packs/products/black-diamond-distance-8/sections/specs.png,1379897,1.32,review-section,black-diamond-distance-8
/images/running/products/black-diamond-distance-8/sections/specs.png,1379897,1.32,review-section,black-diamond-distance-8
/images/running/products/new-balance-fresh-foam-x-1080-v14/sections/overview.png,1379746,1.32,review-section,new-balance-fresh-foam-x-1080-v14
/images/fitness/products/rogue-adjustable-bench-3-0/sections/specs.png,1379377,1.32,review-section,rogue-adjustable-bench-3-0
/images/home/products/rogue-adjustable-bench-3-0/sections/specs.png,1379377,1.32,review-section,rogue-adjustable-bench-3-0
/images/running/products/janji-multi-short-men/sections/fit.png,1378259,1.31,review-section,janji-multi-short-men
/images/fitness/products/pullup-and-dip-parallettes/sections/usecase.png,1378229,1.31,review-section,pullup-and-dip-parallettes
/images/home/products/pullup-and-dip-parallettes/sections/usecase.png,1378229,1.31,review-section,pullup-and-dip-parallettes
/images/padel/products/adidas-metalbone-2026/sections/value.png,1378053,1.31,review-section,adidas-metalbone-2026
/images/fitness/products/gornation-gymnastic-rings/sections/overview.png,1378024,1.31,review-section,gornation-gymnastic-rings
/images/home/products/gornation-gymnastic-rings/sections/overview.png,1378024,1.31,review-section,gornation-gymnastic-rings
/images/running/products/garmin-hrm-600/sections/value.png,1377321,1.31,review-section,garmin-hrm-600
/images/padel/products/nox-at10-lux/sections/usecase.png,1377107,1.31,review-section,nox-at10-lux
/images/running/products/nox-at10-lux/sections/usecase.png,1377107,1.31,review-section,nox-at10-lux
/images/running/products/altra-torin-8/sections/assessment.png,1376274,1.31,review-section,altra-torin-8
/images/home/products/ultimate-direction-adventure-vest/sections/performance.png,1375170,1.31,review-section,ultimate-direction-adventure-vest
/images/packs/products/ultimate-direction-adventure-vest/sections/performance.png,1375170,1.31,review-section,ultimate-direction-adventure-vest
/images/running/products/ultimate-direction-adventure-vest/sections/performance.png,1375170,1.31,review-section,ultimate-direction-adventure-vest
/images/padel/products/nox-ml10-hexa/sections/assessment.png,1374822,1.31,review-section,nox-ml10-hexa
/images/running/products/nox-ml10-hexa/sections/assessment.png,1374822,1.31,review-section,nox-ml10-hexa
/images/padel/products/joma-slam-lady/sections/ride.png,1373753,1.31,review-section,joma-slam-lady
/images/running/products/joma-slam-lady/sections/ride.png,1373753,1.31,review-section,joma-slam-lady
/images/padel/products/joma-slam-lady/sections/performance.png,1373222,1.31,review-section,joma-slam-lady
/images/running/products/joma-slam-lady/sections/performance.png,1373222,1.31,review-section,joma-slam-lady
/images/running/products/new-balance-fresh-foam-x-1080-v14/sections/ride.png,1373178,1.31,review-section,new-balance-fresh-foam-x-1080-v14
/images/running/products/puma-magnify-nitro-2/sections/usecase.png,1372853,1.31,review-section,puma-magnify-nitro-2
/images/running/products/puma-magnify-nitro-2/sections/overview.png,1372606,1.31,review-section,puma-magnify-nitro-2
/images/padel/products/joma-slam-lady/sections/overview.png,1372601,1.31,review-section,joma-slam-lady
/images/running/products/joma-slam-lady/sections/overview.png,1372601,1.31,review-section,joma-slam-lady
/images/padel/products/adidas-courtquick-padel-women/sections/overview.png,1372583,1.31,review-section,adidas-courtquick-padel-women
/images/running/products/adidas-courtquick-padel-women/sections/overview.png,1372583,1.31,review-section,adidas-courtquick-padel-women
/images/running/products/hoka-mach-6/sections/specs.png,1372324,1.31,review-section,hoka-mach-6
/images/fitness/products/atx-cast-iron-plate-set/sections/fit.png,1372255,1.31,review-section,atx-cast-iron-plate-set
/images/home/products/atx-cast-iron-plate-set/sections/fit.png,1372255,1.31,review-section,atx-cast-iron-plate-set
/images/padel/products/babolat-technical-viper-2026/sections/value.png,1372105,1.31,review-section,babolat-technical-viper-2026
/images/padel/products/nox-at10-lux/sections/performance.png,1372063,1.31,review-section,nox-at10-lux
/images/running/products/nox-at10-lux/sections/performance.png,1372063,1.31,review-section,nox-at10-lux
/images/running/products/brooks-glycerin-21/sections/usecase.png,1371870,1.31,review-section,brooks-glycerin-21
/images/running/products/reebok-nano-x3/sections/performance.png,1371447,1.31,review-section,reebok-nano-x3
/images/training/products/reebok-nano-x3/sections/performance.png,1371447,1.31,review-section,reebok-nano-x3
/images/brands/qa/asics-brand-hub-1440.png,1370928,1.31,brand,
/images/running/products/brooks-glycerin-22/sections/performance.png,1370599,1.31,review-section,brooks-glycerin-22
/images/hydration/products/hydrapak-softflask-250/sections/fit.png,1370428,1.31,review-section,hydrapak-softflask-250
/images/running/products/hydrapak-softflask-250/sections/fit.png,1370428,1.31,review-section,hydrapak-softflask-250
/images/running/products/brooks-glycerin-22/sections/usecase.png,1370405,1.31,review-section,brooks-glycerin-22
/images/running/products/hoka-clifton-9/sections/ride.png,1370165,1.31,review-section,hoka-clifton-9
/images/running/products/garmin-hrm-600/sections/usecase.png,1370104,1.31,review-section,garmin-hrm-600
/images/running/products/hoka-bondi-8/sections/overview.png,1370062,1.31,review-section,hoka-bondi-8
/images/running/products/smartwool-run-targeted-cushion/sections/usecase.png,1369889,1.31,review-section,smartwool-run-targeted-cushion
/images/running/products/topo-athletic-specter-2/sections/ride.png,1369663,1.31,review-section,topo-athletic-specter-2
/images/running/products/new-balance-fresh-foam-x-1080-v14/sections/usecase.png,1369287,1.31,review-section,new-balance-fresh-foam-x-1080-v14
/images/running/products/salomon-pulsar-trail-2/sections/assessment.png,1367523,1.30,review-section,salomon-pulsar-trail-2
/images/padel/products/bullpadel-hybrid-fly/sections/ride.png,1367266,1.30,review-section,bullpadel-hybrid-fly
/images/running/products/bullpadel-hybrid-fly/sections/ride.png,1367266,1.30,review-section,bullpadel-hybrid-fly
/images/running/products/saucony-endorphin-speed-4/sections/assessment.png,1366717,1.30,review-section,saucony-endorphin-speed-4
/images/watches/products/apple-watch-ultra-2/sections/usecase.png,1366509,1.30,review-section,apple-watch-ultra-2
/images/fitness/products/joma-t-slam/sections/overview.png,1365894,1.30,review-section,joma-t-slam
/images/padel/products/joma-t-slam/sections/overview.png,1365894,1.30,review-section,joma-t-slam
/images/running/products/joma-t-slam/sections/overview.png,1365894,1.30,review-section,joma-t-slam
/images/running/products/hoka-bondi-8/sections/usecase.png,1363905,1.30,review-section,hoka-bondi-8
/images/running/products/vivobarefoot-primus-lite-iii/sections/assessment.png,1363459,1.30,review-section,vivobarefoot-primus-lite-iii
/images/training/products/vivobarefoot-primus-lite-iii/sections/assessment.png,1363459,1.30,review-section,vivobarefoot-primus-lite-iii
/images/running/products/nike-structure-plus/sections/specs.png,1361888,1.30,review-section,nike-structure-plus
/images/fitness/products/mirafit-m3-power-rack/sections/fit.png,1360893,1.30,review-section,mirafit-m3-power-rack
/images/home/products/mirafit-m3-power-rack/sections/fit.png,1360893,1.30,review-section,mirafit-m3-power-rack
/images/padel/products/nox-ml10-hexa/sections/usecase.png,1360830,1.30,review-section,nox-ml10-hexa
/images/running/products/nox-ml10-hexa/sections/usecase.png,1360830,1.30,review-section,nox-ml10-hexa
/images/running/products/tyr-cxt1-trainer/sections/stability.png,1360786,1.30,review-section,tyr-cxt1-trainer
/images/training/products/tyr-cxt1-trainer/sections/stability.png,1360786,1.30,review-section,tyr-cxt1-trainer
/images/running/products/tyr-cxt1-trainer/sections/performance.png,1360637,1.30,review-section,tyr-cxt1-trainer
/images/training/products/tyr-cxt1-trainer/sections/performance.png,1360637,1.30,review-section,tyr-cxt1-trainer
/images/running/products/polar-verity-sense/sections/value.png,1360493,1.30,review-section,polar-verity-sense
/images/home/products/uswe-pace-8/sections/value.png,1359599,1.30,review-section,uswe-pace-8
/images/packs/products/uswe-pace-8/sections/value.png,1359599,1.30,review-section,uswe-pace-8
/images/running/products/uswe-pace-8/sections/value.png,1359599,1.30,review-section,uswe-pace-8
/images/running/products/xero-prio/sections/overview.png,1357636,1.29,review-section,xero-prio
/images/training/products/xero-prio/sections/overview.png,1357636,1.29,review-section,xero-prio
/images/running/products/saucony-peregrine-15/sections/ride.png,1356870,1.29,review-section,saucony-peregrine-15
/images/padel/products/nox-ml10-hexa/sections/overview.png,1356778,1.29,review-section,nox-ml10-hexa
/images/running/products/nox-ml10-hexa/sections/overview.png,1356778,1.29,review-section,nox-ml10-hexa
/images/running/products/new-balance-fresh-foam-x-1080-v14/sections/fit.png,1356741,1.29,review-section,new-balance-fresh-foam-x-1080-v14
/images/fitness/products/blackroll-standard/sections/value.png,1356509,1.29,review-section,blackroll-standard
/images/home/products/blackroll-standard/sections/value.png,1356509,1.29,review-section,blackroll-standard
/images/padel/products/adidas-courtquick-padel-women/sections/stability.png,1356394,1.29,review-section,adidas-courtquick-padel-women
/images/running/products/adidas-courtquick-padel-women/sections/stability.png,1356394,1.29,review-section,adidas-courtquick-padel-women
/images/fitness/products/rogue-adjustable-bench-3-0/sections/value.png,1354471,1.29,review-section,rogue-adjustable-bench-3-0
/images/home/products/rogue-adjustable-bench-3-0/sections/value.png,1354471,1.29,review-section,rogue-adjustable-bench-3-0
/images/home/products/salomon-adv-skin-5/sections/overview.png,1354424,1.29,review-section,salomon-adv-skin-5
/images/packs/products/salomon-adv-skin-5/sections/overview.png,1354424,1.29,review-section,salomon-adv-skin-5
/images/running/products/salomon-adv-skin-5/sections/overview.png,1354424,1.29,review-section,salomon-adv-skin-5
/images/running/products/altra-torin-8/sections/fit.png,1353520,1.29,review-section,altra-torin-8
/images/running/products/nike-structure-plus/sections/assessment.png,1353099,1.29,review-section,nike-structure-plus
/images/running/products/xero-prio/sections/usecase.png,1352279,1.29,review-section,xero-prio
/images/training/products/xero-prio/sections/usecase.png,1352279,1.29,review-section,xero-prio
/images/watches/products/garmin-fenix-8/sections/tech.png,1352009,1.29,review-section,garmin-fenix-8
/images/running/accessories/veloforte-energy-bar-hero.png,1349942,1.29,hero,veloforte-energy-bar
/images/running/accessories/veloforte-energy-chews-hero.png,1349942,1.29,hero,veloforte-energy-chews
/images/running/products/puma-fuse-fasted/sections/upper.png,1349314,1.29,review-section,puma-fuse-fasted
/images/training/products/puma-fuse-fasted/sections/upper.png,1349314,1.29,review-section,puma-fuse-fasted
/images/padel/products/adidas-crazyquick-boost-padel/sections/value.png,1347439,1.29,review-section,adidas-crazyquick-boost-padel
/images/running/products/adidas-crazyquick-boost-padel/sections/value.png,1347439,1.29,review-section,adidas-crazyquick-boost-padel
/images/padel/products/starvie-titania-kepler-2026/sections/value.png,1346229,1.28,review-section,starvie-titania-kepler-2026
/images/running/products/tyr-cxt-2/sections/specs.png,1346155,1.28,review-section,tyr-cxt-2
/images/training/products/tyr-cxt-2/sections/specs.png,1346155,1.28,review-section,tyr-cxt-2
/images/watches/products/coros-apex-4/sections/overview.png,1345727,1.28,review-section,coros-apex-4
/images/running/products/puma-fuse-fasted/sections/stability.png,1343824,1.28,review-section,puma-fuse-fasted
/images/training/products/puma-fuse-fasted/sections/stability.png,1343824,1.28,review-section,puma-fuse-fasted
/images/running/products/nike-react-infinity-run-4/sections/stability.png,1343425,1.28,review-section,nike-react-infinity-run-4
/images/running/products/new-balance-fuelcell-rebel-v4/sections/specs.png,1343361,1.28,review-section,new-balance-fuelcell-rebel-v4
/images/running/products/nike-romaleos-4/sections/stability.png,1343357,1.28,review-section,nike-romaleos-4
/images/training/products/nike-romaleos-4/sections/stability.png,1343357,1.28,review-section,nike-romaleos-4
/images/running/products/brooks-glycerin-21/sections/value.png,1342658,1.28,review-section,brooks-glycerin-21
/images/running/products/puma-deviate-nitro-3/sections/specs.png,1341904,1.28,review-section,puma-deviate-nitro-3
/images/fitness/products/mirafit-m3-power-rack/sections/value.png,1341822,1.28,review-section,mirafit-m3-power-rack
/images/home/products/mirafit-m3-power-rack/sections/value.png,1341822,1.28,review-section,mirafit-m3-power-rack
/images/running/products/asics-novablast-4/sections/value.png,1341174,1.28,review-section,asics-novablast-4
/images/padel/products/adidas-barricade-13/sections/tech.png,1340642,1.28,review-section,adidas-barricade-13
/images/padel/products/joma-slam-lady/sections/usecase.png,1340419,1.28,review-section,joma-slam-lady
/images/running/products/joma-slam-lady/sections/usecase.png,1340419,1.28,review-section,joma-slam-lady
/images/running/products/saucony-endorphin-pro-3/sections/value.png,1339261,1.28,review-section,saucony-endorphin-pro-3
/images/padel/products/bullpadel-hybrid-fly/sections/fit.png,1338742,1.28,review-section,bullpadel-hybrid-fly
/images/running/products/bullpadel-hybrid-fly/sections/fit.png,1338742,1.28,review-section,bullpadel-hybrid-fly
/images/padel/products/asics-gel-dedicate-8-padel/sections/ride.png,1338664,1.28,review-section,asics-gel-dedicate-8-padel
/images/running/products/asics-gel-dedicate-8-padel/sections/ride.png,1338664,1.28,review-section,asics-gel-dedicate-8-padel
/images/running/products/therabody-theragun-mini-2/sections/value.png,1338129,1.28,review-section,therabody-theragun-mini-2
/images/fitness/products/blackroll-med/sections/specs.png,1337855,1.28,review-section,blackroll-med
/images/home/products/blackroll-med/sections/specs.png,1337855,1.28,review-section,blackroll-med
/images/running/products/tyr-cxt-2/sections/ride.png,1335896,1.27,review-section,tyr-cxt-2
/images/training/products/tyr-cxt-2/sections/ride.png,1335896,1.27,review-section,tyr-cxt-2
/images/running/products/topo-athletic-terraventure-5/sections/cushioning.png,1335865,1.27,review-section,topo-athletic-terraventure-5
/images/running/products/puma-fuse-3/sections/value.png,1335622,1.27,review-section,puma-fuse-3
/images/training/products/puma-fuse-3/sections/value.png,1335622,1.27,review-section,puma-fuse-3
/images/running/products/brooks-glycerin-21/sections/ride.png,1335362,1.27,review-section,brooks-glycerin-21
/images/padel/products/adidas-courtquick-padel-women/sections/performance.png,1335203,1.27,review-section,adidas-courtquick-padel-women
/images/running/products/adidas-courtquick-padel-women/sections/performance.png,1335203,1.27,review-section,adidas-courtquick-padel-women
/images/running/products/vivobarefoot-primus-lite-iii/sections/specs.png,1335192,1.27,review-section,vivobarefoot-primus-lite-iii
/images/training/products/vivobarefoot-primus-lite-iii/sections/specs.png,1335192,1.27,review-section,vivobarefoot-primus-lite-iii
/images/running/products/salomon-sense-ride-5/sections/assessment.png,1333582,1.27,review-section,salomon-sense-ride-5
/images/padel/products/asics-game-ff-padel/sections/upper.png,1333213,1.27,review-section,asics-game-ff-padel
/images/running/products/asics-game-ff-padel/sections/upper.png,1333213,1.27,review-section,asics-game-ff-padel
/images/running/products/new-balance-fuelcell-rebel-v4/sections/assessment.png,1332620,1.27,review-section,new-balance-fuelcell-rebel-v4
/images/home/products/nathan-vaporair-4/sections/durability.png,1332389,1.27,review-section,nathan-vaporair-4
/images/packs/products/nathan-vaporair-4/sections/durability.png,1332389,1.27,review-section,nathan-vaporair-4
/images/running/products/nathan-vaporair-4/sections/durability.png,1332389,1.27,review-section,nathan-vaporair-4
/images/running/products/puma-deviate-nitro-3/sections/overview.png,1331765,1.27,review-section,puma-deviate-nitro-3
/images/running/products/puma-deviate-nitro-3/sections/usecase.png,1331381,1.27,review-section,puma-deviate-nitro-3
/images/running/products/hoka-mach-6/sections/overview.png,1331349,1.27,review-section,hoka-mach-6
/images/fitness/products/rep-quickdraw-adjustable-dumbbells/sections/value.png,1330845,1.27,review-section,rep-quickdraw-adjustable-dumbbells
/images/home/products/rep-quickdraw-adjustable-dumbbells/sections/value.png,1330845,1.27,review-section,rep-quickdraw-adjustable-dumbbells
/images/running/products/saucony-endorphin-speed-5/sections/value.png,1330437,1.27,review-section,saucony-endorphin-speed-5
/images/home/products/black-diamond-distance-8/sections/tech.png,1329788,1.27,review-section,black-diamond-distance-8
/images/packs/products/black-diamond-distance-8/sections/tech.png,1329788,1.27,review-section,black-diamond-distance-8
/images/running/products/black-diamond-distance-8/sections/tech.png,1329788,1.27,review-section,black-diamond-distance-8
/images/home/products/camelbak-zephyr/sections/performance.png,1328825,1.27,review-section,camelbak-zephyr
/images/packs/products/camelbak-zephyr/sections/performance.png,1328825,1.27,review-section,camelbak-zephyr
/images/running/products/camelbak-zephyr/sections/performance.png,1328825,1.27,review-section,camelbak-zephyr
/images/padel/products/babolat-counter-viper-2026/sections/fit.png,1328670,1.27,review-section,babolat-counter-viper-2026
/images/running/products/vivobarefoot-primus-lite-iii/sections/overview.png,1327808,1.27,review-section,vivobarefoot-primus-lite-iii
/images/training/products/vivobarefoot-primus-lite-iii/sections/overview.png,1327808,1.27,review-section,vivobarefoot-primus-lite-iii
/images/running/products/xero-prio/sections/fit.png,1327429,1.27,review-section,xero-prio
/images/training/products/xero-prio/sections/fit.png,1327429,1.27,review-section,xero-prio
/images/padel/products/wilson-bela-pro-v2-2026/sections/fit.png,1326956,1.27,review-section,wilson-bela-pro-v2-2026
/images/running/qa/compare-nb6-nimbus27-1440.png,1326788,1.27,other,
/images/running/products/saucony-peregrine-15/sections/value.png,1325862,1.26,review-section,saucony-peregrine-15
/images/padel/products/nox-ml10-hexa/sections/performance.png,1324796,1.26,review-section,nox-ml10-hexa
/images/running/products/nox-ml10-hexa/sections/performance.png,1324796,1.26,review-section,nox-ml10-hexa
/images/running/products/janji-multi-short-men/sections/specs.png,1324138,1.26,review-section,janji-multi-short-men
/images/padel/products/nox-ml10-hexa/sections/fit.png,1323724,1.26,review-section,nox-ml10-hexa
/images/running/products/nox-ml10-hexa/sections/fit.png,1323724,1.26,review-section,nox-ml10-hexa
/images/running/products/altra-torin-8/sections/usecase.png,1323625,1.26,review-section,altra-torin-8
/images/watches/products/garmin-fenix-8/sections/strengths.png,1322811,1.26,review-section,garmin-fenix-8
/images/running/products/scosche-rhythm-plus-2/sections/performance.png,1322189,1.26,review-section,scosche-rhythm-plus-2
/images/running/products/hoka-clifton-9/sections/performance.png,1321146,1.26,review-section,hoka-clifton-9
/images/padel/products/bullpadel-hack-03/sections/value.png,1320889,1.26,review-section,bullpadel-hack-03
/images/running/products/adidas-barricade-13/sections/cushioning.png,1320877,1.26,review-section,adidas-barricade-13
/images/tennis/products/adidas-barricade-13/sections/cushioning.png,1320877,1.26,review-section,adidas-barricade-13
/images/home/products/salomon-adv-skin-5/sections/usecase.png,1320677,1.26,review-section,salomon-adv-skin-5
/images/packs/products/salomon-adv-skin-5/sections/usecase.png,1320677,1.26,review-section,salomon-adv-skin-5
/images/running/products/salomon-adv-skin-5/sections/usecase.png,1320677,1.26,review-section,salomon-adv-skin-5
/images/running/products/salomon-pulsar-trail-2/sections/value.png,1320119,1.26,review-section,salomon-pulsar-trail-2
/images/running/products/puma-magnify-nitro-2/sections/specs.png,1319956,1.26,review-section,puma-magnify-nitro-2
/images/running/products/asics-gel-trabuco-13/sections/cushioning.png,1319767,1.26,review-section,asics-gel-trabuco-13
/images/running/products/topo-athletic-specter-2/sections/performance.png,1318955,1.26,review-section,topo-athletic-specter-2
/images/running/products/altra-lone-peak-8/sections/ride.png,1318814,1.26,review-section,altra-lone-peak-8
/images/running/products/altra-torin-8/sections/overview.png,1318575,1.26,review-section,altra-torin-8
/images/running/products/saucony-peregrine-15/sections/fit.png,1318074,1.26,review-section,saucony-peregrine-15
/images/running/products/puma-fuse-fasted/sections/assessment.png,1317618,1.26,review-section,puma-fuse-fasted
/images/training/products/puma-fuse-fasted/sections/assessment.png,1317618,1.26,review-section,puma-fuse-fasted
/images/padel/products/nox-at10-lux/sections/ride.png,1315359,1.25,review-section,nox-at10-lux
/images/running/products/nox-at10-lux/sections/ride.png,1315359,1.25,review-section,nox-at10-lux
/images/padel/products/asics-solution-swift-ff2-padel/sections/value.png,1314734,1.25,review-section,asics-solution-swift-ff2-padel
/images/running/products/asics-solution-swift-ff2-padel/sections/value.png,1314734,1.25,review-section,asics-solution-swift-ff2-padel
/images/home/products/ultimate-direction-race-vest-6/sections/value.png,1313433,1.25,review-section,ultimate-direction-race-vest-6
/images/packs/products/ultimate-direction-race-vest-6/sections/value.png,1313433,1.25,review-section,ultimate-direction-race-vest-6
/images/running/products/ultimate-direction-race-vest-6/sections/value.png,1313433,1.25,review-section,ultimate-direction-race-vest-6
/images/watches/products/coros-apex-4/sections/usecase.png,1313102,1.25,review-section,coros-apex-4
/images/running/products/ua-charged-commit-4/sections/value.png,1312554,1.25,review-section,ua-charged-commit-4
/images/training/products/ua-charged-commit-4/sections/value.png,1312554,1.25,review-section,ua-charged-commit-4
/images/fitness/products/gornation-gymnastic-rings/sections/usecase.png,1312333,1.25,review-section,gornation-gymnastic-rings
/images/home/products/gornation-gymnastic-rings/sections/usecase.png,1312333,1.25,review-section,gornation-gymnastic-rings
/images/running/products/new-balance-fresh-foam-x-hierro-v9/sections/cushioning.png,1311418,1.25,review-section,new-balance-fresh-foam-x-hierro-v9
/images/padel/products/babolat-sensa-women/sections/value.png,1310792,1.25,review-section,babolat-sensa-women
/images/running/products/babolat-sensa-women/sections/value.png,1310792,1.25,review-section,babolat-sensa-women
/images/fitness/products/nuobell-80/sections/specs.png,1310733,1.25,review-section,nuobell-80
/images/home/products/nuobell-80/sections/specs.png,1310733,1.25,review-section,nuobell-80
/images/fitness/products/rep-ab-5000-zero-gap/sections/value.png,1310156,1.25,review-section,rep-ab-5000-zero-gap
/images/home/products/rep-ab-5000-zero-gap/sections/value.png,1310156,1.25,review-section,rep-ab-5000-zero-gap
/images/running/products/reebok-lifter-pr-iii/sections/value.png,1310044,1.25,review-section,reebok-lifter-pr-iii
/images/training/products/reebok-lifter-pr-iii/sections/value.png,1310044,1.25,review-section,reebok-lifter-pr-iii
/images/running/products/asics-gel-resolution-9-clay/sections/stability.png,1309731,1.25,review-section,asics-gel-resolution-9-clay
/images/tennis/products/asics-gel-resolution-9-clay/sections/stability.png,1309731,1.25,review-section,asics-gel-resolution-9-clay
/images/running/products/altra-torin-8/sections/ride.png,1308968,1.25,review-section,altra-torin-8
/images/running/products/xero-prio/sections/value.png,1308831,1.25,review-section,xero-prio
/images/training/products/xero-prio/sections/value.png,1308831,1.25,review-section,xero-prio
/images/running/products/hoka-mach-6/sections/usecase.png,1307733,1.25,review-section,hoka-mach-6
/images/running/products/vivobarefoot-primus-lite-iii/sections/usecase.png,1307606,1.25,review-section,vivobarefoot-primus-lite-iii
/images/training/products/vivobarefoot-primus-lite-iii/sections/usecase.png,1307606,1.25,review-section,vivobarefoot-primus-lite-iii
/images/running/products/hoka-bondi-8/sections/ride.png,1307349,1.25,review-section,hoka-bondi-8
/images/padel/products/nox-ml10-hexa/sections/specs.png,1307188,1.25,review-section,nox-ml10-hexa
/images/running/products/nox-ml10-hexa/sections/specs.png,1307188,1.25,review-section,nox-ml10-hexa
/images/running/products/brooks-glycerin-gts-22/sections/cushioning.png,1307119,1.25,review-section,brooks-glycerin-gts-22
/images/home/products/nathan-vaporair-4/sections/tradeoffs.png,1306909,1.25,review-section,nathan-vaporair-4
/images/packs/products/nathan-vaporair-4/sections/tradeoffs.png,1306909,1.25,review-section,nathan-vaporair-4
/images/running/products/nathan-vaporair-4/sections/tradeoffs.png,1306909,1.25,review-section,nathan-vaporair-4
/images/running/products/saucony-peregrine-15/sections/performance.png,1305550,1.25,review-section,saucony-peregrine-15
/images/running/products/brooks-glycerin-21/sections/fit.png,1305525,1.25,review-section,brooks-glycerin-21
/images/running/products/saucony-endorphin-speed-4/sections/usecase.png,1304866,1.24,review-section,saucony-endorphin-speed-4
/images/running/products/hoka-arahi-7/sections/durability.png,1304798,1.24,review-section,hoka-arahi-7
/images/watches/products/apple-watch-ultra-2/sections/overview.png,1304756,1.24,review-section,apple-watch-ultra-2
/images/running/products/salomon-sense-ride-5/sections/specs.png,1304541,1.24,review-section,salomon-sense-ride-5
/images/fitness/products/joma-t-slam/sections/performance.png,1303945,1.24,review-section,joma-t-slam
/images/padel/products/joma-t-slam/sections/performance.png,1303945,1.24,review-section,joma-t-slam
/images/running/products/joma-t-slam/sections/performance.png,1303945,1.24,review-section,joma-t-slam
/images/padel/products/nox-ml10-hexa/sections/upper.png,1303939,1.24,review-section,nox-ml10-hexa
/images/running/products/nox-ml10-hexa/sections/upper.png,1303939,1.24,review-section,nox-ml10-hexa
/images/running/products/salming-race-9/sections/upper.png,1303757,1.24,review-section,salming-race-9
/images/training/products/salming-race-9/sections/upper.png,1303757,1.24,review-section,salming-race-9
/images/padel/products/babolat-movea-2/sections/overview.png,1302982,1.24,review-section,babolat-movea-2
/images/running/products/babolat-movea-2/sections/overview.png,1302982,1.24,review-section,babolat-movea-2
/images/padel/products/babolat-movea-2/sections/specs.png,1302749,1.24,review-section,babolat-movea-2
/images/running/products/babolat-movea-2/sections/specs.png,1302749,1.24,review-section,babolat-movea-2
/images/running/products/altra-escalante-4/sections/assessment.png,1302435,1.24,review-section,altra-escalante-4
/images/padel/products/babolat-movea-2/sections/stability.png,1302060,1.24,review-section,babolat-movea-2
/images/running/products/babolat-movea-2/sections/stability.png,1302060,1.24,review-section,babolat-movea-2
/images/running/products/nike-pegasus-trail-5/sections/cushioning.png,1301723,1.24,review-section,nike-pegasus-trail-5
/images/running/products/tyr-cxt1-trainer/sections/overview.png,1301063,1.24,review-section,tyr-cxt1-trainer
/images/training/products/tyr-cxt1-trainer/sections/overview.png,1301063,1.24,review-section,tyr-cxt1-trainer
/images/running/products/tyr-cxt-2/sections/assessment.png,1301046,1.24,review-section,tyr-cxt-2
/images/training/products/tyr-cxt-2/sections/assessment.png,1301046,1.24,review-section,tyr-cxt-2
/images/home/products/uswe-pace-8/sections/overview.png,1298990,1.24,review-section,uswe-pace-8
/images/packs/products/uswe-pace-8/sections/overview.png,1298990,1.24,review-section,uswe-pace-8
/images/running/products/uswe-pace-8/sections/overview.png,1298990,1.24,review-section,uswe-pace-8
/images/padel/products/babolat-jet-mach-3/sections/tech.png,1298608,1.24,review-section,babolat-jet-mach-3
/images/watches/products/suunto-race/sections/assessment.png,1298592,1.24,review-section,suunto-race
/images/running/products/xero-prio/sections/ride.png,1298323,1.24,review-section,xero-prio
/images/training/products/xero-prio/sections/ride.png,1298323,1.24,review-section,xero-prio
/images/running/products/hoka-clifton-9/sections/fit.png,1296749,1.24,review-section,hoka-clifton-9
/images/running/products/nike-structure-plus/sections/value.png,1294143,1.23,review-section,nike-structure-plus
/images/running/products/nike-savaleos/sections/cushioning.png,1293830,1.23,review-section,nike-savaleos
/images/training/products/nike-savaleos/sections/cushioning.png,1293830,1.23,review-section,nike-savaleos
/images/running/products/salomon-aero-glide-2/sections/assessment.png,1293114,1.23,review-section,salomon-aero-glide-2
/images/running/products/saucony-endorphin-speed-4/sections/overview.png,1292952,1.23,review-section,saucony-endorphin-speed-4
/images/running/products/mizuno-wave-rebellion-pro-3/sections/assessment.png,1292872,1.23,review-section,mizuno-wave-rebellion-pro-3
/images/running/products/nike-structure-plus/sections/overview.png,1292542,1.23,review-section,nike-structure-plus
/images/running/products/altra-escalante-4/sections/specs.png,1291565,1.23,review-section,altra-escalante-4
/images/watches/products/garmin-fenix-8/sections/value.png,1291344,1.23,review-section,garmin-fenix-8
/images/running/products/new-balance-fresh-foam-x-1080-v14/sections/performance.png,1291252,1.23,review-section,new-balance-fresh-foam-x-1080-v14
/images/running/products/new-balance-fuelcell-rebel-v4/sections/overview.png,1290728,1.23,review-section,new-balance-fuelcell-rebel-v4
/images/home/products/camelbak-zephyr/sections/value.png,1290469,1.23,review-section,camelbak-zephyr
/images/packs/products/camelbak-zephyr/sections/value.png,1290469,1.23,review-section,camelbak-zephyr
/images/running/products/camelbak-zephyr/sections/value.png,1290469,1.23,review-section,camelbak-zephyr
/images/running/products/topo-athletic-specter-2/sections/fit.png,1289890,1.23,review-section,topo-athletic-specter-2
/images/running/products/reebok-nano-x3/sections/stability.png,1289625,1.23,review-section,reebok-nano-x3
/images/training/products/reebok-nano-x3/sections/stability.png,1289625,1.23,review-section,reebok-nano-x3
/images/padel/products/babolat-technical-viper-2026/sections/fit.png,1289129,1.23,review-section,babolat-technical-viper-2026
/images/running/products/brooks-cascadia-18/sections/durability.png,1289091,1.23,review-section,brooks-cascadia-18
/images/running/products/saucony-xodus-ultra-3/sections/cushioning.png,1289090,1.23,review-section,saucony-xodus-ultra-3
/images/fitness/products/rep-fitness-kettlebell/sections/specs.png,1288938,1.23,review-section,rep-fitness-kettlebell
/images/home/products/rep-fitness-kettlebell/sections/specs.png,1288938,1.23,review-section,rep-fitness-kettlebell
/images/running/products/salomon-sense-ride-5/sections/overview.png,1288811,1.23,review-section,salomon-sense-ride-5
/images/running/products/salomon-pulsar-trail-2/sections/fit.png,1288298,1.23,review-section,salomon-pulsar-trail-2
/images/fitness/products/mirafit-battle-rope/sections/tech.png,1287657,1.23,review-section,mirafit-battle-rope
/images/home/products/mirafit-battle-rope/sections/tech.png,1287657,1.23,review-section,mirafit-battle-rope
/images/running/products/adidas-barricade-13/sections/grip.png,1286787,1.23,review-section,adidas-barricade-13
/images/tennis/products/adidas-barricade-13/sections/grip.png,1286787,1.23,review-section,adidas-barricade-13
/images/home/products/salomon-adv-skin-5/sections/performance.png,1285268,1.23,review-section,salomon-adv-skin-5
/images/packs/products/salomon-adv-skin-5/sections/performance.png,1285268,1.23,review-section,salomon-adv-skin-5
/images/running/products/salomon-adv-skin-5/sections/performance.png,1285268,1.23,review-section,salomon-adv-skin-5
/images/running/products/topo-athletic-specter-2/sections/value.png,1284766,1.23,review-section,topo-athletic-specter-2
/images/running/products/hoka-clifton-9/sections/value.png,1284506,1.23,review-section,hoka-clifton-9
/images/running/products/puma-fuse-3/sections/specs.png,1284408,1.22,review-section,puma-fuse-3
/images/training/products/puma-fuse-3/sections/specs.png,1284408,1.22,review-section,puma-fuse-3
/images/padel/products/babolat-sensa-women/sections/upper.png,1284373,1.22,review-section,babolat-sensa-women
/images/running/products/babolat-sensa-women/sections/upper.png,1284373,1.22,review-section,babolat-sensa-women
/images/fitness/products/joma-t-slam/sections/stability.png,1283881,1.22,review-section,joma-t-slam
/images/running/products/joma-t-slam/sections/stability.png,1283881,1.22,review-section,joma-t-slam
/images/running/products/brooks-glycerin-21/sections/performance.png,1281847,1.22,review-section,brooks-glycerin-21
/images/running/products/adrenaline-gts-25-hero.jpg,1281812,1.22,hero,adrenaline-gts-25-hero.jpg
/images/running/products/new-balance-fuelcell-rebel-v4/sections/usecase.png,1281303,1.22,review-section,new-balance-fuelcell-rebel-v4
/images/fitness/products/nuobell-80/sections/fit.png,1281254,1.22,review-section,nuobell-80
/images/home/products/nuobell-80/sections/fit.png,1281254,1.22,review-section,nuobell-80
/images/running/products/altra-lone-peak-8/sections/performance.png,1281175,1.22,review-section,altra-lone-peak-8
/images/running/products/asics-metaspeed-sky-paris/sections/value.png,1280705,1.22,review-section,asics-metaspeed-sky-paris
/images/running/products/salomon-pulsar-trail-2/sections/ride.png,1280177,1.22,review-section,salomon-pulsar-trail-2
/images/running/products/puma-fuse-3/sections/ride.png,1279004,1.22,review-section,puma-fuse-3
/images/training/products/puma-fuse-3/sections/ride.png,1279004,1.22,review-section,puma-fuse-3
/images/running/products/salomon-sense-ride-5/sections/usecase.png,1278427,1.22,review-section,salomon-sense-ride-5
/images/running/products/salomon-pulsar-trail-2/sections/overview.png,1278304,1.22,review-section,salomon-pulsar-trail-2
/images/fitness/products/mirafit-battle-rope/sections/durability.png,1278093,1.22,review-section,mirafit-battle-rope
/images/home/products/mirafit-battle-rope/sections/durability.png,1278093,1.22,review-section,mirafit-battle-rope
/images/running/products/injinji-run-midweight/sections/overview.png,1277965,1.22,review-section,injinji-run-midweight
/images/watches/products/amazfit-active-2-hero.png,1277945,1.22,hero,amazfit-active-2-hero.png
/images/running/products/altra-lone-peak-8/sections/upper.png,1277871,1.22,review-section,altra-lone-peak-8
/images/running/products/altra-experience-flow/sections/cushioning.png,1277625,1.22,review-section,altra-experience-flow
/images/watches/products/garmin-forerunner-965/sections/value.png,1276345,1.22,review-section,garmin-forerunner-965
/images/running/products/new-balance-fuelcell-supercomp-elite-v4/sections/ride.png,1275703,1.22,review-section,new-balance-fuelcell-supercomp-elite-v4
/images/fitness/products/blackroll-ball/sections/specs.png,1275436,1.22,review-section,blackroll-ball
/images/home/products/blackroll-ball/sections/specs.png,1275436,1.22,review-section,blackroll-ball
/images/padel/products/adidas-barricade-13/sections/durability.png,1275196,1.22,review-section,adidas-barricade-13
/images/running/products/adidas-barricade-13/sections/durability.png,1275196,1.22,review-section,adidas-barricade-13
/images/tennis/products/adidas-barricade-13/sections/durability.png,1275196,1.22,review-section,adidas-barricade-13
/images/padel/products/babolat-movea-2/sections/usecase.png,1274943,1.22,review-section,babolat-movea-2
/images/running/products/babolat-movea-2/sections/usecase.png,1274943,1.22,review-section,babolat-movea-2
/images/running/products/puma-fuse-fasted/sections/performance.png,1273577,1.21,review-section,puma-fuse-fasted
/images/training/products/puma-fuse-fasted/sections/performance.png,1273577,1.21,review-section,puma-fuse-fasted
/images/fitness/products/bowflex-selecttech-552/sections/specs.png,1273250,1.21,review-section,bowflex-selecttech-552
/images/home/products/bowflex-selecttech-552/sections/specs.png,1273250,1.21,review-section,bowflex-selecttech-552
/images/running/products/nike-structure-plus/sections/usecase.png,1273116,1.21,review-section,nike-structure-plus
/images/fitness/products/rogue-adjustable-bench-3-0/sections/overview.png,1272968,1.21,review-section,rogue-adjustable-bench-3-0
/images/home/products/rogue-adjustable-bench-3-0/sections/overview.png,1272968,1.21,review-section,rogue-adjustable-bench-3-0
/images/home/products/osprey-duro-6/sections/specs.png,1272947,1.21,review-section,osprey-duro-6
/images/packs/products/osprey-duro-6/sections/specs.png,1272947,1.21,review-section,osprey-duro-6
/images/running/products/osprey-duro-6/sections/specs.png,1272947,1.21,review-section,osprey-duro-6
/images/running/products/salomon-pulsar-trail-2/sections/usecase.png,1272339,1.21,review-section,salomon-pulsar-trail-2
/images/fitness/products/blackroll-med/sections/fit.png,1272288,1.21,review-section,blackroll-med
/images/home/products/blackroll-med/sections/fit.png,1272288,1.21,review-section,blackroll-med
/images/running/products/xero-prio/sections/performance.png,1272226,1.21,review-section,xero-prio
/images/training/products/xero-prio/sections/performance.png,1272226,1.21,review-section,xero-prio
/images/running/products/hoka-mach-6/sections/ride.png,1271710,1.21,review-section,hoka-mach-6
/images/running/products/salomon-aero-glide-2/sections/specs.png,1271305,1.21,review-section,salomon-aero-glide-2
/images/running/products/new-balance-fuelcell-supercomp-elite-v4/sections/specs.png,1270675,1.21,review-section,new-balance-fuelcell-supercomp-elite-v4
/images/running/products/on-cloudsurfer-2/sections/cushioning.png,1270469,1.21,review-section,on-cloudsurfer-2
/images/hydration/products/hydrapak-contour-2l-hero.png,1270274,1.21,hero,hydrapak-contour-2l-hero.png
/images/running/products/saucony-endorphin-speed-4/sections/specs.png,1269891,1.21,review-section,saucony-endorphin-speed-4
/images/running/products/nike-metcon-8/sections/value.png,1268669,1.21,review-section,nike-metcon-8
/images/training/products/nike-metcon-8/sections/value.png,1268669,1.21,review-section,nike-metcon-8
/images/running/products/puma-deviate-nitro-3/sections/ride.png,1268613,1.21,review-section,puma-deviate-nitro-3
/images/padel/products/bullpadel-hack-04-2026/sections/value.png,1268504,1.21,review-section,bullpadel-hack-04-2026
/images/running/products/brooks-hyperion-max-2/sections/value.png,1267941,1.21,review-section,brooks-hyperion-max-2
/images/running/products/injinji-run-midweight/sections/usecase.png,1267552,1.21,review-section,injinji-run-midweight
/images/running/products/nb-minimus-tr/sections/cushioning.png,1267316,1.21,review-section,nb-minimus-tr
/images/training/products/nb-minimus-tr/sections/cushioning.png,1267316,1.21,review-section,nb-minimus-tr
/images/running/products/puma-deviate-nitro-3/sections/fit.png,1266924,1.21,review-section,puma-deviate-nitro-3
/images/padel/products/nox-at10-lux/sections/fit.png,1266919,1.21,review-section,nox-at10-lux
/images/running/products/nox-at10-lux/sections/fit.png,1266919,1.21,review-section,nox-at10-lux
/images/running/products/topo-athletic-terraventure-5/sections/strengths.png,1266631,1.21,review-section,topo-athletic-terraventure-5
/images/running/products/brooks-glycerin-22/sections/stability.png,1266470,1.21,review-section,brooks-glycerin-22
/images/running/products/hoka-bondi-8/sections/performance.png,1265997,1.21,review-section,hoka-bondi-8
/images/running/products/tyr-cxt1-trainer/sections/usecase.png,1265381,1.21,review-section,tyr-cxt1-trainer
/images/training/products/tyr-cxt1-trainer/sections/usecase.png,1265381,1.21,review-section,tyr-cxt1-trainer
/images/running/products/brooks-cascadia-18/sections/strengths.png,1265340,1.21,review-section,brooks-cascadia-18
/images/running/products/injinji-run-midweight/sections/specs.png,1264810,1.21,review-section,injinji-run-midweight
/images/padel/products/adidas-courtquick-padel-women/sections/ride.png,1264215,1.21,review-section,adidas-courtquick-padel-women
/images/running/products/adidas-courtquick-padel-women/sections/ride.png,1264215,1.21,review-section,adidas-courtquick-padel-women
/images/running/products/puma-magnify-nitro-2/sections/ride.png,1264018,1.21,review-section,puma-magnify-nitro-2
/images/hrm/products/wahoo-trackr/sections/assessment.png,1263760,1.21,review-section,wahoo-trackr
/images/watches/products/wahoo-trackr/sections/assessment.png,1263760,1.21,review-section,wahoo-trackr
/images/running/products/saucony-guide-18/sections/cushioning.png,1263624,1.21,review-section,saucony-guide-18
/images/fitness/products/rogue-flogging-horse-stall-mat-note/sections/overview.png,1263337,1.20,review-section,rogue-flogging-horse-stall-mat-note
/images/home/products/rogue-flogging-horse-stall-mat-note/sections/overview.png,1263337,1.20,review-section,rogue-flogging-horse-stall-mat-note
/images/running/products/nike-metcon-9/sections/cushioning.png,1263022,1.20,review-section,nike-metcon-9
/images/training/products/nike-metcon-9/sections/cushioning.png,1263022,1.20,review-section,nike-metcon-9
/images/padel/products/bullpadel-hack-03/sections/fit.png,1261142,1.20,review-section,bullpadel-hack-03
/images/padel/products/nox-at10-lux/sections/value.png,1260705,1.20,review-section,nox-at10-lux
/images/running/products/nox-at10-lux/sections/value.png,1260705,1.20,review-section,nox-at10-lux
/images/watches/products/apple-watch-ultra-2/sections/assessment.png,1260474,1.20,review-section,apple-watch-ultra-2
/images/running/products/salming-race-9/sections/fit.png,1260311,1.20,review-section,salming-race-9
/images/training/products/salming-race-9/sections/fit.png,1260311,1.20,review-section,salming-race-9
/images/running/products/polar-verity-sense/sections/overview.png,1260283,1.20,review-section,polar-verity-sense
/images/padel/products/babolat-movea-2/sections/ride.png,1259796,1.20,review-section,babolat-movea-2
/images/running/products/babolat-movea-2/sections/ride.png,1259796,1.20,review-section,babolat-movea-2
/images/running/products/mizuno-wave-rebellion-pro-3/sections/specs.png,1259272,1.20,review-section,mizuno-wave-rebellion-pro-3
/images/running/products/buff-merino-lightweight/sections/performance.png,1258540,1.20,review-section,buff-merino-lightweight
/images/padel/products/k-swiss-ultrashot-3/sections/tech.png,1258165,1.20,review-section,k-swiss-ultrashot-3
/images/padel/products/asics-gel-resolution-9/sections/tech.png,1257881,1.20,review-section,asics-gel-resolution-9
/images/running/products/new-balance-fuelcell-rebel-v4/sections/fit.png,1257867,1.20,review-section,new-balance-fuelcell-rebel-v4
/images/padel/products/babolat-movea-2/sections/performance.png,1257697,1.20,review-section,babolat-movea-2
/images/running/products/babolat-movea-2/sections/performance.png,1257697,1.20,review-section,babolat-movea-2
/images/running/products/janji-pace-short-women/sections/value.png,1257467,1.20,review-section,janji-pace-short-women
/images/running/products/topo-athletic-terraventure-5/sections/durability.png,1256870,1.20,review-section,topo-athletic-terraventure-5
/images/padel/products/babolat-movea-2/sections/fit.png,1256762,1.20,review-section,babolat-movea-2
/images/running/products/babolat-movea-2/sections/fit.png,1256762,1.20,review-section,babolat-movea-2
/images/running/products/hoka-arahi-7/sections/grip.png,1256478,1.20,review-section,hoka-arahi-7
/images/running/products/altra-escalante-4/sections/overview.png,1255823,1.20,review-section,altra-escalante-4
/images/fitness/products/rep-ab-5000-zero-gap/sections/specs.png,1255756,1.20,review-section,rep-ab-5000-zero-gap
/images/home/products/rep-ab-5000-zero-gap/sections/specs.png,1255756,1.20,review-section,rep-ab-5000-zero-gap
/images/running/products/adidas-dropset-3/sections/assessment.png,1255461,1.20,review-section,adidas-dropset-3
/images/training/products/adidas-dropset-3/sections/assessment.png,1255461,1.20,review-section,adidas-dropset-3
/images/fitness/products/bowflex-selecttech-1090/sections/fit.png,1255312,1.20,review-section,bowflex-selecttech-1090
/images/home/products/bowflex-selecttech-1090/sections/fit.png,1255312,1.20,review-section,bowflex-selecttech-1090
/images/padel/products/adidas-crazyquick-boost-padel-women/sections/fit.png,1255299,1.20,review-section,adidas-crazyquick-boost-padel-women
/images/running/products/adidas-crazyquick-boost-padel-women/sections/fit.png,1255299,1.20,review-section,adidas-crazyquick-boost-padel-women
/images/running/products/saucony-endorphin-speed-4/sections/fit.png,1255253,1.20,review-section,saucony-endorphin-speed-4
/images/watches/products/apple-watch-ultra-3/sections/value.png,1255210,1.20,review-section,apple-watch-ultra-3
/images/running/products/asics-gt-1000-13/sections/cushioning.png,1255082,1.20,review-section,asics-gt-1000-13
/images/running/products/nike-structure-plus/sections/fit.png,1252127,1.19,review-section,nike-structure-plus
/images/running/products/brooks-cascadia-18/sections/grip.png,1251838,1.19,review-section,brooks-cascadia-18
/images/fitness/products/mirafit-weighted-vest/sections/tech.png,1251150,1.19,review-section,mirafit-weighted-vest
/images/home/products/mirafit-weighted-vest/sections/tech.png,1251150,1.19,review-section,mirafit-weighted-vest
/images/running/products/on-cloudsurfer-next/sections/assessment.png,1251065,1.19,review-section,on-cloudsurfer-next
/images/running/products/darn-tough-run-1-4/sections/performance.png,1250180,1.19,review-section,darn-tough-run-1-4
/images/fitness/products/rogue-flogging-horse-stall-mat-note/sections/usecase.png,1249959,1.19,review-section,rogue-flogging-horse-stall-mat-note
/images/home/products/rogue-flogging-horse-stall-mat-note/sections/usecase.png,1249959,1.19,review-section,rogue-flogging-horse-stall-mat-note
/images/fitness/products/mirafit-battle-rope/sections/tradeoffs.png,1249609,1.19,review-section,mirafit-battle-rope
/images/home/products/mirafit-battle-rope/sections/tradeoffs.png,1249609,1.19,review-section,mirafit-battle-rope
/images/home/products/ultimate-direction-adventure-vest/sections/overview.png,1249002,1.19,review-section,ultimate-direction-adventure-vest
/images/packs/products/ultimate-direction-adventure-vest/sections/overview.png,1249002,1.19,review-section,ultimate-direction-adventure-vest
/images/running/products/ultimate-direction-adventure-vest/sections/overview.png,1249002,1.19,review-section,ultimate-direction-adventure-vest
/images/running/products/nike-structure-plus/sections/ride.png,1246438,1.19,review-section,nike-structure-plus
/images/padel/products/adidas-courtjam-control-3/sections/tech.png,1246023,1.19,review-section,adidas-courtjam-control-3
/images/fitness/products/gornation-gymnastic-rings/sections/specs.png,1245895,1.19,review-section,gornation-gymnastic-rings
/images/home/products/gornation-gymnastic-rings/sections/specs.png,1245895,1.19,review-section,gornation-gymnastic-rings
/images/running/qa/running-sport-hub-1440.png,1245723,1.19,other,
/images/running/products/darn-tough-run-1-4/sections/fit.png,1244253,1.19,review-section,darn-tough-run-1-4
/images/running/products/puma-deviate-nitro-3/sections/value.png,1244193,1.19,review-section,puma-deviate-nitro-3
/images/padel/products/asics-game-ff-padel/sections/value.png,1243579,1.19,review-section,asics-game-ff-padel
/images/running/products/asics-game-ff-padel/sections/value.png,1243579,1.19,review-section,asics-game-ff-padel
/images/running/products/adidas-dropset-3/sections/specs.png,1243569,1.19,review-section,adidas-dropset-3
/images/training/products/adidas-dropset-3/sections/specs.png,1243569,1.19,review-section,adidas-dropset-3
/images/fitness/products/powerblock-elite-exp-90/sections/performance.png,1243295,1.19,review-section,powerblock-elite-exp-90
/images/home/products/powerblock-elite-exp-90/sections/performance.png,1243295,1.19,review-section,powerblock-elite-exp-90
/images/padel/products/nike-court-vapor-pro-3/sections/tech.png,1242761,1.19,review-section,nike-court-vapor-pro-3
/images/running/products/asics-gel-nimbus-27/sections/stability.png,1242686,1.19,review-section,asics-gel-nimbus-27
/images/running/products/altra-torin-8/sections/performance.png,1242359,1.18,review-section,altra-torin-8
/images/running/products/puma-fuse-3/sections/assessment.png,1242318,1.18,review-section,puma-fuse-3
/images/training/products/puma-fuse-3/sections/assessment.png,1242318,1.18,review-section,puma-fuse-3
/images/running/products/nike-court-vapor-pro-3/sections/cushioning.png,1241465,1.18,review-section,nike-court-vapor-pro-3
/images/tennis/products/nike-court-vapor-pro-3/sections/cushioning.png,1241465,1.18,review-section,nike-court-vapor-pro-3
/images/running/products/babolat-jet-mach-3/sections/cushioning.png,1241429,1.18,review-section,babolat-jet-mach-3
/images/tennis/products/babolat-jet-mach-3/sections/cushioning.png,1241429,1.18,review-section,babolat-jet-mach-3
/images/padel/products/adidas-metalbone-2026/sections/fit.png,1241258,1.18,review-section,adidas-metalbone-2026
/images/padel/products/adidas-courtstabil-padel/sections/assessment.png,1241048,1.18,review-section,adidas-courtstabil-padel
/images/running/products/adidas-courtstabil-padel/sections/assessment.png,1241048,1.18,review-section,adidas-courtstabil-padel
/images/running/products/altra-escalante-4/sections/usecase.png,1239539,1.18,review-section,altra-escalante-4
/images/hrm/products/wahoo-trackr/sections/usecase.png,1239394,1.18,review-section,wahoo-trackr
/images/watches/products/wahoo-trackr/sections/usecase.png,1239394,1.18,review-section,wahoo-trackr
/images/running/products/asics-gt-2000-14/sections/assessment.png,1239278,1.18,review-section,asics-gt-2000-14
/images/running/products/hoka-arahi-7/sections/tradeoffs.png,1238577,1.18,review-section,hoka-arahi-7
/images/running/products/asics-gel-resolution-9/sections/cushioning.png,1238041,1.18,review-section,asics-gel-resolution-9
/images/tennis/products/asics-gel-resolution-9/sections/cushioning.png,1238041,1.18,review-section,asics-gel-resolution-9
/images/running/products/salomon-aero-glide-2/sections/overview.png,1237871,1.18,review-section,salomon-aero-glide-2
/images/fitness/products/gornation-gymnastic-rings/sections/fit.png,1237662,1.18,review-section,gornation-gymnastic-rings
/images/home/products/gornation-gymnastic-rings/sections/fit.png,1237662,1.18,review-section,gornation-gymnastic-rings
/images/running/products/do-win-classic/sections/value.png,1237305,1.18,review-section,do-win-classic
/images/training/products/do-win-classic/sections/value.png,1237305,1.18,review-section,do-win-classic
/images/running/products/hoka-bondi-8/sections/value.png,1237267,1.18,review-section,hoka-bondi-8
/images/running/products/salomon-aero-glide-2/sections/usecase.png,1236588,1.18,review-section,salomon-aero-glide-2
/images/padel/products/adidas-barricade-13/sections/strengths.png,1234637,1.18,review-section,adidas-barricade-13
/images/running/products/adidas-barricade-13/sections/strengths.png,1234637,1.18,review-section,adidas-barricade-13
/images/tennis/products/adidas-barricade-13/sections/strengths.png,1234637,1.18,review-section,adidas-barricade-13
/images/fitness/products/rogue-flogging-horse-stall-mat-note/sections/fit.png,1234534,1.18,review-section,rogue-flogging-horse-stall-mat-note
/images/home/products/rogue-flogging-horse-stall-mat-note/sections/fit.png,1234534,1.18,review-section,rogue-flogging-horse-stall-mat-note
/images/running/products/hoka-bondi-8/sections/fit.png,1234006,1.18,review-section,hoka-bondi-8
/images/padel/products/nox-ml10-hexa/sections/stability.png,1233934,1.18,review-section,nox-ml10-hexa
/images/running/products/nox-ml10-hexa/sections/stability.png,1233934,1.18,review-section,nox-ml10-hexa
/images/running/products/asics-gel-trabuco-13/sections/strengths.png,1233477,1.18,review-section,asics-gel-trabuco-13
/images/running/products/buff-polar/sections/specs.png,1232527,1.18,review-section,buff-polar
/images/running/products/hoka-mach-6/sections/performance.png,1232417,1.18,review-section,hoka-mach-6
/images/fitness/products/rogue-adjustable-bench-3-0/sections/usecase.png,1231679,1.17,review-section,rogue-adjustable-bench-3-0
/images/home/products/rogue-adjustable-bench-3-0/sections/usecase.png,1231679,1.17,review-section,rogue-adjustable-bench-3-0
/images/running/products/mizuno-wave-rebellion-pro-3/sections/usecase.png,1231639,1.17,review-section,mizuno-wave-rebellion-pro-3
/images/padel/products/adidas-courtquick-padel-women/sections/specs.png,1230683,1.17,review-section,adidas-courtquick-padel-women
/images/running/products/adidas-courtquick-padel-women/sections/specs.png,1230683,1.17,review-section,adidas-courtquick-padel-women
/images/padel/products/wilson-blade-pro-v2-padel-2026/sections/value.png,1230509,1.17,review-section,wilson-blade-pro-v2-padel-2026
/images/running/products/new-balance-fuelcell-rebel-v4/sections/value.png,1230008,1.17,review-section,new-balance-fuelcell-rebel-v4
/images/packs/products/kiprun-900-race-5/sections/value.png,1230004,1.17,review-section,kiprun-900-race-5
/images/running/products/kiprun-900-race-5/sections/value.png,1230004,1.17,review-section,kiprun-900-race-5
/images/running/products/mizuno-wave-rebellion-pro-3/sections/overview.png,1229712,1.17,review-section,mizuno-wave-rebellion-pro-3
/images/home/products/black-diamond-distance-8/sections/fit.png,1229648,1.17,review-section,black-diamond-distance-8
/images/packs/products/black-diamond-distance-8/sections/fit.png,1229648,1.17,review-section,black-diamond-distance-8
/images/running/products/black-diamond-distance-8/sections/fit.png,1229648,1.17,review-section,black-diamond-distance-8
/images/running/products/altra-escalante-4/sections/ride.png,1229594,1.17,review-section,altra-escalante-4
/images/running/products/asics-gt-2000-14/sections/specs.png,1229262,1.17,review-section,asics-gt-2000-14
/images/fitness/products/nuobell-80/sections/value.png,1229194,1.17,review-section,nuobell-80
/images/home/products/nuobell-80/sections/value.png,1229194,1.17,review-section,nuobell-80
/images/running/products/on-cloudsurfer-next/sections/specs.png,1228849,1.17,review-section,on-cloudsurfer-next
/images/running/products/reebok-nano-court/sections/cushioning.png,1227129,1.17,review-section,reebok-nano-court
/images/training/products/reebok-nano-court/sections/cushioning.png,1227129,1.17,review-section,reebok-nano-court
/images/running/products/new-balance-fuelcell-rebel-v4/sections/ride.png,1226634,1.17,review-section,new-balance-fuelcell-rebel-v4
/images/hydration/products/hydrapak-softflask-250/sections/performance.png,1226600,1.17,review-section,hydrapak-softflask-250
/images/running/products/hydrapak-softflask-250/sections/performance.png,1226600,1.17,review-section,hydrapak-softflask-250
/images/fitness/products/blackroll-ball/sections/fit.png,1226325,1.17,review-section,blackroll-ball
/images/home/products/blackroll-ball/sections/fit.png,1226325,1.17,review-section,blackroll-ball
/images/running/products/nike-savaleos/sections/durability.png,1225775,1.17,review-section,nike-savaleos
/images/training/products/nike-savaleos/sections/durability.png,1225775,1.17,review-section,nike-savaleos
/images/running/products/vivobarefoot-primus-lite-iii/sections/ride.png,1224730,1.17,review-section,vivobarefoot-primus-lite-iii
/images/training/products/vivobarefoot-primus-lite-iii/sections/ride.png,1224730,1.17,review-section,vivobarefoot-primus-lite-iii
/images/running/products/asics-gel-nimbus-27/sections/ride.png,1223957,1.17,review-section,asics-gel-nimbus-27
/images/running/products/adidas-courtjam-control-3/sections/cushioning.png,1222826,1.17,review-section,adidas-courtjam-control-3
/images/tennis/products/adidas-courtjam-control-3/sections/cushioning.png,1222826,1.17,review-section,adidas-courtjam-control-3
/images/running/products/reebok-nano-court/sections/durability.png,1222783,1.17,review-section,reebok-nano-court
/images/training/products/reebok-nano-court/sections/durability.png,1222783,1.17,review-section,reebok-nano-court
/images/running/products/hoka-arahi-7/sections/strengths.png,1222349,1.17,review-section,hoka-arahi-7
/images/running/products/puma-magnify-nitro-2/sections/fit.png,1222303,1.17,review-section,puma-magnify-nitro-2
/images/home/products/uswe-pace-8/sections/fit.png,1221741,1.17,review-section,uswe-pace-8
/images/packs/products/uswe-pace-8/sections/fit.png,1221741,1.17,review-section,uswe-pace-8
/images/running/products/uswe-pace-8/sections/fit.png,1221741,1.17,review-section,uswe-pace-8
/images/running/products/saucony-endorphin-speed-4/sections/ride.png,1221734,1.17,review-section,saucony-endorphin-speed-4
/images/running/products/puma-magnify-nitro-2/sections/performance.png,1221177,1.16,review-section,puma-magnify-nitro-2
/images/padel/products/lok-maxx-flow/sections/value.png,1219969,1.16,review-section,lok-maxx-flow
/images/home/products/uswe-pace-8/sections/usecase.png,1219389,1.16,review-section,uswe-pace-8
/images/packs/products/uswe-pace-8/sections/usecase.png,1219389,1.16,review-section,uswe-pace-8
/images/running/products/uswe-pace-8/sections/usecase.png,1219389,1.16,review-section,uswe-pace-8
/images/running/products/nike-pegasus-trail-5/sections/durability.png,1218590,1.16,review-section,nike-pegasus-trail-5
/images/running/products/smartwool-run-targeted-cushion/sections/tech.png,1218544,1.16,review-section,smartwool-run-targeted-cushion
/images/fitness/products/rep-ab-5000-zero-gap/sections/overview.png,1218368,1.16,review-section,rep-ab-5000-zero-gap
/images/home/products/rep-ab-5000-zero-gap/sections/overview.png,1218368,1.16,review-section,rep-ab-5000-zero-gap
/images/running/products/hoka-mach-6/sections/value.png,1217962,1.16,review-section,hoka-mach-6
/images/running/products/brooks-glycerin-gts-22/sections/strengths.png,1217532,1.16,review-section,brooks-glycerin-gts-22
/images/running/products/hoka-mach-6/sections/fit.png,1217482,1.16,review-section,hoka-mach-6
/images/fitness/products/rep-ab-5000-zero-gap/sections/performance.png,1217245,1.16,review-section,rep-ab-5000-zero-gap
/images/home/products/rep-ab-5000-zero-gap/sections/performance.png,1217245,1.16,review-section,rep-ab-5000-zero-gap
/images/home/products/salomon-adv-skin-5/sections/fit.png,1216679,1.16,review-section,salomon-adv-skin-5
/images/packs/products/salomon-adv-skin-5/sections/fit.png,1216679,1.16,review-section,salomon-adv-skin-5
/images/running/products/salomon-adv-skin-5/sections/fit.png,1216679,1.16,review-section,salomon-adv-skin-5
/images/running/products/new-balance-fresh-foam-x-hierro-v9/sections/strengths.png,1215968,1.16,review-section,new-balance-fresh-foam-x-hierro-v9
/images/running/products/puma-fuse-fasted/sections/overview.png,1215402,1.16,review-section,puma-fuse-fasted
/images/training/products/puma-fuse-fasted/sections/overview.png,1215402,1.16,review-section,puma-fuse-fasted
/images/running/products/vivobarefoot-primus-lite-iii/sections/performance.png,1214556,1.16,review-section,vivobarefoot-primus-lite-iii
/images/training/products/vivobarefoot-primus-lite-iii/sections/performance.png,1214556,1.16,review-section,vivobarefoot-primus-lite-iii
/images/running/products/new-balance-fresh-foam-x-hierro-v9/sections/durability.png,1214375,1.16,review-section,new-balance-fresh-foam-x-hierro-v9
/images/running/products/on-cloudmonster-2/sections/assessment.png,1213667,1.16,review-section,on-cloudmonster-2
/images/running/products/brooks-cascadia-18/sections/tradeoffs.png,1213624,1.16,review-section,brooks-cascadia-18
/images/running/products/asics-gel-trabuco-13/sections/durability.png,1213388,1.16,review-section,asics-gel-trabuco-13
/images/padel/products/babolat-jet-mach-3/sections/durability.png,1213366,1.16,review-section,babolat-jet-mach-3
/images/running/products/babolat-jet-mach-3/sections/durability.png,1213366,1.16,review-section,babolat-jet-mach-3
/images/tennis/products/babolat-jet-mach-3/sections/durability.png,1213366,1.16,review-section,babolat-jet-mach-3
/images/fitness/products/joma-t-slam/sections/ride.png,1213233,1.16,review-section,joma-t-slam
/images/running/products/joma-t-slam/sections/ride.png,1213233,1.16,review-section,joma-t-slam
/images/running/products/buff-merino-lightweight/sections/fit.png,1212893,1.16,review-section,buff-merino-lightweight
/images/running/products/altra-paradigm-7/sections/cushioning.png,1212009,1.16,review-section,altra-paradigm-7
/images/home/products/ultimate-direction-adventure-vest/sections/usecase.png,1211579,1.16,review-section,ultimate-direction-adventure-vest
/images/packs/products/ultimate-direction-adventure-vest/sections/usecase.png,1211579,1.16,review-section,ultimate-direction-adventure-vest
/images/running/products/ultimate-direction-adventure-vest/sections/usecase.png,1211579,1.16,review-section,ultimate-direction-adventure-vest
/images/running/products/brooks-glycerin-gts-22/sections/durability.png,1210686,1.15,review-section,brooks-glycerin-gts-22
/images/padel/products/wilson-rush-pro-4-0/sections/tech.png,1210122,1.15,review-section,wilson-rush-pro-4-0
/images/running/products/saucony-endorphin-pro-3/sections/stability.png,1209851,1.15,review-section,saucony-endorphin-pro-3
/images/padel/products/k-swiss-hypercourt-express-2/sections/tech.png,1209621,1.15,review-section,k-swiss-hypercourt-express-2
/images/running/products/salomon-ultra-glide-2/sections/cushioning.png,1209579,1.15,review-section,salomon-ultra-glide-2
/images/running/products/buff-polar/sections/fit.png,1209549,1.15,review-section,buff-polar
/images/running/products/salomon-pulsar-trail-2/sections/performance.png,1209176,1.15,review-section,salomon-pulsar-trail-2
/images/padel/products/adidas-courtstabil-padel/sections/usecase.png,1208277,1.15,review-section,adidas-courtstabil-padel
/images/running/products/adidas-courtstabil-padel/sections/usecase.png,1208277,1.15,review-section,adidas-courtstabil-padel
/images/running/products/nike-metcon-9/sections/strengths.png,1206983,1.15,review-section,nike-metcon-9
/images/training/products/nike-metcon-9/sections/strengths.png,1206983,1.15,review-section,nike-metcon-9
/images/running/products/asics-gel-nimbus-27/sections/fit.png,1206803,1.15,review-section,asics-gel-nimbus-27
/images/fitness/products/rep-fitness-kettlebell/sections/overview.png,1206705,1.15,review-section,rep-fitness-kettlebell
/images/home/products/rep-fitness-kettlebell/sections/overview.png,1206705,1.15,review-section,rep-fitness-kettlebell
/images/running/products/puma-deviate-nitro-3/sections/performance.png,1206310,1.15,review-section,puma-deviate-nitro-3
/images/running/products/nike-savaleos/sections/strengths.png,1206300,1.15,review-section,nike-savaleos
/images/training/products/nike-savaleos/sections/strengths.png,1206300,1.15,review-section,nike-savaleos
/images/running/products/nike-metcon-9/sections/durability.png,1206278,1.15,review-section,nike-metcon-9
/images/training/products/nike-metcon-9/sections/durability.png,1206278,1.15,review-section,nike-metcon-9
/images/running/products/saucony-xodus-ultra-3/sections/durability.png,1205759,1.15,review-section,saucony-xodus-ultra-3
/images/fitness/products/bowflex-selecttech-552/sections/fit.png,1205536,1.15,review-section,bowflex-selecttech-552
/images/home/products/bowflex-selecttech-552/sections/fit.png,1205536,1.15,review-section,bowflex-selecttech-552
/images/fitness/products/bowflex-selecttech-1090/sections/performance.png,1205363,1.15,review-section,bowflex-selecttech-1090
/images/home/products/bowflex-selecttech-1090/sections/performance.png,1205363,1.15,review-section,bowflex-selecttech-1090
/images/running/products/hoka-arahi-7/sections/cushioning.png,1205361,1.15,review-section,hoka-arahi-7
/images/running/products/topo-athletic-terraventure-5/sections/tradeoffs.png,1205010,1.15,review-section,topo-athletic-terraventure-5
/images/running/products/asics-gel-dedicate-8/sections/cushioning.png,1204760,1.15,review-section,asics-gel-dedicate-8
/images/tennis/products/asics-gel-dedicate-8/sections/cushioning.png,1204760,1.15,review-section,asics-gel-dedicate-8
/images/tennis/products/k-swiss-ultrashot-3-hero.jpg,1204158,1.15,hero,k-swiss-ultrashot-3-hero.jpg
/images/running/products/nike-pegasus-trail-5/sections/strengths.png,1203981,1.15,review-section,nike-pegasus-trail-5
/images/fitness/products/joma-t-slam/sections/specs.png,1203738,1.15,review-section,joma-t-slam
/images/padel/products/joma-t-slam/sections/specs.png,1203738,1.15,review-section,joma-t-slam
/images/running/products/joma-t-slam/sections/specs.png,1203738,1.15,review-section,joma-t-slam
/images/running/qa/race-shoes-listing-1440.png,1203623,1.15,other,
/images/running/products/saucony-xodus-ultra-3/sections/strengths.png,1203565,1.15,review-section,saucony-xodus-ultra-3
/images/fitness/products/rogue-adjustable-bench-3-0/sections/performance.png,1202498,1.15,review-section,rogue-adjustable-bench-3-0
/images/home/products/rogue-adjustable-bench-3-0/sections/performance.png,1202498,1.15,review-section,rogue-adjustable-bench-3-0
/images/padel/products/asics-gel-dedicate-8-padel/sections/value.png,1202279,1.15,review-section,asics-gel-dedicate-8-padel
/images/running/products/asics-gel-dedicate-8-padel/sections/value.png,1202279,1.15,review-section,asics-gel-dedicate-8-padel
/images/home/products/uswe-pace-8/sections/performance.png,1202181,1.15,review-section,uswe-pace-8
/images/packs/products/uswe-pace-8/sections/performance.png,1202181,1.15,review-section,uswe-pace-8
/images/running/products/uswe-pace-8/sections/performance.png,1202181,1.15,review-section,uswe-pace-8
/images/running/products/adidas-dropset-3/sections/overview.png,1201918,1.15,review-section,adidas-dropset-3
/images/training/products/adidas-dropset-3/sections/overview.png,1201918,1.15,review-section,adidas-dropset-3
/images/running/products/topo-athletic-terraventure-5/sections/grip.png,1201763,1.15,review-section,topo-athletic-terraventure-5
/images/running/products/topo-athletic-phantom-3/sections/specs.png,1201692,1.15,review-section,topo-athletic-phantom-3
/images/running/products/k-swiss-ultrashot-3/sections/cushioning.png,1201149,1.15,review-section,k-swiss-ultrashot-3
/images/tennis/products/k-swiss-ultrashot-3/sections/cushioning.png,1201149,1.15,review-section,k-swiss-ultrashot-3
/images/running/products/altra-escalante-4/sections/value.png,1200987,1.15,review-section,altra-escalante-4
/images/running/qa/best-running-shoes-full-1440.png,1200785,1.15,other,
/images/running/products/nike-alphafly-3/sections/value.png,1200237,1.14,review-section,nike-alphafly-3
/images/running/products/new-balance-fresh-foam-x-1080-v14/sections/upper.png,1200002,1.14,review-section,new-balance-fresh-foam-x-1080-v14
/images/padel/products/asics-gel-dedicate-8/sections/tech.png,1199524,1.14,review-section,asics-gel-dedicate-8
/images/hydration/products/nathan-exoshot-2/sections/value.png,1199441,1.14,review-section,nathan-exoshot-2
/images/running/products/nathan-exoshot-2/sections/value.png,1199441,1.14,review-section,nathan-exoshot-2
/images/padel/products/head-padel-pro-s-balls/sections/fit.png,1198830,1.14,review-section,head-padel-pro-s-balls
/images/running/products/salomon-sense-ride-5/sections/ride.png,1198530,1.14,review-section,salomon-sense-ride-5
/images/hydration/products/nathan-speeddraw-plus-insulated-18oz/sections/overview.png,1197951,1.14,review-section,nathan-speeddraw-plus-insulated-18oz
/images/running/products/nathan-speeddraw-plus-insulated-18oz/sections/overview.png,1197951,1.14,review-section,nathan-speeddraw-plus-insulated-18oz
/images/padel/products/asics-solution-speed-ff-3/sections/tech.png,1197263,1.14,review-section,asics-solution-speed-ff-3
/images/fitness/products/rep-fitness-kettlebell/sections/usecase.png,1197047,1.14,review-section,rep-fitness-kettlebell
/images/home/products/rep-fitness-kettlebell/sections/usecase.png,1197047,1.14,review-section,rep-fitness-kettlebell
/images/running/products/altra-experience-flow/sections/strengths.png,1197018,1.14,review-section,altra-experience-flow
/images/running/products/altra-torin-8/sections/upper.png,1196581,1.14,review-section,altra-torin-8
/images/running/products/topo-athletic-phantom-3/sections/assessment.png,1196515,1.14,review-section,topo-athletic-phantom-3
/images/padel/products/bullpadel-hybrid-fly/sections/upper.png,1195885,1.14,review-section,bullpadel-hybrid-fly
/images/running/products/bullpadel-hybrid-fly/sections/upper.png,1195885,1.14,review-section,bullpadel-hybrid-fly
/images/running/products/adidas-dropset-3/sections/usecase.png,1195725,1.14,review-section,adidas-dropset-3
/images/training/products/adidas-dropset-3/sections/usecase.png,1195725,1.14,review-section,adidas-dropset-3
/images/running/products/on-cloudsurfer-next/sections/usecase.png,1194950,1.14,review-section,on-cloudsurfer-next
/images/watches/products/apple-watch-ultra-2/sections/performance.png,1194920,1.14,review-section,apple-watch-ultra-2
/images/padel/products/k-swiss-ultrashot-3/sections/durability.png,1194888,1.14,review-section,k-swiss-ultrashot-3
/images/running/products/k-swiss-ultrashot-3/sections/durability.png,1194888,1.14,review-section,k-swiss-ultrashot-3
/images/tennis/products/k-swiss-ultrashot-3/sections/durability.png,1194888,1.14,review-section,k-swiss-ultrashot-3
/images/running/products/on-cloudsurfer-2/sections/durability.png,1194880,1.14,review-section,on-cloudsurfer-2
/images/hrm/products/wahoo-trackr/sections/overview.png,1194573,1.14,review-section,wahoo-trackr
/images/watches/products/wahoo-trackr/sections/overview.png,1194573,1.14,review-section,wahoo-trackr
/images/fitness/products/rep-ab-5000-zero-gap/sections/usecase.png,1194354,1.14,review-section,rep-ab-5000-zero-gap
/images/home/products/rep-ab-5000-zero-gap/sections/usecase.png,1194354,1.14,review-section,rep-ab-5000-zero-gap
/images/padel/products/babolat-jet-mach-3/sections/strengths.png,1193498,1.14,review-section,babolat-jet-mach-3
/images/running/products/babolat-jet-mach-3/sections/strengths.png,1193498,1.14,review-section,babolat-jet-mach-3
/images/tennis/products/babolat-jet-mach-3/sections/strengths.png,1193498,1.14,review-section,babolat-jet-mach-3
/images/running/products/asics-gel-trabuco-13/sections/grip.png,1193476,1.14,review-section,asics-gel-trabuco-13
/images/running/products/adidas-adizero-boston-13/sections/cushioning.png,1193430,1.14,review-section,adidas-adizero-boston-13
/images/padel/products/adidas-barricade-13/sections/tradeoffs.png,1192757,1.14,review-section,adidas-barricade-13
/images/running/products/adidas-barricade-13/sections/tradeoffs.png,1192757,1.14,review-section,adidas-barricade-13
/images/tennis/products/adidas-barricade-13/sections/tradeoffs.png,1192757,1.14,review-section,adidas-barricade-13
/images/padel/products/wilson-rush-pro-ace/sections/tech.png,1192078,1.14,review-section,wilson-rush-pro-ace
/images/fitness/products/atx-cast-iron-plate-set/sections/performance.png,1192011,1.14,review-section,atx-cast-iron-plate-set
/images/home/products/atx-cast-iron-plate-set/sections/performance.png,1192011,1.14,review-section,atx-cast-iron-plate-set
/images/home/products/salomon-adv-skin-12/sections/overview.png,1191834,1.14,review-section,salomon-adv-skin-12
/images/packs/products/salomon-adv-skin-12/sections/overview.png,1191834,1.14,review-section,salomon-adv-skin-12
/images/running/products/salomon-adv-skin-12/sections/overview.png,1191834,1.14,review-section,salomon-adv-skin-12
/images/running/products/on-cloudsurfer-next/sections/overview.png,1191833,1.14,review-section,on-cloudsurfer-next
/images/watches/products/apple-watch-ultra-3/sections/tech.png,1191502,1.14,review-section,apple-watch-ultra-3
/images/running/products/new-balance-fuelcell-supercomp-elite-v4/sections/assessment.png,1190968,1.14,review-section,new-balance-fuelcell-supercomp-elite-v4
/images/running/products/salomon-sense-ride-5/sections/performance.png,1190517,1.14,review-section,salomon-sense-ride-5
/images/running/products/puma-fuse-fasted/sections/usecase.png,1190417,1.14,review-section,puma-fuse-fasted
/images/training/products/puma-fuse-fasted/sections/usecase.png,1190417,1.14,review-section,puma-fuse-fasted
/images/running/products/on-cloudsurfer-2/sections/strengths.png,1190350,1.14,review-section,on-cloudsurfer-2
/images/running/products/nike-savaleos/sections/grip.png,1189935,1.13,review-section,nike-savaleos
/images/training/products/nike-savaleos/sections/grip.png,1189935,1.13,review-section,nike-savaleos
/images/fitness/products/mirafit-battle-rope/sections/strengths.png,1189561,1.13,review-section,mirafit-battle-rope
/images/home/products/mirafit-battle-rope/sections/strengths.png,1189561,1.13,review-section,mirafit-battle-rope
/images/watches/products/samsung-galaxy-watch-ultra/sections/specs.png,1189529,1.13,review-section,samsung-galaxy-watch-ultra
/images/padel/products/adidas-courtstabil-padel/sections/stability.png,1189407,1.13,review-section,adidas-courtstabil-padel
/images/running/products/adidas-courtstabil-padel/sections/stability.png,1189407,1.13,review-section,adidas-courtstabil-padel
/images/fitness/products/gornation-gymnastic-rings/sections/performance.png,1189229,1.13,review-section,gornation-gymnastic-rings
/images/home/products/gornation-gymnastic-rings/sections/performance.png,1189229,1.13,review-section,gornation-gymnastic-rings
/images/running/products/injinji-run-midweight/sections/value.png,1188008,1.13,review-section,injinji-run-midweight
/images/running/products/mizuno-wave-rider-28/sections/assessment.png,1187700,1.13,review-section,mizuno-wave-rider-28
/images/fitness/products/powerblock-elite-exp-90/sections/overview.png,1186899,1.13,review-section,powerblock-elite-exp-90
/images/home/products/powerblock-elite-exp-90/sections/overview.png,1186899,1.13,review-section,powerblock-elite-exp-90
/images/padel/products/adidas-courtjam-control-3/sections/strengths.png,1186222,1.13,review-section,adidas-courtjam-control-3
/images/running/products/adidas-courtjam-control-3/sections/strengths.png,1186222,1.13,review-section,adidas-courtjam-control-3
/images/tennis/products/adidas-courtjam-control-3/sections/strengths.png,1186222,1.13,review-section,adidas-courtjam-control-3
/images/running/products/nike-structure-plus/sections/performance.png,1186177,1.13,review-section,nike-structure-plus
/images/running/products/do-win-classic/sections/ride.png,1185553,1.13,review-section,do-win-classic
/images/training/products/do-win-classic/sections/ride.png,1185553,1.13,review-section,do-win-classic
/images/running/products/asics-gt-2000-14/sections/overview.png,1185535,1.13,review-section,asics-gt-2000-14
/images/fitness/products/rogue-flogging-horse-stall-mat-note/sections/specs.png,1185463,1.13,review-section,rogue-flogging-horse-stall-mat-note
/images/home/products/rogue-flogging-horse-stall-mat-note/sections/specs.png,1185463,1.13,review-section,rogue-flogging-horse-stall-mat-note
/images/running/products/wilson-rush-pro-4-0/sections/cushioning.png,1184814,1.13,review-section,wilson-rush-pro-4-0
/images/tennis/products/wilson-rush-pro-4-0/sections/cushioning.png,1184814,1.13,review-section,wilson-rush-pro-4-0
/images/running/products/asics-gt-2000-14/sections/fit.png,1184455,1.13,review-section,asics-gt-2000-14
/images/running/products/saucony-guide-18/sections/strengths.png,1184444,1.13,review-section,saucony-guide-18
/images/running/products/altra-experience-flow/sections/durability.png,1183850,1.13,review-section,altra-experience-flow
/images/watches/products/coros-pace-3/sections/fit.png,1183483,1.13,review-section,coros-pace-3
/images/padel/products/asics-gel-resolution-9/sections/durability.png,1183117,1.13,review-section,asics-gel-resolution-9
/images/running/products/asics-gel-resolution-9/sections/durability.png,1183117,1.13,review-section,asics-gel-resolution-9
/images/tennis/products/asics-gel-resolution-9/sections/durability.png,1183117,1.13,review-section,asics-gel-resolution-9
/images/running/products/salomon-aero-glide-2/sections/ride.png,1183015,1.13,review-section,salomon-aero-glide-2
/images/padel/products/asics-gel-resolution-9/sections/strengths.png,1182590,1.13,review-section,asics-gel-resolution-9
/images/running/products/asics-gel-resolution-9/sections/strengths.png,1182590,1.13,review-section,asics-gel-resolution-9
/images/tennis/products/asics-gel-resolution-9/sections/strengths.png,1182590,1.13,review-section,asics-gel-resolution-9
/images/home/products/camelbak-zephyr/sections/strengths.png,1182304,1.13,review-section,camelbak-zephyr
/images/packs/products/camelbak-zephyr/sections/strengths.png,1182304,1.13,review-section,camelbak-zephyr
/images/running/products/camelbak-zephyr/sections/strengths.png,1182304,1.13,review-section,camelbak-zephyr
/images/padel/products/babolat-movea-2/sections/upper.png,1181863,1.13,review-section,babolat-movea-2
/images/running/products/babolat-movea-2/sections/upper.png,1181863,1.13,review-section,babolat-movea-2
/images/padel/products/k-swiss-ultrashot-3/sections/strengths.png,1181687,1.13,review-section,k-swiss-ultrashot-3
/images/running/products/k-swiss-ultrashot-3/sections/strengths.png,1181687,1.13,review-section,k-swiss-ultrashot-3
/images/tennis/products/k-swiss-ultrashot-3/sections/strengths.png,1181687,1.13,review-section,k-swiss-ultrashot-3
/images/running/products/asics-metaspeed-sky-paris/sections/stability.png,1181237,1.13,review-section,asics-metaspeed-sky-paris
/images/padel/products/bullpadel-hybrid-fly/sections/value.png,1180926,1.13,review-section,bullpadel-hybrid-fly
/images/running/products/bullpadel-hybrid-fly/sections/value.png,1180926,1.13,review-section,bullpadel-hybrid-fly
/images/running/products/nobull-trainer/sections/cushioning.png,1180231,1.13,review-section,nobull-trainer
/images/training/products/nobull-trainer/sections/cushioning.png,1180231,1.13,review-section,nobull-trainer
/images/running/products/altra-escalante-4/sections/fit.png,1180179,1.13,review-section,altra-escalante-4
/images/running/products/reebok-nano-court/sections/grip.png,1180165,1.13,review-section,reebok-nano-court
/images/training/products/reebok-nano-court/sections/grip.png,1180165,1.13,review-section,reebok-nano-court
/images/padel/products/nox-ml10-hexa/sections/ride.png,1179711,1.13,review-section,nox-ml10-hexa
/images/running/products/nox-ml10-hexa/sections/ride.png,1179711,1.13,review-section,nox-ml10-hexa
/images/running/products/hoka-clifton-9/sections/stability.png,1179699,1.13,review-section,hoka-clifton-9
/images/running/products/nb-minimus-tr/sections/strengths.png,1179419,1.12,review-section,nb-minimus-tr
/images/training/products/nb-minimus-tr/sections/strengths.png,1179419,1.12,review-section,nb-minimus-tr
/images/running/products/on-cloudmonster-2/sections/usecase.png,1179406,1.12,review-section,on-cloudmonster-2
/images/watches/products/coros-pace-3/sections/specs.png,1179406,1.12,review-section,coros-pace-3
/images/running/products/vivobarefoot-primus-lite-iii/sections/fit.png,1179289,1.12,review-section,vivobarefoot-primus-lite-iii
/images/training/products/vivobarefoot-primus-lite-iii/sections/fit.png,1179289,1.12,review-section,vivobarefoot-primus-lite-iii
/images/fitness/products/rogue-adjustable-bench-3-0/sections/tech.png,1179239,1.12,review-section,rogue-adjustable-bench-3-0
/images/home/products/rogue-adjustable-bench-3-0/sections/tech.png,1179239,1.12,review-section,rogue-adjustable-bench-3-0
/images/running/products/new-balance-fuelcell-supercomp-elite-v4/sections/stability.png,1179226,1.12,review-section,new-balance-fuelcell-supercomp-elite-v4
/images/fitness/products/atx-cast-iron-plate-set/sections/overview.png,1177930,1.12,review-section,atx-cast-iron-plate-set
/images/home/products/atx-cast-iron-plate-set/sections/overview.png,1177930,1.12,review-section,atx-cast-iron-plate-set
/images/watches/products/garmin-forerunner-570/sections/value.png,1175326,1.12,review-section,garmin-forerunner-570
/images/watches/products/apple-watch-ultra-3/sections/strengths.png,1175250,1.12,review-section,apple-watch-ultra-3
/images/running/products/nb-minimus-tr/sections/durability.png,1175072,1.12,review-section,nb-minimus-tr
/images/training/products/nb-minimus-tr/sections/durability.png,1175072,1.12,review-section,nb-minimus-tr
/images/running/products/hoka-gaviota-5/sections/durability.png,1174659,1.12,review-section,hoka-gaviota-5
/images/padel/products/adidas-courtstabil-padel/sections/overview.png,1174118,1.12,review-section,adidas-courtstabil-padel
/images/running/products/adidas-courtstabil-padel/sections/overview.png,1174118,1.12,review-section,adidas-courtstabil-padel
/images/running/products/asics-gt-2000-14/sections/usecase.png,1173850,1.12,review-section,asics-gt-2000-14
/images/running/products/nike-pegasus-trail-5/sections/grip.png,1173673,1.12,review-section,nike-pegasus-trail-5
/images/running/products/nike-savaleos/sections/tradeoffs.png,1173553,1.12,review-section,nike-savaleos
/images/training/products/nike-savaleos/sections/tradeoffs.png,1173553,1.12,review-section,nike-savaleos
/images/running/products/nike-court-vapor-pro-3/sections/grip.png,1173520,1.12,review-section,nike-court-vapor-pro-3
/images/tennis/products/nike-court-vapor-pro-3/sections/grip.png,1173520,1.12,review-section,nike-court-vapor-pro-3
/images/padel/products/asics-gel-challenger-15/sections/tech.png,1173467,1.12,review-section,asics-gel-challenger-15
/images/running/products/reebok-nano-court/sections/strengths.png,1173308,1.12,review-section,reebok-nano-court
/images/training/products/reebok-nano-court/sections/strengths.png,1173308,1.12,review-section,reebok-nano-court
/images/home/products/salomon-adv-skin-12/sections/usecase.png,1173264,1.12,review-section,salomon-adv-skin-12
/images/packs/products/salomon-adv-skin-12/sections/usecase.png,1173264,1.12,review-section,salomon-adv-skin-12
/images/running/products/salomon-adv-skin-12/sections/usecase.png,1173264,1.12,review-section,salomon-adv-skin-12
/images/running/products/new-balance-fuelcell-rebel-v4/sections/performance.png,1172890,1.12,review-section,new-balance-fuelcell-rebel-v4
/images/running/products/asics-gt-1000-13/sections/strengths.png,1172752,1.12,review-section,asics-gt-1000-13
/images/running/accessories/gu-roctane-gel-hero.png,1171957,1.12,hero,gu-roctane-gel
/images/running/products/asics-gt-1000-13/sections/durability.png,1171863,1.12,review-section,asics-gt-1000-13
/images/running/products/garmin-hrm-600/sections/durability.png,1171569,1.12,review-section,garmin-hrm-600
/images/running/products/nike-vaporfly-4/sections/value.png,1171119,1.12,review-section,nike-vaporfly-4
/images/fitness/products/rogue-adjustable-bench-3-0/sections/durability.png,1170815,1.12,review-section,rogue-adjustable-bench-3-0
/images/home/products/rogue-adjustable-bench-3-0/sections/durability.png,1170815,1.12,review-section,rogue-adjustable-bench-3-0
/images/running/products/adidas-adizero-boston-12/sections/assessment.png,1170370,1.12,review-section,adidas-adizero-boston-12
/images/running/products/hoka-clifton-9/sections/upper.png,1170284,1.12,review-section,hoka-clifton-9
/images/watches/products/apple-watch-ultra-3/sections/overview.png,1170140,1.12,review-section,apple-watch-ultra-3
/images/running/products/xero-prio/sections/upper.png,1169501,1.12,review-section,xero-prio
/images/training/products/xero-prio/sections/upper.png,1169501,1.12,review-section,xero-prio
/images/running/products/saucony-guide-18/sections/durability.png,1168236,1.11,review-section,saucony-guide-18
/images/watches/products/coros-pace-3/sections/assessment.png,1167811,1.11,review-section,coros-pace-3
/images/running/products/brooks-cascadia-18-hero.jpg,1167426,1.11,hero,brooks-cascadia-18-hero.jpg
/images/running/products/new-balance-fuelcell-supercomp-elite-v4/sections/fit.png,1167022,1.11,review-section,new-balance-fuelcell-supercomp-elite-v4
/images/padel/products/joma-slam-lady/sections/fit.png,1166893,1.11,review-section,joma-slam-lady
/images/running/products/joma-slam-lady/sections/fit.png,1166893,1.11,review-section,joma-slam-lady
/images/padel/products/joma-slam-lady/sections/value.png,1166557,1.11,review-section,joma-slam-lady
/images/running/products/joma-slam-lady/sections/value.png,1166557,1.11,review-section,joma-slam-lady
/images/padel/products/adidas-courtjam-control-3/sections/durability.png,1166302,1.11,review-section,adidas-courtjam-control-3
/images/running/products/adidas-courtjam-control-3/sections/durability.png,1166302,1.11,review-section,adidas-courtjam-control-3
/images/tennis/products/adidas-courtjam-control-3/sections/durability.png,1166302,1.11,review-section,adidas-courtjam-control-3
/images/padel/products/nike-court-vapor-pro-3/sections/strengths.png,1166240,1.11,review-section,nike-court-vapor-pro-3
/images/running/products/nike-court-vapor-pro-3/sections/strengths.png,1166240,1.11,review-section,nike-court-vapor-pro-3
/images/tennis/products/nike-court-vapor-pro-3/sections/strengths.png,1166240,1.11,review-section,nike-court-vapor-pro-3
/images/watches/products/coros-apex-4/sections/tech.png,1165814,1.11,review-section,coros-apex-4
/images/running/products/saucony-endorphin-pro-3/sections/ride.png,1165501,1.11,review-section,saucony-endorphin-pro-3
/images/watches/products/polar-grit-x2/sections/value.png,1164908,1.11,review-section,polar-grit-x2
/images/watches/products/coros-apex-4/sections/strengths.png,1164648,1.11,review-section,coros-apex-4
/images/running/products/altra-escalante-4/sections/performance.png,1164217,1.11,review-section,altra-escalante-4
/images/running/products/on-cloudmonster-2/sections/overview.png,1164130,1.11,review-section,on-cloudmonster-2
/images/running/products/hoka-transport/sections/cushioning.png,1163890,1.11,review-section,hoka-transport
/images/training/products/hoka-transport/sections/cushioning.png,1163890,1.11,review-section,hoka-transport
/images/fitness/products/rogue-adjustable-bench-3-0/sections/tradeoffs.png,1163708,1.11,review-section,rogue-adjustable-bench-3-0
/images/home/products/rogue-adjustable-bench-3-0/sections/tradeoffs.png,1163708,1.11,review-section,rogue-adjustable-bench-3-0
/images/padel/products/starvie-titania-kepler-2026/sections/fit.png,1163527,1.11,review-section,starvie-titania-kepler-2026
/images/running/products/k-swiss-hypercourt-express-2/sections/cushioning.png,1163466,1.11,review-section,k-swiss-hypercourt-express-2
/images/tennis/products/k-swiss-hypercourt-express-2/sections/cushioning.png,1163466,1.11,review-section,k-swiss-hypercourt-express-2
/images/running/products/adidas-adizero-adios-pro-4/sections/assessment.png,1163135,1.11,review-section,adidas-adizero-adios-pro-4
/images/running/products/do-win-classic/sections/specs.png,1163084,1.11,review-section,do-win-classic
/images/training/products/do-win-classic/sections/specs.png,1163084,1.11,review-section,do-win-classic
/images/running/products/janji-multi-short-men/sections/performance.png,1162799,1.11,review-section,janji-multi-short-men
/images/running/products/topo-athletic-phantom-3/sections/fit.png,1162714,1.11,review-section,topo-athletic-phantom-3
/images/home/products/salomon-adv-skin-12/sections/specs.png,1162705,1.11,review-section,salomon-adv-skin-12
/images/packs/products/salomon-adv-skin-12/sections/specs.png,1162705,1.11,review-section,salomon-adv-skin-12
/images/running/products/salomon-adv-skin-12/sections/specs.png,1162705,1.11,review-section,salomon-adv-skin-12
/images/running/products/asics-gel-nimbus-27/sections/specs.png,1162462,1.11,review-section,asics-gel-nimbus-27
/images/running/products/saucony-endorphin-speed-4/sections/performance.png,1161829,1.11,review-section,saucony-endorphin-speed-4
/images/running/products/mizuno-wave-rebellion-pro-3/sections/ride.png,1161509,1.11,review-section,mizuno-wave-rebellion-pro-3
/images/padel/products/nox-at10-lux/sections/upper.png,1161331,1.11,review-section,nox-at10-lux
/images/running/products/nox-at10-lux/sections/upper.png,1161331,1.11,review-section,nox-at10-lux
/images/running/products/vivobarefoot-primus-lite-iii/sections/value.png,1161143,1.11,review-section,vivobarefoot-primus-lite-iii
/images/training/products/vivobarefoot-primus-lite-iii/sections/value.png,1161143,1.11,review-section,vivobarefoot-primus-lite-iii
/images/running/products/new-balance-fresh-foam-x-hierro-v9/sections/tradeoffs.png,1161006,1.11,review-section,new-balance-fresh-foam-x-hierro-v9
/images/running/products/janji-multi-short-men/sections/overview.png,1160508,1.11,review-section,janji-multi-short-men
/images/padel/products/nike-court-vapor-pro-3/sections/durability.png,1160495,1.11,review-section,nike-court-vapor-pro-3
/images/running/products/nike-court-vapor-pro-3/sections/durability.png,1160495,1.11,review-section,nike-court-vapor-pro-3
/images/tennis/products/nike-court-vapor-pro-3/sections/durability.png,1160495,1.11,review-section,nike-court-vapor-pro-3
/images/running/products/new-balance-fresh-foam-x-hierro-v9/sections/grip.png,1160437,1.11,review-section,new-balance-fresh-foam-x-hierro-v9
/images/running/products/asics-solution-speed-ff-3/sections/cushioning.png,1160343,1.11,review-section,asics-solution-speed-ff-3
/images/tennis/products/asics-solution-speed-ff-3/sections/cushioning.png,1160343,1.11,review-section,asics-solution-speed-ff-3
/images/watches/products/garmin-forerunner-265s/sections/value.png,1160227,1.11,review-section,garmin-forerunner-265s
/images/running/products/on-cloudsurfer-2/sections/grip.png,1160111,1.11,review-section,on-cloudsurfer-2
/images/fitness/products/rogue-adjustable-bench-3-0/sections/fit.png,1159975,1.11,review-section,rogue-adjustable-bench-3-0
/images/home/products/rogue-adjustable-bench-3-0/sections/fit.png,1159975,1.11,review-section,rogue-adjustable-bench-3-0
/images/running/products/ua-tribase-reign-6/sections/strengths.png,1159686,1.11,review-section,ua-tribase-reign-6
/images/training/products/ua-tribase-reign-6/sections/strengths.png,1159686,1.11,review-section,ua-tribase-reign-6
/images/running/products/saucony-peregrine-15/sections/upper.png,1159632,1.11,review-section,saucony-peregrine-15
/images/padel/products/head-extreme-motion-2026/sections/value.png,1159179,1.11,review-section,head-extreme-motion-2026
/images/running/products/brooks-glycerin-gts-22/sections/grip.png,1158678,1.11,review-section,brooks-glycerin-gts-22
/images/fitness/products/atx-cast-iron-plate-set/sections/usecase.png,1158053,1.10,review-section,atx-cast-iron-plate-set
/images/home/products/atx-cast-iron-plate-set/sections/usecase.png,1158053,1.10,review-section,atx-cast-iron-plate-set
/images/padel/products/asics-solution-speed-ff-3/sections/strengths.png,1157119,1.10,review-section,asics-solution-speed-ff-3
/images/running/products/asics-solution-speed-ff-3/sections/strengths.png,1157119,1.10,review-section,asics-solution-speed-ff-3
/images/tennis/products/asics-solution-speed-ff-3/sections/strengths.png,1157119,1.10,review-section,asics-solution-speed-ff-3
/images/running/products/nb-minimus-tr/sections/grip.png,1157039,1.10,review-section,nb-minimus-tr
/images/training/products/nb-minimus-tr/sections/grip.png,1157039,1.10,review-section,nb-minimus-tr
/images/running/products/nike-romaleos-4/sections/cushioning.png,1156534,1.10,review-section,nike-romaleos-4
/images/training/products/nike-romaleos-4/sections/cushioning.png,1156534,1.10,review-section,nike-romaleos-4
/images/running/products/hoka-gaviota-5/sections/cushioning.png,1156182,1.10,review-section,hoka-gaviota-5
/images/fitness/products/powerblock-elite-exp-90/sections/usecase.png,1156084,1.10,review-section,powerblock-elite-exp-90
/images/home/products/powerblock-elite-exp-90/sections/usecase.png,1156084,1.10,review-section,powerblock-elite-exp-90
/images/running/products/wilson-rush-pro-ace/sections/cushioning.png,1155942,1.10,review-section,wilson-rush-pro-ace
/images/tennis/products/wilson-rush-pro-ace/sections/cushioning.png,1155942,1.10,review-section,wilson-rush-pro-ace
/images/running/products/reebok-nano-court/sections/tradeoffs.png,1155839,1.10,review-section,reebok-nano-court
/images/training/products/reebok-nano-court/sections/tradeoffs.png,1155839,1.10,review-section,reebok-nano-court
/images/running/products/nike-romaleos-4/sections/durability.png,1155763,1.10,review-section,nike-romaleos-4
/images/training/products/nike-romaleos-4/sections/durability.png,1155763,1.10,review-section,nike-romaleos-4
/images/running/products/janji-multi-short-men/sections/usecase.png,1155689,1.10,review-section,janji-multi-short-men
/images/padel/products/head-padel-pro-s-balls/sections/specs.png,1155593,1.10,review-section,head-padel-pro-s-balls
/images/padel/products/wilson-bela-pro-v2-2026/sections/specs.png,1155231,1.10,review-section,wilson-bela-pro-v2-2026
/images/padel/products/starvie-basalto-osiris-2026/sections/overview.png,1155214,1.10,review-section,starvie-basalto-osiris-2026
/images/running/products/injinji-run-midweight/sections/performance.png,1154472,1.10,review-section,injinji-run-midweight
/images/fitness/products/rep-ab-5000-zero-gap/sections/fit.png,1154296,1.10,review-section,rep-ab-5000-zero-gap
/images/home/products/rep-ab-5000-zero-gap/sections/fit.png,1154296,1.10,review-section,rep-ab-5000-zero-gap
/images/running/products/asics-gel-trabuco-13/sections/tradeoffs.png,1154076,1.10,review-section,asics-gel-trabuco-13
/images/hydration/products/hydrapak-softflask-250/sections/value.png,1154051,1.10,review-section,hydrapak-softflask-250
/images/running/products/hydrapak-softflask-250/sections/value.png,1154051,1.10,review-section,hydrapak-softflask-250
/images/running/products/nike-metcon-9/sections/grip.png,1153830,1.10,review-section,nike-metcon-9
/images/training/products/nike-metcon-9/sections/grip.png,1153830,1.10,review-section,nike-metcon-9
/images/running/products/scosche-rhythm-plus-2/sections/tech.png,1153384,1.10,review-section,scosche-rhythm-plus-2
/images/running/products/mizuno-wave-rider-28/sections/overview.png,1153165,1.10,review-section,mizuno-wave-rider-28
/images/tennis/products/nike-court-vapor-pro-3-hero.jpg,1153152,1.10,hero,nike-court-vapor-pro-3-hero.jpg
/images/running/products/inov8-f-lite-260/sections/value.png,1152874,1.10,review-section,inov8-f-lite-260
/images/training/products/inov8-f-lite-260/sections/value.png,1152874,1.10,review-section,inov8-f-lite-260
/images/running/products/puma-magnify-nitro-2/sections/value.png,1152842,1.10,review-section,puma-magnify-nitro-2
/images/running/products/mizuno-wave-rider-28/sections/specs.png,1152841,1.10,review-section,mizuno-wave-rider-28
/images/running/products/brooks-glycerin-gts-22/sections/tradeoffs.png,1152343,1.10,review-section,brooks-glycerin-gts-22
/images/running/products/asics-gt-1000-13/sections/grip.png,1149925,1.10,review-section,asics-gt-1000-13
/images/padel/products/asics-gel-dedicate-8/sections/strengths.png,1149875,1.10,review-section,asics-gel-dedicate-8
/images/running/products/asics-gel-dedicate-8/sections/strengths.png,1149875,1.10,review-section,asics-gel-dedicate-8
/images/running/products/tyr-cxt-2/sections/fit.png,1149875,1.10,review-section,tyr-cxt-2
/images/tennis/products/asics-gel-dedicate-8/sections/strengths.png,1149875,1.10,review-section,asics-gel-dedicate-8
/images/training/products/tyr-cxt-2/sections/fit.png,1149875,1.10,review-section,tyr-cxt-2
/images/running/products/adidas-adizero-boston-13/sections/strengths.png,1149655,1.10,review-section,adidas-adizero-boston-13
/images/fitness/products/rep-fitness-kettlebell/sections/fit.png,1149451,1.10,review-section,rep-fitness-kettlebell
/images/home/products/rep-fitness-kettlebell/sections/fit.png,1149451,1.10,review-section,rep-fitness-kettlebell
/images/running/products/smartwool-run-targeted-cushion/sections/durability.png,1149412,1.10,review-section,smartwool-run-targeted-cushion
/images/running/products/saucony-xodus-ultra-3/sections/tradeoffs.png,1149161,1.10,review-section,saucony-xodus-ultra-3
/images/fitness/products/rep-fitness-kettlebell/sections/performance.png,1148956,1.10,review-section,rep-fitness-kettlebell
/images/home/products/rep-fitness-kettlebell/sections/performance.png,1148956,1.10,review-section,rep-fitness-kettlebell
/images/running/products/saucony-xodus-ultra-3/sections/grip.png,1148540,1.10,review-section,saucony-xodus-ultra-3
/images/fitness/products/joma-t-slam/sections/fit.png,1148251,1.10,review-section,joma-t-slam
/images/padel/products/joma-t-slam/sections/fit.png,1148251,1.10,review-section,joma-t-slam
/images/running/products/joma-t-slam/sections/fit.png,1148251,1.10,review-section,joma-t-slam
/images/fitness/products/gravity-fitness-weighted-vest/sections/specs.png,1148159,1.09,review-section,gravity-fitness-weighted-vest
/images/home/products/gravity-fitness-weighted-vest/sections/specs.png,1148159,1.09,review-section,gravity-fitness-weighted-vest
/images/running/products/salomon-ultra-glide-2/sections/strengths.png,1147350,1.09,review-section,salomon-ultra-glide-2
/images/padel/products/k-swiss-ultrashot-3/sections/tradeoffs.png,1147315,1.09,review-section,k-swiss-ultrashot-3
/images/running/products/k-swiss-ultrashot-3/sections/tradeoffs.png,1147315,1.09,review-section,k-swiss-ultrashot-3
/images/tennis/products/k-swiss-ultrashot-3/sections/tradeoffs.png,1147315,1.09,review-section,k-swiss-ultrashot-3
/images/running/products/topo-athletic-phantom-3/sections/overview.png,1147162,1.09,review-section,topo-athletic-phantom-3
/images/running/products/tyr-cxt-2/sections/performance.png,1147039,1.09,review-section,tyr-cxt-2
/images/training/products/tyr-cxt-2/sections/performance.png,1147039,1.09,review-section,tyr-cxt-2
/images/padel/products/royal-padel-m27-poly-2026/sections/value.png,1146487,1.09,review-section,royal-padel-m27-poly-2026
/images/padel/products/adidas-solematch-control-2/sections/tech.png,1146159,1.09,review-section,adidas-solematch-control-2
/images/running/products/topo-athletic-phantom-3/sections/value.png,1145505,1.09,review-section,topo-athletic-phantom-3
/images/running/products/tyr-cxt-2/sections/overview.png,1145249,1.09,review-section,tyr-cxt-2
/images/training/products/tyr-cxt-2/sections/overview.png,1145249,1.09,review-section,tyr-cxt-2
/images/running/products/nike-metcon-9/sections/tradeoffs.png,1145140,1.09,review-section,nike-metcon-9
/images/training/products/nike-metcon-9/sections/tradeoffs.png,1145140,1.09,review-section,nike-metcon-9
/images/running/products/adidas-adizero-boston-12/sections/fit.png,1145013,1.09,review-section,adidas-adizero-boston-12
/images/running/products/nike-pegasus-trail-5/sections/tradeoffs.png,1144612,1.09,review-section,nike-pegasus-trail-5
/images/running/products/mizuno-wave-rider-28/sections/usecase.png,1144531,1.09,review-section,mizuno-wave-rider-28
/images/running/products/on-cloudsurfer-2/sections/tradeoffs.png,1144511,1.09,review-section,on-cloudsurfer-2
/images/running/products/salomon-pulsar-trail-2/sections/upper.png,1144320,1.09,review-section,salomon-pulsar-trail-2
/images/running/products/altra-experience-flow/sections/grip.png,1144099,1.09,review-section,altra-experience-flow
/images/watches/products/suunto-race/sections/performance.png,1144078,1.09,review-section,suunto-race
/images/training/products/reebok-nano-court-hero.jpg,1144047,1.09,hero,reebok-nano-court-hero.jpg
/images/running/products/topo-athletic-phantom-3/sections/usecase.png,1143817,1.09,review-section,topo-athletic-phantom-3
/images/running/products/salming-race-9/sections/stability.png,1142797,1.09,review-section,salming-race-9
/images/training/products/salming-race-9/sections/stability.png,1142797,1.09,review-section,salming-race-9
/images/padel/products/wilson-rush-pro-4-0/sections/strengths.png,1142173,1.09,review-section,wilson-rush-pro-4-0
/images/running/products/wilson-rush-pro-4-0/sections/strengths.png,1142173,1.09,review-section,wilson-rush-pro-4-0
/images/tennis/products/wilson-rush-pro-4-0/sections/strengths.png,1142173,1.09,review-section,wilson-rush-pro-4-0
/images/fitness/products/rogue-flogging-horse-stall-mat-note/sections/performance.png,1142121,1.09,review-section,rogue-flogging-horse-stall-mat-note
/images/home/products/rogue-flogging-horse-stall-mat-note/sections/performance.png,1142121,1.09,review-section,rogue-flogging-horse-stall-mat-note
/images/running/products/salomon-aero-glide-2/sections/performance.png,1142052,1.09,review-section,salomon-aero-glide-2
/images/running/products/salomon-ultra-glide-2/sections/durability.png,1141576,1.09,review-section,salomon-ultra-glide-2
/images/running/products/adidas-adizero-boston-13/sections/durability.png,1141439,1.09,review-section,adidas-adizero-boston-13
/images/padel/products/k-swiss-hypercourt-express-2/sections/durability.png,1141105,1.09,review-section,k-swiss-hypercourt-express-2
/images/running/products/k-swiss-hypercourt-express-2/sections/durability.png,1141105,1.09,review-section,k-swiss-hypercourt-express-2
/images/tennis/products/k-swiss-hypercourt-express-2/sections/durability.png,1141105,1.09,review-section,k-swiss-hypercourt-express-2
/images/running/products/adidas-adizero-boston-12/sections/specs.png,1140646,1.09,review-section,adidas-adizero-boston-12
/images/padel/products/adidas-courtquick-padel-women/sections/fit.png,1139861,1.09,review-section,adidas-courtquick-padel-women
/images/running/products/adidas-courtquick-padel-women/sections/fit.png,1139861,1.09,review-section,adidas-courtquick-padel-women
/images/running/products/new-balance-fresh-foam-x-860-v14/sections/strengths.png,1139850,1.09,review-section,new-balance-fresh-foam-x-860-v14
/images/running/products/on-cloudmonster-hyper/sections/cushioning.png,1139266,1.09,review-section,on-cloudmonster-hyper
/images/padel/products/babolat-jet-mach-3/sections/tradeoffs.png,1137069,1.08,review-section,babolat-jet-mach-3
/images/running/products/babolat-jet-mach-3/sections/tradeoffs.png,1137069,1.08,review-section,babolat-jet-mach-3
/images/tennis/products/babolat-jet-mach-3/sections/tradeoffs.png,1137069,1.08,review-section,babolat-jet-mach-3
/images/padel/products/k-swiss-hypercourt-express-2/sections/strengths.png,1136745,1.08,review-section,k-swiss-hypercourt-express-2
/images/running/products/k-swiss-hypercourt-express-2/sections/strengths.png,1136745,1.08,review-section,k-swiss-hypercourt-express-2
/images/tennis/products/k-swiss-hypercourt-express-2/sections/strengths.png,1136745,1.08,review-section,k-swiss-hypercourt-express-2
/images/hydration/products/camelbak-crux-15/sections/fit.png,1136404,1.08,review-section,camelbak-crux-15
/images/running/products/camelbak-crux-15/sections/fit.png,1136404,1.08,review-section,camelbak-crux-15
/images/running/products/mizuno-wave-rebellion-pro-3/sections/performance.png,1136332,1.08,review-section,mizuno-wave-rebellion-pro-3
/images/home/products/osprey-duro-6/sections/fit.png,1135962,1.08,review-section,osprey-duro-6
/images/packs/products/osprey-duro-6/sections/fit.png,1135962,1.08,review-section,osprey-duro-6
/images/running/products/osprey-duro-6/sections/fit.png,1135962,1.08,review-section,osprey-duro-6
/images/running/products/altra-paradigm-7/sections/durability.png,1135883,1.08,review-section,altra-paradigm-7
/images/tennis/products/wilson-rush-pro-ace-hero.jpg,1135711,1.08,hero,wilson-rush-pro-ace-hero.jpg
/images/running/products/asics-novablast-5/sections/value.png,1135690,1.08,review-section,asics-novablast-5
/images/running/products/new-balance-fresh-foam-x-860-v14/sections/cushioning.png,1135358,1.08,review-section,new-balance-fresh-foam-x-860-v14
/images/running/products/hoka-gaviota-5/sections/strengths.png,1135171,1.08,review-section,hoka-gaviota-5
/images/home/products/black-diamond-distance-8/sections/durability.png,1134940,1.08,review-section,black-diamond-distance-8
/images/packs/products/black-diamond-distance-8/sections/durability.png,1134940,1.08,review-section,black-diamond-distance-8
/images/running/products/black-diamond-distance-8/sections/durability.png,1134940,1.08,review-section,black-diamond-distance-8
/images/running/products/injinji-run-midweight/sections/fit.png,1134829,1.08,review-section,injinji-run-midweight
/images/running/products/asics-gel-challenger-15/sections/cushioning.png,1134578,1.08,review-section,asics-gel-challenger-15
/images/tennis/products/asics-gel-challenger-15/sections/cushioning.png,1134578,1.08,review-section,asics-gel-challenger-15
/images/fitness/products/bowflex-selecttech-552/sections/performance.png,1133953,1.08,review-section,bowflex-selecttech-552
/images/home/products/bowflex-selecttech-552/sections/performance.png,1133953,1.08,review-section,bowflex-selecttech-552
/images/watches/products/samsung-galaxy-watch-ultra/sections/fit.png,1133884,1.08,review-section,samsung-galaxy-watch-ultra
/images/headphones/products/soundcore-aerofit-2-hero.png,1133808,1.08,hero,soundcore-aerofit-2-hero.png
/images/running/products/new-balance-fresh-foam-x-860-v14/sections/durability.png,1133693,1.08,review-section,new-balance-fresh-foam-x-860-v14
/images/running/products/salomon-sense-ride-5/sections/value.png,1133356,1.08,review-section,salomon-sense-ride-5
/images/fitness/products/mirafit-m4-cage/sections/usecase.png,1132603,1.08,review-section,mirafit-m4-cage
/images/home/products/mirafit-m4-cage/sections/usecase.png,1132603,1.08,review-section,mirafit-m4-cage
/images/running/products/adidas-dropset-3/sections/fit.png,1132295,1.08,review-section,adidas-dropset-3
/images/training/products/adidas-dropset-3/sections/fit.png,1132295,1.08,review-section,adidas-dropset-3
/images/padel/products/asics-gel-resolution-9-clay/sections/tech.png,1132089,1.08,review-section,asics-gel-resolution-9-clay
/images/padel/products/asics-gel-resolution-9/sections/tradeoffs.png,1132069,1.08,review-section,asics-gel-resolution-9
/images/running/products/asics-gel-resolution-9/sections/tradeoffs.png,1132069,1.08,review-section,asics-gel-resolution-9
/images/tennis/products/asics-gel-resolution-9/sections/tradeoffs.png,1132069,1.08,review-section,asics-gel-resolution-9
/images/hrm/products/wahoo-trackr/sections/specs.png,1131785,1.08,review-section,wahoo-trackr
/images/watches/products/wahoo-trackr/sections/specs.png,1131785,1.08,review-section,wahoo-trackr
/images/running/products/topo-athletic-specter-2/sections/stability.png,1131607,1.08,review-section,topo-athletic-specter-2
/images/padel/products/asics-solution-speed-ff-3/sections/durability.png,1131586,1.08,review-section,asics-solution-speed-ff-3
/images/running/products/asics-solution-speed-ff-3/sections/durability.png,1131586,1.08,review-section,asics-solution-speed-ff-3
/images/tennis/products/asics-solution-speed-ff-3/sections/durability.png,1131586,1.08,review-section,asics-solution-speed-ff-3
/images/running/products/hoka-gaviota-5/sections/grip.png,1131500,1.08,review-section,hoka-gaviota-5
/images/padel/products/adidas-crazyquick-boost-padel-women/sections/upper.png,1131040,1.08,review-section,adidas-crazyquick-boost-padel-women
/images/running/products/adidas-crazyquick-boost-padel-women/sections/upper.png,1131040,1.08,review-section,adidas-crazyquick-boost-padel-women
/images/home/products/salomon-adv-skin-12/sections/performance.png,1130853,1.08,review-section,salomon-adv-skin-12
/images/packs/products/salomon-adv-skin-12/sections/performance.png,1130853,1.08,review-section,salomon-adv-skin-12
/images/running/products/salomon-adv-skin-12/sections/performance.png,1130853,1.08,review-section,salomon-adv-skin-12
/images/running/products/saucony-peregrine-15/sections/stability.png,1130495,1.08,review-section,saucony-peregrine-15
/images/fitness/products/bowflex-selecttech-1090/sections/usecase.png,1130311,1.08,review-section,bowflex-selecttech-1090
/images/home/products/bowflex-selecttech-1090/sections/usecase.png,1130311,1.08,review-section,bowflex-selecttech-1090
/images/running/products/nobull-trainer/sections/strengths.png,1129098,1.08,review-section,nobull-trainer
/images/training/products/nobull-trainer/sections/strengths.png,1129098,1.08,review-section,nobull-trainer
/images/running/products/altra-experience-flow/sections/tradeoffs.png,1128926,1.08,review-section,altra-experience-flow
/images/running/products/saucony-endorphin-speed-4/sections/upper.png,1128458,1.08,review-section,saucony-endorphin-speed-4
/images/running/products/asics-novablast-4/sections/stability.png,1128342,1.08,review-section,asics-novablast-4
/images/running/products/saucony-guide-18/sections/grip.png,1127954,1.08,review-section,saucony-guide-18
/images/running/products/hoka-gaviota-5/sections/tradeoffs.png,1127723,1.08,review-section,hoka-gaviota-5
/images/padel/products/head-padel-pro-s-balls/sections/performance.png,1127577,1.08,review-section,head-padel-pro-s-balls
/images/running/accessories/body-glide-original-hero.png,1127263,1.08,hero,body-glide-original
/images/running/products/saucony-endorphin-pro-3/sections/fit.png,1127189,1.07,review-section,saucony-endorphin-pro-3
/images/running/products/asics-gt-2000-14/sections/value.png,1127100,1.07,review-section,asics-gt-2000-14
/images/watches/products/coros-pace-3/sections/value.png,1126970,1.07,review-section,coros-pace-3
/images/running/products/puma-fuse-3/sections/performance.png,1126274,1.07,review-section,puma-fuse-3
/images/training/products/puma-fuse-3/sections/performance.png,1126274,1.07,review-section,puma-fuse-3
/images/padel/products/head-padel-pro-s-balls/sections/value.png,1125968,1.07,review-section,head-padel-pro-s-balls
/images/fitness/products/assaultbike-elite/sections/value.png,1125908,1.07,review-section,assaultbike-elite
/images/home/products/assaultbike-elite/sections/value.png,1125908,1.07,review-section,assaultbike-elite
/images/running/products/altra-paradigm-7/sections/strengths.png,1125724,1.07,review-section,altra-paradigm-7
/images/running/products/nike-pegasus-42/sections/value.png,1125606,1.07,review-section,nike-pegasus-42
/images/padel/products/babolat-counter-viper-2026/sections/specs.png,1125186,1.07,review-section,babolat-counter-viper-2026
/images/padel/products/wilson-rush-pro-ace/sections/strengths.png,1124882,1.07,review-section,wilson-rush-pro-ace
/images/running/products/wilson-rush-pro-ace/sections/strengths.png,1124882,1.07,review-section,wilson-rush-pro-ace
/images/tennis/products/wilson-rush-pro-ace/sections/strengths.png,1124882,1.07,review-section,wilson-rush-pro-ace
/images/running/products/hoka-transport/sections/strengths.png,1124716,1.07,review-section,hoka-transport
/images/training/products/hoka-transport/sections/strengths.png,1124716,1.07,review-section,hoka-transport
/images/padel/products/adidas-courtjam-control-3/sections/tradeoffs.png,1124460,1.07,review-section,adidas-courtjam-control-3
/images/running/products/adidas-courtjam-control-3/sections/tradeoffs.png,1124460,1.07,review-section,adidas-courtjam-control-3
/images/tennis/products/adidas-courtjam-control-3/sections/tradeoffs.png,1124460,1.07,review-section,adidas-courtjam-control-3
/images/running/products/inov8-fastlift-400/sections/value.png,1123555,1.07,review-section,inov8-fastlift-400
/images/training/products/inov8-fastlift-400/sections/value.png,1123555,1.07,review-section,inov8-fastlift-400
/images/running/products/saucony-endorphin-speed-4/sections/value.png,1123483,1.07,review-section,saucony-endorphin-speed-4
/images/padel/products/asics-gel-challenger-15/sections/strengths.png,1122991,1.07,review-section,asics-gel-challenger-15
/images/running/products/asics-gel-challenger-15/sections/strengths.png,1122991,1.07,review-section,asics-gel-challenger-15
/images/tennis/products/asics-gel-challenger-15/sections/strengths.png,1122991,1.07,review-section,asics-gel-challenger-15
/images/fitness/products/rogue-adjustable-bench-3-0/sections/strengths.png,1122921,1.07,review-section,rogue-adjustable-bench-3-0
/images/home/products/rogue-adjustable-bench-3-0/sections/strengths.png,1122921,1.07,review-section,rogue-adjustable-bench-3-0
/images/padel/products/wilson-rush-pro-4-0/sections/durability.png,1122900,1.07,review-section,wilson-rush-pro-4-0
/images/running/products/wilson-rush-pro-4-0/sections/durability.png,1122900,1.07,review-section,wilson-rush-pro-4-0
/images/tennis/products/wilson-rush-pro-4-0/sections/durability.png,1122900,1.07,review-section,wilson-rush-pro-4-0
/images/fitness/products/bowflex-selecttech-1090/sections/overview.png,1122366,1.07,review-section,bowflex-selecttech-1090
/images/home/products/bowflex-selecttech-1090/sections/overview.png,1122366,1.07,review-section,bowflex-selecttech-1090
/images/running/products/asics-gt-1000-13/sections/tradeoffs.png,1122251,1.07,review-section,asics-gt-1000-13
/images/fitness/products/mirafit-weighted-vest/sections/strengths.png,1122064,1.07,review-section,mirafit-weighted-vest
/images/home/products/mirafit-weighted-vest/sections/strengths.png,1122064,1.07,review-section,mirafit-weighted-vest
/images/hydration/products/nathan-speeddraw-plus-insulated-18oz/sections/fit.png,1121987,1.07,review-section,nathan-speeddraw-plus-insulated-18oz
/images/running/products/nathan-speeddraw-plus-insulated-18oz/sections/fit.png,1121987,1.07,review-section,nathan-speeddraw-plus-insulated-18oz
/images/running/products/nike-romaleos-4/sections/grip.png,1121234,1.07,review-section,nike-romaleos-4
/images/training/products/nike-romaleos-4/sections/grip.png,1121234,1.07,review-section,nike-romaleos-4
/images/running/products/adidas-adizero-adios-pro-4/sections/overview.png,1120599,1.07,review-section,adidas-adizero-adios-pro-4
/images/running/products/nobull-outwork/sections/assessment.png,1120463,1.07,review-section,nobull-outwork
/images/training/products/nobull-outwork/sections/assessment.png,1120463,1.07,review-section,nobull-outwork
/images/running/products/salomon-sense-ride-5/sections/fit.png,1120352,1.07,review-section,salomon-sense-ride-5
/images/padel/products/asics-gel-dedicate-8/sections/durability.png,1119716,1.07,review-section,asics-gel-dedicate-8
/images/running/products/asics-gel-dedicate-8/sections/durability.png,1119716,1.07,review-section,asics-gel-dedicate-8
/images/tennis/products/asics-gel-dedicate-8/sections/durability.png,1119716,1.07,review-section,asics-gel-dedicate-8
/images/running/products/adidas-dropset-3/sections/ride.png,1119498,1.07,review-section,adidas-dropset-3
/images/training/products/adidas-dropset-3/sections/ride.png,1119498,1.07,review-section,adidas-dropset-3
/images/padel/products/babolat-movea-2/sections/value.png,1119490,1.07,review-section,babolat-movea-2
/images/running/products/babolat-movea-2/sections/value.png,1119490,1.07,review-section,babolat-movea-2
/images/running/products/salming-race-9/sections/specs.png,1118977,1.07,review-section,salming-race-9
/images/training/products/salming-race-9/sections/specs.png,1118977,1.07,review-section,salming-race-9
/images/running/products/on-cloudmonster-2/sections/specs.png,1118892,1.07,review-section,on-cloudmonster-2
/images/running/products/asics-gel-resolution-9/sections/grip.png,1118815,1.07,review-section,asics-gel-resolution-9
/images/tennis/products/asics-gel-resolution-9/sections/grip.png,1118815,1.07,review-section,asics-gel-resolution-9
/images/running/products/tyr-cxt-2/sections/usecase.png,1118662,1.07,review-section,tyr-cxt-2
/images/training/products/tyr-cxt-2/sections/usecase.png,1118662,1.07,review-section,tyr-cxt-2
/images/running/products/darn-tough-run-1-4/sections/overview.png,1118300,1.07,review-section,darn-tough-run-1-4
/images/running/products/adidas-adizero-adios-pro-4/sections/usecase.png,1118296,1.07,review-section,adidas-adizero-adios-pro-4
/images/running/products/on-cloudmonster-hyper/sections/strengths.png,1117244,1.07,review-section,on-cloudmonster-hyper
/images/running/products/on-cloudmonster-hyper/sections/durability.png,1117234,1.07,review-section,on-cloudmonster-hyper
/images/hydration/products/nathan-speeddraw-plus-insulated-18oz/sections/tech.png,1117119,1.07,review-section,nathan-speeddraw-plus-insulated-18oz
/images/running/products/nathan-speeddraw-plus-insulated-18oz/sections/tech.png,1117119,1.07,review-section,nathan-speeddraw-plus-insulated-18oz
/images/watches/products/coros-pace-3/sections/performance.png,1116570,1.06,review-section,coros-pace-3
/images/running/products/k-swiss-ultrashot-3/sections/grip.png,1115953,1.06,review-section,k-swiss-ultrashot-3
/images/tennis/products/k-swiss-ultrashot-3/sections/grip.png,1115953,1.06,review-section,k-swiss-ultrashot-3
/images/running/products/nb-minimus-tr/sections/tradeoffs.png,1115854,1.06,review-section,nb-minimus-tr
/images/training/products/nb-minimus-tr/sections/tradeoffs.png,1115854,1.06,review-section,nb-minimus-tr
/images/hydration/products/nathan-speeddraw-plus-insulated-18oz/sections/usecase.png,1115482,1.06,review-section,nathan-speeddraw-plus-insulated-18oz
/images/running/products/nathan-speeddraw-plus-insulated-18oz/sections/usecase.png,1115482,1.06,review-section,nathan-speeddraw-plus-insulated-18oz
/images/running/products/do-win-classic/sections/assessment.png,1115318,1.06,review-section,do-win-classic
/images/training/products/do-win-classic/sections/assessment.png,1115318,1.06,review-section,do-win-classic
/images/running/products/saucony-guide-18/sections/tradeoffs.png,1114349,1.06,review-section,saucony-guide-18
/images/watches/products/coros-vertix-2s/sections/specs.png,1114276,1.06,review-section,coros-vertix-2s
/images/watches/products/coros-apex-4/gallery/top-4.png,1114150,1.06,gallery,coros-apex-4
/images/running/products/brooks-glycerin-21/sections/upper.png,1113962,1.06,review-section,brooks-glycerin-21
/images/running/products/nike-romaleos-4/sections/strengths.png,1113355,1.06,review-section,nike-romaleos-4
/images/training/products/nike-romaleos-4/sections/strengths.png,1113355,1.06,review-section,nike-romaleos-4
/images/padel/products/wilson-rush-pro-ace/sections/durability.png,1112658,1.06,review-section,wilson-rush-pro-ace
/images/running/products/wilson-rush-pro-ace/sections/durability.png,1112658,1.06,review-section,wilson-rush-pro-ace
/images/tennis/products/wilson-rush-pro-ace/sections/durability.png,1112658,1.06,review-section,wilson-rush-pro-ace
/images/running/products/nobull-trainer/sections/durability.png,1112604,1.06,review-section,nobull-trainer
/images/training/products/nobull-trainer/sections/durability.png,1112604,1.06,review-section,nobull-trainer
/images/running/products/asics-gt-2000-14/sections/ride.png,1112164,1.06,review-section,asics-gt-2000-14
/images/running/products/salomon-aero-glide-2/sections/fit.png,1111841,1.06,review-section,salomon-aero-glide-2
/images/running/products/puma-deviate-nitro-3/sections/upper.png,1111684,1.06,review-section,puma-deviate-nitro-3
/images/running/products/on-cloudsurfer-next/sections/ride.png,1110656,1.06,review-section,on-cloudsurfer-next
/images/fitness/products/joma-t-slam/sections/upper.png,1110444,1.06,review-section,joma-t-slam
/images/running/products/joma-t-slam/sections/upper.png,1110444,1.06,review-section,joma-t-slam
/images/padel/products/nike-court-vapor-pro-3/sections/tradeoffs.png,1109935,1.06,review-section,nike-court-vapor-pro-3
/images/running/products/nike-court-vapor-pro-3/sections/tradeoffs.png,1109935,1.06,review-section,nike-court-vapor-pro-3
/images/tennis/products/nike-court-vapor-pro-3/sections/tradeoffs.png,1109935,1.06,review-section,nike-court-vapor-pro-3
/images/padel/products/adidas-courtstabil-padel/sections/performance.png,1109735,1.06,review-section,adidas-courtstabil-padel
/images/running/products/adidas-courtstabil-padel/sections/performance.png,1109735,1.06,review-section,adidas-courtstabil-padel
/images/running/products/topo-athletic-specter-2/sections/upper.png,1109538,1.06,review-section,topo-athletic-specter-2
/images/padel/products/starvie-basalto-osiris-2026/sections/usecase.png,1109325,1.06,review-section,starvie-basalto-osiris-2026
/images/hrm/products/wahoo-trackr/sections/fit.png,1108874,1.06,review-section,wahoo-trackr
/images/watches/products/wahoo-trackr/sections/fit.png,1108874,1.06,review-section,wahoo-trackr
/images/running/products/cep-run-compression-sock-3/sections/value.png,1108733,1.06,review-section,cep-run-compression-sock-3
/images/fitness/products/mirafit-m4-cage/sections/overview.png,1108340,1.06,review-section,mirafit-m4-cage
/images/home/products/mirafit-m4-cage/sections/overview.png,1108340,1.06,review-section,mirafit-m4-cage
/images/running/products/nike-romaleos-4/sections/tradeoffs.png,1108249,1.06,review-section,nike-romaleos-4
/images/training/products/nike-romaleos-4/sections/tradeoffs.png,1108249,1.06,review-section,nike-romaleos-4
/images/running/products/altra-paradigm-7/sections/grip.png,1106991,1.06,review-section,altra-paradigm-7
/images/running/products/puma-fuse-3/sections/fit.png,1106809,1.06,review-section,puma-fuse-3
/images/training/products/puma-fuse-3/sections/fit.png,1106809,1.06,review-section,puma-fuse-3
/images/running/products/adidas-adizero-boston-13/sections/tradeoffs.png,1106721,1.06,review-section,adidas-adizero-boston-13
/images/padel/products/wilson-blade-pro-v2-padel-2026/sections/fit.png,1105950,1.05,review-section,wilson-blade-pro-v2-padel-2026
/images/packs/products/kiprun-900-race-5/sections/specs.png,1105484,1.05,review-section,kiprun-900-race-5
/images/running/products/kiprun-900-race-5/sections/specs.png,1105484,1.05,review-section,kiprun-900-race-5
/images/running/products/adidas-adizero-boston-12/sections/overview.png,1104880,1.05,review-section,adidas-adizero-boston-12
/images/running/products/salming-race-9/sections/ride.png,1104102,1.05,review-section,salming-race-9
/images/training/products/salming-race-9/sections/ride.png,1104102,1.05,review-section,salming-race-9
/images/running/products/mizuno-wave-rebellion-pro-3/sections/value.png,1103983,1.05,review-section,mizuno-wave-rebellion-pro-3
/images/running/products/reebok-lifter-pr-iii/sections/upper.png,1103775,1.05,review-section,reebok-lifter-pr-iii
/images/training/products/reebok-lifter-pr-iii/sections/upper.png,1103775,1.05,review-section,reebok-lifter-pr-iii
/images/running/products/buff-merino-lightweight/sections/overview.png,1103604,1.05,review-section,buff-merino-lightweight
/images/watches/products/apple-watch-ultra-2/sections/fit.png,1103413,1.05,review-section,apple-watch-ultra-2
/images/padel/products/babolat-technical-viper-2026/sections/specs.png,1103346,1.05,review-section,babolat-technical-viper-2026
/images/fitness/products/rogue-dog-sled/sections/usecase.png,1102703,1.05,review-section,rogue-dog-sled
/images/home/products/rogue-dog-sled/sections/usecase.png,1102703,1.05,review-section,rogue-dog-sled
/images/running/products/babolat-jet-mach-3/sections/grip.png,1102696,1.05,review-section,babolat-jet-mach-3
/images/tennis/products/babolat-jet-mach-3/sections/grip.png,1102696,1.05,review-section,babolat-jet-mach-3
/images/running/products/adidas-adizero-evo-sl/sections/assessment.png,1102590,1.05,review-section,adidas-adizero-evo-sl
/images/fitness/products/mirafit-weighted-vest/sections/durability.png,1101829,1.05,review-section,mirafit-weighted-vest
/images/home/products/mirafit-weighted-vest/sections/durability.png,1101829,1.05,review-section,mirafit-weighted-vest
/images/running/products/adidas-dropset-3/sections/value.png,1100287,1.05,review-section,adidas-dropset-3
/images/training/products/adidas-dropset-3/sections/value.png,1100287,1.05,review-section,adidas-dropset-3
/images/running/products/buff-polar/sections/tech.png,1100270,1.05,review-section,buff-polar
/images/running/products/ua-charged-commit-4/sections/upper.png,1100000,1.05,review-section,ua-charged-commit-4
/images/training/products/ua-charged-commit-4/sections/upper.png,1100000,1.05,review-section,ua-charged-commit-4
/images/running/products/asics-gel-nimbus-27/sections/assessment.png,1099904,1.05,review-section,asics-gel-nimbus-27
/images/hydration/products/camelbak-crux-15/sections/specs.png,1099680,1.05,review-section,camelbak-crux-15
/images/running/products/camelbak-crux-15/sections/specs.png,1099680,1.05,review-section,camelbak-crux-15
/images/running/products/adidas-adizero-boston-12/sections/usecase.png,1099649,1.05,review-section,adidas-adizero-boston-12
/images/running/products/on-cloudmonster-2/sections/fit.png,1099618,1.05,review-section,on-cloudmonster-2
/images/running/products/mizuno-wave-rebellion-pro-3/sections/fit.png,1099042,1.05,review-section,mizuno-wave-rebellion-pro-3
/images/watches/products/garmin-enduro-3/sections/value.png,1098929,1.05,review-section,garmin-enduro-3
/images/running/products/new-balance-fuelcell-rebel-v4/sections/upper.png,1098842,1.05,review-section,new-balance-fuelcell-rebel-v4
/images/running/products/adidas-adizero-adios-pro-4/sections/specs.png,1098187,1.05,review-section,adidas-adizero-adios-pro-4
/images/running/products/reebok-nano-x4/sections/assessment.png,1097986,1.05,review-section,reebok-nano-x4
/images/training/products/reebok-nano-x4/sections/assessment.png,1097986,1.05,review-section,reebok-nano-x4
/images/running/products/tyr-cxt-2/sections/stability.png,1097792,1.05,review-section,tyr-cxt-2
/images/training/products/tyr-cxt-2/sections/stability.png,1097792,1.05,review-section,tyr-cxt-2
/images/home/products/camelbak-circuit-run-vest/sections/overview.png,1097586,1.05,review-section,camelbak-circuit-run-vest
/images/packs/products/camelbak-circuit-run-vest/sections/overview.png,1097586,1.05,review-section,camelbak-circuit-run-vest
/images/running/products/camelbak-circuit-run-vest/sections/overview.png,1097586,1.05,review-section,camelbak-circuit-run-vest
/images/home/products/black-diamond-distance-8/sections/tradeoffs.png,1097556,1.05,review-section,black-diamond-distance-8
/images/packs/products/black-diamond-distance-8/sections/tradeoffs.png,1097556,1.05,review-section,black-diamond-distance-8
/images/running/products/black-diamond-distance-8/sections/tradeoffs.png,1097556,1.05,review-section,black-diamond-distance-8
/images/running/products/hoka-transport/sections/durability.png,1097526,1.05,review-section,hoka-transport
/images/training/products/hoka-transport/sections/durability.png,1097526,1.05,review-section,hoka-transport
/images/running/products/adidas-courtjam-control-3/sections/grip.png,1097413,1.05,review-section,adidas-courtjam-control-3
/images/tennis/products/adidas-courtjam-control-3/sections/grip.png,1097413,1.05,review-section,adidas-courtjam-control-3
/images/running/products/on-cloudsurfer-next/sections/performance.png,1096950,1.05,review-section,on-cloudsurfer-next
/images/running/products/new-balance-fuelcell-supercomp-elite-v4/sections/performance.png,1096880,1.05,review-section,new-balance-fuelcell-supercomp-elite-v4
/images/padel/products/asics-solution-speed-ff-3/sections/tradeoffs.png,1096449,1.05,review-section,asics-solution-speed-ff-3
/images/running/products/asics-solution-speed-ff-3/sections/tradeoffs.png,1096449,1.05,review-section,asics-solution-speed-ff-3
/images/tennis/products/asics-solution-speed-ff-3/sections/tradeoffs.png,1096449,1.05,review-section,asics-solution-speed-ff-3
/images/running/products/altra-lone-peak-8/sections/stability.png,1095955,1.05,review-section,altra-lone-peak-8
/images/padel/products/asics-gel-challenger-15/sections/durability.png,1095486,1.04,review-section,asics-gel-challenger-15
/images/running/products/asics-gel-challenger-15/sections/durability.png,1095486,1.04,review-section,asics-gel-challenger-15
/images/tennis/products/asics-gel-challenger-15/sections/durability.png,1095486,1.04,review-section,asics-gel-challenger-15
/images/running/products/wilson-rush-pro-4-0/sections/grip.png,1095087,1.04,review-section,wilson-rush-pro-4-0
/images/tennis/products/wilson-rush-pro-4-0/sections/grip.png,1095087,1.04,review-section,wilson-rush-pro-4-0
/images/running/products/adidas-dropset-3/sections/performance.png,1095015,1.04,review-section,adidas-dropset-3
/images/training/products/adidas-dropset-3/sections/performance.png,1095015,1.04,review-section,adidas-dropset-3
/images/watches/products/garmin-instinct-3/sections/value.png,1094858,1.04,review-section,garmin-instinct-3
/images/padel/products/k-swiss-hypercourt-express-2/sections/tradeoffs.png,1093743,1.04,review-section,k-swiss-hypercourt-express-2
/images/running/products/k-swiss-hypercourt-express-2/sections/tradeoffs.png,1093743,1.04,review-section,k-swiss-hypercourt-express-2
/images/tennis/products/k-swiss-hypercourt-express-2/sections/tradeoffs.png,1093743,1.04,review-section,k-swiss-hypercourt-express-2
/images/padel/products/adidas-solematch-control-2/sections/strengths.png,1093618,1.04,review-section,adidas-solematch-control-2
/images/running/products/adidas-solematch-control-2/sections/strengths.png,1093618,1.04,review-section,adidas-solematch-control-2
/images/tennis/products/adidas-solematch-control-2/sections/strengths.png,1093618,1.04,review-section,adidas-solematch-control-2
/images/running/products/smartwool-run-targeted-cushion/sections/tradeoffs.png,1093444,1.04,review-section,smartwool-run-targeted-cushion
/images/running/products/reebok-legacy-lifter-iii/sections/assessment.png,1092432,1.04,review-section,reebok-legacy-lifter-iii
/images/training/products/reebok-legacy-lifter-iii/sections/assessment.png,1092432,1.04,review-section,reebok-legacy-lifter-iii
/images/padel/products/head-extreme-pro-padel-2026/sections/value.png,1091607,1.04,review-section,head-extreme-pro-padel-2026
/images/hrm/products/wahoo-trackr/sections/value.png,1091411,1.04,review-section,wahoo-trackr
/images/watches/products/wahoo-trackr/sections/value.png,1091411,1.04,review-section,wahoo-trackr
/images/running/products/nobull-outwork/sections/overview.png,1090609,1.04,review-section,nobull-outwork
/images/training/products/nobull-outwork/sections/overview.png,1090609,1.04,review-section,nobull-outwork
/images/watches/products/suunto-race/sections/overview.png,1090480,1.04,review-section,suunto-race
/images/running/products/wilson-rush-pro-ace/sections/grip.png,1090458,1.04,review-section,wilson-rush-pro-ace
/images/tennis/products/wilson-rush-pro-ace/sections/grip.png,1090458,1.04,review-section,wilson-rush-pro-ace
/images/running/products/new-balance-fuelcell-supercomp-elite-v4/sections/overview.png,1090340,1.04,review-section,new-balance-fuelcell-supercomp-elite-v4
/images/running/products/puma-magnify-nitro-2/sections/upper.png,1090255,1.04,review-section,puma-magnify-nitro-2
/images/running/products/ua-project-rock-bsr-4/sections/value.png,1089752,1.04,review-section,ua-project-rock-bsr-4
/images/training/products/ua-project-rock-bsr-4/sections/value.png,1089752,1.04,review-section,ua-project-rock-bsr-4
/images/running/products/on-cloudsurfer-next/sections/fit.png,1089630,1.04,review-section,on-cloudsurfer-next
/images/running/products/puma-magnify-nitro-2/sections/stability.png,1089608,1.04,review-section,puma-magnify-nitro-2
/images/running/products/puma-fuse-3/sections/overview.png,1089115,1.04,review-section,puma-fuse-3
/images/training/products/puma-fuse-3/sections/overview.png,1089115,1.04,review-section,puma-fuse-3
/images/running/products/adidas-solematch-control-2/sections/cushioning.png,1089086,1.04,review-section,adidas-solematch-control-2
/images/tennis/products/adidas-solematch-control-2/sections/cushioning.png,1089086,1.04,review-section,adidas-solematch-control-2
/images/running/products/topo-athletic-phantom-3/sections/ride.png,1088366,1.04,review-section,topo-athletic-phantom-3
/images/home/products/black-diamond-distance-8/sections/performance.png,1087856,1.04,review-section,black-diamond-distance-8
/images/packs/products/black-diamond-distance-8/sections/performance.png,1087856,1.04,review-section,black-diamond-distance-8
/images/running/products/black-diamond-distance-8/sections/performance.png,1087856,1.04,review-section,black-diamond-distance-8
/images/running/products/adidas-adizero-boston-13/sections/grip.png,1087787,1.04,review-section,adidas-adizero-boston-13
/images/running/products/buff-polar/sections/overview.png,1087407,1.04,review-section,buff-polar
/images/running/products/asics-metaspeed-sky-paris/sections/fit.png,1087379,1.04,review-section,asics-metaspeed-sky-paris
/images/running/products/saucony-endorphin-pro-3/sections/specs.png,1086583,1.04,review-section,saucony-endorphin-pro-3
/images/padel/products/wilson-rush-pro-4-0/sections/tradeoffs.png,1086248,1.04,review-section,wilson-rush-pro-4-0
/images/running/products/wilson-rush-pro-4-0/sections/tradeoffs.png,1086248,1.04,review-section,wilson-rush-pro-4-0
/images/tennis/products/wilson-rush-pro-4-0/sections/tradeoffs.png,1086248,1.04,review-section,wilson-rush-pro-4-0
/images/running/products/salomon-ultra-glide-2/sections/tradeoffs.png,1086077,1.04,review-section,salomon-ultra-glide-2
/images/running/products/new-balance-fresh-foam-x-860-v14/sections/tradeoffs.png,1085604,1.04,review-section,new-balance-fresh-foam-x-860-v14
/images/fitness/products/eleiko-sport-bumper-set/sections/value.png,1085556,1.04,review-section,eleiko-sport-bumper-set
/images/home/products/eleiko-sport-bumper-set/sections/value.png,1085556,1.04,review-section,eleiko-sport-bumper-set
/images/running/products/nobull-outwork/sections/usecase.png,1084736,1.03,review-section,nobull-outwork
/images/training/products/nobull-outwork/sections/usecase.png,1084736,1.03,review-section,nobull-outwork
/images/padel/products/asics-gel-dedicate-8/sections/tradeoffs.png,1084672,1.03,review-section,asics-gel-dedicate-8
/images/running/products/asics-gel-dedicate-8/sections/tradeoffs.png,1084672,1.03,review-section,asics-gel-dedicate-8
/images/tennis/products/asics-gel-dedicate-8/sections/tradeoffs.png,1084672,1.03,review-section,asics-gel-dedicate-8
/images/fitness/products/rogue-dog-sled/sections/overview.png,1084618,1.03,review-section,rogue-dog-sled
/images/home/products/rogue-dog-sled/sections/overview.png,1084618,1.03,review-section,rogue-dog-sled
/images/running/products/brooks-glycerin-21/sections/stability.png,1084409,1.03,review-section,brooks-glycerin-21
/images/hydration/products/nathan-speeddraw-plus-insulated-18oz/sections/performance.png,1083977,1.03,review-section,nathan-speeddraw-plus-insulated-18oz
/images/running/products/nathan-speeddraw-plus-insulated-18oz/sections/performance.png,1083977,1.03,review-section,nathan-speeddraw-plus-insulated-18oz
/images/running/products/smartwool-run-targeted-cushion/sections/strengths.png,1083908,1.03,review-section,smartwool-run-targeted-cushion
/images/running/products/asics-gt-2000-14/sections/performance.png,1083847,1.03,review-section,asics-gt-2000-14
/images/fitness/products/mirafit-weighted-vest/sections/tradeoffs.png,1083814,1.03,review-section,mirafit-weighted-vest
/images/home/products/mirafit-weighted-vest/sections/tradeoffs.png,1083814,1.03,review-section,mirafit-weighted-vest
/images/fitness/products/eleiko-sport-bumper-set/sections/specs.png,1083414,1.03,review-section,eleiko-sport-bumper-set
/images/home/products/eleiko-sport-bumper-set/sections/specs.png,1083414,1.03,review-section,eleiko-sport-bumper-set
/images/padel/products/nox-ml10-hexa/sections/value.png,1082880,1.03,review-section,nox-ml10-hexa
/images/running/products/nox-ml10-hexa/sections/value.png,1082880,1.03,review-section,nox-ml10-hexa
/images/watches/products/coros-pace-3/sections/overview.png,1081791,1.03,review-section,coros-pace-3
/images/home/products/nathan-pinnacle-12/sections/overview.png,1081751,1.03,review-section,nathan-pinnacle-12
/images/packs/products/nathan-pinnacle-12/sections/overview.png,1081751,1.03,review-section,nathan-pinnacle-12
/images/running/products/nathan-pinnacle-12/sections/overview.png,1081751,1.03,review-section,nathan-pinnacle-12
/images/running/products/topo-athletic-phantom-3/sections/upper.png,1080878,1.03,review-section,topo-athletic-phantom-3
/images/hydration/products/camelbak-crux-15/sections/overview.png,1080348,1.03,review-section,camelbak-crux-15
/images/running/products/camelbak-crux-15/sections/overview.png,1080348,1.03,review-section,camelbak-crux-15
/images/running/products/altra-torin-8/sections/stability.png,1079807,1.03,review-section,altra-torin-8
/images/fitness/products/mirafit-m4-cage/sections/performance.png,1079165,1.03,review-section,mirafit-m4-cage
/images/home/products/mirafit-m4-cage/sections/performance.png,1079165,1.03,review-section,mirafit-m4-cage
/images/padel/products/adidas-courtstabil-padel/sections/ride.png,1078397,1.03,review-section,adidas-courtstabil-padel
/images/running/products/adidas-courtstabil-padel/sections/ride.png,1078397,1.03,review-section,adidas-courtstabil-padel
/images/fitness/products/atx-cast-iron-plate-set/sections/tech.png,1077961,1.03,review-section,atx-cast-iron-plate-set
/images/home/products/atx-cast-iron-plate-set/sections/tech.png,1077961,1.03,review-section,atx-cast-iron-plate-set
/images/fitness/products/rep-quickdraw-adjustable-dumbbells/sections/specs.png,1077959,1.03,review-section,rep-quickdraw-adjustable-dumbbells
/images/home/products/rep-quickdraw-adjustable-dumbbells/sections/specs.png,1077959,1.03,review-section,rep-quickdraw-adjustable-dumbbells
/images/running/products/nobull-outwork/sections/specs.png,1077751,1.03,review-section,nobull-outwork
/images/training/products/nobull-outwork/sections/specs.png,1077751,1.03,review-section,nobull-outwork
/images/watches/products/samsung-galaxy-watch-ultra/sections/assessment.png,1076914,1.03,review-section,samsung-galaxy-watch-ultra
/images/fitness/products/blackroll-med/sections/performance.png,1076431,1.03,review-section,blackroll-med
/images/home/products/blackroll-med/sections/performance.png,1076431,1.03,review-section,blackroll-med
/images/running/products/asics-metaspeed-sky-paris/sections/specs.png,1075806,1.03,review-section,asics-metaspeed-sky-paris
/images/running/products/ua-tribase-reign-6/sections/cushioning.png,1075475,1.03,review-section,ua-tribase-reign-6
/images/training/products/ua-tribase-reign-6/sections/cushioning.png,1075475,1.03,review-section,ua-tribase-reign-6
/images/running/products/altra-paradigm-7/sections/tradeoffs.png,1075373,1.03,review-section,altra-paradigm-7
/images/fitness/products/assaultbike-elite/sections/specs.png,1075365,1.03,review-section,assaultbike-elite
/images/home/products/assaultbike-elite/sections/specs.png,1075365,1.03,review-section,assaultbike-elite
/images/running/products/k-swiss-hypercourt-express-2/sections/grip.png,1075362,1.03,review-section,k-swiss-hypercourt-express-2
/images/tennis/products/k-swiss-hypercourt-express-2/sections/grip.png,1075362,1.03,review-section,k-swiss-hypercourt-express-2
/images/running/products/hoka-bondi-8/sections/stability.png,1075355,1.03,review-section,hoka-bondi-8
/images/padel/products/wilson-rush-pro-ace/sections/tradeoffs.png,1075301,1.03,review-section,wilson-rush-pro-ace
/images/running/products/wilson-rush-pro-ace/sections/tradeoffs.png,1075301,1.03,review-section,wilson-rush-pro-ace
/images/tennis/products/wilson-rush-pro-ace/sections/tradeoffs.png,1075301,1.03,review-section,wilson-rush-pro-ace
/images/running/products/asics-gel-dedicate-8/sections/grip.png,1075178,1.03,review-section,asics-gel-dedicate-8
/images/tennis/products/asics-gel-dedicate-8/sections/grip.png,1075178,1.03,review-section,asics-gel-dedicate-8
/images/padel/products/asics-gel-resolution-9-clay/sections/durability.png,1074882,1.03,review-section,asics-gel-resolution-9-clay
/images/running/products/asics-gel-resolution-9-clay/sections/durability.png,1074882,1.03,review-section,asics-gel-resolution-9-clay
/images/tennis/products/asics-gel-resolution-9-clay/sections/durability.png,1074882,1.03,review-section,asics-gel-resolution-9-clay
/images/running/products/asics-gel-nimbus-27/sections/upper.png,1074599,1.02,review-section,asics-gel-nimbus-27
/images/running/products/mizuno-wave-rider-28/sections/fit.png,1074087,1.02,review-section,mizuno-wave-rider-28
/images/running/products/adidas-adizero-boston-12/sections/value.png,1074031,1.02,review-section,adidas-adizero-boston-12
/images/running/products/nobull-trainer/sections/tradeoffs.png,1073745,1.02,review-section,nobull-trainer
/images/training/products/nobull-trainer/sections/tradeoffs.png,1073745,1.02,review-section,nobull-trainer
/images/running/products/asics-novablast-4/sections/fit.png,1073182,1.02,review-section,asics-novablast-4
/images/padel/products/bullpadel-hack-03/sections/specs.png,1073015,1.02,review-section,bullpadel-hack-03
/images/watches/products/coros-apex-4/gallery/detail-2.png,1072963,1.02,gallery,coros-apex-4
/images/running/products/salomon-ultra-glide-2/sections/grip.png,1072585,1.02,review-section,salomon-ultra-glide-2
/images/gear/qa/gear-hub-full-1440.png,1072532,1.02,other,
/images/running/products/hoka-bondi-8/sections/upper.png,1072446,1.02,review-section,hoka-bondi-8
/images/hrm/products/wahoo-trackr/sections/performance.png,1071373,1.02,review-section,wahoo-trackr
/images/watches/products/wahoo-trackr/sections/performance.png,1071373,1.02,review-section,wahoo-trackr
/images/running/products/new-balance-fresh-foam-x-1080-v14/sections/stability.png,1071098,1.02,review-section,new-balance-fresh-foam-x-1080-v14
/images/home/products/camelbak-zephyr/sections/tradeoffs.png,1071050,1.02,review-section,camelbak-zephyr
/images/packs/products/camelbak-zephyr/sections/tradeoffs.png,1071050,1.02,review-section,camelbak-zephyr
/images/running/products/camelbak-zephyr/sections/tradeoffs.png,1071050,1.02,review-section,camelbak-zephyr
/images/running/products/salomon-aero-glide-2/sections/value.png,1070707,1.02,review-section,salomon-aero-glide-2
/images/fitness/products/rep-quickdraw-adjustable-dumbbells/sections/fit.png,1070452,1.02,review-section,rep-quickdraw-adjustable-dumbbells
/images/home/products/rep-quickdraw-adjustable-dumbbells/sections/fit.png,1070452,1.02,review-section,rep-quickdraw-adjustable-dumbbells
/images/running/products/nike-react-infinity-run-4/sections/strengths.png,1070313,1.02,review-section,nike-react-infinity-run-4
/images/running/products/adidas-ultraboost-5/sections/strengths.png,1070266,1.02,review-section,adidas-ultraboost-5
/images/padel/products/adidas-metalbone-2026/sections/specs.png,1070116,1.02,review-section,adidas-metalbone-2026
/images/running/products/new-balance-fuelcell-supercomp-elite-v4/sections/upper.png,1070056,1.02,review-section,new-balance-fuelcell-supercomp-elite-v4
/images/running/products/saucony-endorphin-speed-5/sections/specs.png,1069838,1.02,review-section,saucony-endorphin-speed-5
/images/running/products/asics-novablast-4/sections/ride.png,1068958,1.02,review-section,asics-novablast-4
/images/running/products/darn-tough-run-1-4/sections/usecase.png,1068954,1.02,review-section,darn-tough-run-1-4
/images/running/products/reebok-legacy-lifter-iii/sections/specs.png,1068936,1.02,review-section,reebok-legacy-lifter-iii
/images/training/products/reebok-legacy-lifter-iii/sections/specs.png,1068936,1.02,review-section,reebok-legacy-lifter-iii
/images/running/products/adidas-adizero-evo-sl/sections/usecase.png,1068807,1.02,review-section,adidas-adizero-evo-sl
/images/running/products/on-cloudmonster-hyper/sections/tradeoffs.png,1067978,1.02,review-section,on-cloudmonster-hyper
/images/running/products/nobull-trainer/sections/grip.png,1067973,1.02,review-section,nobull-trainer
/images/training/products/nobull-trainer/sections/grip.png,1067973,1.02,review-section,nobull-trainer
/images/home/products/salomon-adv-skin-12/sections/fit.png,1067659,1.02,review-section,salomon-adv-skin-12
/images/packs/products/salomon-adv-skin-12/sections/fit.png,1067659,1.02,review-section,salomon-adv-skin-12
/images/running/products/salomon-adv-skin-12/sections/fit.png,1067659,1.02,review-section,salomon-adv-skin-12
/images/padel/products/wilson-blade-pro-v2-padel-2026/sections/specs.png,1067372,1.02,review-section,wilson-blade-pro-v2-padel-2026
/images/padel/products/adidas-solematch-control-2/sections/durability.png,1067166,1.02,review-section,adidas-solematch-control-2
/images/running/products/adidas-solematch-control-2/sections/durability.png,1067166,1.02,review-section,adidas-solematch-control-2
/images/tennis/products/adidas-solematch-control-2/sections/durability.png,1067166,1.02,review-section,adidas-solematch-control-2
/images/padel/products/asics-gel-challenger-15/sections/tradeoffs.png,1066888,1.02,review-section,asics-gel-challenger-15
/images/running/products/asics-gel-challenger-15/sections/tradeoffs.png,1066888,1.02,review-section,asics-gel-challenger-15
/images/tennis/products/asics-gel-challenger-15/sections/tradeoffs.png,1066888,1.02,review-section,asics-gel-challenger-15
/images/home/products/camelbak-zephyr/sections/tech.png,1066721,1.02,review-section,camelbak-zephyr
/images/packs/products/camelbak-zephyr/sections/tech.png,1066721,1.02,review-section,camelbak-zephyr
/images/running/products/camelbak-zephyr/sections/tech.png,1066721,1.02,review-section,camelbak-zephyr
/images/watches/products/coros-pace-3/sections/usecase.png,1066476,1.02,review-section,coros-pace-3
/images/hydration/products/camelbak-crux-15/sections/usecase.png,1066335,1.02,review-section,camelbak-crux-15
/images/running/products/camelbak-crux-15/sections/usecase.png,1066335,1.02,review-section,camelbak-crux-15
/images/running/products/nike-structure-plus/sections/upper.png,1066160,1.02,review-section,nike-structure-plus
/images/watches/products/garmin-forerunner-965/sections/fit.png,1066082,1.02,review-section,garmin-forerunner-965
/images/fitness/products/bowflex-selecttech-552/sections/overview.png,1064986,1.02,review-section,bowflex-selecttech-552
/images/home/products/bowflex-selecttech-552/sections/overview.png,1064986,1.02,review-section,bowflex-selecttech-552
/images/running/products/adidas-adizero-evo-sl/sections/overview.png,1063762,1.01,review-section,adidas-adizero-evo-sl
/images/fitness/products/babolat-jet-premura/sections/usecase.png,1063417,1.01,review-section,babolat-jet-premura
/images/padel/products/babolat-jet-premura/sections/usecase.png,1063417,1.01,review-section,babolat-jet-premura
/images/running/products/babolat-jet-premura/sections/usecase.png,1063417,1.01,review-section,babolat-jet-premura
/images/padel/products/starvie-basalto-osiris-2026/sections/performance.png,1063202,1.01,review-section,starvie-basalto-osiris-2026
/images/running/products/asics-gt-2000-14/sections/upper.png,1063144,1.01,review-section,asics-gt-2000-14
/images/running/products/on-cloudmonster-hyper/sections/grip.png,1062625,1.01,review-section,on-cloudmonster-hyper
/images/running/products/nike-react-infinity-run-4/sections/durability.png,1061125,1.01,review-section,nike-react-infinity-run-4
/images/running/products/reebok-legacy-lifter-iii/sections/overview.png,1061117,1.01,review-section,reebok-legacy-lifter-iii
/images/training/products/reebok-legacy-lifter-iii/sections/overview.png,1061117,1.01,review-section,reebok-legacy-lifter-iii
/images/fitness/products/babolat-jet-premura/sections/assessment.png,1060777,1.01,review-section,babolat-jet-premura
/images/running/products/babolat-jet-premura/sections/assessment.png,1060777,1.01,review-section,babolat-jet-premura
/images/padel/products/head-sprint-pro-4-padel/sections/assessment.png,1060709,1.01,review-section,head-sprint-pro-4-padel
/images/running/products/head-sprint-pro-4-padel/sections/assessment.png,1060709,1.01,review-section,head-sprint-pro-4-padel
/images/watches/products/garmin-forerunner-965/sections/specs.png,1060488,1.01,review-section,garmin-forerunner-965
/images/home/products/camelbak-circuit-run-vest/sections/specs.png,1060207,1.01,review-section,camelbak-circuit-run-vest
/images/packs/products/camelbak-circuit-run-vest/sections/specs.png,1060207,1.01,review-section,camelbak-circuit-run-vest
/images/running/products/camelbak-circuit-run-vest/sections/specs.png,1060207,1.01,review-section,camelbak-circuit-run-vest
/images/watches/products/coros-pace-pro/gallery/top-4.jpg,1060076,1.01,gallery,coros-pace-pro
/images/running/products/saucony-endorphin-speed-4/sections/stability.png,1059992,1.01,review-section,saucony-endorphin-speed-4
/images/running/products/nike-aeroswift-singlet-men/sections/value.png,1059228,1.01,review-section,nike-aeroswift-singlet-men
/images/running/products/buff-coolnet-uv/sections/fit.png,1058615,1.01,review-section,buff-coolnet-uv
/images/fitness/products/gravity-fitness-weighted-vest/sections/overview.png,1058444,1.01,review-section,gravity-fitness-weighted-vest
/images/home/products/gravity-fitness-weighted-vest/sections/overview.png,1058444,1.01,review-section,gravity-fitness-weighted-vest
/images/running/products/topo-athletic-phantom-3/sections/performance.png,1058116,1.01,review-section,topo-athletic-phantom-3
/images/fitness/products/rogue-flogging-horse-stall-mat-note/sections/value.png,1057976,1.01,review-section,rogue-flogging-horse-stall-mat-note
/images/home/products/rogue-flogging-horse-stall-mat-note/sections/value.png,1057976,1.01,review-section,rogue-flogging-horse-stall-mat-note
/images/running/products/brooks-hyperion-max-2/sections/fit.png,1057534,1.01,review-section,brooks-hyperion-max-2
/images/home/products/nathan-pinnacle-12/sections/fit.png,1057417,1.01,review-section,nathan-pinnacle-12
/images/packs/products/nathan-pinnacle-12/sections/fit.png,1057417,1.01,review-section,nathan-pinnacle-12
/images/running/products/nathan-pinnacle-12/sections/fit.png,1057417,1.01,review-section,nathan-pinnacle-12
/images/padel/products/royal-padel-m27-poly-2026/sections/fit.png,1057365,1.01,review-section,royal-padel-m27-poly-2026
/images/running/products/asics-gel-quantum-360-8/sections/value.png,1057218,1.01,review-section,asics-gel-quantum-360-8
/images/training/products/asics-gel-quantum-360-8/sections/value.png,1057218,1.01,review-section,asics-gel-quantum-360-8
/images/padel/products/bullpadel-vertex-04/sections/value.png,1057023,1.01,review-section,bullpadel-vertex-04
/images/home/products/nathan-pinnacle-12/sections/usecase.png,1056850,1.01,review-section,nathan-pinnacle-12
/images/packs/products/nathan-pinnacle-12/sections/usecase.png,1056850,1.01,review-section,nathan-pinnacle-12
/images/running/products/nathan-pinnacle-12/sections/usecase.png,1056850,1.01,review-section,nathan-pinnacle-12
/images/running/products/adidas-adizero-evo-sl/sections/specs.png,1056829,1.01,review-section,adidas-adizero-evo-sl
/images/watches/products/suunto-race/sections/usecase.png,1056343,1.01,review-section,suunto-race
/images/running/products/brooks-hyperion-max-2/sections/ride.png,1056273,1.01,review-section,brooks-hyperion-max-2
/images/running/products/janji-pace-short-women/sections/specs.png,1056111,1.01,review-section,janji-pace-short-women
/images/running/products/asics-metaspeed-sky-paris/sections/ride.png,1056009,1.01,review-section,asics-metaspeed-sky-paris
/images/running/products/polar-verity-sense/sections/specs.png,1055957,1.01,review-section,polar-verity-sense
/images/running/products/reebok-nano-x3/sections/durability.png,1055397,1.01,review-section,reebok-nano-x3
/images/training/products/reebok-nano-x3/sections/durability.png,1055397,1.01,review-section,reebok-nano-x3
/images/home/products/camelbak-zephyr/sections/durability.png,1055232,1.01,review-section,camelbak-zephyr
/images/packs/products/camelbak-zephyr/sections/durability.png,1055232,1.01,review-section,camelbak-zephyr
/images/running/products/camelbak-zephyr/sections/durability.png,1055232,1.01,review-section,camelbak-zephyr
/images/running/products/buff-merino-lightweight/sections/usecase.png,1055182,1.01,review-section,buff-merino-lightweight
/images/running/products/hoka-transport/sections/grip.png,1054820,1.01,review-section,hoka-transport
/images/training/products/hoka-transport/sections/grip.png,1054820,1.01,review-section,hoka-transport
/images/padel/products/head-extreme-motion-2026/sections/fit.png,1054426,1.01,review-section,head-extreme-motion-2026
/images/running/products/hoka-transport/sections/tradeoffs.png,1054280,1.01,review-section,hoka-transport
/images/training/products/hoka-transport/sections/tradeoffs.png,1054280,1.01,review-section,hoka-transport
/images/running/products/brooks-ghost-16/sections/value.png,1054232,1.01,review-section,brooks-ghost-16
/images/running/products/nike-metcon-8/sections/upper.png,1053708,1.00,review-section,nike-metcon-8
/images/training/products/nike-metcon-8/sections/upper.png,1053708,1.00,review-section,nike-metcon-8
/images/fitness/products/gravity-fitness-weighted-vest/sections/value.png,1052960,1.00,review-section,gravity-fitness-weighted-vest
/images/home/products/gravity-fitness-weighted-vest/sections/value.png,1052960,1.00,review-section,gravity-fitness-weighted-vest
/images/padel/products/asics-gel-resolution-9-clay/sections/strengths.png,1052769,1.00,review-section,asics-gel-resolution-9-clay
/images/running/products/asics-gel-resolution-9-clay/sections/strengths.png,1052769,1.00,review-section,asics-gel-resolution-9-clay
/images/tennis/products/asics-gel-resolution-9-clay/sections/strengths.png,1052769,1.00,review-section,asics-gel-resolution-9-clay
/images/running/products/mizuno-wave-rider-28/sections/value.png,1052092,1.00,review-section,mizuno-wave-rider-28
/images/running/products/nike-react-infinity-run-4/sections/cushioning.png,1051623,1.00,review-section,nike-react-infinity-run-4
/images/fitness/products/babolat-jet-premura/sections/overview.png,1051055,1.00,review-section,babolat-jet-premura
/images/padel/products/babolat-jet-premura/sections/overview.png,1051055,1.00,review-section,babolat-jet-premura
/images/running/products/babolat-jet-premura/sections/overview.png,1051055,1.00,review-section,babolat-jet-premura
/images/running/products/asics-solution-speed-ff-3/sections/grip.png,1050363,1.00,review-section,asics-solution-speed-ff-3
/images/tennis/products/asics-solution-speed-ff-3/sections/grip.png,1050363,1.00,review-section,asics-solution-speed-ff-3
/images/padel/products/adidas-solematch-control-2/sections/tradeoffs.png,1049300,1.00,review-section,adidas-solematch-control-2
/images/running/products/adidas-solematch-control-2/sections/tradeoffs.png,1049300,1.00,review-section,adidas-solematch-control-2
/images/tennis/products/adidas-solematch-control-2/sections/tradeoffs.png,1049300,1.00,review-section,adidas-solematch-control-2
/images/running/products/saucony-endorphin-speed-5/sections/ride.png,1049042,1.00,review-section,saucony-endorphin-speed-5