path,page_type,entity_id,entity_slug,launch_disposition,robots_expectation,in_sitemap_expected,notes
/best/compact-padel-bags,best-guide,best-compact-padel-bags,compact-padel-bags,PUBLIC_NOINDEX,"noindex,follow",no,intro_thin|best_guide_not_launch_ready
/best/large-padel-bags,best-guide,best-large-padel-bags,large-padel-bags,PUBLIC_NOINDEX,"noindex,follow",no,intro_thin|best_guide_not_launch_ready
/best/padel-backpacks,best-guide,best-padel-backpacks,padel-backpacks,PUBLIC_NOINDEX,"noindex,follow",no,intro_thin|best_guide_not_launch_ready
/best/padel-bags,best-guide,best-padel-bags,padel-bags,INDEXABLE,"index,follow",yes,contextualDepth=high|editorial_ready
/best/padel-bags-commuting,best-guide,best-padel-bags-commuting,padel-bags-commuting,PUBLIC_NOINDEX,"noindex,follow",no,intro_thin|best_guide_not_launch_ready
/best/padel-bags-with-shoe-compartments,best-guide,best-padel-bags-shoe-compartment,padel-bags-with-shoe-compartments,PUBLIC_NOINDEX,"noindex,follow",no,intro_thin|best_guide_not_launch_ready
/best/padel-ball-pressurizers,best-guide,best-padel-ball-pressurizers,padel-ball-pressurizers,INDEXABLE,"index,follow",yes,contextualDepth=high|editorial_ready
/best/padel-balls,best-guide,best-padel-balls,padel-balls,INDEXABLE,"index,follow",yes,contextualDepth=high|editorial_ready
/best/padel-competition-balls,best-guide,best-padel-competition-balls,padel-competition-balls,PUBLIC_NOINDEX,"noindex,follow",no,best_guide_not_launch_ready
/best/padel-dry-feel-overgrips,best-guide,best-padel-dry-feel-overgrips,padel-dry-feel-overgrips,HIDDEN_404,"noindex,nofollow",no,contextualDepth=high|introWords=95|thin_best_guide_hidden
/best/padel-ergonomic-grip-systems,best-guide,best-padel-ergonomic-grips,padel-ergonomic-grip-systems,INDEXABLE,"index,follow",yes,contextualDepth=high|editorial_ready
/best/padel-fast-balls,best-guide,best-padel-fast-balls,padel-fast-balls,PUBLIC_NOINDEX,"noindex,follow",no,intro_thin|best_guide_not_launch_ready
/best/padel-overgrips,best-guide,best-padel-overgrips,padel-overgrips,INDEXABLE,"index,follow",yes,contextualDepth=high|editorial_ready
/best/padel-overgrips-sweaty-hands,best-guide,best-padel-overgrips-sweaty,padel-overgrips-sweaty-hands,INDEXABLE,"index,follow",yes,contextualDepth=high|editorial_ready
/best/padel-racket-protectors,best-guide,best-padel-racket-protectors,padel-racket-protectors,HIDDEN_404,"noindex,nofollow",no,contextualDepth=high|introWords=98|thin_best_guide_hidden
/best/padel-rackets,best-guide,best-padel-rackets,padel-rackets,INDEXABLE,"index,follow",yes,contextualDepth=high|editorial_ready
/best/padel-rackets-advanced,best-guide,best-padel-rackets-advanced,padel-rackets-advanced,INDEXABLE,"index,follow",yes,contextualDepth=high|editorial_ready
/best/padel-rackets-all-round,best-guide,best-padel-rackets-all-round,padel-rackets-all-round,INDEXABLE,"index,follow",yes,contextualDepth=high|editorial_ready
/best/padel-rackets-beginners,best-guide,best-padel-rackets-beginners,padel-rackets-beginners,INDEXABLE,"index,follow",yes,contextualDepth=high|editorial_ready
/best/padel-rackets-comfort,best-guide,best-padel-rackets-comfort,padel-rackets-comfort,INDEXABLE,"index,follow",yes,contextualDepth=high|editorial_ready
/best/padel-rackets-control,best-guide,best-padel-rackets-control,padel-rackets-control,INDEXABLE,"index,follow",yes,contextualDepth=high|editorial_ready
/best/padel-rackets-intermediate,best-guide,best-padel-rackets-intermediate,padel-rackets-intermediate,INDEXABLE,"index,follow",yes,contextualDepth=high|editorial_ready
/best/padel-rackets-lightweight,best-guide,best-padel-rackets-lightweight,padel-rackets-lightweight,INDEXABLE,"index,follow",yes,contextualDepth=high|editorial_ready
/best/padel-rackets-maneuverability,best-guide,best-padel-rackets-maneuverability,padel-rackets-maneuverability,INDEXABLE,"index,follow",yes,contextualDepth=high|editorial_ready
/best/padel-rackets-power,best-guide,best-padel-rackets-power,padel-rackets-power,INDEXABLE,"index,follow",yes,contextualDepth=high|editorial_ready
/best/padel-rackets-value,best-guide,best-padel-rackets-value,padel-rackets-value,INDEXABLE,"index,follow",yes,contextualDepth=high|editorial_ready
/best/padel-rackets-women,best-guide,best-padel-rackets-women,padel-rackets-women,INDEXABLE,"index,follow",yes,contextualDepth=high|editorial_ready
/best/padel-shoes,best-guide,best-padel-shoes,padel-shoes,INDEXABLE,"index,follow",yes,contextualDepth=high|editorial_ready
/best/padel-shoes-comfort,best-guide,best-padel-shoes-comfort,padel-shoes-comfort,INDEXABLE,"index,follow",yes,contextualDepth=high|editorial_ready
/best/padel-shoes-lightweight,best-guide,best-padel-shoes-lightweight,padel-shoes-lightweight,INDEXABLE,"index,follow",yes,contextualDepth=high|editorial_ready
/best/padel-shoes-men,best-guide,best-padel-shoes-men,padel-shoes-men,INDEXABLE,"index,follow",yes,contextualDepth=high|editorial_ready
/best/padel-shoes-stability,best-guide,best-padel-shoes-stability,padel-shoes-stability,INDEXABLE,"index,follow",yes,contextualDepth=high|editorial_ready
/best/padel-shoes-value,best-guide,best-padel-shoes-value,padel-shoes-value,INDEXABLE,"index,follow",yes,contextualDepth=high|editorial_ready
/best/padel-shoes-women,best-guide,best-padel-shoes-women,padel-shoes-women,INDEXABLE,"index,follow",yes,contextualDepth=high|editorial_ready
/best/padel-tacky-overgrips,best-guide,best-padel-tacky-overgrips,padel-tacky-overgrips,INDEXABLE,"index,follow",yes,contextualDepth=high|editorial_ready
/best/padel-tournament-bags,best-guide,best-padel-tournament-bags,padel-tournament-bags,PUBLIC_NOINDEX,"noindex,follow",no,intro_thin|best_guide_not_launch_ready
/best/padel-training-balls,best-guide,best-padel-training-balls,padel-training-balls,PUBLIC_NOINDEX,"noindex,follow",no,intro_thin|best_guide_not_launch_ready
/best/padel-value-balls,best-guide,best-padel-value-balls,padel-value-balls,PUBLIC_NOINDEX,"noindex,follow",no,intro_thin|best_guide_not_launch_ready
/best/padel-value-overgrips-multipacks,best-guide,best-padel-value-overgrips,padel-value-overgrips-multipacks,PUBLIC_NOINDEX,"noindex,follow",no,best_guide_not_launch_ready
/brands/4on,brand,brand-4on,4on,INDEXABLE,"index,follow",yes,brand_hub_ok
/brands/adidas-padel,brand,brand-adidas-padel,adidas-padel,INDEXABLE,"index,follow",yes,brand_hub_ok
/brands/alacran,brand,brand-alacran,alacran,HIDDEN_404,"noindex,nofollow",no,brand_hub_no_products
/brands/asics,brand,brand-asics,asics,INDEXABLE,"index,follow",yes,brand_hub_ok
/brands/babolat,brand,brand-babolat-padel,babolat,INDEXABLE,"index,follow",yes,brand_hub_ok
/brands/ball-rescuer,brand,brand-ball-rescuer,ball-rescuer,HIDDEN_404,"noindex,nofollow",no,brand_hub_insufficient_depth
/brands/black-crown,brand,brand-black-crown,black-crown,INDEXABLE,"index,follow",yes,brand_hub_ok
/brands/bounce-tube,brand,brand-bounce-tube,bounce-tube,HIDDEN_404,"noindex,nofollow",no,brand_hub_no_products
/brands/bullpadel,brand,brand-bullpadel,bullpadel,INDEXABLE,"index,follow",yes,brand_hub_ok
/brands/drop-shot,brand,brand-drop-shot,drop-shot,INDEXABLE,"index,follow",yes,brand_hub_ok
/brands/dunlop-padel,brand,brand-dunlop-padel,dunlop-padel,INDEXABLE,"index,follow",yes,brand_hub_ok
/brands/enebe,brand,brand-enebe,enebe,HIDDEN_404,"noindex,nofollow",no,brand_hub_insufficient_depth
/brands/fila-padel,brand,brand-fila-padel,fila-padel,HIDDEN_404,"noindex,nofollow",no,brand_hub_insufficient_depth
/brands/head,brand,brand-head-padel,head,INDEXABLE,"index,follow",yes,brand_hub_ok
/brands/hesacore,brand,brand-hesacore,hesacore,INDEXABLE,"index,follow",yes,brand_hub_ok
/brands/joma,brand,brand-joma,joma,HIDDEN_404,"noindex,nofollow",no,brand_hub_no_products
/brands/kuikma,brand,brand-kuikma,kuikma,INDEXABLE,"index,follow",yes,brand_hub_ok
/brands/lok,brand,brand-lok,lok,INDEXABLE,"index,follow",yes,brand_hub_ok
/brands/noene,brand,brand-noene,noene,HIDDEN_404,"noindex,nofollow",no,brand_hub_no_products
/brands/nox,brand,brand-nox,nox,INDEXABLE,"index,follow",yes,brand_hub_ok
/brands/osaka-padel,brand,brand-osaka-padel,osaka-padel,HIDDEN_404,"noindex,nofollow",no,brand_hub_insufficient_depth
/brands/oxdog,brand,brand-oxdog,oxdog,INDEXABLE,"index,follow",yes,brand_hub_ok
/brands/pallap,brand,brand-pallap,pallap,HIDDEN_404,"noindex,nofollow",no,brand_hub_no_products
/brands/pascal-box,brand,brand-pascal-box,pascal-box,HIDDEN_404,"noindex,nofollow",no,brand_hub_no_products
/brands/prince-padel,brand,brand-prince-padel,prince-padel,HIDDEN_404,"noindex,nofollow",no,brand_hub_no_products
/brands/royal-padel,brand,brand-royal-padel,royal-padel,HIDDEN_404,"noindex,nofollow",no,brand_hub_insufficient_depth
/brands/rs-padel,brand,brand-rs-padel,rs-padel,HIDDEN_404,"noindex,nofollow",no,brand_hub_insufficient_depth
/brands/sane,brand,brand-sane,sane,HIDDEN_404,"noindex,nofollow",no,brand_hub_no_products
/brands/shockout,brand,brand-shockout,shockout,HIDDEN_404,"noindex,nofollow",no,brand_hub_insufficient_depth
/brands/siux,brand,brand-siux,siux,INDEXABLE,"index,follow",yes,brand_hub_ok
/brands/slazenger-padel,brand,brand-slazenger-padel,slazenger-padel,HIDDEN_404,"noindex,nofollow",no,brand_hub_no_products
/brands/softee,brand,brand-softee,softee,HIDDEN_404,"noindex,nofollow",no,brand_hub_insufficient_depth
/brands/starvie,brand,brand-starvie,starvie,INDEXABLE,"index,follow",yes,brand_hub_ok
/brands/tecnifibre-padel,brand,brand-tecnifibre-padel,tecnifibre-padel,INDEXABLE,"index,follow",yes,brand_hub_ok
/brands/tourna,brand,brand-tourna,tourna,HIDDEN_404,"noindex,nofollow",no,brand_hub_no_products
/brands/tretorn-padel,brand,brand-tretorn-padel,tretorn-padel,HIDDEN_404,"noindex,nofollow",no,brand_hub_insufficient_depth
/brands/tuboplus,brand,brand-tuboplus,tuboplus,HIDDEN_404,"noindex,nofollow",no,brand_hub_no_products
/brands/varlion,brand,brand-varlion,varlion,INDEXABLE,"index,follow",yes,brand_hub_ok
/brands/vibora,brand,brand-vibora,vibora,HIDDEN_404,"noindex,nofollow",no,brand_hub_insufficient_depth
/brands/volt-padel,brand,brand-volt-padel,volt-padel,INDEXABLE,"index,follow",yes,brand_hub_ok
/brands/wilson,brand,brand-wilson-padel,wilson,INDEXABLE,"index,follow",yes,brand_hub_ok
/brands/yonex-padel,brand,brand-yonex-padel,yonex-padel,HIDDEN_404,"noindex,nofollow",no,brand_hub_insufficient_depth
/compare/babolat-rh-pro-vs-nox-at10-xxl,comparison,cmp-rh-pro-vs-at10-xxl,babolat-rh-pro-vs-nox-at10-xxl,INDEXABLE,"index,follow",yes,meaningful_decision_page|editorial_ready
/compare/babolat-technical-viper-2026-vs-wilson-bela-pro-v2-2026,comparison,cmp-babolat-wilson,babolat-technical-viper-2026-vs-wilson-bela-pro-v2-2026,INDEXABLE,"index,follow",yes,meaningful_decision_page|editorial_ready
/compare/babolat-technical-viper-vs-counter-viper,comparison,cmp-technical-vs-counter-viper,babolat-technical-viper-vs-counter-viper,INDEXABLE,"index,follow",yes,meaningful_decision_page|editorial_ready
/compare/bullpadel-hack-04-vs-adidas-metalbone-3-5,comparison,cmp-hack04-vs-metalbone35,bullpadel-hack-04-vs-adidas-metalbone-3-5,INDEXABLE,"index,follow",yes,meaningful_decision_page|editorial_ready
/compare/bullpadel-pascal-box-vs-head-x3,comparison,cmp-pascal-box-vs-head-x3,bullpadel-pascal-box-vs-head-x3,INDEXABLE,"index,follow",yes,meaningful_decision_page|editorial_ready
/compare/bullpadel-vertex-04-vs-vertex-05,comparison,cmp-vertex04-vs-vertex05,bullpadel-vertex-04-vs-vertex-05,INDEXABLE,"index,follow",yes,meaningful_decision_page|editorial_ready
/compare/bullpadel-vertex-05-vs-hack-04-2026,comparison,cmp-vertex05-vs-hack04,bullpadel-vertex-05-vs-hack-04-2026,INDEXABLE,"index,follow",yes,meaningful_decision_page|editorial_ready
/compare/bullpadel-vertex-05-vs-nox-at10-12k-2026,comparison,cmp-vertex05-vs-at10-12k,bullpadel-vertex-05-vs-nox-at10-12k-2026,INDEXABLE,"index,follow",yes,meaningful_decision_page|editorial_ready
/compare/bullpadel-vertex-05-vs-vertex-05-hybrid,comparison,cmp-vertex05-vs-hybrid,bullpadel-vertex-05-vs-vertex-05-hybrid,INDEXABLE,"index,follow",yes,meaningful_decision_page|editorial_ready
/compare/bullpadel-vs-nox-frame-protector,comparison,cmp-bullpadel-vs-nox-protector,bullpadel-vs-nox-frame-protector,INDEXABLE,"index,follow",yes,meaningful_decision_page|editorial_ready
/compare/head-coello-pro-vs-babolat-technical-viper,comparison,cmp-coello-vs-technical-viper,head-coello-pro-vs-babolat-technical-viper,INDEXABLE,"index,follow",yes,meaningful_decision_page|editorial_ready
/compare/head-padel-pro-s-vs-pro-plus,comparison,cmp-head-pro-s-vs-pro-plus,head-padel-pro-s-vs-pro-plus,INDEXABLE,"index,follow",yes,meaningful_decision_page|editorial_ready
/compare/kuikma-pb-speed-vs-head-padel-pro-s,comparison,cmp-kuikma-speed-vs-head-pro-s,kuikma-pb-speed-vs-head-padel-pro-s,INDEXABLE,"index,follow",yes,meaningful_decision_page|editorial_ready
/compare/nox-at10-12k-vs-adidas-metalbone-2026,comparison,cmp-at10-12k-vs-metalbone,nox-at10-12k-vs-adidas-metalbone-2026,INDEXABLE,"index,follow",yes,meaningful_decision_page|editorial_ready
/compare/nox-at10-genius-12k-vs-at10-attack-18k-2026,comparison,cmp-at10-genius-vs-attack,nox-at10-genius-12k-vs-at10-attack-18k-2026,INDEXABLE,"index,follow",yes,meaningful_decision_page|editorial_ready
/compare/nox-at10-genius-18k-2026-vs-babolat-technical-viper-2026,comparison,cmp-nox-babolat,nox-at10-genius-18k-2026-vs-babolat-technical-viper-2026,INDEXABLE,"index,follow",yes,meaningful_decision_page|editorial_ready
/compare/nox-at10-team-vs-babolat-rh-pro,comparison,cmp-at10-team-vs-rh-pro,nox-at10-team-vs-babolat-rh-pro,INDEXABLE,"index,follow",yes,meaningful_decision_page|editorial_ready
/compare/nox-ml10-pro-cup-vs-bullpadel-indiga-ctr,comparison,cmp-ml10-vs-indiga,nox-ml10-pro-cup-vs-bullpadel-indiga-ctr,INDEXABLE,"index,follow",yes,meaningful_decision_page|editorial_ready
/compare/tecnifibre-tour-endurance-vs-nox-at10-team,comparison,cmp-tour-endurance-vs-at10-team,tecnifibre-tour-endurance-vs-nox-at10-team,INDEXABLE,"index,follow",yes,meaningful_decision_page|editorial_ready
/compare/wilson-premier-vs-premier-padel-speed,comparison,cmp-wilson-premier-vs-speed,wilson-premier-vs-premier-padel-speed,INDEXABLE,"index,follow",yes,meaningful_decision_page|editorial_ready
/compare/wilson-pro-vs-bullpadel-hac-overgrip,comparison,cmp-wilson-vs-hac-overgrip,wilson-pro-vs-bullpadel-hac-overgrip,INDEXABLE,"index,follow",yes,meaningful_decision_page|editorial_ready
/guides/beginner-padel-gear-guide,buying-guide,guide-beginner-padel-gear,beginner-padel-gear-guide,INDEXABLE,"index,follow",yes,guide_complete|editorial_ready
/guides/carbon-vs-fiberglass-padel-rackets,buying-guide,guide-carbon-vs-fiberglass-padel,carbon-vs-fiberglass-padel-rackets,INDEXABLE,"index,follow",yes,guide_complete|editorial_ready
/guides/complete-padel-gear-checklist,buying-guide,guide-complete-padel-gear-checklist,complete-padel-gear-checklist,INDEXABLE,"index,follow",yes,guide_complete|editorial_ready
/guides/fast-vs-standard-padel-balls,buying-guide,guide-fast-vs-standard-padel-balls,fast-vs-standard-padel-balls,PUBLIC_NOINDEX,"noindex,follow",no,thin-sections|guide_not_complete
/guides/how-long-do-padel-balls-last,buying-guide,guide-how-long-padel-balls-last,how-long-do-padel-balls-last,INDEXABLE,"index,follow",yes,guide_complete|editorial_ready
/guides/how-often-should-you-replace-a-padel-overgrip,buying-guide,guide-how-often-replace-padel-overgrip,how-often-should-you-replace-a-padel-overgrip,INDEXABLE,"index,follow",yes,guide_complete|editorial_ready
/guides/how-padel-racket-sweet-spots-work,buying-guide,guide-padel-racket-sweet-spots,how-padel-racket-sweet-spots-work,INDEXABLE,"index,follow",yes,guide_complete|editorial_ready
/guides/how-to-choose-a-padel-bag,buying-guide,guide-choose-padel-bag,how-to-choose-a-padel-bag,INDEXABLE,"index,follow",yes,guide_complete|editorial_ready
/guides/how-to-choose-a-padel-racket,buying-guide,guide-choose-padel-racket,how-to-choose-a-padel-racket,INDEXABLE,"index,follow",yes,guide_complete|editorial_ready
/guides/how-to-choose-padel-balls,buying-guide,guide-choose-padel-balls,how-to-choose-padel-balls,INDEXABLE,"index,follow",yes,guide_complete|editorial_ready
/guides/how-to-choose-padel-shoes,buying-guide,guide-choose-padel-shoes,how-to-choose-padel-shoes,PUBLIC_NOINDEX,"noindex,follow",no,guide_complete|editorial_not_ready:BROKEN|editorial_gap:references:missing_products=1
/guides/padel-bag-vs-backpack,buying-guide,guide-padel-bag-vs-backpack,padel-bag-vs-backpack,PUBLIC_NOINDEX,"noindex,follow",no,thin-sections|guide_not_complete
/guides/padel-ball-pressurizers,buying-guide,guide-padel-ball-pressurizers,padel-ball-pressurizers,PUBLIC_NOINDEX,"noindex,follow",no,thin-sections|guide_not_complete
/guides/padel-grip-vs-overgrip,buying-guide,guide-padel-grip-vs-overgrip,padel-grip-vs-overgrip,INDEXABLE,"index,follow",yes,guide_complete|editorial_ready
/guides/padel-grips-overgrips-explained,buying-guide,guide-padel-grips,padel-grips-overgrips-explained,INDEXABLE,"index,follow",yes,guide_complete|editorial_ready
/guides/padel-racket-balance-explained,buying-guide,guide-padel-racket-balance,padel-racket-balance-explained,INDEXABLE,"index,follow",yes,guide_complete|editorial_ready
/guides/padel-racket-cores-eva-foam-explained,buying-guide,guide-padel-racket-cores-eva,padel-racket-cores-eva-foam-explained,INDEXABLE,"index,follow",yes,guide_complete|editorial_ready
/guides/padel-racket-customization,buying-guide,guide-padel-racket-customization,padel-racket-customization,PUBLIC_NOINDEX,"noindex,follow",no,thin-sections|guide_not_complete
/guides/padel-racket-frame-protectors,buying-guide,guide-padel-racket-protection,padel-racket-frame-protectors,PUBLIC_NOINDEX,"noindex,follow",no,thin-sections|guide_not_complete
/guides/padel-racket-materials-explained,buying-guide,guide-padel-racket-materials,padel-racket-materials-explained,INDEXABLE,"index,follow",yes,guide_complete|editorial_ready
/guides/padel-racket-shapes-explained,buying-guide,guide-padel-racket-shapes,padel-racket-shapes-explained,INDEXABLE,"index,follow",yes,guide_complete|editorial_ready
/guides/padel-racket-weight-explained,buying-guide,guide-padel-racket-weight,padel-racket-weight-explained,INDEXABLE,"index,follow",yes,guide_complete|editorial_ready
/guides/padel-shoe-outsoles-explained,buying-guide,guide-padel-shoe-outsoles,padel-shoe-outsoles-explained,PUBLIC_NOINDEX,"noindex,follow",no,guide_complete|editorial_not_ready:BROKEN|editorial_gap:references:missing_products=1
/guides/padel-vs-tennis-shoes,buying-guide,guide-padel-vs-tennis-shoes,padel-vs-tennis-shoes,INDEXABLE,"index,follow",yes,guide_complete|editorial_ready
/guides/round-vs-teardrop-vs-diamond-padel-rackets,buying-guide,guide-round-vs-teardrop-vs-diamond,round-vs-teardrop-vs-diamond-padel-rackets,INDEXABLE,"index,follow",yes,few-products|editorial_ready
/guides/soft-vs-hard-padel-rackets,buying-guide,guide-soft-vs-hard-padel-rackets,soft-vs-hard-padel-rackets,INDEXABLE,"index,follow",yes,guide_complete|editorial_ready
/padel,sport-hub,sport-padel,padel,INDEXABLE,"index,follow",yes,selective_sport_enabled:padel
/padel/accessories,category,cat-padel-accessories,padel-accessories,INDEXABLE,"index,follow",yes,category_under_padel_sport
/padel/bags,category,cat-padel-bags,padel-bags,INDEXABLE,"index,follow",yes,category_under_padel_sport
/padel/balls,category,cat-padel-balls,padel-balls,INDEXABLE,"index,follow",yes,category_under_padel_sport
/padel/clothing,category,cat-padel-clothing,padel-clothing,PUBLIC_NOINDEX,"noindex,follow",no,soft_gated_category
/padel/collections,collections,padel-collections,collections,INDEXABLE,"index,follow",yes,VALID_PUBLIC_SURFACE racket family index
/padel/collections/adidas-metalbone,collections,padel-collection-adidas-metalbone,adidas-metalbone,INDEXABLE,"index,follow",yes,collection|adidas-padel|5_rackets
/padel/collections/bullpadel-hack,collections,padel-collection-bullpadel-hack,bullpadel-hack,INDEXABLE,"index,follow",yes,collection|bullpadel|4_rackets
/padel/collections/bullpadel-vertex,collections,padel-collection-bullpadel-vertex,bullpadel-vertex,INDEXABLE,"index,follow",yes,collection|bullpadel|5_rackets
/padel/collections/head-coello,collections,padel-collection-head-coello,head-coello,INDEXABLE,"index,follow",yes,collection|head|3_rackets
/padel/collections/nox-at10-genius,collections,padel-collection-nox-at10-genius,nox-at10-genius,INDEXABLE,"index,follow",yes,collection|nox|3_rackets
/padel/collections/nox-ml10,collections,padel-collection-nox-ml10,nox-ml10,INDEXABLE,"index,follow",yes,collection|nox|1_rackets
/padel/collections/wilson-bela,collections,padel-collection-wilson-bela,wilson-bela,INDEXABLE,"index,follow",yes,collection|wilson|1_rackets
/padel/grips,category,cat-padel-grips,padel-grips,INDEXABLE,"index,follow",yes,category_under_padel_sport
/padel/rackets,category,cat-padel-rackets,padel-rackets,INDEXABLE,"index,follow",yes,category_under_padel_sport
/padel/rackets/database,database,padel-racket-database,padel-racket-database,INDEXABLE,"index,follow",yes,public database; indexes with selective padel vertical
/padel/shoes,category,cat-padel-shoes,padel-shoes,INDEXABLE,"index,follow",yes,category_under_padel_sport
/products/4on-premium-comfort,product,prod-4on-premium-comfort,4on-premium-comfort,HIDDEN_404,"noindex,nofollow",no,not_production_exposed:draft
/products/4on-premium-comfort/alternatives,alternatives,prod-4on-premium-comfort,4on-premium-comfort,HIDDEN_404,"noindex,nofollow",no,alternatives_graph_gate:source product not published|need ≥3 alternatives (have 0)|need ≥2 distinct alternative types|need meaningful unique reasons on ≥3 alts|need switch/trade-off decision shape on ≥2 alts
/products/4on-pro-t1,product,prod-4on-pro-t1,4on-pro-t1,INDEXABLE,"index,follow",yes,decisionScore=90
/products/4on-pro-t1/alternatives,alternatives,prod-4on-pro-t1,4on-pro-t1,PUBLIC_NOINDEX,"noindex,follow",no,alternatives_category_noindex|alternatives_ok_render
/products/4on-swiftgrip,product,prod-4on-swiftgrip,4on-swiftgrip,INDEXABLE,"index,follow",yes,decisionScore=90
/products/4on-swiftgrip/alternatives,alternatives,prod-4on-swiftgrip,4on-swiftgrip,PUBLIC_NOINDEX,"noindex,follow",no,alternatives_category_noindex|alternatives_ok_render
/products/4on-totaldry,product,prod-4on-totaldry,4on-totaldry,HIDDEN_404,"noindex,nofollow",no,not_production_exposed:draft
/products/4on-totaldry/alternatives,alternatives,prod-4on-totaldry,4on-totaldry,HIDDEN_404,"noindex,nofollow",no,alternatives_graph_gate:source product not published|need ≥3 alternatives (have 0)|need ≥2 distinct alternative types|need meaningful unique reasons on ≥3 alts|need switch/trade-off decision shape on ≥2 alts
/products/4on-totalgrip,product,prod-4on-totalgrip,4on-totalgrip,INDEXABLE,"index,follow",yes,decisionScore=90
/products/4on-totalgrip-paste,product,prod-4on-totalgrip-paste,4on-totalgrip-paste,INDEXABLE,"index,follow",yes,decisionScore=90
/products/4on-totalgrip-paste/alternatives,alternatives,prod-4on-totalgrip-paste,4on-totalgrip-paste,PUBLIC_NOINDEX,"noindex,follow",no,alternatives_category_noindex|alternatives_ok_render
/products/4on-totalgrip/alternatives,alternatives,prod-4on-totalgrip,4on-totalgrip,PUBLIC_NOINDEX,"noindex,follow",no,alternatives_category_noindex|alternatives_ok_render
/products/adidas-accessory-pouch-2026,product,prod-adidas-accessory-pouch-2026,adidas-accessory-pouch-2026,INDEXABLE,"index,follow",yes,decisionScore=90
/products/adidas-accessory-pouch-2026/alternatives,alternatives,prod-adidas-accessory-pouch-2026,adidas-accessory-pouch-2026,PUBLIC_NOINDEX,"noindex,follow",no,alternatives_category_noindex|alternatives_ok_render
/products/adidas-adidas-protector,product,prod-adidas-adidas-protector,adidas-adidas-protector,HIDDEN_404,"noindex,nofollow",no,not_production_exposed:draft
/products/adidas-adidas-protector/alternatives,alternatives,prod-adidas-adidas-protector,adidas-adidas-protector,HIDDEN_404,"noindex,nofollow",no,alternatives_graph_gate:source product not published|need ≥3 alternatives (have 0)|need ≥2 distinct alternative types|need meaningful unique reasons on ≥3 alts|need switch/trade-off decision shape on ≥2 alts
/products/adidas-adidas-wristband,product,prod-adidas-adidas-wristband,adidas-adidas-wristband,HIDDEN_404,"noindex,nofollow",no,not_production_exposed:draft
/products/adidas-adidas-wristband/alternatives,alternatives,prod-adidas-adidas-wristband,adidas-adidas-wristband,HIDDEN_404,"noindex,nofollow",no,alternatives_graph_gate:source product not published|need ≥3 alternatives (have 0)|need ≥2 distinct alternative types|need meaningful unique reasons on ≥3 alts|need switch/trade-off decision shape on ≥2 alts
/products/adidas-aditour-padel-balls,product,prod-adidas-aditour-padel,adidas-aditour-padel-balls,HIDDEN_404,"noindex,nofollow",no,not_production_exposed:draft
/products/adidas-aditour-padel-balls/alternatives,alternatives,prod-adidas-aditour-padel,adidas-aditour-padel-balls,HIDDEN_404,"noindex,nofollow",no,alternatives_graph_gate:source product not published|need ≥3 alternatives (have 0)|need ≥2 distinct alternative types|need meaningful unique reasons on ≥3 alts|need switch/trade-off decision shape on ≥2 alts
/products/adidas-arrow-hit-2026,product,prod-adidas-arrow-hit-attk,adidas-arrow-hit-2026,INDEXABLE,"index,follow",yes,decisionScore=90
/products/adidas-arrow-hit-2026/alternatives,alternatives,prod-adidas-arrow-hit-attk,adidas-arrow-hit-2026,INDEXABLE,"index,follow",yes,alternatives_ok|editorial_ready
/products/adidas-arrow-hit-ctrl-2026,product,prod-adidas-arrow-hit-ctrl,adidas-arrow-hit-ctrl-2026,INDEXABLE,"index,follow",yes,decisionScore=90
/products/adidas-arrow-hit-ctrl-2026/alternatives,alternatives,prod-adidas-arrow-hit-ctrl,adidas-arrow-hit-ctrl-2026,INDEXABLE,"index,follow",yes,alternatives_ok|editorial_ready
/products/adidas-control-2026,product,prod-adidas-control-2026,adidas-control-2026,INDEXABLE,"index,follow",yes,decisionScore=90
/products/adidas-control-2026/alternatives,alternatives,prod-adidas-control-2026,adidas-control-2026,PUBLIC_NOINDEX,"noindex,follow",no,alternatives_category_noindex|alternatives_ok_render
/products/adidas-courtquick-padel,product,prod-adidas-courtstabil,adidas-courtquick-padel,INDEXABLE,"index,follow",yes,decisionScore=100
/products/adidas-courtquick-padel-women,product,prod-adidas-courtquick-w,adidas-courtquick-padel-women,HIDDEN_404,"noindex,nofollow",no,not_production_exposed:draft
/products/adidas-courtquick-padel-women/alternatives,alternatives,prod-adidas-courtquick-w,adidas-courtquick-padel-women,HIDDEN_404,"noindex,nofollow",no,alternatives_graph_gate:source product not published|need ≥3 alternatives (have 0)|need ≥2 distinct alternative types|need meaningful unique reasons on ≥3 alts|need switch/trade-off decision shape on ≥2 alts
/products/adidas-courtquick-padel/alternatives,alternatives,prod-adidas-courtstabil,adidas-courtquick-padel,INDEXABLE,"index,follow",yes,alternatives_ok|editorial_ready
/products/adidas-crazyquick-boost-padel,product,prod-adidas-crazyquick-boost-m,adidas-crazyquick-boost-padel,HIDDEN_404,"noindex,nofollow",no,not_production_exposed:draft
/products/adidas-crazyquick-boost-padel-women,product,prod-adidas-crazyquick-boost-w,adidas-crazyquick-boost-padel-women,HIDDEN_404,"noindex,nofollow",no,not_production_exposed:draft
/products/adidas-crazyquick-boost-padel-women/alternatives,alternatives,prod-adidas-crazyquick-boost-w,adidas-crazyquick-boost-padel-women,HIDDEN_404,"noindex,nofollow",no,alternatives_graph_gate:source product not published|need ≥3 alternatives (have 0)|need ≥2 distinct alternative types|need meaningful unique reasons on ≥3 alts|need switch/trade-off decision shape on ≥2 alts
/products/adidas-crazyquick-boost-padel/alternatives,alternatives,prod-adidas-crazyquick-boost-m,adidas-crazyquick-boost-padel,HIDDEN_404,"noindex,nofollow",no,alternatives_graph_gate:source product not published|need ≥3 alternatives (have 0)|need ≥2 distinct alternative types|need meaningful unique reasons on ≥3 alts|need switch/trade-off decision shape on ≥2 alts
/products/adidas-cross-it-ctrl-2026,product,prod-adidas-cross-it-ctrl,adidas-cross-it-ctrl-2026,INDEXABLE,"index,follow",yes,decisionScore=90
/products/adidas-cross-it-ctrl-2026/alternatives,alternatives,prod-adidas-cross-it-ctrl,adidas-cross-it-ctrl-2026,INDEXABLE,"index,follow",yes,alternatives_ok|editorial_ready
/products/adidas-cross-it-light-2026,product,prod-adidas-cross-it-light,adidas-cross-it-light-2026,INDEXABLE,"index,follow",yes,decisionScore=90
/products/adidas-cross-it-light-2026/alternatives,alternatives,prod-adidas-cross-it-light,adidas-cross-it-light-2026,INDEXABLE,"index,follow",yes,alternatives_ok|editorial_ready
/products/adidas-match-light-2026,product,prod-adidas-match-light,adidas-match-light-2026,INDEXABLE,"index,follow",yes,decisionScore=90
/products/adidas-match-light-2026/alternatives,alternatives,prod-adidas-match-light,adidas-match-light-2026,INDEXABLE,"index,follow",yes,alternatives_ok|editorial_ready
/products/adidas-metalbone-3-3,product,prod-adidas-metalbone-3-3-2026,adidas-metalbone-3-3,INDEXABLE,"index,follow",yes,decisionScore=100
/products/adidas-metalbone-3-3/alternatives,alternatives,prod-adidas-metalbone-3-3-2026,adidas-metalbone-3-3,INDEXABLE,"index,follow",yes,alternatives_ok|editorial_ready
/products/adidas-metalbone-3-5-2026,product,prod-adidas-metalbone-3-5-2026,adidas-metalbone-3-5-2026,INDEXABLE,"index,follow",yes,decisionScore=90
/products/adidas-metalbone-3-5-2026/alternatives,alternatives,prod-adidas-metalbone-3-5-2026,adidas-metalbone-3-5-2026,INDEXABLE,"index,follow",yes,alternatives_ok|editorial_ready
/products/adidas-metalbone-bag,product,prod-adidas-metalbone-bag,adidas-metalbone-bag,HIDDEN_404,"noindex,nofollow",no,not_production_exposed:draft
/products/adidas-metalbone-bag/alternatives,alternatives,prod-adidas-metalbone-bag,adidas-metalbone-bag,HIDDEN_404,"noindex,nofollow",no,alternatives_graph_gate:source product not published|need ≥3 alternatives (have 0)|need ≥2 distinct alternative types|need meaningful unique reasons on ≥3 alts|need switch/trade-off decision shape on ≥2 alts
/products/adidas-metalbone-ctrl-2026,product,prod-adidas-metalbone-ctrl,adidas-metalbone-ctrl-2026,INDEXABLE,"index,follow",yes,decisionScore=90
/products/adidas-metalbone-ctrl-2026/alternatives,alternatives,prod-adidas-metalbone-ctrl,adidas-metalbone-ctrl-2026,INDEXABLE,"index,follow",yes,alternatives_ok|editorial_ready
/products/adidas-metalbone-hrd-2026,product,prod-adidas-metalbone-hrd,adidas-metalbone-hrd-2026,INDEXABLE,"index,follow",yes,decisionScore=100
/products/adidas-metalbone-hrd-2026/alternatives,alternatives,prod-adidas-metalbone-hrd,adidas-metalbone-hrd-2026,INDEXABLE,"index,follow",yes,alternatives_ok|editorial_ready
/products/adidas-metalbone-team-light-2026,product,prod-adidas-metalbone-team-light,adidas-metalbone-team-light-2026,INDEXABLE,"index,follow",yes,decisionScore=90
/products/adidas-metalbone-team-light-2026/alternatives,alternatives,prod-adidas-metalbone-team-light,adidas-metalbone-team-light-2026,INDEXABLE,"index,follow",yes,alternatives_ok|editorial_ready
/products/adidas-multigame-2026,product,prod-adidas-multigame-2026,adidas-multigame-2026,HIDDEN_404,"noindex,nofollow",no,not_production_exposed:draft
/products/adidas-multigame-2026/alternatives,alternatives,prod-adidas-multigame-2026,adidas-multigame-2026,HIDDEN_404,"noindex,nofollow",no,alternatives_graph_gate:source product not published|need ≥3 alternatives (have 0)|need ≥2 distinct alternative types|need meaningful unique reasons on ≥3 alts|need switch/trade-off decision shape on ≥2 alts
/products/adidas-multigame-backpack-2026,product,prod-adidas-multigame-backpack-2026,adidas-multigame-backpack-2026,HIDDEN_404,"noindex,nofollow",no,not_production_exposed:draft
/products/adidas-multigame-backpack-2026/alternatives,alternatives,prod-adidas-multigame-backpack-2026,adidas-multigame-backpack-2026,HIDDEN_404,"noindex,nofollow",no,alternatives_graph_gate:source product not published|need ≥3 alternatives (have 0)|need ≥2 distinct alternative types|need meaningful unique reasons on ≥3 alts|need switch/trade-off decision shape on ≥2 alts
/products/adidas-padel-overgrip,product,prod-adidas-padel-overgrip,adidas-padel-overgrip,INDEXABLE,"index,follow",yes,decisionScore=90
/products/adidas-padel-overgrip/alternatives,alternatives,prod-adidas-padel-overgrip,adidas-padel-overgrip,PUBLIC_NOINDEX,"noindex,follow",no,alternatives_category_noindex|alternatives_ok_render
/products/adidas-perforated-ac2ba1wh,product,prod-adidas-perforated-ac2ba1wh,adidas-perforated-ac2ba1wh,HIDDEN_404,"noindex,nofollow",no,not_production_exposed:draft
/products/adidas-perforated-ac2ba1wh/alternatives,alternatives,prod-adidas-perforated-ac2ba1wh,adidas-perforated-ac2ba1wh,HIDDEN_404,"noindex,nofollow",no,alternatives_graph_gate:source product not published|need ≥3 alternatives (have 0)|need ≥2 distinct alternative types|need meaningful unique reasons on ≥3 alts|need switch/trade-off decision shape on ≥2 alts
/products/adidas-pro-bounce,product,prod-adidas-pro-bounce,adidas-pro-bounce,HIDDEN_404,"noindex,nofollow",no,not_production_exposed:draft
/products/adidas-pro-bounce/alternatives,alternatives,prod-adidas-pro-bounce,adidas-pro-bounce,HIDDEN_404,"noindex,nofollow",no,alternatives_graph_gate:source product not published|need ≥3 alternatives (have 0)|need ≥2 distinct alternative types|need meaningful unique reasons on ≥3 alts|need switch/trade-off decision shape on ≥2 alts
/products/adidas-protour-backpack-2026,product,prod-adidas-protour-backpack-2026,adidas-protour-backpack-2026,INDEXABLE,"index,follow",yes,decisionScore=90
/products/adidas-protour-backpack-2026/alternatives,alternatives,prod-adidas-protour-backpack-2026,adidas-protour-backpack-2026,PUBLIC_NOINDEX,"noindex,follow",no,alternatives_category_noindex|alternatives_ok_render
/products/adidas-protour-padel-bag,product,prod-adidas-protour-padel,adidas-protour-padel-bag,INDEXABLE,"index,follow",yes,decisionScore=100
/products/adidas-protour-padel-bag/alternatives,alternatives,prod-adidas-protour-padel,adidas-protour-padel-bag,PUBLIC_NOINDEX,"noindex,follow",no,alternatives_category_noindex|alternatives_ok_render
/products/adidas-serie-tour,product,prod-adidas-serie-tour,adidas-serie-tour,HIDDEN_404,"noindex,nofollow",no,not_production_exposed:draft
/products/adidas-serie-tour/alternatives,alternatives,prod-adidas-serie-tour,adidas-serie-tour,HIDDEN_404,"noindex,nofollow",no,alternatives_graph_gate:source product not published|need ≥3 alternatives (have 0)|need ≥2 distinct alternative types|need meaningful unique reasons on ≥3 alts|need switch/trade-off decision shape on ≥2 alts
/products/adidas-shoe-bag-ale-gal-n,product,prod-adidas-shoe-bag-ale-gal-n,adidas-shoe-bag-ale-gal-n,INDEXABLE,"index,follow",yes,decisionScore=90
/products/adidas-shoe-bag-ale-gal-n/alternatives,alternatives,prod-adidas-shoe-bag-ale-gal-n,adidas-shoe-bag-ale-gal-n,PUBLIC_NOINDEX,"noindex,follow",no,alternatives_category_noindex|alternatives_ok_render
/products/adidas-solecourt-boost-padel,product,prod-adidas-solecourt-boost-padel,adidas-solecourt-boost-padel,HIDDEN_404,"noindex,nofollow",no,not_production_exposed:draft
/products/adidas-solecourt-boost-padel/alternatives,alternatives,prod-adidas-solecourt-boost-padel,adidas-solecourt-boost-padel,HIDDEN_404,"noindex,nofollow",no,alternatives_graph_gate:source product not published|need ≥3 alternatives (have 0)|need ≥2 distinct alternative types|need meaningful unique reasons on ≥3 alts|need switch/trade-off decision shape on ≥2 alts
/products/adidas-speed-rx-padel-balls,product,prod-adidas-speed-rx,adidas-speed-rx-padel-balls,INDEXABLE,"index,follow",yes,decisionScore=100
/products/adidas-speed-rx-padel-balls/alternatives,alternatives,prod-adidas-speed-rx,adidas-speed-rx-padel-balls,PUBLIC_NOINDEX,"noindex,follow",no,alternatives_category_noindex|alternatives_ok_render
/products/adidas-tacky-feeling,product,prod-adidas-tacky-feeling,adidas-tacky-feeling,HIDDEN_404,"noindex,nofollow",no,not_production_exposed:draft
/products/adidas-tacky-feeling/alternatives,alternatives,prod-adidas-tacky-feeling,adidas-tacky-feeling,HIDDEN_404,"noindex,nofollow",no,alternatives_graph_gate:source product not published|need ≥3 alternatives (have 0)|need ≥2 distinct alternative types|need meaningful unique reasons on ≥3 alts|need switch/trade-off decision shape on ≥2 alts
/products/adidas-tour,product,prod-adidas-tour,adidas-tour,INDEXABLE,"index,follow",yes,decisionScore=90
/products/adidas-tour/alternatives,alternatives,prod-adidas-tour,adidas-tour,PUBLIC_NOINDEX,"noindex,follow",no,alternatives_category_noindex|alternatives_ok_render
/products/adidas-weekend,product,prod-adidas-weekend,adidas-weekend,HIDDEN_404,"noindex,nofollow",no,not_production_exposed:draft
/products/adidas-weekend-bag-martita-ortega-2026,product,prod-adidas-weekend-bag-martita-ortega-2026,adidas-weekend-bag-martita-ortega-2026,HIDDEN_404,"noindex,nofollow",no,not_production_exposed:draft
/products/adidas-weekend-bag-martita-ortega-2026/alternatives,alternatives,prod-adidas-weekend-bag-martita-ortega-2026,adidas-weekend-bag-martita-ortega-2026,HIDDEN_404,"noindex,nofollow",no,alternatives_graph_gate:source product not published|need ≥3 alternatives (have 0)|need ≥2 distinct alternative types|need meaningful unique reasons on ≥3 alts|need switch/trade-off decision shape on ≥2 alts
/products/adidas-weekend/alternatives,alternatives,prod-adidas-weekend,adidas-weekend,HIDDEN_404,"noindex,nofollow",no,alternatives_graph_gate:source product not published|need ≥3 alternatives (have 0)|need ≥2 distinct alternative types|need meaningful unique reasons on ≥3 alts|need switch/trade-off decision shape on ≥2 alts
/products/alacran-alacran-basket,product,prod-alacran-alacran-basket,alacran-alacran-basket,HIDDEN_404,"noindex,nofollow",no,not_production_exposed:draft
/products/alacran-alacran-basket/alternatives,alternatives,prod-alacran-alacran-basket,alacran-alacran-basket,HIDDEN_404,"noindex,nofollow",no,alternatives_graph_gate:source product not published|need ≥3 alternatives (have 0)|need ≥2 distinct alternative types|need meaningful unique reasons on ≥3 alts|need switch/trade-off decision shape on ≥2 alts
/products/alacran-wide-ancha,product,prod-alacran-wide-ancha,alacran-wide-ancha,HIDDEN_404,"noindex,nofollow",no,not_production_exposed:draft
/products/alacran-wide-ancha/alternatives,alternatives,prod-alacran-wide-ancha,alacran-wide-ancha,HIDDEN_404,"noindex,nofollow",no,alternatives_graph_gate:source product not published|need ≥3 alternatives (have 0)|need ≥2 distinct alternative types|need meaningful unique reasons on ≥3 alts|need switch/trade-off decision shape on ≥2 alts
/products/asics-game-ff-padel,product,prod-asics-game-ff-padel,asics-game-ff-padel,HIDDEN_404,"noindex,nofollow",no,not_production_exposed:draft
/products/asics-game-ff-padel/alternatives,alternatives,prod-asics-game-ff-padel,asics-game-ff-padel,HIDDEN_404,"noindex,nofollow",no,alternatives_graph_gate:source product not published|need ≥3 alternatives (have 0)|need ≥2 distinct alternative types|need meaningful unique reasons on ≥3 alts|need switch/trade-off decision shape on ≥2 alts
/products/asics-gel-challenger-court,product,prod-asics-gel-challenger-court,asics-gel-challenger-court,INDEXABLE,"index,follow",yes,decisionScore=100
/products/asics-gel-challenger-court/alternatives,alternatives,prod-asics-gel-challenger-court,asics-gel-challenger-court,INDEXABLE,"index,follow",yes,alternatives_ok|editorial_ready
/products/asics-gel-dedicate-8-padel,product,prod-asics-gel-dedicate-8-padel,asics-gel-dedicate-8-padel,HIDDEN_404,"noindex,nofollow",no,not_production_exposed:draft
/products/asics-gel-dedicate-8-padel/alternatives,alternatives,prod-asics-gel-dedicate-8-padel,asics-gel-dedicate-8-padel,HIDDEN_404,"noindex,nofollow",no,alternatives_graph_gate:source product not published|need ≥3 alternatives (have 0)|need ≥2 distinct alternative types|need meaningful unique reasons on ≥3 alts|need switch/trade-off decision shape on ≥2 alts
/products/asics-gel-resolution-padel,product,prod-asics-gel-resolution-padel,asics-gel-resolution-padel,INDEXABLE,"index,follow",yes,decisionScore=100
/products/asics-gel-resolution-padel-women,product,prod-asics-gel-resolution-padel-w,asics-gel-resolution-padel-women,HIDDEN_404,"noindex,nofollow",no,not_production_exposed:draft
/products/asics-gel-resolution-padel-women/alternatives,alternatives,prod-asics-gel-resolution-padel-w,asics-gel-resolution-padel-women,HIDDEN_404,"noindex,nofollow",no,alternatives_graph_gate:source product not published|need ≥3 alternatives (have 0)|need ≥2 distinct alternative types|need meaningful unique reasons on ≥3 alts|need switch/trade-off decision shape on ≥2 alts
/products/asics-gel-resolution-padel/alternatives,alternatives,prod-asics-gel-resolution-padel,asics-gel-resolution-padel,INDEXABLE,"index,follow",yes,alternatives_ok|editorial_ready
/products/asics-solution-swift-ff-padel-women,product,prod-asics-solution-swift-padel-w,asics-solution-swift-ff-padel-women,HIDDEN_404,"noindex,nofollow",no,not_production_exposed:draft
/products/asics-solution-swift-ff-padel-women/alternatives,alternatives,prod-asics-solution-swift-padel-w,asics-solution-swift-ff-padel-women,HIDDEN_404,"noindex,nofollow",no,alternatives_graph_gate:source product not published|need ≥3 alternatives (have 0)|need ≥2 distinct alternative types|need meaningful unique reasons on ≥3 alts|need switch/trade-off decision shape on ≥2 alts
/products/asics-solution-swift-ff2-padel,product,prod-asics-solution-swift-ff2-padel,asics-solution-swift-ff2-padel,HIDDEN_404,"noindex,nofollow",no,not_production_exposed:draft
/products/asics-solution-swift-ff2-padel/alternatives,alternatives,prod-asics-solution-swift-ff2-padel,asics-solution-swift-ff2-padel,HIDDEN_404,"noindex,nofollow",no,alternatives_graph_gate:source product not published|need ≥3 alternatives (have 0)|need ≥2 distinct alternative types|need meaningful unique reasons on ≥3 alts|need switch/trade-off decision shape on ≥2 alts
/products/babolat-ace,product,prod-babolat-ace,babolat-ace,HIDDEN_404,"noindex,nofollow",no,not_production_exposed:draft
/products/babolat-ace/alternatives,alternatives,prod-babolat-ace,babolat-ace,HIDDEN_404,"noindex,nofollow",no,alternatives_graph_gate:source product not published|need ≥3 alternatives (have 0)|need ≥2 distinct alternative types|need meaningful unique reasons on ≥3 alts|need switch/trade-off decision shape on ≥2 alts
/products/babolat-air-veron-2-6,product,prod-babolat-air-veron,babolat-air-veron-2-6,INDEXABLE,"index,follow",yes,decisionScore=90
/products/babolat-air-veron-2-6/alternatives,alternatives,prod-babolat-air-veron,babolat-air-veron-2-6,INDEXABLE,"index,follow",yes,alternatives_ok|editorial_ready
/products/babolat-air-viper-2-6,product,prod-babolat-air-viper,babolat-air-viper-2-6,INDEXABLE,"index,follow",yes,decisionScore=90
/products/babolat-air-viper-2-6/alternatives,alternatives,prod-babolat-air-viper,babolat-air-viper-2-6,INDEXABLE,"index,follow",yes,alternatives_ok|editorial_ready
/products/babolat-babolat-protector,product,prod-babolat-babolat-protector,babolat-babolat-protector,HIDDEN_404,"noindex,nofollow",no,not_production_exposed:draft
/products/babolat-babolat-protector/alternatives,alternatives,prod-babolat-babolat-protector,babolat-babolat-protector,HIDDEN_404,"noindex,nofollow",no,alternatives_graph_gate:source product not published|need ≥3 alternatives (have 0)|need ≥2 distinct alternative types|need meaningful unique reasons on ≥3 alts|need switch/trade-off decision shape on ≥2 alts
/products/babolat-babolat-wristband,product,prod-babolat-babolat-wristband,babolat-babolat-wristband,HIDDEN_404,"noindex,nofollow",no,not_production_exposed:draft
/products/babolat-babolat-wristband/alternatives,alternatives,prod-babolat-babolat-wristband,babolat-babolat-wristband,HIDDEN_404,"noindex,nofollow",no,alternatives_graph_gate:source product not published|need ≥3 alternatives (have 0)|need ≥2 distinct alternative types|need meaningful unique reasons on ≥3 alts|need switch/trade-off decision shape on ≥2 alts
/products/babolat-backpack-kids,product,prod-babolat-backpack-kids,babolat-backpack-kids,HIDDEN_404,"noindex,nofollow",no,not_production_exposed:draft
/products/babolat-backpack-kids/alternatives,alternatives,prod-babolat-backpack-kids,babolat-backpack-kids,HIDDEN_404,"noindex,nofollow",no,alternatives_graph_gate:source product not published|need ≥3 alternatives (have 0)|need ≥2 distinct alternative types|need meaningful unique reasons on ≥3 alts|need switch/trade-off decision shape on ≥2 alts
/products/babolat-counter-viper,product,prod-babolat-counter-viper,babolat-counter-viper,INDEXABLE,"index,follow",yes,decisionScore=100
/products/babolat-counter-viper/alternatives,alternatives,prod-babolat-counter-viper,babolat-counter-viper,INDEXABLE,"index,follow",yes,alternatives_ok|editorial_ready
/products/babolat-court,product,prod-babolat-court,babolat-court,INDEXABLE,"index,follow",yes,decisionScore=90
/products/babolat-court-backpack,product,prod-babolat-court-backpack,babolat-court-backpack,INDEXABLE,"index,follow",yes,decisionScore=90
/products/babolat-court-backpack-lite,product,prod-babolat-court-backpack-lite,babolat-court-backpack-lite,HIDDEN_404,"noindex,nofollow",no,not_production_exposed:draft
/products/babolat-court-backpack-lite/alternatives,alternatives,prod-babolat-court-backpack-lite,babolat-court-backpack-lite,HIDDEN_404,"noindex,nofollow",no,alternatives_graph_gate:source product not published|need ≥3 alternatives (have 0)|need ≥2 distinct alternative types|need meaningful unique reasons on ≥3 alts|need switch/trade-off decision shape on ≥2 alts
/products/babolat-court-backpack/alternatives,alternatives,prod-babolat-court-backpack,babolat-court-backpack,PUBLIC_NOINDEX,"noindex,follow",no,alternatives_category_noindex|alternatives_ok_render
/products/babolat-court-padel-balls,product,prod-babolat-court-padel-balls,babolat-court-padel-balls,INDEXABLE,"index,follow",yes,decisionScore=100
/products/babolat-court-padel-balls/alternatives,alternatives,prod-babolat-court-padel-balls,babolat-court-padel-balls,PUBLIC_NOINDEX,"noindex,follow",no,alternatives_category_noindex|alternatives_ok_render
/products/babolat-court/alternatives,alternatives,prod-babolat-court,babolat-court,PUBLIC_NOINDEX,"noindex,follow",no,alternatives_category_noindex|alternatives_ok_render
/products/babolat-jet-premura,product,prod-babolat-jet-premura,babolat-jet-premura,INDEXABLE,"index,follow",yes,decisionScore=100
/products/babolat-jet-premura-2,product,prod-babolat-jet-premura-2-men,babolat-jet-premura-2,HIDDEN_404,"noindex,nofollow",no,not_production_exposed:draft
/products/babolat-jet-premura-2/alternatives,alternatives,prod-babolat-jet-premura-2-men,babolat-jet-premura-2,HIDDEN_404,"noindex,nofollow",no,alternatives_graph_gate:source product not published|need ≥3 alternatives (have 0)|need ≥2 distinct alternative types|need meaningful unique reasons on ≥3 alts|need switch/trade-off decision shape on ≥2 alts
/products/babolat-jet-premura/alternatives,alternatives,prod-babolat-jet-premura,babolat-jet-premura,INDEXABLE,"index,follow",yes,alternatives_ok|editorial_ready
/products/babolat-movea-2,product,prod-babolat-movea-2,babolat-movea-2,HIDDEN_404,"noindex,nofollow",no,not_production_exposed:draft
/products/babolat-movea-2/alternatives,alternatives,prod-babolat-movea-2,babolat-movea-2,HIDDEN_404,"noindex,nofollow",no,alternatives_graph_gate:source product not published|need ≥3 alternatives (have 0)|need ≥2 distinct alternative types|need meaningful unique reasons on ≥3 alts|need switch/trade-off decision shape on ≥2 alts
/products/babolat-pro-response-overgrip,product,prod-babolat-pro-response,babolat-pro-response-overgrip,INDEXABLE,"index,follow",yes,decisionScore=90
/products/babolat-pro-response-overgrip/alternatives,alternatives,prod-babolat-pro-response,babolat-pro-response-overgrip,PUBLIC_NOINDEX,"noindex,follow",no,alternatives_category_noindex|alternatives_ok_render
/products/babolat-pro-tour,product,prod-babolat-pro-tour,babolat-pro-tour,HIDDEN_404,"noindex,nofollow",no,not_production_exposed:draft
/products/babolat-pro-tour/alternatives,alternatives,prod-babolat-pro-tour,babolat-pro-tour,HIDDEN_404,"noindex,nofollow",no,alternatives_graph_gate:source product not published|need ≥3 alternatives (have 0)|need ≥2 distinct alternative types|need meaningful unique reasons on ≥3 alts|need switch/trade-off decision shape on ≥2 alts
/products/babolat-rh-perf,product,prod-babolat-rh-perf,babolat-rh-perf,INDEXABLE,"index,follow",yes,decisionScore=90
/products/babolat-rh-perf-padel,product,prod-babolat-rh-perf-padel,babolat-rh-perf-padel,HIDDEN_404,"noindex,nofollow",no,not_production_exposed:draft
/products/babolat-rh-perf-padel/alternatives,alternatives,prod-babolat-rh-perf-padel,babolat-rh-perf-padel,HIDDEN_404,"noindex,nofollow",no,alternatives_graph_gate:source product not published|need ≥3 alternatives (have 0)|need ≥2 distinct alternative types|need meaningful unique reasons on ≥3 alts|need switch/trade-off decision shape on ≥2 alts
/products/babolat-rh-perf/alternatives,alternatives,prod-babolat-rh-perf,babolat-rh-perf,PUBLIC_NOINDEX,"noindex,follow",no,alternatives_category_noindex|alternatives_ok_render
/products/babolat-rh-pro-padel,product,prod-babolat-rh-pro-padel,babolat-rh-pro-padel,INDEXABLE,"index,follow",yes,decisionScore=90
/products/babolat-rh-pro-padel/alternatives,alternatives,prod-babolat-rh-pro-padel,babolat-rh-pro-padel,PUBLIC_NOINDEX,"noindex,follow",no,alternatives_category_noindex|alternatives_ok_render
/products/babolat-sensa-women,product,prod-babolat-sensa-women,babolat-sensa-women,HIDDEN_404,"noindex,nofollow",no,not_production_exposed:draft
/products/babolat-sensa-women/alternatives,alternatives,prod-babolat-sensa-women,babolat-sensa-women,HIDDEN_404,"noindex,nofollow",no,alternatives_graph_gate:source product not published|need ≥3 alternatives (have 0)|need ≥2 distinct alternative types|need meaningful unique reasons on ≥3 alts|need switch/trade-off decision shape on ≥2 alts
/products/babolat-short,product,prod-babolat-short,babolat-short,HIDDEN_404,"noindex,nofollow",no,not_production_exposed:draft
/products/babolat-short/alternatives,alternatives,prod-babolat-short,babolat-short,HIDDEN_404,"noindex,nofollow",no,alternatives_graph_gate:source product not published|need ≥3 alternatives (have 0)|need ≥2 distinct alternative types|need meaningful unique reasons on ≥3 alts|need switch/trade-off decision shape on ≥2 alts
/products/babolat-syntec-pro-replacement-grip,product,prod-babolat-syntec-pro,babolat-syntec-pro-replacement-grip,INDEXABLE,"index,follow",yes,decisionScore=90
/products/babolat-syntec-pro-replacement-grip/alternatives,alternatives,prod-babolat-syntec-pro,babolat-syntec-pro-replacement-grip,PUBLIC_NOINDEX,"noindex,follow",no,alternatives_category_noindex|alternatives_ok_render
/products/babolat-syntec-team,product,prod-babolat-syntec-team,babolat-syntec-team,HIDDEN_404,"noindex,nofollow",no,not_production_exposed:draft
/products/babolat-syntec-team/alternatives,alternatives,prod-babolat-syntec-team,babolat-syntec-team,HIDDEN_404,"noindex,nofollow",no,alternatives_graph_gate:source product not published|need ≥3 alternatives (have 0)|need ≥2 distinct alternative types|need meaningful unique reasons on ≥3 alts|need switch/trade-off decision shape on ≥2 alts
/products/babolat-technical-viper-3-0,product,prod-babolat-technical-viper,babolat-technical-viper-3-0,INDEXABLE,"index,follow",yes,decisionScore=100
/products/babolat-technical-viper-3-0/alternatives,alternatives,prod-babolat-technical-viper,babolat-technical-viper-3-0,INDEXABLE,"index,follow",yes,alternatives_ok|editorial_ready
/products/babolat-vs-original,product,prod-babolat-vs-original,babolat-vs-original,INDEXABLE,"index,follow",yes,decisionScore=90
/products/babolat-vs-original/alternatives,alternatives,prod-babolat-vs-original,babolat-vs-original,PUBLIC_NOINDEX,"noindex,follow",no,alternatives_category_noindex|alternatives_ok_render
/products/ball-rescuer-ball-rescuer,product,prod-ball-rescuer-ball-rescuer,ball-rescuer-ball-rescuer,INDEXABLE,"index,follow",yes,decisionScore=90
/products/ball-rescuer-ball-rescuer/alternatives,alternatives,prod-ball-rescuer-ball-rescuer,ball-rescuer-ball-rescuer,PUBLIC_NOINDEX,"noindex,follow",no,alternatives_category_noindex|alternatives_ok_render
/products/ball-rescuer-premium,product,prod-ball-rescuer-premium,ball-rescuer-premium,HIDDEN_404,"noindex,nofollow",no,not_production_exposed:draft
/products/ball-rescuer-premium/alternatives,alternatives,prod-ball-rescuer-premium,ball-rescuer-premium,HIDDEN_404,"noindex,nofollow",no,alternatives_graph_gate:source product not published|need ≥3 alternatives (have 0)|need ≥2 distinct alternative types|need meaningful unique reasons on ≥3 alts|need switch/trade-off decision shape on ≥2 alts
/products/black-crown-black-crown-perforated,product,prod-black-crown-black-crown-perforated,black-crown-black-crown-perforated,INDEXABLE,"index,follow",yes,decisionScore=90
/products/black-crown-black-crown-perforated/alternatives,alternatives,prod-black-crown-black-crown-perforated,black-crown-black-crown-perforated,PUBLIC_NOINDEX,"noindex,follow",no,alternatives_category_noindex|alternatives_ok_render
/products/black-crown-black-crown-wristband,product,prod-black-crown-black-crown-wristband,black-crown-black-crown-wristband,INDEXABLE,"index,follow",yes,decisionScore=90
/products/black-crown-black-crown-wristband/alternatives,alternatives,prod-black-crown-black-crown-wristband,black-crown-black-crown-wristband,PUBLIC_NOINDEX,"noindex,follow",no,alternatives_category_noindex|alternatives_ok_render
/products/black-crown-one,product,prod-black-crown-one,black-crown-one,INDEXABLE,"index,follow",yes,decisionScore=100
/products/black-crown-one/alternatives,alternatives,prod-black-crown-one,black-crown-one,PUBLIC_NOINDEX,"noindex,follow",no,alternatives_category_noindex|alternatives_ok_render
/products/black-crown-plus,product,prod-black-crown-plus,black-crown-plus,INDEXABLE,"index,follow",yes,decisionScore=100
/products/black-crown-plus/alternatives,alternatives,prod-black-crown-plus,black-crown-plus,PUBLIC_NOINDEX,"noindex,follow",no,alternatives_category_noindex|alternatives_ok_render
/products/black-crown-pro,product,prod-black-crown-pro,black-crown-pro,INDEXABLE,"index,follow",yes,decisionScore=100
/products/black-crown-pro/alternatives,alternatives,prod-black-crown-pro,black-crown-pro,PUBLIC_NOINDEX,"noindex,follow",no,alternatives_category_noindex|alternatives_ok_render
/products/black-crown-spartan,product,prod-black-crown-spartan,black-crown-spartan,INDEXABLE,"index,follow",yes,decisionScore=100
/products/black-crown-spartan/alternatives,alternatives,prod-black-crown-spartan,black-crown-spartan,PUBLIC_NOINDEX,"noindex,follow",no,alternatives_category_noindex|alternatives_ok_render
/products/black-crown-special-one-soft,product,prod-black-crown-special-one-soft,black-crown-special-one-soft,HIDDEN_404,"noindex,nofollow",no,not_production_exposed:draft
/products/black-crown-special-one-soft/alternatives,alternatives,prod-black-crown-special-one-soft,black-crown-special-one-soft,HIDDEN_404,"noindex,nofollow",no,alternatives_graph_gate:source product not published
/products/black-crown-thunder,product,prod-black-crown-thunder,black-crown-thunder,INDEXABLE,"index,follow",yes,decisionScore=90
/products/black-crown-thunder/alternatives,alternatives,prod-black-crown-thunder,black-crown-thunder,PUBLIC_NOINDEX,"noindex,follow",no,alternatives_category_noindex|alternatives_ok_render
/products/black-crown-ultimate-pro-2-0,product,prod-black-crown-ultimate-pro-2-0,black-crown-ultimate-pro-2-0,INDEXABLE,"index,follow",yes,decisionScore=90
/products/black-crown-ultimate-pro-2-0/alternatives,alternatives,prod-black-crown-ultimate-pro-2-0,black-crown-ultimate-pro-2-0,PUBLIC_NOINDEX,"noindex,follow",no,alternatives_category_noindex|alternatives_ok_render
/products/black-crown-vibranium-transparent,product,prod-black-crown-vibranium-transparent,black-crown-vibranium-transparent,HIDDEN_404,"noindex,nofollow",no,not_production_exposed:draft
/products/black-crown-vibranium-transparent/alternatives,alternatives,prod-black-crown-vibranium-transparent,black-crown-vibranium-transparent,HIDDEN_404,"noindex,nofollow",no,alternatives_graph_gate:source product not published|need ≥3 alternatives (have 0)|need ≥2 distinct alternative types|need meaningful unique reasons on ≥3 alts|need switch/trade-off decision shape on ≥2 alts
/products/bounce-bounce-padel-x4,product,prod-bounce-bounce-padel-x4,bounce-bounce-padel-x4,HIDDEN_404,"noindex,nofollow",no,not_production_exposed:draft
/products/bounce-bounce-padel-x4/alternatives,alternatives,prod-bounce-bounce-padel-x4,bounce-bounce-padel-x4,HIDDEN_404,"noindex,nofollow",no,alternatives_graph_gate:source product not published|need ≥3 alternatives (have 0)|need ≥2 distinct alternative types|need meaningful unique reasons on ≥3 alts|need switch/trade-off decision shape on ≥2 alts
/products/bounce-filtertech-padel,product,prod-bounce-filtertech-padel,bounce-filtertech-padel,HIDDEN_404,"noindex,nofollow",no,not_production_exposed:draft
/products/bounce-filtertech-padel/alternatives,alternatives,prod-bounce-filtertech-padel,bounce-filtertech-padel,HIDDEN_404,"noindex,nofollow",no,alternatives_graph_gate:source product not published|need ≥3 alternatives (have 0)|need ≥2 distinct alternative types|need meaningful unique reasons on ≥3 alts|need switch/trade-off decision shape on ≥2 alts
/products/bullpadel-advance-bpp26014,product,prod-bullpadel-advance-bpp26014,bullpadel-advance-bpp26014,HIDDEN_404,"noindex,nofollow",no,not_production_exposed:draft
/products/bullpadel-advance-bpp26014/alternatives,alternatives,prod-bullpadel-advance-bpp26014,bullpadel-advance-bpp26014,HIDDEN_404,"noindex,nofollow",no,alternatives_graph_gate:source product not published|need ≥3 alternatives (have 0)|need ≥2 distinct alternative types|need meaningful unique reasons on ≥3 alts|need switch/trade-off decision shape on ≥2 alts
/products/bullpadel-bpm26002-hack,product,prod-bullpadel-bpm26002-hack,bullpadel-bpm26002-hack,INDEXABLE,"index,follow",yes,decisionScore=100
/products/bullpadel-bpm26002-hack/alternatives,alternatives,prod-bullpadel-bpm26002-hack,bullpadel-bpm26002-hack,PUBLIC_NOINDEX,"noindex,follow",no,alternatives_category_noindex|alternatives_ok_render
/products/bullpadel-bpm26007-bpm26008-vertex,product,prod-bullpadel-bpm26007-bpm26008-vertex,bullpadel-bpm26007-bpm26008-vertex,INDEXABLE,"index,follow",yes,decisionScore=100
/products/bullpadel-bpm26007-bpm26008-vertex/alternatives,alternatives,prod-bullpadel-bpm26007-bpm26008-vertex,bullpadel-bpm26007-bpm26008-vertex,PUBLIC_NOINDEX,"noindex,follow",no,alternatives_category_noindex|alternatives_ok_render
/products/bullpadel-bpm26022-xplo,product,prod-bullpadel-bpm26022-xplo,bullpadel-bpm26022-xplo,HIDDEN_404,"noindex,nofollow",no,not_production_exposed:draft
/products/bullpadel-bpm26022-xplo/alternatives,alternatives,prod-bullpadel-bpm26022-xplo,bullpadel-bpm26022-xplo,HIDDEN_404,"noindex,nofollow",no,alternatives_graph_gate:source product not published|need ≥3 alternatives (have 0)|need ≥2 distinct alternative types|need meaningful unique reasons on ≥3 alts|need switch/trade-off decision shape on ≥2 alts
/products/bullpadel-bpmu252-bpmu253,product,prod-bullpadel-bpmu252-bpmu253,bullpadel-bpmu252-bpmu253,HIDDEN_404,"noindex,nofollow",no,not_production_exposed:draft
/products/bullpadel-bpmu252-bpmu253/alternatives,alternatives,prod-bullpadel-bpmu252-bpmu253,bullpadel-bpmu252-bpmu253,HIDDEN_404,"noindex,nofollow",no,alternatives_graph_gate:source product not published|need ≥3 alternatives (have 0)|need ≥2 distinct alternative types|need meaningful unique reasons on ≥3 alts|need switch/trade-off decision shape on ≥2 alts
/products/bullpadel-bpp26001-vertex,product,prod-bullpadel-bpp26001-vertex,bullpadel-bpp26001-vertex,INDEXABLE,"index,follow",yes,decisionScore=90
/products/bullpadel-bpp26001-vertex/alternatives,alternatives,prod-bullpadel-bpp26001-vertex,bullpadel-bpp26001-vertex,PUBLIC_NOINDEX,"noindex,follow",no,alternatives_category_noindex|alternatives_ok_render
/products/bullpadel-bpp26005-ionic,product,prod-bullpadel-bpp26005-ionic,bullpadel-bpp26005-ionic,HIDDEN_404,"noindex,nofollow",no,not_production_exposed:draft
/products/bullpadel-bpp26005-ionic/alternatives,alternatives,prod-bullpadel-bpp26005-ionic,bullpadel-bpp26005-ionic,HIDDEN_404,"noindex,nofollow",no,alternatives_graph_gate:source product not published|need ≥3 alternatives (have 0)|need ≥2 distinct alternative types|need meaningful unique reasons on ≥3 alts|need switch/trade-off decision shape on ≥2 alts
/products/bullpadel-bpp26022-xplo,product,prod-bullpadel-bpp26022-xplo,bullpadel-bpp26022-xplo,INDEXABLE,"index,follow",yes,decisionScore=100
/products/bullpadel-bpp26022-xplo/alternatives,alternatives,prod-bullpadel-bpp26022-xplo,bullpadel-bpp26022-xplo,PUBLIC_NOINDEX,"noindex,follow",no,alternatives_category_noindex|alternatives_ok_render
/products/bullpadel-bullpadel-headband,product,prod-bullpadel-bullpadel-headband,bullpadel-bullpadel-headband,HIDDEN_404,"noindex,nofollow",no,not_production_exposed:draft
/products/bullpadel-bullpadel-headband/alternatives,alternatives,prod-bullpadel-bullpadel-headband,bullpadel-bullpadel-headband,HIDDEN_404,"noindex,nofollow",no,alternatives_graph_gate:source product not published|need ≥3 alternatives (have 0)|need ≥2 distinct alternative types|need meaningful unique reasons on ≥3 alts|need switch/trade-off decision shape on ≥2 alts
/products/bullpadel-casual-bpp26016,product,prod-bullpadel-casual-bpp26016,bullpadel-casual-bpp26016,INDEXABLE,"index,follow",yes,decisionScore=90
/products/bullpadel-casual-bpp26016/alternatives,alternatives,prod-bullpadel-casual-bpp26016,bullpadel-casual-bpp26016,PUBLIC_NOINDEX,"noindex,follow",no,alternatives_category_noindex|alternatives_ok_render
/products/bullpadel-comfort-overgrip,product,prod-bullpadel-comfort-overgrip,bullpadel-comfort-overgrip,INDEXABLE,"index,follow",yes,decisionScore=90
/products/bullpadel-comfort-overgrip/alternatives,alternatives,prod-bullpadel-comfort-overgrip,bullpadel-comfort-overgrip,PUBLIC_NOINDEX,"noindex,follow",no,alternatives_category_noindex|alternatives_ok_render
/products/bullpadel-custom-weight-grip,product,prod-bullpadel-custom-weight-grip,bullpadel-custom-weight-grip,INDEXABLE,"index,follow",yes,decisionScore=90
/products/bullpadel-custom-weight-grip/alternatives,alternatives,prod-bullpadel-custom-weight-grip,bullpadel-custom-weight-grip,PUBLIC_NOINDEX,"noindex,follow",no,alternatives_category_noindex|alternatives_ok_render
/products/bullpadel-custom-weight-protector,product,prod-bullpadel-custom-weight-protector,bullpadel-custom-weight-protector,HIDDEN_404,"noindex,nofollow",no,not_production_exposed:draft
/products/bullpadel-custom-weight-protector/alternatives,alternatives,prod-bullpadel-custom-weight-protector,bullpadel-custom-weight-protector,HIDDEN_404,"noindex,nofollow",no,alternatives_graph_gate:source product not published|need ≥3 alternatives (have 0)|need ≥2 distinct alternative types|need meaningful unique reasons on ≥3 alts|need switch/trade-off decision shape on ≥2 alts
/products/bullpadel-elite-bpp26019,product,prod-bullpadel-elite-bpp26019,bullpadel-elite-bpp26019,INDEXABLE,"index,follow",yes,decisionScore=90
/products/bullpadel-elite-bpp26019/alternatives,alternatives,prod-bullpadel-elite-bpp26019,bullpadel-elite-bpp26019,PUBLIC_NOINDEX,"noindex,follow",no,alternatives_category_noindex|alternatives_ok_render
/products/bullpadel-fip-next,product,prod-bullpadel-fip-next,bullpadel-fip-next,HIDDEN_404,"noindex,nofollow",no,not_production_exposed:draft
/products/bullpadel-fip-next-pro,product,prod-bullpadel-fip-next-pro,bullpadel-fip-next-pro,INDEXABLE,"index,follow",yes,decisionScore=90
/products/bullpadel-fip-next-pro/alternatives,alternatives,prod-bullpadel-fip-next-pro,bullpadel-fip-next-pro,PUBLIC_NOINDEX,"noindex,follow",no,alternatives_category_noindex|alternatives_ok_render
/products/bullpadel-fip-next/alternatives,alternatives,prod-bullpadel-fip-next,bullpadel-fip-next,HIDDEN_404,"noindex,nofollow",no,alternatives_graph_gate:source product not published|need ≥3 alternatives (have 0)|need ≥2 distinct alternative types|need meaningful unique reasons on ≥3 alts|need switch/trade-off decision shape on ≥2 alts
/products/bullpadel-flow-bpp26006,product,prod-bullpadel-flow-bpp26006,bullpadel-flow-bpp26006,HIDDEN_404,"noindex,nofollow",no,not_production_exposed:draft
/products/bullpadel-flow-bpp26006/alternatives,alternatives,prod-bullpadel-flow-bpp26006,bullpadel-flow-bpp26006,HIDDEN_404,"noindex,nofollow",no,alternatives_graph_gate:source product not published|need ≥3 alternatives (have 0)|need ≥2 distinct alternative types|need meaningful unique reasons on ≥3 alts|need switch/trade-off decision shape on ≥2 alts
/products/bullpadel-frame-protector-3-pack,product,prod-bullpadel-frame-protector,bullpadel-frame-protector-3-pack,INDEXABLE,"index,follow",yes,decisionScore=100
/products/bullpadel-frame-protector-3-pack/alternatives,alternatives,prod-bullpadel-frame-protector,bullpadel-frame-protector-3-pack,PUBLIC_NOINDEX,"noindex,follow",no,alternatives_category_noindex|alternatives_ok_render
/products/bullpadel-frame-protector-uni,product,prod-bullpadel-frame-protector-uni,bullpadel-frame-protector-uni,INDEXABLE,"index,follow",yes,decisionScore=90
/products/bullpadel-frame-protector-uni/alternatives,alternatives,prod-bullpadel-frame-protector-uni,bullpadel-frame-protector-uni,PUBLIC_NOINDEX,"noindex,follow",no,alternatives_category_noindex|alternatives_ok_render
/products/bullpadel-gb-1201-perforated,product,prod-bullpadel-gb-1201-perforated,bullpadel-gb-1201-perforated,HIDDEN_404,"noindex,nofollow",no,not_production_exposed:draft
/products/bullpadel-gb-1201-perforated/alternatives,alternatives,prod-bullpadel-gb-1201-perforated,bullpadel-gb-1201-perforated,HIDDEN_404,"noindex,nofollow",no,alternatives_graph_gate:source product not published|need ≥3 alternatives (have 0)|need ≥2 distinct alternative types|need meaningful unique reasons on ≥3 alts|need switch/trade-off decision shape on ≥2 alts
/products/bullpadel-gb-1202-fixogrip-pro,product,prod-bullpadel-gb-1202-fixogrip-pro,bullpadel-gb-1202-fixogrip-pro,HIDDEN_404,"noindex,nofollow",no,not_production_exposed:draft
/products/bullpadel-gb-1202-fixogrip-pro/alternatives,alternatives,prod-bullpadel-gb-1202-fixogrip-pro,bullpadel-gb-1202-fixogrip-pro,HIDDEN_404,"noindex,nofollow",no,alternatives_graph_gate:source product not published|need ≥3 alternatives (have 0)|need ≥2 distinct alternative types|need meaningful unique reasons on ≥3 alts|need switch/trade-off decision shape on ≥2 alts
/products/bullpadel-gb-1705,product,prod-bullpadel-gb-1705,bullpadel-gb-1705,HIDDEN_404,"noindex,nofollow",no,not_production_exposed:draft
/products/bullpadel-gb-1705-sensogrip-pro,product,prod-bullpadel-gb-1705-sensogrip-pro,bullpadel-gb-1705-sensogrip-pro,HIDDEN_404,"noindex,nofollow",no,not_production_exposed:draft
/products/bullpadel-gb-1705-sensogrip-pro/alternatives,alternatives,prod-bullpadel-gb-1705-sensogrip-pro,bullpadel-gb-1705-sensogrip-pro,HIDDEN_404,"noindex,nofollow",no,alternatives_graph_gate:source product not published|need ≥3 alternatives (have 0)|need ≥2 distinct alternative types|need meaningful unique reasons on ≥3 alts|need switch/trade-off decision shape on ≥2 alts
/products/bullpadel-gb-1705/alternatives,alternatives,prod-bullpadel-gb-1705,bullpadel-gb-1705,HIDDEN_404,"noindex,nofollow",no,alternatives_graph_gate:source product not published|need ≥3 alternatives (have 0)|need ≥2 distinct alternative types|need meaningful unique reasons on ≥3 alts|need switch/trade-off decision shape on ≥2 alts
/products/bullpadel-gb1200-hac,product,prod-bullpadel-gb1200-hac,bullpadel-gb1200-hac,HIDDEN_404,"noindex,nofollow",no,not_production_exposed:draft
/products/bullpadel-gb1200-hac/alternatives,alternatives,prod-bullpadel-gb1200-hac,bullpadel-gb1200-hac,HIDDEN_404,"noindex,nofollow",no,alternatives_graph_gate:source product not published|need ≥3 alternatives (have 0)|need ≥2 distinct alternative types|need meaningful unique reasons on ≥3 alts|need switch/trade-off decision shape on ≥2 alts
/products/bullpadel-gb1201,product,prod-bullpadel-gb1201,bullpadel-gb1201,HIDDEN_404,"noindex,nofollow",no,not_production_exposed:draft
/products/bullpadel-gb1201/alternatives,alternatives,prod-bullpadel-gb1201,bullpadel-gb1201,HIDDEN_404,"noindex,nofollow",no,alternatives_graph_gate:source product not published|need ≥3 alternatives (have 0)|need ≥2 distinct alternative types|need meaningful unique reasons on ≥3 alts|need switch/trade-off decision shape on ≥2 alts
/products/bullpadel-hac-overgrip,product,prod-bullpadel-gb1200,bullpadel-hac-overgrip,INDEXABLE,"index,follow",yes,decisionScore=90
/products/bullpadel-hac-overgrip/alternatives,alternatives,prod-bullpadel-gb1200,bullpadel-hac-overgrip,PUBLIC_NOINDEX,"noindex,follow",no,alternatives_category_noindex|alternatives_ok_render
/products/bullpadel-hack-03,product,prod-bullpadel-hack-03,bullpadel-hack-03,INDEXABLE,"index,follow",yes,decisionScore=100
/products/bullpadel-hack-03/alternatives,alternatives,prod-bullpadel-hack-03,bullpadel-hack-03,INDEXABLE,"index,follow",yes,alternatives_ok|editorial_ready
/products/bullpadel-hack-04-2026,product,prod-bullpadel-hack-04,bullpadel-hack-04-2026,INDEXABLE,"index,follow",yes,decisionScore=100
/products/bullpadel-hack-04-2026/alternatives,alternatives,prod-bullpadel-hack-04,bullpadel-hack-04-2026,INDEXABLE,"index,follow",yes,alternatives_ok|editorial_ready
/products/bullpadel-hack-04-comfort-2026,product,prod-bullpadel-hack-04-comfort,bullpadel-hack-04-comfort-2026,INDEXABLE,"index,follow",yes,decisionScore=90
/products/bullpadel-hack-04-comfort-2026/alternatives,alternatives,prod-bullpadel-hack-04-comfort,bullpadel-hack-04-comfort-2026,INDEXABLE,"index,follow",yes,alternatives_ok|editorial_ready
/products/bullpadel-hack-04-hybrid-2026,product,prod-bullpadel-hack-04-hybrid,bullpadel-hack-04-hybrid-2026,INDEXABLE,"index,follow",yes,decisionScore=90
/products/bullpadel-hack-04-hybrid-2026/alternatives,alternatives,prod-bullpadel-hack-04-hybrid,bullpadel-hack-04-hybrid-2026,INDEXABLE,"index,follow",yes,alternatives_ok|editorial_ready
/products/bullpadel-hack-bpm26002,product,prod-bullpadel-hack-bpm26002,bullpadel-hack-bpm26002,HIDDEN_404,"noindex,nofollow",no,not_production_exposed:draft
/products/bullpadel-hack-bpm26002/alternatives,alternatives,prod-bullpadel-hack-bpm26002,bullpadel-hack-bpm26002,HIDDEN_404,"noindex,nofollow",no,alternatives_graph_gate:source product not published|need ≥3 alternatives (have 0)|need ≥2 distinct alternative types|need meaningful unique reasons on ≥3 alts|need switch/trade-off decision shape on ≥2 alts
/products/bullpadel-hack-bpp26012,product,prod-bullpadel-hack-bpp26012,bullpadel-hack-bpp26012,HIDDEN_404,"noindex,nofollow",no,not_production_exposed:draft
/products/bullpadel-hack-bpp26012/alternatives,alternatives,prod-bullpadel-hack-bpp26012,bullpadel-hack-bpp26012,HIDDEN_404,"noindex,nofollow",no,alternatives_graph_gate:source product not published|need ≥3 alternatives (have 0)|need ≥2 distinct alternative types|need meaningful unique reasons on ≥3 alts|need switch/trade-off decision shape on ≥2 alts
/products/bullpadel-hack-hybrid,product,prod-bullpadel-hack-hybrid,bullpadel-hack-hybrid,HIDDEN_404,"noindex,nofollow",no,not_production_exposed:draft
/products/bullpadel-hack-hybrid/alternatives,alternatives,prod-bullpadel-hack-hybrid,bullpadel-hack-hybrid,HIDDEN_404,"noindex,nofollow",no,alternatives_graph_gate:source product not published|need ≥3 alternatives (have 0)|need ≥2 distinct alternative types|need meaningful unique reasons on ≥3 alts|need switch/trade-off decision shape on ≥2 alts
/products/bullpadel-hybrid-fly,product,prod-bullpadel-hybrid-fly,bullpadel-hybrid-fly,HIDDEN_404,"noindex,nofollow",no,not_production_exposed:draft
/products/bullpadel-hybrid-fly/alternatives,alternatives,prod-bullpadel-hybrid-fly,bullpadel-hybrid-fly,HIDDEN_404,"noindex,nofollow",no,alternatives_graph_gate:source product not published|need ≥3 alternatives (have 0)|need ≥2 distinct alternative types|need meaningful unique reasons on ≥3 alts|need switch/trade-off decision shape on ≥2 alts
/products/bullpadel-icon-bpp26023,product,prod-bullpadel-icon-bpp26023,bullpadel-icon-bpp26023,INDEXABLE,"index,follow",yes,decisionScore=90
/products/bullpadel-icon-bpp26023/alternatives,alternatives,prod-bullpadel-icon-bpp26023,bullpadel-icon-bpp26023,PUBLIC_NOINDEX,"noindex,follow",no,alternatives_category_noindex|alternatives_ok_render
/products/bullpadel-indiga-ctr-2026,product,prod-bullpadel-indiga-ctr,bullpadel-indiga-ctr-2026,INDEXABLE,"index,follow",yes,decisionScore=90
/products/bullpadel-indiga-ctr-2026/alternatives,alternatives,prod-bullpadel-indiga-ctr,bullpadel-indiga-ctr-2026,INDEXABLE,"index,follow",yes,alternatives_ok|editorial_ready
/products/bullpadel-ionic-bpp26005,product,prod-bullpadel-ionic-bpp26005,bullpadel-ionic-bpp26005,INDEXABLE,"index,follow",yes,decisionScore=90
/products/bullpadel-ionic-bpp26005/alternatives,alternatives,prod-bullpadel-ionic-bpp26005,bullpadel-ionic-bpp26005,PUBLIC_NOINDEX,"noindex,follow",no,alternatives_category_noindex|alternatives_ok_render
/products/bullpadel-ionic-light-2026,product,prod-bullpadel-ionic-light,bullpadel-ionic-light-2026,INDEXABLE,"index,follow",yes,decisionScore=90
/products/bullpadel-ionic-light-2026/alternatives,alternatives,prod-bullpadel-ionic-light,bullpadel-ionic-light-2026,INDEXABLE,"index,follow",yes,alternatives_ok|editorial_ready
/products/bullpadel-ionic-woman,product,prod-bullpadel-ionic-woman,bullpadel-ionic-woman,HIDDEN_404,"noindex,nofollow",no,not_production_exposed:draft
/products/bullpadel-ionic-woman/alternatives,alternatives,prod-bullpadel-ionic-woman,bullpadel-ionic-woman,HIDDEN_404,"noindex,nofollow",no,alternatives_graph_gate:source product not published|need ≥3 alternatives (have 0)|need ≥2 distinct alternative types|need meaningful unique reasons on ≥3 alts|need switch/trade-off decision shape on ≥2 alts
/products/bullpadel-metalshield,product,prod-bullpadel-metalshield,bullpadel-metalshield,HIDDEN_404,"noindex,nofollow",no,not_production_exposed:draft
/products/bullpadel-metalshield/alternatives,alternatives,prod-bullpadel-metalshield,bullpadel-metalshield,HIDDEN_404,"noindex,nofollow",no,alternatives_graph_gate:source product not published|need ≥3 alternatives (have 0)|need ≥2 distinct alternative types|need meaningful unique reasons on ≥3 alts|need switch/trade-off decision shape on ≥2 alts
/products/bullpadel-neuron-02-2026,product,prod-bullpadel-neuron-02,bullpadel-neuron-02-2026,INDEXABLE,"index,follow",yes,decisionScore=90
/products/bullpadel-neuron-02-2026/alternatives,alternatives,prod-bullpadel-neuron-02,bullpadel-neuron-02-2026,INDEXABLE,"index,follow",yes,alternatives_ok|editorial_ready
/products/bullpadel-neuron-02-edge-2026,product,prod-bullpadel-neuron-02-edge,bullpadel-neuron-02-edge-2026,INDEXABLE,"index,follow",yes,decisionScore=90
/products/bullpadel-neuron-02-edge-2026/alternatives,alternatives,prod-bullpadel-neuron-02-edge,bullpadel-neuron-02-edge-2026,INDEXABLE,"index,follow",yes,alternatives_ok|editorial_ready
/products/bullpadel-neuron-bpm26020,product,prod-bullpadel-neuron-bpm26020,bullpadel-neuron-bpm26020,INDEXABLE,"index,follow",yes,decisionScore=90
/products/bullpadel-neuron-bpm26020/alternatives,alternatives,prod-bullpadel-neuron-bpm26020,bullpadel-neuron-bpm26020,PUBLIC_NOINDEX,"noindex,follow",no,alternatives_category_noindex|alternatives_ok_render
/products/bullpadel-neuron-bpp26020,product,prod-bullpadel-neuron-bpp26020,bullpadel-neuron-bpp26020,HIDDEN_404,"noindex,nofollow",no,not_production_exposed:draft
/products/bullpadel-neuron-bpp26020/alternatives,alternatives,prod-bullpadel-neuron-bpp26020,bullpadel-neuron-bpp26020,HIDDEN_404,"noindex,nofollow",no,alternatives_graph_gate:source product not published|need ≥3 alternatives (have 0)|need ≥2 distinct alternative types|need meaningful unique reasons on ≥3 alts|need switch/trade-off decision shape on ≥2 alts
/products/bullpadel-next,product,prod-bullpadel-next,bullpadel-next,INDEXABLE,"index,follow",yes,decisionScore=90
/products/bullpadel-next-pro,product,prod-bullpadel-next-pro,bullpadel-next-pro,HIDDEN_404,"noindex,nofollow",no,not_production_exposed:draft
/products/bullpadel-next-pro/alternatives,alternatives,prod-bullpadel-next-pro,bullpadel-next-pro,HIDDEN_404,"noindex,nofollow",no,alternatives_graph_gate:source product not published|need ≥3 alternatives (have 0)|need ≥2 distinct alternative types|need meaningful unique reasons on ≥3 alts|need switch/trade-off decision shape on ≥2 alts
/products/bullpadel-next/alternatives,alternatives,prod-bullpadel-next,bullpadel-next,PUBLIC_NOINDEX,"noindex,follow",no,alternatives_category_noindex|alternatives_ok_render
/products/bullpadel-padel-wristband,product,prod-bullpadel-wristband,bullpadel-padel-wristband,HIDDEN_404,"noindex,nofollow",no,not_production_exposed:draft
/products/bullpadel-padel-wristband/alternatives,alternatives,prod-bullpadel-wristband,bullpadel-padel-wristband,HIDDEN_404,"noindex,nofollow",no,alternatives_graph_gate:source product not published|need ≥3 alternatives (have 0)|need ≥2 distinct alternative types|need meaningful unique reasons on ≥3 alts|need switch/trade-off decision shape on ≥2 alts
/products/bullpadel-pascal-box-3b,product,prod-bullpadel-pascal-box,bullpadel-pascal-box-3b,INDEXABLE,"index,follow",yes,decisionScore=100
/products/bullpadel-pascal-box-3b/alternatives,alternatives,prod-bullpadel-pascal-box,bullpadel-pascal-box-3b,PUBLIC_NOINDEX,"noindex,follow",no,alternatives_category_noindex|alternatives_ok_render
/products/bullpadel-pascal-box-4b,product,prod-bullpadel-pascal-box-4b,bullpadel-pascal-box-4b,HIDDEN_404,"noindex,nofollow",no,not_production_exposed:draft
/products/bullpadel-pascal-box-4b/alternatives,alternatives,prod-bullpadel-pascal-box-4b,bullpadel-pascal-box-4b,HIDDEN_404,"noindex,nofollow",no,alternatives_graph_gate:source product not published|need ≥3 alternatives (have 0)|need ≥2 distinct alternative types|need meaningful unique reasons on ≥3 alts|need switch/trade-off decision shape on ≥2 alts
/products/bullpadel-pascal-box-pro,product,prod-bullpadel-pascal-box-pro,bullpadel-pascal-box-pro,HIDDEN_404,"noindex,nofollow",no,not_production_exposed:draft
/products/bullpadel-pascal-box-pro/alternatives,alternatives,prod-bullpadel-pascal-box-pro,bullpadel-pascal-box-pro,HIDDEN_404,"noindex,nofollow",no,alternatives_graph_gate:source product not published|need ≥3 alternatives (have 0)|need ≥2 distinct alternative types|need meaningful unique reasons on ≥3 alts|need switch/trade-off decision shape on ≥2 alts
/products/bullpadel-pascal-box-switch,product,prod-bullpadel-pascal-box-switch,bullpadel-pascal-box-switch,HIDDEN_404,"noindex,nofollow",no,not_production_exposed:draft
/products/bullpadel-pascal-box-switch-3b,product,prod-bullpadel-pascal-box-switch-3b,bullpadel-pascal-box-switch-3b,HIDDEN_404,"noindex,nofollow",no,not_production_exposed:draft
/products/bullpadel-pascal-box-switch-3b/alternatives,alternatives,prod-bullpadel-pascal-box-switch-3b,bullpadel-pascal-box-switch-3b,HIDDEN_404,"noindex,nofollow",no,alternatives_graph_gate:source product not published|need ≥3 alternatives (have 0)|need ≥2 distinct alternative types|need meaningful unique reasons on ≥3 alts|need switch/trade-off decision shape on ≥2 alts
/products/bullpadel-pascal-box-switch/alternatives,alternatives,prod-bullpadel-pascal-box-switch,bullpadel-pascal-box-switch,HIDDEN_404,"noindex,nofollow",no,alternatives_graph_gate:source product not published|need ≥3 alternatives (have 0)|need ≥2 distinct alternative types|need meaningful unique reasons on ≥3 alts|need switch/trade-off decision shape on ≥2 alts
/products/bullpadel-pearl-bpm27017,product,prod-bullpadel-pearl-bpm27017,bullpadel-pearl-bpm27017,INDEXABLE,"index,follow",yes,decisionScore=90
/products/bullpadel-pearl-bpm27017/alternatives,alternatives,prod-bullpadel-pearl-bpm27017,bullpadel-pearl-bpm27017,PUBLIC_NOINDEX,"noindex,follow",no,alternatives_category_noindex|alternatives_ok_render
/products/bullpadel-pearl-bpp26021,product,prod-bullpadel-pearl-bpp26021,bullpadel-pearl-bpp26021,HIDDEN_404,"noindex,nofollow",no,not_production_exposed:draft
/products/bullpadel-pearl-bpp26021/alternatives,alternatives,prod-bullpadel-pearl-bpp26021,bullpadel-pearl-bpp26021,HIDDEN_404,"noindex,nofollow",no,alternatives_graph_gate:source product not published|need ≥3 alternatives (have 0)|need ≥2 distinct alternative types|need meaningful unique reasons on ≥3 alts|need switch/trade-off decision shape on ≥2 alts
/products/bullpadel-premium-gold,product,prod-bullpadel-premium-gold,bullpadel-premium-gold,HIDDEN_404,"noindex,nofollow",no,not_production_exposed:draft
/products/bullpadel-premium-gold/alternatives,alternatives,prod-bullpadel-premium-gold,bullpadel-premium-gold,HIDDEN_404,"noindex,nofollow",no,alternatives_graph_gate:source product not published|need ≥3 alternatives (have 0)|need ≥2 distinct alternative types|need meaningful unique reasons on ≥3 alts|need switch/trade-off decision shape on ≥2 alts
/products/bullpadel-premium-pro,product,prod-bullpadel-premium-pro,bullpadel-premium-pro,INDEXABLE,"index,follow",yes,decisionScore=100
/products/bullpadel-premium-pro/alternatives,alternatives,prod-bullpadel-premium-pro,bullpadel-premium-pro,PUBLIC_NOINDEX,"noindex,follow",no,alternatives_category_noindex|alternatives_ok_render
/products/bullpadel-protector-custom-weight,product,prod-bullpadel-custom-weight,bullpadel-protector-custom-weight,INDEXABLE,"index,follow",yes,decisionScore=100
/products/bullpadel-protector-custom-weight/alternatives,alternatives,prod-bullpadel-custom-weight,bullpadel-protector-custom-weight,PUBLIC_NOINDEX,"noindex,follow",no,alternatives_category_noindex|alternatives_ok_render
/products/bullpadel-tour-bpp26015,product,prod-bullpadel-tour-bpp26015,bullpadel-tour-bpp26015,INDEXABLE,"index,follow",yes,decisionScore=90
/products/bullpadel-tour-bpp26015/alternatives,alternatives,prod-bullpadel-tour-bpp26015,bullpadel-tour-bpp26015,PUBLIC_NOINDEX,"noindex,follow",no,alternatives_category_noindex|alternatives_ok_render
/products/bullpadel-trolley-bpp26011,product,prod-bullpadel-trolley-bpp26011,bullpadel-trolley-bpp26011,HIDDEN_404,"noindex,nofollow",no,not_production_exposed:draft
/products/bullpadel-trolley-bpp26011/alternatives,alternatives,prod-bullpadel-trolley-bpp26011,bullpadel-trolley-bpp26011,HIDDEN_404,"noindex,nofollow",no,alternatives_graph_gate:source product not published|need ≥3 alternatives (have 0)|need ≥2 distinct alternative types|need meaningful unique reasons on ≥3 alts|need switch/trade-off decision shape on ≥2 alts
/products/bullpadel-vertex-04,product,prod-bullpadel-vertex-04,bullpadel-vertex-04,INDEXABLE,"index,follow",yes,decisionScore=100
/products/bullpadel-vertex-04/alternatives,alternatives,prod-bullpadel-vertex-04,bullpadel-vertex-04,INDEXABLE,"index,follow",yes,alternatives_ok|editorial_ready
/products/bullpadel-vertex-05-2026,product,prod-bullpadel-vertex-05,bullpadel-vertex-05-2026,INDEXABLE,"index,follow",yes,decisionScore=100
/products/bullpadel-vertex-05-2026/alternatives,alternatives,prod-bullpadel-vertex-05,bullpadel-vertex-05-2026,INDEXABLE,"index,follow",yes,alternatives_ok|editorial_ready
/products/bullpadel-vertex-05-hybrid-2026,product,prod-bullpadel-vertex-05-hybrid,bullpadel-vertex-05-hybrid-2026,INDEXABLE,"index,follow",yes,decisionScore=90
/products/bullpadel-vertex-05-hybrid-2026/alternatives,alternatives,prod-bullpadel-vertex-05-hybrid,bullpadel-vertex-05-hybrid-2026,INDEXABLE,"index,follow",yes,alternatives_ok|editorial_ready
/products/bullpadel-vertex-05-w-2026,product,prod-bullpadel-vertex-05-w,bullpadel-vertex-05-w-2026,INDEXABLE,"index,follow",yes,decisionScore=90
/products/bullpadel-vertex-05-w-2026/alternatives,alternatives,prod-bullpadel-vertex-05-w,bullpadel-vertex-05-w-2026,INDEXABLE,"index,follow",yes,alternatives_ok|editorial_ready
/products/bullpadel-vertex-advance-2026,product,prod-bullpadel-vertex-advance,bullpadel-vertex-advance-2026,INDEXABLE,"index,follow",yes,decisionScore=90
/products/bullpadel-vertex-advance-2026/alternatives,alternatives,prod-bullpadel-vertex-advance,bullpadel-vertex-advance-2026,INDEXABLE,"index,follow",yes,alternatives_ok|editorial_ready
/products/bullpadel-vertex-bpp26001,product,prod-bullpadel-vertex-bpp26001,bullpadel-vertex-bpp26001,HIDDEN_404,"noindex,nofollow",no,not_production_exposed:draft
/products/bullpadel-vertex-bpp26001/alternatives,alternatives,prod-bullpadel-vertex-bpp26001,bullpadel-vertex-bpp26001,HIDDEN_404,"noindex,nofollow",no,alternatives_graph_gate:source product not published|need ≥3 alternatives (have 0)|need ≥2 distinct alternative types|need meaningful unique reasons on ≥3 alts|need switch/trade-off decision shape on ≥2 alts
/products/bullpadel-vertex-geo-backpack,product,prod-bullpadel-vertex-backpack,bullpadel-vertex-geo-backpack,INDEXABLE,"index,follow",yes,decisionScore=100
/products/bullpadel-vertex-geo-backpack/alternatives,alternatives,prod-bullpadel-vertex-backpack,bullpadel-vertex-geo-backpack,PUBLIC_NOINDEX,"noindex,follow",no,alternatives_category_noindex|alternatives_ok_render
/products/bullpadel-vertex-geo-premier-bpm26008,product,prod-bullpadel-vertex-geo-premier-bpm26008,bullpadel-vertex-geo-premier-bpm26008,HIDDEN_404,"noindex,nofollow",no,not_production_exposed:draft
/products/bullpadel-vertex-geo-premier-bpm26008/alternatives,alternatives,prod-bullpadel-vertex-geo-premier-bpm26008,bullpadel-vertex-geo-premier-bpm26008,HIDDEN_404,"noindex,nofollow",no,alternatives_graph_gate:source product not published|need ≥3 alternatives (have 0)|need ≥2 distinct alternative types|need meaningful unique reasons on ≥3 alts|need switch/trade-off decision shape on ≥2 alts
/products/bullpadel-vertex-w,product,prod-bullpadel-vertex-w,bullpadel-vertex-w,INDEXABLE,"index,follow",yes,decisionScore=90
/products/bullpadel-vertex-w/alternatives,alternatives,prod-bullpadel-vertex-w,bullpadel-vertex-w,INDEXABLE,"index,follow",yes,alternatives_ok|editorial_ready
/products/bullpadel-wonder-bpp26024,product,prod-bullpadel-wonder-bpp26024,bullpadel-wonder-bpp26024,INDEXABLE,"index,follow",yes,decisionScore=90
/products/bullpadel-wonder-bpp26024/alternatives,alternatives,prod-bullpadel-wonder-bpp26024,bullpadel-wonder-bpp26024,PUBLIC_NOINDEX,"noindex,follow",no,alternatives_category_noindex|alternatives_ok_render
/products/bullpadel-xplo-2026,product,prod-bullpadel-xplo,bullpadel-xplo-2026,INDEXABLE,"index,follow",yes,decisionScore=90
/products/bullpadel-xplo-2026/alternatives,alternatives,prod-bullpadel-xplo,bullpadel-xplo-2026,INDEXABLE,"index,follow",yes,alternatives_ok|editorial_ready
/products/bullpadel-xplo-bpp26022,product,prod-bullpadel-xplo-bpp26022,bullpadel-xplo-bpp26022,INDEXABLE,"index,follow",yes,decisionScore=90
/products/bullpadel-xplo-bpp26022/alternatives,alternatives,prod-bullpadel-xplo-bpp26022,bullpadel-xplo-bpp26022,PUBLIC_NOINDEX,"noindex,follow",no,alternatives_category_noindex|alternatives_ok_render
/products/bullpadel-xplo-comfort-2026,product,prod-bullpadel-xplo-comfort,bullpadel-xplo-comfort-2026,INDEXABLE,"index,follow",yes,decisionScore=90
/products/bullpadel-xplo-comfort-2026/alternatives,alternatives,prod-bullpadel-xplo-comfort,bullpadel-xplo-comfort-2026,INDEXABLE,"index,follow",yes,alternatives_ok|editorial_ready
/products/drop-shot-axion,product,prod-drop-shot-axion,drop-shot-axion,HIDDEN_404,"noindex,nofollow",no,not_production_exposed:draft
/products/drop-shot-axion-backpack,product,prod-drop-shot-axion-backpack,drop-shot-axion-backpack,HIDDEN_404,"noindex,nofollow",no,not_production_exposed:draft
/products/drop-shot-axion-backpack/alternatives,alternatives,prod-drop-shot-axion-backpack,drop-shot-axion-backpack,HIDDEN_404,"noindex,nofollow",no,alternatives_graph_gate:source product not published|need ≥3 alternatives (have 0)|need ≥2 distinct alternative types|need meaningful unique reasons on ≥3 alts|need switch/trade-off decision shape on ≥2 alts
/products/drop-shot-axion/alternatives,alternatives,prod-drop-shot-axion,drop-shot-axion,HIDDEN_404,"noindex,nofollow",no,alternatives_graph_gate:source product not published|need ≥3 alternatives (have 0)|need ≥2 distinct alternative types|need meaningful unique reasons on ≥3 alts|need switch/trade-off decision shape on ≥2 alts
/products/drop-shot-blitz,product,prod-drop-shot-blitz,drop-shot-blitz,INDEXABLE,"index,follow",yes,decisionScore=90
/products/drop-shot-blitz/alternatives,alternatives,prod-drop-shot-blitz,drop-shot-blitz,PUBLIC_NOINDEX,"noindex,follow",no,alternatives_category_noindex|alternatives_ok_render
/products/drop-shot-canyon-pro,product,prod-drop-shot-canyon-pro,drop-shot-canyon-pro,HIDDEN_404,"noindex,nofollow",no,not_production_exposed:draft
/products/drop-shot-canyon-pro/alternatives,alternatives,prod-drop-shot-canyon-pro,drop-shot-canyon-pro,HIDDEN_404,"noindex,nofollow",no,alternatives_graph_gate:source product not published
/products/drop-shot-club,product,prod-drop-shot-club,drop-shot-club,INDEXABLE,"index,follow",yes,decisionScore=90
/products/drop-shot-club/alternatives,alternatives,prod-drop-shot-club,drop-shot-club,PUBLIC_NOINDEX,"noindex,follow",no,alternatives_category_noindex|alternatives_ok_render
/products/drop-shot-fenix,product,prod-drop-shot-fenix,drop-shot-fenix,HIDDEN_404,"noindex,nofollow",no,not_production_exposed:draft
/products/drop-shot-fenix/alternatives,alternatives,prod-drop-shot-fenix,drop-shot-fenix,HIDDEN_404,"noindex,nofollow",no,alternatives_graph_gate:source product not published|need ≥3 alternatives (have 0)|need ≥2 distinct alternative types|need meaningful unique reasons on ≥3 alts|need switch/trade-off decision shape on ≥2 alts
/products/drop-shot-lcp,product,prod-drop-shot-lcp,drop-shot-lcp,HIDDEN_404,"noindex,nofollow",no,not_production_exposed:draft
/products/drop-shot-lcp/alternatives,alternatives,prod-drop-shot-lcp,drop-shot-lcp,HIDDEN_404,"noindex,nofollow",no,alternatives_graph_gate:source product not published|need ≥3 alternatives (have 0)|need ≥2 distinct alternative types|need meaningful unique reasons on ≥3 alts|need switch/trade-off decision shape on ≥2 alts
/products/drop-shot-speed-tech,product,prod-drop-shot-speed-tech,drop-shot-speed-tech,INDEXABLE,"index,follow",yes,decisionScore=90
/products/drop-shot-speed-tech/alternatives,alternatives,prod-drop-shot-speed-tech,drop-shot-speed-tech,PUBLIC_NOINDEX,"noindex,follow",no,alternatives_category_noindex|alternatives_ok_render
/products/drop-shot-super-dry,product,prod-drop-shot-super-dry,drop-shot-super-dry,HIDDEN_404,"noindex,nofollow",no,not_production_exposed:draft
/products/drop-shot-super-dry/alternatives,alternatives,prod-drop-shot-super-dry,drop-shot-super-dry,HIDDEN_404,"noindex,nofollow",no,alternatives_graph_gate:source product not published|need ≥3 alternatives (have 0)|need ≥2 distinct alternative types|need meaningful unique reasons on ≥3 alts|need switch/trade-off decision shape on ≥2 alts
/products/drop-shot-super-tacky,product,prod-drop-shot-super-tacky,drop-shot-super-tacky,INDEXABLE,"index,follow",yes,decisionScore=90
/products/drop-shot-super-tacky/alternatives,alternatives,prod-drop-shot-super-tacky,drop-shot-super-tacky,PUBLIC_NOINDEX,"noindex,follow",no,alternatives_category_noindex|alternatives_ok_render
/products/drop-shot-tournament-speed-pro,product,prod-drop-shot-tournament-speed-pro,drop-shot-tournament-speed-pro,HIDDEN_404,"noindex,nofollow",no,not_production_exposed:draft
/products/drop-shot-tournament-speed-pro/alternatives,alternatives,prod-drop-shot-tournament-speed-pro,drop-shot-tournament-speed-pro,HIDDEN_404,"noindex,nofollow",no,alternatives_graph_gate:source product not published|need ≥3 alternatives (have 0)|need ≥2 distinct alternative types|need meaningful unique reasons on ≥3 alts|need switch/trade-off decision shape on ≥2 alts
/products/drop-shot-tournament-tech,product,prod-drop-shot-tournament-tech,drop-shot-tournament-tech,INDEXABLE,"index,follow",yes,decisionScore=90
/products/drop-shot-tournament-tech/alternatives,alternatives,prod-drop-shot-tournament-tech,drop-shot-tournament-tech,PUBLIC_NOINDEX,"noindex,follow",no,alternatives_category_noindex|alternatives_ok_render
/products/drop-shot-training-tech,product,prod-drop-shot-training-tech,drop-shot-training-tech,INDEXABLE,"index,follow",yes,decisionScore=90
/products/drop-shot-training-tech/alternatives,alternatives,prod-drop-shot-training-tech,drop-shot-training-tech,PUBLIC_NOINDEX,"noindex,follow",no,alternatives_category_noindex|alternatives_ok_render
/products/dunlop-eco,product,prod-dunlop-eco,dunlop-eco,INDEXABLE,"index,follow",yes,decisionScore=90
/products/dunlop-eco/alternatives,alternatives,prod-dunlop-eco,dunlop-eco,PUBLIC_NOINDEX,"noindex,follow",no,alternatives_category_noindex|alternatives_ok_render
/products/dunlop-elite-thermo,product,prod-dunlop-elite-thermo,dunlop-elite-thermo,HIDDEN_404,"noindex,nofollow",no,not_production_exposed:draft
/products/dunlop-elite-thermo/alternatives,alternatives,prod-dunlop-elite-thermo,dunlop-elite-thermo,HIDDEN_404,"noindex,nofollow",no,alternatives_graph_gate:source product not published|need ≥3 alternatives (have 0)|need ≥2 distinct alternative types|need meaningful unique reasons on ≥3 alts|need switch/trade-off decision shape on ≥2 alts
/products/dunlop-pro,product,prod-dunlop-pro,dunlop-pro,INDEXABLE,"index,follow",yes,decisionScore=100
/products/dunlop-pro-padel,product,prod-dunlop-pro-padel,dunlop-pro-padel,INDEXABLE,"index,follow",yes,decisionScore=100
/products/dunlop-pro-padel/alternatives,alternatives,prod-dunlop-pro-padel,dunlop-pro-padel,PUBLIC_NOINDEX,"noindex,follow",no,alternatives_category_noindex|alternatives_ok_render
/products/dunlop-pro/alternatives,alternatives,prod-dunlop-pro,dunlop-pro,PUBLIC_NOINDEX,"noindex,follow",no,alternatives_category_noindex|alternatives_ok_render
/products/dunlop-protection-tape,product,prod-dunlop-protection-tape,dunlop-protection-tape,HIDDEN_404,"noindex,nofollow",no,not_production_exposed:draft
/products/dunlop-protection-tape/alternatives,alternatives,prod-dunlop-protection-tape,dunlop-protection-tape,HIDDEN_404,"noindex,nofollow",no,alternatives_graph_gate:source product not published|need ≥3 alternatives (have 0)|need ≥2 distinct alternative types|need meaningful unique reasons on ≥3 alts|need switch/trade-off decision shape on ≥2 alts
/products/dunlop-team,product,prod-dunlop-team,dunlop-team,HIDDEN_404,"noindex,nofollow",no,not_production_exposed:draft
/products/dunlop-team/alternatives,alternatives,prod-dunlop-team,dunlop-team,HIDDEN_404,"noindex,nofollow",no,alternatives_graph_gate:source product not published|need ≥3 alternatives (have 0)|need ≥2 distinct alternative types|need meaningful unique reasons on ≥3 alts|need switch/trade-off decision shape on ≥2 alts
/products/dunlop-tour-dry,product,prod-dunlop-tour-dry,dunlop-tour-dry,HIDDEN_404,"noindex,nofollow",no,not_production_exposed:draft
/products/dunlop-tour-dry/alternatives,alternatives,prod-dunlop-tour-dry,dunlop-tour-dry,HIDDEN_404,"noindex,nofollow",no,alternatives_graph_gate:source product not published|need ≥3 alternatives (have 0)|need ≥2 distinct alternative types|need meaningful unique reasons on ≥3 alts|need switch/trade-off decision shape on ≥2 alts
/products/dunlop-tour-pro,product,prod-dunlop-tour-pro,dunlop-tour-pro,HIDDEN_404,"noindex,nofollow",no,not_production_exposed:draft
/products/dunlop-tour-pro/alternatives,alternatives,prod-dunlop-tour-pro,dunlop-tour-pro,HIDDEN_404,"noindex,nofollow",no,alternatives_graph_gate:source product not published|need ≥3 alternatives (have 0)|need ≥2 distinct alternative types|need meaningful unique reasons on ≥3 alts|need switch/trade-off decision shape on ≥2 alts
/products/enebe-enebe-protector-line,product,prod-enebe-enebe-protector-line,enebe-enebe-protector-line,INDEXABLE,"index,follow",yes,decisionScore=90
/products/enebe-enebe-protector-line/alternatives,alternatives,prod-enebe-enebe-protector-line,enebe-enebe-protector-line,PUBLIC_NOINDEX,"noindex,follow",no,alternatives_category_noindex|alternatives_ok_render
/products/enebe-enebe-smooth,product,prod-enebe-enebe-smooth,enebe-enebe-smooth,HIDDEN_404,"noindex,nofollow",no,not_production_exposed:draft
/products/enebe-enebe-smooth/alternatives,alternatives,prod-enebe-enebe-smooth,enebe-enebe-smooth,HIDDEN_404,"noindex,nofollow",no,alternatives_graph_gate:source product not published|need ≥3 alternatives (have 0)|need ≥2 distinct alternative types|need meaningful unique reasons on ≥3 alts|need switch/trade-off decision shape on ≥2 alts
/products/fila-premium,product,prod-fila-premium,fila-premium,HIDDEN_404,"noindex,nofollow",no,not_production_exposed:draft
/products/fila-premium-pro,product,prod-fila-premium-pro,fila-premium-pro,INDEXABLE,"index,follow",yes,decisionScore=90
/products/fila-premium-pro/alternatives,alternatives,prod-fila-premium-pro,fila-premium-pro,PUBLIC_NOINDEX,"noindex,follow",no,alternatives_category_noindex|alternatives_ok_render
/products/fila-premium/alternatives,alternatives,prod-fila-premium,fila-premium,HIDDEN_404,"noindex,nofollow",no,alternatives_graph_gate:source product not published|need ≥3 alternatives (have 0)|need ≥2 distinct alternative types|need meaningful unique reasons on ≥3 alts|need switch/trade-off decision shape on ≥2 alts
/products/head-antishock-skin,product,prod-head-antishock-skin,head-antishock-skin,INDEXABLE,"index,follow",yes,decisionScore=90
/products/head-antishock-skin/alternatives,alternatives,prod-head-antishock-skin,head-antishock-skin,PUBLIC_NOINDEX,"noindex,follow",no,alternatives_category_noindex|alternatives_ok_render
/products/head-ball-basket,product,prod-head-ball-basket,head-ball-basket,HIDDEN_404,"noindex,nofollow",no,not_production_exposed:draft
/products/head-ball-basket/alternatives,alternatives,prod-head-ball-basket,head-ball-basket,HIDDEN_404,"noindex,nofollow",no,alternatives_graph_gate:source product not published|need ≥3 alternatives (have 0)|need ≥2 distinct alternative types|need meaningful unique reasons on ≥3 alts|need switch/trade-off decision shape on ≥2 alts
/products/head-coaching-kit,product,prod-head-coaching-kit,head-coaching-kit,HIDDEN_404,"noindex,nofollow",no,not_production_exposed:draft
/products/head-coaching-kit/alternatives,alternatives,prod-head-coaching-kit,head-coaching-kit,HIDDEN_404,"noindex,nofollow",no,alternatives_graph_gate:source product not published|need ≥3 alternatives (have 0)|need ≥2 distinct alternative types|need meaningful unique reasons on ≥3 alts|need switch/trade-off decision shape on ≥2 alts
/products/head-coello-motion-2026,product,prod-head-coello-motion,head-coello-motion-2026,INDEXABLE,"index,follow",yes,decisionScore=90
/products/head-coello-motion-2026/alternatives,alternatives,prod-head-coello-motion,head-coello-motion-2026,INDEXABLE,"index,follow",yes,alternatives_ok|editorial_ready
/products/head-coello-pro-2026,product,prod-head-coello-pro,head-coello-pro-2026,INDEXABLE,"index,follow",yes,decisionScore=100
/products/head-coello-pro-2026/alternatives,alternatives,prod-head-coello-pro,head-coello-pro-2026,INDEXABLE,"index,follow",yes,alternatives_ok|editorial_ready
/products/head-coello-pro-x-backpack,product,prod-head-coello-pro-x-backpack,head-coello-pro-x-backpack,INDEXABLE,"index,follow",yes,decisionScore=90
/products/head-coello-pro-x-backpack/alternatives,alternatives,prod-head-coello-pro-x-backpack,head-coello-pro-x-backpack,PUBLIC_NOINDEX,"noindex,follow",no,alternatives_category_noindex|alternatives_ok_render
/products/head-coello-pro-x-duffle-l,product,prod-head-coello-pro-x-duffle-l,head-coello-pro-x-duffle-l,INDEXABLE,"index,follow",yes,decisionScore=90
/products/head-coello-pro-x-duffle-l/alternatives,alternatives,prod-head-coello-pro-x-duffle-l,head-coello-pro-x-duffle-l,PUBLIC_NOINDEX,"noindex,follow",no,alternatives_category_noindex|alternatives_ok_render
/products/head-coello-team-2026,product,prod-head-coello-team,head-coello-team-2026,INDEXABLE,"index,follow",yes,decisionScore=90
/products/head-coello-team-2026/alternatives,alternatives,prod-head-coello-team,head-coello-team-2026,INDEXABLE,"index,follow",yes,alternatives_ok|editorial_ready
/products/head-coello-tour-backpack,product,prod-head-coello-tour-backpack,head-coello-tour-backpack,INDEXABLE,"index,follow",yes,decisionScore=90
/products/head-coello-tour-backpack/alternatives,alternatives,prod-head-coello-tour-backpack,head-coello-tour-backpack,PUBLIC_NOINDEX,"noindex,follow",no,alternatives_category_noindex|alternatives_ok_render
/products/head-coello-tour-bag,product,prod-head-coello-tour-bag,head-coello-tour-bag,INDEXABLE,"index,follow",yes,decisionScore=90
/products/head-coello-tour-bag/alternatives,alternatives,prod-head-coello-tour-bag,head-coello-tour-bag,PUBLIC_NOINDEX,"noindex,follow",no,alternatives_category_noindex|alternatives_ok_render
/products/head-court-basket-70,product,prod-head-court-basket-70,head-court-basket-70,HIDDEN_404,"noindex,nofollow",no,not_production_exposed:draft
/products/head-court-basket-70/alternatives,alternatives,prod-head-court-basket-70,head-court-basket-70,HIDDEN_404,"noindex,nofollow",no,alternatives_graph_gate:source product not published|need ≥3 alternatives (have 0)|need ≥2 distinct alternative types|need meaningful unique reasons on ≥3 alts|need switch/trade-off decision shape on ≥2 alts
/products/head-dome-cones,product,prod-head-dome-cones,head-dome-cones,HIDDEN_404,"noindex,nofollow",no,not_production_exposed:draft
/products/head-dome-cones/alternatives,alternatives,prod-head-dome-cones,head-dome-cones,HIDDEN_404,"noindex,nofollow",no,alternatives_graph_gate:source product not published|need ≥3 alternatives (have 0)|need ≥2 distinct alternative types|need meaningful unique reasons on ≥3 alts|need switch/trade-off decision shape on ≥2 alts
/products/head-elite-padel-backpack,product,prod-head-elite-backpack,head-elite-padel-backpack,INDEXABLE,"index,follow",yes,decisionScore=90
/products/head-elite-padel-backpack/alternatives,alternatives,prod-head-elite-backpack,head-elite-padel-backpack,PUBLIC_NOINDEX,"noindex,follow",no,alternatives_category_noindex|alternatives_ok_render
/products/head-elite-supercombi,product,prod-head-elite-supercombi,head-elite-supercombi,HIDDEN_404,"noindex,nofollow",no,not_production_exposed:draft
/products/head-elite-supercombi/alternatives,alternatives,prod-head-elite-supercombi,head-elite-supercombi,HIDDEN_404,"noindex,nofollow",no,alternatives_graph_gate:source product not published|need ≥3 alternatives (have 0)|need ≥2 distinct alternative types|need meaningful unique reasons on ≥3 alts|need switch/trade-off decision shape on ≥2 alts
/products/head-extreme-motion,product,prod-head-extreme-motion-2026,head-extreme-motion,INDEXABLE,"index,follow",yes,decisionScore=100
/products/head-extreme-motion/alternatives,alternatives,prod-head-extreme-motion-2026,head-extreme-motion,INDEXABLE,"index,follow",yes,alternatives_ok|editorial_ready
/products/head-extreme-pro-padel,product,prod-head-extreme-pro-padel,head-extreme-pro-padel,INDEXABLE,"index,follow",yes,decisionScore=100
/products/head-extreme-pro-padel/alternatives,alternatives,prod-head-extreme-pro-padel,head-extreme-pro-padel,INDEXABLE,"index,follow",yes,alternatives_ok|editorial_ready
/products/head-gravity-motion,product,prod-head-gravity-motion,head-gravity-motion,INDEXABLE,"index,follow",yes,decisionScore=90
/products/head-gravity-motion/alternatives,alternatives,prod-head-gravity-motion,head-gravity-motion,INDEXABLE,"index,follow",yes,alternatives_ok|editorial_ready
/products/head-gravity-pro,product,prod-head-gravity-pro,head-gravity-pro,INDEXABLE,"index,follow",yes,decisionScore=90
/products/head-gravity-pro/alternatives,alternatives,prod-head-gravity-pro,head-gravity-pro,INDEXABLE,"index,follow",yes,alternatives_ok|editorial_ready
/products/head-head-ball-cart,product,prod-head-head-ball-cart,head-head-ball-cart,HIDDEN_404,"noindex,nofollow",no,not_production_exposed:draft
/products/head-head-ball-cart/alternatives,alternatives,prod-head-head-ball-cart,head-head-ball-cart,HIDDEN_404,"noindex,nofollow",no,alternatives_graph_gate:source product not published|need ≥3 alternatives (have 0)|need ≥2 distinct alternative types|need meaningful unique reasons on ≥3 alts|need switch/trade-off decision shape on ≥2 alts
/products/head-head-logo-wristband,product,prod-head-head-logo-wristband,head-head-logo-wristband,HIDDEN_404,"noindex,nofollow",no,not_production_exposed:draft
/products/head-head-logo-wristband/alternatives,alternatives,prod-head-head-logo-wristband,head-head-logo-wristband,HIDDEN_404,"noindex,nofollow",no,alternatives_graph_gate:source product not published|need ≥3 alternatives (have 0)|need ≥2 distinct alternative types|need meaningful unique reasons on ≥3 alts|need switch/trade-off decision shape on ≥2 alts
/products/head-head-targets,product,prod-head-head-targets,head-head-targets,HIDDEN_404,"noindex,nofollow",no,not_production_exposed:draft
/products/head-head-targets/alternatives,alternatives,prod-head-head-targets,head-head-targets,HIDDEN_404,"noindex,nofollow",no,alternatives_graph_gate:source product not published|need ≥3 alternatives (have 0)|need ≥2 distinct alternative types|need meaningful unique reasons on ≥3 alts|need switch/trade-off decision shape on ≥2 alts
/products/head-headband,product,prod-head-headband,head-headband,HIDDEN_404,"noindex,nofollow",no,not_production_exposed:draft
/products/head-headband/alternatives,alternatives,prod-head-headband,head-headband,HIDDEN_404,"noindex,nofollow",no,alternatives_graph_gate:source product not published|need ≥3 alternatives (have 0)|need ≥2 distinct alternative types|need meaningful unique reasons on ≥3 alts|need switch/trade-off decision shape on ≥2 alts
/products/head-hydrosorb-comfort,product,prod-head-hydrosorb-comfort,head-hydrosorb-comfort,HIDDEN_404,"noindex,nofollow",no,not_production_exposed:draft
/products/head-hydrosorb-comfort/alternatives,alternatives,prod-head-hydrosorb-comfort,head-hydrosorb-comfort,HIDDEN_404,"noindex,nofollow",no,alternatives_graph_gate:source product not published|need ≥3 alternatives (have 0)|need ≥2 distinct alternative types|need meaningful unique reasons on ≥3 alts|need switch/trade-off decision shape on ≥2 alts
/products/head-hydrosorb-family,product,prod-head-hydrosorb-family,head-hydrosorb-family,HIDDEN_404,"noindex,nofollow",no,not_production_exposed:draft
/products/head-hydrosorb-family/alternatives,alternatives,prod-head-hydrosorb-family,head-hydrosorb-family,HIDDEN_404,"noindex,nofollow",no,alternatives_graph_gate:source product not published|need ≥3 alternatives (have 0)|need ≥2 distinct alternative types|need meaningful unique reasons on ≥3 alts|need switch/trade-off decision shape on ≥2 alts
/products/head-hydrosorb-replacement-grip,product,prod-head-hydrosorb,head-hydrosorb-replacement-grip,HIDDEN_404,"noindex,nofollow",no,not_production_exposed:draft
/products/head-hydrosorb-replacement-grip/alternatives,alternatives,prod-head-hydrosorb,head-hydrosorb-replacement-grip,HIDDEN_404,"noindex,nofollow",no,alternatives_graph_gate:source product not published|need ≥3 alternatives (have 0)|need ≥2 distinct alternative types|need meaningful unique reasons on ≥3 alts|need switch/trade-off decision shape on ≥2 alts
/products/head-one-ultralight,product,prod-head-one-ultralight,head-one-ultralight,INDEXABLE,"index,follow",yes,decisionScore=90
/products/head-one-ultralight/alternatives,alternatives,prod-head-one-ultralight,head-one-ultralight,INDEXABLE,"index,follow",yes,alternatives_ok|editorial_ready
/products/head-padel-one,product,prod-head-padel-one,head-padel-one,INDEXABLE,"index,follow",yes,decisionScore=90
/products/head-padel-one/alternatives,alternatives,prod-head-padel-one,head-padel-one,PUBLIC_NOINDEX,"noindex,follow",no,alternatives_category_noindex|alternatives_ok_render
/products/head-padel-pro,product,prod-head-padel-pro,head-padel-pro,HIDDEN_404,"noindex,nofollow",no,not_production_exposed:draft
/products/head-padel-pro-perforated,product,prod-head-padel-pro-perforated,head-padel-pro-perforated,HIDDEN_404,"noindex,nofollow",no,not_production_exposed:draft
/products/head-padel-pro-perforated/alternatives,alternatives,prod-head-padel-pro-perforated,head-padel-pro-perforated,HIDDEN_404,"noindex,nofollow",no,alternatives_graph_gate:source product not published|need ≥3 alternatives (have 0)|need ≥2 distinct alternative types|need meaningful unique reasons on ≥3 alts|need switch/trade-off decision shape on ≥2 alts
/products/head-padel-pro-plus,product,prod-head-padel-pro-plus,head-padel-pro-plus,INDEXABLE,"index,follow",yes,decisionScore=100
/products/head-padel-pro-plus/alternatives,alternatives,prod-head-padel-pro-plus,head-padel-pro-plus,PUBLIC_NOINDEX,"noindex,follow",no,alternatives_category_noindex|alternatives_ok_render
/products/head-padel-pro-s-balls,product,prod-head-padel-pro-s,head-padel-pro-s-balls,INDEXABLE,"index,follow",yes,decisionScore=100
/products/head-padel-pro-s-balls/alternatives,alternatives,prod-head-padel-pro-s,head-padel-pro-s-balls,PUBLIC_NOINDEX,"noindex,follow",no,alternatives_category_noindex|alternatives_ok_render
/products/head-padel-pro/alternatives,alternatives,prod-head-padel-pro,head-padel-pro,HIDDEN_404,"noindex,nofollow",no,alternatives_graph_gate:source product not published|need ≥3 alternatives (have 0)|need ≥2 distinct alternative types|need meaningful unique reasons on ≥3 alts|need switch/trade-off decision shape on ≥2 alts
/products/head-padel-team,product,prod-head-padel-team,head-padel-team,INDEXABLE,"index,follow",yes,decisionScore=90
/products/head-padel-team/alternatives,alternatives,prod-head-padel-team,head-padel-team,PUBLIC_NOINDEX,"noindex,follow",no,alternatives_category_noindex|alternatives_ok_render
/products/head-padel-wristband,product,prod-head-wristband,head-padel-wristband,HIDDEN_404,"noindex,nofollow",no,not_production_exposed:draft
/products/head-padel-wristband/alternatives,alternatives,prod-head-wristband,head-padel-wristband,HIDDEN_404,"noindex,nofollow",no,alternatives_graph_gate:source product not published|need ≥3 alternatives (have 0)|need ≥2 distinct alternative types|need meaningful unique reasons on ≥3 alts|need switch/trade-off decision shape on ≥2 alts
/products/head-performance-headband,product,prod-head-performance-headband,head-performance-headband,HIDDEN_404,"noindex,nofollow",no,not_production_exposed:draft
/products/head-performance-headband/alternatives,alternatives,prod-head-performance-headband,head-performance-headband,HIDDEN_404,"noindex,nofollow",no,alternatives_graph_gate:source product not published|need ≥3 alternatives (have 0)|need ≥2 distinct alternative types|need meaningful unique reasons on ≥3 alts|need switch/trade-off decision shape on ≥2 alts
/products/head-pick-up-tube,product,prod-head-pick-up-tube,head-pick-up-tube,HIDDEN_404,"noindex,nofollow",no,not_production_exposed:draft
/products/head-pick-up-tube/alternatives,alternatives,prod-head-pick-up-tube,head-pick-up-tube,HIDDEN_404,"noindex,nofollow",no,alternatives_graph_gate:source product not published|need ≥3 alternatives (have 0)|need ≥2 distinct alternative types|need meaningful unique reasons on ≥3 alts|need switch/trade-off decision shape on ≥2 alts
/products/head-prestige-pro,product,prod-head-prestige-pro,head-prestige-pro,HIDDEN_404,"noindex,nofollow",no,not_production_exposed:draft
/products/head-prestige-pro/alternatives,alternatives,prod-head-prestige-pro,head-prestige-pro,HIDDEN_404,"noindex,nofollow",no,alternatives_graph_gate:source product not published|need ≥3 alternatives (have 0)|need ≥2 distinct alternative types|need meaningful unique reasons on ≥3 alts|need switch/trade-off decision shape on ≥2 alts
/products/head-prime-tour,product,prod-head-prime-tour,head-prime-tour,INDEXABLE,"index,follow",yes,decisionScore=90
/products/head-prime-tour/alternatives,alternatives,prod-head-prime-tour,head-prime-tour,PUBLIC_NOINDEX,"noindex,follow",no,alternatives_category_noindex|alternatives_ok_render
/products/head-pro-x-bag-l,product,prod-head-pro-x-bag-l,head-pro-x-bag-l,INDEXABLE,"index,follow",yes,decisionScore=90
/products/head-pro-x-bag-l/alternatives,alternatives,prod-head-pro-x-bag-l,head-pro-x-bag-l,PUBLIC_NOINDEX,"noindex,follow",no,alternatives_category_noindex|alternatives_ok_render
/products/head-pro-x-duffle-l,product,prod-head-pro-x-duffle-l,head-pro-x-duffle-l,HIDDEN_404,"noindex,nofollow",no,not_production_exposed:draft
/products/head-pro-x-duffle-l/alternatives,alternatives,prod-head-pro-x-duffle-l,head-pro-x-duffle-l,HIDDEN_404,"noindex,nofollow",no,alternatives_graph_gate:source product not published|need ≥3 alternatives (have 0)|need ≥2 distinct alternative types|need meaningful unique reasons on ≥3 alts|need switch/trade-off decision shape on ≥2 alts
/products/head-protector-tape,product,prod-head-protector-tape,head-protector-tape,HIDDEN_404,"noindex,nofollow",no,not_production_exposed:draft
/products/head-protector-tape/alternatives,alternatives,prod-head-protector-tape,head-protector-tape,HIDDEN_404,"noindex,nofollow",no,alternatives_graph_gate:source product not published|need ≥3 alternatives (have 0)|need ≥2 distinct alternative types|need meaningful unique reasons on ≥3 alts|need switch/trade-off decision shape on ≥2 alts
/products/head-revolt-court-padel,product,prod-head-revolt-court,head-revolt-court-padel,HIDDEN_404,"noindex,nofollow",no,not_production_exposed:draft
/products/head-revolt-court-padel/alternatives,alternatives,prod-head-revolt-court,head-revolt-court-padel,HIDDEN_404,"noindex,nofollow",no,alternatives_graph_gate:source product not published|need ≥3 alternatives (have 0)|need ≥2 distinct alternative types|need meaningful unique reasons on ≥3 alts|need switch/trade-off decision shape on ≥2 alts
/products/head-revolt-pro-court,product,prod-head-revolt-pro-court,head-revolt-pro-court,INDEXABLE,"index,follow",yes,decisionScore=100
/products/head-revolt-pro-court/alternatives,alternatives,prod-head-revolt-pro-court,head-revolt-pro-court,INDEXABLE,"index,follow",yes,alternatives_ok|editorial_ready
/products/head-smartsorb,product,prod-head-smartsorb,head-smartsorb,HIDDEN_404,"noindex,nofollow",no,not_production_exposed:draft
/products/head-smartsorb/alternatives,alternatives,prod-head-smartsorb,head-smartsorb,HIDDEN_404,"noindex,nofollow",no,alternatives_graph_gate:source product not published|need ≥3 alternatives (have 0)|need ≥2 distinct alternative types|need meaningful unique reasons on ≥3 alts|need switch/trade-off decision shape on ≥2 alts
/products/head-speed-pro,product,prod-head-speed-pro,head-speed-pro,INDEXABLE,"index,follow",yes,decisionScore=80
/products/head-speed-pro/alternatives,alternatives,prod-head-speed-pro,head-speed-pro,INDEXABLE,"index,follow",yes,alternatives_ok|editorial_ready
/products/head-sprint-pro-4-padel,product,prod-head-sprint-pro-4-padel,head-sprint-pro-4-padel,HIDDEN_404,"noindex,nofollow",no,not_production_exposed:draft
/products/head-sprint-pro-4-padel/alternatives,alternatives,prod-head-sprint-pro-4-padel,head-sprint-pro-4-padel,HIDDEN_404,"noindex,nofollow",no,alternatives_graph_gate:source product not published|need ≥3 alternatives (have 0)|need ≥2 distinct alternative types|need meaningful unique reasons on ≥3 alts|need switch/trade-off decision shape on ≥2 alts
/products/head-tour-backpack-25l,product,prod-head-tour-backpack-25l,head-tour-backpack-25l,INDEXABLE,"index,follow",yes,decisionScore=90
/products/head-tour-backpack-25l/alternatives,alternatives,prod-head-tour-backpack-25l,head-tour-backpack-25l,PUBLIC_NOINDEX,"noindex,follow",no,alternatives_category_noindex|alternatives_ok_render
/products/head-tour-padel-bag-l,product,prod-head-tour-padel-bag-l,head-tour-padel-bag-l,HIDDEN_404,"noindex,nofollow",no,not_production_exposed:draft
/products/head-tour-padel-bag-l/alternatives,alternatives,prod-head-tour-padel-bag-l,head-tour-padel-bag-l,HIDDEN_404,"noindex,nofollow",no,alternatives_graph_gate:source product not published|need ≥3 alternatives (have 0)|need ≥2 distinct alternative types|need meaningful unique reasons on ≥3 alts|need switch/trade-off decision shape on ≥2 alts
/products/head-tour-team-cb-2026,product,prod-head-tour-team-cb-2026,head-tour-team-cb-2026,HIDDEN_404,"noindex,nofollow",no,not_production_exposed:draft
/products/head-tour-team-cb-2026/alternatives,alternatives,prod-head-tour-team-cb-2026,head-tour-team-cb-2026,HIDDEN_404,"noindex,nofollow",no,alternatives_graph_gate:source product not published|need ≥3 alternatives (have 0)|need ≥2 distinct alternative types|need meaningful unique reasons on ≥3 alts|need switch/trade-off decision shape on ≥2 alts
/products/head-tour-team-elite,product,prod-head-tour-team-elite,head-tour-team-elite,HIDDEN_404,"noindex,nofollow",no,not_production_exposed:draft
/products/head-tour-team-elite/alternatives,alternatives,prod-head-tour-team-elite,head-tour-team-elite,HIDDEN_404,"noindex,nofollow",no,alternatives_graph_gate:source product not published|need ≥3 alternatives (have 0)|need ≥2 distinct alternative types|need meaningful unique reasons on ≥3 alts|need switch/trade-off decision shape on ≥2 alts
/products/head-tour-team-padel-bag,product,prod-head-tour-team-padel,head-tour-team-padel-bag,INDEXABLE,"index,follow",yes,decisionScore=90
/products/head-tour-team-padel-bag/alternatives,alternatives,prod-head-tour-team-padel,head-tour-team-padel-bag,PUBLIC_NOINDEX,"noindex,follow",no,alternatives_category_noindex|alternatives_ok_render
/products/head-x100,product,prod-head-x100,head-x100,HIDDEN_404,"noindex,nofollow",no,not_production_exposed:draft
/products/head-x100/alternatives,alternatives,prod-head-x100,head-x100,HIDDEN_404,"noindex,nofollow",no,alternatives_graph_gate:source product not published|need ≥3 alternatives (have 0)|need ≥2 distinct alternative types|need meaningful unique reasons on ≥3 alts|need switch/trade-off decision shape on ≥2 alts
/products/head-x3-ball-pressurizer,product,prod-head-x3-pressurizer,head-x3-ball-pressurizer,INDEXABLE,"index,follow",yes,decisionScore=90
/products/head-x3-ball-pressurizer/alternatives,alternatives,prod-head-x3-pressurizer,head-x3-ball-pressurizer,PUBLIC_NOINDEX,"noindex,follow",no,alternatives_category_noindex|alternatives_ok_render
/products/head-x3-pump,product,prod-head-x3-pump,head-x3-pump,INDEXABLE,"index,follow",yes,decisionScore=90
/products/head-x3-pump/alternatives,alternatives,prod-head-x3-pump,head-x3-pump,PUBLIC_NOINDEX,"noindex,follow",no,alternatives_category_noindex|alternatives_ok_render
/products/head-x4-pump,product,prod-head-x4-pump,head-x4-pump,HIDDEN_404,"noindex,nofollow",no,not_production_exposed:draft
/products/head-x4-pump/alternatives,alternatives,prod-head-x4-pump,head-x4-pump,HIDDEN_404,"noindex,nofollow",no,alternatives_graph_gate:source product not published|need ≥3 alternatives (have 0)|need ≥2 distinct alternative types|need meaningful unique reasons on ≥3 alts|need switch/trade-off decision shape on ≥2 alts
/products/head-xtreme-soft-overgrip,product,prod-head-xtreme-soft,head-xtreme-soft-overgrip,INDEXABLE,"index,follow",yes,decisionScore=100
/products/head-xtreme-soft-overgrip/alternatives,alternatives,prod-head-xtreme-soft,head-xtreme-soft-overgrip,PUBLIC_NOINDEX,"noindex,follow",no,alternatives_category_noindex|alternatives_ok_render
/products/head-xtreme-soft-xtremesoft,product,prod-head-xtreme-soft-xtremesoft,head-xtreme-soft-xtremesoft,INDEXABLE,"index,follow",yes,decisionScore=100
/products/head-xtreme-soft-xtremesoft/alternatives,alternatives,prod-head-xtreme-soft-xtremesoft,head-xtreme-soft-xtremesoft,PUBLIC_NOINDEX,"noindex,follow",no,alternatives_category_noindex|alternatives_ok_render
/products/hesacore-carbon,product,prod-hesacore-carbon,hesacore-carbon,HIDDEN_404,"noindex,nofollow",no,not_production_exposed:draft
/products/hesacore-carbon/alternatives,alternatives,prod-hesacore-carbon,hesacore-carbon,HIDDEN_404,"noindex,nofollow",no,alternatives_graph_gate:source product not published|need ≥3 alternatives (have 0)|need ≥2 distinct alternative types|need meaningful unique reasons on ≥3 alts|need switch/trade-off decision shape on ≥2 alts
/products/hesacore-gel,product,prod-hesacore-gel,hesacore-gel,HIDDEN_404,"noindex,nofollow",no,not_production_exposed:draft
/products/hesacore-gel/alternatives,alternatives,prod-hesacore-gel,hesacore-gel,HIDDEN_404,"noindex,nofollow",no,alternatives_graph_gate:source product not published|need ≥3 alternatives (have 0)|need ≥2 distinct alternative types|need meaningful unique reasons on ≥3 alts|need switch/trade-off decision shape on ≥2 alts
/products/hesacore-padel-grip,product,prod-hesacore-padel,hesacore-padel-grip,INDEXABLE,"index,follow",yes,decisionScore=100
/products/hesacore-padel-grip/alternatives,alternatives,prod-hesacore-padel,hesacore-padel-grip,PUBLIC_NOINDEX,"noindex,follow",no,alternatives_category_noindex|alternatives_ok_render
/products/hesacore-pink-w,product,prod-hesacore-pink-w,hesacore-pink-w,HIDDEN_404,"noindex,nofollow",no,not_production_exposed:draft
/products/hesacore-pink-w/alternatives,alternatives,prod-hesacore-pink-w,hesacore-pink-w,HIDDEN_404,"noindex,nofollow",no,alternatives_graph_gate:source product not published|need ≥3 alternatives (have 0)|need ≥2 distinct alternative types|need meaningful unique reasons on ≥3 alts|need switch/trade-off decision shape on ≥2 alts
/products/hesacore-pro-carbon,product,prod-hesacore-pro-carbon,hesacore-pro-carbon,INDEXABLE,"index,follow",yes,decisionScore=90
/products/hesacore-pro-carbon/alternatives,alternatives,prod-hesacore-pro-carbon,hesacore-pro-carbon,PUBLIC_NOINDEX,"noindex,follow",no,alternatives_category_noindex|alternatives_ok_render
/products/hesacore-tour,product,prod-hesacore-tour,hesacore-tour,HIDDEN_404,"noindex,nofollow",no,not_production_exposed:draft
/products/hesacore-tour-original,product,prod-hesacore-tour-original,hesacore-tour-original,INDEXABLE,"index,follow",yes,decisionScore=100
/products/hesacore-tour-original/alternatives,alternatives,prod-hesacore-tour-original,hesacore-tour-original,PUBLIC_NOINDEX,"noindex,follow",no,alternatives_category_noindex|alternatives_ok_render
/products/hesacore-tour-w,product,prod-hesacore-tour-w,hesacore-tour-w,HIDDEN_404,"noindex,nofollow",no,not_production_exposed:draft
/products/hesacore-tour-w/alternatives,alternatives,prod-hesacore-tour-w,hesacore-tour-w,HIDDEN_404,"noindex,nofollow",no,alternatives_graph_gate:source product not published|need ≥3 alternatives (have 0)|need ≥2 distinct alternative types|need meaningful unique reasons on ≥3 alts|need switch/trade-off decision shape on ≥2 alts
/products/hesacore-tour/alternatives,alternatives,prod-hesacore-tour,hesacore-tour,HIDDEN_404,"noindex,nofollow",no,alternatives_graph_gate:source product not published|need ≥3 alternatives (have 0)|need ≥2 distinct alternative types|need meaningful unique reasons on ≥3 alts|need switch/trade-off decision shape on ≥2 alts
/products/joma-club-cushion,product,prod-joma-club-cushion,joma-club-cushion,HIDDEN_404,"noindex,nofollow",no,not_production_exposed:draft
/products/joma-club-cushion/alternatives,alternatives,prod-joma-club-cushion,joma-club-cushion,HIDDEN_404,"noindex,nofollow",no,alternatives_graph_gate:source product not published|need ≥3 alternatives (have 0)|need ≥2 distinct alternative types|need meaningful unique reasons on ≥3 alts|need switch/trade-off decision shape on ≥2 alts
/products/joma-pro,product,prod-joma-pro,joma-pro,HIDDEN_404,"noindex,nofollow",no,not_production_exposed:draft
/products/joma-pro/alternatives,alternatives,prod-joma-pro,joma-pro,HIDDEN_404,"noindex,nofollow",no,alternatives_graph_gate:source product not published|need ≥3 alternatives (have 0)|need ≥2 distinct alternative types|need meaningful unique reasons on ≥3 alts|need switch/trade-off decision shape on ≥2 alts
/products/joma-slam-lady,product,prod-joma-slam-lady,joma-slam-lady,HIDDEN_404,"noindex,nofollow",no,not_production_exposed:draft
/products/joma-slam-lady/alternatives,alternatives,prod-joma-slam-lady,joma-slam-lady,HIDDEN_404,"noindex,nofollow",no,alternatives_graph_gate:source product not published|need ≥3 alternatives (have 0)|need ≥2 distinct alternative types|need meaningful unique reasons on ≥3 alts|need switch/trade-off decision shape on ≥2 alts
/products/joma-spin-lady,product,prod-joma-spin-lady,joma-spin-lady,HIDDEN_404,"noindex,nofollow",no,not_production_exposed:draft
/products/joma-spin-lady/alternatives,alternatives,prod-joma-spin-lady,joma-spin-lady,HIDDEN_404,"noindex,nofollow",no,alternatives_graph_gate:source product not published|need ≥3 alternatives (have 0)|need ≥2 distinct alternative types|need meaningful unique reasons on ≥3 alts|need switch/trade-off decision shape on ≥2 alts
/products/joma-spin-men,product,prod-joma-spin-men,joma-spin-men,HIDDEN_404,"noindex,nofollow",no,not_production_exposed:draft
/products/joma-spin-men/alternatives,alternatives,prod-joma-spin-men,joma-spin-men,HIDDEN_404,"noindex,nofollow",no,alternatives_graph_gate:source product not published|need ≥3 alternatives (have 0)|need ≥2 distinct alternative types|need meaningful unique reasons on ≥3 alts|need switch/trade-off decision shape on ≥2 alts
/products/joma-t-slam,product,prod-joma-t-slam,joma-t-slam,HIDDEN_404,"noindex,nofollow",no,not_production_exposed:draft
/products/joma-t-slam/alternatives,alternatives,prod-joma-t-slam,joma-t-slam,HIDDEN_404,"noindex,nofollow",no,alternatives_graph_gate:source product not published|need ≥3 alternatives (have 1)|need ≥2 distinct alternative types|need meaningful unique reasons on ≥3 alts|need switch/trade-off decision shape on ≥2 alts
/products/joma-vero-virseda-2026,product,prod-joma-vero-virseda-2026,joma-vero-virseda-2026,HIDDEN_404,"noindex,nofollow",no,not_production_exposed:draft
/products/joma-vero-virseda-2026/alternatives,alternatives,prod-joma-vero-virseda-2026,joma-vero-virseda-2026,HIDDEN_404,"noindex,nofollow",no,alternatives_graph_gate:source product not published|need ≥3 alternatives (have 0)|need ≥2 distinct alternative types|need meaningful unique reasons on ≥3 alts|need switch/trade-off decision shape on ≥2 alts
/products/kuikma-antislip,product,prod-kuikma-antislip,kuikma-antislip,HIDDEN_404,"noindex,nofollow",no,not_production_exposed:draft
/products/kuikma-antislip/alternatives,alternatives,prod-kuikma-antislip,kuikma-antislip,HIDDEN_404,"noindex,nofollow",no,alternatives_graph_gate:source product not published|need ≥3 alternatives (have 0)|need ≥2 distinct alternative types|need meaningful unique reasons on ≥3 alts|need switch/trade-off decision shape on ≥2 alts
/products/kuikma-backpack,product,prod-kuikma-backpack,kuikma-backpack,HIDDEN_404,"noindex,nofollow",no,not_production_exposed:draft
/products/kuikma-backpack/alternatives,alternatives,prod-kuikma-backpack,kuikma-backpack,HIDDEN_404,"noindex,nofollow",no,alternatives_graph_gate:source product not published|need ≥3 alternatives (have 0)|need ≥2 distinct alternative types|need meaningful unique reasons on ≥3 alts|need switch/trade-off decision shape on ≥2 alts
/products/kuikma-insulated-backpack-pro-40-l,product,prod-kuikma-insulated-backpack-pro-40-l,kuikma-insulated-backpack-pro-40-l,HIDDEN_404,"noindex,nofollow",no,not_production_exposed:draft
/products/kuikma-insulated-backpack-pro-40-l/alternatives,alternatives,prod-kuikma-insulated-backpack-pro-40-l,kuikma-insulated-backpack-pro-40-l,HIDDEN_404,"noindex,nofollow",no,alternatives_graph_gate:source product not published|need ≥3 alternatives (have 0)|need ≥2 distinct alternative types|need meaningful unique reasons on ≥3 alts|need switch/trade-off decision shape on ≥2 alts
/products/kuikma-overgrip-pro-adherence,product,prod-kuikma-overgrip-pro-adherence,kuikma-overgrip-pro-adherence,HIDDEN_404,"noindex,nofollow",no,not_production_exposed:draft
/products/kuikma-overgrip-pro-adherence/alternatives,alternatives,prod-kuikma-overgrip-pro-adherence,kuikma-overgrip-pro-adherence,HIDDEN_404,"noindex,nofollow",no,alternatives_graph_gate:source product not published|need ≥3 alternatives (have 0)|need ≥2 distinct alternative types|need meaningful unique reasons on ≥3 alts|need switch/trade-off decision shape on ≥2 alts
/products/kuikma-padel-overgrip,product,prod-kuikma-overgrip,kuikma-padel-overgrip,INDEXABLE,"index,follow",yes,decisionScore=90
/products/kuikma-padel-overgrip/alternatives,alternatives,prod-kuikma-overgrip,kuikma-padel-overgrip,PUBLIC_NOINDEX,"noindex,follow",no,alternatives_category_noindex|alternatives_ok_render
/products/kuikma-padel-paletero,product,prod-kuikma-paletero,kuikma-padel-paletero,HIDDEN_404,"noindex,nofollow",no,not_production_exposed:draft
/products/kuikma-padel-paletero/alternatives,alternatives,prod-kuikma-paletero,kuikma-padel-paletero,HIDDEN_404,"noindex,nofollow",no,alternatives_graph_gate:source product not published|need ≥3 alternatives (have 0)|need ≥2 distinct alternative types|need meaningful unique reasons on ≥3 alts|need switch/trade-off decision shape on ≥2 alts
/products/kuikma-pb-club,product,prod-kuikma-pb-club,kuikma-pb-club,INDEXABLE,"index,follow",yes,decisionScore=90
/products/kuikma-pb-club/alternatives,alternatives,prod-kuikma-pb-club,kuikma-pb-club,PUBLIC_NOINDEX,"noindex,follow",no,alternatives_category_noindex|alternatives_ok_render
/products/kuikma-pb-control,product,prod-kuikma-pb-control,kuikma-pb-control,INDEXABLE,"index,follow",yes,decisionScore=90
/products/kuikma-pb-control/alternatives,alternatives,prod-kuikma-pb-control,kuikma-pb-control,PUBLIC_NOINDEX,"noindex,follow",no,alternatives_category_noindex|alternatives_ok_render
/products/kuikma-pb-speed,product,prod-kuikma-pb-speed,kuikma-pb-speed,INDEXABLE,"index,follow",yes,decisionScore=90
/products/kuikma-pb-speed/alternatives,alternatives,prod-kuikma-pb-speed,kuikma-pb-speed,PUBLIC_NOINDEX,"noindex,follow",no,alternatives_category_noindex|alternatives_ok_render
/products/kuikma-pbp-elite,product,prod-kuikma-pbp-elite,kuikma-pbp-elite,HIDDEN_404,"noindex,nofollow",no,not_production_exposed:draft
/products/kuikma-pbp-elite/alternatives,alternatives,prod-kuikma-pbp-elite,kuikma-pbp-elite,HIDDEN_404,"noindex,nofollow",no,alternatives_graph_gate:source product not published|need ≥3 alternatives (have 0)|need ≥2 distinct alternative types|need meaningful unique reasons on ≥3 alts|need switch/trade-off decision shape on ≥2 alts
/products/kuikma-pl-900-elite,product,prod-kuikma-pl-900-elite,kuikma-pl-900-elite,INDEXABLE,"index,follow",yes,decisionScore=90
/products/kuikma-pl-900-elite/alternatives,alternatives,prod-kuikma-pl-900-elite,kuikma-pl-900-elite,PUBLIC_NOINDEX,"noindex,follow",no,alternatives_category_noindex|alternatives_ok_render
/products/kuikma-pr-comfort-soft,product,prod-kuikma-pr-comfort-soft,kuikma-pr-comfort-soft,INDEXABLE,"index,follow",yes,decisionScore=90
/products/kuikma-pr-comfort-soft/alternatives,alternatives,prod-kuikma-pr-comfort-soft,kuikma-pr-comfort-soft,INDEXABLE,"index,follow",yes,alternatives_ok|editorial_ready
/products/kuikma-pr-hybrid-carbon,product,prod-kuikma-pr-hybrid-carbon,kuikma-pr-hybrid-carbon,INDEXABLE,"index,follow",yes,decisionScore=90
/products/kuikma-pr-hybrid-carbon/alternatives,alternatives,prod-kuikma-pr-hybrid-carbon,kuikma-pr-hybrid-carbon,PUBLIC_NOINDEX,"noindex,follow",no,need ≥3 substantive decision alts (have 0)|need ≥2 reason groups on ranked list (have 1)|need distinct pair-specific decision copy across alts|alternatives_ok_render
/products/kuikma-pr-soft-500,product,prod-kuikma-pr-soft-500,kuikma-pr-soft-500,HIDDEN_404,"noindex,nofollow",no,not_production_exposed:draft
/products/kuikma-pr-soft-500/alternatives,alternatives,prod-kuikma-pr-soft-500,kuikma-pr-soft-500,HIDDEN_404,"noindex,nofollow",no,alternatives_graph_gate:source product not published
/products/kuikma-ps-560-women,product,prod-kuikma-ps-560-women,kuikma-ps-560-women,HIDDEN_404,"noindex,nofollow",no,not_production_exposed:draft
/products/kuikma-ps-560-women/alternatives,alternatives,prod-kuikma-ps-560-women,kuikma-ps-560-women,HIDDEN_404,"noindex,nofollow",no,alternatives_graph_gate:source product not published|need ≥3 alternatives (have 0)|need ≥2 distinct alternative types|need meaningful unique reasons on ≥3 alts|need switch/trade-off decision shape on ≥2 alts
/products/kuikma-ps-990,product,prod-kuikma-ps-990,kuikma-ps-990,INDEXABLE,"index,follow",yes,decisionScore=100
/products/kuikma-ps-990/alternatives,alternatives,prod-kuikma-ps-990,kuikma-ps-990,INDEXABLE,"index,follow",yes,alternatives_ok|editorial_ready
/products/lok-accessory-bag-gen-2,product,prod-lok-accessory-bag-gen-2,lok-accessory-bag-gen-2,INDEXABLE,"index,follow",yes,decisionScore=90
/products/lok-accessory-bag-gen-2/alternatives,alternatives,prod-lok-accessory-bag-gen-2,lok-accessory-bag-gen-2,PUBLIC_NOINDEX,"noindex,follow",no,alternatives_category_noindex|alternatives_ok_render
/products/lok-aventure-gen-2,product,prod-lok-aventure-gen-2,lok-aventure-gen-2,INDEXABLE,"index,follow",yes,decisionScore=90
/products/lok-aventure-gen-2/alternatives,alternatives,prod-lok-aventure-gen-2,lok-aventure-gen-2,PUBLIC_NOINDEX,"noindex,follow",no,alternatives_category_noindex|alternatives_ok_render
/products/lok-maxx-flow,product,prod-lok-maxx-flow,lok-maxx-flow,INDEXABLE,"index,follow",yes,decisionScore=100
/products/lok-maxx-flow/alternatives,alternatives,prod-lok-maxx-flow,lok-maxx-flow,INDEXABLE,"index,follow",yes,alternatives_ok|editorial_ready
/products/lok-maxx-gen-2-paletero,product,prod-lok-maxx-gen-2,lok-maxx-gen-2-paletero,INDEXABLE,"index,follow",yes,decisionScore=90
/products/lok-maxx-gen-2-paletero/alternatives,alternatives,prod-lok-maxx-gen-2,lok-maxx-gen-2-paletero,PUBLIC_NOINDEX,"noindex,follow",no,alternatives_category_noindex|alternatives_ok_render
/products/lok-one-gen-2,product,prod-lok-one-gen-2,lok-one-gen-2,INDEXABLE,"index,follow",yes,decisionScore=90
/products/lok-one-gen-2/alternatives,alternatives,prod-lok-one-gen-2,lok-one-gen-2,PUBLIC_NOINDEX,"noindex,follow",no,alternatives_category_noindex|alternatives_ok_render
/products/lok-padel-one,product,prod-lok-padel-one,lok-padel-one,HIDDEN_404,"noindex,nofollow",no,not_production_exposed:draft
/products/lok-padel-one/alternatives,alternatives,prod-lok-padel-one,lok-padel-one,HIDDEN_404,"noindex,nofollow",no,alternatives_graph_gate:source product not published|need ≥3 alternatives (have 0)|need ≥2 distinct alternative types|need meaningful unique reasons on ≥3 alts|need switch/trade-off decision shape on ≥2 alts
/products/noene-anti-shock-grip-padel,product,prod-noene-anti-shock-grip-padel,noene-anti-shock-grip-padel,HIDDEN_404,"noindex,nofollow",no,not_production_exposed:draft
/products/noene-anti-shock-grip-padel/alternatives,alternatives,prod-noene-anti-shock-grip-padel,noene-anti-shock-grip-padel,HIDDEN_404,"noindex,nofollow",no,alternatives_graph_gate:source product not published|need ≥3 alternatives (have 0)|need ≥2 distinct alternative types|need meaningful unique reasons on ≥3 alts|need switch/trade-off decision shape on ≥2 alts
/products/noene-undergrip-anti-shock,product,prod-noene-undergrip-anti-shock,noene-undergrip-anti-shock,HIDDEN_404,"noindex,nofollow",no,not_production_exposed:draft
/products/noene-undergrip-anti-shock/alternatives,alternatives,prod-noene-undergrip-anti-shock,noene-undergrip-anti-shock,HIDDEN_404,"noindex,nofollow",no,alternatives_graph_gate:source product not published|need ≥3 alternatives (have 0)|need ≥2 distinct alternative types|need meaningful unique reasons on ≥3 alts|need switch/trade-off decision shape on ≥2 alts
/products/nox-at10-competition-trolley,product,prod-nox-at10-competition-trolley,nox-at10-competition-trolley,INDEXABLE,"index,follow",yes,decisionScore=90
/products/nox-at10-competition-trolley/alternatives,alternatives,prod-nox-at10-competition-trolley,nox-at10-competition-trolley,PUBLIC_NOINDEX,"noindex,follow",no,alternatives_category_noindex|alternatives_ok_render
/products/nox-at10-competition-xl-compact,product,prod-nox-at10-competition-xl-compact,nox-at10-competition-xl-compact,HIDDEN_404,"noindex,nofollow",no,not_production_exposed:draft
/products/nox-at10-competition-xl-compact/alternatives,alternatives,prod-nox-at10-competition-xl-compact,nox-at10-competition-xl-compact,HIDDEN_404,"noindex,nofollow",no,alternatives_graph_gate:source product not published|need ≥3 alternatives (have 0)|need ≥2 distinct alternative types|need meaningful unique reasons on ≥3 alts|need switch/trade-off decision shape on ≥2 alts
/products/nox-at10-genius-12k-alum-xtrem-2026,product,prod-nox-at10-12k-2026,nox-at10-genius-12k-alum-xtrem-2026,INDEXABLE,"index,follow",yes,decisionScore=100
/products/nox-at10-genius-12k-alum-xtrem-2026/alternatives,alternatives,prod-nox-at10-12k-2026,nox-at10-genius-12k-alum-xtrem-2026,INDEXABLE,"index,follow",yes,alternatives_ok|editorial_ready
/products/nox-at10-genius-18k-2026,product,prod-nox-at10-18k-2026,nox-at10-genius-18k-2026,INDEXABLE,"index,follow",yes,decisionScore=100
/products/nox-at10-genius-18k-2026/alternatives,alternatives,prod-nox-at10-18k-2026,nox-at10-genius-18k-2026,INDEXABLE,"index,follow",yes,alternatives_ok|editorial_ready
/products/nox-at10-genius-attack-12k-2026,product,prod-nox-at10-attack-12k-2026,nox-at10-genius-attack-12k-2026,HIDDEN_404,"noindex,nofollow",no,not_production_exposed:draft
/products/nox-at10-genius-attack-12k-2026/alternatives,alternatives,prod-nox-at10-attack-12k-2026,nox-at10-genius-attack-12k-2026,HIDDEN_404,"noindex,nofollow",no,alternatives_graph_gate:source product not published|need ≥3 alternatives (have 2)|need meaningful unique reasons on ≥3 alts
/products/nox-at10-genius-attack-18k-2026,product,prod-nox-at10-attack-18k-2026,nox-at10-genius-attack-18k-2026,INDEXABLE,"index,follow",yes,decisionScore=90
/products/nox-at10-genius-attack-18k-2026/alternatives,alternatives,prod-nox-at10-attack-18k-2026,nox-at10-genius-attack-18k-2026,INDEXABLE,"index,follow",yes,alternatives_ok|editorial_ready
/products/nox-at10-lux,product,prod-nox-at10-lux,nox-at10-lux,HIDDEN_404,"noindex,nofollow",no,not_production_exposed:draft
/products/nox-at10-lux/alternatives,alternatives,prod-nox-at10-lux,nox-at10-lux,HIDDEN_404,"noindex,nofollow",no,alternatives_graph_gate:source product not published|need ≥3 alternatives (have 0)|need ≥2 distinct alternative types|need meaningful unique reasons on ≥3 alts|need switch/trade-off decision shape on ≥2 alts
/products/nox-at10-pro,product,prod-nox-at10-pro-shoe,nox-at10-pro,HIDDEN_404,"noindex,nofollow",no,not_production_exposed:draft
/products/nox-at10-pro/alternatives,alternatives,prod-nox-at10-pro-shoe,nox-at10-pro,HIDDEN_404,"noindex,nofollow",no,alternatives_graph_gate:source product not published|need ≥3 alternatives (have 0)|need ≥2 distinct alternative types|need meaningful unique reasons on ≥3 alts|need switch/trade-off decision shape on ≥2 alts
/products/nox-at10-team,product,prod-nox-at10-team,nox-at10-team,INDEXABLE,"index,follow",yes,decisionScore=90
/products/nox-at10-team-backpack,product,prod-nox-at10-team-backpack,nox-at10-team-backpack,HIDDEN_404,"noindex,nofollow",no,not_production_exposed:draft
/products/nox-at10-team-backpack/alternatives,alternatives,prod-nox-at10-team-backpack,nox-at10-team-backpack,HIDDEN_404,"noindex,nofollow",no,alternatives_graph_gate:source product not published|need ≥3 alternatives (have 0)|need ≥2 distinct alternative types|need meaningful unique reasons on ≥3 alts|need switch/trade-off decision shape on ≥2 alts
/products/nox-at10-team-paletero,product,prod-nox-at10-team-bag,nox-at10-team-paletero,INDEXABLE,"index,follow",yes,decisionScore=90
/products/nox-at10-team-paletero/alternatives,alternatives,prod-nox-at10-team-bag,nox-at10-team-paletero,PUBLIC_NOINDEX,"noindex,follow",no,alternatives_category_noindex|alternatives_ok_render
/products/nox-at10-team/alternatives,alternatives,prod-nox-at10-team,nox-at10-team,PUBLIC_NOINDEX,"noindex,follow",no,alternatives_category_noindex|alternatives_ok_render
/products/nox-at10-xxl-padel-bag,product,prod-nox-at10-xxl-bag,nox-at10-xxl-padel-bag,INDEXABLE,"index,follow",yes,decisionScore=100
/products/nox-at10-xxl-padel-bag/alternatives,alternatives,prod-nox-at10-xxl-bag,nox-at10-xxl-padel-bag,PUBLIC_NOINDEX,"noindex,follow",no,alternatives_category_noindex|alternatives_ok_render
/products/nox-custom-grip,product,prod-nox-custom-grip,nox-custom-grip,HIDDEN_404,"noindex,nofollow",no,not_production_exposed:draft
/products/nox-custom-grip/alternatives,alternatives,prod-nox-custom-grip,nox-custom-grip,HIDDEN_404,"noindex,nofollow",no,alternatives_graph_gate:source product not published|need ≥3 alternatives (have 0)|need ≥2 distinct alternative types|need meaningful unique reasons on ≥3 alts|need switch/trade-off decision shape on ≥2 alts
/products/nox-equation-soft-advanced-2026,product,prod-nox-equation-soft-2026,nox-equation-soft-advanced-2026,INDEXABLE,"index,follow",yes,decisionScore=90
/products/nox-equation-soft-advanced-2026/alternatives,alternatives,prod-nox-equation-soft-2026,nox-equation-soft-advanced-2026,INDEXABLE,"index,follow",yes,alternatives_ok|editorial_ready
/products/nox-h-dri,product,prod-nox-h-dri,nox-h-dri,HIDDEN_404,"noindex,nofollow",no,not_production_exposed:draft
/products/nox-h-dri/alternatives,alternatives,prod-nox-h-dri,nox-h-dri,HIDDEN_404,"noindex,nofollow",no,alternatives_graph_gate:source product not published|need ≥3 alternatives (have 0)|need ≥2 distinct alternative types|need meaningful unique reasons on ≥3 alts|need switch/trade-off decision shape on ≥2 alts
/products/nox-luxury-master-backpack,product,prod-nox-luxury-master-backpack,nox-luxury-master-backpack,INDEXABLE,"index,follow",yes,decisionScore=90
/products/nox-luxury-master-backpack/alternatives,alternatives,prod-nox-luxury-master-backpack,nox-luxury-master-backpack,PUBLIC_NOINDEX,"noindex,follow",no,alternatives_category_noindex|alternatives_ok_render
/products/nox-luxury-master-series,product,prod-nox-luxury-master-series,nox-luxury-master-series,INDEXABLE,"index,follow",yes,decisionScore=100
/products/nox-luxury-master-series/alternatives,alternatives,prod-nox-luxury-master-series,nox-luxury-master-series,PUBLIC_NOINDEX,"noindex,follow",no,alternatives_category_noindex|alternatives_ok_render
/products/nox-luxury-open-backpack,product,prod-nox-luxury-open-backpack,nox-luxury-open-backpack,INDEXABLE,"index,follow",yes,decisionScore=90
/products/nox-luxury-open-backpack/alternatives,alternatives,prod-nox-luxury-open-backpack,nox-luxury-open-backpack,PUBLIC_NOINDEX,"noindex,follow",no,alternatives_category_noindex|alternatives_ok_render
/products/nox-luxury-open-series,product,prod-nox-luxury-open-series,nox-luxury-open-series,INDEXABLE,"index,follow",yes,decisionScore=100
/products/nox-luxury-open-series/alternatives,alternatives,prod-nox-luxury-open-series,nox-luxury-open-series,PUBLIC_NOINDEX,"noindex,follow",no,alternatives_category_noindex|alternatives_ok_render
/products/nox-luxury-pro,product,prod-nox-luxury-pro,nox-luxury-pro,HIDDEN_404,"noindex,nofollow",no,not_production_exposed:draft
/products/nox-luxury-pro/alternatives,alternatives,prod-nox-luxury-pro,nox-luxury-pro,HIDDEN_404,"noindex,nofollow",no,alternatives_graph_gate:source product not published|need ≥3 alternatives (have 0)|need ≥2 distinct alternative types|need meaningful unique reasons on ≥3 alts|need switch/trade-off decision shape on ≥2 alts
/products/nox-ml10-competition-xl-compact,product,prod-nox-ml10-competition-xl-compact,nox-ml10-competition-xl-compact,HIDDEN_404,"noindex,nofollow",no,not_production_exposed:draft
/products/nox-ml10-competition-xl-compact/alternatives,alternatives,prod-nox-ml10-competition-xl-compact,nox-ml10-competition-xl-compact,HIDDEN_404,"noindex,nofollow",no,alternatives_graph_gate:source product not published|need ≥3 alternatives (have 0)|need ≥2 distinct alternative types|need meaningful unique reasons on ≥3 alts|need switch/trade-off decision shape on ≥2 alts
/products/nox-ml10-hexa,product,prod-nox-ml10-hexa,nox-ml10-hexa,HIDDEN_404,"noindex,nofollow",no,not_production_exposed:draft
/products/nox-ml10-hexa/alternatives,alternatives,prod-nox-ml10-hexa,nox-ml10-hexa,HIDDEN_404,"noindex,nofollow",no,alternatives_graph_gate:source product not published|need ≥3 alternatives (have 0)|need ≥2 distinct alternative types|need meaningful unique reasons on ≥3 alts|need switch/trade-off decision shape on ≥2 alts
/products/nox-ml10-pro-cup,product,prod-nox-ml10-pro-cup,nox-ml10-pro-cup,INDEXABLE,"index,follow",yes,decisionScore=100
/products/nox-ml10-pro-cup/alternatives,alternatives,prod-nox-ml10-pro-cup,nox-ml10-pro-cup,INDEXABLE,"index,follow",yes,alternatives_ok|editorial_ready
/products/nox-ml10-team,product,prod-nox-ml10-team,nox-ml10-team,HIDDEN_404,"noindex,nofollow",no,not_production_exposed:draft
/products/nox-ml10-team-backpack,product,prod-nox-ml10-team-backpack,nox-ml10-team-backpack,HIDDEN_404,"noindex,nofollow",no,not_production_exposed:draft
/products/nox-ml10-team-backpack/alternatives,alternatives,prod-nox-ml10-team-backpack,nox-ml10-team-backpack,HIDDEN_404,"noindex,nofollow",no,alternatives_graph_gate:source product not published|need ≥3 alternatives (have 0)|need ≥2 distinct alternative types|need meaningful unique reasons on ≥3 alts|need switch/trade-off decision shape on ≥2 alts
/products/nox-ml10-team/alternatives,alternatives,prod-nox-ml10-team,nox-ml10-team,HIDDEN_404,"noindex,nofollow",no,alternatives_graph_gate:source product not published|need ≥3 alternatives (have 0)|need ≥2 distinct alternative types|need meaningful unique reasons on ≥3 alts|need switch/trade-off decision shape on ≥2 alts
/products/nox-nerbo,product,prod-nox-nerbo,nox-nerbo,INDEXABLE,"index,follow",yes,decisionScore=90
/products/nox-nerbo-speed,product,prod-nox-nerbo-speed,nox-nerbo-speed,INDEXABLE,"index,follow",yes,decisionScore=90
/products/nox-nerbo-speed/alternatives,alternatives,prod-nox-nerbo-speed,nox-nerbo-speed,PUBLIC_NOINDEX,"noindex,follow",no,alternatives_category_noindex|alternatives_ok_render
/products/nox-nerbo/alternatives,alternatives,prod-nox-nerbo,nox-nerbo,PUBLIC_NOINDEX,"noindex,follow",no,alternatives_category_noindex|alternatives_ok_render
/products/nox-nox-color-pack,product,prod-nox-nox-color-pack,nox-nox-color-pack,HIDDEN_404,"noindex,nofollow",no,not_production_exposed:draft
/products/nox-nox-color-pack/alternatives,alternatives,prod-nox-nox-color-pack,nox-nox-color-pack,HIDDEN_404,"noindex,nofollow",no,alternatives_graph_gate:source product not published|need ≥3 alternatives (have 0)|need ≥2 distinct alternative types|need meaningful unique reasons on ≥3 alts|need switch/trade-off decision shape on ≥2 alts
/products/nox-nox-pickup-tube,product,prod-nox-nox-pickup-tube,nox-nox-pickup-tube,HIDDEN_404,"noindex,nofollow",no,not_production_exposed:draft
/products/nox-nox-pickup-tube/alternatives,alternatives,prod-nox-nox-pickup-tube,nox-nox-pickup-tube,HIDDEN_404,"noindex,nofollow",no,alternatives_graph_gate:source product not published|need ≥3 alternatives (have 0)|need ≥2 distinct alternative types|need meaningful unique reasons on ≥3 alts|need switch/trade-off decision shape on ≥2 alts
/products/nox-padel-wristband,product,prod-nox-wristband,nox-padel-wristband,HIDDEN_404,"noindex,nofollow",no,not_production_exposed:draft
/products/nox-padel-wristband/alternatives,alternatives,prod-nox-wristband,nox-padel-wristband,HIDDEN_404,"noindex,nofollow",no,alternatives_graph_gate:source product not published|need ≥3 alternatives (have 0)|need ≥2 distinct alternative types|need meaningful unique reasons on ≥3 alts|need switch/trade-off decision shape on ≥2 alts
/products/nox-pro-overgrip,product,prod-nox-pro-overgrip,nox-pro-overgrip,INDEXABLE,"index,follow",yes,decisionScore=100
/products/nox-pro-overgrip-perforated,product,prod-nox-pro-overgrip-perforated,nox-pro-overgrip-perforated,HIDDEN_404,"noindex,nofollow",no,not_production_exposed:draft
/products/nox-pro-overgrip-perforated/alternatives,alternatives,prod-nox-pro-overgrip-perforated,nox-pro-overgrip-perforated,HIDDEN_404,"noindex,nofollow",no,alternatives_graph_gate:source product not published|need ≥3 alternatives (have 0)|need ≥2 distinct alternative types|need meaningful unique reasons on ≥3 alts|need switch/trade-off decision shape on ≥2 alts
/products/nox-pro-overgrip/alternatives,alternatives,prod-nox-pro-overgrip,nox-pro-overgrip,PUBLIC_NOINDEX,"noindex,follow",no,alternatives_category_noindex|alternatives_ok_render
/products/nox-pro-series,product,prod-nox-pro-series,nox-pro-series,HIDDEN_404,"noindex,nofollow",no,not_production_exposed:draft
/products/nox-pro-series-backpack,product,prod-nox-pro-series-backpack,nox-pro-series-backpack,INDEXABLE,"index,follow",yes,decisionScore=90
/products/nox-pro-series-backpack/alternatives,alternatives,prod-nox-pro-series-backpack,nox-pro-series-backpack,PUBLIC_NOINDEX,"noindex,follow",no,alternatives_category_noindex|alternatives_ok_render
/products/nox-pro-series-padel-bag,product,prod-nox-pro-series-bag,nox-pro-series-padel-bag,HIDDEN_404,"noindex,nofollow",no,not_production_exposed:draft
/products/nox-pro-series-padel-bag/alternatives,alternatives,prod-nox-pro-series-bag,nox-pro-series-padel-bag,HIDDEN_404,"noindex,nofollow",no,alternatives_graph_gate:source product not published|need ≥3 alternatives (have 0)|need ≥2 distinct alternative types|need meaningful unique reasons on ≥3 alts|need switch/trade-off decision shape on ≥2 alts
/products/nox-pro-series/alternatives,alternatives,prod-nox-pro-series,nox-pro-series,HIDDEN_404,"noindex,nofollow",no,alternatives_graph_gate:source product not published|need ≥3 alternatives (have 0)|need ≥2 distinct alternative types|need meaningful unique reasons on ≥3 alts|need switch/trade-off decision shape on ≥2 alts
/products/nox-pro-titanium,product,prod-nox-pro-titanium,nox-pro-titanium,INDEXABLE,"index,follow",yes,decisionScore=90
/products/nox-pro-titanium/alternatives,alternatives,prod-nox-pro-titanium,nox-pro-titanium,PUBLIC_NOINDEX,"noindex,follow",no,alternatives_category_noindex|alternatives_ok_render
/products/nox-street-series,product,prod-nox-street-series,nox-street-series,HIDDEN_404,"noindex,nofollow",no,not_production_exposed:draft
/products/nox-street-series/alternatives,alternatives,prod-nox-street-series,nox-street-series,HIDDEN_404,"noindex,nofollow",no,alternatives_graph_gate:source product not published|need ≥3 alternatives (have 0)|need ≥2 distinct alternative types|need meaningful unique reasons on ≥3 alts|need switch/trade-off decision shape on ≥2 alts
/products/nox-texture-protector,product,prod-nox-texture-protector,nox-texture-protector,HIDDEN_404,"noindex,nofollow",no,not_production_exposed:draft
/products/nox-texture-protector/alternatives,alternatives,prod-nox-texture-protector,nox-texture-protector,HIDDEN_404,"noindex,nofollow",no,alternatives_graph_gate:source product not published|need ≥3 alternatives (have 0)|need ≥2 distinct alternative types|need meaningful unique reasons on ≥3 alts|need switch/trade-off decision shape on ≥2 alts
/products/nox-thermo-bag-10,product,prod-nox-bag-10,nox-thermo-bag-10,HIDDEN_404,"noindex,nofollow",no,not_production_exposed:draft
/products/nox-thermo-bag-10/alternatives,alternatives,prod-nox-bag-10,nox-thermo-bag-10,HIDDEN_404,"noindex,nofollow",no,alternatives_graph_gate:source product not published|need ≥3 alternatives (have 0)|need ≥2 distinct alternative types|need meaningful unique reasons on ≥3 alts|need switch/trade-off decision shape on ≥2 alts
/products/nox-transparent-frame-protector,product,prod-nox-frame-protector,nox-transparent-frame-protector,INDEXABLE,"index,follow",yes,decisionScore=100
/products/nox-transparent-frame-protector/alternatives,alternatives,prod-nox-frame-protector,nox-transparent-frame-protector,PUBLIC_NOINDEX,"noindex,follow",no,alternatives_category_noindex|alternatives_ok_render
/products/nox-transparent-protection-tape,product,prod-nox-transparent-protection-tape,nox-transparent-protection-tape,HIDDEN_404,"noindex,nofollow",no,not_production_exposed:draft
/products/nox-transparent-protection-tape/alternatives,alternatives,prod-nox-transparent-protection-tape,nox-transparent-protection-tape,HIDDEN_404,"noindex,nofollow",no,alternatives_graph_gate:source product not published|need ≥3 alternatives (have 0)|need ≥2 distinct alternative types|need meaningful unique reasons on ≥3 alts|need switch/trade-off decision shape on ≥2 alts
/products/nox-weight-balancer-2-4g,product,prod-nox-weight-balancer-2-4g,nox-weight-balancer-2-4g,INDEXABLE,"index,follow",yes,decisionScore=90
/products/nox-weight-balancer-2-4g/alternatives,alternatives,prod-nox-weight-balancer-2-4g,nox-weight-balancer-2-4g,PUBLIC_NOINDEX,"noindex,follow",no,alternatives_category_noindex|alternatives_ok_render
/products/osaka-osaka-overgrip,product,prod-osaka-osaka-overgrip,osaka-osaka-overgrip,HIDDEN_404,"noindex,nofollow",no,not_production_exposed:draft
/products/osaka-osaka-overgrip/alternatives,alternatives,prod-osaka-osaka-overgrip,osaka-osaka-overgrip,HIDDEN_404,"noindex,nofollow",no,alternatives_graph_gate:source product not published|need ≥3 alternatives (have 0)|need ≥2 distinct alternative types|need meaningful unique reasons on ≥3 alts|need switch/trade-off decision shape on ≥2 alts
/products/osaka-pro-tour,product,prod-osaka-pro-tour,osaka-pro-tour,INDEXABLE,"index,follow",yes,decisionScore=90
/products/osaka-pro-tour-duffel,product,prod-osaka-pro-tour-duffel,osaka-pro-tour-duffel,HIDDEN_404,"noindex,nofollow",no,not_production_exposed:draft
/products/osaka-pro-tour-duffel/alternatives,alternatives,prod-osaka-pro-tour-duffel,osaka-pro-tour-duffel,HIDDEN_404,"noindex,nofollow",no,alternatives_graph_gate:source product not published|need ≥3 alternatives (have 0)|need ≥2 distinct alternative types|need meaningful unique reasons on ≥3 alts|need switch/trade-off decision shape on ≥2 alts
/products/osaka-pro-tour/alternatives,alternatives,prod-osaka-pro-tour,osaka-pro-tour,PUBLIC_NOINDEX,"noindex,follow",no,alternatives_category_noindex|alternatives_ok_render
/products/osaka-sports-backpack,product,prod-osaka-sports-backpack,osaka-sports-backpack,HIDDEN_404,"noindex,nofollow",no,not_production_exposed:draft
/products/osaka-sports-backpack/alternatives,alternatives,prod-osaka-sports-backpack,osaka-sports-backpack,HIDDEN_404,"noindex,nofollow",no,alternatives_graph_gate:source product not published|need ≥3 alternatives (have 0)|need ≥2 distinct alternative types|need meaningful unique reasons on ≥3 alts|need switch/trade-off decision shape on ≥2 alts
/products/osaka-sports-padel-bag,product,prod-osaka-sports-padel-bag,osaka-sports-padel-bag,HIDDEN_404,"noindex,nofollow",no,not_production_exposed:draft
/products/osaka-sports-padel-bag/alternatives,alternatives,prod-osaka-sports-padel-bag,osaka-sports-padel-bag,HIDDEN_404,"noindex,nofollow",no,alternatives_graph_gate:source product not published|need ≥3 alternatives (have 0)|need ≥2 distinct alternative types|need meaningful unique reasons on ≥3 alts|need switch/trade-off decision shape on ≥2 alts
/products/osaka-vision,product,prod-osaka-vision,osaka-vision,INDEXABLE,"index,follow",yes,decisionScore=90
/products/osaka-vision/alternatives,alternatives,prod-osaka-vision,osaka-vision,PUBLIC_NOINDEX,"noindex,follow",no,alternatives_category_noindex|alternatives_ok_render
/products/oxdog-boost,product,prod-oxdog-boost,oxdog-boost,INDEXABLE,"index,follow",yes,decisionScore=100
/products/oxdog-boost/alternatives,alternatives,prod-oxdog-boost,oxdog-boost,PUBLIC_NOINDEX,"noindex,follow",no,alternatives_category_noindex|alternatives_ok_render
/products/oxdog-cube,product,prod-oxdog-cube,oxdog-cube,HIDDEN_404,"noindex,nofollow",no,not_production_exposed:draft
/products/oxdog-cube/alternatives,alternatives,prod-oxdog-cube,oxdog-cube,HIDDEN_404,"noindex,nofollow",no,alternatives_graph_gate:source product not published|need ≥3 alternatives (have 0)|need ≥2 distinct alternative types|need meaningful unique reasons on ≥3 alts|need switch/trade-off decision shape on ≥2 alts
/products/oxdog-gold-pro,product,prod-oxdog-gold-pro,oxdog-gold-pro,INDEXABLE,"index,follow",yes,decisionScore=90
/products/oxdog-gold-pro/alternatives,alternatives,prod-oxdog-gold-pro,oxdog-gold-pro,PUBLIC_NOINDEX,"noindex,follow",no,alternatives_category_noindex|alternatives_ok_render
/products/oxdog-gold-sticky,product,prod-oxdog-gold-sticky,oxdog-gold-sticky,INDEXABLE,"index,follow",yes,decisionScore=90
/products/oxdog-gold-sticky/alternatives,alternatives,prod-oxdog-gold-sticky,oxdog-gold-sticky,PUBLIC_NOINDEX,"noindex,follow",no,alternatives_category_noindex|alternatives_ok_render
/products/oxdog-hyper-court,product,prod-oxdog-hyper-court,oxdog-hyper-court,HIDDEN_404,"noindex,nofollow",no,not_production_exposed:draft
/products/oxdog-hyper-court/alternatives,alternatives,prod-oxdog-hyper-court,oxdog-hyper-court,HIDDEN_404,"noindex,nofollow",no,alternatives_graph_gate:source product not published|need ≥3 alternatives (have 0)|need ≥2 distinct alternative types|need meaningful unique reasons on ≥3 alts|need switch/trade-off decision shape on ≥2 alts
/products/oxdog-hyper-pro-thermo,product,prod-oxdog-hyper-pro-thermo,oxdog-hyper-pro-thermo,HIDDEN_404,"noindex,nofollow",no,not_production_exposed:draft
/products/oxdog-hyper-pro-thermo/alternatives,alternatives,prod-oxdog-hyper-pro-thermo,oxdog-hyper-pro-thermo,HIDDEN_404,"noindex,nofollow",no,alternatives_graph_gate:source product not published|need ≥3 alternatives (have 0)|need ≥2 distinct alternative types|need meaningful unique reasons on ≥3 alts|need switch/trade-off decision shape on ≥2 alts
/products/oxdog-hyper-tour-thermo-backpack,product,prod-oxdog-hyper-tour-thermo-backpack,oxdog-hyper-tour-thermo-backpack,INDEXABLE,"index,follow",yes,decisionScore=90
/products/oxdog-hyper-tour-thermo-backpack/alternatives,alternatives,prod-oxdog-hyper-tour-thermo-backpack,oxdog-hyper-tour-thermo-backpack,PUBLIC_NOINDEX,"noindex,follow",no,alternatives_category_noindex|alternatives_ok_render
/products/oxdog-no1,product,prod-oxdog-no1,oxdog-no1,HIDDEN_404,"noindex,nofollow",no,not_production_exposed:draft
/products/oxdog-no1/alternatives,alternatives,prod-oxdog-no1,oxdog-no1,HIDDEN_404,"noindex,nofollow",no,alternatives_graph_gate:source product not published|need ≥3 alternatives (have 0)|need ≥2 distinct alternative types|need meaningful unique reasons on ≥3 alts|need switch/trade-off decision shape on ≥2 alts
/products/oxdog-sense-pro,product,prod-oxdog-sense-pro-2026,oxdog-sense-pro,INDEXABLE,"index,follow",yes,decisionScore=100
/products/oxdog-sense-pro/alternatives,alternatives,prod-oxdog-sense-pro-2026,oxdog-sense-pro,INDEXABLE,"index,follow",yes,alternatives_ok|editorial_ready
/products/oxdog-x-padel-pro-thermo,product,prod-oxdog-x-padel-pro-thermo,oxdog-x-padel-pro-thermo,HIDDEN_404,"noindex,nofollow",no,not_production_exposed:draft
/products/oxdog-x-padel-pro-thermo/alternatives,alternatives,prod-oxdog-x-padel-pro-thermo,oxdog-x-padel-pro-thermo,HIDDEN_404,"noindex,nofollow",no,alternatives_graph_gate:source product not published|need ≥3 alternatives (have 0)|need ≥2 distinct alternative types|need meaningful unique reasons on ≥3 alts|need switch/trade-off decision shape on ≥2 alts
/products/pallap-competition-01,product,prod-pallap-competition-01,pallap-competition-01,HIDDEN_404,"noindex,nofollow",no,not_production_exposed:draft
/products/pallap-competition-01/alternatives,alternatives,prod-pallap-competition-01,pallap-competition-01,HIDDEN_404,"noindex,nofollow",no,alternatives_graph_gate:source product not published|need ≥3 alternatives (have 0)|need ≥2 distinct alternative types|need meaningful unique reasons on ≥3 alts|need switch/trade-off decision shape on ≥2 alts
/products/pascal-box-compressor,product,prod-pascal-box-compressor,pascal-box-compressor,HIDDEN_404,"noindex,nofollow",no,not_production_exposed:draft
/products/pascal-box-compressor-pro,product,prod-pascal-box-compressor-pro,pascal-box-compressor-pro,HIDDEN_404,"noindex,nofollow",no,not_production_exposed:draft
/products/pascal-box-compressor-pro/alternatives,alternatives,prod-pascal-box-compressor-pro,pascal-box-compressor-pro,HIDDEN_404,"noindex,nofollow",no,alternatives_graph_gate:source product not published|need ≥3 alternatives (have 0)|need ≥2 distinct alternative types|need meaningful unique reasons on ≥3 alts|need switch/trade-off decision shape on ≥2 alts
/products/pascal-box-compressor/alternatives,alternatives,prod-pascal-box-compressor,pascal-box-compressor,HIDDEN_404,"noindex,nofollow",no,alternatives_graph_gate:source product not published|need ≥3 alternatives (have 0)|need ≥2 distinct alternative types|need meaningful unique reasons on ≥3 alts|need switch/trade-off decision shape on ≥2 alts
/products/royal-padel-force,product,prod-royal-padel-force,royal-padel-force,INDEXABLE,"index,follow",yes,decisionScore=100
/products/royal-padel-force/alternatives,alternatives,prod-royal-padel-force,royal-padel-force,PUBLIC_NOINDEX,"noindex,follow",no,alternatives_category_noindex|alternatives_ok_render
/products/royal-padel-m27-poly-2026,product,prod-royal-padel-rp-m27-2026,royal-padel-m27-poly-2026,HIDDEN_404,"noindex,nofollow",no,not_production_exposed:draft
/products/royal-padel-m27-poly-2026/alternatives,alternatives,prod-royal-padel-rp-m27-2026,royal-padel-m27-poly-2026,HIDDEN_404,"noindex,nofollow",no,alternatives_graph_gate:source product not published
/products/royal-padel-royal-overgrip,product,prod-royal-padel-royal-overgrip,royal-padel-royal-overgrip,INDEXABLE,"index,follow",yes,decisionScore=90
/products/royal-padel-royal-overgrip/alternatives,alternatives,prod-royal-padel-royal-overgrip,royal-padel-royal-overgrip,PUBLIC_NOINDEX,"noindex,follow",no,alternatives_category_noindex|alternatives_ok_render
/products/rs-champions-choice,product,prod-rs-champions-choice,rs-champions-choice,INDEXABLE,"index,follow",yes,decisionScore=90
/products/rs-champions-choice/alternatives,alternatives,prod-rs-champions-choice,rs-champions-choice,PUBLIC_NOINDEX,"noindex,follow",no,alternatives_category_noindex|alternatives_ok_render
/products/rs-nova-x,product,prod-rs-nova-x,rs-nova-x,INDEXABLE,"index,follow",yes,decisionScore=90
/products/rs-nova-x/alternatives,alternatives,prod-rs-nova-x,rs-nova-x,PUBLIC_NOINDEX,"noindex,follow",no,alternatives_category_noindex|alternatives_ok_render
/products/rs-pro-padel-bag,product,prod-rs-pro-padel-bag,rs-pro-padel-bag,HIDDEN_404,"noindex,nofollow",no,not_production_exposed:draft
/products/rs-pro-padel-bag/alternatives,alternatives,prod-rs-pro-padel-bag,rs-pro-padel-bag,HIDDEN_404,"noindex,nofollow",no,alternatives_graph_gate:source product not published|need ≥3 alternatives (have 0)|need ≥2 distinct alternative types|need meaningful unique reasons on ≥3 alts|need switch/trade-off decision shape on ≥2 alts
/products/rs-pro-tour-overgrip,product,prod-rs-pro-tour-overgrip,rs-pro-tour-overgrip,HIDDEN_404,"noindex,nofollow",no,not_production_exposed:draft
/products/rs-pro-tour-overgrip/alternatives,alternatives,prod-rs-pro-tour-overgrip,rs-pro-tour-overgrip,HIDDEN_404,"noindex,nofollow",no,alternatives_graph_gate:source product not published|need ≥3 alternatives (have 0)|need ≥2 distinct alternative types|need meaningful unique reasons on ≥3 alts|need switch/trade-off decision shape on ≥2 alts
/products/sane-core,product,prod-sane-core,sane-core,HIDDEN_404,"noindex,nofollow",no,not_production_exposed:draft
/products/sane-core-overgrip,product,prod-sane-core-overgrip,sane-core-overgrip,HIDDEN_404,"noindex,nofollow",no,not_production_exposed:draft
/products/sane-core-overgrip/alternatives,alternatives,prod-sane-core-overgrip,sane-core-overgrip,HIDDEN_404,"noindex,nofollow",no,alternatives_graph_gate:source product not published|need ≥3 alternatives (have 0)|need ≥2 distinct alternative types|need meaningful unique reasons on ≥3 alts|need switch/trade-off decision shape on ≥2 alts
/products/sane-core/alternatives,alternatives,prod-sane-core,sane-core,HIDDEN_404,"noindex,nofollow",no,alternatives_graph_gate:source product not published|need ≥3 alternatives (have 0)|need ≥2 distinct alternative types|need meaningful unique reasons on ≥3 alts|need switch/trade-off decision shape on ≥2 alts
/products/sane-everyday,product,prod-sane-everyday,sane-everyday,HIDDEN_404,"noindex,nofollow",no,not_production_exposed:draft
/products/sane-everyday/alternatives,alternatives,prod-sane-everyday,sane-everyday,HIDDEN_404,"noindex,nofollow",no,alternatives_graph_gate:source product not published|need ≥3 alternatives (have 0)|need ≥2 distinct alternative types|need meaningful unique reasons on ≥3 alts|need switch/trade-off decision shape on ≥2 alts
/products/sane-feel,product,prod-sane-feel,sane-feel,HIDDEN_404,"noindex,nofollow",no,not_production_exposed:draft
/products/sane-feel/alternatives,alternatives,prod-sane-feel,sane-feel,HIDDEN_404,"noindex,nofollow",no,alternatives_graph_gate:source product not published|need ≥3 alternatives (have 0)|need ≥2 distinct alternative types|need meaningful unique reasons on ≥3 alts|need switch/trade-off decision shape on ≥2 alts
/products/sane-nitro,product,prod-sane-nitro,sane-nitro,HIDDEN_404,"noindex,nofollow",no,not_production_exposed:draft
/products/sane-nitro/alternatives,alternatives,prod-sane-nitro,sane-nitro,HIDDEN_404,"noindex,nofollow",no,alternatives_graph_gate:source product not published|need ≥3 alternatives (have 0)|need ≥2 distinct alternative types|need meaningful unique reasons on ≥3 alts|need switch/trade-off decision shape on ≥2 alts
/products/sane-pro-elegance,product,prod-sane-pro-elegance,sane-pro-elegance,HIDDEN_404,"noindex,nofollow",no,not_production_exposed:draft
/products/sane-pro-elegance/alternatives,alternatives,prod-sane-pro-elegance,sane-pro-elegance,HIDDEN_404,"noindex,nofollow",no,alternatives_graph_gate:source product not published|need ≥3 alternatives (have 0)|need ≥2 distinct alternative types|need meaningful unique reasons on ≥3 alts|need switch/trade-off decision shape on ≥2 alts
/products/sane-pro-sport,product,prod-sane-pro-sport,sane-pro-sport,HIDDEN_404,"noindex,nofollow",no,not_production_exposed:draft
/products/sane-pro-sport/alternatives,alternatives,prod-sane-pro-sport,sane-pro-sport,HIDDEN_404,"noindex,nofollow",no,alternatives_graph_gate:source product not published|need ≥3 alternatives (have 0)|need ≥2 distinct alternative types|need meaningful unique reasons on ≥3 alts|need switch/trade-off decision shape on ≥2 alts
/products/sane-spin-premium,product,prod-sane-spin-premium,sane-spin-premium,HIDDEN_404,"noindex,nofollow",no,not_production_exposed:draft
/products/sane-spin-premium/alternatives,alternatives,prod-sane-spin-premium,sane-spin-premium,HIDDEN_404,"noindex,nofollow",no,alternatives_graph_gate:source product not published|need ≥3 alternatives (have 0)|need ≥2 distinct alternative types|need meaningful unique reasons on ≥3 alts|need switch/trade-off decision shape on ≥2 alts
/products/shockout-100-0062-combo,product,prod-shockout-100-0062-combo,shockout-100-0062-combo,HIDDEN_404,"noindex,nofollow",no,not_production_exposed:draft
/products/shockout-100-0062-combo/alternatives,alternatives,prod-shockout-100-0062-combo,shockout-100-0062-combo,HIDDEN_404,"noindex,nofollow",no,alternatives_graph_gate:source product not published|need ≥3 alternatives (have 0)|need ≥2 distinct alternative types|need meaningful unique reasons on ≥3 alts|need switch/trade-off decision shape on ≥2 alts
/products/shockout-dual-pro,product,prod-shockout-dual-pro,shockout-dual-pro,HIDDEN_404,"noindex,nofollow",no,not_production_exposed:draft
/products/shockout-dual-pro/alternatives,alternatives,prod-shockout-dual-pro,shockout-dual-pro,HIDDEN_404,"noindex,nofollow",no,alternatives_graph_gate:source product not published|need ≥3 alternatives (have 0)|need ≥2 distinct alternative types|need meaningful unique reasons on ≥3 alts|need switch/trade-off decision shape on ≥2 alts
/products/shockout-gravity,product,prod-shockout-gravity,shockout-gravity,INDEXABLE,"index,follow",yes,decisionScore=90
/products/shockout-gravity/alternatives,alternatives,prod-shockout-gravity,shockout-gravity,PUBLIC_NOINDEX,"noindex,follow",no,alternatives_category_noindex|alternatives_ok_render
/products/shockout-padel-balls-design,product,prod-shockout-padel-balls-design,shockout-padel-balls-design,HIDDEN_404,"noindex,nofollow",no,not_production_exposed:draft
/products/shockout-padel-balls-design/alternatives,alternatives,prod-shockout-padel-balls-design,shockout-padel-balls-design,HIDDEN_404,"noindex,nofollow",no,alternatives_graph_gate:source product not published|need ≥3 alternatives (have 0)|need ≥2 distinct alternative types|need meaningful unique reasons on ≥3 alts|need switch/trade-off decision shape on ≥2 alts
/products/shockout-shockout,product,prod-shockout-shockout,shockout-shockout,HIDDEN_404,"noindex,nofollow",no,not_production_exposed:draft
/products/shockout-shockout-overgrip,product,prod-shockout-shockout-overgrip,shockout-shockout-overgrip,HIDDEN_404,"noindex,nofollow",no,not_production_exposed:draft
/products/shockout-shockout-overgrip/alternatives,alternatives,prod-shockout-shockout-overgrip,shockout-shockout-overgrip,HIDDEN_404,"noindex,nofollow",no,alternatives_graph_gate:source product not published|need ≥3 alternatives (have 0)|need ≥2 distinct alternative types|need meaningful unique reasons on ≥3 alts|need switch/trade-off decision shape on ≥2 alts
/products/shockout-shockout-perforated,product,prod-shockout-shockout-perforated,shockout-shockout-perforated,HIDDEN_404,"noindex,nofollow",no,not_production_exposed:draft
/products/shockout-shockout-perforated/alternatives,alternatives,prod-shockout-shockout-perforated,shockout-shockout-perforated,HIDDEN_404,"noindex,nofollow",no,alternatives_graph_gate:source product not published|need ≥3 alternatives (have 0)|need ≥2 distinct alternative types|need meaningful unique reasons on ≥3 alts|need switch/trade-off decision shape on ≥2 alts
/products/shockout-shockout-protector,product,prod-shockout-shockout-protector,shockout-shockout-protector,HIDDEN_404,"noindex,nofollow",no,not_production_exposed:draft
/products/shockout-shockout-protector/alternatives,alternatives,prod-shockout-shockout-protector,shockout-shockout-protector,HIDDEN_404,"noindex,nofollow",no,alternatives_graph_gate:source product not published|need ≥3 alternatives (have 0)|need ≥2 distinct alternative types|need meaningful unique reasons on ≥3 alts|need switch/trade-off decision shape on ≥2 alts
/products/shockout-shockout/alternatives,alternatives,prod-shockout-shockout,shockout-shockout,HIDDEN_404,"noindex,nofollow",no,alternatives_graph_gate:source product not published|need ≥3 alternatives (have 0)|need ≥2 distinct alternative types|need meaningful unique reasons on ≥3 alts|need switch/trade-off decision shape on ≥2 alts
/products/siux-comodo-woman,product,prod-siux-comodo-woman,siux-comodo-woman,HIDDEN_404,"noindex,nofollow",no,not_production_exposed:draft
/products/siux-comodo-woman/alternatives,alternatives,prod-siux-comodo-woman,siux-comodo-woman,HIDDEN_404,"noindex,nofollow",no,alternatives_graph_gate:source product not published|need ≥3 alternatives (have 0)|need ≥2 distinct alternative types|need meaningful unique reasons on ≥3 alts|need switch/trade-off decision shape on ≥2 alts
/products/siux-diablo-pro-2026,product,prod-siux-diablo,siux-diablo-pro-2026,INDEXABLE,"index,follow",yes,decisionScore=100
/products/siux-diablo-pro-2026/alternatives,alternatives,prod-siux-diablo,siux-diablo-pro-2026,INDEXABLE,"index,follow",yes,alternatives_ok|editorial_ready
/products/siux-diablo-pro-padel,product,prod-siux-diablo-pro,siux-diablo-pro-padel,HIDDEN_404,"noindex,nofollow",no,not_production_exposed:draft
/products/siux-diablo-pro-padel/alternatives,alternatives,prod-siux-diablo-pro,siux-diablo-pro-padel,HIDDEN_404,"noindex,nofollow",no,alternatives_graph_gate:source product not published|need ≥3 alternatives (have 0)|need ≥2 distinct alternative types|need meaningful unique reasons on ≥3 alts|need switch/trade-off decision shape on ≥2 alts
/products/siux-electra-pro-2026,product,prod-siux-electra,siux-electra-pro-2026,INDEXABLE,"index,follow",yes,decisionScore=90
/products/siux-electra-pro-2026/alternatives,alternatives,prod-siux-electra,siux-electra-pro-2026,INDEXABLE,"index,follow",yes,alternatives_ok|editorial_ready
/products/siux-electra-stupa-2026,product,prod-siux-electra-stupa-2026,siux-electra-stupa-2026,INDEXABLE,"index,follow",yes,decisionScore=90
/products/siux-electra-stupa-2026/alternatives,alternatives,prod-siux-electra-stupa-2026,siux-electra-stupa-2026,PUBLIC_NOINDEX,"noindex,follow",no,alternatives_category_noindex|alternatives_ok_render
/products/siux-elite,product,prod-siux-elite,siux-elite,HIDDEN_404,"noindex,nofollow",no,not_production_exposed:draft
/products/siux-elite-overgrip,product,prod-siux-elite-overgrip,siux-elite-overgrip,INDEXABLE,"index,follow",yes,decisionScore=90
/products/siux-elite-overgrip/alternatives,alternatives,prod-siux-elite-overgrip,siux-elite-overgrip,PUBLIC_NOINDEX,"noindex,follow",no,alternatives_category_noindex|alternatives_ok_render
/products/siux-elite/alternatives,alternatives,prod-siux-elite,siux-elite,HIDDEN_404,"noindex,nofollow",no,alternatives_graph_gate:source product not published|need ≥3 alternatives (have 0)|need ≥2 distinct alternative types|need meaningful unique reasons on ≥3 alts|need switch/trade-off decision shape on ≥2 alts
/products/siux-fenix-pro-2026,product,prod-siux-fenix,siux-fenix-pro-2026,INDEXABLE,"index,follow",yes,decisionScore=90
/products/siux-fenix-pro-2026/alternatives,alternatives,prod-siux-fenix,siux-fenix-pro-2026,INDEXABLE,"index,follow",yes,alternatives_ok|editorial_ready
/products/siux-neo,product,prod-siux-neo,siux-neo,INDEXABLE,"index,follow",yes,decisionScore=90
/products/siux-neo-speed,product,prod-siux-neo-speed,siux-neo-speed,HIDDEN_404,"noindex,nofollow",no,not_production_exposed:draft
/products/siux-neo-speed-neo-s,product,prod-siux-neo-speed-neo-s,siux-neo-speed-neo-s,INDEXABLE,"index,follow",yes,decisionScore=90
/products/siux-neo-speed-neo-s/alternatives,alternatives,prod-siux-neo-speed-neo-s,siux-neo-speed-neo-s,PUBLIC_NOINDEX,"noindex,follow",no,alternatives_category_noindex|alternatives_ok_render
/products/siux-neo-speed/alternatives,alternatives,prod-siux-neo-speed,siux-neo-speed,HIDDEN_404,"noindex,nofollow",no,alternatives_graph_gate:source product not published|need ≥3 alternatives (have 0)|need ≥2 distinct alternative types|need meaningful unique reasons on ≥3 alts|need switch/trade-off decision shape on ≥2 alts
/products/siux-neo/alternatives,alternatives,prod-siux-neo,siux-neo,PUBLIC_NOINDEX,"noindex,follow",no,alternatives_category_noindex|alternatives_ok_render
/products/siux-nomad,product,prod-siux-nomad,siux-nomad,INDEXABLE,"index,follow",yes,decisionScore=100
/products/siux-nomad/alternatives,alternatives,prod-siux-nomad,siux-nomad,PUBLIC_NOINDEX,"noindex,follow",no,alternatives_category_noindex|alternatives_ok_render
/products/siux-padel-paletero,product,prod-siux-paletero,siux-padel-paletero,HIDDEN_404,"noindex,nofollow",no,not_production_exposed:draft
/products/siux-padel-paletero/alternatives,alternatives,prod-siux-paletero,siux-padel-paletero,HIDDEN_404,"noindex,nofollow",no,alternatives_graph_gate:source product not published|need ≥3 alternatives (have 0)|need ≥2 distinct alternative types|need meaningful unique reasons on ≥3 alts|need switch/trade-off decision shape on ≥2 alts
/products/siux-siux-logo-transparent,product,prod-siux-siux-logo-transparent,siux-siux-logo-transparent,HIDDEN_404,"noindex,nofollow",no,not_production_exposed:draft
/products/siux-siux-logo-transparent/alternatives,alternatives,prod-siux-siux-logo-transparent,siux-siux-logo-transparent,HIDDEN_404,"noindex,nofollow",no,alternatives_graph_gate:source product not published|need ≥3 alternatives (have 0)|need ≥2 distinct alternative types|need meaningful unique reasons on ≥3 alts|need switch/trade-off decision shape on ≥2 alts
/products/siux-tour,product,prod-siux-tour,siux-tour,INDEXABLE,"index,follow",yes,decisionScore=100
/products/siux-tour/alternatives,alternatives,prod-siux-tour,siux-tour,PUBLIC_NOINDEX,"noindex,follow",no,alternatives_category_noindex|alternatives_ok_render
/products/siux-trail,product,prod-siux-trail,siux-trail,INDEXABLE,"index,follow",yes,decisionScore=100
/products/siux-trail/alternatives,alternatives,prod-siux-trail,siux-trail,PUBLIC_NOINDEX,"noindex,follow",no,alternatives_category_noindex|alternatives_ok_render
/products/slazenger-challenge-no-1,product,prod-slazenger-challenge-no-1,slazenger-challenge-no-1,HIDDEN_404,"noindex,nofollow",no,not_production_exposed:draft
/products/slazenger-challenge-no-1/alternatives,alternatives,prod-slazenger-challenge-no-1,slazenger-challenge-no-1,HIDDEN_404,"noindex,nofollow",no,alternatives_graph_gate:source product not published|need ≥3 alternatives (have 0)|need ≥2 distinct alternative types|need meaningful unique reasons on ≥3 alts|need switch/trade-off decision shape on ≥2 alts
/products/softee-cube-pro,product,prod-softee-cube-pro,softee-cube-pro,HIDDEN_404,"noindex,nofollow",no,not_production_exposed:draft
/products/softee-cube-pro/alternatives,alternatives,prod-softee-cube-pro,softee-cube-pro,HIDDEN_404,"noindex,nofollow",no,alternatives_graph_gate:source product not published|need ≥3 alternatives (have 0)|need ≥2 distinct alternative types|need meaningful unique reasons on ≥3 alts|need switch/trade-off decision shape on ≥2 alts
/products/softee-max-tube,product,prod-softee-max-tube,softee-max-tube,HIDDEN_404,"noindex,nofollow",no,not_production_exposed:draft
/products/softee-max-tube/alternatives,alternatives,prod-softee-max-tube,softee-max-tube,HIDDEN_404,"noindex,nofollow",no,alternatives_graph_gate:source product not published|need ≥3 alternatives (have 0)|need ≥2 distinct alternative types|need meaningful unique reasons on ≥3 alts|need switch/trade-off decision shape on ≥2 alts
/products/softee-press-pro-x3,product,prod-softee-press-pro-x3,softee-press-pro-x3,HIDDEN_404,"noindex,nofollow",no,not_production_exposed:draft
/products/softee-press-pro-x3/alternatives,alternatives,prod-softee-press-pro-x3,softee-press-pro-x3,HIDDEN_404,"noindex,nofollow",no,alternatives_graph_gate:source product not published|need ≥3 alternatives (have 0)|need ≥2 distinct alternative types|need meaningful unique reasons on ≥3 alts|need switch/trade-off decision shape on ≥2 alts
/products/softee-softee-basket,product,prod-softee-softee-basket,softee-softee-basket,HIDDEN_404,"noindex,nofollow",no,not_production_exposed:draft
/products/softee-softee-basket/alternatives,alternatives,prod-softee-softee-basket,softee-softee-basket,HIDDEN_404,"noindex,nofollow",no,alternatives_graph_gate:source product not published|need ≥3 alternatives (have 0)|need ≥2 distinct alternative types|need meaningful unique reasons on ≥3 alts|need switch/trade-off decision shape on ≥2 alts
/products/softee-softee-protector,product,prod-softee-softee-protector,softee-softee-protector,INDEXABLE,"index,follow",yes,decisionScore=90
/products/softee-softee-protector/alternatives,alternatives,prod-softee-softee-protector,softee-softee-protector,PUBLIC_NOINDEX,"noindex,follow",no,alternatives_category_noindex|alternatives_ok_render
/products/starvie-absolute-padel,product,prod-starvie-absolute-padel,starvie-absolute-padel,HIDDEN_404,"noindex,nofollow",no,not_production_exposed:draft
/products/starvie-absolute-padel/alternatives,alternatives,prod-starvie-absolute-padel,starvie-absolute-padel,HIDDEN_404,"noindex,nofollow",no,alternatives_graph_gate:source product not published|need ≥3 alternatives (have 0)|need ≥2 distinct alternative types|need meaningful unique reasons on ≥3 alts|need switch/trade-off decision shape on ≥2 alts
/products/starvie-astrum-plus-2026,product,prod-starvie-astrum,starvie-astrum-plus-2026,INDEXABLE,"index,follow",yes,decisionScore=90
/products/starvie-astrum-plus-2026/alternatives,alternatives,prod-starvie-astrum,starvie-astrum-plus-2026,INDEXABLE,"index,follow",yes,alternatives_ok|editorial_ready
/products/starvie-basalto-osiris,product,prod-starvie-basalto-osiris,starvie-basalto-osiris,INDEXABLE,"index,follow",yes,decisionScore=100
/products/starvie-basalto-osiris/alternatives,alternatives,prod-starvie-basalto-osiris,starvie-basalto-osiris,INDEXABLE,"index,follow",yes,alternatives_ok|editorial_ready
/products/starvie-hard-eva,product,prod-starvie-hard-eva,starvie-hard-eva,INDEXABLE,"index,follow",yes,decisionScore=90
/products/starvie-hard-eva-backpack,product,prod-starvie-hard-eva-backpack,starvie-hard-eva-backpack,INDEXABLE,"index,follow",yes,decisionScore=90
/products/starvie-hard-eva-backpack/alternatives,alternatives,prod-starvie-hard-eva-backpack,starvie-hard-eva-backpack,PUBLIC_NOINDEX,"noindex,follow",no,alternatives_category_noindex|alternatives_ok_render
/products/starvie-hard-eva/alternatives,alternatives,prod-starvie-hard-eva,starvie-hard-eva,PUBLIC_NOINDEX,"noindex,follow",no,alternatives_category_noindex|alternatives_ok_render
/products/starvie-premier-soft,product,prod-starvie-premier-soft,starvie-premier-soft,INDEXABLE,"index,follow",yes,decisionScore=90
/products/starvie-premier-soft/alternatives,alternatives,prod-starvie-premier-soft,starvie-premier-soft,PUBLIC_NOINDEX,"noindex,follow",no,alternatives_category_noindex|alternatives_ok_render
/products/starvie-pro-master,product,prod-starvie-pro-master,starvie-pro-master,INDEXABLE,"index,follow",yes,decisionScore=100
/products/starvie-pro-master/alternatives,alternatives,prod-starvie-pro-master,starvie-pro-master,PUBLIC_NOINDEX,"noindex,follow",no,alternatives_category_noindex|alternatives_ok_render
/products/starvie-tacky-touch,product,prod-starvie-tacky-touch,starvie-tacky-touch,HIDDEN_404,"noindex,nofollow",no,not_production_exposed:draft
/products/starvie-tacky-touch/alternatives,alternatives,prod-starvie-tacky-touch,starvie-tacky-touch,HIDDEN_404,"noindex,nofollow",no,alternatives_graph_gate:source product not published|need ≥3 alternatives (have 0)|need ≥2 distinct alternative types|need meaningful unique reasons on ≥3 alts|need switch/trade-off decision shape on ≥2 alts
/products/starvie-tactic-pro,product,prod-starvie-tactic-pro,starvie-tactic-pro,INDEXABLE,"index,follow",yes,decisionScore=90
/products/starvie-tactic-pro/alternatives,alternatives,prod-starvie-tactic-pro,starvie-tactic-pro,PUBLIC_NOINDEX,"noindex,follow",no,alternatives_category_noindex|alternatives_ok_render
/products/starvie-titania-kepler,product,prod-starvie-titania-kepler,starvie-titania-kepler,INDEXABLE,"index,follow",yes,decisionScore=100
/products/starvie-titania-kepler/alternatives,alternatives,prod-starvie-titania-kepler,starvie-titania-kepler,INDEXABLE,"index,follow",yes,alternatives_ok|editorial_ready
/products/starvie-transparent-protector-2026,product,prod-starvie-transparent-protector-2026,starvie-transparent-protector-2026,INDEXABLE,"index,follow",yes,decisionScore=90
/products/starvie-transparent-protector-2026/alternatives,alternatives,prod-starvie-transparent-protector-2026,starvie-transparent-protector-2026,PUBLIC_NOINDEX,"noindex,follow",no,alternatives_category_noindex|alternatives_ok_render
/products/tecnifibre-contact-pro,product,prod-tecnifibre-contact-pro,tecnifibre-contact-pro,HIDDEN_404,"noindex,nofollow",no,not_production_exposed:draft
/products/tecnifibre-contact-pro/alternatives,alternatives,prod-tecnifibre-contact-pro,tecnifibre-contact-pro,HIDDEN_404,"noindex,nofollow",no,alternatives_graph_gate:source product not published|need ≥3 alternatives (have 0)|need ≥2 distinct alternative types|need meaningful unique reasons on ≥3 alts|need switch/trade-off decision shape on ≥2 alts
/products/tecnifibre-padel-team-balls,product,prod-tecnifibre-padel-team,tecnifibre-padel-team-balls,INDEXABLE,"index,follow",yes,decisionScore=100
/products/tecnifibre-padel-team-balls/alternatives,alternatives,prod-tecnifibre-padel-team,tecnifibre-padel-team-balls,PUBLIC_NOINDEX,"noindex,follow",no,alternatives_category_noindex|alternatives_ok_render
/products/tecnifibre-padel-tour,product,prod-tecnifibre-padel-tour,tecnifibre-padel-tour,INDEXABLE,"index,follow",yes,decisionScore=90
/products/tecnifibre-padel-tour/alternatives,alternatives,prod-tecnifibre-padel-tour,tecnifibre-padel-tour,PUBLIC_NOINDEX,"noindex,follow",no,alternatives_category_noindex|alternatives_ok_render
/products/tecnifibre-players-pro-feel,product,prod-tecnifibre-players-pro-feel,tecnifibre-players-pro-feel,INDEXABLE,"index,follow",yes,decisionScore=90
/products/tecnifibre-players-pro-feel/alternatives,alternatives,prod-tecnifibre-players-pro-feel,tecnifibre-players-pro-feel,PUBLIC_NOINDEX,"noindex,follow",no,alternatives_category_noindex|alternatives_ok_render
/products/tecnifibre-pro-contact,product,prod-tecnifibre-pro-contact,tecnifibre-pro-contact,HIDDEN_404,"noindex,nofollow",no,not_production_exposed:draft
/products/tecnifibre-pro-contact/alternatives,alternatives,prod-tecnifibre-pro-contact,tecnifibre-pro-contact,HIDDEN_404,"noindex,nofollow",no,alternatives_graph_gate:source product not published|need ≥3 alternatives (have 0)|need ≥2 distinct alternative types|need meaningful unique reasons on ≥3 alts|need switch/trade-off decision shape on ≥2 alts
/products/tecnifibre-tour-endurance-bag,product,prod-tecnifibre-tour-endurance-bag,tecnifibre-tour-endurance-bag,INDEXABLE,"index,follow",yes,decisionScore=90
/products/tecnifibre-tour-endurance-bag/alternatives,alternatives,prod-tecnifibre-tour-endurance-bag,tecnifibre-tour-endurance-bag,PUBLIC_NOINDEX,"noindex,follow",no,alternatives_category_noindex|alternatives_ok_render
/products/tecnifibre-tour-endurance-padel-backpack,product,prod-tecnifibre-tour-endurance-backpack,tecnifibre-tour-endurance-padel-backpack,INDEXABLE,"index,follow",yes,decisionScore=100
/products/tecnifibre-tour-endurance-padel-backpack/alternatives,alternatives,prod-tecnifibre-tour-endurance-backpack,tecnifibre-tour-endurance-padel-backpack,PUBLIC_NOINDEX,"noindex,follow",no,alternatives_category_noindex|alternatives_ok_render
/products/tecnifibre-tour-endurance-ultra,product,prod-tecnifibre-tour-endurance-ultra,tecnifibre-tour-endurance-ultra,HIDDEN_404,"noindex,nofollow",no,not_production_exposed:draft
/products/tecnifibre-tour-endurance-ultra/alternatives,alternatives,prod-tecnifibre-tour-endurance-ultra,tecnifibre-tour-endurance-ultra,HIDDEN_404,"noindex,nofollow",no,alternatives_graph_gate:source product not published|need ≥3 alternatives (have 0)|need ≥2 distinct alternative types|need meaningful unique reasons on ≥3 alts|need switch/trade-off decision shape on ≥2 alts
/products/tecnifibre-wall-breaker-365,product,prod-tecnifibre-wall-breaker-365-2026,tecnifibre-wall-breaker-365,INDEXABLE,"index,follow",yes,decisionScore=100
/products/tecnifibre-wall-breaker-365/alternatives,alternatives,prod-tecnifibre-wall-breaker-365-2026,tecnifibre-wall-breaker-365,INDEXABLE,"index,follow",yes,alternatives_ok|editorial_ready
/products/tecnifibre-wall-shooter,product,prod-tecnifibre-t-fight-padel,tecnifibre-wall-shooter,HIDDEN_404,"noindex,nofollow",no,not_production_exposed:draft
/products/tecnifibre-wall-shooter/alternatives,alternatives,prod-tecnifibre-t-fight-padel,tecnifibre-wall-shooter,HIDDEN_404,"noindex,nofollow",no,alternatives_graph_gate:source product not published|need ≥3 alternatives (have 0)|need ≥2 distinct alternative types|need meaningful unique reasons on ≥3 alts|need switch/trade-off decision shape on ≥2 alts
/products/tecnifibre-x-one,product,prod-tecnifibre-x-one,tecnifibre-x-one,HIDDEN_404,"noindex,nofollow",no,not_production_exposed:draft
/products/tecnifibre-x-one/alternatives,alternatives,prod-tecnifibre-x-one,tecnifibre-x-one,HIDDEN_404,"noindex,nofollow",no,alternatives_graph_gate:source product not published|need ≥3 alternatives (have 0)|need ≥2 distinct alternative types|need meaningful unique reasons on ≥3 alts|need switch/trade-off decision shape on ≥2 alts
/products/tourna-grip-xl,product,prod-tourna-grip-xl,tourna-grip-xl,HIDDEN_404,"noindex,nofollow",no,not_production_exposed:draft
/products/tourna-grip-xl/alternatives,alternatives,prod-tourna-grip-xl,tourna-grip-xl,HIDDEN_404,"noindex,nofollow",no,alternatives_graph_gate:source product not published|need ≥3 alternatives (have 0)|need ≥2 distinct alternative types|need meaningful unique reasons on ≥3 alts|need switch/trade-off decision shape on ≥2 alts
/products/tourna-mega-tac,product,prod-tourna-mega-tac,tourna-mega-tac,HIDDEN_404,"noindex,nofollow",no,not_production_exposed:draft
/products/tourna-mega-tac/alternatives,alternatives,prod-tourna-mega-tac,tourna-mega-tac,HIDDEN_404,"noindex,nofollow",no,alternatives_graph_gate:source product not published|need ≥3 alternatives (have 0)|need ≥2 distinct alternative types|need meaningful unique reasons on ≥3 alts|need switch/trade-off decision shape on ≥2 alts
/products/tourna-tourna-grip-ii,product,prod-tourna-tourna-grip-ii,tourna-tourna-grip-ii,HIDDEN_404,"noindex,nofollow",no,not_production_exposed:draft
/products/tourna-tourna-grip-ii/alternatives,alternatives,prod-tourna-tourna-grip-ii,tourna-tourna-grip-ii,HIDDEN_404,"noindex,nofollow",no,alternatives_graph_gate:source product not published|need ≥3 alternatives (have 0)|need ≥2 distinct alternative types|need meaningful unique reasons on ≥3 alts|need switch/trade-off decision shape on ≥2 alts
/products/tourna-tourna-grip-original-xl,product,prod-tourna-tourna-grip-original-xl,tourna-tourna-grip-original-xl,HIDDEN_404,"noindex,nofollow",no,not_production_exposed:draft
/products/tourna-tourna-grip-original-xl/alternatives,alternatives,prod-tourna-tourna-grip-original-xl,tourna-tourna-grip-original-xl,HIDDEN_404,"noindex,nofollow",no,alternatives_graph_gate:source product not published|need ≥3 alternatives (have 0)|need ≥2 distinct alternative types|need meaningful unique reasons on ≥3 alts|need switch/trade-off decision shape on ≥2 alts
/products/tourna-tourna-tac-xl,product,prod-tourna-tourna-tac-xl,tourna-tourna-tac-xl,HIDDEN_404,"noindex,nofollow",no,not_production_exposed:draft
/products/tourna-tourna-tac-xl/alternatives,alternatives,prod-tourna-tourna-tac-xl,tourna-tourna-tac-xl,HIDDEN_404,"noindex,nofollow",no,alternatives_graph_gate:source product not published|need ≥3 alternatives (have 0)|need ≥2 distinct alternative types|need meaningful unique reasons on ≥3 alts|need switch/trade-off decision shape on ≥2 alts
/products/tourna-tourna-tuff,product,prod-tourna-tourna-tuff,tourna-tourna-tuff,HIDDEN_404,"noindex,nofollow",no,not_production_exposed:draft
/products/tourna-tourna-tuff/alternatives,alternatives,prod-tourna-tourna-tuff,tourna-tourna-tuff,HIDDEN_404,"noindex,nofollow",no,alternatives_graph_gate:source product not published|need ≥3 alternatives (have 0)|need ≥2 distinct alternative types|need meaningful unique reasons on ≥3 alts|need switch/trade-off decision shape on ≥2 alts
/products/tretorn-serie-padel-control,product,prod-tretorn-serie-padel-control,tretorn-serie-padel-control,INDEXABLE,"index,follow",yes,decisionScore=90
/products/tretorn-serie-padel-control/alternatives,alternatives,prod-tretorn-serie-padel-control,tretorn-serie-padel-control,PUBLIC_NOINDEX,"noindex,follow",no,alternatives_category_noindex|alternatives_ok_render
/products/tretorn-serie-padel-tour,product,prod-tretorn-serie-padel-tour,tretorn-serie-padel-tour,INDEXABLE,"index,follow",yes,decisionScore=90
/products/tretorn-serie-padel-tour/alternatives,alternatives,prod-tretorn-serie-padel-tour,tretorn-serie-padel-tour,PUBLIC_NOINDEX,"noindex,follow",no,alternatives_category_noindex|alternatives_ok_render
/products/tuboplus-29psi-x3e,product,prod-tuboplus-29psi-x3e,tuboplus-29psi-x3e,HIDDEN_404,"noindex,nofollow",no,not_production_exposed:draft
/products/tuboplus-29psi-x3e/alternatives,alternatives,prod-tuboplus-29psi-x3e,tuboplus-29psi-x3e,HIDDEN_404,"noindex,nofollow",no,alternatives_graph_gate:source product not published|need ≥3 alternatives (have 0)|need ≥2 distinct alternative types|need meaningful unique reasons on ≥3 alts|need switch/trade-off decision shape on ≥2 alts
/products/tuboplus-29psi-x4e,product,prod-tuboplus-29psi-x4e,tuboplus-29psi-x4e,HIDDEN_404,"noindex,nofollow",no,not_production_exposed:draft
/products/tuboplus-29psi-x4e/alternatives,alternatives,prod-tuboplus-29psi-x4e,tuboplus-29psi-x4e,HIDDEN_404,"noindex,nofollow",no,alternatives_graph_gate:source product not published|need ≥3 alternatives (have 0)|need ≥2 distinct alternative types|need meaningful unique reasons on ≥3 alts|need switch/trade-off decision shape on ≥2 alts
/products/tuboplus-boost,product,prod-tuboplus-boost,tuboplus-boost,HIDDEN_404,"noindex,nofollow",no,not_production_exposed:draft
/products/tuboplus-boost/alternatives,alternatives,prod-tuboplus-boost,tuboplus-boost,HIDDEN_404,"noindex,nofollow",no,alternatives_graph_gate:source product not published|need ≥3 alternatives (have 0)|need ≥2 distinct alternative types|need meaningful unique reasons on ≥3 alts|need switch/trade-off decision shape on ≥2 alts
/products/tuboplus-r3play,product,prod-tuboplus-r3play,tuboplus-r3play,HIDDEN_404,"noindex,nofollow",no,not_production_exposed:draft
/products/tuboplus-r3play/alternatives,alternatives,prod-tuboplus-r3play,tuboplus-r3play,HIDDEN_404,"noindex,nofollow",no,alternatives_graph_gate:source product not published|need ≥3 alternatives (have 0)|need ≥2 distinct alternative types|need meaningful unique reasons on ≥3 alts|need switch/trade-off decision shape on ≥2 alts
/products/tuboplus-r3set,product,prod-tuboplus-r3set,tuboplus-r3set,HIDDEN_404,"noindex,nofollow",no,not_production_exposed:draft
/products/tuboplus-r3set/alternatives,alternatives,prod-tuboplus-r3set,tuboplus-r3set,HIDDEN_404,"noindex,nofollow",no,alternatives_graph_gate:source product not published|need ≥3 alternatives (have 0)|need ≥2 distinct alternative types|need meaningful unique reasons on ≥3 alts|need switch/trade-off decision shape on ≥2 alts
/products/tuboplus-repl4y,product,prod-tuboplus-repl4y,tuboplus-repl4y,HIDDEN_404,"noindex,nofollow",no,not_production_exposed:draft
/products/tuboplus-repl4y/alternatives,alternatives,prod-tuboplus-repl4y,tuboplus-repl4y,HIDDEN_404,"noindex,nofollow",no,alternatives_graph_gate:source product not published|need ≥3 alternatives (have 0)|need ≥2 distinct alternative types|need meaningful unique reasons on ≥3 alts|need switch/trade-off decision shape on ≥2 alts
/products/tuboplus-tuboplus-29psi-x3,product,prod-tuboplus-tuboplus-29psi-x3,tuboplus-tuboplus-29psi-x3,HIDDEN_404,"noindex,nofollow",no,not_production_exposed:draft
/products/tuboplus-tuboplus-29psi-x3/alternatives,alternatives,prod-tuboplus-tuboplus-29psi-x3,tuboplus-tuboplus-29psi-x3,HIDDEN_404,"noindex,nofollow",no,alternatives_graph_gate:source product not published|need ≥3 alternatives (have 0)|need ≥2 distinct alternative types|need meaningful unique reasons on ≥3 alts|need switch/trade-off decision shape on ≥2 alts
/products/tuboplus-tuboplus-x4,product,prod-tuboplus-tuboplus-x4,tuboplus-tuboplus-x4,HIDDEN_404,"noindex,nofollow",no,not_production_exposed:draft
/products/tuboplus-tuboplus-x4/alternatives,alternatives,prod-tuboplus-tuboplus-x4,tuboplus-tuboplus-x4,HIDDEN_404,"noindex,nofollow",no,alternatives_graph_gate:source product not published|need ≥3 alternatives (have 0)|need ≥2 distinct alternative types|need meaningful unique reasons on ≥3 alts|need switch/trade-off decision shape on ≥2 alts
/products/tuboplus-tubox3,product,prod-tuboplus-tubox3,tuboplus-tubox3,HIDDEN_404,"noindex,nofollow",no,not_production_exposed:draft
/products/tuboplus-tubox3/alternatives,alternatives,prod-tuboplus-tubox3,tuboplus-tubox3,HIDDEN_404,"noindex,nofollow",no,alternatives_graph_gate:source product not published|need ≥3 alternatives (have 0)|need ≥2 distinct alternative types|need meaningful unique reasons on ≥3 alts|need switch/trade-off decision shape on ≥2 alts
/products/varlion-ambassador,product,prod-varlion-ambassador,varlion-ambassador,HIDDEN_404,"noindex,nofollow",no,not_production_exposed:draft
/products/varlion-ambassador/alternatives,alternatives,prod-varlion-ambassador,varlion-ambassador,HIDDEN_404,"noindex,nofollow",no,alternatives_graph_gate:source product not published|need ≥3 alternatives (have 0)|need ≥2 distinct alternative types|need meaningful unique reasons on ≥3 alts|need switch/trade-off decision shape on ≥2 alts
/products/varlion-bourne-padel,product,prod-varlion-bourne-padel-shoe,varlion-bourne-padel,HIDDEN_404,"noindex,nofollow",no,not_production_exposed:draft
/products/varlion-bourne-padel/alternatives,alternatives,prod-varlion-bourne-padel-shoe,varlion-bourne-padel,HIDDEN_404,"noindex,nofollow",no,alternatives_graph_gate:source product not published|need ≥3 alternatives (have 0)|need ≥2 distinct alternative types|need meaningful unique reasons on ≥3 alts|need switch/trade-off decision shape on ≥2 alts
/products/varlion-lw-carbon-difusor,product,prod-varlion-lw-carbon-difusor,varlion-lw-carbon-difusor,INDEXABLE,"index,follow",yes,decisionScore=100
/products/varlion-lw-carbon-difusor/alternatives,alternatives,prod-varlion-lw-carbon-difusor,varlion-lw-carbon-difusor,INDEXABLE,"index,follow",yes,alternatives_ok|editorial_ready
/products/varlion-summum-backpack,product,prod-varlion-summum-backpack,varlion-summum-backpack,HIDDEN_404,"noindex,nofollow",no,not_production_exposed:draft
/products/varlion-summum-backpack/alternatives,alternatives,prod-varlion-summum-backpack,varlion-summum-backpack,HIDDEN_404,"noindex,nofollow",no,alternatives_graph_gate:source product not published|need ≥3 alternatives (have 0)|need ≥2 distinct alternative types|need meaningful unique reasons on ≥3 alts|need switch/trade-off decision shape on ≥2 alts
/products/varlion-summum-pro,product,prod-varlion-summum-pro,varlion-summum-pro,INDEXABLE,"index,follow",yes,decisionScore=90
/products/varlion-summum-pro-s,product,prod-varlion-summum-pro-s,varlion-summum-pro-s,INDEXABLE,"index,follow",yes,decisionScore=90
/products/varlion-summum-pro-s/alternatives,alternatives,prod-varlion-summum-pro-s,varlion-summum-pro-s,PUBLIC_NOINDEX,"noindex,follow",no,alternatives_category_noindex|alternatives_ok_render
/products/varlion-summum-pro-w,product,prod-varlion-summum-pro-w,varlion-summum-pro-w,INDEXABLE,"index,follow",yes,decisionScore=90
/products/varlion-summum-pro-w/alternatives,alternatives,prod-varlion-summum-pro-w,varlion-summum-pro-w,PUBLIC_NOINDEX,"noindex,follow",no,alternatives_category_noindex|alternatives_ok_render
/products/varlion-summum-pro/alternatives,alternatives,prod-varlion-summum-pro,varlion-summum-pro,PUBLIC_NOINDEX,"noindex,follow",no,alternatives_category_noindex|alternatives_ok_render
/products/vibora-vibor-a-transparent,product,prod-vibora-vibor-a-transparent,vibora-vibor-a-transparent,INDEXABLE,"index,follow",yes,decisionScore=90
/products/vibora-vibor-a-transparent/alternatives,alternatives,prod-vibora-vibor-a-transparent,vibora-vibor-a-transparent,PUBLIC_NOINDEX,"noindex,follow",no,alternatives_category_noindex|alternatives_ok_render
/products/volt-premium,product,prod-volt-premium,volt-premium,INDEXABLE,"index,follow",yes,decisionScore=90
/products/volt-premium/alternatives,alternatives,prod-volt-premium,volt-premium,PUBLIC_NOINDEX,"noindex,follow",no,alternatives_category_noindex|alternatives_ok_render
/products/volt-volt-padelbag,product,prod-volt-volt-padelbag,volt-volt-padelbag,INDEXABLE,"index,follow",yes,decisionScore=90
/products/volt-volt-padelbag/alternatives,alternatives,prod-volt-volt-padelbag,volt-volt-padelbag,PUBLIC_NOINDEX,"noindex,follow",no,alternatives_category_noindex|alternatives_ok_render
/products/volt-volt-premium,product,prod-volt-volt-premium,volt-volt-premium,INDEXABLE,"index,follow",yes,decisionScore=90
/products/volt-volt-premium/alternatives,alternatives,prod-volt-volt-premium,volt-volt-premium,PUBLIC_NOINDEX,"noindex,follow",no,alternatives_category_noindex|alternatives_ok_render
/products/wilson-bela-backpack,product,prod-wilson-bela-backpack,wilson-bela-backpack,HIDDEN_404,"noindex,nofollow",no,not_production_exposed:draft
/products/wilson-bela-backpack/alternatives,alternatives,prod-wilson-bela-backpack,wilson-bela-backpack,HIDDEN_404,"noindex,nofollow",no,alternatives_graph_gate:source product not published|need ≥3 alternatives (have 0)|need ≥2 distinct alternative types|need meaningful unique reasons on ≥3 alts|need switch/trade-off decision shape on ≥2 alts
/products/wilson-bela-pro-padel,product,prod-wilson-bela-pro-padel,wilson-bela-pro-padel,HIDDEN_404,"noindex,nofollow",no,not_production_exposed:draft
/products/wilson-bela-pro-padel/alternatives,alternatives,prod-wilson-bela-pro-padel,wilson-bela-pro-padel,HIDDEN_404,"noindex,nofollow",no,alternatives_graph_gate:source product not published|need ≥3 alternatives (have 0)|need ≥2 distinct alternative types|need meaningful unique reasons on ≥3 alts|need switch/trade-off decision shape on ≥2 alts
/products/wilson-bela-pro-v3,product,prod-wilson-bela-pro,wilson-bela-pro-v3,INDEXABLE,"index,follow",yes,decisionScore=100
/products/wilson-bela-pro-v3/alternatives,alternatives,prod-wilson-bela-pro,wilson-bela-pro-v3,INDEXABLE,"index,follow",yes,alternatives_ok|editorial_ready
/products/wilson-bela-super-tour-backpack,product,prod-wilson-bela-super-tour-backpack,wilson-bela-super-tour-backpack,INDEXABLE,"index,follow",yes,decisionScore=100
/products/wilson-bela-super-tour-backpack/alternatives,alternatives,prod-wilson-bela-super-tour-backpack,wilson-bela-super-tour-backpack,PUBLIC_NOINDEX,"noindex,follow",no,alternatives_category_noindex|alternatives_ok_render
/products/wilson-blade-pro-v3-padel,product,prod-wilson-blade-pro-padel,wilson-blade-pro-v3-padel,INDEXABLE,"index,follow",yes,decisionScore=100
/products/wilson-blade-pro-v3-padel/alternatives,alternatives,prod-wilson-blade-pro-padel,wilson-blade-pro-v3-padel,INDEXABLE,"index,follow",yes,alternatives_ok|editorial_ready
/products/wilson-padel-overgrip-pack,product,prod-wilson-overgrip,wilson-padel-overgrip-pack,INDEXABLE,"index,follow",yes,decisionScore=100
/products/wilson-padel-overgrip-pack/alternatives,alternatives,prod-wilson-overgrip,wilson-padel-overgrip-pack,PUBLIC_NOINDEX,"noindex,follow",no,alternatives_category_noindex|alternatives_ok_render
/products/wilson-padel-premier,product,prod-wilson-padel-premier,wilson-padel-premier,INDEXABLE,"index,follow",yes,decisionScore=100
/products/wilson-padel-premier-speed,product,prod-wilson-padel-premier-speed,wilson-padel-premier-speed,INDEXABLE,"index,follow",yes,decisionScore=100
/products/wilson-padel-premier-speed/alternatives,alternatives,prod-wilson-padel-premier-speed,wilson-padel-premier-speed,PUBLIC_NOINDEX,"noindex,follow",no,alternatives_category_noindex|alternatives_ok_render
/products/wilson-padel-premier/alternatives,alternatives,prod-wilson-padel-premier,wilson-padel-premier,PUBLIC_NOINDEX,"noindex,follow",no,alternatives_category_noindex|alternatives_ok_render
/products/wilson-padel-wristband,product,prod-wilson-wristband,wilson-padel-wristband,HIDDEN_404,"noindex,nofollow",no,not_production_exposed:draft
/products/wilson-padel-wristband/alternatives,alternatives,prod-wilson-wristband,wilson-padel-wristband,HIDDEN_404,"noindex,nofollow",no,alternatives_graph_gate:source product not published|need ≥3 alternatives (have 0)|need ≥2 distinct alternative types|need meaningful unique reasons on ≥3 alts|need switch/trade-off decision shape on ≥2 alts
/products/wilson-premier-padel,product,prod-wilson-premier-padel,wilson-premier-padel,INDEXABLE,"index,follow",yes,decisionScore=90
/products/wilson-premier-padel/alternatives,alternatives,prod-wilson-premier-padel,wilson-premier-padel,PUBLIC_NOINDEX,"noindex,follow",no,alternatives_category_noindex|alternatives_ok_render
/products/wilson-pro-overgrip-perforated,product,prod-wilson-pro-overgrip-perforated,wilson-pro-overgrip-perforated,HIDDEN_404,"noindex,nofollow",no,not_production_exposed:draft
/products/wilson-pro-overgrip-perforated/alternatives,alternatives,prod-wilson-pro-overgrip-perforated,wilson-pro-overgrip-perforated,HIDDEN_404,"noindex,nofollow",no,alternatives_graph_gate:source product not published|need ≥3 alternatives (have 0)|need ≥2 distinct alternative types|need meaningful unique reasons on ≥3 alts|need switch/trade-off decision shape on ≥2 alts
/products/wilson-profile-padel,product,prod-wilson-profile-padel,wilson-profile-padel,INDEXABLE,"index,follow",yes,decisionScore=90
/products/wilson-profile-padel-overgrip,product,prod-wilson-profile-padel-overgrip,wilson-profile-padel-overgrip,HIDDEN_404,"noindex,nofollow",no,not_production_exposed:draft
/products/wilson-profile-padel-overgrip/alternatives,alternatives,prod-wilson-profile-padel-overgrip,wilson-profile-padel-overgrip,HIDDEN_404,"noindex,nofollow",no,alternatives_graph_gate:source product not published|need ≥3 alternatives (have 0)|need ≥2 distinct alternative types|need meaningful unique reasons on ≥3 alts|need switch/trade-off decision shape on ≥2 alts
/products/wilson-profile-padel/alternatives,alternatives,prod-wilson-profile-padel,wilson-profile-padel,PUBLIC_NOINDEX,"noindex,follow",no,alternatives_category_noindex|alternatives_ok_render
/products/wilson-rush-100,product,prod-wilson-rush-100,wilson-rush-100,INDEXABLE,"index,follow",yes,decisionScore=90
/products/wilson-rush-100/alternatives,alternatives,prod-wilson-rush-100,wilson-rush-100,PUBLIC_NOINDEX,"noindex,follow",no,alternatives_category_noindex|alternatives_ok_render
/products/wilson-rush-pro-5-padel,product,prod-wilson-rush-pro-5-padel,wilson-rush-pro-5-padel,HIDDEN_404,"noindex,nofollow",no,not_production_exposed:draft
/products/wilson-rush-pro-5-padel/alternatives,alternatives,prod-wilson-rush-pro-5-padel,wilson-rush-pro-5-padel,HIDDEN_404,"noindex,nofollow",no,alternatives_graph_gate:source product not published|need ≥3 alternatives (have 0)|need ≥2 distinct alternative types|need meaningful unique reasons on ≥3 alts|need switch/trade-off decision shape on ≥2 alts
/products/wilson-super-tour-2026,product,prod-wilson-super-tour-2026,wilson-super-tour-2026,INDEXABLE,"index,follow",yes,decisionScore=90
/products/wilson-super-tour-2026/alternatives,alternatives,prod-wilson-super-tour-2026,wilson-super-tour-2026,PUBLIC_NOINDEX,"noindex,follow",no,alternatives_category_noindex|alternatives_ok_render
/products/wilson-super-tour-padel-bag,product,prod-wilson-super-tour-padel,wilson-super-tour-padel-bag,INDEXABLE,"index,follow",yes,decisionScore=100
/products/wilson-super-tour-padel-bag/alternatives,alternatives,prod-wilson-super-tour-padel,wilson-super-tour-padel-bag,PUBLIC_NOINDEX,"noindex,follow",no,alternatives_category_noindex|alternatives_ok_render
/products/wilson-wilson-protector,product,prod-wilson-wilson-protector,wilson-wilson-protector,HIDDEN_404,"noindex,nofollow",no,not_production_exposed:draft
/products/wilson-wilson-protector/alternatives,alternatives,prod-wilson-wilson-protector,wilson-wilson-protector,HIDDEN_404,"noindex,nofollow",no,alternatives_graph_gate:source product not published|need ≥3 alternatives (have 0)|need ≥2 distinct alternative types|need meaningful unique reasons on ≥3 alts|need switch/trade-off decision shape on ≥2 alts
/products/wilson-wilson-replacement-grip,product,prod-wilson-wilson-replacement-grip,wilson-wilson-replacement-grip,INDEXABLE,"index,follow",yes,decisionScore=90
/products/wilson-wilson-replacement-grip/alternatives,alternatives,prod-wilson-wilson-replacement-grip,wilson-wilson-replacement-grip,PUBLIC_NOINDEX,"noindex,follow",no,alternatives_category_noindex|alternatives_ok_render
/products/wilson-wilson-weight-tape,product,prod-wilson-wilson-weight-tape,wilson-wilson-weight-tape,HIDDEN_404,"noindex,nofollow",no,not_production_exposed:draft
/products/wilson-wilson-weight-tape/alternatives,alternatives,prod-wilson-wilson-weight-tape,wilson-wilson-weight-tape,HIDDEN_404,"noindex,nofollow",no,alternatives_graph_gate:source product not published|need ≥3 alternatives (have 0)|need ≥2 distinct alternative types|need meaningful unique reasons on ≥3 alts|need switch/trade-off decision shape on ≥2 alts
/products/yonex-super-grap,product,prod-yonex-super-grap,yonex-super-grap,INDEXABLE,"index,follow",yes,decisionScore=90
/products/yonex-super-grap/alternatives,alternatives,prod-yonex-super-grap,yonex-super-grap,PUBLIC_NOINDEX,"noindex,follow",no,alternatives_category_noindex|alternatives_ok_render
/research/padel-racket-market-2026,research,padel-racket-market-2026,padel-racket-market-2026,INDEXABLE,"index,follow",yes,published|Coverage thresholds met for this Kitletics cohort.
/research/padel-racket-prices,research,padel-racket-prices,padel-racket-prices,PUBLIC_NOINDEX,"noindex,follow",no,withheld|price: 23 known (need ≥25)
/research/padel-racket-shapes,research,padel-racket-shapes,padel-racket-shapes,INDEXABLE,"index,follow",yes,published|Coverage thresholds met for this Kitletics cohort.
/research/padel-racket-weight,research,padel-racket-weight,padel-racket-weight,INDEXABLE,"index,follow",yes,published|Coverage thresholds met for this Kitletics cohort.
/reviews/adidas-courtquick-padel,review,review-adidas-courtquick,adidas-courtquick-padel,INDEXABLE,"index,follow",yes,decisionScore=100|words=3891|editorial_ready
/reviews/adidas-crazyquick-boost-padel,review,review-adidas-crazyquick-boost-m,adidas-crazyquick-boost-padel,HIDDEN_404,"noindex,nofollow",no,vertical_hold:unknown:disabled
/reviews/adidas-metalbone-3-5-2026,review,review-adidas-metalbone-3-5-2026,adidas-metalbone-3-5-2026,INDEXABLE,"index,follow",yes,decisionScore=100|words=3936|editorial_ready
/reviews/asics-gel-resolution-padel,review,review-asics-gel-resolution-padel,asics-gel-resolution-padel,INDEXABLE,"index,follow",yes,decisionScore=100|words=3925|editorial_ready
/reviews/babolat-jet-premura,review,review-babolat-jet-premura,babolat-jet-premura,INDEXABLE,"index,follow",yes,decisionScore=100|words=3844|editorial_ready
/reviews/babolat-technical-viper-3-0,review,review-babolat-technical-viper,babolat-technical-viper-3-0,INDEXABLE,"index,follow",yes,decisionScore=100|words=3918|editorial_ready
/reviews/bullpadel-hac-overgrip,review,review-bullpadel-hac-overgrip,bullpadel-hac-overgrip,INDEXABLE,"index,follow",yes,decisionScore=100|words=2836|editorial_ready
/reviews/bullpadel-hack-04-2026,review,review-bullpadel-hack-04,bullpadel-hack-04-2026,INDEXABLE,"index,follow",yes,decisionScore=100|words=3967|editorial_ready
/reviews/bullpadel-indiga-ctr-2026,review,review-bullpadel-indiga-ctr,bullpadel-indiga-ctr-2026,INDEXABLE,"index,follow",yes,decisionScore=100|words=3926|editorial_ready
/reviews/bullpadel-pascal-box-3b,review,review-bullpadel-pascal-box,bullpadel-pascal-box-3b,INDEXABLE,"index,follow",yes,decisionScore=100|words=3990|editorial_ready
/reviews/bullpadel-vertex-05-2026,review,review-bullpadel-vertex-05,bullpadel-vertex-05-2026,INDEXABLE,"index,follow",yes,decisionScore=100|words=3989|editorial_ready
/reviews/bullpadel-vertex-05-hybrid-2026,review,review-bullpadel-vertex-05-hybrid,bullpadel-vertex-05-hybrid-2026,INDEXABLE,"index,follow",yes,decisionScore=100|words=3966|editorial_ready
/reviews/head-coello-pro-2026,review,review-head-coello-pro,head-coello-pro-2026,INDEXABLE,"index,follow",yes,decisionScore=100|words=3985|editorial_ready
/reviews/head-gravity-pro,review,review-head-gravity-pro,head-gravity-pro,INDEXABLE,"index,follow",yes,decisionScore=100|words=3929|editorial_ready
/reviews/head-padel-pro-s,review,review-head-padel-pro-s,head-padel-pro-s,INDEXABLE,"index,follow",yes,decisionScore=100|words=3912|editorial_ready
/reviews/head-sprint-pro-4-padel,review,review-head-sprint-pro-4-padel,head-sprint-pro-4-padel,HIDDEN_404,"noindex,nofollow",no,vertical_hold:unknown:disabled
/reviews/hesacore-padel-grip,review,review-hesacore-padel,hesacore-padel-grip,INDEXABLE,"index,follow",yes,decisionScore=100|words=2765|editorial_ready
/reviews/joma-t-slam,review,review-joma-t-slam,joma-t-slam,HIDDEN_404,"noindex,nofollow",no,vertical_hold:unknown:disabled
/reviews/kuikma-pr-comfort-soft,review,review-kuikma-pr-comfort-soft,kuikma-pr-comfort-soft,INDEXABLE,"index,follow",yes,decisionScore=100|words=3956|editorial_ready
/reviews/kuikma-ps-990,review,review-kuikma-ps-990,kuikma-ps-990,INDEXABLE,"index,follow",yes,decisionScore=100|words=3828|editorial_ready
/reviews/nox-at10-genius-12k-alum-xtrem-2026,review,review-nox-at10-12k-2026,nox-at10-genius-12k-alum-xtrem-2026,INDEXABLE,"index,follow",yes,decisionScore=100|words=3940|editorial_ready
/reviews/nox-at10-genius-18k-2026,review,review-nox-at10-18k-2026,nox-at10-genius-18k-2026,INDEXABLE,"index,follow",yes,decisionScore=100|words=4035|editorial_ready
/reviews/nox-at10-lux,review,review-nox-at10-lux,nox-at10-lux,HIDDEN_404,"noindex,nofollow",no,vertical_hold:unknown:disabled
/reviews/nox-at10-team-bag,review,review-nox-at10-team-bag,nox-at10-team-bag,INDEXABLE,"index,follow",yes,decisionScore=100|words=3918|editorial_ready
/reviews/nox-ml10-pro-cup,review,review-nox-ml10-pro-cup,nox-ml10-pro-cup,INDEXABLE,"index,follow",yes,decisionScore=100|words=3967|editorial_ready
/reviews/wilson-padel-overgrip-pack,review,review-wilson-overgrip,wilson-padel-overgrip-pack,INDEXABLE,"index,follow",yes,decisionScore=100|words=2869|editorial_ready
/setups/padel-starter-kit,setup,setup-padel-starter,padel-starter-kit,INDEXABLE,"index,follow",yes,setup_published
/tools/padel-racket-finder,finder,tool-padel-racket-finder,padel-racket-finder,INDEXABLE,"index,follow",yes,tool_available
