productId,slug,brand,model,family,status,listable,mediaStatus,HAS_EXACT_HERO,galleryCount,heroPath,heroSourceUrl,fileBytes,provenance,alt,identityConfidence,semanticStatus
prod-nox-at10-18k-2026,nox-at10-genius-18k-2026,Nox,AT10 Genius 18K Alum 2026,RACKETS,published,true,MEDIA_INSUFFICIENT,true,1,/images/padel/products/nox-at10-genius-18k-2026-hero.jpg,https://noxsport.com/en/products/pala-at10-genius-18k-alum-2026-by-agustin-tapia,139238,MANUFACTURER,Nox AT10 Genius 18K Alum 2026,HIGH_FILE_EXISTS,MEDIA_INSUFFICIENT
prod-bullpadel-vertex-04,bullpadel-vertex-04,Bullpadel,Vertex 04,RACKETS,published,true,MEDIA_INSUFFICIENT,true,1,/images/padel/products/bullpadel-vertex-04-hero.png,https://padelusa.com/products/bullpadel-vertex-04-2025-juan-tello-padel-racket,1484984,MANUFACTURER,Bullpadel Vertex 04,HIGH_FILE_EXISTS,MEDIA_INSUFFICIENT
prod-babolat-technical-viper,babolat-technical-viper-3-0,Babolat,Technical Viper 3.0,RACKETS,published,true,MEDIA_INSUFFICIENT,true,1,/images/padel/products/babolat-technical-viper-hero.png,https://padelusa.com/products/babolat-technical-viper-3-0-padel-racket?variant=46771757383843&_pos=1&_sid=cf28e5b12&_ss=r,2277065,MANUFACTURER,Babolat Technical Viper 3.0,HIGH_FILE_EXISTS,MEDIA_INSUFFICIENT
prod-head-coello-pro,head-coello-pro-2026,Head,Coello Pro,RACKETS,published,true,MEDIA_INSUFFICIENT,true,1,/images/padel/products/head-coello-pro-2026-hero.png,https://www.paddlepro.com/,462399,UNKNOWN,HEAD Coello Pro 2026,HIGH_FILE_EXISTS,MEDIA_INSUFFICIENT
prod-siux-diablo,siux-diablo-pro-2026,Siux,Diablo Pro,RACKETS,published,true,MEDIA_INSUFFICIENT,true,1,/images/padel/products/siux-diablo-hero.png,https://siuxusa.com/products/diablo-pro-2026-night-blue,1575626,MANUFACTURER,Siux Diablo Pro 2026,HIGH_FILE_EXISTS,MEDIA_INSUFFICIENT
prod-adidas-courtstabil,adidas-courtquick-padel,Adidas Padel,Courtquick Padel,SHOES,published,true,MEDIA_INSUFFICIENT,true,1,/images/padel/products/adidas-courtquick-padel-hero.jpg,https://www.zonadepadel.es/adidas-padel/11668-zapatillas-adidas-courtquick-padel-m-ftwr-white-core-black-2025.html,105298,UNKNOWN,Adidas Courtquick Padel,HIGH_FILE_EXISTS,MEDIA_INSUFFICIENT
prod-head-padel-pro-s,head-padel-pro-s-balls,Head,Padel Pro S+,BALLS,published,true,MEDIA_INSUFFICIENT,true,1,/images/padel/products/head-padel-pro-s-hero.jpg,https://www.zonadepadel.es/head-padel/15548-bipack-head-padel-pro-s-valencia.html,88178,UNKNOWN,HEAD Padel Pro S+,HIGH_FILE_EXISTS,MEDIA_INSUFFICIENT
prod-wilson-overgrip,wilson-padel-overgrip-pack,Wilson,Pro Padel Overgrip,GRIPS,published,true,MEDIA_INSUFFICIENT,true,1,/images/padel/products/wilson-padel-overgrip-hero.jpg,https://www.zonadepadel.es/wilson-padel/8056-overgrip-wilson-pro-padel-3pk-blanco.html,65078,UNKNOWN,Wilson Pro Padel Overgrip 3-Pack,HIGH_FILE_EXISTS,MEDIA_INSUFFICIENT
prod-nox-bag-10,nox-thermo-bag-10,Nox,Thermo Bag 10,BAGS,draft,false,MEDIA_MISSING,false,1,,,0,PLACEHOLDER,,LOW,MEDIA_MISSING
prod-wilson-bela-pro,wilson-bela-pro-v3,Wilson,Bela Pro V3,RACKETS,published,true,MEDIA_INSUFFICIENT,true,1,/images/padel/products/wilson-bela-pro-hero.png,https://padelusa.com/products/wilson-bela-pro-v3-padel-racket?variant=45923259515043&_pos=1&_sid=2afcc8216&_ss=r,2353983,UNKNOWN,Wilson Bela Pro V3,HIGH_FILE_EXISTS,MEDIA_INSUFFICIENT
prod-starvie-titania-kepler,starvie-titania-kepler,StarVie,Titania Kepler,RACKETS,published,true,MEDIA_INSUFFICIENT,true,1,/images/padel/products/starvie-titania-kepler-hero.jpg,https://www.zonadepadel.es/star-vie/8032-star-vie-titania-kepler-pro-20.html,84111,UNKNOWN,StarVie Titania Kepler,HIGH_FILE_EXISTS,MEDIA_INSUFFICIENT
prod-adidas-metalbone-hrd,adidas-metalbone-hrd-2026,Adidas Padel,Metalbone HRD+,RACKETS,published,true,MEDIA_INSUFFICIENT,true,1,/images/padel/products/adidas-metalbone-hrd-hero.png,https://padelusa.com/products/adidas-metalbone-hrd-3-4-padel-racket?variant=45436926394531&_pos=1&_sid=7ad0155cb&_ss=r,1662741,UNKNOWN,Adidas Metalbone HRD+ 2026,HIGH_FILE_EXISTS,MEDIA_INSUFFICIENT
prod-kuikma-pr-soft-500,kuikma-pr-soft-500,Kuikma,PR Soft 500,RACKETS,draft,false,MEDIA_MISSING,false,1,,,0,PLACEHOLDER,,LOW,MEDIA_MISSING
prod-drop-shot-canyon-pro,drop-shot-canyon-pro,Drop Shot,Canyon Pro,RACKETS,draft,false,MEDIA_MISSING,false,1,,,0,PLACEHOLDER,,LOW,MEDIA_MISSING
prod-varlion-lw-carbon-difusor,varlion-lw-carbon-difusor,Varlion,LW Carbon Difusor,RACKETS,published,true,MEDIA_INSUFFICIENT,true,1,/images/padel/products/varlion-lw-carbon-difusor-2026-hero.jpg,https://keepadel.com/gb/varlion-padel-rackets/2973-varlion-lw-carbon-ti-difusor-black-padel-racket.html,63126,UNKNOWN,Varlion LW Carbon Difusor,HIGH_FILE_EXISTS,MEDIA_INSUFFICIENT
prod-nox-ml10-pro-cup,nox-ml10-pro-cup,Nox,ML10 Pro Cup,RACKETS,published,true,MEDIA_INSUFFICIENT,true,1,/images/padel/products/nox-ml10-pro-cup-2026-hero.jpg,https://www.zonadepadel.es/nox/13240-nox-ml10-pro-cup-2025.html,60993,UNKNOWN,Nox ML10 Pro Cup,HIGH_FILE_EXISTS,MEDIA_INSUFFICIENT
prod-bullpadel-hack-03,bullpadel-hack-03,Bullpadel,Hack 03,RACKETS,published,true,MEDIA_INSUFFICIENT,true,1,/images/padel/products/bullpadel-hack-03-hero.jpg,https://www.zonadepadel.es/bullpadel/9043-bullpadel-hack-03-2024.html,99460,MANUFACTURER,Bullpadel Hack 03,HIGH_FILE_EXISTS,MEDIA_INSUFFICIENT
prod-babolat-counter-viper,babolat-counter-viper,Babolat,Counter Viper,RACKETS,published,true,MEDIA_INSUFFICIENT,true,1,/images/padel/products/babolat-counter-viper-hero.png,https://padelusa.com/products/babolat-counter-viper-2-6-padel-racket?variant=46771956842659&_pos=1&_sid=22d254b3e&_ss=r,2581957,MANUFACTURER,Babolat Counter Viper 2.6,HIGH_FILE_EXISTS,MEDIA_INSUFFICIENT
prod-head-extreme-pro-padel,head-extreme-pro-padel,Head,Extreme Pro,RACKETS,published,true,MEDIA_INSUFFICIENT,true,1,/images/padel/products/head-extreme-pro-padel-hero.png,https://padelusa.com/products/head-extreme-pro-2025-padel-racket?variant=46182403309731&_pos=1&_sid=094d05edf&_ss=r,1658113,UNKNOWN,HEAD Extreme Pro,HIGH_FILE_EXISTS,MEDIA_INSUFFICIENT
prod-wilson-blade-pro-padel,wilson-blade-pro-v3-padel,Wilson,Blade Pro V3,RACKETS,published,true,MEDIA_INSUFFICIENT,true,1,/images/padel/products/wilson-blade-pro-padel-hero.png,https://padelusa.com/products/wilson-blade-pro-v3-2024-padel-racket?variant=44999173111971&_pos=1&_sid=b81e4f94a&_ss=r,1571107,UNKNOWN,Wilson Blade Pro V3 Padel,HIGH_FILE_EXISTS,MEDIA_INSUFFICIENT
prod-starvie-basalto-osiris,starvie-basalto-osiris,StarVie,Basalto Osiris,RACKETS,published,true,MEDIA_INSUFFICIENT,true,1,/images/padel/products/starvie-basalto-osiris-2026-hero.jpg,https://mypadellife.com/products/starvie-basalto-osiris-2-0-padel-racket,88971,MANUFACTURER,StarVie Basalto Osiris,HIGH_FILE_EXISTS,MEDIA_INSUFFICIENT
prod-bullpadel-vertex-05,bullpadel-vertex-05-2026,Bullpadel,Vertex 05,RACKETS,published,true,MEDIA_INSUFFICIENT,true,1,/images/padel/products/bullpadel-vertex-05-hero.png,https://padelusa.com/products/bullpadel-vertex-05-2026-padel-racket?variant=46513503142051&_pos=1&_sid=14e60950a&_ss=r,882613,MANUFACTURER,Bullpadel Vertex 05 2026,HIGH_FILE_EXISTS,MEDIA_INSUFFICIENT
prod-bullpadel-hack-04,bullpadel-hack-04-2026,Bullpadel,Hack 04,RACKETS,published,true,MEDIA_INSUFFICIENT,true,1,/images/padel/products/bullpadel-hack-04-hero.png,https://padelusa.com/products/bullpadel-hack-04-2025-padel-racket?variant=45287101595811&_pos=1&_sid=79e474490&_ss=r,1453605,MANUFACTURER,Bullpadel Hack 04 2026,HIGH_FILE_EXISTS,MEDIA_INSUFFICIENT
prod-nox-at10-12k-2026,nox-at10-genius-12k-alum-xtrem-2026,Nox,AT10 Genius 12K Alum XTREM 2026,RACKETS,published,true,MEDIA_INSUFFICIENT,true,1,/images/padel/products/nox-at10-genius-12k-alum-xtrem-2026-hero.jpg,https://padelusa.com/products/nox-at10-genius-12k-alum-xtreme-padel-racket?variant=47301729747107&_pos=1&_sid=ac7bdb158&_ss=r,96384,UNKNOWN,Nox AT10 Genius 12K Alum XTREM 2026,HIGH_FILE_EXISTS,MEDIA_INSUFFICIENT
prod-adidas-metalbone-3-3-2026,adidas-metalbone-3-3,Adidas Padel,Metalbone 3.3,RACKETS,published,true,MEDIA_INSUFFICIENT,true,1,/images/padel/products/adidas-metalbone-3-3-hero.jpg,https://www.zonadepadel.com/adidas-padel/9362-adidas-metalbone-33.html,67939,UNKNOWN,Adidas Metalbone 3.3,HIGH_FILE_EXISTS,MEDIA_INSUFFICIENT
prod-head-extreme-motion-2026,head-extreme-motion,Head,Extreme Motion,RACKETS,published,true,MEDIA_INSUFFICIENT,true,1,/images/padel/products/head-extreme-motion-2026-hero.png,https://padelusa.com/products/head-extreme-motion-2025-padel-racket?variant=46182388760739&_pos=1&_sid=51edaeaf4&_ss=r,1744667,UNKNOWN,HEAD Extreme Motion,HIGH_FILE_EXISTS,MEDIA_INSUFFICIENT
prod-tecnifibre-wall-breaker-365-2026,tecnifibre-wall-breaker-365,Tecnifibre Padel,Wall Breaker 365,RACKETS,published,true,MEDIA_INSUFFICIENT,true,1,/images/padel/products/tecnifibre-wall-breaker-365-hero.jpg,https://www.greavessports.com/products/wall-breaker-365-padel-racket-black-yellow,74216,UNKNOWN,Tecnifibre Wall Breaker 365,HIGH_FILE_EXISTS,MEDIA_INSUFFICIENT
prod-oxdog-sense-pro-2026,oxdog-sense-pro,Oxdog,Sense Pro,RACKETS,published,true,MEDIA_INSUFFICIENT,true,1,/images/padel/products/oxdog-sense-pro-hero.jpg,https://www.oxdog.net/en/articles/2.13.854/sense-pro-classics,40189,UNKNOWN,Oxdog Sense Pro,HIGH_FILE_EXISTS,MEDIA_INSUFFICIENT
prod-royal-padel-rp-m27-2026,royal-padel-m27-poly-2026,Royal Padel,M27 Poly,RACKETS,draft,false,MEDIA_MISSING,false,1,,https://www.zonadepadel.es/royal-padel/15365-royal-padel-m27-ligh-ltd-amarilla-2026.html,0,PLACEHOLDER,,LOW,MEDIA_MISSING
prod-black-crown-special-one-soft,black-crown-special-one-soft,Black Crown,Special One Soft,RACKETS,draft,false,MEDIA_MISSING,false,1,,,0,PLACEHOLDER,,LOW,MEDIA_MISSING
prod-lok-maxx-flow,lok-maxx-flow,Lok,Maxx Flow,RACKETS,published,true,MEDIA_INSUFFICIENT,true,1,/images/padel/products/lok-maxx-flow-hero.jpg,https://www.zonadepadel.es/lok/13686-lok-maxx-flow-gen-2-2026.html,94013,UNKNOWN,Lok Maxx Flow,HIGH_FILE_EXISTS,MEDIA_INSUFFICIENT
prod-asics-gel-resolution-padel,asics-gel-resolution-padel,ASICS,Gel-Resolution Padel,SHOES,published,true,MEDIA_INSUFFICIENT,true,1,/images/padel/products/asics-gel-resolution-padel-hero.jpg,https://www.zonadepadel.es/asics/15276-zapatillas-asics-gel-resolution-x-clay-blue-fade-gunmetal-2026.html,164518,UNKNOWN,ASICS Gel-Resolution Padel,HIGH_FILE_EXISTS,MEDIA_INSUFFICIENT
prod-asics-gel-challenger-court,asics-gel-challenger-court,ASICS,Gel-Challenger Court,SHOES,published,true,MEDIA_INSUFFICIENT,true,1,/images/padel/products/asics-gel-challenger-court-hero.jpg,https://www.zonadepadel.es/asics/14103-zapatillas-asics-gel-challenger-15-padel-white-guava-2026.html,162643,UNKNOWN,ASICS Gel-Challenger Court,HIGH_FILE_EXISTS,MEDIA_INSUFFICIENT
prod-babolat-jet-premura,babolat-jet-premura,Babolat,Jet Premura,SHOES,published,true,MEDIA_INSUFFICIENT,true,1,/images/padel/products/babolat-jet-premura-hero.jpg,https://www.zonadepadel.es/babolat/15856-zapatillas-babolat-jet-premura-2-men-cream-orange-2026.html,100423,MANUFACTURER,Babolat Jet Premura,HIGH_FILE_EXISTS,MEDIA_INSUFFICIENT
prod-joma-t-slam,joma-t-slam,Joma,T.Slam,SHOES,draft,false,MEDIA_MISSING,false,1,,https://www.zonadepadel.es/joma/15127-zapatillas-joma-slam-men-2602-white-royal-2026.html,0,PLACEHOLDER,,LOW,MEDIA_MISSING
prod-head-revolt-pro-court,head-revolt-pro-court,Head,Revolt Pro Court,SHOES,published,true,MEDIA_INSUFFICIENT,true,1,/images/padel/products/head-revolt-pro-court-hero.jpg,https://www.zonadepadel.es/head-padel/9520-zapatillas-head-revolt-pro-45-clay-banana-black-2024.html,146120,UNKNOWN,Head Revolt Pro Court,HIGH_FILE_EXISTS,MEDIA_INSUFFICIENT
prod-adidas-crazyquick-boost-m,adidas-crazyquick-boost-padel,Adidas Padel,Crazyquick Boost Padel,SHOES,draft,false,MEDIA_MISSING,false,1,,https://www.zonadepadel.es/busca?controller=search&s=zapatillas,0,PLACEHOLDER,,LOW,MEDIA_MISSING
prod-adidas-courtquick-w,adidas-courtquick-padel-women,Adidas Padel,Courtquick Padel Women,SHOES,draft,false,MEDIA_MISSING,false,1,,https://www.zonadepadel.es/busca?controller=search&s=zapatillas,0,PLACEHOLDER,,LOW,MEDIA_MISSING
prod-adidas-crazyquick-boost-w,adidas-crazyquick-boost-padel-women,Adidas Padel,Crazyquick Boost Padel Women,SHOES,draft,false,MEDIA_MISSING,false,1,,https://www.zonadepadel.es/busca?controller=search&s=zapatillas,0,PLACEHOLDER,,LOW,MEDIA_MISSING
prod-asics-gel-dedicate-8-padel,asics-gel-dedicate-8-padel,ASICS,Gel-Dedicate 8 Padel,SHOES,draft,false,MEDIA_MISSING,false,1,,https://www.zonadepadel.es/busca?controller=search&s=zapatillas,0,PLACEHOLDER,,LOW,MEDIA_MISSING
prod-asics-game-ff-padel,asics-game-ff-padel,ASICS,Game FF Padel,SHOES,draft,false,MEDIA_MISSING,false,1,,https://www.zonadepadel.es/busca?controller=search&s=zapatillas,0,PLACEHOLDER,,LOW,MEDIA_MISSING
prod-asics-solution-swift-ff2-padel,asics-solution-swift-ff2-padel,ASICS,Solution Swift FF 2 Padel,SHOES,draft,false,MEDIA_MISSING,false,1,,https://www.zonadepadel.es/busca?controller=search&s=zapatillas,0,PLACEHOLDER,,LOW,MEDIA_MISSING
prod-bullpadel-hybrid-fly,bullpadel-hybrid-fly,Bullpadel,Fastgear,SHOES,draft,false,MEDIA_MISSING,false,1,,https://www.zonadepadel.es/busca?controller=search&s=zapatillas,0,PLACEHOLDER,,LOW,MEDIA_MISSING
prod-bullpadel-ionic-woman,bullpadel-ionic-woman,Bullpadel,Ionic Woman,SHOES,draft,false,MEDIA_MISSING,false,1,,https://www.zonadepadel.es/busca?controller=search&s=zapatillas,0,PLACEHOLDER,,LOW,MEDIA_MISSING
prod-nox-at10-lux,nox-at10-lux,Nox,AT10 Lux,SHOES,draft,false,MEDIA_MISSING,false,1,,https://www.zonadepadel.es/busca?controller=search&s=zapatillas,0,PLACEHOLDER,,LOW,MEDIA_MISSING
prod-nox-ml10-hexa,nox-ml10-hexa,Nox,ML10 Hexa,SHOES,draft,false,MEDIA_MISSING,false,1,,https://www.zonadepadel.es/busca?controller=search&s=zapatillas,0,PLACEHOLDER,,LOW,MEDIA_MISSING
prod-babolat-movea-2,babolat-movea-2,Babolat,Movea 2,SHOES,draft,false,MEDIA_MISSING,false,1,,https://www.zonadepadel.es/busca?controller=search&s=zapatillas,0,PLACEHOLDER,,LOW,MEDIA_MISSING
prod-babolat-sensa-women,babolat-sensa-women,Babolat,Sensa Women,SHOES,draft,false,MEDIA_MISSING,false,1,,https://www.zonadepadel.es/busca?controller=search&s=zapatillas,0,PLACEHOLDER,,LOW,MEDIA_MISSING
prod-joma-slam-lady,joma-slam-lady,Joma,Slam Lady,SHOES,draft,false,MEDIA_MISSING,false,1,,https://www.zonadepadel.es/busca?controller=search&s=zapatillas,0,PLACEHOLDER,,LOW,MEDIA_MISSING
prod-joma-spin-men,joma-spin-men,Joma,Spin Men,SHOES,draft,false,MEDIA_MISSING,false,1,,https://www.zonadepadel.es/busca?controller=search&s=zapatillas,0,PLACEHOLDER,,LOW,MEDIA_MISSING
prod-head-sprint-pro-4-padel,head-sprint-pro-4-padel,Head,Sprint Pro 4.0 Padel,SHOES,draft,false,MEDIA_MISSING,false,1,,https://www.zonadepadel.es/busca?controller=search&s=zapatillas,0,PLACEHOLDER,,LOW,MEDIA_MISSING
prod-wilson-rush-pro-5-padel,wilson-rush-pro-5-padel,Wilson,Rush Pro 5 Padel,SHOES,draft,false,MEDIA_MISSING,false,1,,https://www.zonadepadel.es/busca?controller=search&s=zapatillas,0,PLACEHOLDER,,LOW,MEDIA_MISSING
prod-siux-diablo-pro,siux-diablo-pro-padel,Siux,Diablo Pro,SHOES,draft,false,MEDIA_MISSING,false,0,,,0,PLACEHOLDER,,LOW,MEDIA_MISSING
prod-siux-comodo-woman,siux-comodo-woman,Siux,Comodo Woman,SHOES,draft,false,MEDIA_MISSING,false,0,,,0,PLACEHOLDER,,LOW,MEDIA_MISSING
prod-starvie-absolute-padel,starvie-absolute-padel,StarVie,Absolute Padel,SHOES,draft,false,MEDIA_MISSING,false,0,,,0,PLACEHOLDER,,LOW,MEDIA_MISSING
prod-kuikma-ps-990,kuikma-ps-990,Kuikma,PS 990,SHOES,published,true,MEDIA_INSUFFICIENT,true,1,/images/padel/products/kuikma-ps-990-hero.jpg,https://www.decathlon.com.au/,305601,AUTHORIZED_RETAILER,Kuikma PS 990,HIGH_FILE_EXISTS,MEDIA_INSUFFICIENT
prod-kuikma-ps-560-women,kuikma-ps-560-women,Kuikma,PS 560 Women,SHOES,draft,false,MEDIA_MISSING,false,0,,,0,PLACEHOLDER,,LOW,MEDIA_MISSING
prod-oxdog-hyper-court,oxdog-hyper-court,Oxdog,Hyper Court,SHOES,draft,false,MEDIA_MISSING,false,0,,,0,PLACEHOLDER,,LOW,MEDIA_MISSING
prod-asics-gel-resolution-padel-w,asics-gel-resolution-padel-women,ASICS,Gel-Resolution Padel Women,SHOES,draft,false,MEDIA_MISSING,false,1,,https://www.zonadepadel.es/busca?controller=search&s=ASICS%20Gel%20Resolution%20Padel,0,PLACEHOLDER,,LOW,MEDIA_MISSING
prod-asics-solution-swift-padel-w,asics-solution-swift-ff-padel-women,ASICS,Solution Swift FF Padel Women,SHOES,draft,false,MEDIA_MISSING,false,1,,https://images.asics.com/is/image/asics/1042A264_500_SR_RT_GLB,0,PLACEHOLDER,,LOW,MEDIA_MISSING
prod-adidas-solecourt-boost-padel,adidas-solecourt-boost-padel,Adidas Padel,Solecourt Boost Padel,SHOES,draft,false,MEDIA_MISSING,false,0,,,0,PLACEHOLDER,,LOW,MEDIA_MISSING
prod-head-revolt-court,head-revolt-court-padel,Head,Revolt Court,SHOES,draft,false,MEDIA_MISSING,false,0,,,0,PLACEHOLDER,,LOW,MEDIA_MISSING
prod-wilson-bela-pro-padel,wilson-bela-pro-padel,Wilson,Bela Pro Padel,SHOES,draft,false,MEDIA_MISSING,false,0,,,0,PLACEHOLDER,,LOW,MEDIA_MISSING
prod-joma-spin-lady,joma-spin-lady,Joma,Spin Lady,SHOES,draft,false,MEDIA_MISSING,false,1,,https://www.zonadepadel.es/busca?controller=search&s=Joma%20Spin%20Lady,0,PLACEHOLDER,,LOW,MEDIA_MISSING
prod-bullpadel-hack-hybrid,bullpadel-hack-hybrid,Bullpadel,Hack Hybrid,SHOES,draft,false,MEDIA_MISSING,false,0,,,0,PLACEHOLDER,,LOW,MEDIA_MISSING
prod-nox-at10-pro-shoe,nox-at10-pro,Nox,AT10 Pro,SHOES,draft,false,MEDIA_MISSING,false,0,,,0,PLACEHOLDER,,LOW,MEDIA_MISSING
prod-babolat-jet-premura-2-men,babolat-jet-premura-2,Babolat,Jet Premura 2,SHOES,draft,false,MEDIA_MISSING,false,1,,https://www.zonadepadel.es/busca?controller=search&s=Babolat%20Jet%20Premura%202,0,PLACEHOLDER,,LOW,MEDIA_MISSING
prod-tecnifibre-t-fight-padel,tecnifibre-wall-shooter,Tecnifibre Padel,Wall Shooter,SHOES,draft,false,MEDIA_MISSING,false,0,,,0,PLACEHOLDER,,LOW,MEDIA_MISSING
prod-varlion-bourne-padel-shoe,varlion-bourne-padel,Varlion,Bourne Padel,SHOES,draft,false,MEDIA_MISSING,false,0,,,0,PLACEHOLDER,,LOW,MEDIA_MISSING
prod-lok-padel-one,lok-padel-one,Lok,Padel One,SHOES,draft,false,MEDIA_MISSING,false,0,,,0,PLACEHOLDER,,LOW,MEDIA_MISSING
prod-nox-at10-attack-18k-2026,nox-at10-genius-attack-18k-2026,Nox,AT10 Genius Attack 18K Alum 2026,RACKETS,published,true,MEDIA_INSUFFICIENT,true,1,/images/padel/products/nox-at10-genius-attack-18k-2026-hero.jpg,https://noxsport.com/en/products/pala-at10-genius-attack-18k-alum-2026-by-agustin-tapia,129447,MANUFACTURER,Nox AT10 Genius Attack 18K Alum 2026,HIGH_FILE_EXISTS,MEDIA_INSUFFICIENT
prod-nox-equation-soft-2026,nox-equation-soft-advanced-2026,Nox,Equation Soft Advanced 2026,RACKETS,published,true,MEDIA_INSUFFICIENT,true,1,/images/padel/products/nox-equation-soft-advanced-2026-hero.jpg,https://noxsport.com/en/products/pala-equation-soft-advanced,108640,MANUFACTURER,Nox Equation Soft Advanced 2026,HIGH_FILE_EXISTS,MEDIA_INSUFFICIENT
prod-bullpadel-vertex-05-hybrid,bullpadel-vertex-05-hybrid-2026,Bullpadel,Vertex 05 Hybrid,RACKETS,published,true,MEDIA_INSUFFICIENT,true,1,/images/padel/products/bullpadel-vertex-05-hybrid-hero.jpg,https://www.zonadepadel.com/bullpadel/13550-bullpadel-vertex-05-hybrid-2026.html,82253,MANUFACTURER,Bullpadel Vertex 05 Hybrid 2026,HIGH_FILE_EXISTS,MEDIA_INSUFFICIENT
prod-bullpadel-vertex-05-w,bullpadel-vertex-05-w-2026,Bullpadel,Vertex 05 W,RACKETS,published,true,MEDIA_INSUFFICIENT,true,1,/images/padel/products/bullpadel-vertex-05-w-hero.jpg,https://www.zonadepadel.com/bullpadel/13552-bullpadel-vertex-05-woman-2026.html,62261,MANUFACTURER,Bullpadel Vertex 05 W 2026,HIGH_FILE_EXISTS,MEDIA_INSUFFICIENT
prod-bullpadel-hack-04-hybrid,bullpadel-hack-04-hybrid-2026,Bullpadel,Hack 04 Hybrid,RACKETS,published,true,MEDIA_INSUFFICIENT,true,1,/images/padel/products/bullpadel-hack-04-hybrid-hero.jpg,https://www.zonadepadel.es/bullpadel/13554-bullpadel-hack-04-hybrid-2026.html,76487,MANUFACTURER,Bullpadel Hack 04 Hybrid 2026,HIGH_FILE_EXISTS,MEDIA_INSUFFICIENT
prod-bullpadel-hack-04-comfort,bullpadel-hack-04-comfort-2026,Bullpadel,Hack 04 Comfort,RACKETS,published,true,MEDIA_INSUFFICIENT,true,1,/images/padel/products/bullpadel-hack-04-comfort-hero.jpg,https://www.zonadepadel.es/bullpadel/13555-bullpadel-hack-04-comfort-2026.html,66806,MANUFACTURER,Bullpadel Hack 04 Comfort 2026,HIGH_FILE_EXISTS,MEDIA_INSUFFICIENT
prod-bullpadel-neuron-02,bullpadel-neuron-02-2026,Bullpadel,Neuron 02,RACKETS,published,true,MEDIA_INSUFFICIENT,true,1,/images/padel/products/bullpadel-neuron-02-hero.jpg,https://www.zonadepadel.es/bullpadel/13556-bullpadel-neuron-02-2026.html,81447,MANUFACTURER,Bullpadel Neuron 02 2026,HIGH_FILE_EXISTS,MEDIA_INSUFFICIENT
prod-bullpadel-neuron-02-edge,bullpadel-neuron-02-edge-2026,Bullpadel,Neuron 02 Edge,RACKETS,published,true,MEDIA_INSUFFICIENT,true,1,/images/padel/products/bullpadel-neuron-02-edge-hero.jpg,https://www.zonadepadel.com/bullpadel/13558-bullpadel-neuron-02-edge-2026.html,79640,MANUFACTURER,Bullpadel Neuron 02 Edge 2026,HIGH_FILE_EXISTS,MEDIA_INSUFFICIENT
prod-bullpadel-xplo,bullpadel-xplo-2026,Bullpadel,XPLO,RACKETS,published,true,MEDIA_INSUFFICIENT,true,1,/images/padel/products/bullpadel-xplo-hero.jpg,https://www.zonadepadel.com/bullpadel/13559-bullpadel-xplo-2026.html,91782,MANUFACTURER,Bullpadel XPLO 2026,HIGH_FILE_EXISTS,MEDIA_INSUFFICIENT
prod-bullpadel-xplo-comfort,bullpadel-xplo-comfort-2026,Bullpadel,XPLO Comfort,RACKETS,published,true,MEDIA_INSUFFICIENT,true,1,/images/padel/products/bullpadel-xplo-comfort-hero.jpg,https://www.zonadepadel.es/bullpadel/13560-bullpadel-xplo-comfort-2026.html,63851,MANUFACTURER,Bullpadel XPLO Comfort 2026,HIGH_FILE_EXISTS,MEDIA_INSUFFICIENT
prod-bullpadel-ionic-light,bullpadel-ionic-light-2026,Bullpadel,Ionic Light,RACKETS,published,true,MEDIA_INSUFFICIENT,true,1,/images/padel/products/bullpadel-ionic-light-hero.jpg,https://www.zonadepadel.com/bullpadel/13575-bullpadel-ionic-light-2026.html,80345,MANUFACTURER,Bullpadel Ionic Light 26,HIGH_FILE_EXISTS,MEDIA_INSUFFICIENT
prod-bullpadel-indiga-ctr,bullpadel-indiga-ctr-2026,Bullpadel,Indiga CTR,RACKETS,published,true,MEDIA_INSUFFICIENT,true,1,/images/padel/products/bullpadel-indiga-ctr-hero.jpg,https://www.padelreference.com/en/padel-rackets/p/bullpadel-indiga-ctr-26,39948,MANUFACTURER,Bullpadel Indiga CTR 26,HIGH_FILE_EXISTS,MEDIA_INSUFFICIENT
prod-bullpadel-vertex-advance,bullpadel-vertex-advance-2026,Bullpadel,Vertex Advance,RACKETS,published,true,MEDIA_INSUFFICIENT,true,1,/images/padel/products/bullpadel-vertex-advance-hero.jpg,https://www.zonadepadel.com/bullpadel/14397-bullpadel-vertex-advance-2026.html,76567,MANUFACTURER,Bullpadel Vertex Advance,HIGH_FILE_EXISTS,MEDIA_INSUFFICIENT
prod-adidas-metalbone-3-5-2026,adidas-metalbone-3-5-2026,Adidas Padel,Metalbone 3.5,RACKETS,published,true,MEDIA_INSUFFICIENT,true,1,/images/padel/products/adidas-metalbone-3-5-2026-hero.jpg,https://allforpadel.com/en/padel-rackets/7521-padel-racket-adidas-metalbone-2026-ale-galan-8435739405802.html,82531,AUTHORIZED_RETAILER,Adidas Metalbone 3.5 2026,HIGH_FILE_EXISTS,MEDIA_INSUFFICIENT
prod-adidas-metalbone-ctrl,adidas-metalbone-ctrl-2026,Adidas Padel,Metalbone CTRL,RACKETS,published,true,MEDIA_INSUFFICIENT,true,1,/images/padel/products/adidas-metalbone-ctrl-2026-hero.jpg,https://allforpadel.com/en/padel-rackets/7525-padel-racket-adidas-metalbone-ctrl-2026-8435739405819.html,83262,AUTHORIZED_RETAILER,Adidas Metalbone CTRL 2026,HIGH_FILE_EXISTS,MEDIA_INSUFFICIENT
prod-adidas-metalbone-team-light,adidas-metalbone-team-light-2026,Adidas Padel,Metalbone Team Light,RACKETS,published,true,MEDIA_INSUFFICIENT,true,1,/images/padel/products/adidas-metalbone-team-light-2026-hero.jpg,https://allforpadel.com/en/padel-rackets/7535-padel-racket-adidas-metalbone-team-light-2026-8435739405864.html,73367,AUTHORIZED_RETAILER,Adidas Metalbone Team Light 2026,HIGH_FILE_EXISTS,MEDIA_INSUFFICIENT
prod-adidas-cross-it-light,adidas-cross-it-light-2026,Adidas Padel,Cross It Light,RACKETS,published,true,MEDIA_INSUFFICIENT,true,1,/images/padel/products/adidas-cross-it-light-2026-hero.jpg,https://allforpadel.com/en/padel-rackets/7528-padel-racket-adidas-cross-it-light-2026-martita-ortega-8435739405956.html,88969,AUTHORIZED_RETAILER,Adidas Cross It Light 2026,HIGH_FILE_EXISTS,MEDIA_INSUFFICIENT
prod-adidas-cross-it-ctrl,adidas-cross-it-ctrl-2026,Adidas Padel,Cross It CTRL,RACKETS,published,true,MEDIA_INSUFFICIENT,true,1,/images/padel/products/adidas-cross-it-ctrl-2026-hero.jpg,https://allforpadel.com/en/padel-rackets/7527-padel-racket-adidas-cross-it-ctrl-2026-8435739405949.html,88595,AUTHORIZED_RETAILER,Adidas Cross It CTRL 2026,HIGH_FILE_EXISTS,MEDIA_INSUFFICIENT
prod-adidas-arrow-hit-ctrl,adidas-arrow-hit-ctrl-2026,Adidas Padel,Arrow Hit CTRL,RACKETS,published,true,MEDIA_INSUFFICIENT,true,1,/images/padel/products/adidas-arrow-hit-ctrl-2026-hero.jpg,https://allforpadel.com/en/padel-rackets/7526-padel-racket-adidas-arrow-hit-ctrl-8435739405895.html,89283,AUTHORIZED_RETAILER,Adidas Arrow Hit CTRL 2026,HIGH_FILE_EXISTS,MEDIA_INSUFFICIENT
prod-adidas-arrow-hit-attk,adidas-arrow-hit-2026,Adidas Padel,Arrow Hit,RACKETS,published,true,MEDIA_INSUFFICIENT,true,1,/images/padel/products/adidas-arrow-hit-attk-2026-hero.jpg,https://allforpadel.com/en/padel-rackets/7523-padel-racket-adidas-arrow-hit-8435739405888.html,86436,AUTHORIZED_RETAILER,Adidas Arrow Hit 2026,HIGH_FILE_EXISTS,MEDIA_INSUFFICIENT
prod-adidas-match-light,adidas-match-light-2026,Adidas Padel,Match Light,RACKETS,published,true,MEDIA_INSUFFICIENT,true,1,/images/padel/products/adidas-match-light-2026-hero.jpg,https://allforpadel.com/en/padel-rackets/7495-padel-racket-adidas-match-light-2026-8435739406076.html,72728,AUTHORIZED_RETAILER,Adidas Match Light 2026,HIGH_FILE_EXISTS,MEDIA_INSUFFICIENT
prod-head-coello-motion,head-coello-motion-2026,Head,Coello Motion,RACKETS,published,true,MEDIA_INSUFFICIENT,true,1,/images/padel/products/head-coello-motion-hero.jpg,https://padelusa.com/products/head-coello-motion-2026-padel-racket,75990,UNKNOWN,HEAD Coello Motion 2026,HIGH_FILE_EXISTS,MEDIA_INSUFFICIENT
prod-head-coello-team,head-coello-team-2026,Head,Coello Team,RACKETS,published,true,MEDIA_INSUFFICIENT,true,1,/images/padel/products/head-coello-team-hero.jpg,https://padelusa.com/products/head-coello-team-2026-padel-racket,78795,UNKNOWN,HEAD Coello Team 2026,HIGH_FILE_EXISTS,MEDIA_INSUFFICIENT
prod-head-gravity-pro,head-gravity-pro,Head,Gravity Pro,RACKETS,published,true,MEDIA_INSUFFICIENT,true,1,/images/padel/products/head-gravity-pro-hero.jpg,https://www.padelreference.com/en/padel-rackets/p/head-gravity-pro-2024,77650,AUTHORIZED_RETAILER,HEAD Gravity Pro,HIGH_FILE_EXISTS,MEDIA_INSUFFICIENT
prod-head-gravity-motion,head-gravity-motion,Head,Gravity Motion,RACKETS,published,true,MEDIA_INSUFFICIENT,true,1,/images/padel/products/head-gravity-motion-hero.jpg,https://www.padelreference.com/en/padel-rackets/p/head-gravity-motion-2024,74618,AUTHORIZED_RETAILER,HEAD Gravity Motion,HIGH_FILE_EXISTS,MEDIA_INSUFFICIENT
prod-head-speed-pro,head-speed-pro,Head,Speed Pro,RACKETS,published,true,MEDIA_INSUFFICIENT,true,1,/images/padel/products/head-speed-pro-hero.jpg,https://www.padelreference.com/en/palas-de-padel/p/head-speed-pro-2025,78152,AUTHORIZED_RETAILER,HEAD Speed Pro,HIGH_FILE_EXISTS,MEDIA_INSUFFICIENT
prod-head-one-ultralight,head-one-ultralight,Head,One Ultralight,RACKETS,published,true,MEDIA_INSUFFICIENT,true,1,/images/padel/products/head-one-ultralight-hero.jpg,https://www.padelreference.com/en/padelschlager/p/head-one-ultralight-black-2025,14706,AUTHORIZED_RETAILER,HEAD One Ultralight,HIGH_FILE_EXISTS,MEDIA_INSUFFICIENT
prod-babolat-air-viper,babolat-air-viper-2-6,Babolat,Air Viper,RACKETS,published,true,MEDIA_INSUFFICIENT,true,1,/images/padel/products/babolat-air-viper-hero.jpg,https://www.babolat.com/us/air-viper-2.6/150176.html,172693,MANUFACTURER,Babolat Air Viper 2.6,HIGH_FILE_EXISTS,MEDIA_INSUFFICIENT
prod-babolat-air-veron,babolat-air-veron-2-6,Babolat,Air Veron,RACKETS,published,true,MEDIA_INSUFFICIENT,true,1,/images/padel/products/babolat-air-veron-hero.jpg,https://www.babolat.com/us/air-veron-2.6/150180.html,132640,MANUFACTURER,Babolat Air Veron 2.6,HIGH_FILE_EXISTS,MEDIA_INSUFFICIENT
prod-siux-electra,siux-electra-pro-2026,Siux,Electra Pro,RACKETS,published,true,MEDIA_INSUFFICIENT,true,1,/images/padel/products/siux-electra-pro-2026-hero.jpg,https://www.zonadepadel.com/siux/13932-siux-electra-pro-fire-red-2026.html,57746,MANUFACTURER,Siux Electra Pro 2026,HIGH_FILE_EXISTS,MEDIA_INSUFFICIENT
prod-siux-fenix,siux-fenix-pro-2026,Siux,Fenix Pro,RACKETS,published,true,MEDIA_INSUFFICIENT,true,1,/images/padel/products/siux-fenix-pro-2026-hero.jpg,https://www.zonadepadel.com/siux/13935-siux-fenix-pro-black-2026.html,64789,MANUFACTURER,Siux Fenix Pro 2026,HIGH_FILE_EXISTS,MEDIA_INSUFFICIENT
prod-starvie-astrum,starvie-astrum-plus-2026,StarVie,Astrum+,RACKETS,published,true,MEDIA_INSUFFICIENT,true,1,/images/padel/products/starvie-astrum-hero.jpg,https://starvie.com/en/products/astrum,141021,MANUFACTURER,StarVie Astrum+ 2026,HIGH_FILE_EXISTS,MEDIA_INSUFFICIENT
prod-nox-at10-attack-12k-2026,nox-at10-genius-attack-12k-2026,Nox,AT10 Genius Attack 12K Alum XTREM 2026,RACKETS,draft,false,MEDIA_MISSING,false,1,,,0,PLACEHOLDER,,LOW,MEDIA_MISSING
prod-kuikma-pr-hybrid-carbon,kuikma-pr-hybrid-carbon,Kuikma,PR Hybrid Carbon,RACKETS,published,true,MEDIA_INSUFFICIENT,true,1,/images/padel/products/kuikma-pr-hybrid-carbon-hero.jpg,https://www.decathlon.co.id/en-ID/p/padel-racket-pr-hybrid-carbon-coki-nieto-kuikma-8979558.html,72377,AUTHORIZED_RETAILER,Kuikma PR Hybrid Carbon,HIGH_FILE_EXISTS,MEDIA_INSUFFICIENT
prod-kuikma-pr-comfort-soft,kuikma-pr-comfort-soft,Kuikma,PR Comfort Soft,RACKETS,published,true,MEDIA_INSUFFICIENT,true,1,/images/padel/products/kuikma-pr-comfort-soft-hero.jpg,https://en.decathlon.com.sa/products/padel-racket-pr-comfort-soft,72716,AUTHORIZED_RETAILER,Kuikma PR Comfort Soft,HIGH_FILE_EXISTS,MEDIA_INSUFFICIENT
prod-head-padel-pro-plus,head-padel-pro-plus,Head,Padel Pro+,BALLS,published,true,MEDIA_INSUFFICIENT,true,1,/images/padel/products/head-padel-pro-plus-hero.jpg,https://www.padelmq.com/en-nl/products/head-pro-tube,37013,UNKNOWN,HEAD Padel Pro+,HIGH_FILE_EXISTS,MEDIA_INSUFFICIENT
prod-head-padel-team,head-padel-team,Head,Padel Team,BALLS,published,true,MEDIA_INSUFFICIENT,true,1,/images/padel/products/head-padel-team-hero.jpg,https://padelmarket.com/en-eu/products/head-padel-team-3-tubes-of-3-balls,72599,UNKNOWN,HEAD Padel Team,HIGH_FILE_EXISTS,MEDIA_INSUFFICIENT
prod-head-padel-one,head-padel-one,Head,Padel One,BALLS,published,true,MEDIA_INSUFFICIENT,true,1,/images/padel/products/head-padel-one-hero.jpg,https://padelmarket.com/en-gb/products/head-padel-one-tube-of-3-balls,29620,UNKNOWN,HEAD Padel One,HIGH_FILE_EXISTS,MEDIA_INSUFFICIENT
prod-kuikma-pb-speed,kuikma-pb-speed,Kuikma,Padel Speed,BALLS,published,true,MEDIA_INSUFFICIENT,true,1,/images/padel/products/kuikma-pb-speed-hero.jpg,https://www.decathlon.ph/p/pressurised-padel-balls-kuikma-pb-speed-pack-of-3-kuikma-8788980.html,48481,AUTHORIZED_RETAILER,Kuikma Padel Speed,HIGH_FILE_EXISTS,MEDIA_INSUFFICIENT
prod-kuikma-pb-control,kuikma-pb-control,Kuikma,PB Control,BALLS,published,true,MEDIA_INSUFFICIENT,true,1,/images/padel/products/kuikma-pb-control-hero.jpg,https://www.decathlon.in/p/8750703/pressurised-padel-balls-kuikma-pb-control-pack-of-3,50387,AUTHORIZED_RETAILER,Kuikma PB Control,HIGH_FILE_EXISTS,MEDIA_INSUFFICIENT
prod-kuikma-pb-club,kuikma-pb-club,Kuikma,PB Club,BALLS,published,true,MEDIA_INSUFFICIENT,true,1,/images/padel/balls/kuikma-pb-club-hero.jpg,https://padelracketkopen.nl/padel-ballen/kuikma-pb-club-18x-4st/,62742,UNKNOWN,Kuikma PB Club,HIGH_FILE_EXISTS,MEDIA_INSUFFICIENT
prod-wilson-padel-premier,wilson-padel-premier,Wilson,Padel Premier,BALLS,published,true,MEDIA_INSUFFICIENT,true,1,/images/padel/products/wilson-padel-premier-hero.jpg,https://www.padelmq.com/en-nl/products/wilson-premier-tube,33073,UNKNOWN,Wilson Padel Premier,HIGH_FILE_EXISTS,MEDIA_INSUFFICIENT
prod-wilson-padel-premier-speed,wilson-padel-premier-speed,Wilson,Premier Padel Speed,BALLS,published,true,MEDIA_INSUFFICIENT,true,1,/images/padel/products/wilson-padel-premier-speed-hero.jpg,https://www.padelmq.com/en-nl/products/wilson-padel-premier-speed-tube,43396,UNKNOWN,Wilson Premier Padel Speed,HIGH_FILE_EXISTS,MEDIA_INSUFFICIENT
prod-bullpadel-premium-pro,bullpadel-premium-pro,Bullpadel,Premium Pro,BALLS,published,true,MEDIA_INSUFFICIENT,true,1,/images/padel/products/bullpadel-premium-pro-hero.jpg,https://www.padelmq.com/en-nl/products/premium-pro-tube,50810,UNKNOWN,Bullpadel Premium Pro,HIGH_FILE_EXISTS,MEDIA_INSUFFICIENT
prod-bullpadel-premium-gold,bullpadel-premium-gold,Bullpadel,Premium Gold,BALLS,draft,false,MEDIA_MISSING,false,1,,,0,PLACEHOLDER,,LOW,MEDIA_MISSING
prod-adidas-aditour-padel,adidas-aditour-padel-balls,Adidas Padel,Aditour,BALLS,draft,false,MEDIA_MISSING,false,1,,,0,PLACEHOLDER,,LOW,MEDIA_MISSING
prod-adidas-speed-rx,adidas-speed-rx-padel-balls,Adidas Padel,Speed RX,BALLS,published,true,MEDIA_INSUFFICIENT,true,1,/images/padel/products/adidas-speed-rx-padel-balls-hero.jpg,https://www.padelmq.com/en-nl/products/adidas-speed-rx-bal-2023-1-tube-3-ballen,16857,UNKNOWN,Adidas Speed RX Padel Balls,HIGH_FILE_EXISTS,MEDIA_INSUFFICIENT
prod-babolat-court-padel-balls,babolat-court-padel-balls,Babolat,Court Padel,BALLS,published,true,MEDIA_INSUFFICIENT,true,1,/images/padel/products/babolat-court-padel-balls-hero.jpg,https://www.padelmq.com/en-nl/products/babolat-court-padel-ballen-tube,62756,MANUFACTURER,Babolat Court Padel Balls,HIGH_FILE_EXISTS,MEDIA_INSUFFICIENT
prod-dunlop-pro-padel,dunlop-pro-padel,Dunlop,Fort Padel,BALLS,published,true,MEDIA_INSUFFICIENT,true,1,/images/padel/products/dunlop-pro-padel-hero.jpg,https://www.zonadepadel.uk/dunlop-padel/11377-bottle-balls-dunlop-fort-padel.html,44668,UNKNOWN,Dunlop Fort Padel,HIGH_FILE_EXISTS,MEDIA_INSUFFICIENT
prod-tecnifibre-padel-team,tecnifibre-padel-team-balls,Tecnifibre Padel,Padel Team,BALLS,published,true,MEDIA_INSUFFICIENT,true,1,/images/padel/products/tecnifibre-padel-team-balls-hero.jpg,https://www.padelmq.com/en-nl/products/tube-van-3-tecnifibre-padel-team-ballen,27280,UNKNOWN,Tecnifibre Padel Team,HIGH_FILE_EXISTS,MEDIA_INSUFFICIENT
prod-nox-at10-team-bag,nox-at10-team-paletero,Nox,AT10 Team Paletero,BAGS,published,true,MEDIA_INSUFFICIENT,true,1,/images/padel/products/nox-at10-team-paletero-hero.jpg,https://noxsport.com/en/products/paletero-at10-team-grey-black,159346,MANUFACTURER,Nox AT10 Team Paletero,HIGH_FILE_EXISTS,MEDIA_INSUFFICIENT
prod-babolat-rh-pro-padel,babolat-rh-pro-padel,Babolat,RH Pro Padel,BAGS,published,true,MEDIA_INSUFFICIENT,true,1,/images/padel/products/babolat-rh-pro-padel-hero.jpg,https://www.babolat.com/us/rh-pro/759020.html,166868,MANUFACTURER,Babolat RH Pro Padel,HIGH_FILE_EXISTS,MEDIA_INSUFFICIENT
prod-bullpadel-vertex-backpack,bullpadel-vertex-geo-backpack,Bullpadel,Vertex Geo Backpack,BAGS,published,true,MEDIA_INSUFFICIENT,true,1,/images/padel/products/bullpadel-vertex-geo-backpack-hero.jpg,https://www.padelmq.com/en-nl/products/bullpadel-vertex-geo-rugzak-intense-blue-2026,68344,MANUFACTURER,Bullpadel Vertex Geo Backpack,HIGH_FILE_EXISTS,MEDIA_INSUFFICIENT
prod-tecnifibre-tour-endurance-backpack,tecnifibre-tour-endurance-padel-backpack,Tecnifibre Padel,Tour Endurance Backpack,BAGS,published,true,MEDIA_INSUFFICIENT,true,1,/images/padel/products/tecnifibre-tour-endurance-padel-backpack-hero.jpg,https://www.padelmq.com/en-nl/products/tecnifibre-tour-endurance-rugzak-caqui,62591,UNKNOWN,Tecnifibre Tour Endurance Padel Backpack,HIGH_FILE_EXISTS,MEDIA_INSUFFICIENT
prod-babolat-court-backpack,babolat-court-backpack,Babolat,Court S,BAGS,published,true,MEDIA_INSUFFICIENT,true,1,/images/padel/products/babolat-court-backpack-hero.jpg,https://www.babolat.com/us/court-s/102-759022.html,166754,MANUFACTURER,Babolat Court S Padel Bag,HIGH_FILE_EXISTS,MEDIA_INSUFFICIENT
prod-adidas-protour-padel,adidas-protour-padel-bag,Adidas Padel,ProTour 3.5,BAGS,published,true,MEDIA_INSUFFICIENT,true,1,/images/padel/products/adidas-protour-padel-bag-hero.jpg,https://www.padelmq.com/en-nl/products/adidas-padeltas-protour-3-5-blauw-brons-2026,83499,UNKNOWN,Adidas ProTour 3.5 Padel Bag,HIGH_FILE_EXISTS,MEDIA_INSUFFICIENT
prod-head-tour-team-padel,head-tour-team-padel-bag,Head,Tour Team Padel,BAGS,published,true,MEDIA_INSUFFICIENT,true,1,/images/padel/bags/head-tour-team-padel-hero.jpg,https://www.padelmq.com/products/head-tour-padel-l-blauwe-padeltas-2026?_pos=1&_psq=head+Tour+Team+Padel&_psid=d6834d8fc&_ss=e,56109,UNKNOWN,HEAD Tour Team Padel Bag,HIGH_FILE_EXISTS,MEDIA_INSUFFICIENT
prod-head-elite-backpack,head-elite-padel-backpack,Head,Elite Backpack,BAGS,published,true,MEDIA_INSUFFICIENT,true,1,/images/padel/products/head-elite-padel-backpack-hero.jpg,https://www.tennis-point.co.uk/products/head-tour-team-elite-backpack-limeblue-00637502591000,178214,UNKNOWN,HEAD Elite Padel Backpack,HIGH_FILE_EXISTS,MEDIA_INSUFFICIENT
prod-wilson-super-tour-padel,wilson-super-tour-padel-bag,Wilson,Bela Super Tour,BAGS,published,true,MEDIA_INSUFFICIENT,true,1,/images/padel/products/wilson-super-tour-padel-bag-hero.jpg,https://www.padelmq.com/en-nl/products/wilson-bela-super-tour-padel-tas-rood,9652,UNKNOWN,Wilson Bela Super Tour Padel Bag,HIGH_FILE_EXISTS,MEDIA_INSUFFICIENT
prod-kuikma-paletero,kuikma-padel-paletero,Kuikma,Kuikma Paletero,BAGS,draft,false,MEDIA_MISSING,false,1,,,0,PLACEHOLDER,,LOW,MEDIA_MISSING
prod-nox-pro-series-bag,nox-pro-series-padel-bag,Nox,Pro Series Bag,BAGS,draft,false,MEDIA_MISSING,false,1,,,0,PLACEHOLDER,,LOW,MEDIA_MISSING
prod-nox-at10-xxl-bag,nox-at10-xxl-padel-bag,Nox,AT10 XXL,BAGS,published,true,MEDIA_INSUFFICIENT,true,1,/images/padel/products/nox-at10-xxl-padel-bag-hero.jpg,https://www.padelmq.com/en-eu/products/nox-at10-xxl-padel-bag-black-red-agustin-tapia,147738,UNKNOWN,Nox AT10 XXL Padel Bag,HIGH_FILE_EXISTS,MEDIA_INSUFFICIENT
prod-siux-paletero,siux-padel-paletero,Siux,Siux Paletero,BAGS,draft,false,MEDIA_MISSING,false,1,,,0,PLACEHOLDER,,LOW,MEDIA_MISSING
prod-bullpadel-gb1200,bullpadel-hac-overgrip,Bullpadel,HaC,GRIPS,published,true,MEDIA_INSUFFICIENT,true,1,/images/padel/products/bullpadel-hac-overgrip-hero.jpg,https://www.zonadepadel.uk/bullpadel/1390-overgrips-gb1200-blancos.html,52243,MANUFACTURER,Bullpadel HaC Overgrip 3-Pack,HIGH_FILE_EXISTS,MEDIA_INSUFFICIENT
prod-nox-pro-overgrip,nox-pro-overgrip,Nox,Pro Overgrip,GRIPS,published,true,MEDIA_INSUFFICIENT,true,1,/images/padel/products/nox-pro-overgrip-hero.jpg,https://www.padelmq.com/en-nl/products/nox-pro-overgrip-wit-3-pack,123970,UNKNOWN,Nox Pro Overgrip 3-Pack,HIGH_FILE_EXISTS,MEDIA_INSUFFICIENT
prod-head-xtreme-soft,head-xtreme-soft-overgrip,Head,Xtreme Soft,GRIPS,published,true,MEDIA_INSUFFICIENT,true,1,/images/padel/products/head-xtreme-soft-overgrip-hero.jpg,https://www.padelmq.com/en-nl/products/head-xtreme-soft-overgrip-wit,11389,UNKNOWN,HEAD Xtreme Soft Overgrip,HIGH_FILE_EXISTS,MEDIA_INSUFFICIENT
prod-babolat-pro-response,babolat-pro-response-overgrip,Babolat,Pro Response,GRIPS,published,true,MEDIA_INSUFFICIENT,true,1,/images/padel/products/babolat-pro-response-overgrip-hero.jpg,https://www.babolat.com/gb/pro-response-x3/653048.html,199742,MANUFACTURER,Babolat Pro Response Overgrip,HIGH_FILE_EXISTS,MEDIA_INSUFFICIENT
prod-kuikma-overgrip,kuikma-padel-overgrip,Kuikma,Kuikma Overgrip Pro,GRIPS,published,true,MEDIA_INSUFFICIENT,true,1,/images/padel/products/kuikma-padel-overgrip-hero.jpg,https://www.decathlon.sg/p/padel-overgrip-pro-kuikma-8981669.html,74446,AUTHORIZED_RETAILER,Kuikma Padel Overgrip Pro,HIGH_FILE_EXISTS,MEDIA_INSUFFICIENT
prod-head-hydrosorb,head-hydrosorb-replacement-grip,Head,Hydrosorb,GRIPS,draft,false,MEDIA_MISSING,false,1,,,0,PLACEHOLDER,,LOW,MEDIA_MISSING
prod-babolat-syntec-pro,babolat-syntec-pro-replacement-grip,Babolat,Syntec Pro,GRIPS,published,true,MEDIA_INSUFFICIENT,true,1,/images/padel/products/babolat-syntec-pro-replacement-grip-hero.jpg,https://www.babolat.com/us/syntec-pro/670051.html,228266,MANUFACTURER,Babolat Syntec Pro Replacement Grip,HIGH_FILE_EXISTS,MEDIA_INSUFFICIENT
prod-hesacore-padel,hesacore-padel-grip,Hesacore,Hesacore,GRIPS,published,true,MEDIA_INSUFFICIENT,true,1,/images/padel/products/hesacore-padel-grip-hero.jpg,https://www.padelmq.com/en-nl/products/hesacore-grip,40040,UNKNOWN,Hesacore Padel Grip,HIGH_FILE_EXISTS,MEDIA_INSUFFICIENT
prod-adidas-padel-overgrip,adidas-padel-overgrip,Adidas Padel,Adidas Padel Overgrip,GRIPS,published,true,MEDIA_INSUFFICIENT,true,1,/images/padel/grips/adidas-padel-overgrip-hero.jpg,https://www.padelmq.com/products/adidas-overgrip-oranje?_pos=1&_psq=adidas+Adidas+Padel+Overgrip&_psid=d20f41bf6&_ss=e,38565,UNKNOWN,Adidas Padel Overgrip,HIGH_FILE_EXISTS,MEDIA_INSUFFICIENT
prod-bullpadel-frame-protector,bullpadel-frame-protector-3-pack,Bullpadel,Frame Protector,ACCESSORIES,published,true,MEDIA_INSUFFICIENT,true,1,/images/padel/products/bullpadel-frame-protector-3-pack-hero.jpg,https://www.padelmq.com/en-nl/products/bullpadel-frame-protector-zwart-3-stuks,66993,MANUFACTURER,Bullpadel Frame Protector 3-Pack,HIGH_FILE_EXISTS,MEDIA_INSUFFICIENT
prod-nox-frame-protector,nox-transparent-frame-protector,Nox,Transparent Protector,ACCESSORIES,published,true,MEDIA_INSUFFICIENT,true,1,/images/padel/products/nox-transparent-frame-protector-hero.jpg,https://www.padelmq.com/en-nl/products/nox-protection-tape-transparant-framebeschermer,16776,UNKNOWN,Nox Transparent Frame Protector,HIGH_FILE_EXISTS,MEDIA_INSUFFICIENT
prod-bullpadel-pascal-box,bullpadel-pascal-box-3b,Bullpadel,Pascal Box 3B,ACCESSORIES,published,true,MEDIA_INSUFFICIENT,true,1,/images/padel/products/bullpadel-pascal-box-3b-hero.jpg,https://www.padelmq.com/en-nl/products/pascal-box-3b,84259,UNKNOWN,Bullpadel Pascal Box 3B,HIGH_FILE_EXISTS,MEDIA_INSUFFICIENT
prod-head-x3-pressurizer,head-x3-ball-pressurizer,Head,X3 Pressurizer,ACCESSORIES,published,true,MEDIA_INSUFFICIENT,true,1,/images/padel/products/head-x3-ball-pressurizer-hero.jpg,https://padelproshop.com/en/products/pressurizer-head-x3-pump,57938,UNKNOWN,HEAD X3 Ball Pressurizer,HIGH_FILE_EXISTS,MEDIA_INSUFFICIENT
prod-bullpadel-custom-weight,bullpadel-protector-custom-weight,Bullpadel,Protector Custom Weight,ACCESSORIES,published,true,MEDIA_INSUFFICIENT,true,1,/images/padel/products/bullpadel-protector-custom-weight-hero.jpg,https://www.padelmq.com/en-nl/products/bullpadel-protector-custom-weight-4-stuks,54774,MANUFACTURER,Bullpadel Protector Custom Weight,HIGH_FILE_EXISTS,MEDIA_INSUFFICIENT
prod-head-wristband,head-padel-wristband,Head,HEAD Wristband,ACCESSORIES,draft,false,MEDIA_MISSING,false,0,,,0,PLACEHOLDER,,LOW,MEDIA_MISSING
prod-wilson-wristband,wilson-padel-wristband,Wilson,Wilson Wristband,ACCESSORIES,draft,false,MEDIA_MISSING,false,0,,,0,PLACEHOLDER,,LOW,MEDIA_MISSING
prod-nox-wristband,nox-padel-wristband,Nox,Nox Wristband,ACCESSORIES,draft,false,MEDIA_MISSING,false,0,,,0,PLACEHOLDER,,LOW,MEDIA_MISSING
prod-bullpadel-wristband,bullpadel-padel-wristband,Bullpadel,Bullpadel Wristband,ACCESSORIES,draft,false,MEDIA_MISSING,false,0,,,0,PLACEHOLDER,,LOW,MEDIA_MISSING
prod-head-smartsorb,head-smartsorb,Head,Smartsorb,ACCESSORIES,draft,false,MEDIA_MISSING,false,0,,,0,PLACEHOLDER,,LOW,MEDIA_MISSING
prod-4on-totalgrip,4on-totalgrip,4ON,TotalGrip,ACCESSORIES,published,true,MEDIA_INSUFFICIENT,true,1,/images/padel/accessories/4on-totalgrip-hero.jpg,https://www.4on.store/products/totalgrip/4on-totalgrip-spray,25373,UNKNOWN,TotalGrip Spray,HIGH_FILE_EXISTS,MEDIA_INSUFFICIENT
prod-adidas-adidas-protector,adidas-adidas-protector,Adidas Padel,Adidas Protector,ACCESSORIES,draft,false,MEDIA_MISSING,false,0,,,0,PLACEHOLDER,,LOW,MEDIA_MISSING
prod-adidas-adidas-wristband,adidas-adidas-wristband,Adidas Padel,Adidas Wristband,ACCESSORIES,draft,false,MEDIA_MISSING,false,0,,,0,PLACEHOLDER,,LOW,MEDIA_MISSING
prod-alacran-alacran-basket,alacran-alacran-basket,Alacran,Alacran Basket,ACCESSORIES,draft,false,MEDIA_MISSING,false,0,,,0,PLACEHOLDER,,LOW,MEDIA_MISSING
prod-alacran-wide-ancha,alacran-wide-ancha,Alacran,Wide / Ancha,ACCESSORIES,draft,false,MEDIA_MISSING,false,0,,,0,PLACEHOLDER,,LOW,MEDIA_MISSING
prod-babolat-babolat-protector,babolat-babolat-protector,Babolat,Babolat Protector,ACCESSORIES,draft,false,MEDIA_MISSING,false,0,,,0,PLACEHOLDER,,LOW,MEDIA_MISSING
prod-babolat-babolat-wristband,babolat-babolat-wristband,Babolat,Babolat Wristband,ACCESSORIES,draft,false,MEDIA_MISSING,false,0,,,0,PLACEHOLDER,,LOW,MEDIA_MISSING
prod-ball-rescuer-ball-rescuer,ball-rescuer-ball-rescuer,Ball Rescuer,Ball Rescuer,ACCESSORIES,published,true,MEDIA_INSUFFICIENT,true,1,/images/padel/accessories/ball-rescuer-ball-rescuer-hero.jpg,https://ballrescuer.com/en-nl,110653,UNKNOWN,Ball Rescuer,HIGH_FILE_EXISTS,MEDIA_INSUFFICIENT
prod-ball-rescuer-premium,ball-rescuer-premium,Ball Rescuer,Premium,ACCESSORIES,draft,false,MEDIA_MISSING,false,0,,,0,PLACEHOLDER,,LOW,MEDIA_MISSING
prod-black-crown-vibranium-transparent,black-crown-vibranium-transparent,Black Crown,Vibranium Transparent,ACCESSORIES,draft,false,MEDIA_MISSING,false,0,,,0,PLACEHOLDER,,LOW,MEDIA_MISSING
prod-black-crown-black-crown-wristband,black-crown-black-crown-wristband,Black Crown,Black Crown Wristband,ACCESSORIES,published,true,MEDIA_INSUFFICIENT,true,1,/images/padel/accessories/black-crown-black-crown-wristband-hero.jpg,https://www.padelmq.com/products/black-crown-polsbanden-2-stuks?_pos=1&_psq=black-crown+Black+Crown+Wristband&_psid=1f5bd4f50&_ss=e,57014,UNKNOWN,Wristband,HIGH_FILE_EXISTS,MEDIA_INSUFFICIENT
prod-bounce-bounce-padel-x4,bounce-bounce-padel-x4,Bounce Tube,Bounce Padel X4,ACCESSORIES,draft,false,MEDIA_MISSING,false,0,,,0,PLACEHOLDER,,LOW,MEDIA_MISSING
prod-bullpadel-bpmu252-bpmu253,bullpadel-bpmu252-bpmu253,Bullpadel,BPMU252 / BPMU253,ACCESSORIES,draft,false,MEDIA_MISSING,false,0,,,0,PLACEHOLDER,,LOW,MEDIA_MISSING
prod-bullpadel-pascal-box-switch-3b,bullpadel-pascal-box-switch-3b,Bullpadel,Pascal Box Switch 3B,ACCESSORIES,draft,false,MEDIA_MISSING,false,0,,,0,PLACEHOLDER,,LOW,MEDIA_MISSING
prod-bullpadel-custom-weight-grip,bullpadel-custom-weight-grip,Bullpadel,Custom Weight Grip,ACCESSORIES,published,true,MEDIA_INSUFFICIENT,true,1,/images/padel/accessories/bullpadel-custom-weight-grip-hero.jpg,https://www.padelnuestro.com/int/box-12-pcs-blister-3-pcs-protector-bullpadel-custom-weight-black-111273-p,131575,MANUFACTURER,Custom Weight Grip Cap,HIGH_FILE_EXISTS,MEDIA_INSUFFICIENT
prod-bullpadel-frame-protector-uni,bullpadel-frame-protector-uni,Bullpadel,Frame Protector Uni,ACCESSORIES,published,true,MEDIA_INSUFFICIENT,true,1,/images/padel/accessories/bullpadel-frame-protector-uni-hero.jpg,https://www.padelmq.com/products/bullpadel-frame-guard-transparant-3-stuks?_pos=1&_psq=bullpadel+Frame+Protector+Uni&_psid=e92e20b70&_ss=e,29133,MANUFACTURER,Frame Protector,HIGH_FILE_EXISTS,MEDIA_INSUFFICIENT
prod-bullpadel-bullpadel-headband,bullpadel-bullpadel-headband,Bullpadel,Bullpadel Headband,ACCESSORIES,draft,false,MEDIA_MISSING,false,0,,,0,PLACEHOLDER,,LOW,MEDIA_MISSING
prod-bullpadel-metalshield,bullpadel-metalshield,Bullpadel,Metalshield,ACCESSORIES,draft,false,MEDIA_MISSING,false,0,,,0,PLACEHOLDER,,LOW,MEDIA_MISSING
prod-bullpadel-pascal-box-4b,bullpadel-pascal-box-4b,Bullpadel,Pascal Box 4B,ACCESSORIES,draft,false,MEDIA_MISSING,false,0,,,0,PLACEHOLDER,,LOW,MEDIA_MISSING
prod-bullpadel-pascal-box-pro,bullpadel-pascal-box-pro,Bullpadel,Pascal Box PRO,ACCESSORIES,draft,false,MEDIA_MISSING,false,0,,,0,PLACEHOLDER,,LOW,MEDIA_MISSING
prod-bullpadel-pascal-box-switch,bullpadel-pascal-box-switch,Bullpadel,Pascal Box SWITCH,ACCESSORIES,draft,false,MEDIA_MISSING,false,0,,,0,PLACEHOLDER,,LOW,MEDIA_MISSING
prod-bullpadel-custom-weight-protector,bullpadel-custom-weight-protector,Bullpadel,Custom Weight Protector,ACCESSORIES,draft,false,MEDIA_MISSING,false,0,,,0,PLACEHOLDER,,LOW,MEDIA_MISSING
prod-enebe-enebe-protector-line,enebe-enebe-protector-line,Enebe,Enebe Protector line,ACCESSORIES,published,true,MEDIA_INSUFFICIENT,true,1,/images/padel/accessories/enebe-enebe-protector-line-hero.jpg,https://www.padelmq.com/products/enebe-dentado-frame-protector-zwart?_pos=1&_psq=enebe+Enebe+Protector+line&_psid=d76accf8c&_ss=e,49857,UNKNOWN,Aerox / Response / Spitfire Protectors,HIGH_FILE_EXISTS,MEDIA_INSUFFICIENT
prod-head-antishock-skin,head-antishock-skin,Head,Antishock Skin,ACCESSORIES,published,true,MEDIA_INSUFFICIENT,true,1,/images/padel/accessories/head-antishock-skin-hero.jpg,https://www.padelmq.com/products/head-anti-shock-skin-protector-transparant?_pos=1&_psq=head+Antishock+Skin&_psid=36af542d2&_ss=e,13689,UNKNOWN,Antishock Skin Padel,HIGH_FILE_EXISTS,MEDIA_INSUFFICIENT
prod-head-head-ball-cart,head-head-ball-cart,Head,HEAD Ball Cart,ACCESSORIES,draft,false,MEDIA_MISSING,false,0,,,0,PLACEHOLDER,,LOW,MEDIA_MISSING
prod-head-pick-up-tube,head-pick-up-tube,Head,Pick Up Tube,ACCESSORIES,draft,false,MEDIA_MISSING,false,0,,,0,PLACEHOLDER,,LOW,MEDIA_MISSING
prod-head-court-basket-70,head-court-basket-70,Head,Court Basket 70,ACCESSORIES,draft,false,MEDIA_MISSING,false,0,,,0,PLACEHOLDER,,LOW,MEDIA_MISSING
prod-head-ball-basket,head-ball-basket,Head,Ball Basket,ACCESSORIES,draft,false,MEDIA_MISSING,false,0,,,0,PLACEHOLDER,,LOW,MEDIA_MISSING
prod-head-protector-tape,head-protector-tape,Head,Protector Tape,ACCESSORIES,draft,false,MEDIA_MISSING,false,0,,,0,PLACEHOLDER,,LOW,MEDIA_MISSING
prod-head-headband,head-headband,Head,Headband,ACCESSORIES,draft,false,MEDIA_MISSING,false,0,,,0,PLACEHOLDER,,LOW,MEDIA_MISSING
prod-head-x100,head-x100,Head,X100,ACCESSORIES,draft,false,MEDIA_MISSING,false,0,,,0,PLACEHOLDER,,LOW,MEDIA_MISSING
prod-head-head-logo-wristband,head-head-logo-wristband,Head,HEAD Logo Wristband,ACCESSORIES,draft,false,MEDIA_MISSING,false,0,,,0,PLACEHOLDER,,LOW,MEDIA_MISSING
prod-head-coaching-kit,head-coaching-kit,Head,Coaching Kit,ACCESSORIES,draft,false,MEDIA_MISSING,false,0,,,0,PLACEHOLDER,,LOW,MEDIA_MISSING
prod-head-dome-cones,head-dome-cones,Head,Dome Cones,ACCESSORIES,draft,false,MEDIA_MISSING,false,0,,,0,PLACEHOLDER,,LOW,MEDIA_MISSING
prod-head-performance-headband,head-performance-headband,Head,Performance HEADband,ACCESSORIES,draft,false,MEDIA_MISSING,false,0,,,0,PLACEHOLDER,,LOW,MEDIA_MISSING
prod-head-head-targets,head-head-targets,Head,HEAD Targets,ACCESSORIES,draft,false,MEDIA_MISSING,false,0,,,0,PLACEHOLDER,,LOW,MEDIA_MISSING
prod-head-x3-pump,head-x3-pump,Head,X3 Pump,ACCESSORIES,published,true,MEDIA_INSUFFICIENT,true,1,/images/padel/accessories/head-x3-pump-hero.jpg,https://padelproshop.com/en/products/pressurizer-head-x3-pump,30213,UNKNOWN,X3 Pump,HIGH_FILE_EXISTS,MEDIA_INSUFFICIENT
prod-head-x4-pump,head-x4-pump,Head,X4 Pump,ACCESSORIES,draft,false,MEDIA_MISSING,false,0,,,0,PLACEHOLDER,,LOW,MEDIA_MISSING
prod-nox-nox-pickup-tube,nox-nox-pickup-tube,Nox,Nox Pickup Tube,ACCESSORIES,draft,false,MEDIA_MISSING,false,0,,,0,PLACEHOLDER,,LOW,MEDIA_MISSING
prod-nox-nox-color-pack,nox-nox-color-pack,Nox,Nox Color Pack,ACCESSORIES,draft,false,MEDIA_MISSING,false,0,,,0,PLACEHOLDER,,LOW,MEDIA_MISSING
prod-nox-texture-protector,nox-texture-protector,Nox,Texture Protector,ACCESSORIES,draft,false,MEDIA_MISSING,false,0,,,0,PLACEHOLDER,,LOW,MEDIA_MISSING
prod-nox-transparent-protection-tape,nox-transparent-protection-tape,Nox,Transparent / Protection Tape,ACCESSORIES,draft,false,MEDIA_MISSING,false,0,,,0,PLACEHOLDER,,LOW,MEDIA_MISSING
prod-nox-weight-balancer-2-4g,nox-weight-balancer-2-4g,Nox,Weight Balancer 2-4g,ACCESSORIES,published,true,MEDIA_INSUFFICIENT,true,1,/images/padel/accessories/nox-weight-balancer-2-4g-hero.jpg,https://www.extreme-tennis.eu/padel-accessories/23570-nox-weight-balancer-padel.html,54314,UNKNOWN,Weight Balancer,HIGH_FILE_EXISTS,MEDIA_INSUFFICIENT
prod-pascal-box-compressor,pascal-box-compressor,Pascal Box,Compressor,ACCESSORIES,draft,false,MEDIA_MISSING,false,0,,,0,PLACEHOLDER,,LOW,MEDIA_MISSING
prod-pascal-box-compressor-pro,pascal-box-compressor-pro,Pascal Box,Compressor Pro,ACCESSORIES,draft,false,MEDIA_MISSING,false,0,,,0,PLACEHOLDER,,LOW,MEDIA_MISSING
prod-shockout-gravity,shockout-gravity,ShockOut,Gravity+,ACCESSORIES,published,true,MEDIA_INSUFFICIENT,true,1,/images/padel/accessories/shockout-gravity-hero.jpg,https://www.shockout.es/tienda/gravity/gravity/,35770,UNKNOWN,Gravity+,HIGH_FILE_EXISTS,MEDIA_INSUFFICIENT
prod-shockout-shockout-protector,shockout-shockout-protector,ShockOut,ShockOut Protector,ACCESSORIES,draft,false,MEDIA_MISSING,false,0,,,0,PLACEHOLDER,,LOW,MEDIA_MISSING
prod-shockout-padel-balls-design,shockout-padel-balls-design,ShockOut,Padel Balls design,ACCESSORIES,draft,false,MEDIA_MISSING,false,0,,,0,PLACEHOLDER,,LOW,MEDIA_MISSING
prod-siux-siux-logo-transparent,siux-siux-logo-transparent,Siux,Siux Logo Transparent,ACCESSORIES,draft,false,MEDIA_MISSING,false,0,,,0,PLACEHOLDER,,LOW,MEDIA_MISSING
prod-softee-softee-basket,softee-softee-basket,Softee,Softee Basket,ACCESSORIES,draft,false,MEDIA_MISSING,false,0,,,0,PLACEHOLDER,,LOW,MEDIA_MISSING
prod-softee-cube-pro,softee-cube-pro,Softee,Cube Pro,ACCESSORIES,draft,false,MEDIA_MISSING,false,0,,,0,PLACEHOLDER,,LOW,MEDIA_MISSING
prod-softee-max-tube,softee-max-tube,Softee,Max Tube,ACCESSORIES,draft,false,MEDIA_MISSING,false,0,,,0,PLACEHOLDER,,LOW,MEDIA_MISSING
prod-softee-press-pro-x3,softee-press-pro-x3,Softee,Press Pro X3,ACCESSORIES,draft,false,MEDIA_MISSING,false,0,,,0,PLACEHOLDER,,LOW,MEDIA_MISSING
prod-softee-softee-protector,softee-softee-protector,Softee,Softee Protector,ACCESSORIES,published,true,MEDIA_INSUFFICIENT,true,1,/images/padel/accessories/softee-softee-protector-hero.jpg,https://www.padelmq.com/products/softee-protector-dentado-zwart?_pos=1&_psq=softee+Softee+Protector&_psid=ce19b3f63&_ss=e,40979,UNKNOWN,Transparent Protector,HIGH_FILE_EXISTS,MEDIA_INSUFFICIENT
prod-starvie-transparent-protector-2026,starvie-transparent-protector-2026,StarVie,Transparent Protector 2026,ACCESSORIES,published,true,MEDIA_INSUFFICIENT,true,1,/images/padel/accessories/starvie-transparent-protector-2026-hero.jpg,https://www.padelshack.com/product/starvie-transparent-protector-2026/,8885,MANUFACTURER,StarVie Transparent Protector 2026,HIGH_FILE_EXISTS,MEDIA_INSUFFICIENT
prod-tuboplus-tuboplus-29psi-x3,tuboplus-tuboplus-29psi-x3,TuboPlus,TuboPlus 29PSI X3,ACCESSORIES,draft,false,MEDIA_MISSING,false,0,,,0,PLACEHOLDER,,LOW,MEDIA_MISSING
prod-tuboplus-29psi-x3e,tuboplus-29psi-x3e,TuboPlus,29PSI X3e,ACCESSORIES,draft,false,MEDIA_MISSING,false,0,,,0,PLACEHOLDER,,LOW,MEDIA_MISSING
prod-tuboplus-29psi-x4e,tuboplus-29psi-x4e,TuboPlus,29PSI X4e,ACCESSORIES,draft,false,MEDIA_MISSING,false,0,,,0,PLACEHOLDER,,LOW,MEDIA_MISSING
prod-tuboplus-boost,tuboplus-boost,TuboPlus,BOOST,ACCESSORIES,draft,false,MEDIA_MISSING,false,0,,,0,PLACEHOLDER,,LOW,MEDIA_MISSING
prod-tuboplus-r3play,tuboplus-r3play,TuboPlus,R3PLAY,ACCESSORIES,draft,false,MEDIA_MISSING,false,0,,,0,PLACEHOLDER,,LOW,MEDIA_MISSING
prod-tuboplus-r3set,tuboplus-r3set,TuboPlus,R3SET,ACCESSORIES,draft,false,MEDIA_MISSING,false,0,,,0,PLACEHOLDER,,LOW,MEDIA_MISSING
prod-tuboplus-repl4y,tuboplus-repl4y,TuboPlus,REPL4Y,ACCESSORIES,draft,false,MEDIA_MISSING,false,0,,,0,PLACEHOLDER,,LOW,MEDIA_MISSING
prod-tuboplus-tuboplus-x4,tuboplus-tuboplus-x4,TuboPlus,TuboPlus X4,ACCESSORIES,draft,false,MEDIA_MISSING,false,0,,,0,PLACEHOLDER,,LOW,MEDIA_MISSING
prod-tuboplus-tubox3,tuboplus-tubox3,TuboPlus,TuboX3,ACCESSORIES,draft,false,MEDIA_MISSING,false,0,,,0,PLACEHOLDER,,LOW,MEDIA_MISSING
prod-vibora-vibor-a-transparent,vibora-vibor-a-transparent,Vibora,Vibor-A Transparent,ACCESSORIES,published,true,MEDIA_INSUFFICIENT,true,1,/images/padel/accessories/vibora-vibor-a-transparent-hero.jpg,https://www.padelmq.com/products/vibora-diva-swarovski-tas-bruin?_pos=1&_psq=vibora+Vibor-A+Transparent&_psid=c5b49c839&_ss=e,42765,UNKNOWN,Transparent Protection Tape,HIGH_FILE_EXISTS,MEDIA_INSUFFICIENT
prod-wilson-wilson-weight-tape,wilson-wilson-weight-tape,Wilson,Wilson Weight Tape,ACCESSORIES,draft,false,MEDIA_MISSING,false,0,,,0,PLACEHOLDER,,LOW,MEDIA_MISSING
prod-wilson-wilson-protector,wilson-wilson-protector,Wilson,Wilson Protector,ACCESSORIES,draft,false,MEDIA_MISSING,false,0,,,0,PLACEHOLDER,,LOW,MEDIA_MISSING
prod-adidas-control-2026,adidas-control-2026,Adidas Padel,Control 2026,BAGS,published,true,MEDIA_INSUFFICIENT,true,1,/images/padel/bags/adidas-control-2026-hero.jpg,https://padelproshop.com/en-de/products/padel-bag-adidas-control-white-2026,50440,UNKNOWN,Adidas Control Padel Bag 2026,HIGH_FILE_EXISTS,MEDIA_INSUFFICIENT
prod-adidas-metalbone-bag,adidas-metalbone-bag,Adidas Padel,Metalbone Bag,BAGS,draft,false,MEDIA_MISSING,false,1,,,0,PLACEHOLDER,,LOW,MEDIA_MISSING
prod-adidas-multigame-backpack-2026,adidas-multigame-backpack-2026,Adidas Padel,Multigame Backpack 2026,BAGS,draft,false,MEDIA_MISSING,false,1,,,0,PLACEHOLDER,,LOW,MEDIA_MISSING
prod-adidas-multigame-2026,adidas-multigame-2026,Adidas Padel,Multigame 2026,BAGS,draft,false,MEDIA_MISSING,false,1,,,0,PLACEHOLDER,,LOW,MEDIA_MISSING
prod-adidas-protour-backpack-2026,adidas-protour-backpack-2026,Adidas Padel,ProTour Backpack 2026,BAGS,published,true,MEDIA_INSUFFICIENT,true,1,/images/padel/bags/adidas-protour-backpack-2026-hero.jpg,https://www.padelnuestro.com/uk/bag-adidas-protour-2026-ab1ma6u26,112357,UNKNOWN,Adidas ProTour Backpack 2026,HIGH_FILE_EXISTS,MEDIA_INSUFFICIENT
prod-adidas-tour,adidas-tour,Adidas Padel,Tour,BAGS,published,true,MEDIA_INSUFFICIENT,true,1,/images/padel/bags/adidas-tour-hero.jpg,https://www.padelmq.com/products/adidas-padeltas-tour-3-5-silver-2026?_pos=1&_psq=adidas+Tour&_psid=674e7ab7e&_ss=e,131721,UNKNOWN,Tour Padel Bag,HIGH_FILE_EXISTS,MEDIA_INSUFFICIENT
prod-adidas-weekend,adidas-weekend,Adidas Padel,Weekend,BAGS,draft,false,MEDIA_MISSING,false,1,,,0,PLACEHOLDER,,LOW,MEDIA_MISSING
prod-babolat-backpack-kids,babolat-backpack-kids,Babolat,Backpack Kids,BAGS,draft,false,MEDIA_MISSING,false,1,,,0,PLACEHOLDER,,LOW,MEDIA_MISSING
prod-babolat-court-backpack-lite,babolat-court-backpack-lite,Babolat,Court Backpack Lite,BAGS,draft,false,MEDIA_MISSING,false,1,,,0,PLACEHOLDER,,LOW,MEDIA_MISSING
prod-babolat-rh-perf,babolat-rh-perf,Babolat,RH Perf,BAGS,published,true,MEDIA_INSUFFICIENT,true,1,/images/padel/bags/babolat-rh-perf-hero.jpg,https://www.babolat.com/us/rh-perf/759021.html,138135,MANUFACTURER,RH Perf Padel,HIGH_FILE_EXISTS,MEDIA_INSUFFICIENT
prod-black-crown-spartan,black-crown-spartan,Black Crown,Spartan,BAGS,published,true,MEDIA_INSUFFICIENT,true,1,/images/padel/bags/black-crown-spartan-hero.jpg,https://www.padelmq.com/nl-nl/products/black-crown-spartan-rugzak-zwart-rood,86692,UNKNOWN,Spartan Backpack,HIGH_FILE_EXISTS,MEDIA_INSUFFICIENT
prod-black-crown-thunder,black-crown-thunder,Black Crown,Thunder,BAGS,published,true,MEDIA_INSUFFICIENT,true,1,/images/padel/bags/black-crown-thunder-hero.jpg,https://www.padelshack.com/product/black-crown-thunder-padel-bag-2026-blackblack/,53108,UNKNOWN,Thunder Padel Bag,HIGH_FILE_EXISTS,MEDIA_INSUFFICIENT
prod-black-crown-ultimate-pro-2-0,black-crown-ultimate-pro-2-0,Black Crown,Ultimate Pro 2.0,BAGS,published,true,MEDIA_INSUFFICIENT,true,1,/images/padel/bags/black-crown-ultimate-pro-2-0-hero.jpg,https://www.padelshack.com/product/black-crown-ultimate-pro-20-padel-racket-bag-2025-navy/,62259,UNKNOWN,Ultimate Pro 2.0,HIGH_FILE_EXISTS,MEDIA_INSUFFICIENT
prod-bullpadel-advance-bpp26014,bullpadel-advance-bpp26014,Bullpadel,Advance BPP26014,BAGS,draft,false,MEDIA_MISSING,false,1,,,0,PLACEHOLDER,,LOW,MEDIA_MISSING
prod-bullpadel-casual-bpp26016,bullpadel-casual-bpp26016,Bullpadel,Casual BPP26016,BAGS,published,true,MEDIA_INSUFFICIENT,true,1,/images/padel/bags/bullpadel-casual-bpp26016-hero.jpg,https://www.padelmq.com/products/bullpadel-padeltas-casual-zwart-2026?_pos=1&_psq=bullpadel+Casual+BPP26016&_psid=1e4019b93&_ss=e,51246,MANUFACTURER,Bullpadel Casual 2026 Paletero,HIGH_FILE_EXISTS,MEDIA_INSUFFICIENT
prod-bullpadel-elite-bpp26019,bullpadel-elite-bpp26019,Bullpadel,Elite BPP26019,BAGS,published,true,MEDIA_INSUFFICIENT,true,1,/images/padel/bags/bullpadel-elite-bpp26019-hero.jpg,https://www.padelmq.com/products/bullpadel-padeltas-elite-2025?_pos=1&_psq=bullpadel+Elite+BPP26019&_psid=a3156dcd3&_ss=e,79331,MANUFACTURER,Bullpadel Elite 2026 Paletero,HIGH_FILE_EXISTS,MEDIA_INSUFFICIENT
prod-bullpadel-hack-bpm26002,bullpadel-hack-bpm26002,Bullpadel,Hack BPM26002,BAGS,draft,false,MEDIA_MISSING,false,1,,,0,PLACEHOLDER,,LOW,MEDIA_MISSING
prod-bullpadel-icon-bpp26023,bullpadel-icon-bpp26023,Bullpadel,Icon BPP26023,BAGS,published,true,MEDIA_INSUFFICIENT,true,1,/images/padel/bags/bullpadel-icon-bpp26023-hero.jpg,https://www.padelmq.com/products/bullpadel-icon-2026?_pos=1&_psq=bullpadel+Icon+BPP26023&_psid=88dc90a77&_ss=e,104462,MANUFACTURER,Bullpadel Icon 2026 Paletero,HIGH_FILE_EXISTS,MEDIA_INSUFFICIENT
prod-bullpadel-ionic-bpp26005,bullpadel-ionic-bpp26005,Bullpadel,Ionic BPP26005,BAGS,published,true,MEDIA_INSUFFICIENT,true,1,/images/padel/bags/bullpadel-ionic-bpp26005-hero.jpg,https://www.padelmq.com/products/bullpadel-ionic-control-2025?_pos=1&_psq=bullpadel+Ionic+BPP26005&_psid=4a59d8039&_ss=e,74056,MANUFACTURER,Bullpadel Ionic 2026 Paletero,HIGH_FILE_EXISTS,MEDIA_INSUFFICIENT
prod-bullpadel-neuron-bpm26020,bullpadel-neuron-bpm26020,Bullpadel,Neuron BPM26020,BAGS,published,true,MEDIA_INSUFFICIENT,true,1,/images/padel/bags/bullpadel-neuron-bpm26020-hero.jpg,https://www.padelmq.com/products/bullpadel-neuron-2025?_pos=1&_psq=bullpadel+Neuron+BPM26020&_psid=b8d253a38&_ss=e,44278,MANUFACTURER,Bullpadel Neuron 2026 Backpack,HIGH_FILE_EXISTS,MEDIA_INSUFFICIENT
prod-bullpadel-neuron-bpp26020,bullpadel-neuron-bpp26020,Bullpadel,Neuron BPP26020,BAGS,draft,false,MEDIA_MISSING,false,1,,,0,PLACEHOLDER,,LOW,MEDIA_MISSING
prod-bullpadel-pearl-bpm27017,bullpadel-pearl-bpm27017,Bullpadel,Pearl BPM27017,BAGS,published,true,MEDIA_INSUFFICIENT,true,1,/images/padel/bags/bullpadel-pearl-bpm27017-hero.jpg,https://www.padelmq.com/products/bullpadel-pearl-2026?_pos=1&_psq=bullpadel+Pearl+BPM27017&_psid=c7ec28c48&_ss=e,73402,MANUFACTURER,Bullpadel Pearl 2026 Backpack,HIGH_FILE_EXISTS,MEDIA_INSUFFICIENT
prod-bullpadel-pearl-bpp26021,bullpadel-pearl-bpp26021,Bullpadel,Pearl BPP26021,BAGS,draft,false,MEDIA_MISSING,false,1,,,0,PLACEHOLDER,,LOW,MEDIA_MISSING
prod-bullpadel-tour-bpp26015,bullpadel-tour-bpp26015,Bullpadel,Tour BPP26015,BAGS,published,true,MEDIA_INSUFFICIENT,true,1,/images/padel/bags/bullpadel-tour-bpp26015-hero.jpg,https://www.padelmq.com/products/bullpadel-premier-padel-tour-crudo-2026?_pos=1&_psq=bullpadel+Tour+BPP26015&_psid=a0dd10ed9&_ss=e,81189,MANUFACTURER,Bullpadel Tour Premier 2026 Paletero,HIGH_FILE_EXISTS,MEDIA_INSUFFICIENT
prod-bullpadel-trolley-bpp26011,bullpadel-trolley-bpp26011,Bullpadel,Trolley BPP26011,BAGS,draft,false,MEDIA_MISSING,false,1,,,0,PLACEHOLDER,,LOW,MEDIA_MISSING
prod-bullpadel-vertex-bpp26001,bullpadel-vertex-bpp26001,Bullpadel,Vertex BPP26001,BAGS,draft,false,MEDIA_MISSING,false,1,,,0,PLACEHOLDER,,LOW,MEDIA_MISSING
prod-bullpadel-vertex-geo-premier-bpm26008,bullpadel-vertex-geo-premier-bpm26008,Bullpadel,Vertex Geo Premier BPM26008,BAGS,draft,false,MEDIA_MISSING,false,1,,,0,PLACEHOLDER,,LOW,MEDIA_MISSING
prod-bullpadel-wonder-bpp26024,bullpadel-wonder-bpp26024,Bullpadel,Wonder BPP26024,BAGS,published,true,MEDIA_INSUFFICIENT,true,1,/images/padel/bags/bullpadel-wonder-bpp26024-hero.jpg,https://www.padelmq.com/products/bullpadel-wonder-2026-kopie?_pos=1&_psq=bullpadel+Wonder+BPP26024&_psid=b2f00312e&_ss=e,92584,MANUFACTURER,Bullpadel Wonder 2026 Paletero,HIGH_FILE_EXISTS,MEDIA_INSUFFICIENT
prod-bullpadel-xplo-bpp26022,bullpadel-xplo-bpp26022,Bullpadel,Xplo BPP26022,BAGS,published,true,MEDIA_INSUFFICIENT,true,1,/images/padel/bags/bullpadel-xplo-bpp26022-hero.jpg,https://www.padelmq.com/products/bullpadel-xplo-2025-volledig-nieuw-model?_pos=1&_psq=bullpadel+Xplo+BPP26022&_psid=6f8a09136&_ss=e,60770,MANUFACTURER,Bullpadel Xplo 2026 Paletero,HIGH_FILE_EXISTS,MEDIA_INSUFFICIENT
prod-bullpadel-flow-bpp26006,bullpadel-flow-bpp26006,Bullpadel,Flow BPP26006,BAGS,draft,false,MEDIA_MISSING,false,1,,,0,PLACEHOLDER,,LOW,MEDIA_MISSING
prod-bullpadel-bpm26002-hack,bullpadel-bpm26002-hack,Bullpadel,BPM26002 Hack,BAGS,published,true,MEDIA_INSUFFICIENT,true,1,/images/padel/bags/bullpadel-bpm26002-hack-hero.jpg,https://www.padelmq.com/nl-nl/products/bullpadel-hack-rugzak-grijsgroen-2026,75774,MANUFACTURER,Hack Backpack,HIGH_FILE_EXISTS,MEDIA_INSUFFICIENT
prod-bullpadel-hack-bpp26012,bullpadel-hack-bpp26012,Bullpadel,Hack BPP26012,BAGS,draft,false,MEDIA_MISSING,false,1,,,0,PLACEHOLDER,,LOW,MEDIA_MISSING
prod-bullpadel-bpp26005-ionic,bullpadel-bpp26005-ionic,Bullpadel,BPP26005 Ionic,BAGS,draft,false,MEDIA_MISSING,false,1,,,0,PLACEHOLDER,,LOW,MEDIA_MISSING
prod-bullpadel-bpm26007-bpm26008-vertex,bullpadel-bpm26007-bpm26008-vertex,Bullpadel,BPM26007 / BPM26008 Vertex,BAGS,published,true,MEDIA_INSUFFICIENT,true,1,/images/padel/bags/bullpadel-bpm26007-bpm26008-vertex-hero.jpg,https://padelshop.com/products/bullpadel-bpm26008-vertex-backpack,71001,MANUFACTURER,Vertex Backpack / Vertex Geo Backpack,HIGH_FILE_EXISTS,MEDIA_INSUFFICIENT
prod-bullpadel-bpp26001-vertex,bullpadel-bpp26001-vertex,Bullpadel,BPP26001 Vertex,BAGS,published,true,MEDIA_INSUFFICIENT,true,1,/images/padel/bags/bullpadel-bpp26001-vertex-hero.jpg,https://padelmarket.com/en-eu/products/bullpadel-bpp-26001-vertex-black-2026-juan-tello-racket-bag,94730,MANUFACTURER,Vertex Padel Bag,HIGH_FILE_EXISTS,MEDIA_INSUFFICIENT
prod-bullpadel-bpm26022-xplo,bullpadel-bpm26022-xplo,Bullpadel,BPM26022 XPLO,BAGS,draft,false,MEDIA_MISSING,false,1,,,0,PLACEHOLDER,,LOW,MEDIA_MISSING
prod-bullpadel-bpp26022-xplo,bullpadel-bpp26022-xplo,Bullpadel,BPP26022 XPLO,BAGS,published,true,MEDIA_INSUFFICIENT,true,1,/images/padel/bags/bullpadel-bpp26022-xplo-hero.jpg,https://www.padelmq.com/nl-nl/products/bullpadel-padeltas-xplo-zwart-2026-martin-di-nenno,50082,MANUFACTURER,XPLO Padel Bag,HIGH_FILE_EXISTS,MEDIA_INSUFFICIENT
prod-drop-shot-axion-backpack,drop-shot-axion-backpack,Drop Shot,Axion Backpack,BAGS,draft,false,MEDIA_MISSING,false,1,,,0,PLACEHOLDER,,LOW,MEDIA_MISSING
prod-drop-shot-axion,drop-shot-axion,Drop Shot,Axion,BAGS,draft,false,MEDIA_MISSING,false,1,,,0,PLACEHOLDER,,LOW,MEDIA_MISSING
prod-drop-shot-blitz,drop-shot-blitz,Drop Shot,Blitz,BAGS,published,true,MEDIA_INSUFFICIENT,true,1,/images/padel/bags/drop-shot-blitz-hero.jpg,https://padelmarket.com/en-worldwide/products/drop-shot-blitz-2025-mochila,96511,UNKNOWN,Blitz Backpack,HIGH_FILE_EXISTS,MEDIA_INSUFFICIENT
prod-drop-shot-fenix,drop-shot-fenix,Drop Shot,Fenix,BAGS,draft,false,MEDIA_MISSING,false,1,,,0,PLACEHOLDER,,LOW,MEDIA_MISSING
prod-drop-shot-lcp,drop-shot-lcp,Drop Shot,LCP,BAGS,draft,false,MEDIA_MISSING,false,1,,,0,PLACEHOLDER,,LOW,MEDIA_MISSING
prod-head-coello-pro-x-backpack,head-coello-pro-x-backpack,Head,Coello Pro X Backpack,BAGS,published,true,MEDIA_INSUFFICIENT,true,1,/images/padel/bags/head-coello-pro-x-backpack-hero.jpg,https://www.padelmq.com/products/head-backpack-coello-pro-x-grijs-2026?_pos=1&_psq=head+Coello+Pro+X+Backpack&_psid=816c83831&_ss=e,62785,UNKNOWN,Coello Pro X Backpack 30L,HIGH_FILE_EXISTS,MEDIA_INSUFFICIENT
prod-head-coello-pro-x-duffle-l,head-coello-pro-x-duffle-l,Head,Coello Pro X Duffle L,BAGS,published,true,MEDIA_INSUFFICIENT,true,1,/images/padel/bags/head-coello-pro-x-duffle-l-hero.jpg,https://www.padelmq.com/products/head-padeltas-coello-pro-x-duffle-zwart-2026?_pos=1&_psq=head+Coello+Pro+X+Duffle+L&_psid=91f98567c&_ss=e,40849,UNKNOWN,Coello Pro X Padel Duffle Bag L,HIGH_FILE_EXISTS,MEDIA_INSUFFICIENT
prod-head-coello-tour-backpack,head-coello-tour-backpack,Head,Coello Tour Backpack,BAGS,published,true,MEDIA_INSUFFICIENT,true,1,/images/padel/bags/head-coello-tour-backpack-hero.jpg,https://www.padelmq.com/products/head-backpack-coello-tour-grijs-2026?_pos=1&_psq=head+Coello+Tour+Backpack&_psid=fd2bc902b&_ss=e,62429,UNKNOWN,Coello Tour Backpack 25L,HIGH_FILE_EXISTS,MEDIA_INSUFFICIENT
prod-head-coello-tour-bag,head-coello-tour-bag,Head,Coello Tour Bag,BAGS,published,true,MEDIA_INSUFFICIENT,true,1,/images/padel/bags/head-coello-tour-bag-hero.jpg,https://elpadel.ae/product/head-coello-tour-padel-bag-2026/,94527,UNKNOWN,Coello Tour Padel Bag,HIGH_FILE_EXISTS,MEDIA_INSUFFICIENT
prod-head-elite-supercombi,head-elite-supercombi,Head,Elite Supercombi,BAGS,draft,false,MEDIA_MISSING,false,1,,,0,PLACEHOLDER,,LOW,MEDIA_MISSING
prod-head-tour-backpack-25l,head-tour-backpack-25l,Head,Tour Backpack 25L,BAGS,published,true,MEDIA_INSUFFICIENT,true,1,/images/padel/bags/head-tour-backpack-25l-hero.jpg,https://padelmarket.com/en-gb/products/head-tour-backpack-25l-2026-black-backpack,57943,UNKNOWN,HEAD Tour Backpack 25L 2026,HIGH_FILE_EXISTS,MEDIA_INSUFFICIENT
prod-head-tour-team-cb-2026,head-tour-team-cb-2026,Head,Tour Team CB 2026,BAGS,draft,false,MEDIA_MISSING,false,1,,,0,PLACEHOLDER,,LOW,MEDIA_MISSING
prod-head-pro-x-bag-l,head-pro-x-bag-l,Head,Pro X Bag L,BAGS,published,true,MEDIA_INSUFFICIENT,true,1,/images/padel/bags/head-pro-x-bag-l-hero.jpg,https://www.padelmq.com/products/head-pro-x-tote-bag-22l-lichtgrijs?_pos=1&_psq=head+Pro+X+Bag+L&_psid=2df23c526&_ss=e,43660,UNKNOWN,Pro X Padel Bag L,HIGH_FILE_EXISTS,MEDIA_INSUFFICIENT
prod-head-pro-x-duffle-l,head-pro-x-duffle-l,Head,Pro X Duffle L,BAGS,draft,false,MEDIA_MISSING,false,1,,,0,PLACEHOLDER,,LOW,MEDIA_MISSING
prod-head-tour-padel-bag-l,head-tour-padel-bag-l,Head,Tour Padel Bag L,BAGS,draft,false,MEDIA_MISSING,false,1,,,0,PLACEHOLDER,,LOW,MEDIA_MISSING
prod-head-tour-team-elite,head-tour-team-elite,Head,Tour Team Elite,BAGS,draft,false,MEDIA_MISSING,false,1,,,0,PLACEHOLDER,,LOW,MEDIA_MISSING
prod-joma-pro,joma-pro,Joma,Pro,BAGS,draft,false,MEDIA_MISSING,false,1,,,0,PLACEHOLDER,,LOW,MEDIA_MISSING
prod-kuikma-pl-900-elite,kuikma-pl-900-elite,Kuikma,PL 900 Elite,BAGS,published,true,MEDIA_INSUFFICIENT,true,1,/images/padel/bags/kuikma-pl-900-elite-hero.jpg,https://padelmad.co.uk/equipment/accessories/kuikma-insulated-padel-bag-elite-review/,67023,UNKNOWN,Insulated Padel Bag Elite / PL 900,HIGH_FILE_EXISTS,MEDIA_INSUFFICIENT
prod-kuikma-backpack,kuikma-backpack,Kuikma,Backpack,BAGS,draft,false,MEDIA_MISSING,false,1,,,0,PLACEHOLDER,,LOW,MEDIA_MISSING
prod-kuikma-pbp-elite,kuikma-pbp-elite,Kuikma,PBP Elite,BAGS,draft,false,MEDIA_MISSING,false,1,,,0,PLACEHOLDER,,LOW,MEDIA_MISSING
prod-lok-aventure-gen-2,lok-aventure-gen-2,Lok,Aventure Gen 2,BAGS,published,true,MEDIA_INSUFFICIENT,true,1,/images/padel/bags/lok-aventure-gen-2-hero.jpg,https://padelmarket.com/en-worldwide/products/lok-aventure-gen-2-2026-backpack,86168,UNKNOWN,Aventure / Adventure Gen 2 Backpack,HIGH_FILE_EXISTS,MEDIA_INSUFFICIENT
prod-lok-maxx-gen-2,lok-maxx-gen-2-paletero,Lok,Maxx Gen 2 Paletero,BAGS,published,true,MEDIA_INSUFFICIENT,true,1,/images/padel/bags/lok-maxx-gen-2-hero.jpg,https://padelmarket.com/en-eu/products/lok-maxx-gen-2-black-orange-2026-backpack,79255,UNKNOWN,Lok Maxx Gen 2 Racket Bag,HIGH_FILE_EXISTS,MEDIA_INSUFFICIENT
prod-nox-at10-competition-trolley,nox-at10-competition-trolley,Nox,AT10 Competition Trolley,BAGS,published,true,MEDIA_INSUFFICIENT,true,1,/images/padel/bags/nox-at10-competition-trolley-hero.jpg,https://noxsport.com/en/products/paletero-at10-competition-trolley-2024,182489,MANUFACTURER,AT10 Competition Trolley,HIGH_FILE_EXISTS,MEDIA_INSUFFICIENT
prod-nox-at10-team-backpack,nox-at10-team-backpack,Nox,AT10 Team Backpack,BAGS,draft,false,MEDIA_MISSING,false,1,,,0,PLACEHOLDER,,LOW,MEDIA_MISSING
prod-nox-at10-team,nox-at10-team,Nox,AT10 Team,BAGS,published,true,MEDIA_INSUFFICIENT,true,1,/images/padel/bags/nox-at10-team-hero.jpg,https://noxsport.com/en/products/paletero-at10-team-grey-black,162905,MANUFACTURER,AT10 Team Paletero,HIGH_FILE_EXISTS,MEDIA_INSUFFICIENT
prod-nox-luxury-master-backpack,nox-luxury-master-backpack,Nox,Luxury Master Backpack,BAGS,published,true,MEDIA_INSUFFICIENT,true,1,/images/padel/bags/nox-luxury-master-backpack-hero.jpg,https://noxsport.com/en/products/backpack-luxury-master-series,72520,MANUFACTURER,Luxury Master Series Backpack,HIGH_FILE_EXISTS,MEDIA_INSUFFICIENT
prod-nox-luxury-master-series,nox-luxury-master-series,Nox,Luxury Master Series,BAGS,published,true,MEDIA_INSUFFICIENT,true,1,/images/padel/bags/nox-luxury-master-series-hero.jpg,https://www.padelmq.com/nl-nl/products/nox-luxury-master-series-padeltas-zwart-wit-agustin-tapia,47526,UNKNOWN,Luxury Master Series Paletero,HIGH_FILE_EXISTS,MEDIA_INSUFFICIENT
prod-nox-luxury-open-backpack,nox-luxury-open-backpack,Nox,Luxury Open Backpack,BAGS,published,true,MEDIA_INSUFFICIENT,true,1,/images/padel/bags/nox-luxury-open-backpack-hero.jpg,https://noxsport.com/en/products/backpack-luxury-open-series-black-red,146498,MANUFACTURER,Luxury Open Series Backpack,HIGH_FILE_EXISTS,MEDIA_INSUFFICIENT
prod-nox-luxury-open-series,nox-luxury-open-series,Nox,Luxury Open Series,BAGS,published,true,MEDIA_INSUFFICIENT,true,1,/images/padel/bags/nox-luxury-open-series-hero.jpg,https://www.padelmq.com/nl-nl/products/nox-luxury-open-series-padeltas-zwart-rood-agustin-tapia,64819,UNKNOWN,Luxury Open Series Paletero,HIGH_FILE_EXISTS,MEDIA_INSUFFICIENT
prod-nox-ml10-competition-xl-compact,nox-ml10-competition-xl-compact,Nox,ML10 Competition XL Compact,BAGS,draft,false,MEDIA_MISSING,false,1,,,0,PLACEHOLDER,,LOW,MEDIA_MISSING
prod-nox-ml10-team-backpack,nox-ml10-team-backpack,Nox,ML10 Team Backpack,BAGS,draft,false,MEDIA_MISSING,false,1,,,0,PLACEHOLDER,,LOW,MEDIA_MISSING
prod-nox-ml10-team,nox-ml10-team,Nox,ML10 Team,BAGS,draft,false,MEDIA_MISSING,false,1,,,0,PLACEHOLDER,,LOW,MEDIA_MISSING
prod-nox-at10-competition-xl-compact,nox-at10-competition-xl-compact,Nox,AT10 Competition XL Compact,BAGS,draft,false,MEDIA_MISSING,false,1,,,0,PLACEHOLDER,,LOW,MEDIA_MISSING
prod-nox-pro-series-backpack,nox-pro-series-backpack,Nox,Pro Series Backpack,BAGS,published,true,MEDIA_INSUFFICIENT,true,1,/images/padel/bags/nox-pro-series-backpack-hero.jpg,https://padelshop.com/products/nox-pro-series-white-backpack,38208,UNKNOWN,Pro Series Backpack,HIGH_FILE_EXISTS,MEDIA_INSUFFICIENT
prod-nox-pro-series,nox-pro-series,Nox,Pro Series,BAGS,draft,false,MEDIA_MISSING,false,1,,,0,PLACEHOLDER,,LOW,MEDIA_MISSING
prod-nox-street-series,nox-street-series,Nox,Street Series,BAGS,draft,false,MEDIA_MISSING,false,1,,,0,PLACEHOLDER,,LOW,MEDIA_MISSING
prod-oxdog-cube,oxdog-cube,Oxdog,Cube,BAGS,draft,false,MEDIA_MISSING,false,1,,,0,PLACEHOLDER,,LOW,MEDIA_MISSING
prod-oxdog-hyper-pro-thermo,oxdog-hyper-pro-thermo,Oxdog,Hyper Pro Thermo,BAGS,draft,false,MEDIA_MISSING,false,1,,,0,PLACEHOLDER,,LOW,MEDIA_MISSING
prod-oxdog-hyper-tour-thermo-backpack,oxdog-hyper-tour-thermo-backpack,Oxdog,Hyper Tour Thermo Backpack,BAGS,published,true,MEDIA_INSUFFICIENT,true,1,/images/padel/bags/oxdog-hyper-tour-thermo-backpack-hero.jpg,https://www.padelmq.com/products/hyper-pro-thermo-padel-bag?_pos=1&_psq=oxdog+Hyper+Tour+Thermo+Backpack&_psid=31fe543a0&_ss=e,188024,UNKNOWN,Hyper Tour Thermo Padel Backpack,HIGH_FILE_EXISTS,MEDIA_INSUFFICIENT
prod-oxdog-x-padel-pro-thermo,oxdog-x-padel-pro-thermo,Oxdog,X Padel Pro Thermo,BAGS,draft,false,MEDIA_MISSING,false,1,,,0,PLACEHOLDER,,LOW,MEDIA_MISSING
prod-royal-padel-force,royal-padel-force,Royal Padel,Force,BAGS,published,true,MEDIA_INSUFFICIENT,true,1,/images/padel/bags/royal-padel-force-hero.jpg,https://www.padelmq.com/nl-nl/products/royal-padel-force-zwarte-padeltas-2026,65799,UNKNOWN,Force Padel Bag,HIGH_FILE_EXISTS,MEDIA_INSUFFICIENT
prod-siux-nomad,siux-nomad,Siux,Nomad,BAGS,published,true,MEDIA_INSUFFICIENT,true,1,/images/padel/bags/siux-nomad-hero.jpg,https://www.padelmq.com/nl-nl/products/siux-nomad-rugzak-zwart-blauw-2026,54615,MANUFACTURER,Nomad Backpack,HIGH_FILE_EXISTS,MEDIA_INSUFFICIENT
prod-siux-electra-stupa-2026,siux-electra-stupa-2026,Siux,Electra Stupa 2026,BAGS,published,true,MEDIA_INSUFFICIENT,true,1,/images/padel/bags/siux-electra-stupa-2026-hero.jpg,https://www.siuxpadel.com/products/paletero-siux-electra-stupa-2026,96021,MANUFACTURER,Siux Electra Stupa Paletero 2026,HIGH_FILE_EXISTS,MEDIA_INSUFFICIENT
prod-siux-tour,siux-tour,Siux,Tour,BAGS,published,true,MEDIA_INSUFFICIENT,true,1,/images/padel/bags/siux-tour-hero.jpg,https://www.padelmq.com/nl-nl/products/siux-tour-rugzak-zwart-2026,65749,MANUFACTURER,Tour Backpack,HIGH_FILE_EXISTS,MEDIA_INSUFFICIENT
prod-siux-trail,siux-trail,Siux,Trail,BAGS,published,true,MEDIA_INSUFFICIENT,true,1,/images/padel/bags/siux-trail-hero.jpg,https://www.padelmq.com/nl-nl/products/siux-trail-rugzak-grijs-2026,46201,MANUFACTURER,Trail Backpack,HIGH_FILE_EXISTS,MEDIA_INSUFFICIENT
prod-starvie-hard-eva,starvie-hard-eva,StarVie,Hard Eva,BAGS,published,true,MEDIA_INSUFFICIENT,true,1,/images/padel/bags/starvie-hard-eva-hero.jpg,https://starvie.com/en/products/hard-eva-black,72587,MANUFACTURER,Hard Eva Black,HIGH_FILE_EXISTS,MEDIA_INSUFFICIENT
prod-starvie-hard-eva-backpack,starvie-hard-eva-backpack,StarVie,Hard Eva Backpack,BAGS,published,true,MEDIA_INSUFFICIENT,true,1,/images/padel/bags/starvie-hard-eva-backpack-hero.jpg,https://www.padelmq.com/products/starvie-hard-eva-zwarte-rugzak?_pos=1&_psq=starvie+Hard+Eva+Backpack&_psid=b8736d2d8&_ss=e,60494,MANUFACTURER,Hard Eva Black Backpack,HIGH_FILE_EXISTS,MEDIA_INSUFFICIENT
prod-starvie-pro-master,starvie-pro-master,StarVie,Pro Master,BAGS,published,true,MEDIA_INSUFFICIENT,true,1,/images/padel/bags/starvie-pro-master-hero.jpg,https://www.padelmq.com/nl-nl/products/starvie-pro-master-padel-tas,84227,MANUFACTURER,Pro Master,HIGH_FILE_EXISTS,MEDIA_INSUFFICIENT
prod-starvie-tactic-pro,starvie-tactic-pro,StarVie,Tactic Pro,BAGS,published,true,MEDIA_INSUFFICIENT,true,1,/images/padel/bags/starvie-tactic-pro-hero.jpg,https://www.padelmq.com/products/starvie-tactic-pro-padel-tas?_pos=1&_psq=starvie+Tactic+Pro&_psid=cf84a6d9c&_ss=e,96652,MANUFACTURER,Tactic Pro,HIGH_FILE_EXISTS,MEDIA_INSUFFICIENT
prod-tecnifibre-tour-endurance-bag,tecnifibre-tour-endurance-bag,Tecnifibre Padel,Tour Endurance Bag,BAGS,published,true,MEDIA_INSUFFICIENT,true,1,/images/padel/bags/tecnifibre-tour-endurance-bag-hero.jpg,https://www.padelmq.com/products/tecnifibre-tour-endurance-sporttas-wit-blauw?_pos=1&_psq=tecnifibre+Tour+Endurance+Bag&_psid=3eedab0eb&_ss=e,39301,UNKNOWN,Tecnifibre Tour Endurance Padel Bag,HIGH_FILE_EXISTS,MEDIA_INSUFFICIENT
prod-tecnifibre-tour-endurance-ultra,tecnifibre-tour-endurance-ultra,Tecnifibre Padel,Tour Endurance Ultra,BAGS,draft,false,MEDIA_MISSING,false,1,,,0,PLACEHOLDER,,LOW,MEDIA_MISSING
prod-varlion-ambassador,varlion-ambassador,Varlion,Ambassador,BAGS,draft,false,MEDIA_MISSING,false,1,,,0,PLACEHOLDER,,LOW,MEDIA_MISSING
prod-varlion-summum-backpack,varlion-summum-backpack,Varlion,Summum Backpack,BAGS,draft,false,MEDIA_MISSING,false,1,,,0,PLACEHOLDER,,LOW,MEDIA_MISSING
prod-varlion-summum-pro,varlion-summum-pro,Varlion,Summum Pro,BAGS,published,true,MEDIA_INSUFFICIENT,true,1,/images/padel/bags/varlion-summum-pro-hero.jpg,https://www.varlion.com/gb/padel/bags/padel-racket-bags/padel-bag-summum-pro-.html,90428,UNKNOWN,Summum Pro Padel Bag,HIGH_FILE_EXISTS,MEDIA_INSUFFICIENT
prod-wilson-bela-super-tour-backpack,wilson-bela-super-tour-backpack,Wilson,Bela Super Tour Backpack,BAGS,published,true,MEDIA_INSUFFICIENT,true,1,/images/padel/bags/wilson-bela-super-tour-backpack-hero.jpg,https://tennisshot.gr/en-gb/wilson-bela-super-tour-padel-backpack,65673,UNKNOWN,Bela Super Tour / Bela DNA Super Tour Backpack,HIGH_FILE_EXISTS,MEDIA_INSUFFICIENT
prod-wilson-bela-backpack,wilson-bela-backpack,Wilson,Bela Backpack,BAGS,draft,false,MEDIA_MISSING,false,1,,,0,PLACEHOLDER,,LOW,MEDIA_MISSING
prod-wilson-super-tour-2026,wilson-super-tour-2026,Wilson,Super Tour 2026,BAGS,published,true,MEDIA_INSUFFICIENT,true,1,/images/padel/bags/wilson-super-tour-2026-hero.jpg,https://www.padelshack.com/product/wilson-tour-super-red-padel-racket-bag-2026/,69128,UNKNOWN,Wilson Super Tour Padel Bag 2026,HIGH_FILE_EXISTS,MEDIA_INSUFFICIENT
prod-adidas-pro-bounce,adidas-pro-bounce,Adidas Padel,Pro Bounce,BALLS,draft,false,MEDIA_MISSING,false,1,,,0,PLACEHOLDER,,LOW,MEDIA_MISSING
prod-adidas-serie-tour,adidas-serie-tour,Adidas Padel,Serie+ Tour,BALLS,draft,false,MEDIA_MISSING,false,1,,,0,PLACEHOLDER,,LOW,MEDIA_MISSING
prod-babolat-ace,babolat-ace,Babolat,Ace,BALLS,draft,false,MEDIA_MISSING,false,1,,,0,PLACEHOLDER,,LOW,MEDIA_MISSING
prod-babolat-court,babolat-court,Babolat,Court,BALLS,published,true,MEDIA_INSUFFICIENT,true,1,/images/padel/balls/babolat-court-hero.jpg,https://www.babolat.com/gb/court-x3/501098.html,64210,MANUFACTURER,Babolat Court,HIGH_FILE_EXISTS,MEDIA_INSUFFICIENT
prod-babolat-short,babolat-short,Babolat,Short,BALLS,draft,false,MEDIA_MISSING,false,1,,,0,PLACEHOLDER,,LOW,MEDIA_MISSING
prod-black-crown-one,black-crown-one,Black Crown,One,BALLS,published,true,MEDIA_INSUFFICIENT,true,1,/images/padel/balls/black-crown-one-hero.jpg,https://www.padelmq.com/en/products/black-crown-one-padel-ball-box,83711,UNKNOWN,Black Crown One,HIGH_FILE_EXISTS,MEDIA_INSUFFICIENT
prod-black-crown-pro,black-crown-pro,Black Crown,Pro,BALLS,published,true,MEDIA_INSUFFICIENT,true,1,/images/padel/balls/black-crown-pro-hero.jpg,https://www.padelmq.com/en-nl/products/black-crown-pro-padel-balls-tube,42532,UNKNOWN,Black Crown Pro,HIGH_FILE_EXISTS,MEDIA_INSUFFICIENT
prod-bullpadel-fip-next,bullpadel-fip-next,Bullpadel,FIP Next,BALLS,draft,false,MEDIA_MISSING,false,1,,,0,PLACEHOLDER,,LOW,MEDIA_MISSING
prod-bullpadel-fip-next-pro,bullpadel-fip-next-pro,Bullpadel,FIP Next Pro,BALLS,published,true,MEDIA_INSUFFICIENT,true,1,/images/padel/balls/bullpadel-fip-next-pro-hero.jpg,https://padelmarket.com/en-gb/products/bullpadel-next-pro-tube-of-3-balls,50770,MANUFACTURER,Bullpadel FIP Next Pro,HIGH_FILE_EXISTS,MEDIA_INSUFFICIENT
prod-bullpadel-next,bullpadel-next,Bullpadel,Next,BALLS,published,true,MEDIA_INSUFFICIENT,true,1,/images/padel/balls/bullpadel-next-hero.jpg,https://mrhsport.com/blogs/the-clubhouse-blog/bullpadel-padel-balls-explained-premium-pro-next-next-pro,106663,MANUFACTURER,Bullpadel Next,HIGH_FILE_EXISTS,MEDIA_INSUFFICIENT
prod-bullpadel-next-pro,bullpadel-next-pro,Bullpadel,Next Pro,BALLS,draft,false,MEDIA_MISSING,false,1,,,0,PLACEHOLDER,,LOW,MEDIA_MISSING
prod-drop-shot-speed-tech,drop-shot-speed-tech,Drop Shot,Speed Tech,BALLS,published,true,MEDIA_INSUFFICIENT,true,1,/images/padel/balls/drop-shot-speed-tech-hero.jpg,https://www.padelmq.com/products/drop-shot-jon-sanz-axion-attack-1-5-2025?_pos=1&_psq=drop-shot+Speed+Tech&_psid=dcf6c5764&_ss=e,53002,UNKNOWN,Drop Shot Speed Tech,HIGH_FILE_EXISTS,MEDIA_INSUFFICIENT
prod-drop-shot-tournament-speed-pro,drop-shot-tournament-speed-pro,Drop Shot,Tournament Speed Pro,BALLS,draft,false,MEDIA_MISSING,false,1,,,0,PLACEHOLDER,,LOW,MEDIA_MISSING
prod-drop-shot-tournament-tech,drop-shot-tournament-tech,Drop Shot,Tournament Tech,BALLS,published,true,MEDIA_INSUFFICIENT,true,1,/images/padel/balls/drop-shot-tournament-tech-hero.jpg,https://padelproshop.com/en-mtcy/products/can-of-drop-shot-padel-balls-tournament-pro,34061,UNKNOWN,Drop Shot Tournament Tech,HIGH_FILE_EXISTS,MEDIA_INSUFFICIENT
prod-drop-shot-training-tech,drop-shot-training-tech,Drop Shot,Training Tech,BALLS,published,true,MEDIA_INSUFFICIENT,true,1,/images/padel/balls/drop-shot-training-tech-hero.jpg,https://www.padelmq.com/products/drop-shot-quantum-soft-w-2026?_pos=1&_psq=drop-shot+Training+Tech&_psid=33da30369&_ss=e,94178,UNKNOWN,Drop Shot Training Tech,HIGH_FILE_EXISTS,MEDIA_INSUFFICIENT
prod-dunlop-eco,dunlop-eco,Dunlop,Eco,BALLS,published,true,MEDIA_INSUFFICIENT,true,1,/images/padel/balls/dunlop-eco-hero.jpg,https://padelgearpro.nl/dunlop-eco-padel-24x3-review/,108213,UNKNOWN,Dunlop Eco Padel,HIGH_FILE_EXISTS,MEDIA_INSUFFICIENT
prod-dunlop-pro,dunlop-pro,Dunlop,Pro,BALLS,published,true,MEDIA_INSUFFICIENT,true,1,/images/padel/balls/dunlop-pro-hero.jpg,https://www.padelmq.com/en/products/dunlop-pro-padel-ball-tube,47566,UNKNOWN,Dunlop Pro Padel,HIGH_FILE_EXISTS,MEDIA_INSUFFICIENT
prod-dunlop-team,dunlop-team,Dunlop,Team,BALLS,draft,false,MEDIA_MISSING,false,1,,,0,PLACEHOLDER,,LOW,MEDIA_MISSING
prod-fila-premium,fila-premium,Fila,Premium,BALLS,draft,false,MEDIA_MISSING,false,1,,,0,PLACEHOLDER,,LOW,MEDIA_MISSING
prod-fila-premium-pro,fila-premium-pro,Fila,Premium Pro,BALLS,published,true,MEDIA_INSUFFICIENT,true,1,/images/padel/balls/fila-premium-pro-hero.jpg,https://www.padelmq.com/products/premium-pro-tube?_pos=1&_psq=fila+Premium+Pro&_psid=ceaed0e8a&_ss=e,30388,UNKNOWN,Fila Premium Pro,HIGH_FILE_EXISTS,MEDIA_INSUFFICIENT
prod-nox-nerbo,nox-nerbo,Nox,Nerbo,BALLS,published,true,MEDIA_INSUFFICIENT,true,1,/images/padel/balls/nox-nerbo-hero.jpg,https://noxsport.com/en/products/nerbo-balls-3,53546,MANUFACTURER,NOX Nerbo,HIGH_FILE_EXISTS,MEDIA_INSUFFICIENT
prod-nox-nerbo-speed,nox-nerbo-speed,Nox,Nerbo+ Speed,BALLS,published,true,MEDIA_INSUFFICIENT,true,1,/images/padel/balls/nox-nerbo-speed-hero.jpg,https://funpadel.pt/nox-nerbo-speed-balls-tube,37056,UNKNOWN,NOX Nerbo+ Speed,HIGH_FILE_EXISTS,MEDIA_INSUFFICIENT
prod-nox-pro-titanium,nox-pro-titanium,Nox,Pro Titanium,BALLS,published,true,MEDIA_INSUFFICIENT,true,1,/images/padel/balls/nox-pro-titanium-hero.jpg,https://noxsport.com/en/collections/padel-balls-pro-titanium,67536,MANUFACTURER,NOX Pro Titanium,HIGH_FILE_EXISTS,MEDIA_INSUFFICIENT
prod-osaka-pro-tour,osaka-pro-tour,Osaka,Pro Tour,BALLS,published,true,MEDIA_INSUFFICIENT,true,1,/images/padel/balls/osaka-pro-tour-hero.jpg,https://osakaworld.com/en-us/products/osaka-pro-tour-padel-ball-3-ball-can-no-color-1,67300,UNKNOWN,Osaka Pro Tour,HIGH_FILE_EXISTS,MEDIA_INSUFFICIENT
prod-osaka-vision,osaka-vision,Osaka,Vision,BALLS,published,true,MEDIA_INSUFFICIENT,true,1,/images/padel/balls/osaka-vision-hero.jpg,https://osakaworld.com/en-gb/products/osaka-vision-padel-ball-3-ball-can-no-color,49255,UNKNOWN,Osaka Vision,HIGH_FILE_EXISTS,MEDIA_INSUFFICIENT
prod-oxdog-boost,oxdog-boost,Oxdog,Boost,BALLS,published,true,MEDIA_INSUFFICIENT,true,1,/images/padel/balls/oxdog-boost-hero.jpg,https://www.padelmq.com/en/products/oxdog-boost-padel-ball-tube,24375,UNKNOWN,Oxdog Boost,HIGH_FILE_EXISTS,MEDIA_INSUFFICIENT
prod-pallap-competition-01,pallap-competition-01,Pallap,Competition 01,BALLS,draft,false,MEDIA_MISSING,false,1,,,0,PLACEHOLDER,,LOW,MEDIA_MISSING
prod-rs-champions-choice,rs-champions-choice,RS,Champions Choice,BALLS,published,true,MEDIA_INSUFFICIENT,true,1,/images/padel/balls/rs-champions-choice-hero.jpg,https://rs-sports.com/en-us/products/rs-champions-choice-x-1,18686,UNKNOWN,RS Champions Choice,HIGH_FILE_EXISTS,MEDIA_INSUFFICIENT
prod-rs-nova-x,rs-nova-x,RS,Nova X,BALLS,published,true,MEDIA_INSUFFICIENT,true,1,/images/padel/balls/rs-nova-x-hero.jpg,https://rs-sports.com/en-global/products/rs-padel-nova-x,23320,UNKNOWN,RS Nova X,HIGH_FILE_EXISTS,MEDIA_INSUFFICIENT
prod-siux-neo,siux-neo,Siux,Neo,BALLS,published,true,MEDIA_INSUFFICIENT,true,1,/images/padel/balls/siux-neo-hero.jpg,https://www.siuxpadel.com/en/blogs/press/nace-siux-neo-las-nuevas-pelotas-de-padel-disenadas-para-cada-tipo-de-jugador,357230,MANUFACTURER,Siux Neo,HIGH_FILE_EXISTS,MEDIA_INSUFFICIENT
prod-siux-neo-speed,siux-neo-speed,Siux,Neo Speed,BALLS,draft,false,MEDIA_MISSING,false,1,,,0,PLACEHOLDER,,LOW,MEDIA_MISSING
prod-siux-neo-speed-neo-s,siux-neo-speed-neo-s,Siux,Neo Speed (Neo S),BALLS,published,true,MEDIA_INSUFFICIENT,true,1,/images/padel/balls/siux-neo-speed-neo-s-hero.jpg,https://padel-magazine.co.uk/siux-obtains-approval-from-the-fip-for-its-neo-and-neo-speed-balls/,131325,MANUFACTURER,Siux Neo Speed / Neo S,HIGH_FILE_EXISTS,MEDIA_INSUFFICIENT
prod-slazenger-challenge-no-1,slazenger-challenge-no-1,Slazenger,Challenge No.1,BALLS,draft,false,MEDIA_MISSING,false,1,,,0,PLACEHOLDER,,LOW,MEDIA_MISSING
prod-tecnifibre-padel-tour,tecnifibre-padel-tour,Tecnifibre Padel,Padel Tour,BALLS,published,true,MEDIA_INSUFFICIENT,true,1,/images/padel/balls/tecnifibre-padel-tour-hero.jpg,https://www.squashgearpro.com/shop/140-padel-tennis-balls/1907-tecnifibre-padel-tour-padel-balls---1-tube/,43259,UNKNOWN,Tecnifibre Padel Tour,HIGH_FILE_EXISTS,MEDIA_INSUFFICIENT
prod-tecnifibre-x-one,tecnifibre-x-one,Tecnifibre Padel,X-One,BALLS,draft,false,MEDIA_MISSING,false,1,,,0,PLACEHOLDER,,LOW,MEDIA_MISSING
prod-tretorn-serie-padel-control,tretorn-serie-padel-control,Tretorn,Serie+ Padel Control,BALLS,published,true,MEDIA_INSUFFICIENT,true,1,/images/padel/balls/tretorn-serie-padel-control-hero.jpg,https://www.tretorn.eu/gb/serie-padel-control-padel-ball-men-women-474481070,28822,UNKNOWN,Tretorn Serie+ Padel Control,HIGH_FILE_EXISTS,MEDIA_INSUFFICIENT
prod-tretorn-serie-padel-tour,tretorn-serie-padel-tour,Tretorn,Serie+ Padel Tour,BALLS,published,true,MEDIA_INSUFFICIENT,true,1,/images/padel/balls/tretorn-serie-padel-tour-hero.jpg,https://www.tretorn.eu/gb/serie-padel-tour-padel-ball-men-women-474470070,28704,UNKNOWN,Tretorn Serie+ Padel Tour,HIGH_FILE_EXISTS,MEDIA_INSUFFICIENT
prod-varlion-summum-pro-s,varlion-summum-pro-s,Varlion,Summum Pro S,BALLS,published,true,MEDIA_INSUFFICIENT,true,1,/images/padel/balls/varlion-summum-pro-s-hero.jpg,https://www.varlion.com/gb/padel/balls/summum-pro-s-ball-box-24-units.html,80344,UNKNOWN,Varlion Summum Pro S,HIGH_FILE_EXISTS,MEDIA_INSUFFICIENT
prod-varlion-summum-pro-w,varlion-summum-pro-w,Varlion,Summum Pro W,BALLS,published,true,MEDIA_INSUFFICIENT,true,1,/images/padel/balls/varlion-summum-pro-w-hero.jpg,https://www.varlion.com/gb/padel/balls/summum-pro-w-ball-box-24-units.html,75274,UNKNOWN,Varlion Summum Pro W,HIGH_FILE_EXISTS,MEDIA_INSUFFICIENT
prod-volt-premium,volt-premium,Volt,Premium,BALLS,published,true,MEDIA_INSUFFICIENT,true,1,/images/padel/balls/volt-premium-hero.jpg,https://www.padelmq.com/products/premium-pro-doos-24-tubes-72-ballen?_pos=1&_psq=volt+Premium&_psid=341f8b154&_ss=e,48218,UNKNOWN,Volt Premium,HIGH_FILE_EXISTS,MEDIA_INSUFFICIENT
prod-wilson-premier-padel,wilson-premier-padel,Wilson,Premier Padel,BALLS,published,true,MEDIA_INSUFFICIENT,true,1,/images/padel/balls/wilson-premier-padel-hero.jpg,https://padelshop.com/nl/products/wilson-premier-padel-balls-1-can,33369,UNKNOWN,Wilson Premier Padel,HIGH_FILE_EXISTS,MEDIA_INSUFFICIENT
prod-wilson-rush-100,wilson-rush-100,Wilson,Rush 100,BALLS,published,true,MEDIA_INSUFFICIENT,true,1,/images/padel/balls/wilson-rush-100-hero.jpg,https://www.padelmq.com/products/wilson-rush-pro-5-clay-schoenen-zwart-wit?_pos=1&_psq=wilson+Rush+100&_psid=cc476955b&_ss=e,37082,UNKNOWN,Wilson Rush 100,HIGH_FILE_EXISTS,MEDIA_INSUFFICIENT
prod-adidas-perforated-ac2ba1wh,adidas-perforated-ac2ba1wh,Adidas Padel,Perforated / AC2BA1WH,GRIPS,draft,false,MEDIA_MISSING,false,1,,,0,PLACEHOLDER,,LOW,MEDIA_MISSING
prod-adidas-tacky-feeling,adidas-tacky-feeling,Adidas Padel,Tacky Feeling,GRIPS,draft,false,MEDIA_MISSING,false,1,,,0,PLACEHOLDER,,LOW,MEDIA_MISSING
prod-babolat-pro-tour,babolat-pro-tour,Babolat,Pro Tour,GRIPS,draft,false,MEDIA_MISSING,false,1,,,0,PLACEHOLDER,,LOW,MEDIA_MISSING
prod-babolat-syntec-team,babolat-syntec-team,Babolat,Syntec Team,GRIPS,draft,false,MEDIA_MISSING,false,1,,,0,PLACEHOLDER,,LOW,MEDIA_MISSING
prod-babolat-vs-original,babolat-vs-original,Babolat,VS Original,GRIPS,published,true,MEDIA_INSUFFICIENT,true,1,/images/padel/grips/babolat-vs-original-hero.jpg,https://tennisshot.gr/en-gb/babolat-vs-original-white-x1-padel,14589,MANUFACTURER,VS Original,HIGH_FILE_EXISTS,MEDIA_INSUFFICIENT
prod-black-crown-black-crown-perforated,black-crown-black-crown-perforated,Black Crown,Black Crown Perforated,GRIPS,published,true,MEDIA_INSUFFICIENT,true,1,/images/padel/grips/black-crown-black-crown-perforated-hero.jpg,https://www.padelmq.com/products/black-crown-patron-xtrem-2025?_pos=1&_psq=black-crown+Black+Crown+Perforated&_psid=c033de535&_ss=e,99081,UNKNOWN,Perforated Overgrip,HIGH_FILE_EXISTS,MEDIA_INSUFFICIENT
prod-bullpadel-comfort-overgrip,bullpadel-comfort-overgrip,Bullpadel,Comfort Overgrip,GRIPS,published,true,MEDIA_INSUFFICIENT,true,1,/images/padel/grips/bullpadel-comfort-overgrip-hero.jpg,https://www.padelmq.com/products/bullpadel-overgrips-geel?_pos=1&_psq=bullpadel+Comfort+Overgrip&_psid=d32335c4b&_ss=e,34933,MANUFACTURER,Bullpadel Comfort Overgrip,HIGH_FILE_EXISTS,MEDIA_INSUFFICIENT
prod-bullpadel-gb-1705,bullpadel-gb-1705,Bullpadel,GB-1705,GRIPS,draft,false,MEDIA_MISSING,false,1,,,0,PLACEHOLDER,,LOW,MEDIA_MISSING
prod-bullpadel-gb1201,bullpadel-gb1201,Bullpadel,GB1201,GRIPS,draft,false,MEDIA_MISSING,false,1,,,0,PLACEHOLDER,,LOW,MEDIA_MISSING
prod-bullpadel-gb1200-hac,bullpadel-gb1200-hac,Bullpadel,GB1200 HaC,GRIPS,draft,false,MEDIA_MISSING,false,1,,,0,PLACEHOLDER,,LOW,MEDIA_MISSING
prod-drop-shot-club,drop-shot-club,Drop Shot,Club,GRIPS,published,true,MEDIA_INSUFFICIENT,true,1,/images/padel/grips/drop-shot-club-hero.jpg,https://www.padelnuestro.com/int/3-pack-of-drop-shot-club-overgrips,64699,UNKNOWN,Club,HIGH_FILE_EXISTS,MEDIA_INSUFFICIENT
prod-drop-shot-super-dry,drop-shot-super-dry,Drop Shot,Super Dry,GRIPS,draft,false,MEDIA_MISSING,false,1,,,0,PLACEHOLDER,,LOW,MEDIA_MISSING
prod-drop-shot-super-tacky,drop-shot-super-tacky,Drop Shot,Super Tacky,GRIPS,published,true,MEDIA_INSUFFICIENT,true,1,/images/padel/grips/drop-shot-super-tacky-hero.jpg,https://www.padelnuestro.com/uk/tub-of-drop-shot-super-tacky-x60-overgrips-30041-p,81028,UNKNOWN,Super Tacky,HIGH_FILE_EXISTS,MEDIA_INSUFFICIENT
prod-enebe-enebe-smooth,enebe-enebe-smooth,Enebe,Enebe Smooth,GRIPS,draft,false,MEDIA_MISSING,false,1,,,0,PLACEHOLDER,,LOW,MEDIA_MISSING
prod-head-prestige-pro,head-prestige-pro,Head,Prestige Pro,GRIPS,draft,false,MEDIA_MISSING,false,1,,,0,PLACEHOLDER,,LOW,MEDIA_MISSING
prod-head-hydrosorb-comfort,head-hydrosorb-comfort,Head,Hydrosorb Comfort,GRIPS,draft,false,MEDIA_MISSING,false,1,,,0,PLACEHOLDER,,LOW,MEDIA_MISSING
prod-head-hydrosorb-family,head-hydrosorb-family,Head,Hydrosorb family,GRIPS,draft,false,MEDIA_MISSING,false,1,,,0,PLACEHOLDER,,LOW,MEDIA_MISSING
prod-head-padel-pro,head-padel-pro,Head,Padel Pro,GRIPS,draft,false,MEDIA_MISSING,false,1,,,0,PLACEHOLDER,,LOW,MEDIA_MISSING
prod-head-padel-pro-perforated,head-padel-pro-perforated,Head,Padel Pro Perforated,GRIPS,draft,false,MEDIA_MISSING,false,1,,,0,PLACEHOLDER,,LOW,MEDIA_MISSING
prod-head-xtreme-soft-xtremesoft,head-xtreme-soft-xtremesoft,Head,Xtreme Soft / XtremeSoft,GRIPS,published,true,MEDIA_INSUFFICIENT,true,1,/images/padel/grips/head-xtreme-soft-xtremesoft-hero.jpg,https://padel.how/equipment/overgrip/head-xtremesoft-overgrip-review/,155069,UNKNOWN,Xtreme Soft,HIGH_FILE_EXISTS,MEDIA_INSUFFICIENT
prod-hesacore-carbon,hesacore-carbon,Hesacore,Carbon,GRIPS,draft,false,MEDIA_MISSING,false,1,,,0,PLACEHOLDER,,LOW,MEDIA_MISSING
prod-hesacore-gel,hesacore-gel,Hesacore,Gel,GRIPS,draft,false,MEDIA_MISSING,false,1,,,0,PLACEHOLDER,,LOW,MEDIA_MISSING
prod-hesacore-pro-carbon,hesacore-pro-carbon,Hesacore,Pro Carbon,GRIPS,published,true,MEDIA_LOW_QUALITY,true,1,/images/padel/grips/hesacore-pro-carbon-hero.jpg,https://www.padelmq.com/products/hesacore-tour-grip-carbon?_pos=1&_psq=hesacore+Pro+Carbon&_psid=695c97206&_ss=e,5131,UNKNOWN,Hesacore Pro / Carbon Grip,HIGH_FILE_EXISTS,MEDIA_LOW_QUALITY
prod-hesacore-tour,hesacore-tour,Hesacore,Tour,GRIPS,draft,false,MEDIA_MISSING,false,1,,,0,PLACEHOLDER,,LOW,MEDIA_MISSING
prod-hesacore-tour-w,hesacore-tour-w,Hesacore,Tour W,GRIPS,draft,false,MEDIA_MISSING,false,1,,,0,PLACEHOLDER,,LOW,MEDIA_MISSING
prod-hesacore-pink-w,hesacore-pink-w,Hesacore,Pink / W,GRIPS,draft,false,MEDIA_MISSING,false,1,,,0,PLACEHOLDER,,LOW,MEDIA_MISSING
prod-hesacore-tour-original,hesacore-tour-original,Hesacore,Tour / Original,GRIPS,published,true,MEDIA_INSUFFICIENT,true,1,/images/padel/grips/hesacore-tour-original-hero.jpg,https://eu.hesacore.com/products/padel-hesacore-tour-grip,25866,UNKNOWN,Tour Grip (Classic),HIGH_FILE_EXISTS,MEDIA_INSUFFICIENT
prod-joma-club-cushion,joma-club-cushion,Joma,Club Cushion,GRIPS,draft,false,MEDIA_MISSING,false,1,,,0,PLACEHOLDER,,LOW,MEDIA_MISSING
prod-kuikma-antislip,kuikma-antislip,Kuikma,Antislip,GRIPS,draft,false,MEDIA_MISSING,false,1,,,0,PLACEHOLDER,,LOW,MEDIA_MISSING
prod-kuikma-overgrip-pro-adherence,kuikma-overgrip-pro-adherence,Kuikma,Overgrip Pro / Adherence,GRIPS,draft,false,MEDIA_MISSING,false,1,,,0,PLACEHOLDER,,LOW,MEDIA_MISSING
prod-nox-custom-grip,nox-custom-grip,Nox,Custom Grip,GRIPS,draft,false,MEDIA_MISSING,false,1,,,0,PLACEHOLDER,,LOW,MEDIA_MISSING
prod-nox-luxury-pro,nox-luxury-pro,Nox,Luxury Pro,GRIPS,draft,false,MEDIA_MISSING,false,1,,,0,PLACEHOLDER,,LOW,MEDIA_MISSING
prod-nox-h-dri,nox-h-dri,Nox,H-Dri,GRIPS,draft,false,MEDIA_MISSING,false,1,,,0,PLACEHOLDER,,LOW,MEDIA_MISSING
prod-shockout-shockout-overgrip,shockout-shockout-overgrip,ShockOut,ShockOut Overgrip,GRIPS,draft,false,MEDIA_MISSING,false,1,,,0,PLACEHOLDER,,LOW,MEDIA_MISSING
prod-shockout-100-0062-combo,shockout-100-0062-combo,ShockOut,100-0062 Combo,GRIPS,draft,false,MEDIA_MISSING,false,1,,,0,PLACEHOLDER,,LOW,MEDIA_MISSING
prod-shockout-shockout,shockout-shockout,ShockOut,ShockOut,GRIPS,draft,false,MEDIA_MISSING,false,1,,,0,PLACEHOLDER,,LOW,MEDIA_MISSING
prod-siux-elite,siux-elite,Siux,Elite,GRIPS,draft,false,MEDIA_MISSING,false,1,,,0,PLACEHOLDER,,LOW,MEDIA_MISSING
prod-siux-elite-overgrip,siux-elite-overgrip,Siux,Elite Overgrip,GRIPS,published,true,MEDIA_INSUFFICIENT,true,1,/images/padel/grips/siux-elite-overgrip-hero.jpg,https://www.padelmq.com/products/siux-trilogy-elite-2026?_pos=1&_psq=siux+Elite+Overgrip&_psid=38bd99a29&_ss=e,62300,MANUFACTURER,Siux Elite Overgrip,HIGH_FILE_EXISTS,MEDIA_INSUFFICIENT
prod-starvie-premier-soft,starvie-premier-soft,StarVie,Premier Soft,GRIPS,published,true,MEDIA_INSUFFICIENT,true,1,/images/padel/grips/starvie-premier-soft-hero.jpg,https://www.padelmq.com/products/starvie-brava-soft-2025?_pos=1&_psq=starvie+Premier+Soft&_psid=68e1ab262&_ss=e,26357,MANUFACTURER,StarVie Premier Soft Overgrip,HIGH_FILE_EXISTS,MEDIA_INSUFFICIENT
prod-starvie-tacky-touch,starvie-tacky-touch,StarVie,Tacky Touch,GRIPS,draft,false,MEDIA_MISSING,false,1,,,0,PLACEHOLDER,,LOW,MEDIA_MISSING
prod-tecnifibre-contact-pro,tecnifibre-contact-pro,Tecnifibre Padel,Contact Pro,GRIPS,draft,false,MEDIA_MISSING,false,1,,,0,PLACEHOLDER,,LOW,MEDIA_MISSING
prod-tecnifibre-players-pro-feel,tecnifibre-players-pro-feel,Tecnifibre Padel,Players Pro Feel,GRIPS,published,true,MEDIA_INSUFFICIENT,true,1,/images/padel/grips/tecnifibre-players-pro-feel-hero.jpg,https://www.padelnuestro.com/pt/pack-30-overgrips-tecnifibre-players-pro-feel,47847,UNKNOWN,Players Pro Feel,HIGH_FILE_EXISTS,MEDIA_INSUFFICIENT
prod-tecnifibre-pro-contact,tecnifibre-pro-contact,Tecnifibre Padel,Pro Contact,GRIPS,draft,false,MEDIA_MISSING,false,1,,,0,PLACEHOLDER,,LOW,MEDIA_MISSING
prod-tourna-tourna-grip-ii,tourna-tourna-grip-ii,Tourna,Tourna Grip II,GRIPS,draft,false,MEDIA_MISSING,false,1,,,0,PLACEHOLDER,,LOW,MEDIA_MISSING
prod-tourna-tourna-grip-original-xl,tourna-tourna-grip-original-xl,Tourna,Tourna Grip Original XL,GRIPS,draft,false,MEDIA_MISSING,false,1,,,0,PLACEHOLDER,,LOW,MEDIA_MISSING
prod-tourna-grip-xl,tourna-grip-xl,Tourna,Grip XL,GRIPS,draft,false,MEDIA_MISSING,false,1,,,0,PLACEHOLDER,,LOW,MEDIA_MISSING
prod-tourna-mega-tac,tourna-mega-tac,Tourna,Mega Tac,GRIPS,draft,false,MEDIA_MISSING,false,1,,,0,PLACEHOLDER,,LOW,MEDIA_MISSING
prod-wilson-wilson-replacement-grip,wilson-wilson-replacement-grip,Wilson,Wilson Replacement Grip,GRIPS,published,true,MEDIA_INSUFFICIENT,true,1,/images/padel/grips/wilson-wilson-replacement-grip-hero.jpg,https://www.padelmq.com/products/wilson-pro-overgrip-perforated-wit?_pos=1&_psq=wilson+Wilson+Replacement+Grip&_psid=ba663ef1a&_ss=e,25082,UNKNOWN,Cushion / Replacement Aire Classic equivalents,HIGH_FILE_EXISTS,MEDIA_INSUFFICIENT
prod-wilson-pro-overgrip-perforated,wilson-pro-overgrip-perforated,Wilson,Pro Overgrip Perforated,GRIPS,draft,false,MEDIA_MISSING,false,1,,,0,PLACEHOLDER,,LOW,MEDIA_MISSING
prod-wilson-profile-padel,wilson-profile-padel,Wilson,Profile Padel,GRIPS,published,true,MEDIA_INSUFFICIENT,true,1,/images/padel/grips/wilson-profile-padel-hero.jpg,https://www.tradeinn.com/smashinn/en/wilson-profile-padel-overgrip/139879280/p,46858,UNKNOWN,Profile Padel Overgrip,HIGH_FILE_EXISTS,MEDIA_INSUFFICIENT
prod-yonex-super-grap,yonex-super-grap,Yonex,Super Grap,GRIPS,published,true,MEDIA_INSUFFICIENT,true,1,/images/padel/grips/yonex-super-grap-hero.jpg,https://www.totalpadel.com/Yonex_Super_Grap_Overgrip_Black/descpageYONEX-YSOG-EN.html,113090,UNKNOWN,Super Grap,HIGH_FILE_EXISTS,MEDIA_INSUFFICIENT
prod-kuikma-insulated-backpack-pro-40-l,kuikma-insulated-backpack-pro-40-l,Kuikma,Insulated Backpack Pro 40 L,BAGS,draft,false,MEDIA_MISSING,false,1,,,0,PLACEHOLDER,,LOW,MEDIA_MISSING
prod-adidas-weekend-bag-martita-ortega-2026,adidas-weekend-bag-martita-ortega-2026,Adidas Padel,Weekend Bag Martita Ortega 2026,BAGS,draft,false,MEDIA_MISSING,false,1,,,0,PLACEHOLDER,,LOW,MEDIA_MISSING
prod-adidas-accessory-pouch-2026,adidas-accessory-pouch-2026,Adidas Padel,Accessory Pouch 2026,ACCESSORIES,published,true,MEDIA_INSUFFICIENT,true,1,/images/padel/accessories/adidas-accessory-pouch-2026-hero.jpg,https://padelmarket.com/en/products/adidas-accessory-bag-red-black-2026-ale-galan-toiletry-bag,80088,UNKNOWN,Adidas Accessory Pouch 2026,HIGH_FILE_EXISTS,MEDIA_INSUFFICIENT
prod-adidas-shoe-bag-ale-gal-n,adidas-shoe-bag-ale-gal-n,Adidas Padel,Shoe Bag Ale Galán,ACCESSORIES,published,true,MEDIA_INSUFFICIENT,true,1,/images/padel/accessories/adidas-shoe-bag-ale-gal-n-hero.jpg,https://www.padelmq.com/products/adidas-ale-galan-3-5-schoentas-zwart-rood?_pos=1&_psq=adidas+Shoe+Bag+Ale+Gal%C3%A1n&_psid=65fb4f4fa&_ss=e,65660,UNKNOWN,Adidas Shoe Bag Ale Galán,HIGH_FILE_EXISTS,MEDIA_INSUFFICIENT
prod-dunlop-elite-thermo,dunlop-elite-thermo,Dunlop,Elite Thermo,BAGS,draft,false,MEDIA_MISSING,false,1,,,0,PLACEHOLDER,,LOW,MEDIA_MISSING
prod-dunlop-tour-pro,dunlop-tour-pro,Dunlop,Tour Pro,GRIPS,draft,false,MEDIA_MISSING,false,1,,,0,PLACEHOLDER,,LOW,MEDIA_MISSING
prod-dunlop-tour-dry,dunlop-tour-dry,Dunlop,Tour Dry,GRIPS,draft,false,MEDIA_MISSING,false,1,,,0,PLACEHOLDER,,LOW,MEDIA_MISSING
prod-dunlop-protection-tape,dunlop-protection-tape,Dunlop,Protection Tape,ACCESSORIES,draft,false,MEDIA_MISSING,false,0,,,0,PLACEHOLDER,,LOW,MEDIA_MISSING
prod-joma-vero-virseda-2026,joma-vero-virseda-2026,Joma,Vero Virseda 2026,BAGS,draft,false,MEDIA_MISSING,false,1,,,0,PLACEHOLDER,,LOW,MEDIA_MISSING
prod-babolat-rh-perf-padel,babolat-rh-perf-padel,Babolat,RH Perf Padel,BAGS,draft,false,MEDIA_MISSING,false,1,,,0,PLACEHOLDER,,LOW,MEDIA_MISSING
prod-bullpadel-gb-1201-perforated,bullpadel-gb-1201-perforated,Bullpadel,GB-1201 Perforated,GRIPS,draft,false,MEDIA_MISSING,false,1,,,0,PLACEHOLDER,,LOW,MEDIA_MISSING
prod-bullpadel-gb-1202-fixogrip-pro,bullpadel-gb-1202-fixogrip-pro,Bullpadel,GB-1202 FixoGrip Pro,GRIPS,draft,false,MEDIA_MISSING,false,1,,,0,PLACEHOLDER,,LOW,MEDIA_MISSING
prod-bullpadel-gb-1705-sensogrip-pro,bullpadel-gb-1705-sensogrip-pro,Bullpadel,GB-1705 SensoGrip Pro,GRIPS,draft,false,MEDIA_MISSING,false,1,,,0,PLACEHOLDER,,LOW,MEDIA_MISSING
prod-nox-pro-overgrip-perforated,nox-pro-overgrip-perforated,Nox,Pro Overgrip Perforated,GRIPS,draft,false,MEDIA_MISSING,false,1,,,0,PLACEHOLDER,,LOW,MEDIA_MISSING
prod-wilson-profile-padel-overgrip,wilson-profile-padel-overgrip,Wilson,Profile Padel Overgrip,GRIPS,draft,false,MEDIA_MISSING,false,1,,,0,PLACEHOLDER,,LOW,MEDIA_MISSING
prod-oxdog-gold-pro,oxdog-gold-pro,Oxdog,Gold Pro,GRIPS,published,true,MEDIA_INSUFFICIENT,true,1,/images/padel/grips/oxdog-gold-pro-hero.jpg,https://oxdogpadel.com/en-us/products/gold-pro-overgrip-x3,106658,UNKNOWN,Gold Pro Overgrip,HIGH_FILE_EXISTS,MEDIA_INSUFFICIENT
prod-oxdog-gold-sticky,oxdog-gold-sticky,Oxdog,Gold Sticky,GRIPS,published,true,MEDIA_INSUFFICIENT,true,1,/images/padel/grips/oxdog-gold-sticky-hero.jpg,https://oxdogpadel.com/en-us/products/gold-sticky-overgrip-x3,109609,UNKNOWN,Gold Sticky Overgrip,HIGH_FILE_EXISTS,MEDIA_INSUFFICIENT
prod-oxdog-no1,oxdog-no1,Oxdog,No1,ACCESSORIES,draft,false,MEDIA_MISSING,false,0,,,0,PLACEHOLDER,,LOW,MEDIA_MISSING
prod-black-crown-plus,black-crown-plus,Black Crown,Plus,BAGS,published,true,MEDIA_INSUFFICIENT,true,1,/images/padel/bags/black-crown-plus-hero.jpg,https://www.padelmq.com/en/products/black-crown-plus-black-padel-bag,42321,UNKNOWN,Plus Padel Bag 2026,HIGH_FILE_EXISTS,MEDIA_INSUFFICIENT
prod-lok-one-gen-2,lok-one-gen-2,Lok,One Gen 2,BAGS,published,true,MEDIA_INSUFFICIENT,true,1,/images/padel/bags/lok-one-gen-2-hero.jpg,https://www.padelshack.com/product/lok-racket-bag-one-gen-2-blackorange-2026/,35011,UNKNOWN,One Gen 2 Racket Bag,HIGH_FILE_EXISTS,MEDIA_INSUFFICIENT
prod-lok-accessory-bag-gen-2,lok-accessory-bag-gen-2,Lok,Accessory Bag Gen 2,BAGS,published,true,MEDIA_INSUFFICIENT,true,1,/images/padel/bags/lok-accessory-bag-gen-2-hero.jpg,https://padelmarket.com/en/products/lok-gen-2-black-orange-2026-toiletry-bag,116792,UNKNOWN,Accessory Bag Gen 2,HIGH_FILE_EXISTS,MEDIA_INSUFFICIENT
prod-sane-nitro,sane-nitro,Sane,Nitro,BALLS,draft,false,MEDIA_MISSING,false,1,,,0,PLACEHOLDER,,LOW,MEDIA_MISSING
prod-sane-core,sane-core,Sane,Core,BALLS,draft,false,MEDIA_MISSING,false,1,,,0,PLACEHOLDER,,LOW,MEDIA_MISSING
prod-sane-spin-premium,sane-spin-premium,Sane,Spin Premium,BALLS,draft,false,MEDIA_MISSING,false,1,,,0,PLACEHOLDER,,LOW,MEDIA_MISSING
prod-sane-feel,sane-feel,Sane,Feel+,GRIPS,draft,false,MEDIA_MISSING,false,1,,,0,PLACEHOLDER,,LOW,MEDIA_MISSING
prod-sane-pro-elegance,sane-pro-elegance,Sane,Pro Elegance,BAGS,draft,false,MEDIA_MISSING,false,1,,,0,PLACEHOLDER,,LOW,MEDIA_MISSING
prod-sane-pro-sport,sane-pro-sport,Sane,Pro Sport,BAGS,draft,false,MEDIA_MISSING,false,1,,,0,PLACEHOLDER,,LOW,MEDIA_MISSING
prod-sane-everyday,sane-everyday,Sane,Everyday,BAGS,draft,false,MEDIA_MISSING,false,1,,,0,PLACEHOLDER,,LOW,MEDIA_MISSING
prod-volt-volt-padelbag,volt-volt-padelbag,Volt,Volt Padelbag,BAGS,published,true,MEDIA_INSUFFICIENT,true,1,/images/padel/bags/volt-volt-padelbag-hero.jpg,https://padelshop.com/products/volt-padel-bag-black,46734,UNKNOWN,Volt Padel Bag,HIGH_FILE_EXISTS,MEDIA_INSUFFICIENT
prod-volt-volt-premium,volt-volt-premium,Volt,Volt Premium,GRIPS,published,true,MEDIA_INSUFFICIENT,true,1,/images/padel/grips/volt-volt-premium-hero.jpg,https://padelpop.lt/produktas/volt-premium-padelio-overgripai/,61557,UNKNOWN,Premium Overgrip,HIGH_FILE_EXISTS,MEDIA_INSUFFICIENT
prod-osaka-sports-padel-bag,osaka-sports-padel-bag,Osaka,Sports Padel Bag,BAGS,draft,false,MEDIA_MISSING,false,1,,,0,PLACEHOLDER,,LOW,MEDIA_MISSING
prod-osaka-sports-backpack,osaka-sports-backpack,Osaka,Sports Backpack,BAGS,draft,false,MEDIA_MISSING,false,1,,,0,PLACEHOLDER,,LOW,MEDIA_MISSING
prod-osaka-pro-tour-duffel,osaka-pro-tour-duffel,Osaka,Pro Tour Duffel,BAGS,draft,false,MEDIA_MISSING,false,1,,,0,PLACEHOLDER,,LOW,MEDIA_MISSING
prod-osaka-osaka-overgrip,osaka-osaka-overgrip,Osaka,Osaka Overgrip,GRIPS,draft,false,MEDIA_MISSING,false,1,,,0,PLACEHOLDER,,LOW,MEDIA_MISSING
prod-royal-padel-royal-overgrip,royal-padel-royal-overgrip,Royal Padel,Royal Overgrip,GRIPS,published,true,MEDIA_INSUFFICIENT,true,1,/images/padel/grips/royal-padel-royal-overgrip-hero.jpg,https://royalpadel.com/en/product/bobina-overgrips-royal-padel-60/,91165,UNKNOWN,Royal Padel Overgrip,HIGH_FILE_EXISTS,MEDIA_INSUFFICIENT
prod-rs-pro-padel-bag,rs-pro-padel-bag,RS,Pro Padel Bag,BAGS,draft,false,MEDIA_MISSING,false,1,,,0,PLACEHOLDER,,LOW,MEDIA_MISSING
prod-rs-pro-tour-overgrip,rs-pro-tour-overgrip,RS,Pro Tour Overgrip,GRIPS,draft,false,MEDIA_MISSING,false,1,,,0,PLACEHOLDER,,LOW,MEDIA_MISSING
prod-bounce-filtertech-padel,bounce-filtertech-padel,Bounce Tube,FilterTech Padel,ACCESSORIES,draft,false,MEDIA_MISSING,false,0,,,0,PLACEHOLDER,,LOW,MEDIA_MISSING
prod-4on-totalgrip-paste,4on-totalgrip-paste,4ON,TotalGrip Paste,ACCESSORIES,published,true,MEDIA_INSUFFICIENT,true,1,/images/padel/accessories/4on-totalgrip-paste-hero.jpg,https://www.4on.store/products/totalgrip/4on-totalgrip-paste,29591,UNKNOWN,TotalGrip Paste,HIGH_FILE_EXISTS,MEDIA_INSUFFICIENT
prod-4on-totaldry,4on-totaldry,4ON,TotalDry,ACCESSORIES,draft,false,MEDIA_MISSING,false,0,,,0,PLACEHOLDER,,LOW,MEDIA_MISSING
prod-4on-swiftgrip,4on-swiftgrip,4ON,SwiftGrip,GRIPS,published,true,MEDIA_INSUFFICIENT,true,1,/images/padel/grips/4on-swiftgrip-hero.jpg,https://www.padelmq.com/products/swiftgrip?_pos=1&_psq=4on+SwiftGrip&_psid=ee76e615a&_ss=e,49887,UNKNOWN,SwiftGrip,HIGH_FILE_EXISTS,MEDIA_INSUFFICIENT
prod-4on-premium-comfort,4on-premium-comfort,4ON,Premium Comfort,GRIPS,draft,false,MEDIA_MISSING,false,1,,,0,PLACEHOLDER,,LOW,MEDIA_MISSING
prod-4on-pro-t1,4on-pro-t1,4ON,Pro T1,BALLS,published,true,MEDIA_INSUFFICIENT,true,1,/images/padel/balls/4on-pro-t1-hero.jpg,https://www.4on.store/products/padelballs/4on-pro-t1-padel-balls-3p-tube,64872,UNKNOWN,Pro T1 Padel Balls,HIGH_FILE_EXISTS,MEDIA_INSUFFICIENT
prod-shockout-dual-pro,shockout-dual-pro,ShockOut,Dual Pro,GRIPS,draft,false,MEDIA_MISSING,false,1,,,0,PLACEHOLDER,,LOW,MEDIA_MISSING
prod-shockout-shockout-perforated,shockout-shockout-perforated,ShockOut,ShockOut Perforated,GRIPS,draft,false,MEDIA_MISSING,false,1,,,0,PLACEHOLDER,,LOW,MEDIA_MISSING
prod-tourna-tourna-tac-xl,tourna-tourna-tac-xl,Tourna,Tourna Tac XL,GRIPS,draft,false,MEDIA_MISSING,false,1,,,0,PLACEHOLDER,,LOW,MEDIA_MISSING
prod-tourna-tourna-tuff,tourna-tourna-tuff,Tourna,Tourna Tuff,GRIPS,draft,false,MEDIA_MISSING,false,1,,,0,PLACEHOLDER,,LOW,MEDIA_MISSING
prod-sane-core-overgrip,sane-core-overgrip,Sane,Core Overgrip,GRIPS,draft,false,MEDIA_MISSING,false,1,,,0,PLACEHOLDER,,LOW,MEDIA_MISSING
prod-noene-anti-shock-grip-padel,noene-anti-shock-grip-padel,Noene,Anti Shock Grip Padel,GRIPS,draft,false,MEDIA_MISSING,false,1,,,0,PLACEHOLDER,,LOW,MEDIA_MISSING
prod-noene-undergrip-anti-shock,noene-undergrip-anti-shock,Noene,Undergrip Anti-shock,GRIPS,draft,false,MEDIA_MISSING,false,1,,,0,PLACEHOLDER,,LOW,MEDIA_MISSING
prod-head-prime-tour,head-prime-tour,Head,Prime Tour,GRIPS,published,true,MEDIA_INSUFFICIENT,true,1,/images/padel/grips/head-prime-tour-hero.jpg,https://www.padelnuestro.com/bolsa-30-uds-overgrip-head-prime-tour-285641-bk,33013,UNKNOWN,HEAD Prime Tour Overgrip,HIGH_FILE_EXISTS,MEDIA_INSUFFICIENT
prod-bullpadel-vertex-w,bullpadel-vertex-w,Bullpadel,Vertex-W,SHOES,published,true,MEDIA_INSUFFICIENT,true,1,/images/padel/products/bullpadel-vertex-w-hero.jpg,https://www.bullpadel.com,135217,MANUFACTURER,Bullpadel Vertex-W,HIGH_FILE_EXISTS,MEDIA_INSUFFICIENT
