productId,category,brandId,brand,model,generation,variant,identityKey,lifecycleStatus,publicationStatus,currentHero,currentHeroSource,status,candidateSource,candidateImage,identityConfidence,semanticChecks,hasOffer,notes
prod-head-padel-pro-s,balls,brand-head-padel,head,Padel Pro S+,current (+),speed/fast,padel|balls|head|padel-pro-s|current|speed-fast,current,published,/images/padel/products/head-padel-pro-s-hero.jpg,scraped CDN,MEDIA_VERIFIED,,,95,registered_hero;padel_namespace;authentic_gate,yes,Hero registered in catalog/soft-goods media registry.
prod-wilson-overgrip,grips,brand-wilson-padel,wilson,Pro Padel Overgrip,current,white; 3-pack standard (also 12/30/60 club packs — do not separate SKUs),padel|grips|wilson|pro-padel-overgrip|current|white-3-pack-standard-also-12-30-60-club-packs-do-not-separate-skus,current,published,/images/padel/products/wilson-padel-overgrip-hero.jpg,scraped CDN,MEDIA_VERIFIED,,,95,registered_hero;padel_namespace;authentic_gate,yes,Hero registered in catalog/soft-goods media registry.
prod-nox-bag-10,bags,brand-nox,nox,Thermo Bag 10,unclear,,padel|bags|nox|thermo-bag-10|unclear,current,draft,,,MEDIA_MISSING,,,0,,yes,REJECTED_WRONG_PRODUCT — triage download failed visual identity check; hero revoked. Needs manufacturer PDP packshot. Research hints: https://noxsport.com/en/collections/bags | https://noxsport.com/en/collections/bags
prod-head-padel-pro-plus,balls,brand-head-padel,head,Padel Pro+,current (+),standard/control,padel|balls|head|padel-pro|current|standard-control,current,published,/images/padel/products/head-padel-pro-plus-hero.jpg,PadeLMQ HEAD Pro+ 3-ball tube,MEDIA_VERIFIED,,,95,registered_hero;padel_namespace;authentic_gate,yes,Hero registered in catalog/soft-goods media registry.
prod-head-padel-team,balls,brand-head-padel,head,Padel Team,current,training/club,padel|balls|head|padel-team|current|training-club,current,published,/images/padel/products/head-padel-team-hero.jpg,Padel Market HEAD Team 3-tube pack,MEDIA_VERIFIED,,,95,registered_hero;padel_namespace;authentic_gate,no,Hero registered in catalog/soft-goods media registry.
prod-head-padel-one,balls,brand-head-padel,head,Padel One,current,intermediate,padel|balls|head|padel-one|current|intermediate,current,published,/images/padel/products/head-padel-one-hero.jpg,Padel Market HEAD Padel One,MEDIA_VERIFIED,,,95,registered_hero;padel_namespace;authentic_gate,no,Hero registered in catalog/soft-goods media registry.
prod-kuikma-pb-speed,balls,brand-kuikma,kuikma,Padel Speed,current,speed,padel|balls|kuikma|padel-speed|current|speed,current,published,/images/padel/products/kuikma-pb-speed-hero.jpg,Decathlon Kuikma Padel Speed can,MEDIA_VERIFIED,,,95,registered_hero;padel_namespace;authentic_gate,no,Hero registered in catalog/soft-goods media registry.
prod-kuikma-pb-control,balls,brand-kuikma,kuikma,PB Control,current,control,padel|balls|kuikma|pb-control|current|control,current,published,/images/padel/products/kuikma-pb-control-hero.jpg,Decathlon Kuikma PB Control,MEDIA_VERIFIED,,,95,registered_hero;padel_namespace;authentic_gate,no,Hero registered in catalog/soft-goods media registry.
prod-kuikma-pb-club,balls,brand-kuikma,kuikma,PB Club,current,club/training,padel|balls|kuikma|pb-club|current|club-training,current,published,/images/padel/balls/kuikma-pb-club-hero.jpg,og:image · kuikma PB Club,MEDIA_VERIFIED,,,95,registered_hero;padel_namespace;authentic_gate,no,Hero registered in catalog/soft-goods media registry.
prod-wilson-padel-premier,balls,brand-wilson-padel,wilson,Padel Premier,current,,padel|balls|wilson|padel-premier|current,current,published,/images/padel/products/wilson-padel-premier-hero.jpg,PadeLMQ Wilson Premier padel tube,MEDIA_VERIFIED,,,95,registered_hero;padel_namespace;authentic_gate,yes,Hero registered in catalog/soft-goods media registry.
prod-wilson-padel-premier-speed,balls,brand-wilson-padel,wilson,Premier Padel Speed,current,speed,padel|balls|wilson|premier-padel-speed|current|speed,current,published,/images/padel/products/wilson-padel-premier-speed-hero.jpg,PadeLMQ Wilson Premier Padel Speed tube,MEDIA_VERIFIED,,,95,registered_hero;padel_namespace;authentic_gate,yes,Hero registered in catalog/soft-goods media registry.
prod-bullpadel-premium-pro,balls,brand-bullpadel,bullpadel,Premium Pro,current,all-round/premium,padel|balls|bullpadel|premium-pro|current|all-round-premium,current,published,/images/padel/products/bullpadel-premium-pro-hero.jpg,PadeLMQ Bullpadel Premium Pro tube,MEDIA_VERIFIED,,,95,registered_hero;padel_namespace;authentic_gate,yes,Hero registered in catalog/soft-goods media registry.
prod-bullpadel-premium-gold,balls,brand-bullpadel,bullpadel,Premium Gold,previous,speed,padel|balls|bullpadel|premium-gold|previous|speed,discontinued,draft,,,MEDIA_BLOCKED,,,0,,no,Lifecycle discontinued — media acquisition deferred; not CURRENT market target.
prod-adidas-aditour-padel,balls,brand-adidas-padel,adidas,Aditour,discontinued,,padel|balls|adidas|aditour|discontinued,discontinued,draft,,,MEDIA_BLOCKED,,,0,,no,Lifecycle discontinued — media acquisition deferred; not CURRENT market target.
prod-adidas-speed-rx,balls,brand-adidas-padel,adidas,Speed RX,current,speed,padel|balls|adidas|speed-rx|current|speed,current,published,/images/padel/products/adidas-speed-rx-padel-balls-hero.jpg,PadeLMQ Adidas Speed RX tube,MEDIA_VERIFIED,,,95,registered_hero;padel_namespace;authentic_gate,yes,Hero registered in catalog/soft-goods media registry.
prod-babolat-court-padel-balls,balls,brand-babolat-padel,babolat,Court Padel,current,,padel|balls|babolat|court-padel|current,current,published,/images/padel/products/babolat-court-padel-balls-hero.jpg,PadeLMQ Babolat Court Padel tube,MEDIA_VERIFIED,,,95,registered_hero;padel_namespace;authentic_gate,yes,Hero registered in catalog/soft-goods media registry.
prod-dunlop-pro-padel,balls,brand-dunlop-padel,dunlop,Fort Padel,current,,padel|balls|dunlop|fort-padel|current,current,published,/images/padel/products/dunlop-pro-padel-hero.jpg,Zona de Padel Dunlop Fort Padel,MEDIA_VERIFIED,,,95,registered_hero;padel_namespace;authentic_gate,yes,Hero registered in catalog/soft-goods media registry.
prod-tecnifibre-padel-team,balls,brand-tecnifibre-padel,tecnifibre,Padel Team,current,training,padel|balls|tecnifibre|padel-team|current|training,current,published,/images/padel/products/tecnifibre-padel-team-balls-hero.jpg,PadeLMQ Tecnifibre Padel Team tube,MEDIA_VERIFIED,,,95,registered_hero;padel_namespace;authentic_gate,yes,Hero registered in catalog/soft-goods media registry.
prod-nox-at10-team-bag,bags,brand-nox,nox,AT10 Team Paletero,current,,padel|bags|nox|at10-team-paletero|current,current,published,/images/padel/products/nox-at10-team-paletero-hero.jpg,NOX AT10 TEAM GREY/BLACK paletero,MEDIA_VERIFIED,,,95,registered_hero;padel_namespace;authentic_gate,no,Hero registered in catalog/soft-goods media registry.
prod-babolat-rh-pro-padel,bags,brand-babolat-padel,babolat,RH Pro Padel,current,,padel|bags|babolat|rh-pro-padel|current,current,published,/images/padel/products/babolat-rh-pro-padel-hero.jpg,Babolat RH Pro Padel bag,MEDIA_VERIFIED,,,95,registered_hero;padel_namespace;authentic_gate,no,Hero registered in catalog/soft-goods media registry.
prod-bullpadel-vertex-backpack,bags,brand-bullpadel,bullpadel,Vertex Geo Backpack,2025,,padel|bags|bullpadel|vertex-geo-backpack|2025,current,published,/images/padel/products/bullpadel-vertex-geo-backpack-hero.jpg,PadeLMQ Bullpadel Vertex Geo backpack 2026,MEDIA_VERIFIED,,,95,registered_hero;padel_namespace;authentic_gate,yes,Hero registered in catalog/soft-goods media registry.
prod-tecnifibre-tour-endurance-backpack,bags,brand-tecnifibre-padel,tecnifibre,Tour Endurance Backpack,current,,padel|bags|tecnifibre|tour-endurance-backpack|current,current,published,/images/padel/products/tecnifibre-tour-endurance-padel-backpack-hero.jpg,PadeLMQ Tecnifibre Tour Endurance backpack khaki,MEDIA_VERIFIED,,,95,registered_hero;padel_namespace;authentic_gate,yes,Hero registered in catalog/soft-goods media registry.
prod-babolat-court-backpack,bags,brand-babolat-padel,babolat,Court S,current,colorways collapsed (incl. Hero),padel|bags|babolat|court-s|current|colorways-collapsed-incl-hero,current,published,/images/padel/products/babolat-court-backpack-hero.jpg,Babolat Court S padel bag (Court line),MEDIA_VERIFIED,,,95,registered_hero;padel_namespace;authentic_gate,no,Hero registered in catalog/soft-goods media registry.
prod-adidas-protour-padel,bags,brand-adidas-padel,adidas,ProTour 3.5,2026 / 3.5,colorways collapsed (Blue/Bronze; Pink; Black etc),padel|bags|adidas|protour-3-5|2026-3-5|colorways-collapsed-blue-bronze-pink-black-etc,current,published,/images/padel/products/adidas-protour-padel-bag-hero.jpg,PadeLMQ Adidas ProTour 3.5 padel bag 2026,MEDIA_VERIFIED,,,95,registered_hero;padel_namespace;authentic_gate,yes,Hero registered in catalog/soft-goods media registry.
prod-head-tour-team-padel,bags,brand-head-padel,head,Tour Team Padel,current,,padel|bags|head|tour-team-padel|current,current,published,/images/padel/bags/head-tour-team-padel-hero.jpg,padelmq-suggest · head Tour Team Padel,MEDIA_VERIFIED,,,95,registered_hero;padel_namespace;authentic_gate,no,Hero registered in catalog/soft-goods media registry.
prod-head-elite-backpack,bags,brand-head-padel,head,Elite Backpack,current,,padel|bags|head|elite-backpack|current,current,published,/images/padel/products/head-elite-padel-backpack-hero.jpg,Tennis-Point HEAD Tour Team Elite Backpack,MEDIA_VERIFIED,,,95,registered_hero;padel_namespace;authentic_gate,no,Hero registered in catalog/soft-goods media registry.
prod-wilson-super-tour-padel,bags,brand-wilson-padel,wilson,Bela Super Tour,2025,colorways collapsed (Black; White),padel|bags|wilson|bela-super-tour|2025|colorways-collapsed-black-white,current,published,/images/padel/products/wilson-super-tour-padel-bag-hero.jpg,PadeLMQ Wilson Bela Super Tour padel bag,MEDIA_VERIFIED,,,95,registered_hero;padel_namespace;authentic_gate,yes,Hero registered in catalog/soft-goods media registry.
prod-kuikma-paletero,bags,brand-kuikma,kuikma,Kuikma Paletero,current,,padel|bags|kuikma|kuikma-paletero|current,current,published,/images/padel/bags/kuikma-paletero-hero.jpg,padelmq-suggest · kuikma Kuikma Paletero,MEDIA_VERIFIED,,,95,registered_hero;padel_namespace;authentic_gate,no,Hero registered in catalog/soft-goods media registry.
prod-nox-pro-series-bag,bags,brand-nox,nox,Pro Series Bag,current,,padel|bags|nox|pro-series-bag|current,current,draft,,,MEDIA_MISSING,,https://padelmarket.com/cdn/shop/collections/BOLSAS-MARCAS-NOX.png?v=1782894650,24,,no,REJECTED — low_score_24_logo_or_junk. No authentic registered hero; stays draft via media publish gate. Research hints: https://noxsport.com/en/collections/paleteros-padel | https://padelmarket.com/en/collections/bags-nox
prod-nox-at10-xxl-bag,bags,brand-nox,nox,AT10 XXL,2024-2025,colorways collapsed (Black/Red; Black/Orange),padel|bags|nox|at10-xxl|2024-2025|colorways-collapsed-black-red-black-orange,current,published,/images/padel/products/nox-at10-xxl-padel-bag-hero.jpg,PadeLMQ Nox AT10 XXL padel bag,MEDIA_VERIFIED,,,95,registered_hero;padel_namespace;authentic_gate,yes,Hero registered in catalog/soft-goods media registry.
prod-siux-paletero,bags,brand-siux,siux,Siux Paletero,current,,padel|bags|siux|siux-paletero|current,current,published,/images/padel/bags/siux-paletero-hero.jpg,padelmq-suggest · siux Siux Paletero,MEDIA_VERIFIED,,,95,registered_hero;padel_namespace;authentic_gate,no,Hero registered in catalog/soft-goods media registry.
prod-bullpadel-gb1200,grips,brand-bullpadel,bullpadel,HaC,current,,padel|grips|bullpadel|hac|current,current,published,/images/padel/products/bullpadel-hac-overgrip-hero.jpg,Bullpadel HaC Comfort overgrip 3-pack (Zona de Padel),MEDIA_VERIFIED,,,95,registered_hero;padel_namespace;authentic_gate,no,Hero registered in catalog/soft-goods media registry.
prod-nox-pro-overgrip,grips,brand-nox,nox,Pro Overgrip,current,white perforated; 1/3/5 packs (also club cans),padel|grips|nox|pro-overgrip|current|white-perforated-1-3-5-packs-also-club-cans,current,published,/images/padel/products/nox-pro-overgrip-hero.jpg,PadeLMQ Nox Pro Overgrip white 3-pack,MEDIA_VERIFIED,,,95,registered_hero;padel_namespace;authentic_gate,yes,Hero registered in catalog/soft-goods media registry.
prod-head-xtreme-soft,grips,brand-head-padel,head,Xtreme Soft,current,,padel|grips|head|xtreme-soft|current,current,published,/images/padel/products/head-xtreme-soft-overgrip-hero.jpg,PadeLMQ HEAD Xtreme Soft overgrip white,MEDIA_VERIFIED,,,95,registered_hero;padel_namespace;authentic_gate,yes,Hero registered in catalog/soft-goods media registry.
prod-babolat-pro-response,grips,brand-babolat-padel,babolat,Pro Response,current,x3; ~0.45 mm thin tacky,padel|grips|babolat|pro-response|current|x3-0-45-mm-thin-tacky,current,published,/images/padel/products/babolat-pro-response-overgrip-hero.jpg,Babolat Pro Response X3,MEDIA_VERIFIED,,,95,registered_hero;padel_namespace;authentic_gate,no,Hero registered in catalog/soft-goods media registry.
prod-kuikma-overgrip,grips,brand-kuikma,kuikma,Kuikma Overgrip Pro,current,,padel|grips|kuikma|kuikma-overgrip-pro|current,current,published,/images/padel/products/kuikma-padel-overgrip-hero.jpg,Decathlon Kuikma Padel Overgrip Pro,MEDIA_VERIFIED,,,95,registered_hero;padel_namespace;authentic_gate,no,Hero registered in catalog/soft-goods media registry.
prod-head-hydrosorb,grips,brand-head-padel,head,Hydrosorb,current,,padel|grips|head|hydrosorb|current,current,published,/images/padel/grips/head-hydrosorb-hero.jpg,padelmq-suggest · head Hydrosorb,MEDIA_VERIFIED,,,95,registered_hero;padel_namespace;authentic_gate,no,Hero registered in catalog/soft-goods media registry.
prod-babolat-syntec-pro,grips,brand-babolat-padel,babolat,Syntec Pro,current,1 unit; ~1.9 mm replacement base,padel|grips|babolat|syntec-pro|current|1-unit-1-9-mm-replacement-base,current,published,/images/padel/products/babolat-syntec-pro-replacement-grip-hero.jpg,Babolat Syntec Pro,MEDIA_VERIFIED,,,95,registered_hero;padel_namespace;authentic_gate,no,Hero registered in catalog/soft-goods media registry.
prod-hesacore-padel,grips,brand-hesacore,hesacore,Hesacore,current,,padel|grips|hesacore|hesacore|current,current,published,/images/padel/products/hesacore-padel-grip-hero.jpg,PadeLMQ Bullpadel Hesacore Grip Tour,MEDIA_VERIFIED,,,95,registered_hero;padel_namespace;authentic_gate,yes,Hero registered in catalog/soft-goods media registry.
prod-adidas-padel-overgrip,grips,brand-adidas-padel,adidas,Adidas Padel Overgrip,current,,padel|grips|adidas|adidas-padel-overgrip|current,current,published,/images/padel/grips/adidas-padel-overgrip-hero.jpg,padelmq-suggest · adidas Adidas Padel Overgrip,MEDIA_VERIFIED,,,95,registered_hero;padel_namespace;authentic_gate,no,Hero registered in catalog/soft-goods media registry.
prod-bullpadel-frame-protector,accessories,brand-bullpadel,bullpadel,Frame Protector,current,,padel|accessories|bullpadel|frame-protector|current,current,published,/images/padel/products/bullpadel-frame-protector-3-pack-hero.jpg,PadeLMQ Bullpadel Frame Protector black 3-pack,MEDIA_VERIFIED,,,95,registered_hero;padel_namespace;authentic_gate,yes,Hero registered in catalog/soft-goods media registry.
prod-nox-frame-protector,accessories,brand-nox,nox,Transparent Protector,current,,padel|accessories|nox|transparent-protector|current,current,published,/images/padel/products/nox-transparent-frame-protector-hero.jpg,PadeLMQ Nox transparent protection tape,MEDIA_VERIFIED,,,95,registered_hero;padel_namespace;authentic_gate,yes,Hero registered in catalog/soft-goods media registry.
prod-bullpadel-pascal-box,accessories,brand-bullpadel,bullpadel,Pascal Box 3B,current,manual 3-ball + manometer + pump,padel|accessories|bullpadel|pascal-box-3b|current|manual-3-ball-manometer-pump,current,published,/images/padel/products/bullpadel-pascal-box-3b-hero.jpg,PadeLMQ Bullpadel Pascal Box 3B,MEDIA_VERIFIED,,,95,registered_hero;padel_namespace;authentic_gate,yes,Hero registered in catalog/soft-goods media registry.
prod-head-x3-pressurizer,accessories,brand-head-padel,head,X3 Pressurizer,current,,padel|accessories|head|x3-pressurizer|current,current,published,/images/padel/products/head-x3-ball-pressurizer-hero.jpg,PadelPROShop HEAD X3 PUMP pressurizer,MEDIA_VERIFIED,,,95,registered_hero;padel_namespace;authentic_gate,no,Hero registered in catalog/soft-goods media registry.
prod-bullpadel-custom-weight,accessories,brand-bullpadel,bullpadel,Protector Custom Weight,current,,padel|accessories|bullpadel|protector-custom-weight|current,current,published,/images/padel/products/bullpadel-protector-custom-weight-hero.jpg,PadeLMQ Bullpadel Protector Custom Weight 4-pack,MEDIA_VERIFIED,,,95,registered_hero;padel_namespace;authentic_gate,yes,Hero registered in catalog/soft-goods media registry.
prod-head-wristband,accessories,brand-head-padel,head,HEAD Wristband,current,,padel|accessories|head|head-wristband|current,current,published,/images/padel/accessories/head-wristband-hero.jpg,padelmq-suggest · head HEAD Wristband,MEDIA_VERIFIED,,,95,registered_hero;padel_namespace;authentic_gate,no,Hero registered in catalog/soft-goods media registry.
prod-wilson-wristband,accessories,brand-wilson-padel,wilson,Wilson Wristband,current,terry; colorways,padel|accessories|wilson|wilson-wristband|current|terry-colorways,current,published,/images/padel/accessories/wilson-wristband-hero.jpg,padelmq-suggest · wilson Wilson Wristband,MEDIA_VERIFIED,,,95,registered_hero;padel_namespace;authentic_gate,no,Hero registered in catalog/soft-goods media registry.
prod-nox-wristband,accessories,brand-nox,nox,Nox Wristband,current,,padel|accessories|nox|nox-wristband|current,current,published,/images/padel/accessories/nox-wristband-hero.jpg,padelmq-suggest · nox Nox Wristband,MEDIA_VERIFIED,,,95,registered_hero;padel_namespace;authentic_gate,no,Hero registered in catalog/soft-goods media registry.
prod-bullpadel-wristband,accessories,brand-bullpadel,bullpadel,Bullpadel Wristband,current,,padel|accessories|bullpadel|bullpadel-wristband|current,current,published,/images/padel/accessories/bullpadel-wristband-hero.jpg,padelmq-suggest · bullpadel Bullpadel Wristband,MEDIA_VERIFIED,,,95,registered_hero;padel_namespace;authentic_gate,no,Hero registered in catalog/soft-goods media registry.
prod-head-smartsorb,accessories,brand-head-padel,head,Smartsorb,current,string-bed vibration dampener,padel|accessories|head|smartsorb|current|string-bed-vibration-dampener,current,published,/images/padel/accessories/head-smartsorb-hero.jpg,padelmq-suggest · head Smartsorb,MEDIA_VERIFIED,,,95,registered_hero;padel_namespace;authentic_gate,no,Hero registered in catalog/soft-goods media registry.
prod-4on-totalgrip,accessories,brand-4on,4on,TotalGrip,current,anti-slip grip spray 100–200 ml,padel|accessories|4on|totalgrip|current|anti-slip-grip-spray-100-200-ml,current,published,/images/padel/accessories/4on-totalgrip-hero.jpg,og:image · 4on TotalGrip,MEDIA_VERIFIED,,,95,registered_hero;padel_namespace;authentic_gate,no,Hero registered in catalog/soft-goods media registry.
prod-adidas-adidas-protector,accessories,brand-adidas-padel,adidas,Adidas Protector,current,transparent/branded,padel|accessories|adidas|adidas-protector|current|transparent-branded,current,published,/images/padel/accessories/adidas-adidas-protector-hero.jpg,padelmq-suggest · adidas Adidas Protector,MEDIA_VERIFIED,,,95,registered_hero;padel_namespace;authentic_gate,no,Hero registered in catalog/soft-goods media registry.
prod-adidas-adidas-wristband,accessories,brand-adidas-padel,adidas,Adidas Wristband,current,branded,padel|accessories|adidas|adidas-wristband|current|branded,current,published,/images/padel/accessories/adidas-adidas-wristband-hero.jpg,padelmq-suggest · adidas Adidas Wristband,MEDIA_VERIFIED,,,95,registered_hero;padel_namespace;authentic_gate,no,Hero registered in catalog/soft-goods media registry.
prod-alacran-alacran-basket,accessories,brand-alacran,alacran,Alacran Basket,current,foldable basket + EasyPick,padel|accessories|alacran|alacran-basket|current|foldable-basket-easypick,current,published,/images/padel/accessories/alacran-alacran-basket-hero.jpg,padelmq-suggest · alacran Alacran Basket,MEDIA_VERIFIED,,,95,registered_hero;padel_namespace;authentic_gate,no,Hero registered in catalog/soft-goods media registry.
prod-alacran-wide-ancha,accessories,brand-alacran,alacran,Wide / Ancha,current,red/white and other colors; 1 piece,padel|accessories|alacran|wide-ancha|current|red-white-and-other-colors-1-piece,current,published,/images/padel/accessories/alacran-wide-ancha-hero.jpg,manual-approve · alacran Wide / Ancha,MEDIA_VERIFIED,,,95,registered_hero;padel_namespace;authentic_gate,yes,Hero registered in catalog/soft-goods media registry.
prod-babolat-babolat-protector,accessories,brand-babolat-padel,babolat,Babolat Protector,current,,padel|accessories|babolat|babolat-protector|current,current,published,/images/padel/accessories/babolat-babolat-protector-hero.jpg,padelmq-suggest · babolat Babolat Protector,MEDIA_VERIFIED,,,95,registered_hero;padel_namespace;authentic_gate,no,Hero registered in catalog/soft-goods media registry.
prod-babolat-babolat-wristband,accessories,brand-babolat-padel,babolat,Babolat Wristband,current,terry,padel|accessories|babolat|babolat-wristband|current|terry,current,published,/images/padel/accessories/babolat-babolat-wristband-hero.jpg,padelmq-suggest · babolat Babolat Wristband,MEDIA_VERIFIED,,,95,registered_hero;padel_namespace;authentic_gate,no,Hero registered in catalog/soft-goods media registry.
prod-ball-rescuer-ball-rescuer,accessories,brand-ball-rescuer,ball-rescuer,Ball Rescuer,current,can-lid adapter + Schrader; uses bicycle pump; 3/4-ball cans,padel|accessories|ball-rescuer|ball-rescuer|current|can-lid-adapter-schrader-uses-bicycle-pump-3-4-ball-cans,current,published,/images/padel/accessories/ball-rescuer-ball-rescuer-hero.jpg,og:image · ball-rescuer Ball Rescuer,MEDIA_VERIFIED,,,95,registered_hero;padel_namespace;authentic_gate,no,Hero registered in catalog/soft-goods media registry.
prod-ball-rescuer-premium,accessories,brand-ball-rescuer,ball-rescuer,Premium,current,,padel|accessories|ball-rescuer|premium|current,current,draft,,,MEDIA_MISSING,,,0,,no,Researched: no_safe_distinct_image. No authentic registered hero. Product remains draft via media publish gate. Research hints: https://www.oudetennisballen.com/gb/pascalbox-tennisballsaver-tuboplus-ball-rescuer-gamma-rivive/64-ball-rescuer-0751446339048.html
prod-black-crown-vibranium-transparent,accessories,brand-black-crown,black-crown,Vibranium Transparent,current,transparent branded,padel|accessories|black-crown|vibranium-transparent|current|transparent-branded,current,published,/images/padel/accessories/black-crown-vibranium-transparent-hero.jpg,padelmq-suggest · black-crown Vibranium Transparent,MEDIA_VERIFIED,,,95,registered_hero;padel_namespace;authentic_gate,no,Hero registered in catalog/soft-goods media registry.
prod-black-crown-black-crown-wristband,accessories,brand-black-crown,black-crown,Black Crown Wristband,current,branded,padel|accessories|black-crown|black-crown-wristband|current|branded,current,published,/images/padel/accessories/black-crown-black-crown-wristband-hero.jpg,padelmq-suggest · black-crown Black Crown Wristband,MEDIA_VERIFIED,,,95,registered_hero;padel_namespace;authentic_gate,no,Hero registered in catalog/soft-goods media registry.
prod-bounce-bounce-padel-x4,accessories,brand-bounce-tube,bounce-tube,Bounce Padel X4,current,built-in pump; audible click; 4-ball; ~24 PSI padel,padel|accessories|bounce-tube|bounce-padel-x4|current|built-in-pump-audible-click-4-ball-24-psi-padel,current,draft,,,MEDIA_MISSING,,https://cdn.shopify.com/s/files/1/0881/5132/7069/files/Bullpadel-Next-Pro-Box-24Tubes-PadeLMQ.jpg?v=1786267928,99,,no,REJECTED — shared-hero_collision. No authentic registered hero; stays draft via media publish gate. Research hints: https://www.bounce-tube.com | https://www.tennispro.nl/bal-pressurizer-stuiter-padel-x4-840175.html|https://actu-padel.com/en/top-3-padel-ball-pressurizers-for-2026-our-ranking/
prod-bullpadel-bpmu252-bpmu253,accessories,brand-bullpadel,bullpadel,BPMU252 / BPMU253,2025,papaya grey / sky-shadow blue colorways,padel|accessories|bullpadel|bpmu252-bpmu253|2025|papaya-grey-sky-shadow-blue-colorways,current,published,/images/padel/accessories/bullpadel-bpmu252-bpmu253-hero.jpg,padelmq-suggest · bullpadel BPMU252 / BPMU253,MEDIA_VERIFIED,,,95,registered_hero;padel_namespace;authentic_gate,no,Hero registered in catalog/soft-goods media registry.
prod-bullpadel-pascal-box-switch-3b,accessories,brand-bullpadel,bullpadel,Pascal Box Switch 3B,current,,padel|accessories|bullpadel|pascal-box-switch-3b|current,current,draft,,,MEDIA_MISSING,,https://cdn.shopify.com/s/files/1/0881/5132/7069/files/cargador-de-presion-pelotas-pascal-box-1000x1000.jpg?v=1772312313,99,,no,REJECTED — shared-hero_collision. No authentic registered hero; stays draft via media publish gate. Research hints: https://pascalbox.com/ | https://www.padelnuestro.com/int/padel-accessories/ball-pressurizers
prod-bullpadel-custom-weight-grip,accessories,brand-bullpadel,bullpadel,Custom Weight Grip,current,handle-end weight cap system,padel|accessories|bullpadel|custom-weight-grip|current|handle-end-weight-cap-system,current,published,/images/padel/accessories/bullpadel-custom-weight-grip-hero.jpg,og:image · bullpadel Custom Weight Grip,MEDIA_VERIFIED,,,95,registered_hero;padel_namespace;authentic_gate,no,Hero registered in catalog/soft-goods media registry.
prod-bullpadel-frame-protector-uni,accessories,brand-bullpadel,bullpadel,Frame Protector Uni,current,transparent,padel|accessories|bullpadel|frame-protector-uni|current|transparent,current,published,/images/padel/accessories/bullpadel-frame-protector-uni-hero.jpg,padelmq-suggest · bullpadel Frame Protector Uni,MEDIA_VERIFIED,,,95,registered_hero;padel_namespace;authentic_gate,no,Hero registered in catalog/soft-goods media registry.
prod-bullpadel-bullpadel-headband,accessories,brand-bullpadel,bullpadel,Bullpadel Headband,2025,colorways matching BPMU collection,padel|accessories|bullpadel|bullpadel-headband|2025|colorways-matching-bpmu-collection,current,published,/images/padel/accessories/bullpadel-bullpadel-headband-hero.jpg,padelmq-suggest · bullpadel Bullpadel Headband,MEDIA_VERIFIED,,,95,registered_hero;padel_namespace;authentic_gate,no,Hero registered in catalog/soft-goods media registry.
prod-bullpadel-metalshield,accessories,brand-bullpadel,bullpadel,Metalshield,current,OEM on Vertex/Hack Pro frames,padel|accessories|bullpadel|metalshield|current|oem-on-vertex-hack-pro-frames,current,published,/images/padel/accessories/bullpadel-metalshield-hero.jpg,padelmq-suggest · bullpadel Metalshield,MEDIA_VERIFIED,,,95,registered_hero;padel_namespace;authentic_gate,no,Hero registered in catalog/soft-goods media registry.
prod-bullpadel-pascal-box-4b,accessories,brand-bullpadel,bullpadel,Pascal Box 4B,current,manual 4-ball manometer system,padel|accessories|bullpadel|pascal-box-4b|current|manual-4-ball-manometer-system,current,draft,,,MEDIA_MISSING,,https://www.zonadepadel.com/blog/wp-content/uploads/sites/3/2026/05/Portada-Blog-Presurizadores-en.jpg,0,,no,REJECTED — low_score_0_logo_or_junk. No authentic registered hero; stays draft via media publish gate. Research hints: https://www.bullpadel.com | https://www.zonadepadel.com/blog/2026/05/padel-pressurizers-how-they-work-if-theyre-worth-it-and-which-one-to-buy-in-2026/
prod-bullpadel-pascal-box-pro,accessories,brand-bullpadel,bullpadel,Pascal Box PRO,current,club/pro automatic (~€950 class),padel|accessories|bullpadel|pascal-box-pro|current|club-pro-automatic-950-class,current,draft,,,MEDIA_MISSING,,https://cdn.shopify.com/s/files/1/0881/5132/7069/files/cargador-de-presion-pelotas-pascal-box-1000x1000.jpg?v=1772312313,99,,no,REJECTED — shared-hero_collision. No authentic registered hero; stays draft via media publish gate. Research hints: https://www.bullpadel.com | https://www.bullpadel.com/gb/6427-pascal-box-switch.html
prod-bullpadel-pascal-box-switch,accessories,brand-bullpadel,bullpadel,Pascal Box SWITCH,current,electric integrated compressor + battery + USB-C; 3-ball,padel|accessories|bullpadel|pascal-box-switch|current|electric-integrated-compressor-battery-usb-c-3-ball,current,draft,,,MEDIA_MISSING,,https://www.zonadepadel.com/blog/wp-content/uploads/sites/3/2026/05/Portada-Blog-Presurizadores-en.jpg,0,,no,REJECTED — low_score_0_logo_or_junk. No authentic registered hero; stays draft via media publish gate. Research hints: https://www.bullpadel.com/gb/6427-pascal-box-switch.html | https://www.bullpadel.com/gb/6427-pascal-box-switch.html|https://www.zonadepadel.com/blog/2026/05/padel-pressurizers-how-they-work-if-theyre-worth-it-and-which-one-to-buy-in-2026/
prod-bullpadel-custom-weight-protector,accessories,brand-bullpadel,bullpadel,Custom Weight Protector,current,black; 3–4 plate blisters (~3 g); Metalshield Pro compatible,padel|accessories|bullpadel|custom-weight-protector|current|black-3-4-plate-blisters-3-g-metalshield-pro-compatible,current,draft,,,MEDIA_MISSING,,https://cdn.shopify.com/s/files/1/0881/5132/7069/files/protector-bullpadel-custom-weight-4x3gr.1.jpg?v=1745740026,99,,yes,REJECTED — shared-hero_collision. No authentic registered hero; stays draft via media publish gate. Research hints: https://www.bullpadel.com | https://www.padelmq.com/en-nl/products/bullpadel-protector-custom-weight-4-stuks|https://www.extreme-tennis.eu/padel-accessories/22424-bullpadel-custom-weight-4-x-3g.html
prod-enebe-enebe-protector-line,accessories,brand-enebe,enebe,Enebe Protector line,current,colored PP ~37×3.5 cm; model graphics vary,padel|accessories|enebe|enebe-protector-line|current|colored-pp-37-3-5-cm-model-graphics-vary,current,published,/images/padel/accessories/enebe-enebe-protector-line-hero.jpg,padelmq-suggest · enebe Enebe Protector line,MEDIA_VERIFIED,,,95,registered_hero;padel_namespace;authentic_gate,no,Hero registered in catalog/soft-goods media registry.
prod-head-antishock-skin,accessories,brand-head-padel,head,Antishock Skin,current,transparent; ~6 g,padel|accessories|head|antishock-skin|current|transparent-6-g,current,published,/images/padel/accessories/head-antishock-skin-hero.jpg,padelmq-suggest · head Antishock Skin,MEDIA_VERIFIED,,,95,registered_hero;padel_namespace;authentic_gate,no,Hero registered in catalog/soft-goods media registry.
prod-head-head-ball-cart,accessories,brand-head-padel,head,HEAD Ball Cart,current,wheeled court cart,padel|accessories|head|head-ball-cart|current|wheeled-court-cart,current,draft,,,MEDIA_MISSING,,https://cdn.shopify.com/s/files/1/0881/5132/7069/files/box-24-cans-of-3-head-padel-pro-balls-PadeLMQ-1.jpg?v=1729588444,99,,no,REJECTED — shared-hero_collision. No authentic registered hero; stays draft via media publish gate. Research hints: https://www.head.com | https://www.misterpadel.com/en/padel-accessories/head/
prod-head-pick-up-tube,accessories,brand-head-padel,head,Pick Up Tube,current,orange/black pickup tube,padel|accessories|head|pick-up-tube|current|orange-black-pickup-tube,current,published,/images/padel/accessories/head-pick-up-tube-hero.jpg,padelmq-suggest · head Pick Up Tube,MEDIA_VERIFIED,,,95,registered_hero;padel_namespace;authentic_gate,no,Hero registered in catalog/soft-goods media registry.
prod-head-court-basket-70,accessories,brand-head-padel,head,Court Basket 70,current,black; ~70-ball capacity,padel|accessories|head|court-basket-70|current|black-70-ball-capacity,current,draft,,,MEDIA_MISSING,,https://cdn.shopify.com/s/files/1/0881/5132/7069/files/cesto-bolas-alacran.jpg?v=1777619570,99,,no,REJECTED — shared-hero_collision. No authentic registered hero; stays draft via media publish gate. Research hints: https://www.head.com | https://www.misterpadel.com/en/padel-accessories/head/
prod-head-ball-basket,accessories,brand-head-padel,head,Ball Basket,current,,padel|accessories|head|ball-basket|current,current,draft,,,MEDIA_MISSING,,https://cdn.shopify.com/s/files/1/0881/5132/7069/files/box-24-cans-of-3-head-padel-pro-balls-PadeLMQ-1.jpg?v=1729588444,99,,no,REJECTED — shared-hero_collision. No authentic registered hero; stays draft via media publish gate.
prod-head-protector-tape,accessories,brand-head-padel,head,Protector Tape,current,,padel|accessories|head|protector-tape|current,current,draft,,,MEDIA_MISSING,,https://cdn.shopify.com/s/files/1/0881/5132/7069/files/head-protector-transparant-padel-bescherming.1.jpg?v=1742321924,99,,no,REJECTED — shared-hero_collision. No authentic registered hero; stays draft via media publish gate.
prod-head-headband,accessories,brand-head-padel,head,Headband,current,,padel|accessories|head|headband|current,current,draft,,,MEDIA_MISSING,,https://cdn.shopify.com/s/files/1/0881/5132/7069/files/bandana-wilson-negro.jpg?v=1777621148,99,,no,REJECTED — shared-hero_collision. No authentic registered hero; stays draft via media publish gate.
prod-head-x100,accessories,brand-head-padel,head,X100,current,,padel|accessories|head|x100|current,current,draft,,,MEDIA_MISSING,,,0,,no,Researched: no_safe_distinct_image. No authentic registered hero. Product remains draft via media publish gate. Research hints: https://www.padelnuestro.com/int/padel-accessories/ball-pressurizers
prod-head-head-logo-wristband,accessories,brand-head-padel,head,HEAD Logo Wristband,current,small 2.5in / big 5in; white/navy colors,padel|accessories|head|head-logo-wristband|current|small-2-5in-big-5in-white-navy-colors,current,draft,,,MEDIA_MISSING,,https://cdn.shopify.com/s/files/1/0881/5132/7069/files/adidas-polsband-klein-wit-1.jpg?v=1724577867,99,,no,REJECTED — shared-hero_collision. No authentic registered hero; stays draft via media publish gate. Research hints: https://www.head.com | https://www.misterpadel.com/en/padel-accessories/head/
prod-head-coaching-kit,accessories,brand-head-padel,head,Coaching Kit,current,cones + poles + targets + lines kit,padel|accessories|head|coaching-kit|current|cones-poles-targets-lines-kit,current,published,/images/padel/accessories/head-coaching-kit-hero.jpg,padelmq-suggest · head Coaching Kit,MEDIA_VERIFIED,,,95,registered_hero;padel_namespace;authentic_gate,no,Hero registered in catalog/soft-goods media registry.
prod-head-dome-cones,accessories,brand-head-padel,head,Dome Cones,current,cone sets,padel|accessories|head|dome-cones|current|cone-sets,current,published,/images/padel/accessories/head-dome-cones-hero.jpg,padelmq-suggest · head Dome Cones,MEDIA_VERIFIED,,,95,registered_hero;padel_namespace;authentic_gate,no,Hero registered in catalog/soft-goods media registry.
prod-head-performance-headband,accessories,brand-head-padel,head,Performance HEADband,current,multiple colorways; tieband variants,padel|accessories|head|performance-headband|current|multiple-colorways-tieband-variants,current,draft,,,MEDIA_MISSING,,https://cdn.shopify.com/s/files/1/0881/5132/7069/files/bandana-wilson-negro.jpg?v=1777621148,99,,no,REJECTED — shared-hero_collision. No authentic registered hero; stays draft via media publish gate. Research hints: https://www.head.com | https://www.misterpadel.com/en/padel-accessories/head/|https://padelmania.com/en/padel-accesaios/13807-head-headband-285080-rd-head-726424939039.html
prod-head-head-targets,accessories,brand-head-padel,head,HEAD Targets,current,court target set (often in coaching kit),padel|accessories|head|head-targets|current|court-target-set-often-in-coaching-kit,current,draft,,,MEDIA_MISSING,,https://cdn.shopify.com/s/files/1/0881/5132/7069/files/box-24-cans-of-3-head-padel-pro-s-balls-PadeLMQ.jpg?v=1729600888,99,,no,REJECTED — shared-hero_collision. No authentic registered hero; stays draft via media publish gate. Research hints: https://www.head.com | https://www.misterpadel.com/en/padel-accessories/head/
prod-head-x3-pump,accessories,brand-head-padel,head,X3 Pump,current,manual transparent canister + pump; 3-ball (some listings say up to 4),padel|accessories|head|x3-pump|current|manual-transparent-canister-pump-3-ball-some-listings-say-up-to-4,current,published,/images/padel/accessories/head-x3-pump-hero.jpg,og:image · head X3 Pump,MEDIA_VERIFIED,,,95,registered_hero;padel_namespace;authentic_gate,no,Hero registered in catalog/soft-goods media registry.
prod-head-x4-pump,accessories,brand-head-padel,head,X4 Pump,current,4-ball; pump and non-pump variants,padel|accessories|head|x4-pump|current|4-ball-pump-and-non-pump-variants,current,draft,,,MEDIA_MISSING,,https://cdn.actu-padel.com/wp-content/uploads/2026/01/actu-padel-top-3-pressurisateurs-balles-padel-2026.jpg?strip=all&#038;sharp=1,44,,no,REJECTED — logo_or_banner_url. No authentic registered hero; stays draft via media publish gate. Research hints: https://www.head.com | https://www.zonadepadel.com/blog/2026/05/padel-pressurizers-how-they-work-if-theyre-worth-it-and-which-one-to-buy-in-2026/|https://actu-padel.com/en/top-3-padel-ball-pressurizers-for-2026-our-ranking/
prod-nox-nox-pickup-tube,accessories,brand-nox,nox,Nox Pickup Tube,current,~16-ball tube,padel|accessories|nox|nox-pickup-tube|current|16-ball-tube,current,draft,,,MEDIA_MISSING,,,0,,no,REJECTED_WRONG_PRODUCT — triage download failed visual identity check; hero revoked. Needs manufacturer PDP packshot. Research hints: https://noxsport.com | https://noxsport.com/
prod-nox-nox-color-pack,accessories,brand-nox,nox,Nox Color Pack,current,multi-color blister packs,padel|accessories|nox|nox-color-pack|current|multi-color-blister-packs,current,published,/images/padel/accessories/nox-nox-color-pack-hero.jpg,retailer-shopify-json · nox Nox Color Pack,MEDIA_VERIFIED,,,95,registered_hero;padel_namespace;authentic_gate,no,Hero registered in catalog/soft-goods media registry.
prod-nox-texture-protector,accessories,brand-nox,nox,Texture Protector,current,,padel|accessories|nox|texture-protector|current,current,draft,,,MEDIA_MISSING,,https://cdn.shopify.com/s/files/1/0881/5132/7069/files/image_e14ec456-c943-41ae-9e6e-225264593abe.png?v=1770913476,99,,no,REJECTED — shared-hero_collision. No authentic registered hero; stays draft via media publish gate.
prod-nox-transparent-protection-tape,accessories,brand-nox,nox,Transparent / Protection Tape,current,transparent + colored (blue etc),padel|accessories|nox|transparent-protection-tape|current|transparent-colored-blue-etc,current,draft,,,MEDIA_MISSING,,https://cdn.shopify.com/s/files/1/0881/5132/7069/files/image_e14ec456-c943-41ae-9e6e-225264593abe.png?v=1770913476,92,,yes,REJECTED — shared-hero_collision. No authentic registered hero; stays draft via media publish gate. Research hints: https://noxsport.com | https://www.padelmq.com/en-nl/products/nox-protection-tape-transparant-framebeschermer|https://www.racketworld.co.uk/products/nox-padel-protector-tape-blue
prod-nox-weight-balancer-2-4g,accessories,brand-nox,nox,Weight Balancer 2-4g,current,2 g + 4 g interchangeable; Weight Balance System rackets only,padel|accessories|nox|weight-balancer-2-4g|current|2-g-4-g-interchangeable-weight-balance-system-rackets-only,current,published,/images/padel/accessories/nox-weight-balancer-2-4g-hero.jpg,og:image · nox Weight Balancer 2-4g,MEDIA_VERIFIED,,,95,registered_hero;padel_namespace;authentic_gate,no,Hero registered in catalog/soft-goods media registry.
prod-pascal-box-compressor,accessories,brand-pascal-box,pascal-box,Compressor,current,,padel|accessories|pascal-box|compressor|current,current,published,/images/padel/accessories/pascal-box-compressor-hero.jpg,padelmq-suggest · pascal-box Compressor,MEDIA_VERIFIED,,,95,registered_hero;padel_namespace;authentic_gate,no,Hero registered in catalog/soft-goods media registry.
prod-pascal-box-compressor-pro,accessories,brand-pascal-box,pascal-box,Compressor Pro,current,,padel|accessories|pascal-box|compressor-pro|current,current,draft,,,MEDIA_MISSING,,https://cdn.shopify.com/s/files/1/0881/5132/7069/files/cargador-de-presion-pelotas-pascal-box-1000x1000.jpg?v=1772312313,99,,no,REJECTED — shared-hero_collision. No authentic registered hero; stays draft via media publish gate. Research hints: https://pascalbox.com/
prod-shockout-gravity,accessories,brand-shockout,shockout,Gravity+,current,3×3 g lead strips; colors (blue/black/red/transparent),padel|accessories|shockout|gravity|current|3-3-g-lead-strips-colors-blue-black-red-transparent,current,published,/images/padel/accessories/shockout-gravity-hero.jpg,og:image · shockout Gravity+,MEDIA_VERIFIED,,,95,registered_hero;padel_namespace;authentic_gate,no,Hero registered in catalog/soft-goods media registry.
prod-shockout-shockout-protector,accessories,brand-shockout,shockout,ShockOut Protector,current,transparent/colored PVC micro-grid,padel|accessories|shockout|shockout-protector|current|transparent-colored-pvc-micro-grid,current,draft,,,MEDIA_MISSING,,https://cdn.shopify.com/s/files/1/0881/5132/7069/files/protector-shockout-comic.jpg?v=1777626568,99,,no,REJECTED — shared-hero_collision. No authentic registered hero; stays draft via media publish gate. Research hints: https://www.shockout.es | https://www.time2padel.com/en/padel-accessories/25826-protection-tape-and-overgrip-shockout-100-0062-shockout-padel-765066747190.html
prod-shockout-padel-balls-design,accessories,brand-shockout,shockout,Padel Balls design,current,transparent padel-ball pattern; ~6 g,padel|accessories|shockout|padel-balls-design|current|transparent-padel-ball-pattern-6-g,current,draft,,,MEDIA_MISSING,,,0,,yes,REJECTED_WRONG_PRODUCT — triage download failed visual identity check; hero revoked. Needs manufacturer PDP packshot. Research hints: https://www.shockout.es | https://www.padelmq.com/en-eu/products/protection-tape-padel-bal
prod-siux-siux-logo-transparent,accessories,brand-siux,siux,Siux Logo Transparent,current,transparent + black logo,padel|accessories|siux|siux-logo-transparent|current|transparent-black-logo,current,draft,,,MEDIA_MISSING,,https://cdn.shopify.com/s/files/1/0881/5132/7069/files/siux-fenix-pro-black-2026-leo-augsburger-front.1.jpg?v=1771332725,99,,no,REJECTED — shared-hero_collision. No authentic registered hero; stays draft via media publish gate. Research hints: https://siuxpadel.com | https://www.time2padel.com/en/protectors/7775-protection-tape-transparent-siux-black-logo-siux-8435536711069.html
prod-softee-softee-basket,accessories,brand-softee,softee,Softee Basket,current,red training basket,padel|accessories|softee|softee-basket|current|red-training-basket,current,published,/images/padel/accessories/softee-softee-basket-hero.jpg,padelmq-suggest · softee Softee Basket,MEDIA_VERIFIED,,,95,registered_hero;padel_namespace;authentic_gate,no,Hero registered in catalog/soft-goods media registry.
prod-softee-cube-pro,accessories,brand-softee,softee,Cube Pro,current,,padel|accessories|softee|cube-pro|current,current,published,/images/padel/accessories/softee-cube-pro-hero.jpg,padelmq-suggest · softee Cube Pro,MEDIA_VERIFIED,,,95,registered_hero;padel_namespace;authentic_gate,no,Hero registered in catalog/soft-goods media registry.
prod-softee-max-tube,accessories,brand-softee,softee,Max Tube,current,,padel|accessories|softee|max-tube|current,current,draft,,,MEDIA_MISSING,,,0,,no,Researched: no_safe_distinct_image. No authentic registered hero. Product remains draft via media publish gate.
prod-softee-press-pro-x3,accessories,brand-softee,softee,Press Pro X3,current,,padel|accessories|softee|press-pro-x3|current,current,draft,,,MEDIA_MISSING,,,0,,no,Researched: no_safe_distinct_image. No authentic registered hero. Product remains draft via media publish gate. Research hints: https://www.padelnuestro.com/int/padel-accessories/ball-pressurizers
prod-softee-softee-protector,accessories,brand-softee,softee,Softee Protector,current,transparent + blue logo,padel|accessories|softee|softee-protector|current|transparent-blue-logo,current,published,/images/padel/accessories/softee-softee-protector-hero.jpg,padelmq-suggest · softee Softee Protector,MEDIA_VERIFIED,,,95,registered_hero;padel_namespace;authentic_gate,no,Hero registered in catalog/soft-goods media registry.
prod-starvie-transparent-protector-2026,accessories,brand-starvie,starvie,Transparent Protector 2026,current,,padel|accessories|starvie|transparent-protector-2026|current,current,published,/images/padel/accessories/starvie-transparent-protector-2026-hero.jpg,og:image · starvie Transparent Protector 2026,MEDIA_VERIFIED,,,95,registered_hero;padel_namespace;authentic_gate,no,Hero registered in catalog/soft-goods media registry.
prod-tuboplus-tuboplus-29psi-x3,accessories,brand-tuboplus,tuboplus,TuboPlus 29PSI X3,current,manual adjustable to 29 PSI; 3-ball,padel|accessories|tuboplus|tuboplus-29psi-x3|current|manual-adjustable-to-29-psi-3-ball,current,draft,,,MEDIA_MISSING,,,0,,no,REJECTED_WRONG_PRODUCT — triage download failed visual identity check; hero revoked. Needs manufacturer PDP packshot. Research hints: https://tubo.plus | https://tubo.plus/en/padel-ball-pressurizers/
prod-tuboplus-29psi-x3e,accessories,brand-tuboplus,tuboplus,29PSI X3e,current,,padel|accessories|tuboplus|29psi-x3e|current,current,draft,,,MEDIA_MISSING,,,0,,no,Researched: no_safe_distinct_image. No authentic registered hero. Product remains draft via media publish gate. Research hints: https://tubo.plus/en/comparador/
prod-tuboplus-29psi-x4e,accessories,brand-tuboplus,tuboplus,29PSI X4e,current,,padel|accessories|tuboplus|29psi-x4e|current,current,draft,,,MEDIA_MISSING,,,0,,no,Researched: no_safe_distinct_image. No authentic registered hero. Product remains draft via media publish gate. Research hints: https://tubo.plus/en/comparador/
prod-tuboplus-boost,accessories,brand-tuboplus,tuboplus,BOOST,current,,padel|accessories|tuboplus|boost|current,current,draft,,,MEDIA_MISSING,,https://cdn.shopify.com/s/files/1/0881/5132/7069/files/oxdog-boost-plus-padel-ball-tube.1.jpg?v=1759687251,99,,no,REJECTED — shared-hero_collision. No authentic registered hero; stays draft via media publish gate. Research hints: https://tubo.plus/en/comparador/
prod-tuboplus-r3play,accessories,brand-tuboplus,tuboplus,R3PLAY,current,,padel|accessories|tuboplus|r3play|current,current,published,/images/padel/accessories/tuboplus-r3play-hero.jpg,page-img · tuboplus R3PLAY,MEDIA_VERIFIED,,,95,registered_hero;padel_namespace;authentic_gate,no,Hero registered in catalog/soft-goods media registry.
prod-tuboplus-r3set,accessories,brand-tuboplus,tuboplus,R3SET,current,,padel|accessories|tuboplus|r3set|current,current,draft,,,MEDIA_MISSING,,,0,,no,Researched: no_safe_distinct_image. No authentic registered hero. Product remains draft via media publish gate. Research hints: https://tubo.plus/en/comparador/
prod-tuboplus-repl4y,accessories,brand-tuboplus,tuboplus,REPL4Y,current,,padel|accessories|tuboplus|repl4y|current,current,draft,,,MEDIA_MISSING,,,0,,no,REJECTED_WRONG_PRODUCT — triage download failed visual identity check; hero revoked. Needs manufacturer PDP packshot. Research hints: https://tubo.plus/en/comparador/
prod-tuboplus-tuboplus-x4,accessories,brand-tuboplus,tuboplus,TuboPlus X4,current,4-ball passive and pump variants,padel|accessories|tuboplus|tuboplus-x4|current|4-ball-passive-and-pump-variants,current,draft,,,MEDIA_MISSING,,https://tubo.plus/wp-content/uploads/2026/08/tuboplus.jpg,99,,no,Researched: shared-hero hash collision for prod-tuboplus-tuboplus-x4: same bytes as /images/padel/accessories/tuboplus-tuboplus-29psi-x3-hero.jpg. No authentic registered hero. Product remains draft via media publish gate. Research hints: https://tubo.plus | https://tubo.plus/en/padel-ball-pressurizers/
prod-tuboplus-tubox3,accessories,brand-tuboplus,tuboplus,TuboX3,current,passive screw-close ~15 PSI; 3-ball,padel|accessories|tuboplus|tubox3|current|passive-screw-close-15-psi-3-ball,current,draft,,,MEDIA_MISSING,,,0,,no,Researched: no_safe_distinct_image. No authentic registered hero. Product remains draft via media publish gate. Research hints: https://tubo.plus | https://tubo.plus/en/padel-ball-pressurizers/
prod-vibora-vibor-a-transparent,accessories,brand-vibora,vibora,Vibor-A Transparent,current,transparent,padel|accessories|vibora|vibor-a-transparent|current|transparent,current,published,/images/padel/accessories/vibora-vibor-a-transparent-hero.jpg,padelmq-suggest · vibora Vibor-A Transparent,MEDIA_VERIFIED,,,95,registered_hero;padel_namespace;authentic_gate,no,Hero registered in catalog/soft-goods media registry.
prod-wilson-wilson-weight-tape,accessories,brand-wilson-padel,wilson,Wilson Weight Tape,current,lead or tungsten strips,padel|accessories|wilson|wilson-weight-tape|current|lead-or-tungsten-strips,current,published,/images/padel/accessories/wilson-wilson-weight-tape-hero.jpg,padelmq-suggest · wilson Wilson Weight Tape,MEDIA_VERIFIED,,,95,registered_hero;padel_namespace;authentic_gate,no,Hero registered in catalog/soft-goods media registry.
prod-wilson-wilson-protector,accessories,brand-wilson-padel,wilson,Wilson Protector,current,transparent/black,padel|accessories|wilson|wilson-protector|current|transparent-black,current,draft,,,MEDIA_MISSING,,https://cache.tradeinn.com/web/web/inn.jpg,44,,no,REJECTED — logo_or_banner_url. No authentic registered hero; stays draft via media publish gate. Research hints: https://www.wilson.com | https://www.tradeinn.com/
prod-adidas-control-2026,bags,brand-adidas-padel,adidas,Control 2026,2026,,padel|bags|adidas|control-2026|2026,current,published,/images/padel/bags/adidas-control-2026-hero.jpg,og:image · adidas Control 2026,MEDIA_VERIFIED,,,95,registered_hero;padel_namespace;authentic_gate,no,Hero registered in catalog/soft-goods media registry.
prod-adidas-metalbone-bag,bags,brand-adidas-padel,adidas,Metalbone Bag,current,,padel|bags|adidas|metalbone-bag|current,current,published,/images/padel/bags/adidas-metalbone-bag-hero.jpg,padelmq-suggest · adidas Metalbone Bag,MEDIA_VERIFIED,,,95,registered_hero;padel_namespace;authentic_gate,no,Hero registered in catalog/soft-goods media registry.
prod-adidas-multigame-backpack-2026,bags,brand-adidas-padel,adidas,Multigame Backpack 2026,2026,colorways collapsed,padel|bags|adidas|multigame-backpack-2026|2026|colorways-collapsed,current,draft,,,MEDIA_MISSING,,http://www.megapadel.store/cdn/shop/collections/adidasbolso.jpg?crop=center&height=1200&v=1738783608&width=1200,9,,no,REJECTED — low_score_9_logo_or_junk. No authentic registered hero; stays draft via media publish gate. Research hints: https://www.megapadel.store/en/collections/bolsos-adidas | https://www.megapadel.store/en/collections/bolsos-adidas
prod-adidas-multigame-2026,bags,brand-adidas-padel,adidas,Multigame 2026,2026,"colorways collapsed (Black/Red, Off White, Tonal Black)",padel|bags|adidas|multigame-2026|2026|colorways-collapsed-black-red-off-white-tonal-black,current,draft,,,MEDIA_MISSING,,http://www.megapadel.store/cdn/shop/collections/adidasbolso.jpg?crop=center&height=1200&v=1738783608&width=1200,9,,no,REJECTED — low_score_9_logo_or_junk. No authentic registered hero; stays draft via media publish gate. Research hints: https://www.megapadel.store/en/collections/bolsos-adidas | https://www.megapadel.store/en/collections/bolsos-adidas
prod-adidas-protour-backpack-2026,bags,brand-adidas-padel,adidas,ProTour Backpack 2026,2026,colorways collapsed,padel|bags|adidas|protour-backpack-2026|2026|colorways-collapsed,current,published,/images/padel/bags/adidas-protour-backpack-2026-hero.jpg,og:image · adidas ProTour Backpack 2026,MEDIA_VERIFIED,,,95,registered_hero;padel_namespace;authentic_gate,no,Hero registered in catalog/soft-goods media registry.
prod-adidas-tour,bags,brand-adidas-padel,adidas,Tour,current,,padel|bags|adidas|tour|current,current,published,/images/padel/bags/adidas-tour-hero.jpg,padelmq-suggest · adidas Tour,MEDIA_VERIFIED,,,95,registered_hero;padel_namespace;authentic_gate,no,Hero registered in catalog/soft-goods media registry.
prod-adidas-weekend,bags,brand-adidas-padel,adidas,Weekend,3.4,Black,padel|bags|adidas|weekend|3-4|black,current,draft,,,MEDIA_MISSING,,http://padelshop.com/cdn/shop/files/OG_image.png?v=1784186775,9,,no,REJECTED — low_score_9_logo_or_junk. No authentic registered hero; stays draft via media publish gate. Research hints: https://padelshop.com/collections/adidas-padel-bags | https://padelshop.com/collections/adidas-padel-bags
prod-babolat-backpack-kids,bags,brand-babolat-padel,babolat,Backpack Kids,current,,padel|bags|babolat|backpack-kids|current,current,draft,,,MEDIA_MISSING,,,0,,no,REJECTED_WRONG_PRODUCT — triage download failed visual identity check; hero revoked. Needs manufacturer PDP packshot. Research hints: https://www.babolat.com/us/padel/bags.html | https://www.babolat.com/us/padel/bags.html
prod-babolat-court-backpack-lite,bags,brand-babolat-padel,babolat,Court Backpack Lite,current,,padel|bags|babolat|court-backpack-lite|current,current,draft,,,MEDIA_MISSING,,https://www.babolat.com/on/demandware.static/Sites-babolateu-Site/-/default/dwfa354e25/images/logo.svg,59,,no,REJECTED — reresearch_failed_shared-hero hash collision for prod-babolat-court-backpack-lite: same bytes as /images/padel/grips/babolat-pro-tour-hero. No authentic registered hero; stays draft via media publish gate. Research hints: https://www.babolat.com/us/padel/bags.html | https://www.babolat.com/us/padel/bags.html
prod-babolat-rh-perf,bags,brand-babolat-padel,babolat,RH Perf,2nd gen / current,Silver/Black,padel|bags|babolat|rh-perf|2nd-gen-current|silver-black,current,published,/images/padel/bags/babolat-rh-perf-hero.jpg,og:image · babolat RH Perf,MEDIA_VERIFIED,,,95,registered_hero;padel_namespace;authentic_gate,no,Hero registered in catalog/soft-goods media registry.
prod-black-crown-spartan,bags,brand-black-crown,black-crown,Spartan,current,Black/Red,padel|bags|black-crown|spartan|current|black-red,current,published,/images/padel/bags/black-crown-spartan-hero.jpg,og:image · black-crown Spartan,MEDIA_VERIFIED,,,95,registered_hero;padel_namespace;authentic_gate,yes,Hero registered in catalog/soft-goods media registry.
prod-black-crown-thunder,bags,brand-black-crown,black-crown,Thunder,2026,Black,padel|bags|black-crown|thunder|2026|black,current,published,/images/padel/bags/black-crown-thunder-hero.jpg,og:image · black-crown Thunder,MEDIA_VERIFIED,,,95,registered_hero;padel_namespace;authentic_gate,no,Hero registered in catalog/soft-goods media registry.
prod-black-crown-ultimate-pro-2-0,bags,brand-black-crown,black-crown,Ultimate Pro 2.0,2025,colorways collapsed (Black; Navy),padel|bags|black-crown|ultimate-pro-2-0|2025|colorways-collapsed-black-navy,current,published,/images/padel/bags/black-crown-ultimate-pro-2-0-hero.jpg,og:image · black-crown Ultimate Pro 2.0,MEDIA_VERIFIED,,,95,registered_hero;padel_namespace;authentic_gate,no,Hero registered in catalog/soft-goods media registry.
prod-bullpadel-advance-bpp26014,bags,brand-bullpadel,bullpadel,Advance BPP26014,2026,,padel|bags|bullpadel|advance-bpp26014|2026,current,published,/images/padel/bags/bullpadel-advance-bpp26014-hero.jpg,padelmq-suggest · bullpadel Advance BPP26014,MEDIA_VERIFIED,,,95,registered_hero;padel_namespace;authentic_gate,no,Hero registered in catalog/soft-goods media registry.
prod-bullpadel-casual-bpp26016,bags,brand-bullpadel,bullpadel,Casual BPP26016,2026,,padel|bags|bullpadel|casual-bpp26016|2026,current,published,/images/padel/bags/bullpadel-casual-bpp26016-hero.jpg,padelmq-suggest · bullpadel Casual BPP26016,MEDIA_VERIFIED,,,95,registered_hero;padel_namespace;authentic_gate,no,Hero registered in catalog/soft-goods media registry.
prod-bullpadel-elite-bpp26019,bags,brand-bullpadel,bullpadel,Elite BPP26019,2026,,padel|bags|bullpadel|elite-bpp26019|2026,current,published,/images/padel/bags/bullpadel-elite-bpp26019-hero.jpg,padelmq-suggest · bullpadel Elite BPP26019,MEDIA_VERIFIED,,,95,registered_hero;padel_namespace;authentic_gate,no,Hero registered in catalog/soft-goods media registry.
prod-bullpadel-hack-bpm26002,bags,brand-bullpadel,bullpadel,Hack BPM26002,2026,,padel|bags|bullpadel|hack-bpm26002|2026,current,published,/images/padel/bags/bullpadel-hack-bpm26002-hero.jpg,padelmq-suggest · bullpadel Hack BPM26002,MEDIA_VERIFIED,,,95,registered_hero;padel_namespace;authentic_gate,no,Hero registered in catalog/soft-goods media registry.
prod-bullpadel-icon-bpp26023,bags,brand-bullpadel,bullpadel,Icon BPP26023,2026,,padel|bags|bullpadel|icon-bpp26023|2026,current,published,/images/padel/bags/bullpadel-icon-bpp26023-hero.jpg,padelmq-suggest · bullpadel Icon BPP26023,MEDIA_VERIFIED,,,95,registered_hero;padel_namespace;authentic_gate,no,Hero registered in catalog/soft-goods media registry.
prod-bullpadel-ionic-bpp26005,bags,brand-bullpadel,bullpadel,Ionic BPP26005,2026,,padel|bags|bullpadel|ionic-bpp26005|2026,current,published,/images/padel/bags/bullpadel-ionic-bpp26005-hero.jpg,padelmq-suggest · bullpadel Ionic BPP26005,MEDIA_VERIFIED,,,95,registered_hero;padel_namespace;authentic_gate,no,Hero registered in catalog/soft-goods media registry.
prod-bullpadel-neuron-bpm26020,bags,brand-bullpadel,bullpadel,Neuron BPM26020,2026,,padel|bags|bullpadel|neuron-bpm26020|2026,current,published,/images/padel/bags/bullpadel-neuron-bpm26020-hero.jpg,padelmq-suggest · bullpadel Neuron BPM26020,MEDIA_VERIFIED,,,95,registered_hero;padel_namespace;authentic_gate,no,Hero registered in catalog/soft-goods media registry.
prod-bullpadel-neuron-bpp26020,bags,brand-bullpadel,bullpadel,Neuron BPP26020,2026,,padel|bags|bullpadel|neuron-bpp26020|2026,current,draft,,,MEDIA_MISSING,,https://cdn.shopify.com/s/files/1/0881/5132/7069/files/bullpadel-neuron-2025-padelracket-pro.1.jpg?v=1754740471,99,,no,REJECTED — shared-hero_collision. No authentic registered hero; stays draft via media publish gate. Research hints: https://www.bullpadel.com/gb/36-padel-bags | https://padelmarket.com/en/collections/bags-bullpadel
prod-bullpadel-pearl-bpm27017,bags,brand-bullpadel,bullpadel,Pearl BPM27017,2026,,padel|bags|bullpadel|pearl-bpm27017|2026,current,published,/images/padel/bags/bullpadel-pearl-bpm27017-hero.jpg,padelmq-suggest · bullpadel Pearl BPM27017,MEDIA_VERIFIED,,,95,registered_hero;padel_namespace;authentic_gate,no,Hero registered in catalog/soft-goods media registry.
prod-bullpadel-pearl-bpp26021,bags,brand-bullpadel,bullpadel,Pearl BPP26021,2026,,padel|bags|bullpadel|pearl-bpp26021|2026,current,draft,,,MEDIA_MISSING,,https://cdn.shopify.com/s/files/1/0881/5132/7069/files/bullpadel-pearl-2026-padelracket.1.jpg?v=1757109141,99,,no,REJECTED — shared-hero_collision. No authentic registered hero; stays draft via media publish gate. Research hints: https://www.bullpadel.com/gb/36-padel-bags
prod-bullpadel-tour-bpp26015,bags,brand-bullpadel,bullpadel,Tour BPP26015,2026,,padel|bags|bullpadel|tour-bpp26015|2026,current,published,/images/padel/bags/bullpadel-tour-bpp26015-hero.jpg,padelmq-suggest · bullpadel Tour BPP26015,MEDIA_VERIFIED,,,95,registered_hero;padel_namespace;authentic_gate,no,Hero registered in catalog/soft-goods media registry.
prod-bullpadel-trolley-bpp26011,bags,brand-bullpadel,bullpadel,Trolley BPP26011,2026,,padel|bags|bullpadel|trolley-bpp26011|2026,current,draft,,,MEDIA_MISSING,,,0,,no,Researched: no_safe_distinct_image. No authentic registered hero. Product remains draft via media publish gate. Research hints: https://www.bullpadel.com/gb/36-padel-bags
prod-bullpadel-vertex-bpp26001,bags,brand-bullpadel,bullpadel,Vertex BPP26001,2026,,padel|bags|bullpadel|vertex-bpp26001|2026,current,published,/images/padel/bags/bullpadel-vertex-bpp26001-hero.jpg,padelmq-suggest · bullpadel Vertex BPP26001,MEDIA_VERIFIED,,,95,registered_hero;padel_namespace;authentic_gate,no,Hero registered in catalog/soft-goods media registry.
prod-bullpadel-vertex-geo-premier-bpm26008,bags,brand-bullpadel,bullpadel,Vertex Geo Premier BPM26008,2026,,padel|bags|bullpadel|vertex-geo-premier-bpm26008|2026,current,published,/images/padel/bags/bullpadel-vertex-geo-premier-bpm26008-hero.jpg,padelmq-suggest · bullpadel Vertex Geo Premier BPM26008,MEDIA_VERIFIED,,,95,registered_hero;padel_namespace;authentic_gate,no,Hero registered in catalog/soft-goods media registry.
prod-bullpadel-wonder-bpp26024,bags,brand-bullpadel,bullpadel,Wonder BPP26024,2026,,padel|bags|bullpadel|wonder-bpp26024|2026,current,published,/images/padel/bags/bullpadel-wonder-bpp26024-hero.jpg,padelmq-suggest · bullpadel Wonder BPP26024,MEDIA_VERIFIED,,,95,registered_hero;padel_namespace;authentic_gate,no,Hero registered in catalog/soft-goods media registry.
prod-bullpadel-xplo-bpp26022,bags,brand-bullpadel,bullpadel,Xplo BPP26022,2026,,padel|bags|bullpadel|xplo-bpp26022|2026,current,published,/images/padel/bags/bullpadel-xplo-bpp26022-hero.jpg,padelmq-suggest · bullpadel Xplo BPP26022,MEDIA_VERIFIED,,,95,registered_hero;padel_namespace;authentic_gate,no,Hero registered in catalog/soft-goods media registry.
prod-bullpadel-flow-bpp26006,bags,brand-bullpadel,bullpadel,Flow BPP26006,2026,Black (Alejandra Salazar),padel|bags|bullpadel|flow-bpp26006|2026|black-alejandra-salazar,current,published,/images/padel/bags/bullpadel-flow-bpp26006-hero.jpg,padelmq-suggest · bullpadel Flow BPP26006,MEDIA_VERIFIED,,,95,registered_hero;padel_namespace;authentic_gate,no,Hero registered in catalog/soft-goods media registry.
prod-bullpadel-bpm26002-hack,bags,brand-bullpadel,bullpadel,BPM26002 Hack,2026,Grey-Green (Paquito Navarro),padel|bags|bullpadel|bpm26002-hack|2026|grey-green-paquito-navarro,current,published,/images/padel/bags/bullpadel-bpm26002-hack-hero.jpg,manual-approve · bullpadel BPM26002 Hack,MEDIA_VERIFIED,,,95,registered_hero;padel_namespace;authentic_gate,yes,Hero registered in catalog/soft-goods media registry.
prod-bullpadel-hack-bpp26012,bags,brand-bullpadel,bullpadel,Hack BPP26012,2026,Black (Paquito Navarro),padel|bags|bullpadel|hack-bpp26012|2026|black-paquito-navarro,current,published,/images/padel/bags/bullpadel-hack-bpp26012-hero.jpg,padelmq-suggest · bullpadel Hack BPP26012,MEDIA_VERIFIED,,,95,registered_hero;padel_namespace;authentic_gate,no,Hero registered in catalog/soft-goods media registry.
prod-bullpadel-bpp26005-ionic,bags,brand-bullpadel,bullpadel,BPP26005 Ionic,2026,,padel|bags|bullpadel|bpp26005-ionic|2026,current,draft,,,MEDIA_MISSING,,https://cdn.shopify.com/s/files/1/0881/5132/7069/files/bullpadel-ionic-control-2025.1.jpg?v=1736087369,99,,no,REJECTED — shared-hero_collision. No authentic registered hero; stays draft via media publish gate. Research hints: https://www.bandeja-shop.com/en/bullpadel-hack-black-2026-padel-bag.html
prod-bullpadel-bpm26007-bpm26008-vertex,bags,brand-bullpadel,bullpadel,BPM26007 / BPM26008 Vertex,2026,colorways collapsed (Black; Black/Red),padel|bags|bullpadel|bpm26007-bpm26008-vertex|2026|colorways-collapsed-black-black-red,current,published,/images/padel/bags/bullpadel-bpm26007-bpm26008-vertex-hero.jpg,retailer-shopify-json · bullpadel BPM26007 / BPM26008 Vertex,MEDIA_VERIFIED,,,95,registered_hero;padel_namespace;authentic_gate,yes,Hero registered in catalog/soft-goods media registry.
prod-bullpadel-bpp26001-vertex,bags,brand-bullpadel,bullpadel,BPP26001 Vertex,2026,Black (Juan Tello),padel|bags|bullpadel|bpp26001-vertex|2026|black-juan-tello,current,published,/images/padel/bags/bullpadel-bpp26001-vertex-hero.jpg,manual-approve · bullpadel BPP26001 Vertex,MEDIA_VERIFIED,,,95,registered_hero;padel_namespace;authentic_gate,no,Hero registered in catalog/soft-goods media registry.
prod-bullpadel-bpm26022-xplo,bags,brand-bullpadel,bullpadel,BPM26022 XPLO,2026,Black (Di Nenno),padel|bags|bullpadel|bpm26022-xplo|2026|black-di-nenno,current,draft,,,MEDIA_MISSING,,https://cdn.shopify.com/s/files/1/0881/5132/7069/files/bullpadel-xplo-2025-padelracket.1_d25cc0d2-8ff9-4a35-8fd4-b2a9f75c2ea7.jpg?v=1755069847,99,,no,REJECTED — shared-hero_collision. No authentic registered hero; stays draft via media publish gate. Research hints: https://www.zonadepadel.com/bullpadel/13845-backpack-bullpadel-bpm26022-xplo-black-2026.html
prod-bullpadel-bpp26022-xplo,bags,brand-bullpadel,bullpadel,BPP26022 XPLO,2026,Black (Martín Di Nenno),padel|bags|bullpadel|bpp26022-xplo|2026|black-mart-n-di-nenno,current,published,/images/padel/bags/bullpadel-bpp26022-xplo-hero.jpg,manual-approve · bullpadel BPP26022 XPLO,MEDIA_VERIFIED,,,95,registered_hero;padel_namespace;authentic_gate,yes,Hero registered in catalog/soft-goods media registry.
prod-drop-shot-axion-backpack,bags,brand-drop-shot,drop-shot,Axion Backpack,2025,Blue,padel|bags|drop-shot|axion-backpack|2025|blue,current,draft,,,MEDIA_MISSING,,https://cdn.shopify.com/s/files/1/0881/5132/7069/files/drop-shot-jon-sanz-axion-attack-1-5-2025-padelracket-padelmq.1.jpg?v=1760872728,99,,no,REJECTED — shared-hero_collision. No authentic registered hero; stays draft via media publish gate. Research hints: https://www.zonadepadel.com/drop-shot/12289-drop-shot-axion-blue-2025-padel-bag.html
prod-drop-shot-axion,bags,brand-drop-shot,drop-shot,Axion,2025,Blue (Jon Sanz),padel|bags|drop-shot|axion|2025|blue-jon-sanz,current,draft,,,MEDIA_MISSING,,https://cdn.shopify.com/s/files/1/0881/5132/7069/files/drop-shot-jon-sanz-axion-attack-1-5-2025-padelracket-padelmq.1.jpg?v=1760872728,99,,no,REJECTED — shared-hero_collision. No authentic registered hero; stays draft via media publish gate. Research hints: https://www.zonadepadel.com/drop-shot/12289-drop-shot-axion-blue-2025-padel-bag.html
prod-drop-shot-blitz,bags,brand-drop-shot,drop-shot,Blitz,2025,Black/Red,padel|bags|drop-shot|blitz|2025|black-red,current,published,/images/padel/bags/drop-shot-blitz-hero.jpg,retailer-shopify-json · drop-shot Blitz,MEDIA_VERIFIED,,,95,registered_hero;padel_namespace;authentic_gate,no,Hero registered in catalog/soft-goods media registry.
prod-drop-shot-fenix,bags,brand-drop-shot,drop-shot,Fenix,2025,Red/Green colorways,padel|bags|drop-shot|fenix|2025|red-green-colorways,current,draft,,,MEDIA_MISSING,,https://cdn.shopify.com/s/files/1/0881/5132/7069/files/siux-fenix-pro-black-2026-leo-augsburger-front.1.jpg?v=1771332725,99,,no,REJECTED — shared-hero_collision. No authentic registered hero; stays draft via media publish gate. Research hints: https://www.zonadepadel.com/drop-shot/12289-drop-shot-axion-blue-2025-padel-bag.html
prod-drop-shot-lcp,bags,brand-drop-shot,drop-shot,LCP,2025,Black,padel|bags|drop-shot|lcp|2025|black,current,published,/images/padel/bags/drop-shot-lcp-hero.jpg,padelmq-suggest · drop-shot LCP,MEDIA_VERIFIED,,,95,registered_hero;padel_namespace;authentic_gate,no,Hero registered in catalog/soft-goods media registry.
prod-head-coello-pro-x-backpack,bags,brand-head-padel,head,Coello Pro X Backpack,2026,Dark Grey,padel|bags|head|coello-pro-x-backpack|2026|dark-grey,current,published,/images/padel/bags/head-coello-pro-x-backpack-hero.jpg,padelmq-suggest · head Coello Pro X Backpack,MEDIA_VERIFIED,,,95,registered_hero;padel_namespace;authentic_gate,no,Hero registered in catalog/soft-goods media registry.
prod-head-coello-pro-x-duffle-l,bags,brand-head-padel,head,Coello Pro X Duffle L,2026,Dark Grey / Gold / Red,padel|bags|head|coello-pro-x-duffle-l|2026|dark-grey-gold-red,current,published,/images/padel/bags/head-coello-pro-x-duffle-l-hero.jpg,padelmq-suggest · head Coello Pro X Duffle L,MEDIA_VERIFIED,,,95,registered_hero;padel_namespace;authentic_gate,no,Hero registered in catalog/soft-goods media registry.
prod-head-coello-tour-backpack,bags,brand-head-padel,head,Coello Tour Backpack,2026,Dark Grey / Gold / Red,padel|bags|head|coello-tour-backpack|2026|dark-grey-gold-red,current,published,/images/padel/bags/head-coello-tour-backpack-hero.jpg,padelmq-suggest · head Coello Tour Backpack,MEDIA_VERIFIED,,,95,registered_hero;padel_namespace;authentic_gate,no,Hero registered in catalog/soft-goods media registry.
prod-head-coello-tour-bag,bags,brand-head-padel,head,Coello Tour Bag,2026,Dark Grey / Gold / Red,padel|bags|head|coello-tour-bag|2026|dark-grey-gold-red,current,published,/images/padel/bags/head-coello-tour-bag-hero.jpg,og:image · head Coello Tour Bag,MEDIA_VERIFIED,,,95,registered_hero;padel_namespace;authentic_gate,no,Hero registered in catalog/soft-goods media registry.
prod-head-elite-supercombi,bags,brand-head-padel,head,Elite Supercombi,current,,padel|bags|head|elite-supercombi|current,current,draft,,,MEDIA_MISSING,,,0,,no,Researched: no_safe_distinct_image. No authentic registered hero. Product remains draft via media publish gate.
prod-head-tour-backpack-25l,bags,brand-head-padel,head,Tour Backpack 25L,2026,,padel|bags|head|tour-backpack-25l|2026,current,published,/images/padel/bags/head-tour-backpack-25l-hero.jpg,og:image · head Tour Backpack 25L,MEDIA_VERIFIED,,,95,registered_hero;padel_namespace;authentic_gate,no,Hero registered in catalog/soft-goods media registry.
prod-head-tour-team-cb-2026,bags,brand-head-padel,head,Tour Team CB 2026,2026,,padel|bags|head|tour-team-cb-2026|2026,current,draft,,,MEDIA_MISSING,,https://cdn.shopify.com/s/files/1/0881/5132/7069/files/head-tour-padel-l-blue-bag-2026.1.jpg?v=1773260185,99,,no,REJECTED — shared-hero_collision. No authentic registered hero; stays draft via media publish gate. Research hints: https://www.padeliberico.es/en/head-tour-team-padel-bag-cb-2026.html
prod-head-pro-x-bag-l,bags,brand-head-padel,head,Pro X Bag L,2026,Black,padel|bags|head|pro-x-bag-l|2026|black,current,published,/images/padel/bags/head-pro-x-bag-l-hero.jpg,padelmq-suggest · head Pro X Bag L,MEDIA_VERIFIED,,,95,registered_hero;padel_namespace;authentic_gate,no,Hero registered in catalog/soft-goods media registry.
prod-head-pro-x-duffle-l,bags,brand-head-padel,head,Pro X Duffle L,2026,Black/Dark Grey,padel|bags|head|pro-x-duffle-l|2026|black-dark-grey,current,draft,,,MEDIA_MISSING,,https://cdn.shopify.com/s/files/1/0881/5132/7069/files/head-coello-pro-x-duffle-padeltas-2026.1.jpg?v=1773207524,99,,no,REJECTED — shared-hero_collision. No authentic registered hero; stays draft via media publish gate. Research hints: https://www.head.com/en_SE/product/pro-x-padel-duffle-bag-l-bkdg-260135 | https://www.head.com/en_SE/product/pro-x-padel-duffle-bag-l-bkdg-260135
prod-head-tour-padel-bag-l,bags,brand-head-padel,head,Tour Padel Bag L,2026,Navy/Black,padel|bags|head|tour-padel-bag-l|2026|navy-black,current,draft,,,MEDIA_MISSING,,https://cdn.shopify.com/s/files/1/0881/5132/7069/files/head-tour-padel-l-blue-bag-2026.1.jpg?v=1773260185,99,,no,REJECTED — shared-hero_collision. No authentic registered hero; stays draft via media publish gate. Research hints: https://www.head.com/product/tour-padel-bag-l-nv-260865-cp | https://www.head.com/product/tour-padel-bag-l-nv-260865-cp|https://wholesale.racketcentral.com/product/head-padel-bag-tour-padel-racket-bag-2026-large-black/
prod-head-tour-team-elite,bags,brand-head-padel,head,Tour Team Elite,legacy-current,Lime/Blue,padel|bags|head|tour-team-elite|legacy-current|lime-blue,current,draft,,,MEDIA_MISSING,,,0,,no,REJECTED_WRONG_PRODUCT — triage download failed visual identity check; hero revoked. Needs manufacturer PDP packshot. Research hints: https://www.tennis-point.co.uk/products/head-tour-team-elite-backpack-limeblue-00637502591000
prod-joma-pro,bags,brand-joma,joma,Pro,2025,Blue/Black,padel|bags|joma|pro|2025|blue-black,current,published,/images/padel/bags/joma-pro-hero.jpg,padelmq-suggest · joma Pro,MEDIA_VERIFIED,,,95,registered_hero;padel_namespace;authentic_gate,no,Hero registered in catalog/soft-goods media registry.
prod-kuikma-pl-900-elite,bags,brand-kuikma,kuikma,PL 900 Elite,current,colorways collapsed (Frozen Green; Asphalt Grey/Black),padel|bags|kuikma|pl-900-elite|current|colorways-collapsed-frozen-green-asphalt-grey-black,current,published,/images/padel/bags/kuikma-pl-900-elite-hero.jpg,page-img · kuikma PL 900 Elite,MEDIA_VERIFIED,,,95,registered_hero;padel_namespace;authentic_gate,no,Hero registered in catalog/soft-goods media registry.
prod-kuikma-backpack,bags,brand-kuikma,kuikma,Backpack,current,,padel|bags|kuikma|backpack|current,current,draft,,,MEDIA_MISSING,,https://cdn.shopify.com/s/files/1/0881/5132/7069/files/mochila-tecnifibre-tour-endurance-caqui.jpg?v=1774792197,99,,no,REJECTED — shared-hero_collision. No authentic registered hero; stays draft via media publish gate.
prod-kuikma-pbp-elite,bags,brand-kuikma,kuikma,PBP Elite,current,Grey/Yellow,padel|bags|kuikma|pbp-elite|current|grey-yellow,current,draft,,,MEDIA_MISSING,,,0,,no,Researched: no_safe_distinct_image. No authentic registered hero. Product remains draft via media publish gate. Research hints: https://www.decathlon.nl/p/isotherme-padelrugzak-30-liter-pbp-elite-grijs-geel/334599/c71c346m8817438 | https://www.decathlon.nl/p/isotherme-padelrugzak-30-liter-pbp-elite-grijs-geel/334599/c71c346m8817438
prod-lok-aventure-gen-2,bags,brand-lok,lok,Aventure Gen 2,2026,Black/Green-Yellow,padel|bags|lok|aventure-gen-2|2026|black-green-yellow,current,published,/images/padel/bags/lok-aventure-gen-2-hero.jpg,og:image · lok Aventure Gen 2,MEDIA_VERIFIED,,,95,registered_hero;padel_namespace;authentic_gate,no,Hero registered in catalog/soft-goods media registry.
prod-lok-maxx-gen-2,bags,brand-lok,lok,Maxx Gen 2 Paletero,2026,Black/Orange,padel|bags|lok|maxx-gen-2-paletero|2026|black-orange,current,published,/images/padel/bags/lok-maxx-gen-2-hero.jpg,og:image · lok Maxx Gen 2 Paletero,MEDIA_VERIFIED,,,95,registered_hero;padel_namespace;authentic_gate,no,Hero registered in catalog/soft-goods media registry.
prod-nox-at10-competition-trolley,bags,brand-nox,nox,AT10 Competition Trolley,2024-current,Olive/Grey,padel|bags|nox|at10-competition-trolley|2024-current|olive-grey,current,published,/images/padel/bags/nox-at10-competition-trolley-hero.jpg,retailer-shopify-json · nox AT10 Competition Trolley,MEDIA_VERIFIED,,,95,registered_hero;padel_namespace;authentic_gate,no,Hero registered in catalog/soft-goods media registry.
prod-nox-at10-team-backpack,bags,brand-nox,nox,AT10 Team Backpack,current,Grey,padel|bags|nox|at10-team-backpack|current|grey,current,draft,,,MEDIA_MISSING,,http://noxsport.com/cdn/shop/files/logo_nox_1200x1200.png?v=1737392034,9,,no,REJECTED — low_score_9_logo_or_junk. No authentic registered hero; stays draft via media publish gate. Research hints: https://noxsport.com/en/collections/paleteros-y-mochilas-padel | https://noxsport.com/en/collections/paleteros-y-mochilas-padel
prod-nox-at10-team,bags,brand-nox,nox,AT10 Team,2025-2026,colorways collapsed (Grey/Black; White; Grey/Orange; Grey/Green),padel|bags|nox|at10-team|2025-2026|colorways-collapsed-grey-black-white-grey-orange-grey-green,current,published,/images/padel/bags/nox-at10-team-hero.jpg,retailer-shopify-json · nox AT10 Team,MEDIA_VERIFIED,,,95,registered_hero;padel_namespace;authentic_gate,no,Hero registered in catalog/soft-goods media registry.
prod-nox-luxury-master-backpack,bags,brand-nox,nox,Luxury Master Backpack,2024-current,Black/White,padel|bags|nox|luxury-master-backpack|2024-current|black-white,current,published,/images/padel/bags/nox-luxury-master-backpack-hero.jpg,og:image · nox Luxury Master Backpack,MEDIA_VERIFIED,,,95,registered_hero;padel_namespace;authentic_gate,no,Hero registered in catalog/soft-goods media registry.
prod-nox-luxury-master-series,bags,brand-nox,nox,Luxury Master Series,2024-current,Black/White (Tapia),padel|bags|nox|luxury-master-series|2024-current|black-white-tapia,current,published,/images/padel/bags/nox-luxury-master-series-hero.jpg,og:image · nox Luxury Master Series,MEDIA_VERIFIED,,,95,registered_hero;padel_namespace;authentic_gate,yes,Hero registered in catalog/soft-goods media registry.
prod-nox-luxury-open-backpack,bags,brand-nox,nox,Luxury Open Backpack,2024-current,colorways collapsed (Black/Red; Black/Brown),padel|bags|nox|luxury-open-backpack|2024-current|colorways-collapsed-black-red-black-brown,current,published,/images/padel/bags/nox-luxury-open-backpack-hero.jpg,og:image · nox Luxury Open Backpack,MEDIA_VERIFIED,,,95,registered_hero;padel_namespace;authentic_gate,no,Hero registered in catalog/soft-goods media registry.
prod-nox-luxury-open-series,bags,brand-nox,nox,Luxury Open Series,2024-current,colorways collapsed (Black/Red; Black/Brown),padel|bags|nox|luxury-open-series|2024-current|colorways-collapsed-black-red-black-brown,current,published,/images/padel/bags/nox-luxury-open-series-hero.jpg,og:image · nox Luxury Open Series,MEDIA_VERIFIED,,,95,registered_hero;padel_namespace;authentic_gate,yes,Hero registered in catalog/soft-goods media registry.
prod-nox-ml10-competition-xl-compact,bags,brand-nox,nox,ML10 Competition XL Compact,current,,padel|bags|nox|ml10-competition-xl-compact|current,current,draft,,,MEDIA_MISSING,,http://noxsport.com/cdn/shop/files/logo_nox_1200x1200.png?v=1737392034,9,,no,REJECTED — low_score_9_logo_or_junk. No authentic registered hero; stays draft via media publish gate. Research hints: https://noxsport.com/en/collections/paleteros-padel | https://noxsport.com/en/collections/paleteros-padel
prod-nox-ml10-team-backpack,bags,brand-nox,nox,ML10 Team Backpack,current,Black,padel|bags|nox|ml10-team-backpack|current|black,current,draft,,,MEDIA_MISSING,,http://noxsport.com/cdn/shop/files/logo_nox_1200x1200.png?v=1737392034,9,,no,REJECTED — low_score_9_logo_or_junk. No authentic registered hero; stays draft via media publish gate. Research hints: https://noxsport.com/en/collections/paleteros-y-mochilas-padel | https://noxsport.com/en/collections/paleteros-y-mochilas-padel
prod-nox-ml10-team,bags,brand-nox,nox,ML10 Team,current,colorways collapsed (Black/Clay; White/Grey; Black/Blue),padel|bags|nox|ml10-team|current|colorways-collapsed-black-clay-white-grey-black-blue,current,draft,,,MEDIA_MISSING,,http://noxsport.com/cdn/shop/files/logo_nox_1200x1200.png?v=1737392034,9,,no,REJECTED — low_score_9_logo_or_junk. No authentic registered hero; stays draft via media publish gate. Research hints: https://noxsport.com/en/collections/paleteros-padel | https://noxsport.com/en/collections/paleteros-padel
prod-nox-at10-competition-xl-compact,bags,brand-nox,nox,AT10 Competition XL Compact,2024,,padel|bags|nox|at10-competition-xl-compact|2024,current,draft,,,MEDIA_MISSING,,https://padelmarket.com/cdn/shop/collections/BOLSAS-MARCAS-NOX.png?v=1782894650,9,,no,REJECTED — low_score_9_logo_or_junk. No authentic registered hero; stays draft via media publish gate. Research hints: https://noxsport.com/en/collections/paleteros-padel | https://padelmarket.com/en/collections/bags-nox
prod-nox-pro-series-backpack,bags,brand-nox,nox,Pro Series Backpack,current,colorways collapsed (White; Black; Camel; Navy),padel|bags|nox|pro-series-backpack|current|colorways-collapsed-white-black-camel-navy,current,published,/images/padel/bags/nox-pro-series-backpack-hero.jpg,retailer-shopify-json · nox Pro Series Backpack,MEDIA_VERIFIED,,,95,registered_hero;padel_namespace;authentic_gate,no,Hero registered in catalog/soft-goods media registry.
prod-nox-pro-series,bags,brand-nox,nox,Pro Series,current,colorways collapsed (Black; Navy; Camel; White; Red),padel|bags|nox|pro-series|current|colorways-collapsed-black-navy-camel-white-red,current,draft,,,MEDIA_MISSING,,https://cdn.shopify.com/s/files/1/0556/5736/5640/files/5_040e5f52-7bd1-49c7-af10-6a6f4e46f6fa.png?v=1764327851,99,,no,REJECTED — shared-hero_collision. No authentic registered hero; stays draft via media publish gate. Research hints: https://noxsport.com/en/collections/paleteros-padel | https://noxsport.com/en/collections/paleteros-padel|https://padelshop.com/products/nox-pro-series-white-backpack
prod-nox-street-series,bags,brand-nox,nox,Street Series,current,colorways collapsed (Black/Grey; Sky Blue; Grey/Pink),padel|bags|nox|street-series|current|colorways-collapsed-black-grey-sky-blue-grey-pink,current,draft,,,MEDIA_MISSING,,http://noxsport.com/cdn/shop/files/logo_nox_1200x1200.png?v=1737392034,9,,no,REJECTED — low_score_9_logo_or_junk. No authentic registered hero; stays draft via media publish gate. Research hints: https://noxsport.com/en/collections/paleteros-padel | https://noxsport.com/en/collections/paleteros-padel
prod-oxdog-cube,bags,brand-oxdog,oxdog,Cube,current,Black,padel|bags|oxdog|cube|current|black,current,published,/images/padel/bags/oxdog-cube-hero.jpg,padelmq-suggest · oxdog Cube,MEDIA_VERIFIED,,,95,registered_hero;padel_namespace;authentic_gate,no,Hero registered in catalog/soft-goods media registry.
prod-oxdog-hyper-pro-thermo,bags,brand-oxdog,oxdog,Hyper Pro Thermo,current,Black (+ FEP co-branded),padel|bags|oxdog|hyper-pro-thermo|current|black-fep-co-branded,current,published,/images/padel/bags/oxdog-hyper-pro-thermo-hero.jpg,og:image · oxdog Hyper Pro Thermo,MEDIA_VERIFIED,,,95,registered_hero;padel_namespace;authentic_gate,no,Hero registered in catalog/soft-goods media registry.
prod-oxdog-hyper-tour-thermo-backpack,bags,brand-oxdog,oxdog,Hyper Tour Thermo Backpack,current,Black,padel|bags|oxdog|hyper-tour-thermo-backpack|current|black,current,published,/images/padel/bags/oxdog-hyper-tour-thermo-backpack-hero.jpg,padelmq-suggest · oxdog Hyper Tour Thermo Backpack,MEDIA_VERIFIED,,,95,registered_hero;padel_namespace;authentic_gate,no,Hero registered in catalog/soft-goods media registry.
prod-oxdog-x-padel-pro-thermo,bags,brand-oxdog,oxdog,X Padel Pro Thermo,current,White/Black,padel|bags|oxdog|x-padel-pro-thermo|current|white-black,current,draft,,,MEDIA_MISSING,,https://cdn.shopify.com/s/files/1/0881/5132/7069/files/oxdoghyperpro-thermobag2.jpg?v=1724579081,99,,no,REJECTED — shared-hero_collision. No authentic registered hero; stays draft via media publish gate. Research hints: https://www.oxdog.net/en/articles/15/padel-bags | https://www.oxdog.net/en/articles/15/padel-bags|https://oxdogpadel.com/en-us/collections/paleteros-bolsas
prod-royal-padel-force,bags,brand-royal-padel,royal,Force,2026,Black,padel|bags|royal|force|2026|black,current,published,/images/padel/bags/royal-padel-force-hero.jpg,og:image · royal Force,MEDIA_VERIFIED,,,95,registered_hero;padel_namespace;authentic_gate,yes,Hero registered in catalog/soft-goods media registry.
prod-siux-nomad,bags,brand-siux,siux,Nomad,2026,Black/Blue,padel|bags|siux|nomad|2026|black-blue,current,published,/images/padel/bags/siux-nomad-hero.jpg,og:image · siux Nomad,MEDIA_VERIFIED,,,95,registered_hero;padel_namespace;authentic_gate,yes,Hero registered in catalog/soft-goods media registry.
prod-siux-electra-stupa-2026,bags,brand-siux,siux,Electra Stupa 2026,2026,,padel|bags|siux|electra-stupa-2026|2026,current,published,/images/padel/bags/siux-electra-stupa-2026-hero.jpg,retailer-shopify-json · siux Electra Stupa 2026,MEDIA_VERIFIED,,,95,registered_hero;padel_namespace;authentic_gate,no,Hero registered in catalog/soft-goods media registry.
prod-siux-tour,bags,brand-siux,siux,Tour,2026,Black,padel|bags|siux|tour|2026|black,current,published,/images/padel/bags/siux-tour-hero.jpg,og:image · siux Tour,MEDIA_VERIFIED,,,95,registered_hero;padel_namespace;authentic_gate,yes,Hero registered in catalog/soft-goods media registry.
prod-siux-trail,bags,brand-siux,siux,Trail,2026,Grey,padel|bags|siux|trail|2026|grey,current,published,/images/padel/bags/siux-trail-hero.jpg,og:image · siux Trail,MEDIA_VERIFIED,,,95,registered_hero;padel_namespace;authentic_gate,yes,Hero registered in catalog/soft-goods media registry.
prod-starvie-hard-eva,bags,brand-starvie,starvie,Hard Eva,current,Black/Red accents,padel|bags|starvie|hard-eva|current|black-red-accents,current,published,/images/padel/bags/starvie-hard-eva-hero.jpg,retailer-shopify-json · starvie Hard Eva,MEDIA_VERIFIED,,,95,registered_hero;padel_namespace;authentic_gate,no,Hero registered in catalog/soft-goods media registry.
prod-starvie-hard-eva-backpack,bags,brand-starvie,starvie,Hard Eva Backpack,current,Black/Red,padel|bags|starvie|hard-eva-backpack|current|black-red,current,published,/images/padel/bags/starvie-hard-eva-backpack-hero.jpg,padelmq-suggest · starvie Hard Eva Backpack,MEDIA_VERIFIED,,,95,registered_hero;padel_namespace;authentic_gate,no,Hero registered in catalog/soft-goods media registry.
prod-starvie-pro-master,bags,brand-starvie,starvie,Pro Master,2026,Blue/Orange,padel|bags|starvie|pro-master|2026|blue-orange,current,published,/images/padel/bags/starvie-pro-master-hero.jpg,og:image · starvie Pro Master,MEDIA_VERIFIED,,,95,registered_hero;padel_namespace;authentic_gate,yes,Hero registered in catalog/soft-goods media registry.
prod-starvie-tactic-pro,bags,brand-starvie,starvie,Tactic Pro,current,White/Navy/Orange,padel|bags|starvie|tactic-pro|current|white-navy-orange,current,published,/images/padel/bags/starvie-tactic-pro-hero.jpg,padelmq-suggest · starvie Tactic Pro,MEDIA_VERIFIED,,,95,registered_hero;padel_namespace;authentic_gate,no,Hero registered in catalog/soft-goods media registry.
prod-tecnifibre-tour-endurance-bag,bags,brand-tecnifibre-padel,tecnifibre,Tour Endurance Bag,current,,padel|bags|tecnifibre|tour-endurance-bag|current,current,published,/images/padel/bags/tecnifibre-tour-endurance-bag-hero.jpg,padelmq-suggest · tecnifibre Tour Endurance Bag,MEDIA_VERIFIED,,,95,registered_hero;padel_namespace;authentic_gate,no,Hero registered in catalog/soft-goods media registry.
prod-tecnifibre-tour-endurance-ultra,bags,brand-tecnifibre-padel,tecnifibre,Tour Endurance Ultra,2025,Black,padel|bags|tecnifibre|tour-endurance-ultra|2025|black,current,draft,,,MEDIA_MISSING,,https://cdn.shopify.com/s/files/1/0881/5132/7069/files/bolso-tecnifibre-tour-endurance-blanco-azul.jpg?v=1774793687,99,,no,REJECTED — shared-hero_collision. No authentic registered hero; stays draft via media publish gate. Research hints: https://www.zonadepadel.com/tecnifibre/13598-tecnifibre-tour-endu-ultra-black-2025-padel-bag.html
prod-varlion-ambassador,bags,brand-varlion,varlion,Ambassador,2025/2026,Black,padel|bags|varlion|ambassador|2025-2026|black,current,draft,,,MEDIA_MISSING,,,0,,no,Researched: no_safe_distinct_image. No authentic registered hero. Product remains draft via media publish gate. Research hints: https://www.varlion.com/gb/padel/bags/padel-racket-bags/padel-bag-ambassador-.html | https://www.varlion.com/gb/padel/bags/padel-racket-bags/padel-bag-ambassador-.html
prod-varlion-summum-backpack,bags,brand-varlion,varlion,Summum Backpack,2025/2026,,padel|bags|varlion|summum-backpack|2025-2026,current,published,/images/padel/bags/varlion-summum-backpack-hero.jpg,padelmq-suggest · varlion Summum Backpack,MEDIA_VERIFIED,,,95,registered_hero;padel_namespace;authentic_gate,no,Hero registered in catalog/soft-goods media registry.
prod-varlion-summum-pro,bags,brand-varlion,varlion,Summum Pro,2025/2026,,padel|bags|varlion|summum-pro|2025-2026,current,published,/images/padel/bags/varlion-summum-pro-hero.jpg,Varlion Summum Pro padel bag,MEDIA_VERIFIED,,,95,registered_hero;padel_namespace;authentic_gate,no,Hero registered in catalog/soft-goods media registry.
prod-wilson-bela-super-tour-backpack,bags,brand-wilson-padel,wilson,Bela Super Tour Backpack,current,colorways collapsed (Black; White),padel|bags|wilson|bela-super-tour-backpack|current|colorways-collapsed-black-white,current,published,/images/padel/bags/wilson-bela-super-tour-backpack-hero.jpg,json-ld · wilson Bela Super Tour Backpack,MEDIA_VERIFIED,,,95,registered_hero;padel_namespace;authentic_gate,yes,Hero registered in catalog/soft-goods media registry.
prod-wilson-bela-backpack,bags,brand-wilson-padel,wilson,Bela Backpack,current,,padel|bags|wilson|bela-backpack|current,current,published,/images/padel/bags/wilson-bela-backpack-hero.jpg,og:image · wilson Bela Backpack,MEDIA_VERIFIED,,,95,registered_hero;padel_namespace;authentic_gate,no,Hero registered in catalog/soft-goods media registry.
prod-wilson-super-tour-2026,bags,brand-wilson-padel,wilson,Super Tour 2026,2026,,padel|bags|wilson|super-tour-2026|2026,current,published,/images/padel/bags/wilson-super-tour-2026-hero.jpg,og:image · wilson Super Tour 2026,MEDIA_VERIFIED,,,95,registered_hero;padel_namespace;authentic_gate,no,Hero registered in catalog/soft-goods media registry.
prod-adidas-pro-bounce,balls,brand-adidas-padel,adidas,Pro Bounce,current,competition/club,padel|balls|adidas|pro-bounce|current|competition-club,current,published,/images/padel/balls/adidas-pro-bounce-hero.jpg,padelmq-suggest · adidas Pro Bounce,MEDIA_VERIFIED,,,95,registered_hero;padel_namespace;authentic_gate,no,Hero registered in catalog/soft-goods media registry.
prod-adidas-serie-tour,balls,brand-adidas-padel,adidas,Serie+ Tour,current,,padel|balls|adidas|serie-tour|current,current,draft,,,MEDIA_MISSING,,http://padelshop.com/cdn/shop/files/OG_image.png?v=1784186775,9,,no,REJECTED — low_score_9_logo_or_junk. No authentic registered hero; stays draft via media publish gate. Research hints: https://padelshop.com/collections/adidas-padel-balls | https://padelshop.com/collections/adidas-padel-balls
prod-babolat-ace,balls,brand-babolat-padel,babolat,Ace,current,premium/all-round,padel|balls|babolat|ace|current|premium-all-round,current,draft,,,MEDIA_MISSING,,https://padelmagazine.fr/wp-content/uploads/2026/07/Guide-et-Comparatif-2025-Comment-choisir-votre-balle-de-padel-parmi-32-references-.jpg,44,,no,REJECTED — logo_or_banner_url. No authentic registered hero; stays draft via media publish gate. Research hints: https://www.tiendapadelpoint.com/en/3-ball-pot-babolat-ace-padel-en | https://padelave.com/collections/padel-balls | https://padel-magazine.co.uk/Guide-and-comparison-2025%3A-How-to-choose-your-padel-ball-from-32-options/
prod-babolat-court,balls,brand-babolat-padel,babolat,Court,current,competition,padel|balls|babolat|court|current|competition,current,published,/images/padel/balls/babolat-court-hero.jpg,og:image · babolat Court,MEDIA_VERIFIED,,,95,registered_hero;padel_namespace;authentic_gate,no,Hero registered in catalog/soft-goods media registry.
prod-babolat-short,balls,brand-babolat-padel,babolat,Short,unknown,beginner/training,padel|balls|babolat|short|unknown|beginner-training,current,published,/images/padel/balls/babolat-short-hero.jpg,padelmq-suggest · babolat Short,MEDIA_VERIFIED,,,95,registered_hero;padel_namespace;authentic_gate,no,Hero registered in catalog/soft-goods media registry.
prod-black-crown-one,balls,brand-black-crown,black-crown,One,current,control/durability,padel|balls|black-crown|one|current|control-durability,current,published,/images/padel/balls/black-crown-one-hero.jpg,retailer-shopify-json · black-crown One,MEDIA_VERIFIED,,,95,registered_hero;padel_namespace;authentic_gate,yes,Hero registered in catalog/soft-goods media registry.
prod-black-crown-pro,balls,brand-black-crown,black-crown,Pro,current,match/fast,padel|balls|black-crown|pro|current|match-fast,current,published,/images/padel/balls/black-crown-pro-hero.jpg,retailer-shopify-json · black-crown Pro,MEDIA_VERIFIED,,,95,registered_hero;padel_namespace;authentic_gate,yes,Hero registered in catalog/soft-goods media registry.
prod-bullpadel-fip-next,balls,brand-bullpadel,bullpadel,FIP Next,current (Next gen),standard,padel|balls|bullpadel|fip-next|current-next-gen|standard,current,draft,,,MEDIA_MISSING,,https://cdn.shopify.com/s/files/1/0881/5132/7069/files/Bullpadel-Next-Pro-Box-24Tubes-PadeLMQ.jpg?v=1786267928,99,,no,REJECTED — shared-hero_collision. No authentic registered hero; stays draft via media publish gate. Research hints: https://www.bullpadel.com/gb/77-balls | https://www.bullpadel.com/gb/77-balls | https://padel-magazine.co.uk/stephane-penso-tests-the-ball-bullpadel-next-pro/
prod-bullpadel-fip-next-pro,balls,brand-bullpadel,bullpadel,FIP Next Pro,current (Next gen),speed/competition,padel|balls|bullpadel|fip-next-pro|current-next-gen|speed-competition,current,published,/images/padel/balls/bullpadel-fip-next-pro-hero.jpg,og:image · bullpadel FIP Next Pro,MEDIA_VERIFIED,,,95,registered_hero;padel_namespace;authentic_gate,no,Hero registered in catalog/soft-goods media registry.
prod-bullpadel-next,balls,brand-bullpadel,bullpadel,Next,2026,,padel|balls|bullpadel|next|2026,current,published,/images/padel/balls/bullpadel-next-hero.jpg,og:image · bullpadel Next,MEDIA_VERIFIED,,,95,registered_hero;padel_namespace;authentic_gate,no,Hero registered in catalog/soft-goods media registry.
prod-bullpadel-next-pro,balls,brand-bullpadel,bullpadel,Next Pro,2026,,padel|balls|bullpadel|next-pro|2026,current,draft,,,MEDIA_MISSING,,http://mrhsport.com/cdn/shop/articles/Untitled_design_99.png?v=1772124835,99,,no,REJECTED — shared-hero_collision. No authentic registered hero; stays draft via media publish gate. Research hints: https://www.bullpadel.com | https://mrhsport.com/blogs/the-clubhouse-blog/bullpadel-padel-balls-explained-premium-pro-next-next-pro
prod-drop-shot-speed-tech,balls,brand-drop-shot,drop-shot,Speed Tech,current,,padel|balls|drop-shot|speed-tech|current,current,published,/images/padel/balls/drop-shot-speed-tech-hero.jpg,padelmq-suggest · drop-shot Speed Tech,MEDIA_VERIFIED,,,95,registered_hero;padel_namespace;authentic_gate,no,Hero registered in catalog/soft-goods media registry.
prod-drop-shot-tournament-speed-pro,balls,brand-drop-shot,drop-shot,Tournament Speed Pro,current,,padel|balls|drop-shot|tournament-speed-pro|current,current,published,/images/padel/balls/drop-shot-tournament-speed-pro-hero.jpg,padelmq-suggest · drop-shot Tournament Speed Pro,MEDIA_VERIFIED,,,95,registered_hero;padel_namespace;authentic_gate,no,Hero registered in catalog/soft-goods media registry.
prod-drop-shot-tournament-tech,balls,brand-drop-shot,drop-shot,Tournament Tech,current,competition,padel|balls|drop-shot|tournament-tech|current|competition,current,published,/images/padel/balls/drop-shot-tournament-tech-hero.jpg,manual-approve · drop-shot Tournament Tech,MEDIA_VERIFIED,,,95,registered_hero;padel_namespace;authentic_gate,no,Hero registered in catalog/soft-goods media registry.
prod-drop-shot-training-tech,balls,brand-drop-shot,drop-shot,Training Tech,current,,padel|balls|drop-shot|training-tech|current,current,published,/images/padel/balls/drop-shot-training-tech-hero.jpg,padelmq-suggest · drop-shot Training Tech,MEDIA_VERIFIED,,,95,registered_hero;padel_namespace;authentic_gate,no,Hero registered in catalog/soft-goods media registry.
prod-dunlop-eco,balls,brand-dunlop-padel,dunlop,Eco,current,pressureless training/bulk,padel|balls|dunlop|eco|current|pressureless-training-bulk,current,published,/images/padel/balls/dunlop-eco-hero.jpg,og:image · dunlop Eco,MEDIA_VERIFIED,,,95,registered_hero;padel_namespace;authentic_gate,no,Hero registered in catalog/soft-goods media registry.
prod-dunlop-pro,balls,brand-dunlop-padel,dunlop,Pro,current,competition,padel|balls|dunlop|pro|current|competition,current,published,/images/padel/balls/dunlop-pro-hero.jpg,retailer-shopify-json · dunlop Pro,MEDIA_VERIFIED,,,95,registered_hero;padel_namespace;authentic_gate,yes,Hero registered in catalog/soft-goods media registry.
prod-dunlop-team,balls,brand-dunlop-padel,dunlop,Team,current,recreational/club,padel|balls|dunlop|team|current|recreational-club,current,draft,,,MEDIA_MISSING,,,0,,no,REJECTED_WRONG_PRODUCT — triage download failed visual identity check; hero revoked. Needs manufacturer PDP packshot. Research hints: https://thepadelgang.co.uk/dunlop-pro-padel-balls/ | https://padelshop.com/nl/collections/padelballen
prod-fila-premium,balls,brand-fila-padel,fila,Premium,current,,padel|balls|fila|premium|current,current,published,/images/padel/balls/fila-premium-hero.jpg,padelmq-suggest · fila Premium,MEDIA_VERIFIED,,,95,registered_hero;padel_namespace;authentic_gate,no,Hero registered in catalog/soft-goods media registry.
prod-fila-premium-pro,balls,brand-fila-padel,fila,Premium Pro,current,,padel|balls|fila|premium-pro|current,current,published,/images/padel/balls/fila-premium-pro-hero.jpg,padelmq-suggest · fila Premium Pro,MEDIA_VERIFIED,,,95,registered_hero;padel_namespace;authentic_gate,no,Hero registered in catalog/soft-goods media registry.
prod-nox-nerbo,balls,brand-nox,nox,Nerbo,current,standard/competition,padel|balls|nox|nerbo|current|standard-competition,current,published,/images/padel/balls/nox-nerbo-hero.jpg,og:image · nox Nerbo,MEDIA_VERIFIED,,,95,registered_hero;padel_namespace;authentic_gate,no,Hero registered in catalog/soft-goods media registry.
prod-nox-nerbo-speed,balls,brand-nox,nox,Nerbo+ Speed,current,speed,padel|balls|nox|nerbo-speed|current|speed,current,published,/images/padel/balls/nox-nerbo-speed-hero.jpg,json-ld · nox Nerbo+ Speed,MEDIA_VERIFIED,,,95,registered_hero;padel_namespace;authentic_gate,no,Hero registered in catalog/soft-goods media registry.
prod-nox-pro-titanium,balls,brand-nox,nox,Pro Titanium,current,competition (3 or 4-ball packs same SKU family),padel|balls|nox|pro-titanium|current|competition-3-or-4-ball-packs-same-sku-family,current,published,/images/padel/balls/nox-pro-titanium-hero.jpg,og:image · nox Pro Titanium,MEDIA_VERIFIED,,,95,registered_hero;padel_namespace;authentic_gate,no,Hero registered in catalog/soft-goods media registry.
prod-osaka-pro-tour,balls,brand-osaka-padel,osaka,Pro Tour,current,all-round,padel|balls|osaka|pro-tour|current|all-round,current,published,/images/padel/balls/osaka-pro-tour-hero.jpg,retailer-shopify-json · osaka Pro Tour,MEDIA_VERIFIED,,,95,registered_hero;padel_namespace;authentic_gate,no,Hero registered in catalog/soft-goods media registry.
prod-osaka-vision,balls,brand-osaka-padel,osaka,Vision,current,training/feel,padel|balls|osaka|vision|current|training-feel,current,published,/images/padel/balls/osaka-vision-hero.jpg,retailer-shopify-json · osaka Vision,MEDIA_VERIFIED,,,95,registered_hero;padel_namespace;authentic_gate,no,Hero registered in catalog/soft-goods media registry.
prod-oxdog-boost,balls,brand-oxdog,oxdog,Boost,current,speed,padel|balls|oxdog|boost|current|speed,current,published,/images/padel/balls/oxdog-boost-hero.jpg,retailer-shopify-json · oxdog Boost,MEDIA_VERIFIED,,,95,registered_hero;padel_namespace;authentic_gate,yes,Hero registered in catalog/soft-goods media registry.
prod-pallap-competition-01,balls,brand-pallap,pallap,Competition 01,current,competition,padel|balls|pallap|competition-01|current|competition,current,draft,,,MEDIA_MISSING,,https://padelmagazine.fr/wp-content/uploads/2026/07/Guide-et-Comparatif-2025-Comment-choisir-votre-balle-de-padel-parmi-32-references-.jpg,44,,no,REJECTED — logo_or_banner_url. No authentic registered hero; stays draft via media publish gate. Research hints: https://padel-magazine.co.uk/Guide-and-comparison-2025%3A-How-to-choose-your-padel-ball-from-32-options/
prod-rs-champions-choice,balls,brand-rs-padel,rs,Champions Choice,current,tournament,padel|balls|rs|champions-choice|current|tournament,current,published,/images/padel/balls/rs-champions-choice-hero.jpg,retailer-shopify-json · rs Champions Choice,MEDIA_VERIFIED,,,95,registered_hero;padel_namespace;authentic_gate,no,Hero registered in catalog/soft-goods media registry.
prod-rs-nova-x,balls,brand-rs-padel,rs,Nova X,current,mid-speed,padel|balls|rs|nova-x|current|mid-speed,current,published,/images/padel/balls/rs-nova-x-hero.jpg,retailer-shopify-json · rs Nova X,MEDIA_VERIFIED,,,95,registered_hero;padel_namespace;authentic_gate,no,Hero registered in catalog/soft-goods media registry.
prod-siux-neo,balls,brand-siux,siux,Neo,current,standard/control,padel|balls|siux|neo|current|standard-control,current,published,/images/padel/balls/siux-neo-hero.jpg,og:image · siux Neo,MEDIA_VERIFIED,,,95,registered_hero;padel_namespace;authentic_gate,no,Hero registered in catalog/soft-goods media registry.
prod-siux-neo-speed,balls,brand-siux,siux,Neo Speed,2026,,padel|balls|siux|neo-speed|2026,current,published,/images/padel/balls/siux-neo-speed-hero.jpg,padelmq-suggest · siux Neo Speed,MEDIA_VERIFIED,,,95,registered_hero;padel_namespace;authentic_gate,no,Hero registered in catalog/soft-goods media registry.
prod-siux-neo-speed-neo-s,balls,brand-siux,siux,Neo Speed (Neo S),current,speed,padel|balls|siux|neo-speed-neo-s|current|speed,current,published,/images/padel/balls/siux-neo-speed-neo-s-hero.jpg,og:image · siux Neo Speed (Neo S),MEDIA_VERIFIED,,,95,registered_hero;padel_namespace;authentic_gate,no,Hero registered in catalog/soft-goods media registry.
prod-slazenger-challenge-no-1,balls,brand-slazenger-padel,slazenger,Challenge No.1,current,competition,padel|balls|slazenger|challenge-no-1|current|competition,current,draft,,,MEDIA_MISSING,,,0,,no,REJECTED_WRONG_PRODUCT — triage download failed visual identity check; hero revoked. Needs manufacturer PDP packshot. Research hints: https://www.slazenger.com/slazenger-padel-balls-3-balls-738846 | https://www.lovellsports.com/products/slazenger-padel-balls-3-ball | https://padelshop.com/collections/slazenger-padel-balls
prod-tecnifibre-padel-tour,balls,brand-tecnifibre-padel,tecnifibre,Padel Tour,current/limited,competition,padel|balls|tecnifibre|padel-tour|current-limited|competition,current,published,/images/padel/balls/tecnifibre-padel-tour-hero.jpg,og:image · tecnifibre Padel Tour,MEDIA_VERIFIED,,,95,registered_hero;padel_namespace;authentic_gate,no,Hero registered in catalog/soft-goods media registry.
prod-tecnifibre-x-one,balls,brand-tecnifibre-padel,tecnifibre,X-One,current,premium,padel|balls|tecnifibre|x-one|current|premium,current,published,/images/padel/balls/tecnifibre-x-one-hero.jpg,padelmq-suggest · tecnifibre X-One,MEDIA_VERIFIED,,,95,registered_hero;padel_namespace;authentic_gate,no,Hero registered in catalog/soft-goods media registry.
prod-tretorn-serie-padel-control,balls,brand-tretorn-padel,tretorn,Serie+ Padel Control,current,control,padel|balls|tretorn|serie-padel-control|current|control,current,published,/images/padel/balls/tretorn-serie-padel-control-hero.jpg,og:image · tretorn Serie+ Padel Control,MEDIA_VERIFIED,,,95,registered_hero;padel_namespace;authentic_gate,no,Hero registered in catalog/soft-goods media registry.
prod-tretorn-serie-padel-tour,balls,brand-tretorn-padel,tretorn,Serie+ Padel Tour,current,speed,padel|balls|tretorn|serie-padel-tour|current|speed,current,published,/images/padel/balls/tretorn-serie-padel-tour-hero.jpg,og:image · tretorn Serie+ Padel Tour,MEDIA_VERIFIED,,,95,registered_hero;padel_namespace;authentic_gate,no,Hero registered in catalog/soft-goods media registry.
prod-varlion-summum-pro-s,balls,brand-varlion,varlion,Summum Pro S,current,,padel|balls|varlion|summum-pro-s|current,current,published,/images/padel/balls/varlion-summum-pro-s-hero.jpg,Varlion Summum Pro S ball box,MEDIA_VERIFIED,,,95,registered_hero;padel_namespace;authentic_gate,no,Hero registered in catalog/soft-goods media registry.
prod-varlion-summum-pro-w,balls,brand-varlion,varlion,Summum Pro W,current,,padel|balls|varlion|summum-pro-w|current,current,published,/images/padel/balls/varlion-summum-pro-w-hero.jpg,Varlion Summum Pro W ball box,MEDIA_VERIFIED,,,95,registered_hero;padel_namespace;authentic_gate,no,Hero registered in catalog/soft-goods media registry.
prod-volt-premium,balls,brand-volt-padel,volt,Premium,current,,padel|balls|volt|premium|current,current,published,/images/padel/balls/volt-premium-hero.jpg,padelmq-suggest · volt Premium,MEDIA_VERIFIED,,,95,registered_hero;padel_namespace;authentic_gate,no,Hero registered in catalog/soft-goods media registry.
prod-wilson-premier-padel,balls,brand-wilson-padel,wilson,Premier Padel,current,standard/control,padel|balls|wilson|premier-padel|current|standard-control,current,published,/images/padel/balls/wilson-premier-padel-hero.jpg,retailer-shopify-json · wilson Premier Padel,MEDIA_VERIFIED,,,95,registered_hero;padel_namespace;authentic_gate,no,Hero registered in catalog/soft-goods media registry.
prod-wilson-rush-100,balls,brand-wilson-padel,wilson,Rush 100,current,value/club,padel|balls|wilson|rush-100|current|value-club,current,published,/images/padel/balls/wilson-rush-100-hero.jpg,padelmq-suggest · wilson Rush 100,MEDIA_VERIFIED,,,95,registered_hero;padel_namespace;authentic_gate,no,Hero registered in catalog/soft-goods media registry.
prod-adidas-perforated-ac2ba1wh,grips,brand-adidas-padel,adidas,Perforated / AC2BA1WH,current,white microperforated; 3-pack,padel|grips|adidas|perforated-ac2ba1wh|current|white-microperforated-3-pack,current,draft,,,MEDIA_MISSING,,https://padellifeshop.com/wp-content/uploads/2026/03/ADIDAS-Padel-Overgrip-Tacky-Feeling-White-x3.webp,82,,no,REJECTED — approve_failed_shared-hero hash collision for prod-adidas-perforated-ac2ba1wh: same bytes as /images/padel/grips/adidas-tacky-feeling-h. No authentic registered hero; stays draft via media publish gate. Research hints: https://www.adidas.com | https://padel-spain.es/gb/accesories-of-paddle/214712-adidas-perforated-overgrip-3-pack-white-8436548248185.html|https://padellifeshop.com/product/adidas-overgrip-perforated-x3-white/
prod-adidas-tacky-feeling,grips,brand-adidas-padel,adidas,Tacky Feeling,current,white; 3-pack,padel|grips|adidas|tacky-feeling|current|white-3-pack,current,published,/images/padel/grips/adidas-tacky-feeling-hero.jpg,og:image · adidas Tacky Feeling,MEDIA_VERIFIED,,,95,registered_hero;padel_namespace;authentic_gate,no,Hero registered in catalog/soft-goods media registry.
prod-babolat-pro-tour,grips,brand-babolat-padel,babolat,Pro Tour,current,x3; comfort cushion overgrip,padel|grips|babolat|pro-tour|current|x3-comfort-cushion-overgrip,current,published,/images/padel/grips/babolat-pro-tour-hero.jpg,padelmq-suggest · babolat Pro Tour,MEDIA_VERIFIED,,,95,registered_hero;padel_namespace;authentic_gate,no,Hero registered in catalog/soft-goods media registry.
prod-babolat-syntec-team,grips,brand-babolat-padel,babolat,Syntec Team,current,1 unit; softer Syntec family,padel|grips|babolat|syntec-team|current|1-unit-softer-syntec-family,current,draft,,,MEDIA_MISSING,,https://cdn.shopify.com/s/files/1/0881/5132/7069/files/Babolat-Padelbal-court-tube-padeLMQ-1.jpg?v=1731854351,99,,no,REJECTED — shared-hero_collision. No authentic registered hero; stays draft via media publish gate. Research hints: https://www.babolat.com | https://www.babolat.com
prod-babolat-vs-original,grips,brand-babolat-padel,babolat,VS Original,current,white; ~0.43 mm thinnest; x1/x3,padel|grips|babolat|vs-original|current|white-0-43-mm-thinnest-x1-x3,current,published,/images/padel/grips/babolat-vs-original-hero.jpg,json-ld · babolat VS Original,MEDIA_VERIFIED,,,95,registered_hero;padel_namespace;authentic_gate,no,Hero registered in catalog/soft-goods media registry.
prod-black-crown-black-crown-perforated,grips,brand-black-crown,black-crown,Black Crown Perforated,current,3/12/100 packs,padel|grips|black-crown|black-crown-perforated|current|3-12-100-packs,current,published,/images/padel/grips/black-crown-black-crown-perforated-hero.jpg,padelmq-suggest · black-crown Black Crown Perforated,MEDIA_VERIFIED,,,95,registered_hero;padel_namespace;authentic_gate,no,Hero registered in catalog/soft-goods media registry.
prod-bullpadel-comfort-overgrip,grips,brand-bullpadel,bullpadel,Comfort Overgrip,current,,padel|grips|bullpadel|comfort-overgrip|current,current,published,/images/padel/grips/bullpadel-comfort-overgrip-hero.jpg,padelmq-suggest · bullpadel Comfort Overgrip,MEDIA_VERIFIED,,,95,registered_hero;padel_namespace;authentic_gate,no,Hero registered in catalog/soft-goods media registry.
prod-bullpadel-gb-1705,grips,brand-bullpadel,bullpadel,GB-1705,current,colored overgrips; 3-packs,padel|grips|bullpadel|gb-1705|current|colored-overgrips-3-packs,current,draft,,,MEDIA_MISSING,,,0,,no,Researched: no_safe_distinct_image. No authentic registered hero. Product remains draft via media publish gate. Research hints: https://www.bullpadel.com | https://www.bullpadel.com/gb/1580-grip-bullpadel-gb1201-box-50.html
prod-bullpadel-gb1201,grips,brand-bullpadel,bullpadel,GB1201,current,black/white; micro-perforated; 3-pack and box-50,padel|grips|bullpadel|gb1201|current|black-white-micro-perforated-3-pack-and-box-50,current,draft,,,MEDIA_MISSING,,https://cdn.shopify.com/s/files/1/0881/5132/7069/files/three-lime-green-bullpadel-grip-tapes-side-by-side.png?v=1770752842,99,,no,REJECTED — shared-hero_collision. No authentic registered hero; stays draft via media publish gate. Research hints: https://www.bullpadel.com/gb/1580-grip-bullpadel-gb1201-box-50.html | https://www.bullpadel.com/gb/1580-grip-bullpadel-gb1201-box-50.html
prod-bullpadel-gb1200-hac,grips,brand-bullpadel,bullpadel,GB1200 HaC,current,white; 3-pack (+ club boxes),padel|grips|bullpadel|gb1200-hac|current|white-3-pack-club-boxes,current,draft,,,MEDIA_MISSING,,https://www.padelmq.com/cdn/shop/files/three-white-bullpadel-grip-tapes-side-by-side_1200x800.png?v=1770745017,59,,yes,REJECTED — reresearch_failed_shared-hero hash collision for prod-bullpadel-gb1200-hac: same bytes as /images/padel/grips/bullpadel-comfort-overgrip-h. No authentic registered hero; stays draft via media publish gate. Research hints: https://www.bullpadel.com | https://www.zonadepadel.uk/bullpadel/1390-overgrips-gb1200-blancos.html|https://www.padelmq.com/en/products/bullpadel-overgrips-white
prod-drop-shot-club,grips,brand-drop-shot,drop-shot,Club,current,multicolor value; 3-pack (+60),padel|grips|drop-shot|club|current|multicolor-value-3-pack-60,current,published,/images/padel/grips/drop-shot-club-hero.jpg,og:image · drop-shot Club,MEDIA_VERIFIED,,,95,registered_hero;padel_namespace;authentic_gate,no,Hero registered in catalog/soft-goods media registry.
prod-drop-shot-super-dry,grips,brand-drop-shot,drop-shot,Super Dry,current,,padel|grips|drop-shot|super-dry|current,current,draft,,,MEDIA_MISSING,,,0,,no,Researched: no_safe_distinct_image. No authentic registered hero. Product remains draft via media publish gate.
prod-drop-shot-super-tacky,grips,brand-drop-shot,drop-shot,Super Tacky,current,perforated tacky; 3-pack (+60 tub),padel|grips|drop-shot|super-tacky|current|perforated-tacky-3-pack-60-tub,current,published,/images/padel/grips/drop-shot-super-tacky-hero.jpg,og:image · drop-shot Super Tacky,MEDIA_VERIFIED,,,95,registered_hero;padel_namespace;authentic_gate,no,Hero registered in catalog/soft-goods media registry.
prod-enebe-enebe-smooth,grips,brand-enebe,enebe,Enebe Smooth,current,white; 3-pack,padel|grips|enebe|enebe-smooth|current|white-3-pack,current,published,/images/padel/grips/enebe-enebe-smooth-hero.jpg,padelmq-suggest · enebe Enebe Smooth,MEDIA_VERIFIED,,,95,registered_hero;padel_namespace;authentic_gate,no,Hero registered in catalog/soft-goods media registry.
prod-head-prestige-pro,grips,brand-head-padel,head,Prestige Pro,current,,padel|grips|head|prestige-pro|current,current,published,/images/padel/grips/head-prestige-pro-hero.jpg,padelmq-suggest · head Prestige Pro,MEDIA_VERIFIED,,,95,registered_hero;padel_namespace;authentic_gate,no,Hero registered in catalog/soft-goods media registry.
prod-head-hydrosorb-comfort,grips,brand-head-padel,head,Hydrosorb Comfort,current,black; 1 unit; ~2.1 mm thick class,padel|grips|head|hydrosorb-comfort|current|black-1-unit-2-1-mm-thick-class,current,draft,,,MEDIA_MISSING,,https://tennisshot.gr/image/cache/catalog/Replacement%20grips/Head/head_hydrosorb_comfort_black_285313_bk-750x975.jpg,64,,no,REJECTED — reresearch_failed_shared-hero hash collision for prod-head-hydrosorb-comfort: same bytes as /images/padel/grips/head-hydrosorb-hero.jpg. No authentic registered hero; stays draft via media publish gate. Research hints: https://www.head.com | https://tennisshot.gr/en-gb/head-hydrosorb-comfort-replacement-grip-black
prod-head-hydrosorb-family,grips,brand-head-padel,head,Hydrosorb family,current,thinner Hydrosorb siblings vs Comfort,padel|grips|head|hydrosorb-family|current|thinner-hydrosorb-siblings-vs-comfort,current,draft,,,MEDIA_MISSING,,,0,,no,Researched: no_safe_distinct_image. No authentic registered hero. Product remains draft via media publish gate. Research hints: https://www.head.com | https://tennisshot.gr/
prod-head-padel-pro,grips,brand-head-padel,head,Padel Pro,current,white; multipacks common,padel|grips|head|padel-pro|current|white-multipacks-common,current,published,/images/padel/grips/head-padel-pro-hero.jpg,retailer-shopify-json · head Padel Pro,MEDIA_VERIFIED,,,95,registered_hero;padel_namespace;authentic_gate,no,Hero registered in catalog/soft-goods media registry.
prod-head-padel-pro-perforated,grips,brand-head-padel,head,Padel Pro Perforated,current,black; perforated padel overwrap,padel|grips|head|padel-pro-perforated|current|black-perforated-padel-overwrap,current,published,/images/padel/grips/head-padel-pro-perforated-hero.jpg,padelmq-suggest · head Padel Pro Perforated,MEDIA_VERIFIED,,,95,registered_hero;padel_namespace;authentic_gate,no,Hero registered in catalog/soft-goods media registry.
prod-head-xtreme-soft-xtremesoft,grips,brand-head-padel,head,Xtreme Soft / XtremeSoft,current,white/black/colors; 1-unit and multipacks,padel|grips|head|xtreme-soft-xtremesoft|current|white-black-colors-1-unit-and-multipacks,current,published,/images/padel/grips/head-xtreme-soft-xtremesoft-hero.jpg,og:image · head Xtreme Soft / XtremeSoft,MEDIA_VERIFIED,,,95,registered_hero;padel_namespace;authentic_gate,yes,Hero registered in catalog/soft-goods media registry.
prod-hesacore-carbon,grips,brand-hesacore,hesacore,Carbon,current,stiff carbon-filament feedback,padel|grips|hesacore|carbon|current|stiff-carbon-filament-feedback,current,published,/images/padel/grips/hesacore-carbon-hero.jpg,og:image · hesacore Carbon,MEDIA_VERIFIED,,,95,registered_hero;padel_namespace;authentic_gate,no,Hero registered in catalog/soft-goods media registry.
prod-hesacore-gel,grips,brand-hesacore,hesacore,Gel,current,softest / max vibration cushion,padel|grips|hesacore|gel|current|softest-max-vibration-cushion,current,draft,,,MEDIA_MISSING,,https://cdn.shopify.com/s/files/1/0881/5132/7069/files/grip-hesacore-bullpadel-gel-azul-claro-1100x1100.jpg?v=1777053989,99,,no,REJECTED — shared-hero_collision. No authentic registered hero; stays draft via media publish gate. Research hints: https://shop.hesacore.com/products/padel-hesacore-tour-grip-gel | https://shop.hesacore.com/products/padel-hesacore-tour-grip-gel|https://www.padelmq.com/en-eu/products/hesacore-tour-grip-gel
prod-hesacore-pro-carbon,grips,brand-hesacore,hesacore,Pro Carbon,current,,padel|grips|hesacore|pro-carbon|current,current,published,/images/padel/grips/hesacore-pro-carbon-hero.jpg,padelmq-suggest · hesacore Pro Carbon,MEDIA_VERIFIED,,,95,registered_hero;padel_namespace;authentic_gate,no,Hero registered in catalog/soft-goods media registry.
prod-hesacore-tour,grips,brand-hesacore,hesacore,Tour,current,Bronze/Orange,padel|grips|hesacore|tour|current|bronze-orange,current,draft,,,MEDIA_MISSING,,http://padelshop.com/cdn/shop/files/OG_image.png?v=1784186775,0,,no,REJECTED — low_score_0_logo_or_junk. No authentic registered hero; stays draft via media publish gate. Research hints: https://padelshop.com/collections/adidas-padel-bags | https://padelshop.com/collections/adidas-padel-bags
prod-hesacore-tour-w,grips,brand-hesacore,hesacore,Tour W,current,,padel|grips|hesacore|tour-w|current,current,draft,,,MEDIA_MISSING,,https://cdn.shopify.com/s/files/1/0881/5132/7069/files/grip-hesacore-bullpadel-gel-azul-claro-1100x1100.jpg?v=1777053989,99,,no,REJECTED — shared-hero_collision. No authentic registered hero; stays draft via media publish gate. Research hints: https://hesacore.com/
prod-hesacore-pink-w,grips,brand-hesacore,hesacore,Pink / W,current,smaller-hand / lighter positioning,padel|grips|hesacore|pink-w|current|smaller-hand-lighter-positioning,current,published,/images/padel/grips/hesacore-pink-w-hero.jpg,padelmq-suggest · hesacore Pink / W,MEDIA_VERIFIED,,,95,registered_hero;padel_namespace;authentic_gate,no,Hero registered in catalog/soft-goods media registry.
prod-hesacore-tour-original,grips,brand-hesacore,hesacore,Tour / Original,current,S/M sizes; silicone blend honeycomb sleeve,padel|grips|hesacore|tour-original|current|s-m-sizes-silicone-blend-honeycomb-sleeve,current,published,/images/padel/grips/hesacore-tour-original-hero.jpg,retailer-shopify-json · hesacore Tour / Original,MEDIA_VERIFIED,,,95,registered_hero;padel_namespace;authentic_gate,yes,Hero registered in catalog/soft-goods media registry.
prod-joma-club-cushion,grips,brand-joma,joma,Club Cushion,current_or_clearance,fluor orange and colors; 3-pack resin front,padel|grips|joma|club-cushion|current-or-clearance|fluor-orange-and-colors-3-pack-resin-front,current,published,/images/padel/grips/joma-club-cushion-hero.jpg,padelmq-suggest · joma Club Cushion,MEDIA_VERIFIED,,,95,registered_hero;padel_namespace;authentic_gate,no,Hero registered in catalog/soft-goods media registry.
prod-kuikma-antislip,grips,brand-kuikma,kuikma,Antislip,current,white/yellow; Decathlon NL listings,padel|grips|kuikma|antislip|current|white-yellow-decathlon-nl-listings,current,draft,,,MEDIA_MISSING,,,0,,no,Researched: no_safe_distinct_image. No authentic registered hero. Product remains draft via media publish gate. Research hints: https://www.decathlon.nl | https://padelracketnation.nl/producten/overgrip-adce
prod-kuikma-overgrip-pro-adherence,grips,brand-kuikma,kuikma,Overgrip Pro / Adherence,current,white/yellow; ~0.6–0.65 mm perforated PU; Decathlon packs,padel|grips|kuikma|overgrip-pro-adherence|current|white-yellow-0-6-0-65-mm-perforated-pu-decathlon-packs,current,draft,,,MEDIA_MISSING,,https://contents.mediadecathlon.com/p3034884/k$930bf149a819c5326e40a5a1e8333d64/padel-overgrip-pro-kuikma-8981669.jpg,89,,no,REJECTED — shared-hero_collision. No authentic registered hero; stays draft via media publish gate. Research hints: https://www.decathlon.com | https://www.decathlon.sg/p/padel-overgrip-pro-kuikma-8981669.html|https://padel.how/equipment/overgrip/kuikma-padel-adherence-overgrip-review/|https://padelracketnation.nl/producten/overgrip-adce
prod-nox-custom-grip,grips,brand-nox,nox,Custom Grip,current,handle relief sleeve; replaces base grip,padel|grips|nox|custom-grip|current|handle-relief-sleeve-replaces-base-grip,current,published,/images/padel/grips/nox-custom-grip-hero.jpg,og:image · nox Custom Grip,MEDIA_VERIFIED,,,95,registered_hero;padel_namespace;authentic_gate,no,Hero registered in catalog/soft-goods media registry.
prod-nox-luxury-pro,grips,brand-nox,nox,Luxury Pro,current,3-pack; all-round,padel|grips|nox|luxury-pro|current|3-pack-all-round,current,draft,,,MEDIA_MISSING,,https://image-optimizer.salessquad.co.uk/images/json-ld/29685b9a0af4c153828b779bfd4d56d0.png,59,,no,REJECTED — reresearch_failed_shared-hero hash collision for prod-nox-luxury-pro: same bytes as /images/padel/accessories/babolat-babolat-protector-he. No authentic registered hero; stays draft via media publish gate. Research hints: https://noxsport.com | https://padeli.com/best-padel-grips-overgrips-2026/
prod-nox-h-dri,grips,brand-nox,nox,H-Dri,current,packs collapsed,padel|grips|nox|h-dri|current|packs-collapsed,current,draft,,,MEDIA_MISSING,,https://padelmad.co.uk/wp-content/uploads/2026/02/best-padel-grips-sweaty-hands-2026.jpg,44,,no,REJECTED — logo_or_banner_url. No authentic registered hero; stays draft via media publish gate. Research hints: https://padelmad.co.uk/equipment/accessories/best-padel-grips-sweaty-hands-2026/ | https://padelmad.co.uk/equipment/accessories/best-padel-grips-sweaty-hands-2026/
prod-shockout-shockout-overgrip,grips,brand-shockout,shockout,ShockOut Overgrip,current,multicolor perforated; x1 and x12 bags,padel|grips|shockout|shockout-overgrip|current|multicolor-perforated-x1-and-x12-bags,current,published,/images/padel/grips/shockout-shockout-overgrip-hero.jpg,padelmq-suggest · shockout ShockOut Overgrip,MEDIA_VERIFIED,,,95,registered_hero;padel_namespace;authentic_gate,no,Hero registered in catalog/soft-goods media registry.
prod-shockout-100-0062-combo,grips,brand-shockout,shockout,100-0062 Combo,current,protector tape + random-color overgrip blister,padel|grips|shockout|100-0062-combo|current|protector-tape-random-color-overgrip-blister,current,draft,,,MEDIA_MISSING,,,0,,no,Researched: no_safe_distinct_image. No authentic registered hero. Product remains draft via media publish gate. Research hints: https://www.shockout.es | https://www.time2padel.com/en/padel-accessories/25826-protection-tape-and-overgrip-shockout-100-0062-shockout-padel-765066747190.html
prod-shockout-shockout,grips,brand-shockout,shockout,ShockOut,current,,padel|grips|shockout|shockout|current,current,draft,,,MEDIA_MISSING,,https://cdn.shopify.com/s/files/1/0881/5132/7069/files/protector-shockout-comic.jpg?v=1777626568,99,,no,REJECTED — shared-hero_collision. No authentic registered hero; stays draft via media publish gate. Research hints: https://shockoutpadel.com
prod-siux-elite,grips,brand-siux,siux,Elite,current,black smooth; 3-pack PU+PET,padel|grips|siux|elite|current|black-smooth-3-pack-pu-pet,current,published,/images/padel/grips/siux-elite-hero.jpg,padelmq-suggest · siux Elite,MEDIA_VERIFIED,,,95,registered_hero;padel_namespace;authentic_gate,no,Hero registered in catalog/soft-goods media registry.
prod-siux-elite-overgrip,grips,brand-siux,siux,Elite Overgrip,current,,padel|grips|siux|elite-overgrip|current,current,published,/images/padel/grips/siux-elite-overgrip-hero.jpg,padelmq-suggest · siux Elite Overgrip,MEDIA_VERIFIED,,,95,registered_hero;padel_namespace;authentic_gate,no,Hero registered in catalog/soft-goods media registry.
prod-starvie-premier-soft,grips,brand-starvie,starvie,Premier Soft,current,,padel|grips|starvie|premier-soft|current,current,published,/images/padel/grips/starvie-premier-soft-hero.jpg,padelmq-suggest · starvie Premier Soft,MEDIA_VERIFIED,,,95,registered_hero;padel_namespace;authentic_gate,no,Hero registered in catalog/soft-goods media registry.
prod-starvie-tacky-touch,grips,brand-starvie,starvie,Tacky Touch,current,white/black smooth tacky; 3-pack and box-25,padel|grips|starvie|tacky-touch|current|white-black-smooth-tacky-3-pack-and-box-25,current,draft,,,MEDIA_MISSING,,https://cdn.shopify.com/s/files/1/0608/2376/5229/files/OVERGRIP25UNITS.MAIN_Comprimido_Comprimido_Comprimido.webp?v=1763397979,99,,no,REJECTED — shared-hero_collision. No authentic registered hero; stays draft via media publish gate. Research hints: https://www.starvie.com | https://www.padelkiwi.com/en-lt/products/starvie-overgrips-tacky-touch-box-25|https://www.tradeinn.com/smashinn/en/star-vie-tacky-touch-padel-overgrip-25-units/142482937/p
prod-tecnifibre-contact-pro,grips,brand-tecnifibre-padel,tecnifibre,Contact Pro,current,tacky durable alternative,padel|grips|tecnifibre|contact-pro|current|tacky-durable-alternative,current,published,/images/padel/grips/tecnifibre-contact-pro-hero.jpg,padelmq-suggest · tecnifibre Contact Pro,MEDIA_VERIFIED,,,95,registered_hero;padel_namespace;authentic_gate,no,Hero registered in catalog/soft-goods media registry.
prod-tecnifibre-players-pro-feel,grips,brand-tecnifibre-padel,tecnifibre,Players Pro Feel,current,white/lime/yellow; 0.60 mm Hydrocell; 3-pack and 30-pack,padel|grips|tecnifibre|players-pro-feel|current|white-lime-yellow-0-60-mm-hydrocell-3-pack-and-30-pack,current,published,/images/padel/grips/tecnifibre-players-pro-feel-hero.jpg,og:image · tecnifibre Players Pro Feel,MEDIA_VERIFIED,,,95,registered_hero;padel_namespace;authentic_gate,no,Hero registered in catalog/soft-goods media registry.
prod-tecnifibre-pro-contact,grips,brand-tecnifibre-padel,tecnifibre,Pro Contact,current,,padel|grips|tecnifibre|pro-contact|current,current,draft,,,MEDIA_MISSING,,,0,,no,Researched: no_safe_distinct_image. No authentic registered hero. Product remains draft via media publish gate.
prod-tourna-tourna-grip-ii,grips,brand-tourna,tourna,Tourna Grip II,current,tacky Tourna fork,padel|grips|tourna|tourna-grip-ii|current|tacky-tourna-fork,current,draft,,,MEDIA_MISSING,,https://cdn.shopify.com/s/files/1/0881/5132/7069/files/hesacore-carbon5.jpg?v=1724578994,99,,no,REJECTED — shared-hero_collision. No authentic registered hero; stays draft via media publish gate. Research hints: https://www.unique.com | https://www.padelwarehouse.com/
prod-tourna-tourna-grip-original-xl,grips,brand-tourna,tourna,Tourna Grip Original XL,current,blue dry; XL 99×29 mm preferred for padel; 3/10/30 packs,padel|grips|tourna|tourna-grip-original-xl|current|blue-dry-xl-99-29-mm-preferred-for-padel-3-10-30-packs,current,published,/images/padel/grips/tourna-tourna-grip-original-xl-hero.jpg,padelmq-suggest · tourna Tourna Grip Original XL,MEDIA_VERIFIED,,,95,registered_hero;padel_namespace;authentic_gate,no,Hero registered in catalog/soft-goods media registry.
prod-tourna-grip-xl,grips,brand-tourna,tourna,Grip XL,current,,padel|grips|tourna|grip-xl|current,current,draft,,,MEDIA_MISSING,,https://cdn.shopify.com/s/files/1/0881/5132/7069/files/grip-hesacore-bullpadel-gel-azul-claro-1100x1100.jpg?v=1777053989,99,,no,REJECTED — shared-hero_collision. No authentic registered hero; stays draft via media publish gate. Research hints: https://www.uniquesports.com
prod-tourna-mega-tac,grips,brand-tourna,tourna,Mega Tac,current,,padel|grips|tourna|mega-tac|current,current,published,/images/padel/grips/tourna-mega-tac-hero.jpg,padelmq-suggest · tourna Mega Tac,MEDIA_VERIFIED,,,95,registered_hero;padel_namespace;authentic_gate,no,Hero registered in catalog/soft-goods media registry.
prod-wilson-wilson-replacement-grip,grips,brand-wilson-padel,wilson,Wilson Replacement Grip,current,1 unit base grips used under padel overgrips,padel|grips|wilson|wilson-replacement-grip|current|1-unit-base-grips-used-under-padel-overgrips,current,published,/images/padel/grips/wilson-wilson-replacement-grip-hero.jpg,padelmq-suggest · wilson Wilson Replacement Grip,MEDIA_VERIFIED,,,95,registered_hero;padel_namespace;authentic_gate,no,Hero registered in catalog/soft-goods media registry.
prod-wilson-pro-overgrip-perforated,grips,brand-wilson-padel,wilson,Pro Overgrip Perforated,current,white/black; micro-perforated; 3-pack (+ bulk),padel|grips|wilson|pro-overgrip-perforated|current|white-black-micro-perforated-3-pack-bulk,current,draft,,,MEDIA_MISSING,,https://cdn.shopify.com/s/files/1/0881/5132/7069/files/three-perforated-grip-tape-rolls-side-by-side.png?v=1770744098,99,,no,REJECTED — shared-hero_collision. No authentic registered hero; stays draft via media publish gate. Research hints: https://www.wilson.com | https://padelmad.co.uk/equipment/accessories/best-padel-grips-sweaty-hands-2026/
prod-wilson-profile-padel,grips,brand-wilson-padel,wilson,Profile Padel,current,black/white; 3-pack; textured tread,padel|grips|wilson|profile-padel|current|black-white-3-pack-textured-tread,current,published,/images/padel/grips/wilson-profile-padel-hero.jpg,og:image · wilson Profile Padel,MEDIA_VERIFIED,,,95,registered_hero;padel_namespace;authentic_gate,no,Hero registered in catalog/soft-goods media registry.
prod-yonex-super-grap,grips,brand-yonex-padel,yonex,Super Grap,current,many colors; 3-pack (+12/30),padel|grips|yonex|super-grap|current|many-colors-3-pack-12-30,current,published,/images/padel/grips/yonex-super-grap-hero.jpg,Yonex Super Grap overgrip (Tennis Warehouse Europe),MEDIA_VERIFIED,,,95,registered_hero;padel_namespace;authentic_gate,no,Hero registered in catalog/soft-goods media registry.
prod-kuikma-insulated-backpack-pro-40-l,bags,brand-kuikma,kuikma,Insulated Backpack Pro 40 L,current,,padel|bags|kuikma|insulated-backpack-pro-40-l|current,current,draft,,,MEDIA_MISSING,,http://www.decathlon.com/cdn/shop/files/DECATHLON_logo_lockup_stacked_blue_rgb_---_Expires_on_31-12-2100.jpg?v=1744260897,0,,no,REJECTED — low_score_0_logo_or_junk. No authentic registered hero; stays draft via media publish gate. Research hints: https://www.decathlon.com | https://www.decathlon.com
prod-adidas-weekend-bag-martita-ortega-2026,bags,brand-adidas-padel,adidas,Weekend Bag Martita Ortega 2026,2026,,padel|bags|adidas|weekend-bag-martita-ortega-2026|2026,current,published,/images/padel/bags/adidas-weekend-bag-martita-ortega-2026-hero.jpg,padelmq-suggest · adidas Weekend Bag Martita Ortega 2026,MEDIA_VERIFIED,,,95,registered_hero;padel_namespace;authentic_gate,no,Hero registered in catalog/soft-goods media registry.
prod-adidas-accessory-pouch-2026,accessories,brand-adidas-padel,adidas,Accessory Pouch 2026,2026,,padel|accessories|adidas|accessory-pouch-2026|2026,current,published,/images/padel/accessories/adidas-accessory-pouch-2026-hero.jpg,og:image · adidas Accessory Pouch 2026,MEDIA_VERIFIED,,,95,registered_hero;padel_namespace;authentic_gate,no,Hero registered in catalog/soft-goods media registry.
prod-adidas-shoe-bag-ale-gal-n,accessories,brand-adidas-padel,adidas,Shoe Bag Ale Galán,2026,,padel|accessories|adidas|shoe-bag-ale-gal-n|2026,current,published,/images/padel/accessories/adidas-shoe-bag-ale-gal-n-hero.jpg,padelmq-suggest · adidas Shoe Bag Ale Galán,MEDIA_VERIFIED,,,95,registered_hero;padel_namespace;authentic_gate,no,Hero registered in catalog/soft-goods media registry.
prod-dunlop-elite-thermo,bags,brand-dunlop-padel,dunlop,Elite Thermo,current,,padel|bags|dunlop|elite-thermo|current,current,draft,,,MEDIA_MISSING,,,0,,no,Researched: no_safe_distinct_image. No authentic registered hero. Product remains draft via media publish gate. Research hints: https://www.dunlopsports.com | https://www.dunlopsports.com
prod-dunlop-tour-pro,grips,brand-dunlop-padel,dunlop,Tour Pro,current,,padel|grips|dunlop|tour-pro|current,current,draft,,,MEDIA_MISSING,,https://cdn.shopify.com/s/files/1/0881/5132/7069/files/dunlop-pro-padel-ball-tube..jpg?v=1759690183,99,,no,REJECTED — shared-hero_collision. No authentic registered hero; stays draft via media publish gate. Research hints: https://www.dunlopsports.com
prod-dunlop-tour-dry,grips,brand-dunlop-padel,dunlop,Tour Dry,current,,padel|grips|dunlop|tour-dry|current,current,published,/images/padel/grips/dunlop-tour-dry-hero.jpg,padelmq-suggest · dunlop Tour Dry,MEDIA_VERIFIED,,,95,registered_hero;padel_namespace;authentic_gate,no,Hero registered in catalog/soft-goods media registry.
prod-dunlop-protection-tape,accessories,brand-dunlop-padel,dunlop,Protection Tape,current,,padel|accessories|dunlop|protection-tape|current,current,draft,,,MEDIA_MISSING,,https://cdn.shopify.com/s/files/1/0881/5132/7069/files/image_e14ec456-c943-41ae-9e6e-225264593abe.png?v=1770913476,99,,no,REJECTED — shared-hero_collision. No authentic registered hero; stays draft via media publish gate. Research hints: https://www.dunlopsports.com
prod-joma-vero-virseda-2026,bags,brand-joma,joma,Vero Virseda 2026,2026,,padel|bags|joma|vero-virseda-2026|2026,current,draft,,,MEDIA_MISSING,,http://padelproshop.com/cdn/shop/files/Diseno_sin_titulo_4_b852f3e1-f640-49e7-a950-26f04a879663.png?v=1767778111,44,,no,REJECTED — low_score_44. No authentic registered hero; stays draft via media publish gate. Research hints: https://www.joma-sport.com | https://www.padelproshop.com
prod-babolat-rh-perf-padel,bags,brand-babolat-padel,babolat,RH Perf Padel,current,52 L,padel|bags|babolat|rh-perf-padel|current|52-l,current,draft,,,MEDIA_MISSING,,https://cdn.shopify.com/s/files/1/0881/5132/7069/files/Babolat-Padelbal-court-tube-padeLMQ-1.jpg?v=1731854351,99,,no,REJECTED — shared-hero_collision. No authentic registered hero; stays draft via media publish gate. Research hints: https://www.babolat.com/us/padel/bags.html
prod-bullpadel-gb-1201-perforated,grips,brand-bullpadel,bullpadel,GB-1201 Perforated,current,,padel|grips|bullpadel|gb-1201-perforated|current,current,published,/images/padel/grips/bullpadel-gb-1201-perforated-hero.jpg,padelmq-suggest · bullpadel GB-1201 Perforated,MEDIA_VERIFIED,,,95,registered_hero;padel_namespace;authentic_gate,no,Hero registered in catalog/soft-goods media registry.
prod-bullpadel-gb-1202-fixogrip-pro,grips,brand-bullpadel,bullpadel,GB-1202 FixoGrip Pro,current,,padel|grips|bullpadel|gb-1202-fixogrip-pro|current,current,draft,,,MEDIA_MISSING,,,0,,no,Researched: no_safe_distinct_image. No authentic registered hero. Product remains draft via media publish gate. Research hints: https://www.bullpadel.com/gb/79-overgrips
prod-bullpadel-gb-1705-sensogrip-pro,grips,brand-bullpadel,bullpadel,GB-1705 SensoGrip Pro,current,,padel|grips|bullpadel|gb-1705-sensogrip-pro|current,current,draft,,,MEDIA_MISSING,,,0,,no,Researched: no_safe_distinct_image. No authentic registered hero. Product remains draft via media publish gate. Research hints: https://www.bullpadel.com/gb/79-overgrips
prod-nox-pro-overgrip-perforated,grips,brand-nox,nox,Pro Overgrip Perforated,current,,padel|grips|nox|pro-overgrip-perforated|current,current,draft,,,MEDIA_MISSING,,http://noxsport.com/cdn/shop/collections/overgrips-para-padel-pickleball-y-beach-tennis-7684915_1200x1200.png?v=1771422971,24,,no,REJECTED — low_score_24_logo_or_junk. No authentic registered hero; stays draft via media publish gate. Research hints: https://noxsport.com/en/collections/overgrips
prod-wilson-profile-padel-overgrip,grips,brand-wilson-padel,wilson,Profile Padel Overgrip,current,,padel|grips|wilson|profile-padel-overgrip|current,current,draft,,,MEDIA_MISSING,,https://www.tradeinn.com/f/13987/139879280/wilson-profile-padel-overgrip.webp,99,,no,REJECTED — shared-hero_collision. No authentic registered hero; stays draft via media publish gate. Research hints: https://www.wilson.com | https://www.tradeinn.com/smashinn/en/wilson-profile-padel-overgrip/139879280/p
prod-oxdog-gold-pro,grips,brand-oxdog,oxdog,Gold Pro,current,3/12/60 packs — collapse packs,padel|grips|oxdog|gold-pro|current|3-12-60-packs-collapse-packs,current,published,/images/padel/grips/oxdog-gold-pro-hero.jpg,retailer-shopify-json · oxdog Gold Pro,MEDIA_VERIFIED,,,95,registered_hero;padel_namespace;authentic_gate,no,Hero registered in catalog/soft-goods media registry.
prod-oxdog-gold-sticky,grips,brand-oxdog,oxdog,Gold Sticky,current,3/12/60 packs — collapse packs,padel|grips|oxdog|gold-sticky|current|3-12-60-packs-collapse-packs,current,published,/images/padel/grips/oxdog-gold-sticky-hero.jpg,retailer-shopify-json · oxdog Gold Sticky,MEDIA_VERIFIED,,,95,registered_hero;padel_namespace;authentic_gate,no,Hero registered in catalog/soft-goods media registry.
prod-oxdog-no1,accessories,brand-oxdog,oxdog,No1,current,transparent/logo; 372×40 mm,padel|accessories|oxdog|no1|current|transparent-logo-372-40-mm,current,draft,,,MEDIA_MISSING,,,0,,no,REJECTED_WRONG_PRODUCT — triage download failed visual identity check; hero revoked. Needs manufacturer PDP packshot. Research hints: https://oxdogpadel.com/en-int/products/protector-transparente-372x40mm | https://www.oxdog.net/en/articles/2.37.111/no1-frame-protector
prod-black-crown-plus,bags,brand-black-crown,black-crown,Plus,2026,grey/orange / black colorways,padel|bags|black-crown|plus|2026|grey-orange-black-colorways,current,published,/images/padel/bags/black-crown-plus-hero.jpg,retailer-shopify-json · black-crown Plus,MEDIA_VERIFIED,,,95,registered_hero;padel_namespace;authentic_gate,yes,Hero registered in catalog/soft-goods media registry.
prod-lok-one-gen-2,bags,brand-lok,lok,One Gen 2,2026,35 L compact asymmetrical,padel|bags|lok|one-gen-2|2026|35-l-compact-asymmetrical,current,published,/images/padel/bags/lok-one-gen-2-hero.jpg,og:image · lok One Gen 2,MEDIA_VERIFIED,,,95,registered_hero;padel_namespace;authentic_gate,no,Hero registered in catalog/soft-goods media registry.
prod-lok-accessory-bag-gen-2,bags,brand-lok,lok,Accessory Bag Gen 2,2026,4 L toiletry/accessory pouch,padel|bags|lok|accessory-bag-gen-2|2026|4-l-toiletry-accessory-pouch,current,published,/images/padel/bags/lok-accessory-bag-gen-2-hero.jpg,og:image · lok Accessory Bag Gen 2,MEDIA_VERIFIED,,,95,registered_hero;padel_namespace;authentic_gate,no,Hero registered in catalog/soft-goods media registry.
prod-sane-nitro,balls,brand-sane,sane,Nitro,current,2-ball and 3-ball tubes — collapse pack formats,padel|balls|sane|nitro|current|2-ball-and-3-ball-tubes-collapse-pack-formats,current,draft,,,MEDIA_MISSING,,http://padelsane.com/cdn/shop/files/SANE_aligned_black_b78bd445-7da9-40ac-bd20-e66bcebc0a2d.png?v=1750690092,9,,no,REJECTED — low_score_9_logo_or_junk. No authentic registered hero; stays draft via media publish gate. Research hints: https://padelsane.com/en/collections/balls | https://padelsane.com/en/collections/balls
prod-sane-core,balls,brand-sane,sane,Core,current,3-ball tube (+24-tube boxes),padel|balls|sane|core|current|3-ball-tube-24-tube-boxes,current,published,/images/padel/balls/sane-core-hero.jpg,padelmq-suggest · sane Core,MEDIA_VERIFIED,,,95,registered_hero;padel_namespace;authentic_gate,no,Hero registered in catalog/soft-goods media registry.
prod-sane-spin-premium,balls,brand-sane,sane,Spin Premium,current,3-ball tube,padel|balls|sane|spin-premium|current|3-ball-tube,current,draft,,,MEDIA_MISSING,,http://padelsane.com/cdn/shop/files/SANE_aligned_black_b78bd445-7da9-40ac-bd20-e66bcebc0a2d.png?v=1750690092,9,,no,REJECTED — low_score_9_logo_or_junk. No authentic registered hero; stays draft via media publish gate. Research hints: https://padelsane.com/en/collections/balls | https://padelsane.com/en/collections/balls
prod-sane-feel,grips,brand-sane,sane,Feel+,current,smooth or perforated; 12/45 packs — collapse packs/finish as variants if same family,padel|grips|sane|feel|current|smooth-or-perforated-12-45-packs-collapse-packs-finish-as-variants-if-same-family,current,draft,,,MEDIA_MISSING,,http://padelsane.com/cdn/shop/files/SANE_aligned_black_b78bd445-7da9-40ac-bd20-e66bcebc0a2d.png?v=1750690092,59,,no,REJECTED — reresearch_no_safe_hero_best_59. No authentic registered hero; stays draft via media publish gate. Research hints: https://padelsane.com | https://www.sanestore.it/51-accessori-padel
prod-sane-pro-elegance,bags,brand-sane,sane,Pro Elegance,current,beige and colorways,padel|bags|sane|pro-elegance|current|beige-and-colorways,current,draft,,,MEDIA_MISSING,,http://padelsane.com/cdn/shop/files/SANE_aligned_black_b78bd445-7da9-40ac-bd20-e66bcebc0a2d.png?v=1750690092,59,,no,REJECTED — reresearch_no_safe_hero_best_59. No authentic registered hero; stays draft via media publish gate. Research hints: https://padelsane.com | https://www.sanestore.it/51-accessori-padel
prod-sane-pro-sport,bags,brand-sane,sane,Pro Sport,current,white,padel|bags|sane|pro-sport|current|white,current,draft,,,MEDIA_MISSING,,http://padelsane.com/cdn/shop/files/SANE_aligned_black_b78bd445-7da9-40ac-bd20-e66bcebc0a2d.png?v=1750690092,59,,no,REJECTED — reresearch_no_safe_hero_best_59. No authentic registered hero; stays draft via media publish gate. Research hints: https://padelsane.com | https://www.sanestore.it/51-accessori-padel
prod-sane-everyday,bags,brand-sane,sane,Everyday,current,green/beige/ruby colorways,padel|bags|sane|everyday|current|green-beige-ruby-colorways,current,draft,,,MEDIA_MISSING,,http://padelsane.com/cdn/shop/files/SANE_aligned_black_b78bd445-7da9-40ac-bd20-e66bcebc0a2d.png?v=1750690092,59,,no,REJECTED — reresearch_no_safe_hero_best_59. No authentic registered hero; stays draft via media publish gate. Research hints: https://padelsane.com | https://www.sanestore.it/51-accessori-padel|https://padelsane.com/en/collections/ofertas
prod-volt-volt-padelbag,bags,brand-volt-padel,volt,Volt Padelbag,current,~50 L; black; thermo + shoe,padel|bags|volt|volt-padelbag|current|50-l-black-thermo-shoe,current,published,/images/padel/bags/volt-volt-padelbag-hero.jpg,retailer-shopify-json · volt Volt Padelbag,MEDIA_VERIFIED,,,95,registered_hero;padel_namespace;authentic_gate,no,Hero registered in catalog/soft-goods media registry.
prod-volt-volt-premium,grips,brand-volt-padel,volt,Volt Premium,current,white 3-pack class,padel|grips|volt|volt-premium|current|white-3-pack-class,current,published,/images/padel/grips/volt-volt-premium-hero.jpg,og:image · volt Volt Premium,MEDIA_VERIFIED,,,95,registered_hero;padel_namespace;authentic_gate,no,Hero registered in catalog/soft-goods media registry.
prod-osaka-sports-padel-bag,bags,brand-osaka-padel,osaka,Sports Padel Bag,current,colorways incl. Transformative Teal,padel|bags|osaka|sports-padel-bag|current|colorways-incl-transformative-teal,current,published,/images/padel/bags/osaka-sports-padel-bag-hero.jpg,padelmq-suggest · osaka Sports Padel Bag,MEDIA_VERIFIED,,,95,registered_hero;padel_namespace;authentic_gate,no,Hero registered in catalog/soft-goods media registry.
prod-osaka-sports-backpack,bags,brand-osaka-padel,osaka,Sports Backpack,current,Electric Fuchsia / Iconic Black etc.,padel|bags|osaka|sports-backpack|current|electric-fuchsia-iconic-black-etc,current,published,/images/padel/bags/osaka-sports-backpack-hero.jpg,padelmq-suggest · osaka Sports Backpack,MEDIA_VERIFIED,,,95,registered_hero;padel_namespace;authentic_gate,no,Hero registered in catalog/soft-goods media registry.
prod-osaka-pro-tour-duffel,bags,brand-osaka-padel,osaka,Pro Tour Duffel,current,Navy Peony,padel|bags|osaka|pro-tour-duffel|current|navy-peony,current,draft,,,MEDIA_MISSING,,https://cdn.shopify.com/s/files/1/0881/5132/7069/files/head-coello-pro-x-duffle-padeltas-2026.1.jpg?v=1773207524,99,,no,REJECTED — shared-hero_collision. No authentic registered hero; stays draft via media publish gate. Research hints: https://osakaworld.com | https://osakaworld.com/collections/padel
prod-osaka-osaka-overgrip,grips,brand-osaka-padel,osaka,Osaka Overgrip,current,white/black,padel|grips|osaka|osaka-overgrip|current|white-black,current,published,/images/padel/grips/osaka-osaka-overgrip-hero.jpg,padelmq-suggest · osaka Osaka Overgrip,MEDIA_VERIFIED,,,95,registered_hero;padel_namespace;authentic_gate,no,Hero registered in catalog/soft-goods media registry.
prod-royal-padel-royal-overgrip,grips,brand-royal-padel,royal,Royal Overgrip,current,black/white; reel-60 and Cube packs,padel|grips|royal|royal-overgrip|current|black-white-reel-60-and-cube-packs,current,published,/images/padel/grips/royal-padel-royal-overgrip-hero.jpg,og:image · royal Royal Overgrip,MEDIA_VERIFIED,,,95,registered_hero;padel_namespace;authentic_gate,no,Hero registered in catalog/soft-goods media registry.
prod-rs-pro-padel-bag,bags,brand-rs-padel,rs,Pro Padel Bag,current,dark/white contrast colorways,padel|bags|rs|pro-padel-bag|current|dark-white-contrast-colorways,current,draft,,,MEDIA_MISSING,,http://rs-sports.com/cdn/shop/files/1200x628_Shopify.jpg?v=1692196668,9,,no,REJECTED — low_score_9_logo_or_junk. No authentic registered hero; stays draft via media publish gate. Research hints: https://rs-sports.com/en-us/collections/padel | https://www.padelnuestro.com/int/padel-bags/rs-padel|https://rs-sports.com/en-us/collections/padel
prod-rs-pro-tour-overgrip,grips,brand-rs-padel,rs,Pro Tour Overgrip,current,3-pack,padel|grips|rs|pro-tour-overgrip|current|3-pack,current,draft,,,MEDIA_MISSING,,http://rs-sports.com/cdn/shop/files/1200x628_Shopify.jpg?v=1692196668,9,,no,REJECTED — low_score_9_logo_or_junk. No authentic registered hero; stays draft via media publish gate. Research hints: https://rs-sports.com/en-us/collections/padel | https://rs-sports.com/en-us/collections/padel|https://www.padelnuestro.com/int/padel-accessories/rs-padel
prod-bounce-filtertech-padel,accessories,brand-bounce-tube,bounce-tube,FilterTech Padel,current,integrated pump; 4-ball; ~24 PSI; ≥3 weeks airtight,padel|accessories|bounce-tube|filtertech-padel|current|integrated-pump-4-ball-24-psi-3-weeks-airtight,current,published,/images/padel/accessories/bounce-filtertech-padel-hero.jpg,retailer-shopify-json · bounce-tube FilterTech Padel,MEDIA_VERIFIED,,,95,registered_hero;padel_namespace;authentic_gate,no,Hero registered in catalog/soft-goods media registry.
prod-4on-totalgrip-paste,accessories,brand-4on,4on,TotalGrip Paste,current,50 ml paste,padel|accessories|4on|totalgrip-paste|current|50-ml-paste,current,published,/images/padel/accessories/4on-totalgrip-paste-hero.jpg,og:image · 4on TotalGrip Paste,MEDIA_VERIFIED,,,95,registered_hero;padel_namespace;authentic_gate,no,Hero registered in catalog/soft-goods media registry.
prod-4on-totaldry,accessories,brand-4on,4on,TotalDry,current,50 ml antiperspirant spray,padel|accessories|4on|totaldry|current|50-ml-antiperspirant-spray,current,draft,,,MEDIA_MISSING,,https://cdn.shopify.com/s/files/1/0881/5132/7069/files/4OnTotalGripSprayPadeLMQ1.jpg?v=1771078673,99,,no,REJECTED — shared-hero_collision. No authentic registered hero; stays draft via media publish gate. Research hints: https://www.4on.store/products | https://www.4on.store/products
prod-4on-swiftgrip,grips,brand-4on,4on,SwiftGrip,current,handgrip accessory,padel|grips|4on|swiftgrip|current|handgrip-accessory,current,published,/images/padel/grips/4on-swiftgrip-hero.jpg,padelmq-suggest · 4on SwiftGrip,MEDIA_VERIFIED,,,95,registered_hero;padel_namespace;authentic_gate,no,Hero registered in catalog/soft-goods media registry.
prod-4on-premium-comfort,grips,brand-4on,4on,Premium Comfort,current,white/black; 3/12/60 packs,padel|grips|4on|premium-comfort|current|white-black-3-12-60-packs,current,draft,,,MEDIA_MISSING,,https://cdn.shopify.com/s/files/1/0881/5132/7069/files/4OnTotalGripSprayPadeLMQ1.jpg?v=1771078673,99,,no,REJECTED — shared-hero_collision. No authentic registered hero; stays draft via media publish gate. Research hints: https://www.4on.store/products | https://www.4on.store/products
prod-4on-pro-t1,balls,brand-4on,4on,Pro T1,current,3-ball tube (+24 boxes),padel|balls|4on|pro-t1|current|3-ball-tube-24-boxes,current,published,/images/padel/balls/4on-pro-t1-hero.jpg,padelmq-suggest · 4on Pro T1,MEDIA_VERIFIED,,,95,registered_hero;padel_namespace;authentic_gate,no,Hero registered in catalog/soft-goods media registry.
prod-shockout-dual-pro,grips,brand-shockout,shockout,Dual Pro,current,undergrip + overgrip kit; colorways,padel|grips|shockout|dual-pro|current|undergrip-overgrip-kit-colorways,current,draft,,,MEDIA_MISSING,,https://cdn.shopify.com/s/files/1/0881/5132/7069/files/protector-shockout-comic.jpg?v=1777626568,99,,no,REJECTED — shared-hero_collision. No authentic registered hero; stays draft via media publish gate. Research hints: https://www.shockout.es | https://padelmarket.com/en/collections/brands-shockout
prod-shockout-shockout-perforated,grips,brand-shockout,shockout,ShockOut Perforated,current,white/multicolour; 12-packs,padel|grips|shockout|shockout-perforated|current|white-multicolour-12-packs,current,draft,,,MEDIA_MISSING,,https://cdn.shopify.com/s/files/1/0881/5132/7069/files/protector-shockout-comic.jpg?v=1777626568,99,,no,REJECTED — shared-hero_collision. No authentic registered hero; stays draft via media publish gate. Research hints: https://www.shockout.es | https://padelmarket.com/en-worldwide/collections/accessories-shockout
prod-tourna-tourna-tac-xl,grips,brand-tourna,tourna,Tourna Tac XL,current,tacky XL; black/colors; 3-pack,padel|grips|tourna|tourna-tac-xl|current|tacky-xl-black-colors-3-pack,current,draft,,,MEDIA_MISSING,,https://cdn.shopify.com/s/files/1/0881/5132/7069/files/pala-joma-tournament-pro-iconic-negro-rojo.jpg?v=1774644297,99,,no,REJECTED — shared-hero_collision. No authentic registered hero; stays draft via media publish gate. Research hints: https://www.tourna.com | https://www.totalpadel.com/Tourna_Tac_XL_Overgrip_Black/descpageUNIQUE-TTOG3BK-EN.html
prod-tourna-tourna-tuff,grips,brand-tourna,tourna,Tourna Tuff,current,dry absorbent; 3-pack,padel|grips|tourna|tourna-tuff|current|dry-absorbent-3-pack,current,draft,,,MEDIA_MISSING,,http://www.tourna.com/cdn/shop/files/Tourna-logo_png.png?height=628&pad_color=ffffff&v=1747668807&width=1200,32,,no,REJECTED — low_score_32_logo_or_junk. No authentic registered hero; stays draft via media publish gate. Research hints: https://www.tourna.com | https://www.tourna.com/products/
prod-sane-core-overgrip,grips,brand-sane,sane,Core Overgrip,current,smooth/perforated pack sizes collapsed,padel|grips|sane|core-overgrip|current|smooth-perforated-pack-sizes-collapsed,current,draft,,,MEDIA_MISSING,,http://padelsane.com/cdn/shop/files/SANE_aligned_black_b78bd445-7da9-40ac-bd20-e66bcebc0a2d.png?v=1750690092,9,,no,REJECTED — low_score_9_logo_or_junk. No authentic registered hero; stays draft via media publish gate. Research hints: https://padelsane.com/en/collections/accesorios-2021 | https://padelsane.com/en/collections/accesorios-2021
prod-noene-anti-shock-grip-padel,grips,brand-noene,noene,Anti Shock Grip Padel,current,~1.6 mm,padel|grips|noene|anti-shock-grip-padel|current|1-6-mm,current,published,/images/padel/grips/noene-anti-shock-grip-padel-hero.jpg,padelmq-suggest · noene Anti Shock Grip Padel,MEDIA_VERIFIED,,,95,registered_hero;padel_namespace;authentic_gate,no,Hero registered in catalog/soft-goods media registry.
prod-noene-undergrip-anti-shock,grips,brand-noene,noene,Undergrip Anti-shock,current,~1 mm undergrip,padel|grips|noene|undergrip-anti-shock|current|1-mm-undergrip,current,published,/images/padel/grips/noene-undergrip-anti-shock-hero.jpg,padelmq-suggest · noene Undergrip Anti-shock,MEDIA_VERIFIED,,,95,registered_hero;padel_namespace;authentic_gate,no,Hero registered in catalog/soft-goods media registry.
prod-head-prime-tour,grips,brand-head-padel,head,Prime Tour,current,packs collapsed,padel|grips|head|prime-tour|current|packs-collapsed,current,published,/images/padel/grips/head-prime-tour-hero.jpg,og:image · head Prime Tour,MEDIA_VERIFIED,,,95,registered_hero;padel_namespace;authentic_gate,no,Hero registered in catalog/soft-goods media registry.
