category,subcategory,brand,product,model,generation,gender,variant,manufacturer_url,manufacturer_status,retailer_urls,NL_available,EU_available,current_status,existing_in_kitletics,kitletics_product_id,evidence,research_status,disposition,disposition_reason
accessories,maintenance,4ON,TotalGrip Spray,TotalGrip,current,unisex,anti-slip grip spray 100–200 ml,https://www.4on.store/products/totalgrip/4on-totalgrip-spray,current,https://www.4on.store/products/totalgrip/4on-totalgrip-spray,yes,yes,CURRENT,no,prod-4on-totalgrip,Also listed under grips as enhancer; accessory maintenance/enhancer classification OK.,verified,CATALOGED_CURRENT,In researched verified/likely inventory and kept in canonical catalog.
accessories,protector,Adidas,Frame Protector / Protection Tape,Adidas Protector,current,unisex,transparent/branded,https://www.adidas.com,current_retail,https://www.padelmq.com/|https://www.time2padel.com/,likely,yes,CURRENT,yes,prod-adidas-adidas-protector,Adidas padel protectors appear on EU specialist shelves — confirm current model code.,likely,CATALOGED_CURRENT,In researched verified/likely inventory and kept in canonical catalog.
accessories,wristband,Adidas,Padel Wristband,Adidas Wristband,current,unisex,branded,https://www.adidas.com,current_retail,https://www.padelnuestro.com/,likely,yes,CURRENT,yes,prod-adidas-adidas-wristband,Adidas padel apparel accessories include wristbands — confirm current model.,likely,CATALOGED_CURRENT,In researched verified/likely inventory and kept in canonical catalog.
accessories,ball_basket,Alacran,Training Ball Basket EasyPick,Alacran Basket,current,unisex,foldable basket + EasyPick,https://www.alacran.es,current_retail,https://www.padelmq.com/,yes,yes,CURRENT,yes,prod-alacran-alacran-basket,PadeLMQ category references Alacran training basket — verify exact model name/stock.,likely,CATALOGED_CURRENT,In researched verified/likely inventory and kept in canonical catalog.
accessories,wristband,Alacran,Wide Wristband,Wide / Ancha,current,unisex,red/white and other colors; 1 piece,https://www.alacran.es,current_retail,https://www.padelmq.com/en/products/alacran-wide-wristband-red-white,yes,yes,CURRENT,no,prod-alacran-wide-ancha,NL PadeLMQ wide sweat wristband — commercially common club accessory.,verified,CATALOGED_CURRENT,In researched verified/likely inventory and kept in canonical catalog.
accessories,other,Babolat / various,Vibration Dampeners,Generic dampeners,current,unisex,button/worm styles,various,current_retail,https://www.totalpadel.com/,yes,yes,UNKNOWN,no,,Category presence; only brand-distinct models needed beyond Smartsorb.,verified,NOT_A_DISTINCT_PRODUCT,Combined multi-brand stub — not a single product identity.
accessories,protector,Babolat,Babolat Frame Protector,Frame Protector,,unisex,,,current,,unknown,yes,UNKNOWN,yes,prod-bullpadel-frame-protector,Investigate Babolat protector SKUs,verified,INSUFFICIENT_EVIDENCE,Major ES specialist Time2Padel protector category shows no Babolat-branded protector SKUs (brand filter absent). No manufacturer padel protector PDP found 2026-09-13.
accessories,protector,Babolat,Frame Protector,Babolat Protector,current,unisex,transparent,https://www.babolat.com,current_retail,https://www.padelnuestro.com/,likely,yes,CURRENT,no,prod-bullpadel-frame-protector-uni,Babolat frame protectors exist in ES specialists; confirm NL listing.,likely,CATALOGED_CURRENT,In researched verified/likely inventory and kept in canonical catalog.
accessories,wristband,Babolat,Wristband,Babolat Wristband,current,unisex,terry,https://www.babolat.com,current_retail,https://www.babolat.com,likely,yes,CURRENT,yes,prod-babolat-babolat-wristband,Babolat wristbands sold into padel retail.,likely,CATALOGED_CURRENT,In researched verified/likely inventory and kept in canonical catalog.
accessories,pressurizer,Ball Rescuer,Ball Rescuer,Ball Rescuer,current,unisex,can-lid adapter + Schrader; uses bicycle pump; 3/4-ball cans,https://www.ballrescuer.com,current,https://bestpadellife.com/the-best-padel-ball-pressurizers-top-3-reviewed-compared/,yes,yes,CURRENT,no,prod-ball-rescuer-ball-rescuer,Budget active adapter reuses ball cans up to ~35 PSI; pump not included.,verified,CATALOGED_CURRENT,In researched verified/likely inventory and kept in canonical catalog.
accessories,pressurizer,Ball Rescuer,Ball Rescuer Premium,Premium,,unisex,,,current,https://www.oudetennisballen.com/gb/pascalbox-tennisballsaver-tuboplus-ball-rescuer-gamma-rivive/64-ball-rescuer-0751446339048.html,yes,yes,CURRENT,no,prod-ball-rescuer-premium,NL retailer; converts HEAD/Dunlop cans to pressurizer,verified,CATALOGED_CURRENT,In researched verified/likely inventory and kept in canonical catalog.
accessories,protector,Black Crown,Vibranium Transparent Protector,Vibranium Transparent,current,unisex,transparent branded,https://blackcrownpadel.com,current_retail,https://www.time2padel.com/,yes,yes,CURRENT,no,prod-black-crown-vibranium-transparent,Black Crown Vibranium transparent protector listed alongside other brand tapes.,verified,CATALOGED_CURRENT,In researched verified/likely inventory and kept in canonical catalog.
accessories,wristband,Black Crown,Wristband,Black Crown Wristband,current,unisex,branded,https://blackcrownpadel.com,current_retail,https://www.padelmq.com/,yes,yes,CURRENT,yes,prod-black-crown-black-crown-wristband,PadeLMQ stocks Black Crown wristbands alongside Alacran.,likely,CATALOGED_CURRENT,In researched verified/likely inventory and kept in canonical catalog.
accessories,pressurizer,Bounce,Bounce Tube Padel X4,Bounce Padel X4,current,unisex,built-in pump; audible click; 4-ball; ~24 PSI padel,https://www.bounce-tube.com,current,https://www.tennispro.nl/bal-pressurizer-stuiter-padel-x4-840175.html|https://actu-padel.com/en/top-3-padel-ball-pressurizers-for-2026-our-ranking/,yes,yes,CURRENT,no,prod-bounce-bounce-padel-x4,NL Tennispro listing €89.95; French-made integrated-pump pressurizer distinct from Pascal Box/HEAD.,verified,CATALOGED_CURRENT,In researched verified/likely inventory and kept in canonical catalog.
accessories,wristband,Bullpadel,BPMU252 / BPMU253 Wristbands,BPMU252 / BPMU253,2025,unisex,papaya grey / sky-shadow blue colorways,https://www.bullpadel.com,current,https://www.zonadepadel.com/bullpadel/13826-wristbands-bullpadel-bpmu253-i-sky-blue-shadow-blue.html,yes,yes,CURRENT,no,prod-bullpadel-bpmu252-bpmu253,2025 Bullpadel wristband models to replace vague Kitletics draft.,verified,CATALOGED_CURRENT,In researched verified/likely inventory and kept in canonical catalog.
accessories,ball_basket,Bullpadel,Bullpadel Ball Basket / Cart,Ball Cart,,unisex,,,current,,unknown,yes,UNKNOWN,no,,Investigate training aids,verified,INSUFFICIENT_EVIDENCE,No authoritative Bullpadel ball basket/cart PDP confirmed in manufacturer training-aid navigation this pass; exclude until SKU/reference verified.
accessories,weight_system,Bullpadel,Bullpadel Custom Weight Protector,Custom Weight,,unisex,,,current,,unknown,yes,CURRENT,yes,prod-bullpadel-custom-weight,Existing customization weight protector,verified,CATALOGED_CURRENT,In researched verified/likely inventory and kept in canonical catalog.
accessories,protector,Bullpadel,Bullpadel Frame Protector,Frame Protector,,unisex,,,current,,unknown,yes,CURRENT,yes,prod-bullpadel-frame-protector,Existing 3-pack protector,verified,CATALOGED_CURRENT,In researched verified/likely inventory and kept in canonical catalog.
accessories,wristband,Bullpadel,Bullpadel Padel Wristband,Wristband,,unisex,,,current,,unknown,yes,CURRENT,yes,prod-bullpadel-wristband,Existing draft,verified,CATALOGED_CURRENT,In researched verified/likely inventory and kept in canonical catalog.
accessories,pressurizer,Bullpadel,Bullpadel Pascal Box Switch 3B,Pascal Box Switch 3B,,unisex,,https://pascalbox.com/,current,https://www.padelnuestro.com/int/padel-accessories/ball-pressurizers,unknown,yes,CURRENT,no,prod-bullpadel-pascal-box-switch-3b,Electric/automatic Switch model — distinct system,verified,CATALOGED_CURRENT,In researched verified/likely inventory and kept in canonical catalog.
accessories,weight_system,Bullpadel,Custom Weight Grip Cap,Custom Weight Grip,current,unisex,handle-end weight cap system,https://www.bullpadel.com,current,https://www.padelnuestro.com/int/box-12-pcs-blister-3-pcs-protector-bullpadel-custom-weight-black-111273-p,yes,yes,CURRENT,no,prod-bullpadel-custom-weight-grip,Handle-side Custom Weight companion to protector plates — distinct accessory.,verified,CATALOGED_CURRENT,In researched verified/likely inventory and kept in canonical catalog.
accessories,protector,Bullpadel,Frame Protector,Frame Protector Uni,current,unisex,black/transparent/white; 1-unit and 3-pack,https://www.bullpadel.com,current,https://www.padelnuestro.com/protector-bullpadel-frame-uni-820-494320-smu,yes,yes,CURRENT,no,prod-bullpadel-frame-protector-uni,Single-unit Frame Protector Uni / Frame Protector TR (EAN 8445402973828). Distinct from prod-bullpadel-frame-protector multi-pack.,verified,CATALOGED_CURRENT,In researched verified/likely inventory and kept in canonical catalog.
accessories,sweatband,Bullpadel,Headband 2025,Bullpadel Headband,2025,unisex,colorways matching BPMU collection,https://www.bullpadel.com,current_retail,https://www.zonadepadel.com/,likely,yes,CURRENT,yes,prod-bullpadel-bullpadel-headband,Bullpadel 2025 apparel accessories include headbands — confirm model codes.,likely,CATALOGED_CURRENT,In researched verified/likely inventory and kept in canonical catalog.
accessories,weight_system,Bullpadel,Metalshield Pro (OEM protector on racket),Metalshield,current,unisex,OEM on Vertex/Hack Pro frames,https://www.bullpadel.com,current,https://www.extreme-tennis.eu/padel-accessories/22424-bullpadel-custom-weight-4-x-3g.html,yes,yes,CURRENT,yes,prod-bullpadel-metalshield,Not a standalone accessory SKU (comes on racket) but enables Custom Weight — document as system context not product row if no aftermarket Metalshield sold alone.,likely,CATALOGED_CURRENT,In researched verified/likely inventory and kept in canonical catalog.
accessories,pressurizer,Bullpadel,Pascal Box 3B,Pascal Box 3B,current,unisex,manual 3-ball + manometer + pump,https://www.bullpadel.com,current,https://www.padelmq.com/en-nl/products/pascal-box-3b,yes,yes,CURRENT,yes,prod-bullpadel-pascal-box,Manual gauge-regulated 3-ball reference. Kitletics seeded.,verified,CATALOGED_CURRENT,In researched verified/likely inventory and kept in canonical catalog.
accessories,pressurizer,Bullpadel,Pascal Box 4B,Pascal Box 4B,current,unisex,manual 4-ball manometer system,https://www.bullpadel.com,current,https://www.zonadepadel.com/blog/2026/05/padel-pressurizers-how-they-work-if-theyre-worth-it-and-which-one-to-buy-in-2026/,yes,yes,CURRENT,no,prod-bullpadel-pascal-box-4b,4-ball capacity sibling to 3B; distinct commercial SKU for multi-can households.,verified,CATALOGED_CURRENT,In researched verified/likely inventory and kept in canonical catalog.
accessories,pressurizer,Bullpadel,Pascal Box PRO,Pascal Box PRO,current,unisex,club/pro automatic (~€950 class),https://www.bullpadel.com,current,https://www.bullpadel.com/gb/6427-pascal-box-switch.html,likely,yes,CURRENT,no,prod-bullpadel-pascal-box-pro,Club/pro tier pressurizer; commercially niche but meaningful for academy segment.,verified,CATALOGED_CURRENT,In researched verified/likely inventory and kept in canonical catalog.
accessories,pressurizer,Bullpadel,Pascal Box SWITCH,Pascal Box SWITCH,current,unisex,electric integrated compressor + battery + USB-C; 3-ball,https://www.bullpadel.com/gb/6427-pascal-box-switch.html,current,https://www.bullpadel.com/gb/6427-pascal-box-switch.html|https://www.zonadepadel.com/blog/2026/05/padel-pressurizers-how-they-work-if-theyre-worth-it-and-which-one-to-buy-in-2026/,yes,yes,CURRENT,no,prod-bullpadel-pascal-box-switch,~€130 automatic Pascal Box; compatible with prior 3B/4B cups. High-priority gap.,verified,CATALOGED_CURRENT,In researched verified/likely inventory and kept in canonical catalog.
accessories,weight_system,Bullpadel,Protector Custom Weight,Custom Weight Protector,current,unisex,black; 3–4 plate blisters (~3 g); Metalshield Pro compatible,https://www.bullpadel.com,current,https://www.padelmq.com/en-nl/products/bullpadel-protector-custom-weight-4-stuks|https://www.extreme-tennis.eu/padel-accessories/22424-bullpadel-custom-weight-4-x-3g.html,yes,yes,CURRENT,no,prod-bullpadel-custom-weight-protector,Weighted protector plates for Vertex/Hack Metalshield Pro (not Flow/Hack Comfort/Elite). Kitletics seeded.,verified,CATALOGED_CURRENT,In researched verified/likely inventory and kept in canonical catalog.
accessories,protector,Enebe,Aerox / Response / Spitfire Protectors,Enebe Protector line,current,unisex,colored PP ~37×3.5 cm; model graphics vary,https://enebepadel.com,current,https://enebepadel.com/en/catalogo/protector-padel-enebe-aerox-azul/|https://enebepadel.com/en/catalogo/protector-padel-enebe-response-oro/,yes,yes,CURRENT,no,prod-enebe-enebe-protector-line,Enebe PP protectors; Aerox/Response/Spitfire are design variants of same protector job — collapse graphics unless distinct materials.,verified,CATALOGED_CURRENT,In researched verified/likely inventory and kept in canonical catalog.
accessories,protector,HEAD,Antishock Skin Padel,Antishock Skin,current,unisex,transparent; ~6 g,https://www.head.com/product/protector-antishock-skin,current,https://www.head.com/product/protector-antishock-skin|https://www.time2padel.com/en/paddle-accessories/31538-head-antishock-skin-padel-288503-head-726423569015.html|https://www.padelmq.com/en-eu/collections/%F0%9F%8E%BE-racket-accessoires,yes,yes,CURRENT,no,prod-head-antishock-skin,Lightweight ~6 g HEAD skin protector; priority protector gap vs Bullpadel/Nox only.,verified,CATALOGED_CURRENT,In researched verified/likely inventory and kept in canonical catalog.
accessories,ball_basket,HEAD,Ball Cart,HEAD Ball Cart,current,unisex,wheeled court cart,https://www.head.com,current,https://www.misterpadel.com/en/padel-accessories/head/,yes,yes,CURRENT,no,prod-head-head-ball-cart,Wheeled ball cart for academies.,verified,CATALOGED_CURRENT,In researched verified/likely inventory and kept in canonical catalog.
accessories,training_aid,HEAD,Court Pro Ball Pick Up Tube,Pick Up Tube,current,unisex,orange/black pickup tube,https://www.head.com,current,https://www.misterpadel.com/en/padel-accessories/head/,yes,yes,CURRENT,no,prod-head-pick-up-tube,Ball collection tube for coaches.,verified,CATALOGED_CURRENT,In researched verified/likely inventory and kept in canonical catalog.
accessories,ball_basket,HEAD,Court x70 Balls Basket,Court Basket 70,current,unisex,black; ~70-ball capacity,https://www.head.com,current,https://www.misterpadel.com/en/padel-accessories/head/,yes,yes,CURRENT,no,prod-head-court-basket-70,Coach/club ball basket staple.,verified,CATALOGED_CURRENT,In researched verified/likely inventory and kept in canonical catalog.
accessories,ball_basket,Head,HEAD Ball Basket,Ball Basket,,unisex,,,current,,unknown,yes,CURRENT,no,prod-head-ball-basket,Club training basket — verify current HEAD SKU,likely,CATALOGED_CURRENT,In researched verified/likely inventory and kept in canonical catalog.
accessories,frame_tape,Head,HEAD Frame Protector Tape,Protector Tape,,unisex,,,current,,unknown,yes,CURRENT,no,prod-head-protector-tape,Common HEAD protection tape SKU,likely,CATALOGED_CURRENT,In researched verified/likely inventory and kept in canonical catalog.
accessories,sweatband,Head,HEAD Padel Headband,Headband,,unisex,,,current,,unknown,yes,CURRENT,no,prod-head-headband,Common padel sweat accessory,likely,CATALOGED_CURRENT,In researched verified/likely inventory and kept in canonical catalog.
accessories,wristband,Head,HEAD Padel Wristband,Wristband,,unisex,,,current,,unknown,yes,CURRENT,yes,prod-head-wristband,Existing draft,verified,CATALOGED_CURRENT,In researched verified/likely inventory and kept in canonical catalog.
accessories,pressurizer,Head,HEAD X100 Basket Ball Pressurizer,X100,,unisex,,,current,https://www.padelnuestro.com/int/padel-accessories/ball-pressurizers,unknown,yes,CURRENT,no,prod-head-x100,Club-scale basket pressurizer,verified,CATALOGED_CURRENT,In researched verified/likely inventory and kept in canonical catalog.
accessories,pressurizer,Head,HEAD X3 Ball Pressurizer,X3,,unisex,,,current,,unknown,yes,CURRENT,yes,prod-head-x3-pressurizer,Existing passive X3 tube,verified,CATALOGED_CURRENT,In researched verified/likely inventory and kept in canonical catalog.
accessories,wristband,HEAD,Logo Wristbands (2.5in / 5in),HEAD Logo Wristband,current,unisex,small 2.5in / big 5in; white/navy colors,https://www.head.com,current,https://www.misterpadel.com/en/padel-accessories/head/,yes,yes,CURRENT,no,prod-head-head-logo-wristband,Concrete HEAD wristband family for vague Kitletics draft.,verified,CATALOGED_CURRENT,In researched verified/likely inventory and kept in canonical catalog.
accessories,training_aid,HEAD,Performance Coaching Kit / Starter Pack,Coaching Kit,current,unisex,cones + poles + targets + lines kit,https://www.head.com,current,https://www.misterpadel.com/en/padel-accessories/head/,yes,yes,CURRENT,no,prod-head-coaching-kit,Bundled coaching kit — may contain multiple training aids; catalog as kit SKU.,verified,CATALOGED_CURRENT,In researched verified/likely inventory and kept in canonical catalog.
accessories,training_aid,HEAD,Performance Dome Cones,Dome Cones,current,unisex,cone sets,https://www.head.com,current,https://www.misterpadel.com/en/padel-accessories/head/,yes,yes,CURRENT,no,prod-head-dome-cones,Court cones for footwork drills.,verified,CATALOGED_CURRENT,In researched verified/likely inventory and kept in canonical catalog.
accessories,sweatband,HEAD,Performance HEADband / Pro Player Tieband,Performance HEADband,current,unisex,multiple colorways; tieband variants,https://www.head.com,current,https://www.misterpadel.com/en/padel-accessories/head/|https://padelmania.com/en/padel-accesaios/13807-head-headband-285080-rd-head-726424939039.html,yes,yes,CURRENT,no,prod-head-performance-headband,Headband/sweatband line distinct from wristbands.,verified,CATALOGED_CURRENT,In researched verified/likely inventory and kept in canonical catalog.
accessories,training_aid,HEAD,Performance Targets,HEAD Targets,current,unisex,court target set (often in coaching kit),https://www.head.com,current,https://www.misterpadel.com/en/padel-accessories/head/,yes,yes,CURRENT,no,prod-head-head-targets,Standalone or kit-included targets for glass/wall drills.,verified,CATALOGED_CURRENT,In researched verified/likely inventory and kept in canonical catalog.
accessories,other,HEAD,Smartsorb,Smartsorb,current,unisex,string-bed vibration dampener,https://www.head.com,current,https://www.totalpadel.com/descpageHEAD-HSZVIB-EN.html,yes,yes,CURRENT,yes,prod-head-smartsorb,Kitletics seeded; comfort preference dampener not protector.,verified,CATALOGED_CURRENT,In researched verified/likely inventory and kept in canonical catalog.
accessories,pressurizer,HEAD,X3 Pump,X3 Pump,current,unisex,manual transparent canister + pump; 3-ball (some listings say up to 4),https://www.head.com,current,https://padelproshop.com/en/products/pressurizer-head-x3-pump|https://www.tradeinn.com/smashinn/en/head-x3-balls-pressurizer---pump/141247900/p,yes,yes,CURRENT,no,prod-head-x3-pump,Kitletics seeded HEAD X3. Active pump recovery up to ~29–34 PSI class.,verified,CATALOGED_CURRENT,In researched verified/likely inventory and kept in canonical catalog.
accessories,pressurizer,HEAD,X4 / X4 Pump,X4 Pump,current,unisex,4-ball; pump and non-pump variants,https://www.head.com,current,https://www.zonadepadel.com/blog/2026/05/padel-pressurizers-how-they-work-if-theyre-worth-it-and-which-one-to-buy-in-2026/|https://actu-padel.com/en/top-3-padel-ball-pressurizers-for-2026-our-ranking/,yes,yes,CURRENT,no,prod-head-x4-pump,4-ball HEAD sibling; verify pump included per listing.,verified,CATALOGED_CURRENT,In researched verified/likely inventory and kept in canonical catalog.
accessories,pressurizer,Kuikma / Decathlon,Ball Pressurizer,Kuikma/Decathlon pressurizer,unclear,unisex,intermittent Decathlon listings,https://www.decathlon.nl,unclear,https://www.decathlon.nl,unknown,likely,UNKNOWN,no,,NL Decathlon pressurizer presence inconsistent; prefer Bounce/Pascal/HEAD/TuboPlus over private-label unless confirmed.,verified,NOT_A_DISTINCT_PRODUCT,Combined multi-brand stub — not a single product identity.
accessories,training_aid,Nox,Ball Collecting Tube,Nox Pickup Tube,current,unisex,~16-ball tube,https://noxsport.com,current_retail,https://noxsport.com/,likely,yes,CURRENT,yes,prod-nox-nox-pickup-tube,Nox ball pickup tube cited in accessory roundups — confirm live PDP.,likely,CATALOGED_CURRENT,In researched verified/likely inventory and kept in canonical catalog.
accessories,protector,Nox,Colored Protection Tape Pack,Nox Color Pack,current,unisex,multi-color blister packs,https://noxsport.com,current_retail,https://www.racketworld.co.uk/products/nox-padel-protector-tape-blue,yes,yes,CURRENT,no,prod-nox-nox-color-pack,Color variants of Nox tape — collapse under transparent/color protector family unless multipack unique.,verified,CATALOGED_CURRENT,In researched verified/likely inventory and kept in canonical catalog.
accessories,protector,Nox,NOX Colored / Texture Protector,Texture Protector,,unisex,,,current,,unknown,yes,CURRENT,no,prod-nox-texture-protector,Investigate NOX branded protector variants,likely,CATALOGED_CURRENT,In researched verified/likely inventory and kept in canonical catalog.
accessories,wristband,Nox,NOX Padel Wristband,Wristband,,unisex,,,current,,unknown,yes,CURRENT,yes,prod-nox-wristband,Existing draft,verified,CATALOGED_CURRENT,In researched verified/likely inventory and kept in canonical catalog.
accessories,protector,Nox,NOX Transparent Frame Protector,Transparent Protector,,unisex,,,current,,unknown,yes,CURRENT,yes,prod-nox-frame-protector,Existing,verified,CATALOGED_CURRENT,In researched verified/likely inventory and kept in canonical catalog.
accessories,protector,Nox,Transparent Frame Protector,Transparent / Protection Tape,current,unisex,transparent + colored (blue etc),https://noxsport.com,current,https://www.padelmq.com/en-nl/products/nox-protection-tape-transparant-framebeschermer|https://www.racketworld.co.uk/products/nox-padel-protector-tape-blue,yes,yes,CURRENT,no,prod-nox-transparent-protection-tape,3M-adhesive style Nox frame tape; Kitletics transparent SKU seeded; colors are variants.,verified,CATALOGED_CURRENT,In researched verified/likely inventory and kept in canonical catalog.
accessories,weight_system,Nox,Weight Balancer,Weight Balancer 2-4g,current,unisex,2 g + 4 g interchangeable; Weight Balance System rackets only,https://noxsport.com,current,https://www.extreme-tennis.eu/padel-accessories/23570-nox-weight-balancer-padel.html|https://www.padelboost.co.uk/products/nox-weight-balancer-2-4g,yes,yes,CURRENT,no,prod-nox-weight-balancer-2-4g,Brand-specific balance weights for AT10 Genius WBS frames; protector-compatible.,verified,CATALOGED_CURRENT,In researched verified/likely inventory and kept in canonical catalog.
accessories,wristband,Nox,Wristband,Nox Wristband,current,unisex,branded terry,https://noxsport.com/en/collections/accessories,current,https://noxsport.com/en/collections/accessories,yes,yes,CURRENT,yes,prod-nox-wristband,Kitletics draft; collection URL only — pick current 2025/26 model code.,likely,CATALOGED_CURRENT,In researched verified/likely inventory and kept in canonical catalog.
accessories,pressurizer,Pascal Box,Pascal Box Compressor,Compressor,,unisex,,https://pascalbox.com/,current,,unknown,yes,CURRENT,no,prod-pascal-box-compressor,Standalone compressor accessory for Pascal Box containers,verified,CATALOGED_CURRENT,In researched verified/likely inventory and kept in canonical catalog.
accessories,pressurizer,Pascal Box,Pascal Box Compressor Pro,Compressor Pro,,unisex,,https://pascalbox.com/,current,,unknown,yes,CURRENT,no,prod-pascal-box-compressor-pro,Pro compressor SKU on Padel Nuestro,verified,CATALOGED_CURRENT,In researched verified/likely inventory and kept in canonical catalog.
accessories,pressurizer,Pressurebox / other,Pressurebox Pro,Pressurebox Pro,current,unisex,automatic electric (PadeLMQ category),https://www.padelmq.com,current_retail,https://www.padelmq.com/en-eu/collections/%F0%9F%8E%BE-racket-accessoires,yes,yes,UNKNOWN,no,,PadeLMQ lists automatic Pressurebox Pro — verify brand/model before seeding (may overlap Pascal Switch class).,verified,NOT_A_DISTINCT_PRODUCT,Combined multi-brand stub — not a single product identity.
accessories,frame_tape,ShockOut / generic,Edge guard rolls,Frame tape rolls,current,unisex,roll formats vs pre-cut protectors,https://www.shockout.es,current_retail,https://www.shockout.es/,yes,yes,UNKNOWN,no,,Roll-format edge tape vs pre-cut protectors — same job different format; prefer pre-cut brand SKUs.,verified,NOT_A_DISTINCT_PRODUCT,Combined multi-brand stub — not a single product identity.
accessories,weight_system,ShockOut,Gravity+,Gravity+,current,unisex,3×3 g lead strips; colors (blue/black/red/transparent),https://www.shockout.es/tienda/gravity/gravity/,current,https://www.shockout.es/tienda/gravity/gravity/,yes,yes,CURRENT,no,prod-shockout-gravity,Universal lead weight tape blister for balance tuning; racket-agnostic.,verified,CATALOGED_CURRENT,In researched verified/likely inventory and kept in canonical catalog.
accessories,protector,ShockOut,Protection Tape (standard),ShockOut Protector,current,unisex,transparent/colored PVC micro-grid,https://www.shockout.es,current,https://www.time2padel.com/en/padel-accessories/25826-protection-tape-and-overgrip-shockout-100-0062-shockout-padel-765066747190.html,yes,yes,CURRENT,no,prod-shockout-shockout-protector,ShockOut PVC protection tape with NT adhesive; also sold in combo with overgrip.,verified,CATALOGED_CURRENT,In researched verified/likely inventory and kept in canonical catalog.
accessories,protector,ShockOut,Protection Tape Padel Balls,Padel Balls design,current,unisex,transparent padel-ball pattern; ~6 g,https://www.shockout.es,current,https://www.padelmq.com/en-eu/products/protection-tape-padel-bal,yes,yes,CURRENT,no,prod-shockout-padel-balls-design,Design variant of ShockOut protector with padel-ball print; NL PadeLMQ stock.,verified,CATALOGED_CURRENT,In researched verified/likely inventory and kept in canonical catalog.
accessories,protector,Siux,Siux Protector,Protector,,unisex,,,current,,unknown,yes,UNKNOWN,no,,Brand protector range,verified,NOT_COMMERCIALLY_MEANINGFUL,Time2Padel protector brand filter lists SIUX 0; no current Siux-branded protector range evidenced. Softtee/StarVie/Nox fill the protector shelf instead.
accessories,protector,Siux,Transparent Protector Black Logo,Siux Logo Transparent,current,unisex,transparent + black logo,https://siuxpadel.com,current,https://www.time2padel.com/en/protectors/7775-protection-tape-transparent-siux-black-logo-siux-8435536711069.html,yes,yes,CURRENT,no,prod-siux-siux-logo-transparent,Siux branded transparent frame tape.,verified,CATALOGED_CURRENT,In researched verified/likely inventory and kept in canonical catalog.
accessories,ball_basket,Softee,Balls Basket,Softee Basket,current,unisex,red training basket,https://www.softee.es,current_retail,https://padelmania.com/,yes,yes,CURRENT,no,prod-softee-softee-basket,Softee red ball basket on Padelmania.,verified,CATALOGED_CURRENT,In researched verified/likely inventory and kept in canonical catalog.
accessories,pressurizer,Softee,Softee Cube Pro,Cube Pro,,unisex,,,current,,unknown,yes,CURRENT,no,prod-softee-cube-pro,Club-scale Cube Pro coming soon on Padel Nuestro,verified,CATALOGED_CURRENT,In researched verified/likely inventory and kept in canonical catalog.
accessories,pressurizer,Softee,Softee Max Tube,Max Tube,,unisex,,,current,,unknown,yes,CURRENT,no,prod-softee-max-tube,Pressure maintainer tube,verified,CATALOGED_CURRENT,In researched verified/likely inventory and kept in canonical catalog.
accessories,pressurizer,Softee,Softee Press Pro X3,Press Pro X3,,unisex,,,current,https://www.padelnuestro.com/int/padel-accessories/ball-pressurizers,unknown,yes,CURRENT,no,prod-softee-press-pro-x3,Softee pressurizer line on ES specialist,verified,CATALOGED_CURRENT,In researched verified/likely inventory and kept in canonical catalog.
accessories,pressurizer,Softee,Softee Press Pro X3 + Pump,Press Pro X3 Pump Bundle,,unisex,,,current,,unknown,yes,CURRENT,no,,Likely commerce bundle of Press Pro X3 + pump — do not duplicate product until confirmed distinct SKU,verified,COMMERCE_BUNDLE,Listing is Press Pro X3 sold with pump accessory — same underlying pressurizer product already cataloged as Softee Press Pro X3. Do not create a second Product.
accessories,protector,Softee,Transparent Protector,Softee Protector,current,unisex,transparent + blue logo,https://www.softee.es,current_retail,https://www.time2padel.com/,yes,yes,CURRENT,no,prod-softee-softee-protector,Softee value protector common on ES marketplaces that ship EU.,verified,CATALOGED_CURRENT,In researched verified/likely inventory and kept in canonical catalog.
accessories,protector,StarVie,StarVie Transparent Protector 2026,Transparent Protector 2026,,unisex,,https://www.padelshack.com/product/starvie-transparent-protector-2026/,current,https://www.padelshack.com/product/starvie-transparent-protector-2026/,limited,yes,CURRENT,yes,prod-starvie-transparent-protector-2026,Brand protector range,verified,CATALOGED_CURRENT,In researched verified/likely inventory and kept in canonical catalog.
accessories,pressurizer,Tennis Ball Saver / generic,Tennis Ball Saver,Ball Saver passive,current,unisex,twist passive ~14 PSI class,various,current_retail,https://bestpadellife.com/the-best-padel-ball-pressurizers-top-3-reviewed-compared/,likely,yes,UNKNOWN,no,,Budget passive tennis savers used for padel — low editorial priority but market presence.,verified,NOT_A_DISTINCT_PRODUCT,Combined multi-brand stub — not a single product identity.
accessories,pressurizer,TuboPlus,29PSI X3 + Pump,TuboPlus 29PSI X3,current,unisex,manual adjustable to 29 PSI; 3-ball,https://tubo.plus,current,https://tubo.plus/en/padel-ball-pressurizers/,yes,yes,CURRENT,no,prod-tuboplus-tuboplus-29psi-x3,Active pump TuboPlus 3-ball tier.,verified,CATALOGED_CURRENT,In researched verified/likely inventory and kept in canonical catalog.
accessories,pressurizer,TuboPlus,TuboPlus 29PSI X3e,29PSI X3e,,unisex,,https://tubo.plus/en/comparador/,current,,unknown,yes,CURRENT,no,prod-tuboplus-29psi-x3e,Adjustable 29PSI 3-ball; pump may be offer bundle,verified,CATALOGED_CURRENT,In researched verified/likely inventory and kept in canonical catalog.
accessories,pressurizer,TuboPlus,TuboPlus 29PSI X4e,29PSI X4e,,unisex,,https://tubo.plus/en/comparador/,current,,unknown,yes,CURRENT,no,prod-tuboplus-29psi-x4e,Adjustable 29PSI 4-ball,verified,CATALOGED_CURRENT,In researched verified/likely inventory and kept in canonical catalog.
accessories,pressurizer,TuboPlus,TuboPlus BOOST,BOOST,,unisex,,https://tubo.plus/en/comparador/,current,,unknown,yes,CURRENT,no,prod-tuboplus-boost,Club 102-ball compressor system,verified,CATALOGED_CURRENT,In researched verified/likely inventory and kept in canonical catalog.
accessories,pressurizer,TuboPlus,TuboPlus R3PLAY,R3PLAY,,unisex,,https://tubo.plus/en/comparador/,current,,unknown,yes,CURRENT,no,prod-tuboplus-r3play,29PSI daily 3-ball,verified,CATALOGED_CURRENT,In researched verified/likely inventory and kept in canonical catalog.
accessories,pressurizer,TuboPlus,TuboPlus R3SET,R3SET,,unisex,,https://tubo.plus/en/comparador/,current,,unknown,yes,CURRENT,no,prod-tuboplus-r3set,Current TuboPlus essential passive 3-ball,verified,CATALOGED_CURRENT,In researched verified/likely inventory and kept in canonical catalog.
accessories,pressurizer,TuboPlus,TuboPlus REPL4Y,REPL4Y,,unisex,,https://tubo.plus/en/comparador/,current,,unknown,yes,CURRENT,no,prod-tuboplus-repl4y,29PSI 4-ball pro model,verified,CATALOGED_CURRENT,In researched verified/likely inventory and kept in canonical catalog.
accessories,pressurizer,TuboPlus,TuboPlus X4 / 29PSI X4,TuboPlus X4,current,unisex,4-ball passive and pump variants,https://tubo.plus,current,https://tubo.plus/en/padel-ball-pressurizers/,yes,yes,CURRENT,no,prod-tuboplus-tuboplus-x4,4-ball TuboPlus family (often tennis-origin but used for padel).,verified,CATALOGED_CURRENT,In researched verified/likely inventory and kept in canonical catalog.
accessories,pressurizer,TuboPlus,TuboX3 / TuboPlus X3,TuboX3,current,unisex,passive screw-close ~15 PSI; 3-ball,https://tubo.plus,current,https://tubo.plus/en/padel-ball-pressurizers/,yes,yes,CURRENT,no,prod-tuboplus-tubox3,Budget passive preservation tube (Spanish brand). Manufacturer site intermittently 404 — retailers confirm line.,verified,CATALOGED_CURRENT,In researched verified/likely inventory and kept in canonical catalog.
accessories,other,various,Overgrip finishing tape / grip tape rolls,Finishing tape,current,unisex,rolls/spares,various,current_retail,https://www.padelmq.com/,yes,yes,CURRENT,no,,Consumable finishing tape sold separately — low priority vs grips themselves.,verified,NOT_A_DISTINCT_PRODUCT,"Generic category placeholder, not a brand SKU."
accessories,maintenance,various,Racket cleaning / face wipes,Cleaning kits,current,unisex,padel-specific cleaners rare,various,current_retail,https://www.padelmq.com/,likely,yes,CURRENT,no,,Sparse padel-specific cleaners; only include when clearly marketed for padel frames.,verified,NOT_A_DISTINCT_PRODUCT,"Generic category placeholder, not a brand SKU."
accessories,training_aid,various,Reaction / Target trainers,Court targets,current,unisex,wall targets / reaction balls,various,current_retail,https://www.misterpadel.com/,likely,yes,CURRENT,no,,Broad training-aid family; seed only when brand+model distinct and padel-specific.,verified,NOT_A_DISTINCT_PRODUCT,"Generic category placeholder, not a brand SKU."
accessories,protector,Vibora,Transparent Protection Tape,Vibor-A Transparent,current,unisex,transparent,https://www.vibora.com,current_retail,https://www.time2padel.com/,yes,yes,CURRENT,no,prod-vibora-vibor-a-transparent,Vibora transparent protector on Time2Padel.,verified,CATALOGED_CURRENT,In researched verified/likely inventory and kept in canonical catalog.
accessories,protector,Vibora,Transparent Protection Tape,Vibor-A Transparent,current,unisex,transparent,https://www.vibora.com,current_retail,https://www.time2padel.com/,yes,yes,CURRENT,no,prod-vibora-vibor-a-transparent,Vibora transparent protector on Time2Padel.,verified,CATALOGED_CURRENT,In researched verified/likely inventory and kept in canonical catalog.
accessories,weight_system,Wilson,Lead / Tungsten Adjustment Tape,Wilson Weight Tape,current,unisex,lead or tungsten strips,https://www.wilson.com,current_retail,https://www.wilson.com,likely,yes,CURRENT,yes,prod-wilson-wilson-weight-tape,Universal tennis/padel weight tape used under/over protectors.,likely,CATALOGED_CURRENT,In researched verified/likely inventory and kept in canonical catalog.
accessories,wristband,Wilson,Padel / Tennis Wristband,Wilson Wristband,current,unisex,terry; colorways,https://www.wilson.com,current_retail,https://www.wilson.com,likely,yes,CURRENT,yes,prod-wilson-wristband,Kitletics draft — still needs model-specific PDP + packshot.,likely,CATALOGED_CURRENT,In researched verified/likely inventory and kept in canonical catalog.
accessories,protector,Wilson,Padel Frame Protector,Wilson Protector,current,unisex,transparent/black,https://www.wilson.com,current_retail,https://www.tradeinn.com/,likely,yes,CURRENT,yes,prod-wilson-wilson-protector,Wilson padel protectors stocked on Tradeinn-class retailers — verify exact current SKU.,likely,CATALOGED_CURRENT,In researched verified/likely inventory and kept in canonical catalog.
accessories,protector,Wilson,Wilson Padel Frame Protector,Frame Protector,,unisex,,,current,,unknown,yes,UNKNOWN,yes,prod-bullpadel-frame-protector,Investigate Wilson protector SKUs,verified,INSUFFICIENT_EVIDENCE,No Wilson-branded padel frame protector PDP confirmed on manufacturer or major ES specialist protector shelves this pass.
accessories,wristband,Wilson,Wilson Padel Wristband,Wristband,,unisex,,,current,,unknown,yes,CURRENT,yes,prod-wilson-wristband,Existing draft,verified,CATALOGED_CURRENT,In researched verified/likely inventory and kept in canonical catalog.
bags,PADEL_RACKET_BAG,Adidas,Adidas Control Padel Bag 2026,Control 2026,2026,unisex,,https://padelproshop.com/en-de/products/padel-bag-adidas-control-white-2026,current,https://padelproshop.com/en-de/products/padel-bag-adidas-control-white-2026|https://www.megapadel.store/en/collections/bolsos-adidas,limited,yes,CURRENT,yes,prod-adidas-control-2026,Complete Adidas bag range via official padel bags category,verified,CATALOGED_CURRENT,In researched verified/likely inventory and kept in canonical catalog.
bags,PADEL_RACKET_BAG,Adidas,Adidas Cross It Bag,Cross It Bag,,unisex,,,unknown,,no,no,UNKNOWN,no,,Cross It is a racket collection; no matching Adidas Cross It bag SKU found in 2026 specialist bag catalogs.,verified,NOT_A_DISTINCT_PRODUCT,No Cross It bag exists as a product — collection name only.
bags,PADEL_RACKET_BAG,Adidas,Adidas Metalbone Padel Bag,Metalbone Bag,,unisex,,,current,,unknown,yes,CURRENT,no,prod-adidas-metalbone-bag,Investigate Metalbone collection bag on adidas padel / specialists,likely,CATALOGED_CURRENT,In researched verified/likely inventory and kept in canonical catalog.
bags,BACKPACK,Adidas,Adidas Multigame Backpack 2026,Multigame Backpack 2026,2026,unisex,colorways collapsed,https://www.megapadel.store/en/collections/bolsos-adidas,current,https://www.megapadel.store/en/collections/bolsos-adidas,limited,yes,CURRENT,yes,prod-adidas-multigame-backpack-2026,Multigame backpack form sibling.,verified,CATALOGED_CURRENT,Adidas bag range completion.
bags,PADEL_RACKET_BAG,Adidas,Adidas Multigame Padel Bag 2026,Multigame 2026,2026,unisex,"colorways collapsed (Black/Red, Off White, Tonal Black)",https://www.megapadel.store/en/collections/bolsos-adidas,current,https://www.megapadel.store/en/collections/bolsos-adidas,limited,yes,CURRENT,yes,prod-adidas-multigame-2026,Multigame 2026 paletero distinct from ProTour and Control.,verified,CATALOGED_CURRENT,Adidas bag range completion.
bags,BACKPACK,Adidas,Adidas ProTour Backpack 2026,ProTour Backpack 2026,2026,unisex,colorways collapsed,https://www.padelnuestro.com/uk/bag-adidas-protour-2026-ab1ma6u26,current,https://padelproshop.com/en-de/products/backpack-adidas-pro-tour-blue-2026|https://www.megapadel.store/en/collections/bolsos-adidas,limited,yes,CURRENT,yes,prod-adidas-protour-backpack-2026,Distinct backpack form vs ProTour racket bag; Martita Ortega ProTour line.,verified,CATALOGED_CURRENT,Adidas bag range completion.
bags,COURT_BAG,Adidas,Control Padel Bag,Control,2026 / 3.4,unisex,colorways collapsed (Black/Blue; Green),https://padelshop.com/collections/adidas-padel-bags,current_retail,https://www.zonadepadel.nl/adidas-padel/14461-adidas-padeltas-control-zwart-blauw-2026.html|https://www.tennispro.eu/adidas-control-3-4-padel-bag-898059.html|https://padelshop.com/collections/adidas-padel-bags,yes,yes,PREVIOUS_GENERATION,no,prod-adidas-control,Entry ~35 L / 2-racket side sleeve; no thermo on typical listings; Control entry tier distinct from Multigame/ProTour.,verified,DUPLICATE,Duplicate of Adidas Control Padel Bag 2026 (Control 2026) — color/year listing collapse.
bags,BACKPACK,Adidas,Multigame Padel Backpack,Multigame Backpack,2026,unisex,colorways collapsed (Black/Red Galán; Tonal Black; White/Orange),https://padelshop.com/collections/adidas-padel-bags,current_retail,https://padelshop.com/products/adidas-multigame-backpack-2026,yes,yes,CURRENT,no,prod-adidas-multigame-backpack,Backpack form with external thermal racket compartment (~1 racket); no dedicated shoe compartment on many listings; Galán Multigame collection.,verified,DUPLICATE,Duplicate of Adidas Multigame Backpack 2026 (Multigame Backpack 2026) — color/year listing collapse.
bags,PADEL_RACKET_BAG,Adidas,Multigame Padel Bag,Multigame,2026 / 3.4,unisex,colorways collapsed (Black; Black/Red Ale Galán),https://padelshop.com/collections/adidas-padel-bags,current_retail,https://padellife.nl/products/adidas-multigame-padel-bag-2026-black-red|https://padellife.nl/products/adidas-multigame-padel-bag-2026-black|https://www.zonadepadel.nl/adidas-padel/14457-adidas-padeltas-multigame-zwart-2026.html,yes,yes,PREVIOUS_GENERATION,no,prod-adidas-multigame,58 L mid-tier thermo paletero; dual thermo sides; ventilated shoe compartment; Ale Galán Multigame signature colorway is variant not separate SKU.,verified,DUPLICATE,Duplicate of Adidas Multigame Padel Bag 2026 (yearless listing).
bags,BACKPACK,Adidas,ProTour Padel Backpack,ProTour Backpack,2026 / 3.5,unisex,colorways collapsed (Blue; Pink; White; Black),https://padelshop.com/collections/adidas-padel-bags,current_retail,https://www.padelmq.com/en/products/adidas-protour-3-5-blue-backpack-2026|https://padelshop.com/products/adidas-pro-tour-backpack-2026,yes,yes,PREVIOUS_GENERATION,no,prod-adidas-protour-backpack,Distinct from ProTour racketbag: backpack form; thermal racket pocket; ventilated shoe well; ~50×32×23 cm. ProTour collection.,verified,DUPLICATE,Duplicate of Adidas ProTour Backpack 2026.
bags,PADEL_RACKET_BAG,Adidas,ProTour Padel Bag,ProTour,2026 / 3.5,unisex,colorways collapsed (Blue/Bronze; Pink; Black etc),https://padelshop.com/collections/adidas-padel-bags,current_retail,https://padellife.nl/products/adidas-pro-tour-padel-bag-2026-blue-bronze|https://www.zonadepadel.nl/adidas-padel/14454-adidas-padeltas-protour-blauw-brons-2026.html|https://padelshop.com/collections/adidas-padel-bags,yes,yes,CURRENT,yes,prod-adidas-protour-padel,70 L tournament paletero; dual thermo side compartments; ventilated shoe/wet area; ProTour / Martita Ortega competition tier. Kitletics seeded as ProTour 3.4/3.5 — treat 2026 ProTour racketbag as same product family unless capacity layout changes.,verified,CATALOGED_CURRENT,Adidas ProTour racket bag — distinct from ProTour Backpack; maps to existing prod-adidas-protour-padel family.
bags,PADEL_RACKET_BAG,Adidas,Tour Padel Bag,Tour,current,unisex,Bronze/Orange,https://padelshop.com/collections/adidas-padel-bags,current_retail,https://padelshop.com/collections/adidas-padel-bags,yes,yes,CURRENT,no,prod-hesacore-tour,Adidas Tour Bronze/Orange racketbag on PadelShop NL — mid line between Control and Multigame; confirm exact L vs Multigame before PDP merge.,likely,CATALOGED_CURRENT,In researched verified/likely inventory and kept in canonical catalog.
bags,BACKPACK,Adidas,Weekend Backpack,Weekend,3.4,unisex,Black,https://padelshop.com/collections/adidas-padel-bags,current_retail,https://padelshop.com/collections/adidas-padel-bags,yes,yes,CURRENT,no,prod-adidas-weekend,Weekend 3.4 Black backpack listed on NL PadelShop; softer/lifestyle carry vs ProTour/Multigame technical packs.,verified,CATALOGED_CURRENT,In researched verified/likely inventory and kept in canonical catalog.
bags,PADEL_RACKET_BAG,Babolat,Babolat Juan Lebron Collection Bag,Lebron Bag,,unisex,,,current,,unknown,yes,UNKNOWN,no,,Investigate Lebron signature bag SKUs,verified,INSUFFICIENT_EVIDENCE,No distinct Juan Lebrón signature bag SKU confirmed on Babolat official padel bags page beyond RH Pro / Court / Lite lines this pass.
bags,PADEL_RACKET_BAG,Babolat,Babolat RH Pro Padel,RH Pro,,unisex,,https://www.babolat.com,current,,unknown,yes,CURRENT,yes,prod-babolat-rh-pro-padel,Existing RH Pro catalog row,verified,CATALOGED_CURRENT,In researched verified/likely inventory and kept in canonical catalog.
bags,BACKPACK,Babolat,Backpack Kids,Backpack Kids,current,kids,,https://www.babolat.com/us/padel/bags.html,current,https://www.babolat.com/us/padel/bags.html,yes,yes,CURRENT,no,prod-babolat-backpack-kids,14–15 L kids backpack; 1 racket — junior SKU.,verified,CATALOGED_CURRENT,In researched verified/likely inventory and kept in canonical catalog.
bags,BACKPACK,Babolat,Court Backpack / Court Backpack Hero,Court Backpack,current,unisex,colorways collapsed (incl. Hero),https://www.babolat.com/gb/court-backpack-hero/100-753116.html,current,https://www.babolat.com/us/padel/bags.html|https://www.babolat.com/gb/court-backpack-hero/100-753116.html,yes,yes,CURRENT,yes,prod-babolat-court-backpack,~30 L backpack; 2 racket compartment + laptop; Kitletics Court Backpack maps here (Court S is separate product).,verified,CATALOGED_CURRENT,In researched verified/likely inventory and kept in canonical catalog.
bags,BACKPACK,Babolat,Court Backpack Lite,Court Backpack Lite,current,unisex,,https://www.babolat.com/us/padel/bags.html,current,https://www.babolat.com/us/padel/bags.html,yes,yes,CURRENT,no,prod-babolat-court-backpack-lite,25 L lighter Court backpack; 1 racket compartment — distinct from Court Backpack Hero 30 L. | Official Court Backpack Lite 25L.,verified,CATALOGED_CURRENT,Onboarded from brand×category discovery.
bags,COURT_BAG,Babolat,Court S Padel,Court S,current,unisex,colorways collapsed,https://www.babolat.com/us/padel/bags.html,current,https://www.babolat.com/us/padel/bags.html,yes,yes,CURRENT,yes,prod-babolat-court-backpack,~32–35 L / 2 rackets day bag; divided main; outer zip. Distinct from Court Backpack.,verified,CATALOGED_CURRENT,In researched verified/likely inventory and kept in canonical catalog.
bags,TOURNAMENT_BAG,Babolat,RH Perf Padel,RH Perf,2nd gen / current,unisex,Silver/Black,https://www.babolat.com/us/rh-perf/759021.html,current,https://www.babolat.com/us/rh-perf/759021.html|https://www.babolat.com/us/padel/bags.html,yes,yes,CURRENT,no,prod-babolat-rh-perf,52 L / 4 rackets; backpack carry; fence carabiner; water-repellent recycled polyester — distinct smaller tournament bag vs RH Pro 62 L.,verified,CATALOGED_CURRENT,In researched verified/likely inventory and kept in canonical catalog.
bags,TOURNAMENT_BAG,Babolat,RH Pro Padel,RH Pro Padel,2025-2026,unisex,colorways collapsed (Black; Technical White/Black/Red; Juan Lebrón),https://www.babolat.com/us/padel/bags.html,current,https://www.babolat.com/us/padel/bags.html|https://padelproshop.com/en/products/padel-bag-babolat-rh-pro-padel-technical-2026|https://www.zonadepadel.com/babolat/11930-babolat-rh-pro-padel-black-2025-padel-bag.html,yes,yes,CURRENT,yes,prod-babolat-rh-pro-padel,62 L / 4 rackets / 3 main compartments; Technical & Lebrón editions are color/finish variants of same RH Pro architecture (confirm insulated count: some Technical listings show 0 isothermal vs classic 1).,verified,CATALOGED_CURRENT,In researched verified/likely inventory and kept in canonical catalog.
bags,BACKPACK,Black Crown,Spartan Backpack,Spartan,current,unisex,Black/Red,,current_retail,https://www.padelmq.com/en/products/black-crown-spartan-backpack-black-red,yes,yes,CURRENT,no,prod-black-crown-spartan,Compact backpack; 2-racket compartment; bottom shoe well; ~31×20×49 cm.,verified,CATALOGED_CURRENT,In researched verified/likely inventory and kept in canonical catalog.
bags,PADEL_RACKET_BAG,Black Crown,Thunder Padel Bag,Thunder,2026,unisex,Black,,current_retail,https://www.padelshack.com/product/black-crown-thunder-padel-bag-2026-blackblack/,yes,yes,CURRENT,no,prod-black-crown-thunder,2026 Thunder; thermal 2 rackets; clothing + ventilated shoes; ~58×33×29 cm class.,verified,CATALOGED_CURRENT,In researched verified/likely inventory and kept in canonical catalog.
bags,PADEL_RACKET_BAG,Black Crown,Ultimate Pro 2.0,Ultimate Pro 2.0,2025,unisex,colorways collapsed (Black; Navy),,current_retail,https://www.padelshack.com/product/black-crown-ultimate-pro-20-padel-racket-bag-2025-navy/,yes,yes,CURRENT,no,prod-black-crown-ultimate-pro-2-0,58×33×29 cm; thermal 2 rackets; ventilated shoes; backpack straps. Ultimate Pro 2.0.,verified,CATALOGED_CURRENT,In researched verified/likely inventory and kept in canonical catalog.
bags,PALETERO,Bullpadel,Bullpadel Advance 2026 Paletero,Advance BPP26014,2026,unisex,,https://www.bullpadel.com/gb/36-padel-bags,current,,unknown,yes,CURRENT,no,prod-bullpadel-advance-bpp26014,Advance BPP26014 on official catalog,verified,CATALOGED_CURRENT,In researched verified/likely inventory and kept in canonical catalog.
bags,COURT_BAG,Bullpadel,Bullpadel Casual 2026 Paletero,Casual BPP26016,2026,unisex,,https://www.bullpadel.com/gb/36-padel-bags,current,,unknown,yes,CURRENT,no,prod-bullpadel-casual-bpp26016,Casual 2026 mid bag,verified,CATALOGED_CURRENT,In researched verified/likely inventory and kept in canonical catalog.
bags,PALETERO,Bullpadel,Bullpadel Elite 2026 Paletero,Elite BPP26019,2026,unisex,,https://www.bullpadel.com/gb/36-padel-bags,current,,unknown,yes,CURRENT,no,prod-bullpadel-elite-bpp26019,Elite / Gemma Triay 2026 bag,verified,CATALOGED_CURRENT,In researched verified/likely inventory and kept in canonical catalog.
bags,PALETERO,Bullpadel,Bullpadel Hack 2024 Paletero,Hack BPP24012,2024,unisex,,,current,,unknown,yes,PREVIOUS_GENERATION,no,,Prior Hack bag still listed,verified,CONFIRMED_PREVIOUS,Previous-generation inventory row; not current market discovery.
bags,BACKPACK,Bullpadel,Bullpadel Hack 2025 Backpack,Hack BPM25001,2025,unisex,,https://padelmarket.com/en/collections/bags-bullpadel,current,,unknown,yes,PREVIOUS_GENERATION,no,,Prior Hack backpack still in retail clearance,verified,CONFIRMED_PREVIOUS,Previous-generation inventory row; not current market discovery.
bags,BACKPACK,Bullpadel,Bullpadel Hack 2026 Backpack,Hack BPM26002,2026,unisex,,https://www.bullpadel.com/gb/5750-mochila-bullpadel-bpm26002-hack-gris-verdoso.html,current,https://padelmarket.com/en/collections/bags-bullpadel,unknown,yes,CURRENT,no,prod-bullpadel-hack-bpm26002,Hack 2026 backpack BPM26002; family Hack,verified,CATALOGED_CURRENT,In researched verified/likely inventory and kept in canonical catalog.
bags,PALETERO,Bullpadel,Bullpadel Icon 2026 Paletero,Icon BPP26023,2026,unisex,,https://www.bullpadel.com/gb/36-padel-bags,current,,unknown,yes,CURRENT,no,prod-bullpadel-icon-bpp26023,Icon / Juan Martin Diaz 2026 bag,verified,CATALOGED_CURRENT,In researched verified/likely inventory and kept in canonical catalog.
bags,PALETERO,Bullpadel,Bullpadel Ionic 2026 Paletero,Ionic BPP26005,2026,unisex,,https://www.bullpadel.com/gb/36-padel-bags,current,,unknown,yes,CURRENT,no,prod-bullpadel-ionic-bpp26005,Ionic 2026 bag,verified,CATALOGED_CURRENT,In researched verified/likely inventory and kept in canonical catalog.
bags,BACKPACK,Bullpadel,Bullpadel Neuron 2026 Backpack,Neuron BPM26020,2026,unisex,,https://www.bullpadel.com/gb/36-padel-bags,current,,unknown,yes,CURRENT,no,prod-bullpadel-neuron-bpm26020,Neuron 2026 backpack,verified,CATALOGED_CURRENT,In researched verified/likely inventory and kept in canonical catalog.
bags,PALETERO,Bullpadel,Bullpadel Neuron 2026 Paletero,Neuron BPP26020,2026,unisex,,https://www.bullpadel.com/gb/36-padel-bags,current,https://padelmarket.com/en/collections/bags-bullpadel,unknown,yes,CURRENT,no,prod-bullpadel-neuron-bpp26020,Neuron / Chingotto 2026 paletero,verified,CATALOGED_CURRENT,In researched verified/likely inventory and kept in canonical catalog.
bags,BACKPACK,Bullpadel,Bullpadel Pearl 2026 Backpack,Pearl BPM27017,2026,women,,https://www.bullpadel.com/gb/36-padel-bags,current,,unknown,yes,CURRENT,no,prod-bullpadel-pearl-bpm27017,Pearl backpack on official bags listing,verified,CATALOGED_CURRENT,In researched verified/likely inventory and kept in canonical catalog.
bags,PALETERO,Bullpadel,Bullpadel Pearl 2026 Paletero,Pearl BPP26021,2026,women,,https://www.bullpadel.com/gb/36-padel-bags,current,,unknown,yes,CURRENT,no,prod-bullpadel-pearl-bpp26021,Pearl / Bea Gonzalez 2026 women’s collection bag,verified,CATALOGED_CURRENT,In researched verified/likely inventory and kept in canonical catalog.
bags,PALETERO,Bullpadel,Bullpadel Tour Premier 2026 Paletero,Tour BPP26015,2026,unisex,,https://www.bullpadel.com/gb/36-padel-bags,current,,unknown,yes,CURRENT,no,prod-bullpadel-tour-bpp26015,Tour Premier paletero,verified,CATALOGED_CURRENT,In researched verified/likely inventory and kept in canonical catalog.
bags,TOURNAMENT_BAG,Bullpadel,Bullpadel Trolley BPP26011,Trolley BPP26011,2026,unisex,,https://www.bullpadel.com/gb/36-padel-bags,current,,unknown,yes,CURRENT,no,prod-bullpadel-trolley-bpp26011,Black trolley bag on official listing,verified,CATALOGED_CURRENT,In researched verified/likely inventory and kept in canonical catalog.
bags,PALETERO,Bullpadel,Bullpadel Vertex 2026 Paletero,Vertex BPP26001,2026,unisex,,https://www.bullpadel.com/gb/36-padel-bags,current,https://padelmarket.com/en/collections/bags-bullpadel,unknown,yes,CURRENT,no,prod-bullpadel-vertex-bpp26001,Vertex 2026 racket bag line (black/geo/W variants by collection),verified,CATALOGED_CURRENT,In researched verified/likely inventory and kept in canonical catalog.
bags,BACKPACK,Bullpadel,Bullpadel Vertex Geo Backpack,Vertex Geo Backpack,2025,unisex,,https://www.bullpadel.com/gb/36-padel-bags,current,,unknown,yes,CURRENT,yes,prod-bullpadel-vertex-backpack,Existing Vertex Geo backpack catalog row,verified,CATALOGED_CURRENT,In researched verified/likely inventory and kept in canonical catalog.
bags,BACKPACK,Bullpadel,Bullpadel Vertex Geo Premier Backpack,Vertex Geo Premier BPM26008,2026,unisex,,https://www.bullpadel.com/gb/36-padel-bags,current,,unknown,yes,CURRENT,no,prod-bullpadel-vertex-geo-premier-bpm26008,Vertex Geo Premier backpack SKU on official page 2,verified,CATALOGED_CURRENT,In researched verified/likely inventory and kept in canonical catalog.
bags,PALETERO,Bullpadel,Bullpadel Wonder 2026 Paletero,Wonder BPP26024,2026,women,,https://www.bullpadel.com/gb/36-padel-bags,current,,unknown,yes,CURRENT,no,prod-bullpadel-wonder-bpp26024,Wonder / Claudia Fernandez 2026 bag,verified,CATALOGED_CURRENT,In researched verified/likely inventory and kept in canonical catalog.
bags,PALETERO,Bullpadel,Bullpadel Xplo 2026 Paletero,Xplo BPP26022,2026,unisex,,https://www.bullpadel.com/gb/36-padel-bags,current,,unknown,yes,CURRENT,no,prod-bullpadel-xplo-bpp26022,Xplo / Di Nenno 2026 bag; colors collapsed,verified,CATALOGED_CURRENT,In researched verified/likely inventory and kept in canonical catalog.
bags,PADEL_RACKET_BAG,Bullpadel,Flow Padel Bag,Flow BPP26006,2026,unisex,Black (Alejandra Salazar),https://www.bullpadel.com/gb/36-padel-bags,current_retail,https://www.padelshack.com/product/bullpadel-flow-black-padel-racket-bag-2026/,yes,yes,CURRENT,no,prod-bullpadel-flow-bpp26006,Flow Salazar signature; ~58×30×35 cm; 2 thermal compartments; ventilated shoe/clothing; lighter mid profile. Flow collection.,verified,CATALOGED_CURRENT,In researched verified/likely inventory and kept in canonical catalog.
bags,BACKPACK,Bullpadel,Hack Backpack,BPM26002 Hack,2026,unisex,Grey-Green (Paquito Navarro),,current_retail,https://www.padelmq.com/en/products/bullpadel-hack-backpack-grey-green-2026,yes,yes,CURRENT,no,prod-bullpadel-bpm26002-hack,Hack backpack: thermo 2 rackets + laptop + ventilated shoes. Distinct from Hack paletero.,verified,CATALOGED_CURRENT,In researched verified/likely inventory and kept in canonical catalog.
bags,PADEL_RACKET_BAG,Bullpadel,Hack Padel Bag,Hack BPP26012,2026,unisex,Black (Paquito Navarro),https://www.bullpadel.com/gb/36-padel-bags,current_retail,https://www.bandeja-shop.com/en/bullpadel-hack-black-2026-padel-bag.html,yes,yes,CURRENT,no,prod-bullpadel-hack-bpp26012,Hack 2026 Paquito Navarro; 2 thermo / 4 rackets; ventilated clothing/shoes; semi-rigid side hull. Hack collection.,verified,CATALOGED_CURRENT,In researched verified/likely inventory and kept in canonical catalog.
bags,PADEL_RACKET_BAG,Bullpadel,Ionic / Vertex Geo related bag,BPP26005 Ionic,2026,unisex,,,current_retail,https://www.bandeja-shop.com/en/bullpadel-hack-black-2026-padel-bag.html,yes,yes,CURRENT,yes,prod-bullpadel-bpp26005-ionic,Retailer SKU lists cite Ionic BPP26005 in 2026 bag matrix alongside Vertex/Hack/Flow/XPLO — verify PDP before publish.,likely,CATALOGED_CURRENT,In researched verified/likely inventory and kept in canonical catalog.
bags,BACKPACK,Bullpadel,Vertex Backpack / Vertex Geo Backpack,BPM26007 / BPM26008 Vertex,2026,unisex,colorways collapsed (Black; Black/Red),,current_retail,https://www.padelmq.com/en-eu/products/bullpadel-vertex-backpack-black-2026-juan-tello|https://padelshop.com/products/bullpadel-bpm26008-vertex-backpack|https://decathlon.com.cy/products/padel-backpack-bullpadel-vertex-2026-black-red,yes,yes,CURRENT,no,prod-bullpadel-bpm26007-bpm26008-vertex,Vertex 2026 thermo backpack 2 rackets + laptop + ventilated shoes; Kitletics Vertex Geo maps to this 2026 Vertex backpack family.,verified,CATALOGED_CURRENT,In researched verified/likely inventory and kept in canonical catalog.
bags,PADEL_RACKET_BAG,Bullpadel,Vertex Padel Bag,BPP26001 Vertex,2026,unisex,Black (Juan Tello),,current_retail,https://www.zonadepadel.com/bullpadel/13827-bullpadel-bpp26001-vertex-black-2026-padel-bag.html|https://padelmarket.com/en-eu/products/bullpadel-bpp-26001-vertex-black-2026-juan-tello-racket-bag,yes,yes,CURRENT,no,prod-bullpadel-bpp26001-vertex,Vertex 2026 Juan Tello paletero; 2 thermo comps / up to 4 rackets; ventilated shoes; ~60×28.5×40 cm. Vertex collection signature.,verified,CATALOGED_CURRENT,In researched verified/likely inventory and kept in canonical catalog.
bags,BACKPACK,Bullpadel,XPLO Backpack,BPM26022 XPLO,2026,unisex,Black (Di Nenno),,current_retail,https://www.zonadepadel.com/bullpadel/13845-backpack-bullpadel-bpm26022-xplo-black-2026.html,yes,yes,CURRENT,no,prod-bullpadel-bpm26022-xplo,XPLO backpack with reinforced thermo compartment; distinct form from BPP26022 bag.,verified,CATALOGED_CURRENT,In researched verified/likely inventory and kept in canonical catalog.
bags,PADEL_RACKET_BAG,Bullpadel,XPLO Padel Bag,BPP26022 XPLO,2026,unisex,Black (Martín Di Nenno),,current_retail,https://www.padelmq.com/en-eu/products/bullpadel-xplo-padel-bag-black-2026-martin-di-nenno|https://www.zonadepadel.nl/bullpadel/13841-bullpadel-padeltas-bpp26022-xplo-zwart-2026.html,yes,yes,CURRENT,no,prod-bullpadel-bpp26022-xplo,XPLO Di Nenno paletero; 2 thermo / 4 rackets; ventilated shoes; ~60×30×40 cm. XPLO collection.,verified,CATALOGED_CURRENT,In researched verified/likely inventory and kept in canonical catalog.
bags,BACKPACK,Drop Shot,Axion Backpack,Axion Backpack,2025,unisex,Blue,,current_retail,https://www.zonadepadel.com/drop-shot/12289-drop-shot-axion-blue-2025-padel-bag.html,yes,yes,CURRENT,no,prod-drop-shot-axion-backpack,Axion backpack companion listed alongside Axion bag on EU retail.,verified,CATALOGED_CURRENT,In researched verified/likely inventory and kept in canonical catalog.
bags,PADEL_RACKET_BAG,Drop Shot,Axion Padel Bag,Axion,2025,unisex,Blue (Jon Sanz),,current_retail,https://www.zonadepadel.com/drop-shot/12289-drop-shot-axion-blue-2025-padel-bag.html,yes,yes,CURRENT,no,prod-drop-shot-axion,Axion Jon Sanz signature; dual thermal racket comps; ventilated shoes; rigid fronts. Axion collection.,verified,CATALOGED_CURRENT,In researched verified/likely inventory and kept in canonical catalog.
bags,BACKPACK,Drop Shot,Blitz Backpack,Blitz,2025,unisex,Black/Red,,current_retail,https://padelmarket.com/en-worldwide/products/drop-shot-blitz-2025-mochila,yes,yes,CURRENT,no,prod-drop-shot-blitz,Blitz 2025 backpack; dual thermal; ventilated shoes; rigid front; ~52×32×25 cm class.,verified,CATALOGED_CURRENT,In researched verified/likely inventory and kept in canonical catalog.
bags,PADEL_RACKET_BAG,Drop Shot,Fenix Padel Bag,Fenix,2025,unisex,Red/Green colorways,,current_retail,https://www.zonadepadel.com/drop-shot/12289-drop-shot-axion-blue-2025-padel-bag.html,yes,yes,CURRENT,yes,prod-drop-shot-fenix,Fenix 2025 paletero listed in Drop Shot bag range on Zona de Padel — confirm capacity vs Axion.,likely,CATALOGED_CURRENT,In researched verified/likely inventory and kept in canonical catalog.
bags,PADEL_RACKET_BAG,Drop Shot,LCP Padel Bag,LCP,2025,unisex,Black,,current_retail,https://www.zonadepadel.com/drop-shot/12289-drop-shot-axion-blue-2025-padel-bag.html,yes,yes,CURRENT,yes,prod-drop-shot-lcp,LCP Black 2025 bag listed in Drop Shot accessories matrix.,likely,CATALOGED_CURRENT,In researched verified/likely inventory and kept in canonical catalog.
bags,BACKPACK,HEAD,Coello Pro X Backpack 30L,Coello Pro X Backpack,2026,unisex,Dark Grey,https://www.head.com/product/coello-pro-x-padel-backpack-30l-261916,current,https://www.head.com/product/coello-pro-x-padel-backpack-30l-261916,yes,yes,CURRENT,no,prod-head-coello-pro-x-backpack,30 L Coello Pro X backpack; 2 rackets; shoe compartment. Coello collection.,verified,CATALOGED_CURRENT,In researched verified/likely inventory and kept in canonical catalog.
bags,DUFFEL,HEAD,Coello Pro X Padel Duffle Bag L,Coello Pro X Duffle L,2026,unisex,Dark Grey / Gold / Red,https://www.head.com/en_GB/product/coello-pro-x-padel-duffle-bag-l-261906,current,https://www.head.com/en_GB/product/coello-pro-x-padel-duffle-bag-l-261906|https://www.zonadepadel.nl/head-padel/14839-head-padeltas-coello-pro-x-duffle-zwart-2026.html|https://www.extreme-tennis.eu/head-padel-bags/23135-head-coello-2026-pro-x-padel-duffle-bag-l.html,yes,yes,CURRENT,no,prod-head-coello-pro-x-duffle-l,Arturo Coello signature 60 L duffle; CCT+; up to 6 rackets; shoe + laundry; Coello crown collection — distinct branding from generic Pro X Duffle.,verified,CATALOGED_CURRENT,In researched verified/likely inventory and kept in canonical catalog.
bags,BACKPACK,HEAD,Coello Tour Backpack 25L,Coello Tour Backpack,2026,unisex,Dark Grey / Gold / Red,https://www.head.com/product/coello-tour-padel-backpack-25l-261936,current,https://www.head.com/product/coello-tour-padel-backpack-25l-261936,yes,yes,CURRENT,no,prod-head-coello-tour-backpack,25 L Coello Tour backpack — smaller than Pro X 30 L. Coello Tour tier.,verified,CATALOGED_CURRENT,In researched verified/likely inventory and kept in canonical catalog.
bags,TOURNAMENT_BAG,HEAD,Coello Tour Padel Bag,Coello Tour Bag,2026,unisex,Dark Grey / Gold / Red,,current_retail,https://elpadel.ae/product/head-coello-tour-padel-bag-2026/,yes,yes,CURRENT,no,prod-head-coello-tour-bag,Coello-branded Tour L architecture (40 L / 7 rackets / CCT+) — signature collection variant of Tour Bag L.,verified,CATALOGED_CURRENT,In researched verified/likely inventory and kept in canonical catalog.
bags,BACKPACK,Head,HEAD Elite Padel Backpack,Elite Backpack,,unisex,,https://www.head.com,current,,unknown,yes,CURRENT,yes,prod-head-elite-backpack,Existing Elite backpack catalog row,verified,CATALOGED_CURRENT,In researched verified/likely inventory and kept in canonical catalog.
bags,PADEL_RACKET_BAG,Head,HEAD Elite Supercombi Bag,Elite Supercombi,,unisex,,,current,,unknown,yes,CURRENT,no,prod-head-elite-supercombi,Historic Elite Supercombi mid bag — verify 2026 continuity,likely,CATALOGED_CURRENT,In researched verified/likely inventory and kept in canonical catalog.
bags,BACKPACK,Head,HEAD Tour Backpack 25L 2026,Tour Backpack 25L,2026,unisex,,https://padelmarket.com/en-gb/products/head-tour-backpack-25l-2026-black-backpack,current,,unknown,yes,CURRENT,no,prod-head-tour-backpack-25l,25L Tour backpack 2026,verified,CATALOGED_CURRENT,In researched verified/likely inventory and kept in canonical catalog.
bags,PALETERO,Head,HEAD Tour Team Padel Bag,Tour Team,,unisex,,https://www.head.com,current,,unknown,yes,CURRENT,yes,prod-head-tour-team-padel,Existing catalog Tour Team row; align generation with CB 2026,verified,CATALOGED_CURRENT,In researched verified/likely inventory and kept in canonical catalog.
bags,PALETERO,Head,HEAD Tour Team Padel Bag CB 2026,Tour Team CB 2026,2026,unisex,,https://www.padeliberico.es/en/head-tour-team-padel-bag-cb-2026.html,current,,unknown,yes,CURRENT,no,prod-head-tour-team-cb-2026,Current Tour Team competition paletero,verified,CATALOGED_CURRENT,In researched verified/likely inventory and kept in canonical catalog.
bags,TOURNAMENT_BAG,HEAD,Pro X Padel Bag L,Pro X Bag L,2026,unisex,Black,https://www.head.com/nl_NL/product/pro-x-padel-bag-l-bk-260045,current,https://www.head.com/nl_NL/product/pro-x-padel-bag-l-bk-260045|https://www.head.com/en/product/pro-x-padel-bag-l-bk-260045,yes,yes,CURRENT,no,prod-head-pro-x-bag-l,45 L; up to 6 rackets; 2 racket comps CCT+; shoe pocket; rPET. Pro X line.,verified,CATALOGED_CURRENT,In researched verified/likely inventory and kept in canonical catalog.
bags,DUFFEL,HEAD,Pro X Padel Duffle Bag L,Pro X Duffle L,2026,unisex,Black/Dark Grey,https://www.head.com/en_SE/product/pro-x-padel-duffle-bag-l-bkdg-260135,current,https://www.head.com/en_SE/product/pro-x-padel-duffle-bag-l-bkdg-260135,yes,yes,CURRENT,no,prod-head-pro-x-duffle-l,~59.5–60 L duffle form; CCT+; 6 rackets; shoe compartment; 2-way carry. Distinct from Pro X Bag L.,verified,CATALOGED_CURRENT,In researched verified/likely inventory and kept in canonical catalog.
bags,TOURNAMENT_BAG,HEAD,Tour Padel Bag L,Tour Padel Bag L,2026,unisex,Navy/Black,https://www.head.com/product/tour-padel-bag-l-nv-260865-cp,current,https://www.head.com/product/tour-padel-bag-l-nv-260865-cp|https://wholesale.racketcentral.com/product/head-padel-bag-tour-padel-racket-bag-2026-large-black/,yes,yes,CURRENT,no,prod-head-tour-padel-bag-l,40 L; up to ~7 rackets; 3 compartments with CCT+; shoe pocket; backpack straps. Kitletics Tour Team likely maps to this Tour L family (confirm vs older Tour Team naming).,verified,CATALOGED_CURRENT,In researched verified/likely inventory and kept in canonical catalog.
bags,BACKPACK,HEAD,Tour Team Elite Backpack,Tour Team Elite,legacy-current,unisex,Lime/Blue,,current_retail,https://www.tennis-point.co.uk/products/head-tour-team-elite-backpack-limeblue-00637502591000,yes,yes,CURRENT,no,prod-head-tour-team-elite,~2-racket Elite backpack with shoe compartment; Kitletics existing. May coexist with newer Coello backpacks as value/legacy Tour Team SKU.,verified,CATALOGED_CURRENT,In researched verified/likely inventory and kept in canonical catalog.
bags,PADEL_RACKET_BAG,Joma,Pro Padel Bag,Pro,2025,unisex,Blue/Black,https://www.joma-sport.com/en_IE/padel-racket-bag-pro-blue-black/401375.713.html,current,https://www.joma-sport.com/en_IE/padel-racket-bag-pro-blue-black/401375.713.html|https://www.zonadepadel.uk/joma/12652-joma-pro-blue-black-2025-padel-bag.html,yes,yes,CURRENT,no,prod-joma-pro,Joma Pro paletero: main double-zip + shoe compartment + side racket space; backpack straps. 2026 racket launch noted; bag still sold as 2025 Pro.,verified,CATALOGED_CURRENT,In researched verified/likely inventory and kept in canonical catalog.
bags,PALETERO,Kuikma,Insulated Padel Bag Elite / PL 900,PL 900 Elite,current,unisex,colorways collapsed (Frozen Green; Asphalt Grey/Black),https://www.decathlon.nl/search?Ntt=kuikma%20paletero,current,https://padelmad.co.uk/equipment/accessories/kuikma-insulated-padel-bag-elite-review/|https://www.decathlon.nl/search?Ntt=kuikma%20paletero,yes,yes,CURRENT,no,prod-kuikma-pl-900-elite,35 L isothermal elite paletero; 2-racket thermo; ventilated shoes; backpack straps. Best match for Kitletics generic Kuikma paletero.,verified,CATALOGED_CURRENT,In researched verified/likely inventory and kept in canonical catalog.
bags,BACKPACK,Kuikma,Kuikma Padel Backpack,Backpack,,unisex,,,current,,unknown,yes,CURRENT,no,prod-kuikma-backpack,Decathlon typically sells backpack sibling — verify current SKU,likely,CATALOGED_CURRENT,In researched verified/likely inventory and kept in canonical catalog.
bags,PALETERO,Kuikma,Kuikma Padel Paletero,Paletero,,unisex,,https://www.decathlon.nl,current,,unknown,yes,CURRENT,yes,prod-kuikma-paletero,Existing Kuikma paletero catalog row,verified,CATALOGED_CURRENT,In researched verified/likely inventory and kept in canonical catalog.
bags,BACKPACK,Kuikma,PBP Elite Isothermal Backpack 30L,PBP Elite,current,unisex,Grey/Yellow,https://www.decathlon.nl/p/isotherme-padelrugzak-30-liter-pbp-elite-grijs-geel/334599/c71c346m8817438,current,https://www.decathlon.nl/p/isotherme-padelrugzak-30-liter-pbp-elite-grijs-geel/334599/c71c346m8817438,yes,yes,CURRENT,no,prod-kuikma-pbp-elite,30 L isothermal backpack; thermo racket + ventilated shoes + laptop — distinct from PL 900 paletero.,verified,CATALOGED_CURRENT,In researched verified/likely inventory and kept in canonical catalog.
bags,BACKPACK,Lok,Aventure / Adventure Gen 2 Backpack,Aventure Gen 2,2026,unisex,Black/Green-Yellow,,current_retail,https://padelmarket.com/en-worldwide/products/lok-aventure-gen-2-2026-backpack,yes,yes,CURRENT,no,prod-lok-aventure-gen-2,35 L; racket + laptop sleeve; dual front pockets + mesh sides. Distinct from Maxx 32 L.,verified,CATALOGED_CURRENT,In researched verified/likely inventory and kept in canonical catalog.
bags,PADEL_RACKET_BAG,Lok,Lok Maxx Gen 2 Racket Bag,Maxx Gen 2 Paletero,2026,unisex,Black/Orange,,current_retail,https://padelmarket.com/en-eu/products/lok-maxx-gen-2-black-orange-2026-backpack|https://www.padelshack.com/product/lok-backpack-maxx-gen-2-blackorange-2026/,yes,yes,CURRENT,no,prod-lok-maxx-gen-2,32 L hybrid; 1 racket or laptop padded; mini bag accessory. Maxx Gen 2.,verified,CATALOGED_CURRENT,Reclassified backpack→paletero (70L retail).
bags,TOURNAMENT_BAG,Nox,AT10 Competition Trolley,AT10 Competition Trolley,2024-current,unisex,Olive/Grey,https://noxsport.com/en/products/paletero-at10-competition-trolley-2024,current,https://noxsport.com/en/products/paletero-at10-competition-trolley-2024|https://www.tenniswarehouse-europe.com/Nox_AT10_Competition_Trolley_Padel_Racket_Bag/descpageBGNOXPAD-NPBAT10CTRO-EN.html,yes,yes,CURRENT,no,prod-nox-at10-competition-trolley,60 L wheeled trolley; ThermoTech side; shoes; convertible backpack/shoulder/trolley. AT10 Competition travel.,verified,CATALOGED_CURRENT,In researched verified/likely inventory and kept in canonical catalog.
bags,BACKPACK,Nox,AT10 Team Backpack,AT10 Team Backpack,current,unisex,Grey,https://noxsport.com/en/collections/paleteros-y-mochilas-padel,current,https://noxsport.com/en/collections/paleteros-y-mochilas-padel,yes,yes,CURRENT,no,prod-nox-at10-team-backpack,AT10 Team backpack (~28 L class) distinct from AT10 Team paletero.,verified,CATALOGED_CURRENT,In researched verified/likely inventory and kept in canonical catalog.
bags,PALETERO,Nox,AT10 Team Paletero,AT10 Team,2025-2026,unisex,colorways collapsed (Grey/Black; White; Grey/Orange; Grey/Green),https://noxsport.com/en/products/paletero-at10-team-grey-black,current,https://noxsport.com/en/products/paletero-at10-team-grey-black|https://noxsport.com/en/collections/paleteros-padel,yes,yes,CURRENT,no,prod-nox-at10-team,42 L Agustín Tapia Team; 3 main + 2 ThermoTech; ventilated shoes; laundry; removable backpack straps. AT10 Team collection.,verified,CATALOGED_CURRENT,In researched verified/likely inventory and kept in canonical catalog.
bags,TOURNAMENT_BAG,Nox,AT10 XXL,AT10 XXL,2024-2025,unisex,colorways collapsed (Black/Red; Black/Orange),https://noxsport.com/en/collections/paleteros-padel,current,https://noxsport.com/en/collections/paleteros-padel|https://www.padelmq.com/en-eu/products/nox-at10-xxl-padel-bag-black-red-agustin-tapia|https://www.zonadepadel.com/nox/10555-nox-at10-xxl-black-orange-padel-bag.html,yes,yes,CURRENT,yes,prod-nox-at10-xxl-bag,90 L Tapia XXL; up to 5 rackets + ThermoTech; ventilated shoes; AT10 collection flagship travel bag.,verified,CATALOGED_CURRENT,In researched verified/likely inventory and kept in canonical catalog.
bags,BACKPACK,Nox,Luxury Master Series Backpack,Luxury Master Backpack,2024-current,unisex,Black/White,https://noxsport.com/en/products/backpack-luxury-master-series,current,https://noxsport.com/en/products/backpack-luxury-master-series,yes,yes,CURRENT,no,prod-nox-luxury-master-backpack,30 L Luxury Master backpack; rigid outer racket/laptop well; ventilated shoes.,verified,CATALOGED_CURRENT,In researched verified/likely inventory and kept in canonical catalog.
bags,TOURNAMENT_BAG,Nox,Luxury Master Series Paletero,Luxury Master Series,2024-current,unisex,Black/White (Tapia),https://noxsport.com/en/collections/paleteros-padel,current,https://noxsport.com/en/collections/paleteros-padel|https://www.padelmq.com/en-eu/products/nox-luxury-master-series-padel-bag-black-white-agustin-tapia,yes,yes,CURRENT,no,prod-nox-luxury-master-series,60 L Luxury Master; ThermoTech; shoes; Tapia Luxury Master collection.,verified,CATALOGED_CURRENT,In researched verified/likely inventory and kept in canonical catalog.
bags,BACKPACK,Nox,Luxury Open Series Backpack,Luxury Open Backpack,2024-current,unisex,colorways collapsed (Black/Red; Black/Brown),https://noxsport.com/en/products/backpack-luxury-open-series-black-red,current,https://noxsport.com/en/products/backpack-luxury-open-series-black-red,yes,yes,CURRENT,no,prod-nox-luxury-open-backpack,30 L Luxury Open backpack; 2 racket capacity class.,verified,CATALOGED_CURRENT,In researched verified/likely inventory and kept in canonical catalog.
bags,TOURNAMENT_BAG,Nox,Luxury Open Series Paletero,Luxury Open Series,2024-current,unisex,colorways collapsed (Black/Red; Black/Brown),https://noxsport.com/en/collections/paleteros-padel,current,https://noxsport.com/en/collections/paleteros-padel|https://www.padelmq.com/en-eu/products/nox-luxury-open-series-padel-bag-black-red-agustin-tapia,yes,yes,CURRENT,no,prod-nox-luxury-open-series,60 L Luxury Open; ThermoTech; Tapia Luxury Open collection — distinct design line from Master.,verified,CATALOGED_CURRENT,In researched verified/likely inventory and kept in canonical catalog.
bags,TOURNAMENT_BAG,Nox,ML10 Competition XL Compact,ML10 Competition XL Compact,current,unisex,,https://noxsport.com/en/collections/paleteros-padel,current,https://noxsport.com/en/collections/paleteros-padel,yes,yes,CURRENT,no,prod-nox-ml10-competition-xl-compact,ML10 Competition XL Compact on official bags collection.,verified,CATALOGED_CURRENT,In researched verified/likely inventory and kept in canonical catalog.
bags,BACKPACK,Nox,ML10 Team Backpack,ML10 Team Backpack,current,unisex,Black,https://noxsport.com/en/collections/paleteros-y-mochilas-padel,current,https://noxsport.com/en/collections/paleteros-y-mochilas-padel,yes,yes,CURRENT,no,prod-nox-ml10-team-backpack,ML10 Team backpack distinct from ML10 Team paletero.,verified,CATALOGED_CURRENT,In researched verified/likely inventory and kept in canonical catalog.
bags,PALETERO,Nox,ML10 Team Paletero,ML10 Team,current,unisex,colorways collapsed (Black/Clay; White/Grey; Black/Blue),https://noxsport.com/en/collections/paleteros-padel,current,https://noxsport.com/en/collections/paleteros-padel,yes,yes,CURRENT,no,prod-nox-ml10-team,Miguel Lamperti ML10 Team paletero — parallel Team architecture to AT10 Team; ML10 collection.,verified,CATALOGED_CURRENT,In researched verified/likely inventory and kept in canonical catalog.
bags,PADEL_RACKET_BAG,Nox,NOX AT10 Competition XL Compact,AT10 Competition XL Compact,2024,unisex,,https://noxsport.com/en/collections/paleteros-padel,current,https://padelmarket.com/en/collections/bags-nox,unknown,yes,CURRENT,no,prod-nox-at10-competition-xl-compact,Compact competition AT10 bag,verified,CATALOGED_CURRENT,In researched verified/likely inventory and kept in canonical catalog.
bags,PADEL_RACKET_BAG,Nox,NOX Pro Series Racket Bag,Pro Series Bag,,unisex,,https://noxsport.com/en/collections/paleteros-padel,current,https://padelmarket.com/en/collections/bags-nox,unknown,yes,CURRENT,yes,prod-nox-pro-series-bag,Pro Series paletero; black/navy/camel/white/red = color variants,verified,CATALOGED_CURRENT,In researched verified/likely inventory and kept in canonical catalog.
bags,BACKPACK,Nox,Pro Series Backpack,Pro Series Backpack,current,unisex,colorways collapsed (White; Black; Camel; Navy),https://noxsport.com/en/products/mochila-pro-series-white,current,https://noxsport.com/en/products/mochila-pro-series-white|https://padelshop.com/products/nox-pro-series-white-backpack,yes,yes,CURRENT,no,prod-nox-pro-series-backpack,28 L Pro Series backpack; padded racket/laptop + ventilated shoes. Distinct from Pro Series paletero.,verified,CATALOGED_CURRENT,In researched verified/likely inventory and kept in canonical catalog.
bags,PADEL_RACKET_BAG,Nox,Pro Series Paletero,Pro Series,current,unisex,colorways collapsed (Black; Navy; Camel; White; Red),https://noxsport.com/en/collections/paleteros-padel,current,https://noxsport.com/en/collections/paleteros-padel|https://padelshop.com/products/nox-pro-series-white-backpack,yes,yes,CURRENT,no,prod-nox-pro-series,Pro Series racket bag (~45 L class / ThermoTech on retailer PDPs). Kitletics collection URL seed — pin specific PDP.,verified,CATALOGED_CURRENT,In researched verified/likely inventory and kept in canonical catalog.
bags,COURT_BAG,Nox,Street Series Paletero,Street Series,current,unisex,colorways collapsed (Black/Grey; Sky Blue; Grey/Pink),https://noxsport.com/en/collections/paleteros-padel,current,https://noxsport.com/en/collections/paleteros-padel,yes,yes,CURRENT,no,prod-nox-street-series,Entry Street Series racket bags on official collection.,verified,CATALOGED_CURRENT,In researched verified/likely inventory and kept in canonical catalog.
bags,PADEL_RACKET_BAG,Nox,Thermo Bag 10 / 10-racket thermo,Thermo Bag 10,unclear,unisex,,https://noxsport.com/en/collections/bags,insufficient,https://noxsport.com/en/collections/bags,unknown,unknown,UNCLEAR,yes,prod-nox-bag-10,Kitletics seed from collection URL only — no verified current 10-racket SKU on Sep 2026 manufacturer bag list; may be legacy/misnamed. Do not expand until PDP found.,verified,INSUFFICIENT_EVIDENCE,No verified current 10-racket Thermo Bag PDP on official Nox bags list.
bags,BACKPACK,Oxdog,Cube Backpack,Cube,current,unisex,Black,https://www.oxdog.net/en/articles/2.15.928/cube-backpack,current,https://www.oxdog.net/en/articles/2.15.928/cube-backpack|https://oxdogpadel.com/en-us/collections/paleteros-bolsas,yes,yes,CURRENT,no,prod-oxdog-cube,37 L self-standing; thermo racket/laptop pocket; included gym/shoe bag.,verified,CATALOGED_CURRENT,In researched verified/likely inventory and kept in canonical catalog.
bags,PADEL_RACKET_BAG,Oxdog,Hyper Pro Thermo Padel Bag,Hyper Pro Thermo,current,unisex,Black (+ FEP co-branded),https://www.oxdog.net/en/articles/15/padel-bags,current,https://www.oxdog.net/en/articles/15/padel-bags|https://oxdogpadel.com/en-us/collections/paleteros-bolsas|https://www.tradeinn.com/smashinn/en/oxdog-hyper-pro-thermo-padel-racket-bag/140678829/p,yes,yes,CURRENT,no,prod-oxdog-hyper-pro-thermo,48 L; dual thermo / up to 4 rackets; ventilated shoes. Hyper Pro line; FEP Hyper Pro Thermo is co-brand finish variant.,verified,CATALOGED_CURRENT,In researched verified/likely inventory and kept in canonical catalog.
bags,BACKPACK,Oxdog,Hyper Tour Thermo Padel Backpack,Hyper Tour Thermo Backpack,current,unisex,Black,https://www.oxdog.net/en/articles/15/padel-bags,current,https://www.oxdog.net/en/articles/15/padel-bags|https://oxdogpadel.com/en-us/collections/paleteros-bolsas,yes,yes,CURRENT,no,prod-oxdog-hyper-tour-thermo-backpack,42 L thermo backpack; 2 rackets. Hyper Tour line.,verified,CATALOGED_CURRENT,In researched verified/likely inventory and kept in canonical catalog.
bags,PADEL_RACKET_BAG,Oxdog,X Padel Pro Thermo / Ultra Tour Pro Thermo,X Padel Pro Thermo,current,unisex,White/Black,https://www.oxdog.net/en/articles/15/padel-bags,current,https://www.oxdog.net/en/articles/15/padel-bags|https://oxdogpadel.com/en-us/collections/paleteros-bolsas,yes,yes,CURRENT,no,prod-oxdog-x-padel-pro-thermo,42 L thermo paletero; 2-racket thermo class; ventilated shoes. Distinct from Hyper Pro 48 L.,verified,CATALOGED_CURRENT,In researched verified/likely inventory and kept in canonical catalog.
bags,PADEL_RACKET_BAG,Royal Padel,Force Padel Bag,Force,2026,unisex,Black,,current_retail,https://www.padelmq.com/en-eu/products/royal-padel-force-black-padel-bag-2026,yes,yes,CURRENT,no,prod-royal-padel-force,42 L PU-leather; Royal Tech thermal; up to 3 rackets; 2-in-1 hand/backpack; ~58×34×26 cm. Force 2026.,verified,CATALOGED_CURRENT,In researched verified/likely inventory and kept in canonical catalog.
bags,PADEL_RACKET_BAG,Siux,Electra Stupa Paletero,Electra Stupa,2026,unisex,Red/Black,https://www.siuxpadel.com/products/paletero-siux-electra-stupa-2026,current,https://www.siuxpadel.com/products/paletero-siux-electra-stupa-2026|https://www.padelnuestro.com/int/padelbag-siux-electra-stupa-2026-200000,yes,yes,CURRENT,no,prod-siux-electra-stupa,63 L Franco Stupaczuk Electra signature; thermal; up to 4 rackets. Best specific PDP for Kitletics generic Siux paletero seed.,verified,DUPLICATE,Duplicate of Siux Electra Stupa Paletero 2026
bags,BACKPACK,Siux,Nomad Backpack,Nomad,2026,unisex,Black/Blue,,current_retail,https://www.padelmq.com/en/products/siux-nomad-backpack-black-blue-2026|https://www.padelnuestro.com/int/backpack-siux-nomad-200008,yes,yes,CURRENT,no,prod-siux-nomad,31 L; thermal 2 rackets; shoes; trolley strap. Nomad travel line.,verified,CATALOGED_CURRENT,In researched verified/likely inventory and kept in canonical catalog.
bags,PALETERO,Siux,Siux Electra Stupa Paletero 2026,Electra Stupa 2026,2026,unisex,,https://www.siuxpadel.com/products/paletero-siux-electra-stupa-2026,current,,limited,yes,CURRENT,yes,prod-siux-electra-stupa-2026,Complete Siux official bags category,verified,CATALOGED_CURRENT,In researched verified/likely inventory and kept in canonical catalog.
bags,PALETERO,Siux,Siux Padel Paletero,Paletero,,unisex,,https://www.siuxpadel.com,current,,unknown,yes,CURRENT,yes,prod-siux-paletero,Existing Siux paletero catalog row — expand full Siux bag range,verified,CATALOGED_CURRENT,In researched verified/likely inventory and kept in canonical catalog.
bags,PALETERO,Siux,Siux Trilogy Paletero,Trilogy,2024,unisex,,,limited,,limited,limited,PREVIOUS_GENERATION,no,,Trilogy bag line prior to Electra Stupa 2026 flagship.,verified,CONFIRMED_PREVIOUS,Previous collection vs Electra Stupa.
bags,BACKPACK,Siux,Tour Backpack,Tour,2026,unisex,Black,,current_retail,https://www.padelmq.com/en-eu/products/siux-tour-backpack-black-2026|https://padelproshop.com/en/products/backpack-siux-tour-black-2026,yes,yes,CURRENT,no,prod-siux-tour,30 L; 1 racket; laptop + ventilated shoes. Tour line.,verified,CATALOGED_CURRENT,In researched verified/likely inventory and kept in canonical catalog.
bags,BACKPACK,Siux,Trail Backpack,Trail,2026,unisex,Grey,,current_retail,https://www.padelmq.com/en/products/siux-trail-backpack-grey-2026,yes,yes,CURRENT,no,prod-siux-trail,27 L; thermal 2 rackets; ventilated shoes. Trail compact line.,verified,CATALOGED_CURRENT,In researched verified/likely inventory and kept in canonical catalog.
bags,PADEL_RACKET_BAG,StarVie,Hard Eva Black,Hard Eva,current,unisex,Black/Red accents,https://starvie.com/en/products/hard-eva-black,current,https://starvie.com/en/products/hard-eva-black,yes,yes,CURRENT,no,prod-starvie-hard-eva,Hard EVA rigid side pocket; Thermotech; ventilated shoes; ~62×35×35 cm.,verified,CATALOGED_CURRENT,In researched verified/likely inventory and kept in canonical catalog.
bags,BACKPACK,StarVie,Hard Eva Black Backpack,Hard Eva Backpack,current,unisex,Black/Red,https://starvie.com/en/,current,https://www.tiendapadelpoint.com/en/paleteros-star-vie-en,yes,yes,CURRENT,no,prod-starvie-hard-eva-backpack,Hard Eva backpack companion to Hard Eva paletero.,verified,CATALOGED_CURRENT,In researched verified/likely inventory and kept in canonical catalog.
bags,PADEL_RACKET_BAG,StarVie,Pro Master,Pro Master,2026,unisex,Blue/Orange,https://starvie.com/en/products/,current,https://www.padelmq.com/en/products/starvie-pro-master-padel-bag|https://padelmarket.com/en-gb/products/starvie-pro-master-2026-racket-bag,yes,yes,CURRENT,no,prod-starvie-pro-master,Dual ThermoTech (~2 rackets); ventilated shoes; ~62×32×35 cm. Pro Master 2026.,verified,CATALOGED_CURRENT,In researched verified/likely inventory and kept in canonical catalog.
bags,PADEL_RACKET_BAG,StarVie,Tactic Pro,Tactic Pro,current,unisex,White/Navy/Orange,https://starvie.com/en/products/tactic-pro,current,https://starvie.com/en/products/tactic-pro|https://www.tiendapadelpoint.com/en/paleteros-star-vie-en,yes,yes,CURRENT,no,prod-starvie-tactic-pro,Dual Thermotech; ventilated shoes; ball pocket; ~60×34×33 cm. Tactic Pro.,verified,CATALOGED_CURRENT,In researched verified/likely inventory and kept in canonical catalog.
bags,BACKPACK,Tecnifibre,Tecnifibre Tour Endurance Padel Backpack,Tour Endurance,,unisex,,https://www.tecnifibre.com,current,,unknown,yes,CURRENT,yes,prod-tecnifibre-tour-endurance-backpack,Existing Tour Endurance backpack,verified,CATALOGED_CURRENT,In researched verified/likely inventory and kept in canonical catalog.
bags,PADEL_RACKET_BAG,Tecnifibre,Tecnifibre Tour Endurance Padel Bag,Tour Endurance Bag,,unisex,,,current,,unknown,yes,CURRENT,no,prod-tecnifibre-tour-endurance-bag,Likely matching paletero in Tour Endurance line,likely,CATALOGED_CURRENT,In researched verified/likely inventory and kept in canonical catalog.
bags,BACKPACK,Tecnifibre,Tour Endurance Backpack,Tour Endurance Backpack,current,unisex,Khaki/Black,https://www.tecnifibre.com/en-ue/products/sac-a-dos-tour-endurance-backpack-khaki,current,https://www.tecnifibre.com/en-ue/products/sac-a-dos-tour-endurance-backpack-khaki|https://padelmania.com/en/padel-accessories/26488-tecnifibre-tour-endurance-khaki-backpack-tecnifibre-3490150220712.html,yes,yes,CURRENT,yes,prod-tecnifibre-tour-endurance-backpack,Tarpaulin Tour Endurance backpack; 2 rackets + shoe pocket; tennis/squash/padel multi-sport. Kitletics existing.,verified,CATALOGED_CURRENT,In researched verified/likely inventory and kept in canonical catalog.
bags,TOURNAMENT_BAG,Tecnifibre,Tour Endurance Ultra Padel Bag,Tour Endurance Ultra,2025,unisex,Black,,current_retail,https://www.zonadepadel.com/tecnifibre/13598-tecnifibre-tour-endu-ultra-black-2025-padel-bag.html,yes,yes,CURRENT,no,prod-tecnifibre-tour-endurance-ultra,Vertical Tour Endurance Ultra paletero; rip-stop tarpaulin; dual side racket pockets; backpack straps.,verified,CATALOGED_CURRENT,In researched verified/likely inventory and kept in canonical catalog.
bags,PADEL_RACKET_BAG,Varlion,Ambassador Padel Bag,Ambassador,2025/2026,unisex,Black,https://www.varlion.com/gb/padel/bags/padel-racket-bags/padel-bag-ambassador-.html,current,https://www.varlion.com/gb/padel/bags/padel-racket-bags/padel-bag-ambassador-.html,yes,yes,CURRENT,no,prod-varlion-ambassador,46 L perforated synthetic leather; dual side racket comps; ventilated shoes.,verified,CATALOGED_CURRENT,In researched verified/likely inventory and kept in canonical catalog.
bags,BACKPACK,Varlion,Summum Backpack,Summum Backpack,2025/2026,unisex,,https://usa.varlion.com/gb/padel/bags/backpacks/summum-backpack-.html,current,https://usa.varlion.com/gb/padel/bags/backpacks/summum-backpack-.html,yes,yes,CURRENT,no,prod-varlion-summum-backpack,26 L waterproof nylon; racket/laptop + ventilated shoe bottom.,verified,CATALOGED_CURRENT,In researched verified/likely inventory and kept in canonical catalog.
bags,TOURNAMENT_BAG,Varlion,Summum Pro Padel Bag,Summum Pro,2025/2026,unisex,,https://www.varlion.com/gb/padel/bags/padel-racket-bags/padel-bag-summum-pro-.html,current,https://www.varlion.com/gb/padel/bags/padel-racket-bags/padel-bag-summum-pro-.html,yes,yes,CURRENT,no,prod-varlion-summum-pro,54 L / up to 4 paddles; one thermal side; ventilated shoes. Summum Pro.,verified,CATALOGED_CURRENT,In researched verified/likely inventory and kept in canonical catalog.
bags,BACKPACK,Wilson,Bela Super Tour / Bela DNA Super Tour Backpack,Bela Super Tour Backpack,current,unisex,colorways collapsed (Black; White),https://www.wilson.com,current_retail,https://www.padelmq.com/en/products/wilson-bela-dna-super-tour-backpack-black|https://www.extreme-tennis.eu/wilson-padel-bags/17139-wilson-bela-super-tour-black-backpack.html|https://tennisshot.gr/en-gb/wilson-bela-super-tour-padel-backpack,yes,yes,CURRENT,no,prod-wilson-bela-super-tour-backpack,Bela backpack (WR8903402 class); Thermoguard ~2 rackets; removable shoe bag; laptop. Distinct from Super Tour racket bag. | Form split from Bela Super Tour racket bag.,verified,CATALOGED_CURRENT,Onboarded from brand×category discovery.
bags,TOURNAMENT_BAG,Wilson,Bela Super Tour / Bela DNA Super Tour Padel Bag,Bela Super Tour,2025,unisex,colorways collapsed (Black; White),https://www.wilson.com/en-us/product/bela-v3-padel-racket-bag-wr8910800,current_retail,https://www.padelshack.com/product/wilson-bela-super-tour-padel-racket-bag-black-2025/|https://centralsports.co.uk/products/wilson-bela-super-tour-padel-bag-wr8907201|https://tennisexpress.com/products/wilson-bela-super-tour-padel-bag-black-110538,yes,yes,CURRENT,yes,prod-wilson-super-tour-padel,WR8907201 Belasteguín Super Tour tournament bag; Thermoguard; shoes; laptop; ~60×31×31 cm. Bela DNA collection. Kitletics existing.,verified,CATALOGED_CURRENT,In researched verified/likely inventory and kept in canonical catalog.
bags,BACKPACK,Wilson,Wilson Bela Padel Backpack,Bela Backpack,,unisex,,https://www.wilson.com,current,https://www.padelboost.co.uk/blogs/news/built-by-the-best-inside-the-wilson-bela-padel-collection,unknown,yes,CURRENT,no,prod-wilson-bela-backpack,Bela DNA backpack sibling to Super Tour,verified,CATALOGED_CURRENT,In researched verified/likely inventory and kept in canonical catalog.
bags,TOURNAMENT_BAG,Wilson,Wilson Super Tour Padel Bag 2026,Super Tour 2026,2026,unisex,,https://www.zonadepadel.uk/wilson-padel/14689-wilson-super-tour-red-2026-padel-bag.html,current,https://www.zonadepadel.uk/wilson-padel/14689-wilson-super-tour-red-2026-padel-bag.html|https://www.padelshack.com/product/wilson-tour-super-red-padel-racket-bag-2026/,limited,yes,CURRENT,yes,prod-wilson-super-tour-2026,May duplicate Bela Super Tour — verify distinct non-Bela Super Tour SKU before cataloging | Distinct non-Bela Super Tour 2026 Red vs Bela Super Tour.,verified,CATALOGED_CURRENT,Onboarded from brand×category discovery.
balls,competition,Adidas,Adidas / AFP Pro Bounce,Pro Bounce,current,unisex,competition/club,https://allforpadel.com/en/balls/6676-adidas-pro-bounce-balls-8436548247515.html,current,https://www.time2padel.com/en/padel-balls/12157-can-of-balls-all-for-padel-pro-bounce-adidas-8436548247515.html | https://allforpadel.com/en/143-balls,limited,yes,CURRENT,no,prod-adidas-pro-bounce,Sold via All For Padel as Adidas/AFP Pro Bounce; distinct from Speed RX,verified,CATALOGED_CURRENT,In researched verified/likely inventory and kept in canonical catalog.
balls,competition,Adidas,Adidas Aditour,Aditour,,unisex,,,discontinued,,unknown,yes,DISCONTINUED,yes,prod-adidas-aditour-padel,Superseded by Speed RX in EU retail naming,verified,DISCONTINUED,Discontinued / superseded naming.
balls,control,Adidas,Adidas Aditour / adiTour XP,Aditour XP,previous,unisex,control,https://todopadel.online/gb/adidas/1258-aditour-8436548248284.html,discontinued,https://www.zonadepadel.com/adidas-padel/3154-pellets-aditour-xp.html | https://www.streetpadel.com/fr/pack-3-boites-de-balles-adidas-aditour-xp-p-10594.html,no,limited,DISCONTINUED,no,,Older Adidas control line; mostly OOS/historical listings; Speed RX is current Adidas flagship,verified,DISCONTINUED,Discontinued / superseded naming.
balls,competition,Adidas,Adidas Serie+ Tour,Serie+ Tour,,unisex,,https://padelshop.com/collections/adidas-padel-balls,current,https://padelshop.com/collections/adidas-padel-balls,limited,yes,CURRENT,no,prod-adidas-serie-tour,Second Adidas padel ball — calmer vs Speed RX (NL retailer editorial),verified,CATALOGED_CURRENT,In researched verified/likely inventory and kept in canonical catalog.
balls,fast,Adidas,Adidas Speed RX,Speed RX,current,unisex,speed,https://allforpadel.com/en/143-balls,current,https://padelshop.com/nl/collections/padelballen | https://www.cricket-hockey.com/en/adidas-speed-rx-padel-balls-tube-of-3-2026,yes,yes,CURRENT,yes,prod-adidas-speed-rx,All For Padel official licensee; FIP; WC2026 packaging is special edition of same Speed RX model,verified,CATALOGED_CURRENT,In researched verified/likely inventory and kept in canonical catalog.
balls,competition,Babolat,Babolat Ace,Ace,current,unisex,premium/all-round,https://www.tiendapadelpoint.com/en/3-ball-pot-babolat-ace-padel-en,current,https://padelave.com/collections/padel-balls | https://padel-magazine.co.uk/Guide-and-comparison-2025%3A-How-to-choose-your-padel-ball-from-32-options/,limited,yes,CURRENT,no,prod-babolat-ace,Listed in 2026 32-ball comparison and EU shops; Ace is distinct from Court,verified,CATALOGED_CURRENT,In researched verified/likely inventory and kept in canonical catalog.
balls,competition,Babolat,Babolat Court,Court,current,unisex,competition,https://www.babolat.com/gb/court-x3/501098.html,current,https://www.babolat.com/gb/court-x3/501098.html | https://padelshop.com/nl/collections/padelballen,yes,yes,CURRENT,no,prod-babolat-court,Official Babolat Court x3; FIP/FFT homologation,verified,CATALOGED_CURRENT,In researched verified/likely inventory and kept in canonical catalog.
balls,training,Babolat,Babolat Short,Short,unknown,unisex,beginner/training,https://padel-magazine.co.uk/Guide-and-comparison-2025%3A-How-to-choose-your-padel-ball-from-32-options/,unknown,,unknown,yes,CURRENT,yes,prod-babolat-short,Named in 2026 guide as slow learning ball; exact commercial naming/status unclear vs Court/Ace,verified,CATALOGED_CURRENT,In researched verified/likely inventory and kept in canonical catalog.
balls,training,Babolat,Babolat Short,Short,unknown,unisex,beginner/training,https://padel-magazine.co.uk/Guide-and-comparison-2025%3A-How-to-choose-your-padel-ball-from-32-options/,unknown,,unknown,yes,CURRENT,yes,prod-babolat-short,Named in 2026 guide as slow learning ball; exact commercial naming/status unclear vs Court/Ace,verified,CATALOGED_CURRENT,Babolat Short/Soft training ball appears in 2026 32-ball market comparison as distinct slow learning ball vs Court/Ace.
balls,control,Black Crown,Black Crown One,One,current,unisex,control/durability,https://www.padelmq.com/en/products/black-crown-one-padel-ball-box,current,https://www.padelmq.com/en/products/black-crown-one-padel-ball-box | https://padel-magazine.co.uk/Guide-and-comparison-2025%3A-How-to-choose-your-padel-ball-from-32-options/,yes,yes,CURRENT,no,prod-black-crown-one,Distinct control/durability sibling of Black Crown Pro; club boxes available,verified,CATALOGED_CURRENT,In researched verified/likely inventory and kept in canonical catalog.
balls,competition,Black Crown,Black Crown Pro,Pro,current,unisex,match/fast,https://www.padelmq.com/en-nl/products/black-crown-pro-padel-balls-tube,current,https://padelshop.com/nl/collections/padelballen | https://www.padelmq.com/en-nl/products/black-crown-pro-padel-balls-tube,yes,yes,CURRENT,no,prod-black-crown-pro,NL Padelshop + BE PadeLMQ; 2026 comparison multipurpose/fast match ball,verified,CATALOGED_CURRENT,In researched verified/likely inventory and kept in canonical catalog.
balls,competition,Bullpadel,Bullpadel FIP Next,FIP Next,current (Next gen),unisex,standard,https://www.bullpadel.com/gb/77-balls,current,https://www.bullpadel.com/gb/77-balls | https://padel-magazine.co.uk/stephane-penso-tests-the-ball-bullpadel-next-pro/,yes,yes,CURRENT,no,prod-bullpadel-fip-next,Official balls category lists Next alongside Next Pro; slightly less pressurized / more control vs Next Pro,verified,CATALOGED_CURRENT,In researched verified/likely inventory and kept in canonical catalog.
balls,fast,Bullpadel,Bullpadel FIP Next Pro,FIP Next Pro,current (Next gen),unisex,speed/competition,https://www.bullpadel.com/gb/1705-balls-pot-bullpadel-bp-fip-next-pro.html,current,https://padelshop.com/nl/collections/padelballen | https://padelmarket.com/en-gb/products/bullpadel-next-pro-tube-of-3-balls,yes,yes,CURRENT,no,prod-bullpadel-fip-next-pro,Official Bullpadel store + NL Padelshop; FIP/Premier Padel event ball; max-speed Next line,verified,CATALOGED_CURRENT,In researched verified/likely inventory and kept in canonical catalog.
balls,club,Bullpadel,Bullpadel Next,Next,2026,unisex,,https://www.bullpadel.com,current,https://mrhsport.com/blogs/the-clubhouse-blog/bullpadel-padel-balls-explained-premium-pro-next-next-pro,limited,yes,CURRENT,no,prod-bullpadel-next,2026 mid-tier durable club/competition ball,verified,CATALOGED_CURRENT,In researched verified/likely inventory and kept in canonical catalog.
balls,premium,Bullpadel,Bullpadel Next Pro,Next Pro,2026,unisex,,https://www.bullpadel.com,current,https://mrhsport.com/blogs/the-clubhouse-blog/bullpadel-padel-balls-explained-premium-pro-next-next-pro,limited,yes,CURRENT,no,prod-bullpadel-next-pro,2026 Bullpadel flagship tournament ball; Premier Padel/FIP association,verified,CATALOGED_CURRENT,In researched verified/likely inventory and kept in canonical catalog.
balls,fast,Bullpadel,Bullpadel Premium Gold,Premium Gold,previous,unisex,speed,https://www.bullpadel.com/gb/77-balls,discontinued,https://www.zonadepadel.com/bullpadel/5931-bote-pelotas-bullpadel-premium-gold.html | https://funpadel.pt/bullpadel-premium-gold-padel-balls-box-of-24-tubes-72-balls,limited,limited,PREVIOUS_GENERATION,yes,prod-bullpadel-premium-gold,Deprecated/clearance on major EU shops; superseded by Premium Pro / Next line on official catalog,verified,CATALOGED_PREVIOUS,Previous-generation inventory row; not current market discovery.
balls,competition,Bullpadel,Bullpadel Premium Pro,Premium Pro,current,unisex,all-round/premium,https://www.bullpadel.com/gb/517-pelotas-bullpadel-premium-pro.html,current,https://www.bullpadel.com/gb/77-balls | https://padelshop.com/nl/collections/padelballen,yes,yes,CURRENT,yes,prod-bullpadel-premium-pro,Still on official Bullpadel balls page as high-speed durable can,verified,CATALOGED_CURRENT,In researched verified/likely inventory and kept in canonical catalog.
balls,fast,Drop Shot,Drop Shot Speed Tech,Speed Tech,,unisex,,,current,https://shop.thepadelclub.com/collections/balls,unknown,yes,CURRENT,yes,prod-drop-shot-speed-tech,Drop Shot Speed Tech listed as distinct from Tournament Tech on The Padel Club.,verified,CATALOGED_CURRENT,Drop Shot ball range.
balls,fast,Drop Shot,Drop Shot Tournament Speed Pro,Tournament Speed Pro,,unisex,,https://www.drop-shot.com,current,https://justpadel.com/en/blogs/blog/these-are-the-5-best-padel-balls-of-2026,limited,yes,CURRENT,no,prod-drop-shot-tournament-speed-pro,Cited in NL best-balls editorial; verify manufacturer PDP,likely,CATALOGED_CURRENT,In researched verified/likely inventory and kept in canonical catalog.
balls,competition,Drop Shot,Drop Shot Tournament Tech,Tournament Tech,current,unisex,competition,https://padelproshop.com/en-mtcy/products/can-of-drop-shot-padel-balls-tournament-pro,unknown,https://padelproshop.com/en-mtcy/products/can-of-drop-shot-padel-balls-tournament-pro,limited,yes,CURRENT,yes,prod-drop-shot-tournament-tech,Active EU specialist listing; manufacturer PDP not strongly confirmed in this pass,verified,CATALOGED_CURRENT,Drop Shot Tournament Tech/Pro actively sold on EU specialists (The Padel Club lists Tournament Tech + Speed Tech + Training Tech).
balls,competition,Drop Shot,Drop Shot Tournament Tech,Tournament Tech,current,unisex,competition,https://padelproshop.com/en-mtcy/products/can-of-drop-shot-padel-balls-tournament-pro,unknown,https://padelproshop.com/en-mtcy/products/can-of-drop-shot-padel-balls-tournament-pro,limited,yes,CURRENT,yes,prod-drop-shot-tournament-tech,Active EU specialist listing; manufacturer PDP not strongly confirmed in this pass,verified,CATALOGED_CURRENT,In researched verified/likely inventory and kept in canonical catalog.
balls,training,Drop Shot,Drop Shot Training Tech,Training Tech,,unisex,,,current,https://shop.thepadelclub.com/collections/balls,unknown,yes,CURRENT,yes,prod-drop-shot-training-tech,Drop Shot Training Tech distinct training can.,verified,CATALOGED_CURRENT,Drop Shot ball range.
balls,training,Dunlop,Dunlop Eco Padel,Eco,current,unisex,pressureless training/bulk,https://padelgearpro.nl/dunlop-eco-padel-24x3-review/,current,https://padelshop.com/nl/collections/padelballen | https://padelgearpro.nl/dunlop-eco-padel-24x3-review/,yes,yes,CURRENT,no,prod-dunlop-eco,Pressureless durable training ball; NL reviews and Padelshop listings; bulk club use,verified,CATALOGED_CURRENT,In researched verified/likely inventory and kept in canonical catalog.
balls,competition,Dunlop,Dunlop Fort Padel,Fort Padel,,unisex,,https://www.dunlopsports.com,current,https://www.zonadepadel.com/blog/2026/08/comparison-of-the-best-padel-balls/,yes,yes,CURRENT,yes,prod-dunlop-pro-padel,Current EU Dunlop Fort Padel competition/training durability can,verified,CATALOGED_CURRENT,In researched verified/likely inventory and kept in canonical catalog.
balls,fast,Dunlop,Dunlop Fort Padel,Fort,current,unisex,fast/punchy,https://www.zonadepadel.uk/dunlop-padel/11377-bottle-balls-dunlop-fort-padel.html,current,https://padel-magazine.co.uk/Guide-and-comparison-2025%3A-How-to-choose-your-padel-ball-from-32-options/ | https://thepadelgang.co.uk/dunlop-pro-padel-balls/,limited,yes,CURRENT,yes,prod-dunlop-pro-padel,2026 comparison lists Fort separately from Pro; Fort Core punchy bounce positioning,verified,CATALOGED_CURRENT,In researched verified/likely inventory and kept in canonical catalog.
balls,competition,Dunlop,Dunlop Pro Padel,Pro,current,unisex,competition,https://www.padelmq.com/en/products/dunlop-pro-padel-ball-tube,current,https://www.padelmq.com/en-nl/products/dunlop-pro-padel-ball-tube | https://padelshop.com/nl/collections/padelballen,yes,yes,CURRENT,no,prod-dunlop-pro,FIP match ball; strong BE/NL warehouse stock (PadeLMQ); distinct from Team/Fort/Eco,verified,CATALOGED_CURRENT,In researched verified/likely inventory and kept in canonical catalog.
balls,club,Dunlop,Dunlop Team Padel,Team,current,unisex,recreational/club,https://thepadelgang.co.uk/dunlop-pro-padel-balls/,current,https://padelshop.com/nl/collections/padelballen,yes,yes,CURRENT,no,prod-dunlop-team,NL Padelshop lists Dunlop Team; slower forgiving club/coaching can vs Pro,verified,CATALOGED_CURRENT,In researched verified/likely inventory and kept in canonical catalog.
balls,competition,Fila,Fila Premium Padel,Premium,current,unisex,premium,https://padel-magazine.co.uk/Guide-and-comparison-2025%3A-How-to-choose-your-padel-ball-from-32-options/,unknown,,unknown,yes,CURRENT,no,prod-ball-rescuer-premium,2026 comparison (yellow/white variants noted as colorways not distinct products),verified,CATALOGED_CURRENT,Fila Premium / Premium Pro appear as distinct felt/dynamic models in 2026 Padel Magazine 32-ball test; yellow/white are colorways of Premium line — one product + Premium Pro sibling if evidenced separately.
balls,competition,Fila,Fila Premium Pro,Premium Pro,,unisex,,,current,https://www.padel-magazine.co.uk/Guide-and-comparison-2025%3A-How-to-choose-your-padel-ball-from-32-options/,unknown,yes,CURRENT,yes,prod-fila-premium-pro,Fila Premium Pro listed separately from Premium in 2026 32-ball comparison (dynamic rebound).,verified,CATALOGED_CURRENT,Fila ball range.
balls,club,HEAD,HEAD Padel One,One,current,unisex,intermediate,https://padelmarket.com/en-eu/products/head-padel-one-tube-of-3-balls,current,https://pace-shop.be/en/products/padel-ballen-head-one | https://www.tenniswarehouse-europe.com/catpage-HEADPADEL-EN.html,limited,yes,CURRENT,yes,prod-head-padel-one,Active EU listings (TWE/Padel Market/BE); mid-tier between Team and Pro,verified,CATALOGED_CURRENT,In researched verified/likely inventory and kept in canonical catalog.
balls,fast,HEAD,HEAD Padel Pro S+,Pro S+,current (+),unisex,speed/fast,https://www.head.com/en_US/rs/stories/head-exclusive-ball-valencia-premier-padel,current,https://www.tenniswarehouse-europe.com/catpage-HEADPADEL-EN.html | https://padelshop.com/collections/head-padel-balls,yes,yes,CURRENT,yes,prod-head-padel-pro-s,Official Valencia P1 2026 women's ball; faster/firmer vs Pro+; widely stocked NL/EU,verified,CATALOGED_CURRENT,In researched verified/likely inventory and kept in canonical catalog.
balls,competition,HEAD,HEAD Padel Pro+,Pro+,current (+),unisex,standard/control,https://www.head.com/en_US/rs/stories/head-exclusive-ball-valencia-premier-padel,current,https://www.tenniswarehouse-europe.com/catpage-HEADPADEL-EN.html | https://padelshop.com/collections/head-padel-balls,yes,yes,CURRENT,yes,prod-head-padel-pro-plus,Official Valencia Premier Padel P1 2026 men's ball; control/thinner-wall sibling of Pro S+; NL stock via Padelshop/TWE,verified,CATALOGED_CURRENT,In researched verified/likely inventory and kept in canonical catalog.
balls,club,HEAD,HEAD Padel Team,Team,current,unisex,training/club,https://www.tenniswarehouse-europe.com/Head_Padel_Team_Ball_3-Ball_Tri-Pack/descpageHEADPA-HPB3CANS-EN.html,current,https://padelmarket.com/en-eu/products/head-padel-team-3-tubes-of-3-balls | https://www.tenniswarehouse-europe.com/catpage-HEADPADEL-EN.html,yes,yes,CURRENT,yes,prod-head-padel-team,Still sold EU 2026 as slower progression/club can; Spanish federation positioning on retailer copy,verified,CATALOGED_CURRENT,In researched verified/likely inventory and kept in canonical catalog.
balls,club,Joma,Joma Tournament,Tournament,previous,unisex,club/value,https://www.joma-sport.com/en_US/sport/padel/,discontinued,https://www.zonadepadel.com/joma/7208-jar-balls-joma-tournament-yellow.html | https://padel-spain.es/gb/630-joma,no,limited,DISCONTINUED,no,,Zona deprecated; Joma Sport padel site focuses on rackets/shoes not balls in 2026,verified,DISCONTINUED,Discontinued / superseded naming.
balls,club,Kuikma,Kuikma PB Club,PB Club,current,unisex,club/training,https://www.decathlon.com.gr/en/p/347532-441291-pressurised-padel-balls-kuikma-pb-club-case-of-18-tubes-of-4-balls.html,current,https://padelracketkopen.nl/padel-ballen/kuikma-pb-club-18x-4st/ | https://www.decathlon.nl/search?Ntt=kuikma%20pb%20club,yes,yes,CURRENT,yes,prod-kuikma-pb-club,Club durability/fast-in-slow-conditions; bulk cases common; Decathlon channel,verified,CATALOGED_CURRENT,In researched verified/likely inventory and kept in canonical catalog.
balls,control,Kuikma,Kuikma PB Control,PB Control,current,unisex,control,https://www.decathlon.com.gr/en/p/342362-216782-pressurised-padel-balls-kuikma-pb-control-pack-of-3.html,current,https://padelracketkopen.nl/padel-ballen/kuikma-pb-control-3st/ | https://www.decathlon.nl/search?Ntt=kuikma%20pb%20control,yes,yes,CURRENT,yes,prod-kuikma-pb-control,FIP; warm/altitude control can; NL reseller stock,verified,CATALOGED_CURRENT,In researched verified/likely inventory and kept in canonical catalog.
balls,fast,Kuikma,Kuikma PB Speed,PB Speed,current,unisex,speed,https://www.decathlon.ca/en/p/8788980/pressurized-padel-balls-x3-pb-speed,current,https://padelracketkopen.nl/padel-ballen/kuikma-pb-speed-doos-24x-3st/ | https://www.decathlon.nl/search?Ntt=kuikma%20pb%20speed,yes,yes,CURRENT,yes,prod-kuikma-pb-speed,FIP; Decathlon exclusive; for cool/humid/sea-level; NL specialty + Decathlon channel,verified,CATALOGED_CURRENT,In researched verified/likely inventory and kept in canonical catalog.
balls,competition,Nox,NOX Nerbo,Nerbo,current,unisex,standard/competition,https://noxsport.com/en/products/nerbo-balls-3,current,https://padelshop.com/nl/collections/nox-padel-balls | https://www.padelnuestro.com/int/padel-balls/nox,yes,yes,CURRENT,no,prod-nox-nerbo,Official A1 Padel circuit ball (FIP); distinct from Pro Titanium club/competition line,verified,CATALOGED_CURRENT,In researched verified/likely inventory and kept in canonical catalog.
balls,fast,Nox,NOX Nerbo+ Speed,Nerbo+ Speed,current,unisex,speed,https://noxsport.com/en/products/nerbo-balls-3,current,https://padelshop.com/nl/collections/nox-padel-balls | https://funpadel.pt/nox-nerbo-speed-balls-tube,yes,yes,CURRENT,no,prod-nox-nerbo-speed,NL Padelshop stocks Nerbo+ Speed; A1 Padel / FIP positioning on retailer pages,verified,CATALOGED_CURRENT,In researched verified/likely inventory and kept in canonical catalog.
balls,competition,Nox,NOX Pro Titanium,Pro Titanium,current,unisex,competition (3 or 4-ball packs same SKU family),https://noxsport.com/en/collections/padel-balls-pro-titanium,current,https://padelshop.com/nl/collections/nox-padel-balls | https://funpadel.pt/nox-pro-titanium-box-of-24-cans-x-4-balls,yes,yes,CURRENT,no,prod-nox-pro-titanium,Official NOX collection; FFT-approved; 3-ball and 4-ball are pack formats not distinct products,verified,CATALOGED_CURRENT,In researched verified/likely inventory and kept in canonical catalog.
balls,competition,Osaka,Osaka Pro Tour,Pro Tour,current,unisex,all-round,https://osakaworld.com/en-us/products/osaka-pro-tour-padel-ball-3-ball-can-no-color-1,unknown,https://justpadel.com/en/collections/padel-balls,limited,yes,CURRENT,yes,prod-osaka-pro-tour,Included in Jul 2026 32-ball market test; manufacturer/retailer URLs need verify,verified,CATALOGED_CURRENT,Official Osaka Pro Tour can on osakaworld.com; NL JustPadel stocks sibling Vision.
balls,club,Osaka,Osaka Vision,Vision,current,unisex,training/feel,https://osakaworld.com/en-gb/products/osaka-vision-padel-ball-3-ball-can-no-color,unknown,https://justpadel.com/en-in/products/osaka-vision-balls-12x3-pcs,yes,yes,CURRENT,yes,prod-osaka-vision,2026 comparison slow/progression category; URLs need verify,verified,CATALOGED_CURRENT,Official Osaka Vision training/club can; JustPadel NL multipack.
balls,club,Oxdog,Oxdog Boost,Boost,current,unisex,durability/club,https://www.oxdog.net/en/articles/2.36.1241/boost-padel-ball-tube,current,https://padel-magazine.co.uk/Guide-and-comparison-2025%3A-How-to-choose-your-padel-ball-from-32-options/,limited,yes,CURRENT,no,prod-tuboplus-boost,2026 comparison lists Boost separately from BOOST+ as durability standout; confirm discrete manufacturer SKU,likely,CATALOGED_CURRENT,In researched verified/likely inventory and kept in canonical catalog.
balls,fast,Oxdog,Oxdog BOOST+,BOOST+,current,unisex,speed,https://www.oxdog.net/en/articles/2.36.1241/boost-padel-ball-tube,current,https://padelshop.com/nl/collections/padelballen | https://www.padelmq.com/en/products/oxdog-boost-padel-ball-tube,yes,yes,CURRENT,no,prod-oxdog-boost,Official Oxdog BOOST+; NL stock; speed/power focus,verified,CATALOGED_CURRENT,In researched verified/likely inventory and kept in canonical catalog.
balls,competition,Pallap,Pallap Competition 01,Competition 01,current,unisex,competition,https://padel-magazine.co.uk/Guide-and-comparison-2025%3A-How-to-choose-your-padel-ball-from-32-options/,unknown,,unknown,yes,CURRENT,yes,prod-pallap-competition-01,Niche EU brand in 2026 comparison; commercially smaller than HEAD/Wilson,verified,CATALOGED_CURRENT,Pallap Competition 01 included in 2026 independent 32-ball market test; niche ES brand but commercially present.
balls,club,Prince,Prince Padel Club,Padel Club,current/limited,unisex,club,https://megango.com/ball-padel-club-3-pcs-prince.html,unknown,https://megango.com/ball-padel-club-3-pcs-prince.html,unknown,limited,UNKNOWN,no,,EU retailer listing for club artificial-grass ball; weak manufacturer confirmation,verified,NOT_COMMERCIALLY_MEANINGFUL,Only weak single-retailer listings; no manufacturer padel balls hub. Exclude from meaningful NL/EU catalog scope.
balls,competition,RS,RS Champions Choice,Champions Choice,current,unisex,tournament,https://rs-sports.com/en-us/products/rs-champions-choice-x-1,current,https://rs-sports.com/en-us/products/rs-champions-choice-24 | https://rs-sports.com/en-us/products/rs-champions-choice-x-1,limited,yes,CURRENT,no,prod-rs-champions-choice,Official RS Sports; Simon Vasquez/Söderling tournament ball; Nordics/EU brand,verified,CATALOGED_CURRENT,In researched verified/likely inventory and kept in canonical catalog.
balls,competition,RS,RS Nova X,Nova X,current,unisex,mid-speed,https://rs-sports.com/en-global/products/rs-padel-nova-x,current,https://rs-sports.com/en-us/products/rs-padel-nova-x-3 | https://rs-sports.com/en-us/products/rs-padel-nova-x-3x24,limited,yes,CURRENT,no,prod-rs-nova-x,Official mid-speed between Tour X and Champions Choice,verified,CATALOGED_CURRENT,In researched verified/likely inventory and kept in canonical catalog.
balls,club,RS,RS Padel Tour X,Padel Tour X,previous/current,unisex,entry/club,https://rs-sports.com/en-global/products/rs-padel-nova-x,unknown,https://rs-sports.com/en-us/products/rs-padel-nova-x-3,limited,yes,PREVIOUS_GENERATION,no,,Referenced as predecessor to Nova X on official Nova X copy; confirm current SKU availability,verified,CONFIRMED_PREVIOUS,"Official RS copy positions Tour X as predecessor to Nova X; catalog as previous_generation if retained, otherwise exclude from current shelves."
balls,control,Siux,Siux Neo,Neo,current,unisex,standard/control,https://www.siuxpadel.com/en/blogs/press/nace-siux-neo-las-nuevas-pelotas-de-padel-disenadas-para-cada-tipo-de-jugador,current,https://www.padelnuestro.com/uk/padel-balls-uk | https://padelave.com/collections/padel-balls,limited,yes,CURRENT,no,prod-siux-neo,FIP-approved Neo for heat/altitude/control; Neo 26 listings on Padel Nuestro,verified,CATALOGED_CURRENT,In researched verified/likely inventory and kept in canonical catalog.
balls,fast,Siux,Siux Neo Speed,Neo Speed,2026,unisex,,https://www.siuxpadel.com,current,https://justpadel.com/en/blogs/blog/these-are-the-5-best-padel-balls-of-2026,yes,yes,CURRENT,no,prod-siux-neo-speed,Distinct fast sibling vs Neo — do not collapse,verified,CATALOGED_CURRENT,In researched verified/likely inventory and kept in canonical catalog.
balls,fast,Siux,Siux Neo Speed / Neo S,Neo Speed (Neo S),current,unisex,speed,https://padel-magazine.co.uk/siux-obtains-approval-from-the-fip-for-its-neo-and-neo-speed-balls/,current,https://padellocus.com/en/product/siux-neo-speed-padel-balls/ | https://www.padelnuestro.com/uk/padel-balls-uk,limited,yes,CURRENT,no,prod-siux-neo-speed-neo-s,FIP Neo Speed for sea-level/humid/fast play; also marketed as Neo S in 2026 guides,verified,CATALOGED_CURRENT,In researched verified/likely inventory and kept in canonical catalog.
balls,competition,Slazenger,Slazenger Challenge No.1,Challenge No.1,current,unisex,competition,https://www.slazenger.com/slazenger-padel-balls-3-balls-738846,limited,https://www.lovellsports.com/products/slazenger-padel-balls-3-ball | https://padelshop.com/collections/slazenger-padel-balls,limited,yes,CURRENT_LIMITED,no,prod-slazenger-challenge-no-1,FIP Challenge No.1; official site often OOS; NL Padelshop collection page exists but stock thin,verified,CATALOGED_CURRENT,In researched verified/likely inventory and kept in canonical catalog.
balls,competition,StarVie,StarVie Padel Master,Padel Master,previous,unisex,competition,https://www.zonadepadel.com/star-vie/7644-box-starvie-padel-master-ball-24-x-3.html,unknown,https://www.zonadepadel.com/star-vie/7644-box-starvie-padel-master-ball-24-x-3.html | https://padelpointcy.com/product/starvie-padel-master-ball-box-pack-of-24/,unknown,limited,PREVIOUS_GENERATION,no,,Former National Padel Series ball; Zona marks deprecated; weak 2026 manufacturer presence,likely,CONFIRMED_PREVIOUS,No current StarVie ball line on official/specialist (Master historic).
balls,training,Tecnifibre,Tecnifibre Padel Team,Padel Team,current,unisex,training,https://www.tecnifibre.com/en/collections/balles-de-padel,current,https://www.padelmq.com/en-nl/products/tube-van-3-tecnifibre-padel-team-ballen | https://www.tecnifibre.com/en/collections/balles-de-padel,yes,yes,CURRENT,yes,prod-tecnifibre-padel-team,On official Tecnifibre padel balls collection as lively training can,verified,CATALOGED_CURRENT,In researched verified/likely inventory and kept in canonical catalog.
balls,competition,Tecnifibre,Tecnifibre Padel Tour,Padel Tour,current/limited,unisex,competition,https://www.squashgearpro.com/shop/140-padel-tennis-balls/1907-tecnifibre-padel-tour-padel-balls---1-tube/,unknown,https://padel-magazine.co.uk/Guide-and-comparison-2025%3A-How-to-choose-your-padel-ball-from-32-options/ | https://www.squashgearpro.com/shop/140-padel-tennis-balls/1907-tecnifibre-padel-tour-padel-balls---1-tube/,limited,yes,CURRENT,yes,prod-tecnifibre-padel-tour,Appears in 2026 comparisons; not clearly on current Tecnifibre collection page (Team/X-One are),verified,CATALOGED_CURRENT,Tecnifibre Tour appears alongside Team/X-One in 2026 32-ball comparison as high-touch competition can.
balls,premium,Tecnifibre,Tecnifibre X-One Padel,X-One,current,unisex,premium,https://www.tecnifibre.com/en/collections/balles-de-padel,current,https://www.extreme-tennis.eu/tecnifibre-padel-balls/22294-tecnifibre-x-one-padel-3-balls-can.html | https://www.padelnuestro.com/uk/padel-balls-uk,limited,yes,CURRENT,no,prod-tecnifibre-x-one,Official Tecnifibre site lists X-One as comfortable/durable premium; EU specialist stock,verified,CATALOGED_CURRENT,In researched verified/likely inventory and kept in canonical catalog.
balls,control,Tretorn,Tretorn Serie+ Padel Control,Serie+ Padel Control,current,unisex,control,https://www.tretorn.eu/gb/serie-padel-control-padel-ball-men-women-474481070,limited,https://www.tretorn.eu/gb/serie-padel-control-padel-ball-men-women-474481070,unknown,limited,CURRENT_LIMITED,no,prod-tretorn-serie-padel-control,Official Tretorn soft-core control model; official page often OOS,verified,CATALOGED_CURRENT,In researched verified/likely inventory and kept in canonical catalog.
balls,fast,Tretorn,Tretorn Serie+ Padel Tour,Serie+ Padel Tour,current,unisex,speed,https://www.tretorn.eu/gb/serie-padel-tour-padel-ball-men-women-474470070,current,https://padelshop.com/nl/collections/padelballen | https://www.tretorn.eu/gb/serie-padel-tour-padel-ball-men-women-474470070,yes,yes,CURRENT,no,prod-tretorn-serie-padel-tour,Official Tretorn TRI-TEC high-speed ball; NL Padelshop stock,verified,CATALOGED_CURRENT,In researched verified/likely inventory and kept in canonical catalog.
balls,competition,Varlion,Varlion Summum Ball,Summum,,unisex,,https://www.varlion.com,current,,unknown,yes,CURRENT,no,,Investigate Varlion ball range on ES specialists,verified,DUPLICATE,Generic 'Summum Ball' stub maps to official Summum Pro W (and sibling Summum Pro S). Replace stub; catalog concrete Pro W/Pro S SKUs.
balls,control,Varlion,Varlion Summum Pro S,Summum Pro S,,unisex,,https://www.varlion.com/gb/balls/,current,https://www.varlion.com/gb/balls/,unknown,yes,CURRENT,yes,prod-varlion-summum-pro-s,Official Varlion balls page lists Summum Pro S alongside Summum Pro W as distinct current SKUs (pressure/condition siblings).,verified,CATALOGED_CURRENT,Confirmed official sibling of Summum Pro W.
balls,fast,Varlion,Varlion Summum Pro W,Summum Pro W,,unisex,,https://www.varlion.com/gb/padel/balls/summum-pro-w-ball-box-24-units.html,current,https://www.varlion.com/gb/balls/,unknown,yes,CURRENT,yes,prod-varlion-summum-pro-w,Official Summum Pro W (BALLPA200100306) — higher pressure for sea-level/cold; Mendoza/Madrid Premier Padel history.,verified,CATALOGED_CURRENT,Resolves Varlion Summum stub.
balls,fast,Volt,Volt Premium,Premium,current,unisex,fast/competition-training,https://www.voltpadel.com/shop/products/p/premium-padel-balls,current,https://padelshop.com/nl/collections/padelballen | https://www.voltpadel.com/shop/products/p/premium-padel-balls,yes,yes,CURRENT,no,prod-ball-rescuer-premium,Official Volt Premium; NL Padelshop lists Volt in ball assortment,verified,CATALOGED_CURRENT,In researched verified/likely inventory and kept in canonical catalog.
balls,competition,Wilson,Wilson Premier Padel,Premier Padel,current,unisex,standard/control,https://www.wilson.com/en-us/product/premier-padel-speed-3-ball-can-wr8908500,current,https://padelshop.com/nl/products/wilson-premier-padel-balls-1-can | https://www.padelmq.com/en-eu/products/wilson-premier-padel-speed-box-24,yes,yes,CURRENT,no,prod-wilson-premier-padel,Official Premier Padel standard can; control sibling of Premier Speed; strong NL stock,verified,CATALOGED_CURRENT,In researched verified/likely inventory and kept in canonical catalog.
balls,fast,Wilson,Wilson Premier Padel Speed,Premier Padel Speed,current,unisex,speed,https://www.wilson.com/en-us/product/premier-padel-speed-3-ball-can-wr8908500,current,https://www.tenniswarehouse-europe.com/Wilson_Premier_Padel_Speed_3_Ball_Bi-Pack_/descpageWILPADS-WPBPREPADBP-EN.html | https://padelshop.com/nl/collections/padelballen,yes,yes,CURRENT,yes,prod-wilson-padel-premier-speed,Official Premier Padel Speed can; New Dura-Weave; cold/slow-court positioning,verified,CATALOGED_CURRENT,In researched verified/likely inventory and kept in canonical catalog.
balls,club,Wilson,Wilson Rush 100,Rush 100,current,unisex,value/club,https://www.newitts.com/wilson-padel-rush-100-padel-balls,current,https://www.newitts.com/wilson-padel-rush-100-padel-balls | https://padel-magazine.co.uk/Guide-and-comparison-2025%3A-How-to-choose-your-padel-ball-from-32-options/,limited,yes,CURRENT,no,prod-wilson-rush-100,Still in 2026 market comparisons and EU retail; value/faster general-purpose vs Premier pair,verified,CATALOGED_CURRENT,In researched verified/likely inventory and kept in canonical catalog.
balls,fast,Wilson,Wilson X3 / Performance Speed,X3 Performance Speed,previous,unisex,speed,https://mas.wilson.com/products/wilson-padel-x3-performance-balls-3-balls-per-can-wr8900801001,limited,https://www.testfakta.com/sites/default/files/2023-08/Padel%20balls%20%28ENG%29%5B21%5D.pdf,unknown,limited,PREVIOUS_GENERATION,no,,Pre-Premier X3 Performance Speed line; largely replaced by Premier Padel / Speed naming in EU,verified,CONFIRMED_PREVIOUS,Previous-generation inventory row; not current market discovery.
grips,other,4ON,TotalGrip Spray,TotalGrip,current,unisex,100–200 ml anti-slip spray (enhancer not wrap),https://www.4on.store/products/totalgrip/4on-totalgrip-spray,current,https://www.4on.store/products/totalgrip/4on-totalgrip-spray|https://www.padelmq.com/en-eu/collections/%F0%9F%8E%BE-racket-accessoires,yes,yes,CURRENT,no,prod-4on-totalgrip,Grip enhancer spray (Tapia ambassadors); PadeLMQ stocks. Subcategory=other/enhancer — not an overgrip wrap.,verified,CATALOGED_CURRENT,In researched verified/likely inventory and kept in canonical catalog.
grips,overgrip,Adidas,Adidas Padel Overgrip,Overgrip,,unisex,,,current,,unknown,yes,CURRENT,yes,prod-adidas-padel-overgrip,Existing draft row,verified,CATALOGED_CURRENT,In researched verified/likely inventory and kept in canonical catalog.
grips,overgrip,Adidas,Perforated Overgrip X3,Perforated / AC2BA1WH,current,unisex,white microperforated; 3-pack,https://www.adidas.com,current,https://padel-spain.es/gb/accesories-of-paddle/214712-adidas-perforated-overgrip-3-pack-white-8436548248185.html|https://padellifeshop.com/product/adidas-overgrip-perforated-x3-white/,yes,yes,CURRENT,no,prod-adidas-perforated-ac2ba1wh,Confirms Adidas padel perforated 3-pack identity for vague Kitletics adidas-padel-overgrip draft.,verified,CATALOGED_CURRENT,In researched verified/likely inventory and kept in canonical catalog.
grips,overgrip,Adidas,Tacky Feeling Overgrip,Tacky Feeling,current,unisex,white; 3-pack,https://www.adidas.com,current_retail,https://padellifeshop.com/product/adidas-overgrip-perforated-x3-white/,likely,yes,CURRENT,yes,prod-adidas-tacky-feeling,Some retailers label Adidas padel overgrips Tacky Feeling — may be same or adjacent SKU to Perforated; collapse if identical EAN.,likely,CATALOGED_CURRENT,In researched verified/likely inventory and kept in canonical catalog.
grips,overgrip,Babolat,Pro Response,Pro Response,current,unisex,x3; ~0.45 mm thin tacky,https://www.babolat.com/gb/pro-response-x3/653048.html,current,https://www.babolat.com/gb/pro-response-x3/653048.html,yes,yes,CURRENT,yes,prod-babolat-pro-response,Thin high-absorption overgrip used across racket sports including padel. Kitletics seeded.,verified,CATALOGED_CURRENT,In researched verified/likely inventory and kept in canonical catalog.
grips,overgrip,Babolat,Pro Tour,Pro Tour,current,unisex,x3; comfort cushion overgrip,https://www.babolat.com,current_retail,https://padelmad.co.uk/equipment/accessories/best-padel-overgrips-2026-complete-uk-buyers-guide/,yes,yes,CURRENT,no,prod-babolat-pro-tour,Comfort-first Babolat overgrip frequently shortlisted 2026 guides; distinct from Pro Response thickness/feel.,verified,CATALOGED_CURRENT,In researched verified/likely inventory and kept in canonical catalog.
grips,replacement,Babolat,Syntec Pro,Syntec Pro,current,unisex,1 unit; ~1.9 mm replacement base,https://www.babolat.com/us/syntec-pro/670051.html,current,https://www.babolat.com/us/syntec-pro/670051.html,yes,yes,CURRENT,yes,prod-babolat-syntec-pro,Replacement base grip sticky/traction; Kitletics prod-babolat-syntec-pro.,verified,CATALOGED_CURRENT,In researched verified/likely inventory and kept in canonical catalog.
grips,replacement,Babolat,Syntec Team / Syntec Grip,Syntec Team,current,unisex,1 unit; softer Syntec family,https://www.babolat.com,current_retail,https://www.babolat.com,likely,yes,CURRENT,yes,prod-babolat-syntec-team,Softer Syntec replacement sibling commonly stocked with Syntec Pro — verify exact padel-facing SKU name.,likely,CATALOGED_CURRENT,In researched verified/likely inventory and kept in canonical catalog.
grips,overgrip,Babolat,VS Original,VS Original,current,unisex,white; ~0.43 mm thinnest; x1/x3,https://www.babolat.com,current,https://tennisshot.gr/en-gb/babolat-vs-original-white-x1-padel,yes,yes,CURRENT,no,prod-babolat-vs-original,Thinnest Babolat overgrip; dry feel / minimal size change. Strong tennis-crossover SKU on padel shelves.,verified,CATALOGED_CURRENT,In researched verified/likely inventory and kept in canonical catalog.
grips,overgrip,Black Crown,Perforated Overgrip,Black Crown Perforated,current,unisex,3/12/100 packs,https://blackcrownpadel.com,current_retail,https://www.time2padel.com/,yes,yes,CURRENT,yes,prod-black-crown-black-crown-perforated,Value Spanish brand overgrips common on Time2Padel/Padelmania; pack sizes not split.,likely,CATALOGED_CURRENT,In researched verified/likely inventory and kept in canonical catalog.
grips,overgrip,Bullpadel,Bullpadel Comfort Overgrip,Comfort Overgrip,,unisex,,,current,,unknown,yes,CURRENT,no,prod-bullpadel-comfort-overgrip,Investigate full Bullpadel grip SKUs beyond HaC,likely,CATALOGED_CURRENT,In researched verified/likely inventory and kept in canonical catalog.
grips,overgrip,Bullpadel,Bullpadel GB-1608 / HaC Overgrip,HaC,,unisex,,,current,,unknown,yes,CURRENT,yes,prod-bullpadel-gb1200,Existing HaC overgrip,verified,CATALOGED_CURRENT,In researched verified/likely inventory and kept in canonical catalog.
grips,overgrip,Bullpadel,GB-1705 / GB series colors,GB-1705,current,unisex,colored overgrips; 3-packs,https://www.bullpadel.com,current,https://www.bullpadel.com/gb/1580-grip-bullpadel-gb1201-box-50.html,yes,yes,CURRENT,yes,prod-bullpadel-gb-1705,Colored Bullpadel overgrip SKUs in accessories range; commercially secondary to HaC/GB1201 — keep one representative color line if cataloging.,likely,CATALOGED_CURRENT,In researched verified/likely inventory and kept in canonical catalog.
grips,overgrip,Bullpadel,GB1201 Perforated,GB1201,current,unisex,black/white; micro-perforated; 3-pack and box-50,https://www.bullpadel.com/gb/1580-grip-bullpadel-gb1201-box-50.html,current,https://www.bullpadel.com/gb/1580-grip-bullpadel-gb1201-box-50.html,yes,yes,CURRENT,no,prod-bullpadel-gb1201,Perforated dry-touch sibling to HaC; box-50 club pack — note pack size only do not split SKU.,verified,CATALOGED_CURRENT,In researched verified/likely inventory and kept in canonical catalog.
grips,overgrip,Bullpadel,HaC / GB1200,GB1200 HaC,current,unisex,white; 3-pack (+ club boxes),https://www.bullpadel.com,current,https://www.zonadepadel.uk/bullpadel/1390-overgrips-gb1200-blancos.html|https://www.padelmq.com/en/products/bullpadel-overgrips-white,yes,yes,CURRENT,no,prod-bullpadel-gb1200-hac,Absorption-first padel HaC wrap; Kitletics prod-bullpadel-gb1200 (slug bullpadel-hac-overgrip).,verified,CATALOGED_CURRENT,In researched verified/likely inventory and kept in canonical catalog.
grips,overgrip,Drop Shot,Club,Club,current,unisex,multicolor value; 3-pack (+60),https://www.drop-shot.com,current,https://www.padelnuestro.com/int/3-pack-of-drop-shot-club-overgrips|https://www.tradeinn.com/smashinn/en/drop-shot-club-padel-overgrip-60-units/137831704/p,yes,yes,CURRENT,no,prod-drop-shot-club,Club value Drop Shot overgrip; bulk packs noted.,verified,CATALOGED_CURRENT,In researched verified/likely inventory and kept in canonical catalog.
grips,overgrip,Drop Shot,Drop Shot Super Dry Overgrip,Super Dry,,unisex,,,current,,limited,yes,CURRENT,yes,prod-drop-shot-super-dry,Drop Shot Super Dry — absorbent sibling of Super Tacky in EU grip ranges.,verified,CATALOGED_CURRENT,Drop Shot overgrip range.
grips,overgrip,Drop Shot,Super Tacky,Super Tacky,current,unisex,perforated tacky; 3-pack (+60 tub),https://www.drop-shot.com,current,https://pace-shop.be/en/products/padel-accessoires-dropshot-pro-elite-3-pcs|https://www.padelnuestro.com/uk/tub-of-drop-shot-super-tacky-x60-overgrips-30041-p,yes,yes,CURRENT,no,prod-drop-shot-super-tacky,BE/NL shipping evidence (pace-shop.be); tacky micro-perforated. Bulk tub not separate product.,verified,CATALOGED_CURRENT,In researched verified/likely inventory and kept in canonical catalog.
grips,overgrip,Enebe,Lisos / Smooth Overgrip,Enebe Smooth,current,unisex,white; 3-pack,https://enebepadel.com,current,https://www.time2padel.com/en/paddle-accessories/31538-head-antishock-skin-padel-288503-head-726423569015.html,yes,yes,CURRENT,no,prod-enebe-enebe-smooth,Enebe 3-pack smooth white overgrips stocked with protectors.,verified,CATALOGED_CURRENT,In researched verified/likely inventory and kept in canonical catalog.
grips,replacement,Head,HEAD Hydrosorb Replacement Grip,Hydrosorb,,unisex,,,current,,unknown,yes,CURRENT,yes,prod-head-hydrosorb,Existing replacement grip,verified,CATALOGED_CURRENT,In researched verified/likely inventory and kept in canonical catalog.
grips,overgrip,Head,HEAD Prestige Pro Overgrip,Prestige Pro,,unisex,,,current,,unknown,yes,CURRENT,no,prod-head-prestige-pro,Common HEAD tennis/padel overgrip SKU — verify padel listing,likely,CATALOGED_CURRENT,In researched verified/likely inventory and kept in canonical catalog.
grips,overgrip,Head,HEAD Xtreme Soft Overgrip,Xtreme Soft,,unisex,,,current,,unknown,yes,CURRENT,yes,prod-head-xtreme-soft,Existing,verified,CATALOGED_CURRENT,In researched verified/likely inventory and kept in canonical catalog.
grips,replacement,HEAD,Hydrosorb / Hydrosorb Comfort,Hydrosorb Comfort,current,unisex,black; 1 unit; ~2.1 mm thick class,https://www.head.com,current_retail,https://tennisshot.gr/en-gb/head-hydrosorb-comfort-replacement-grip-black,yes,yes,CURRENT,no,prod-head-hydrosorb-comfort,Base/replacement grip not overgrip; thickest Hydrosorb Comfort cushion. Kitletics prod-head-hydrosorb still draft (weak PDP).,verified,CATALOGED_CURRENT,In researched verified/likely inventory and kept in canonical catalog.
grips,replacement,HEAD,Hydrosorb Pro / Sensation,Hydrosorb family,current,unisex,thinner Hydrosorb siblings vs Comfort,https://www.head.com,current_retail,https://tennisshot.gr/,likely,yes,CURRENT,yes,prod-head-hydrosorb-family,Hydrosorb line has multiple thicknesses — catalog Comfort as primary; add Pro/Sensation only if distinct EU SKUs confirmed.,likely,CATALOGED_CURRENT,In researched verified/likely inventory and kept in canonical catalog.
grips,overgrip,HEAD,Padel Pro (smooth),Padel Pro,current,unisex,white; multipacks common,https://www.head.com,current_retail,https://www.padelkiwi.com/en-lt/products/starvie-overgrips-tacky-touch-box-25,yes,yes,CURRENT,yes,prod-head-padel-pro,Smooth padel Pro overgrip line stocked EU specialists alongside perforated sibling — keep as separate model family from Xtreme Soft.,likely,CATALOGED_CURRENT,In researched verified/likely inventory and kept in canonical catalog.
grips,overgrip,HEAD,Padel Pro Perforated,Padel Pro Perforated,current,unisex,black; perforated padel overwrap,https://www.head.com/product/padel-pro-perforated-285701,current_listed,https://www.head.com/product/padel-pro-perforated-285701,likely,yes,CURRENT,yes,prod-head-padel-pro-perforated,HEAD padel-native perforated overwrap (comfort + tack + sweat). Manufacturer page referenced 2026; re-verify live PDP (404 intermittent). | Official HEAD Padel Pro Perforated PDP.,verified,CATALOGED_CURRENT,Onboarded from brand×category discovery.
grips,overgrip,HEAD,Xtreme Soft,Xtreme Soft / XtremeSoft,current,unisex,white/black/colors; 1-unit and multipacks,https://www.head.com,current,https://www.padelmq.com/en-nl/products/head-xtreme-soft-overgrip-wit|https://padel.how/equipment/overgrip/head-xtremesoft-overgrip-review/,yes,yes,CURRENT,no,prod-head-xtreme-soft-xtremesoft,Soft tacky elastomer ~0.5–0.6 mm with large perforations; Kitletics prod-head-xtreme-soft (slug head-xtreme-soft-overgrip).,verified,CATALOGED_CURRENT,In researched verified/likely inventory and kept in canonical catalog.
grips,ergonomic,Hesacore,Carbon Grip,Carbon,current,unisex,stiff carbon-filament feedback,https://shop.hesacore.com/products/padel-hesacore-carbon-grip,current,https://shop.hesacore.com/products/padel-hesacore-carbon-grip|https://www.zonadepadel.uk/bullpadel/10149-grip-hesacore-carbon-bullpadel.html|https://padelmarket.com/en-gb/products/bullpadel-hesacore-carbon-tour-grip-black,yes,yes,CURRENT,no,prod-hesacore-carbon,Stiff/pro Hesacore; also sold co-branded Bullpadel Hesacore Carbon — same system family.,verified,CATALOGED_CURRENT,In researched verified/likely inventory and kept in canonical catalog.
grips,ergonomic,Hesacore,Gel Grip,Gel,current,unisex,softest / max vibration cushion,https://shop.hesacore.com/products/padel-hesacore-tour-grip-gel,current,https://shop.hesacore.com/products/padel-hesacore-tour-grip-gel|https://www.padelmq.com/en-eu/products/hesacore-tour-grip-gel,yes,yes,CURRENT,no,prod-hesacore-gel,Distinct Gel material SKU — commercially meaningful vs Tour; do not collapse into single Hesacore product.,verified,CATALOGED_CURRENT,In researched verified/likely inventory and kept in canonical catalog.
grips,ergonomic,Hesacore,Hesacore Pro / Carbon Grip,Pro Carbon,,unisex,,https://hesacore.com/,current,,unknown,yes,CURRENT,no,prod-hesacore-pro-carbon,Firmer Pro/Carbon Hesacore,verified,CATALOGED_CURRENT,In researched verified/likely inventory and kept in canonical catalog.
grips,ergonomic,Hesacore,Hesacore Tour Grip,Tour,,unisex,,https://hesacore.com/,current,,unknown,yes,CURRENT,no,prod-hesacore-tour,Flagship ergonomic undergrip; existing catalog maps here,verified,CATALOGED_CURRENT,In researched verified/likely inventory and kept in canonical catalog.
grips,ergonomic,Hesacore,Hesacore Tour W,Tour W,,women,,https://hesacore.com/,current,,unknown,yes,CURRENT,no,prod-hesacore-tour-w,Women’s hand sizing Tour W,verified,CATALOGED_CURRENT,In researched verified/likely inventory and kept in canonical catalog.
grips,ergonomic,Hesacore,Pink / Women's Grip,Pink / W,current,women,smaller-hand / lighter positioning,https://shop.hesacore.com,current,https://shop.hesacore.com/products/padel-hesacore-tour-grip-gel,yes,yes,CURRENT,no,prod-hesacore-pink-w,Women/Pink Hesacore size/feel fork listed in Hesacore padel collection.,verified,CATALOGED_CURRENT,In researched verified/likely inventory and kept in canonical catalog.
grips,ergonomic,Hesacore,Tour Grip (Classic),Tour / Original,current,unisex,S/M sizes; silicone blend honeycomb sleeve,https://eu.hesacore.com/products/padel-hesacore-tour-grip,current,https://eu.hesacore.com/products/padel-hesacore-tour-grip|https://www.padelmq.com/en-nl/products/hesacore-grip,yes,yes,CURRENT,no,prod-hesacore-tour-original,Flagship ergonomic undergrip; Kitletics prod-hesacore-padel currently conflates family — recommend splitting variants.,verified,CATALOGED_CURRENT,In researched verified/likely inventory and kept in canonical catalog.
grips,overgrip,Joma,Club Cushion,Club Cushion,current_or_clearance,unisex,fluor orange and colors; 3-pack resin front,https://www.joma-sport.com,current_retail,https://www.zonadepadel.com/joma/8683-overgrip-joma-club-cuhsion-orange-fluor.html,likely,yes,CURRENT,yes,prod-joma-club-cushion,Zona listing marks deprecated alternatives — keep as aging Joma line; verify 2025/26 replacement before Best guides. | Joma Club Cushion overgrip on Zona.,verified,CATALOGED_CURRENT,Onboarded from brand×category discovery.
grips,overgrip,Kuikma,Kuikma Padel Overgrip,Overgrip,,unisex,,,current,,unknown,yes,CURRENT,yes,prod-kuikma-overgrip,Existing,verified,CATALOGED_CURRENT,In researched verified/likely inventory and kept in canonical catalog.
grips,overgrip,Kuikma,Padel Overgrip Antislip,Antislip,current,unisex,white/yellow; Decathlon NL listings,https://www.decathlon.nl,current_retail,https://padelracketnation.nl/producten/overgrip-adce,yes,yes,CURRENT,yes,prod-kuikma-antislip,Distinct Decathlon antislip naming vs Pro/Adherence on NL aggregator — confirm if separate SKU or rename.,likely,CATALOGED_CURRENT,In researched verified/likely inventory and kept in canonical catalog.
grips,overgrip,Kuikma,Padel Overgrip Pro / Adherence,Overgrip Pro / Adherence,current,unisex,white/yellow; ~0.6–0.65 mm perforated PU; Decathlon packs,https://www.decathlon.com,current,https://www.decathlon.sg/p/padel-overgrip-pro-kuikma-8981669.html|https://padel.how/equipment/overgrip/kuikma-padel-adherence-overgrip-review/|https://padelracketnation.nl/producten/overgrip-adce,yes,yes,CURRENT,no,prod-kuikma-overgrip-pro-adherence,Decathlon NL value staple; Kitletics prod-kuikma-overgrip. Adherence/Pro naming variants — treat as one family unless EANs diverge.,verified,CATALOGED_CURRENT,In researched verified/likely inventory and kept in canonical catalog.
grips,ergonomic,Nox,Custom Grip,Custom Grip,current,unisex,handle relief sleeve; replaces base grip,https://noxsport.com,current,https://www.stockpadel.com/blog/en/comparison-hesacore-vs-nox-custom-grip/,yes,yes,CURRENT,no,prod-nox-custom-grip,Ergonomic raised custom grip system competing with Hesacore; not an overgrip. Distinct product job.,verified,CATALOGED_CURRENT,In researched verified/likely inventory and kept in canonical catalog.
grips,overgrip,Nox,Luxury Pro Grip,Luxury Pro,current,unisex,3-pack; all-round,https://noxsport.com,current_retail,https://padeli.com/best-padel-grips-overgrips-2026/,likely,yes,CURRENT,yes,prod-nox-luxury-pro,Buyer-guide cited Luxury Pro as Nox premium overgrip tier — confirm exact manufacturer naming vs Pro/H-Dri before publish.,likely,CATALOGED_CURRENT,In researched verified/likely inventory and kept in canonical catalog.
grips,overgrip,Nox,NOX H-Dri Overgrip,H-Dri,,unisex,packs collapsed,https://padelmad.co.uk/equipment/accessories/best-padel-grips-sweaty-hands-2026/,current,https://padelmad.co.uk/equipment/accessories/best-padel-grips-sweaty-hands-2026/,limited,yes,CURRENT,yes,prod-nox-h-dri,Distinct moisture-absorbing NOX overgrip vs Pro; cited in 2026 sweaty-hands guide.,verified,CATALOGED_CURRENT,Nox grip range completion beyond Pro.
grips,overgrip,Nox,Pro Overgrip,Pro Overgrip,current,unisex,white perforated; 1/3/5 packs (also club cans),https://noxsport.com,current,https://www.padelmq.com/en-nl/products/nox-pro-overgrip-wit-3-pack|https://www.padelmq.com/en/products/nox-pro-overgrip-white,yes,yes,CURRENT,yes,prod-nox-pro-overgrip,Padel-native absorbent Pro wrap; Kitletics already seeded. Pack tiers noted not split.,verified,CATALOGED_CURRENT,In researched verified/likely inventory and kept in canonical catalog.
grips,overgrip,Pro Elite / House,Premium Perforated,Pro Elite Premium Perforated,current,unisex,white; 0.6 mm; single/box-60,https://www.padelmq.com,current_retail,https://www.padelmq.com/en-nl/products/pro-elite-premium-perforated-white-overgrip-buy-individually,yes,yes,UNKNOWN,no,,NL-facing PadeLMQ house/private-label premium perforated overgrip — commercially relevant for NL price ladder. | House/private-label brand — confirm manufacturer identity before cataloging,verified,NOT_COMMERCIALLY_MEANINGFUL,PadeLMQ/private-label house overgrip — not a manufacturer brand for Kitletics market model. Exclude from brand catalog scope.
grips,overgrip,ShockOut,Premium / Soft Overgrip,ShockOut Overgrip,current,unisex,multicolor perforated; x1 and x12 bags,https://www.shockout.es,current,https://padelmania.com/en/padel-accesaios/25918-protector-and-overgrip-shockout-100-0062-shockout-padel-765066747190.html,yes,yes,CURRENT,no,prod-shockout-shockout-overgrip,ShockOut soft absorbent overgrips; often bundled with protector blister 100-0062.,verified,CATALOGED_CURRENT,In researched verified/likely inventory and kept in canonical catalog.
grips,other,ShockOut,Protector + Overgrip Combo,100-0062 Combo,current,unisex,protector tape + random-color overgrip blister,https://www.shockout.es,current,https://www.time2padel.com/en/padel-accessories/25826-protection-tape-and-overgrip-shockout-100-0062-shockout-padel-765066747190.html,yes,yes,CURRENT,no,prod-shockout-100-0062-combo,Combo blister is commercial SKU; classify grip-side as accessory-bundle or dual-list — do not invent separate pack counts.,verified,CATALOGED_CURRENT,In researched verified/likely inventory and kept in canonical catalog.
grips,ergonomic,ShockOut,ShockOut Grip System,ShockOut,,unisex,,https://shockoutpadel.com,current,,unknown,yes,CURRENT,no,prod-shockout-shockout,Ergonomic grip system brand active in padel EU,likely,CATALOGED_CURRENT,In researched verified/likely inventory and kept in canonical catalog.
grips,overgrip,Siux,Elite,Elite,current,unisex,black smooth; 3-pack PU+PET,https://siuxpadel.com,current,https://padelmania.com/en/padel-accesaios/30708-3-pack-blister-overgrip-siux-elite-black-siux-8436625200594.html,yes,yes,CURRENT,no,prod-siux-elite,Siux padel Elite overgrip 3-pack widely stocked ES/EU specialists.,verified,CATALOGED_CURRENT,In researched verified/likely inventory and kept in canonical catalog.
grips,overgrip,Siux,Siux Elite Overgrip,Elite Overgrip,,unisex,,,current,,limited,yes,CURRENT,yes,prod-siux-elite-overgrip,Complete Siux grip range,verified,CATALOGED_CURRENT,In researched verified/likely inventory and kept in canonical catalog.
grips,overgrip,StarVie,StarVie Premier Soft Overgrip,Premier Soft,,unisex,,,current,,limited,yes,CURRENT,yes,prod-starvie-premier-soft,StarVie Premier Soft — soft sibling of Tacky Touch.,verified,CATALOGED_CURRENT,StarVie overgrip range.
grips,overgrip,StarVie,Tacky Touch,Tacky Touch,current,unisex,white/black smooth tacky; 3-pack and box-25,https://www.starvie.com,current,https://www.padelkiwi.com/en-lt/products/starvie-overgrips-tacky-touch-box-25|https://www.tradeinn.com/smashinn/en/star-vie-tacky-touch-padel-overgrip-25-units/142482937/p,yes,yes,CURRENT,no,prod-starvie-tacky-touch,High-tack StarVie overgrip; club box-25 noted not split.,verified,CATALOGED_CURRENT,In researched verified/likely inventory and kept in canonical catalog.
grips,overgrip,Tecnifibre,Contact Pro,Contact Pro,current,unisex,tacky durable alternative,https://www.tecnifibre.com,current_retail,https://www.padelreference.com/,likely,yes,CURRENT,yes,prod-tecnifibre-contact-pro,Cited as tacky Tecnifibre alternative to Players Pro Feel — verify live EU listing.,likely,CATALOGED_CURRENT,In researched verified/likely inventory and kept in canonical catalog.
grips,overgrip,Tecnifibre,Players Pro Feel,Players Pro Feel,current,unisex,white/lime/yellow; 0.60 mm Hydrocell; 3-pack and 30-pack,https://www.tecnifibre.com,current,https://www.padelreference.com/en/padel-accessories/p/tecnifibre-player-pro-feel-yellow-overgrips-x3|https://www.tiendapadelpoint.com/en/overgrips-tecnifibre-players-pro-feel-lima-3-unidades-en|https://www.padelnuestro.com/pt/pack-30-overgrips-tecnifibre-players-pro-feel,yes,yes,CURRENT,no,prod-tecnifibre-players-pro-feel,Fast-absorption Hydrocell padel/tennis overgrip; bulk 30 noted not split.,verified,CATALOGED_CURRENT,In researched verified/likely inventory and kept in canonical catalog.
grips,overgrip,Tecnifibre,Tecnifibre Pro Contact Overgrip,Pro Contact,,unisex,,,current,,unknown,yes,CURRENT,no,prod-tecnifibre-pro-contact,Tecnifibre overgrip line used in padel retail,likely,CATALOGED_CURRENT,In researched verified/likely inventory and kept in canonical catalog.
grips,overgrip,Tourna,Grip II / Mega Tac,Tourna Grip II,current,unisex,tacky Tourna fork,https://www.unique.com,current_retail,https://www.padelwarehouse.com/,likely,yes,CURRENT,yes,prod-tourna-tourna-grip-ii,Tacky Tourna alternative to Original dry — secondary line for catalog completeness.,likely,CATALOGED_CURRENT,In researched verified/likely inventory and kept in canonical catalog.
grips,overgrip,Tourna,Grip Original / Grip XL,Tourna Grip Original XL,current,unisex,blue dry; XL 99×29 mm preferred for padel; 3/10/30 packs,https://www.unique.com,current,https://www.padelwarehouse.com/descpage-TGTPXL30.html|https://padelmad.co.uk/equipment/accessories/best-padel-overgrips-2026-complete-uk-buyers-guide/,yes,yes,CURRENT,no,prod-tourna-tourna-grip-original-xl,Dry-when-wet sweat icon; use XL for padel length. Standard vs XL = variant not separate commercial job. Packs not split.,verified,CATALOGED_CURRENT,In researched verified/likely inventory and kept in canonical catalog.
grips,overgrip,Tourna,Tourna Grip XL,Grip XL,,unisex,,https://www.uniquesports.com,current,,unknown,yes,CURRENT,no,prod-tourna-grip-xl,Classic absorbent overgrip widely used in padel; packs are offers,verified,CATALOGED_CURRENT,In researched verified/likely inventory and kept in canonical catalog.
grips,overgrip,Tourna,Tourna Mega Tac,Mega Tac,,unisex,,,current,,unknown,yes,CURRENT,no,prod-tourna-mega-tac,Tacky Tourna sibling — distinct product,verified,CATALOGED_CURRENT,In researched verified/likely inventory and kept in canonical catalog.
grips,overgrip,Varlion,Traction / Traction Tricolor,Traction,previous_or_clearance,unisex,tricolor 3-packs,https://www.varlion.com,unclear,https://www.varlion.com,unknown,likely,PREVIOUS_GENERATION,no,,Traction listings appear discontinued/OOS on some EU shops — research incomplete; do not prioritize onboarding.,verified,CONFIRMED_PREVIOUS,Previous-generation inventory row; not current market discovery.
grips,cushion,Wilson,Cushion / Replacement Aire Classic equivalents,Wilson Replacement Grip,current,unisex,1 unit base grips used under padel overgrips,https://www.wilson.com,current_retail,https://www.wilson.com,likely,yes,CURRENT,yes,prod-wilson-wilson-replacement-grip,Tennis replacement grips commonly used as padel base rebuilds; confirm which Wilson replacement models are padel-shelved in NL.,likely,CATALOGED_CURRENT,In researched verified/likely inventory and kept in canonical catalog.
grips,overgrip,Wilson,Pro Overgrip Perforated / Comfort,Pro Overgrip Perforated,current,unisex,white/black; micro-perforated; 3-pack (+ bulk),https://www.wilson.com,current_retail,https://padelmad.co.uk/equipment/accessories/best-padel-grips-sweaty-hands-2026/,yes,yes,CURRENT,no,prod-wilson-pro-overgrip-perforated,Sweat/airflow fork of Wilson Pro family (~0.55 mm class). Distinct from smooth Pro Padel; commercially meaningful for humid NL/EU halls. | Wilson perforated Pro padel overgrip fork.,verified,CATALOGED_CURRENT,Onboarded from brand×category discovery.
grips,overgrip,Wilson,Pro Padel Overgrip,Pro Padel Overgrip,current,unisex,white; 3-pack standard (also 12/30/60 club packs — do not separate SKUs),https://au.wilson.com/products/pro-padel-overgrip,current,https://au.wilson.com/products/pro-padel-overgrip|https://www.wilson.com/en-gb/blog/padel/everything-you-need-know-about-wilsons-padel-pro-overgrip|https://www.padelmq.com/en-nl/,yes,yes,CURRENT,yes,prod-wilson-overgrip,Padel-length thin stretch felt; lightly tacky default wrap; Kitletics id prod-wilson-overgrip (slug wilson-padel-overgrip-pack). Packs noted not split.,verified,CATALOGED_CURRENT,In researched verified/likely inventory and kept in canonical catalog.
grips,overgrip,Wilson,Profile Padel Overgrip,Profile Padel,current,unisex,black/white; 3-pack; textured tread,https://www.wilson.com,current_retail,https://www.tradeinn.com/smashinn/en/wilson-profile-padel-overgrip/139879280/p,yes,yes,CURRENT,no,prod-wilson-profile-padel,Ultra-thin stretchy padel-length overgrip with extra-tacky tread pattern; Tradeinn/Smashinn EU stock.,verified,CATALOGED_CURRENT,In researched verified/likely inventory and kept in canonical catalog.
grips,overgrip,Wilson,Wilson Pro Overgrip,Pro Overgrip,,unisex,,,current,,unknown,yes,CURRENT,yes,prod-nox-pro-overgrip,Existing; packs are offers,verified,CATALOGED_CURRENT,In researched verified/likely inventory and kept in canonical catalog.
grips,overgrip,Yonex,Super Grap,Super Grap,current,unisex,many colors; 3-pack (+12/30),https://www.yonex.com,current,https://www.totalpadel.com/Yonex_Super_Grap_Overgrip_Black/descpageYONEX-YSOG-EN.html,yes,yes,CURRENT,no,prod-yonex-super-grap,Tennis/badminton crossover heavily stocked for padel; tack + durability staple in 2026 UK guides.,verified,CATALOGED_CURRENT,In researched verified/likely inventory and kept in canonical catalog.
bags,BACKPACK,Kuikma,Kuikma Insulated Backpack Pro 40 L,Insulated Backpack Pro 40 L,current,unisex,,https://www.decathlon.com,current,https://www.decathlon.com,yes,yes,CURRENT,yes,prod-kuikma-insulated-backpack-pro-40-l,Tier1: Decathlon Pro 40L insulated backpack third ladder rung.,verified,CATALOGED_CURRENT,Onboarded from brand×category discovery.
bags,DUFFEL,Adidas,Adidas Weekend Bag Martita Ortega 2026,Weekend Bag Martita Ortega 2026,2026,unisex,,https://allforpadel.com/en/138-new-bag-collection,current,https://padelshop.com/collections/adidas-padel-bags,yes,yes,CURRENT,yes,prod-adidas-weekend-bag-martita-ortega-2026,Official All For Padel 2026 weekend roll-top.,verified,CATALOGED_CURRENT,Onboarded from brand×category discovery.
accessories,ACCESSORY_BAG,Adidas,Adidas Accessory Pouch 2026,Accessory Pouch 2026,2026,unisex,,https://allforpadel.com,current,https://padelmarket.com/en/products/adidas-accessory-bag-red-black-2026-ale-galan-toiletry-bag,yes,yes,CURRENT,yes,prod-adidas-accessory-pouch-2026,Official 2026 toiletry/accessory pouch line.,verified,CATALOGED_CURRENT,Onboarded from brand×category discovery.
accessories,SHOE_BAG,Adidas,Adidas Shoe Bag Ale Galán,Shoe Bag Ale Galán,2026,unisex,,https://allforpadel.com,current,https://padelmarket.com,yes,yes,CURRENT,yes,prod-adidas-shoe-bag-ale-gal-n,Official Adidas Padel shoe bag accessory.,verified,CATALOGED_CURRENT,Onboarded from brand×category discovery.
bags,PADEL_RACKET_BAG,Dunlop,Dunlop Elite Thermo Paletero,Elite Thermo,current,unisex,,https://www.dunlopsports.com,current,https://www.dunlopsports.com,unknown,yes,CURRENT,yes,prod-dunlop-elite-thermo,Official Dunlop padel Elite Thermo paletero.,verified,CATALOGED_CURRENT,Onboarded from brand×category discovery.
grips,overgrip,Dunlop,Dunlop Tour Pro Overgrip,Tour Pro,current,unisex,,https://www.dunlopsports.com,current,,unknown,yes,CURRENT,yes,prod-dunlop-tour-pro,Official Dunlop padel Tour Pro overgrip.,verified,CATALOGED_CURRENT,Onboarded from brand×category discovery.
grips,overgrip,Dunlop,Dunlop Tour Dry Overgrip,Tour Dry,current,unisex,,https://www.dunlopsports.com,current,,unknown,yes,CURRENT,yes,prod-dunlop-tour-dry,Official Dunlop padel Tour Dry overgrip.,verified,CATALOGED_CURRENT,Onboarded from brand×category discovery.
accessories,protector,Dunlop,Dunlop Protection Tape,Protection Tape,current,unisex,,https://www.dunlopsports.com,current,,unknown,yes,CURRENT,yes,prod-dunlop-protection-tape,Official Dunlop padel protection tape.,verified,CATALOGED_CURRENT,Onboarded from brand×category discovery.
bags,PADEL_RACKET_BAG,Joma,Joma Vero Virseda 2026 Padel Bag,Vero Virseda 2026,2026,unisex,,https://www.joma-sport.com,current,https://www.padelproshop.com,unknown,yes,CURRENT,yes,prod-joma-vero-virseda-2026,Signature 2026 Virseda bag beyond generic Joma Pro.,verified,CATALOGED_CURRENT,Onboarded from brand×category discovery.
bags,PADEL_RACKET_BAG,Babolat,Babolat RH Perf Padel,RH Perf Padel,current,unisex,52 L,https://www.babolat.com/us/padel/bags.html,current,,unknown,yes,CURRENT,yes,prod-babolat-rh-perf-padel,Official Babolat RH Perf architecture distinct from RH Pro.,verified,CATALOGED_CURRENT,Onboarded from brand×category discovery.
grips,overgrip,Bullpadel,Bullpadel GB-1201 Perforated Overgrip,GB-1201 Perforated,current,unisex,,https://www.bullpadel.com/gb/79-overgrips,current,,yes,yes,CURRENT,yes,prod-bullpadel-gb-1201-perforated,Official Bullpadel GB-1201 perforated fork.,verified,CATALOGED_CURRENT,Onboarded from brand×category discovery.
grips,overgrip,Bullpadel,Bullpadel GB-1202 FixoGrip Pro,GB-1202 FixoGrip Pro,current,unisex,,https://www.bullpadel.com/gb/79-overgrips,current,,yes,yes,CURRENT,yes,prod-bullpadel-gb-1202-fixogrip-pro,Official FixoGrip Pro overgrip.,verified,CATALOGED_CURRENT,Onboarded from brand×category discovery.
grips,overgrip,Bullpadel,Bullpadel GB-1705 SensoGrip Pro,GB-1705 SensoGrip Pro,current,unisex,,https://www.bullpadel.com/gb/79-overgrips,current,,yes,yes,CURRENT,yes,prod-bullpadel-gb-1705-sensogrip-pro,Official thinner micro-perf SensoGrip Pro.,verified,CATALOGED_CURRENT,Onboarded from brand×category discovery.
grips,overgrip,Nox,Nox Pro Overgrip Perforated,Pro Overgrip Perforated,current,unisex,,https://noxsport.com/en/collections/overgrips,current,,yes,yes,CURRENT,yes,prod-nox-pro-overgrip-perforated,Official perforated Pro fork distinct from smooth Pro.,verified,CATALOGED_CURRENT,Onboarded from brand×category discovery.
grips,overgrip,Wilson,Wilson Profile Padel Overgrip,Profile Padel Overgrip,current,unisex,,https://www.wilson.com,current,https://www.tradeinn.com/smashinn/en/wilson-profile-padel-overgrip/139879280/p,unknown,yes,CURRENT,yes,prod-wilson-profile-padel-overgrip,Wilson Profile Padel Overgrip on Tradeinn.,verified,CATALOGED_CURRENT,Onboarded from brand×category discovery.
grips,overgrip,Oxdog,Gold Pro Overgrip,Gold Pro,current,unisex,3/12/60 packs — collapse packs,https://oxdogpadel.com/en-us/products/gold-pro-overgrip-x3,current,https://oxdogpadel.com/en-us/products/gold-pro-overgrip-x3|https://www.oxdog.net/,yes,yes,CURRENT,yes,prod-oxdog-gold-pro,Soft cushioned moisture-absorbing Oxdog overgrip; distinct from Gold Sticky tack line. Missing from ~262 soft-goods inventory.,verified,CATALOGED_CURRENT,Tier-2 specialist discovery (ADD).
grips,overgrip,Oxdog,Gold Sticky Overgrip,Gold Sticky,current,unisex,3/12/60 packs — collapse packs,https://oxdogpadel.com/en-us/products/gold-sticky-overgrip-x3,current,https://oxdogpadel.com/en-us/products/gold-sticky-overgrip-x3,yes,yes,CURRENT,yes,prod-oxdog-gold-sticky,Extra-tack thin Oxdog overgrip fork; commercially distinct from Gold Pro.,verified,CATALOGED_CURRENT,Tier-2 specialist discovery (ADD).
accessories,protector,Oxdog,No1 Frame Protector,No1,current,unisex,transparent/logo; 372×40 mm,https://oxdogpadel.com/en-int/products/protector-transparente-372x40mm,current,https://www.oxdog.net/en/articles/2.37.111/no1-frame-protector,yes,yes,CURRENT,yes,prod-oxdog-no1,Widest Oxdog frame skin; catalog as primary protector SKU.,verified,CATALOGED_CURRENT,Tier-2 specialist discovery (ADD).
accessories,protector,Oxdog,No2 Frame Protector,No2,current,unisex,transparent/logo; 372×35 mm,https://oxdogpadel.com/en-us/products/protector-transparente-372x35mm,current,https://oxdogpadel.com/,likely,yes,CURRENT,no,,Narrower sibling to No1 — keep if size/job differs for buyers; else collapse under No1.,verified,NOT_A_DISTINCT_PRODUCT,Width variant of No1; collapse under No1.
accessories,protector,Oxdog,No3 Frame Protector,No3,current,unisex,transparent; ~372×35 mm class,https://www.oxdog.net/,current_retail,https://www.oxdog.net/,likely,yes,CURRENT,no,,Third Oxdog protector size/ref — confirm live PDP before catalog; likely size variant of No1/No2.,verified,INSUFFICIENT_EVIDENCE,No stable distinct PDP vs No1/No2.
bags,PADEL_RACKET_BAG,Black Crown,Plus Padel Bag 2026,Plus,2026,unisex,grey/orange / black colorways,https://blackcrownpadel.com,current_retail,https://www.padelmq.com/en/products/black-crown-plus-black-padel-bag|https://www.padelshack.com/product/black-crown-plus-padel-bag-2026-greyorange/,yes,yes,CURRENT,yes,prod-black-crown-plus,2026 mid/high capacity bag with thermal side + shoe pocket; distinct from Thunder / Ultimate Pro 2.0 / Spartan already inventoried.,verified,CATALOGED_CURRENT,Tier-2 specialist discovery (ADD).
grips,overgrip,Black Crown,Smooth Overgrip,Black Crown Smooth,current,unisex,3/12/60/100 packs,https://blackcrownpadel.com,current_retail,https://www.padelboost.co.uk/,likely,yes,CURRENT,no,,Smooth fork alongside perforated already inventoried — confirm manufacturer naming/EAN.,verified,INSUFFICIENT_EVIDENCE,Smooth vs Perforated EAN not confirmed.
bags,PADEL_RACKET_BAG,Lok,One Gen 2 Racket Bag,One Gen 2,2026,unisex,35 L compact asymmetrical,https://loksports.com,current,https://www.padelshack.com/product/lok-racket-bag-one-gen-2-blackorange-2026/,yes,yes,CURRENT,yes,prod-lok-one-gen-2,Compact 2026 Lok bag distinct from Maxx / Aventure backpacks.,verified,CATALOGED_CURRENT,Tier-2 specialist discovery (ADD).
bags,ACCESSORY_BAG,Lok,Accessory Bag Gen 2,Accessory Bag Gen 2,2026,unisex,4 L toiletry/accessory pouch,https://loksports.com/en/padel-bags/233--accessory-bag-lok-gen-2-blackorange-8435739406694.html,current,https://padelmarket.com/en/products/lok-gen-2-black-orange-2026-toiletry-bag,yes,yes,CURRENT,yes,prod-lok-accessory-bag-gen-2,Compact Gen 2 pouch sold with bag line; commercially meaningful organizer SKU.,verified,CATALOGED_CURRENT,Tier-2 specialist discovery (ADD).
balls,competition,Sane,Nitro Balls,Nitro,current,unisex,2-ball and 3-ball tubes — collapse pack formats,https://padelsane.com/en/collections/balls,current,https://padelsane.com/en/collections/balls,likely,yes,CURRENT,yes,prod-sane-nitro,Official Sane competition/speed ball line; brand had zero soft-goods rows.,verified,CATALOGED_CURRENT,Tier-2 specialist discovery (ADD).
balls,club,Sane,Core Balls,Core,current,unisex,3-ball tube (+24-tube boxes),https://padelsane.com/en/collections/balls,current,https://www.sanestore.it/51-accessori-padel,likely,yes,CURRENT,yes,prod-sane-core,Sane club/control Core ball distinct from Nitro/Spin Premium.,verified,CATALOGED_CURRENT,Tier-2 specialist discovery (ADD).
balls,competition,Sane,Spin Premium Balls,Spin Premium,current,unisex,3-ball tube,https://padelsane.com/en/collections/balls,current,https://padelsane.com/en/collections/balls,likely,yes,CURRENT,yes,prod-sane-spin-premium,Premium Sane spin-oriented ball SKU on manufacturer shop.,verified,CATALOGED_CURRENT,Tier-2 specialist discovery (ADD).
grips,overgrip,Sane,Feel+ Overgrip,Feel+,current,unisex,smooth or perforated; 12/45 packs — collapse packs/finish as variants if same family,https://padelsane.com,current_retail,https://www.sanestore.it/51-accessori-padel,likely,yes,CURRENT,yes,prod-sane-feel,Sane Feel+ overgrip line (IT/EU retail).,verified,CATALOGED_CURRENT,Tier-2 specialist discovery (ADD).
bags,PADEL_RACKET_BAG,Sane,Pro Elegance Bag,Pro Elegance,current,unisex,beige and colorways,https://padelsane.com,current_retail,https://www.sanestore.it/51-accessori-padel,likely,yes,CURRENT,yes,prod-sane-pro-elegance,Current Sane tournament/duffel-class bag.,verified,CATALOGED_CURRENT,Tier-2 specialist discovery (ADD).
bags,PADEL_RACKET_BAG,Sane,Pro Sport Bag,Pro Sport,current,unisex,white,https://padelsane.com,current_retail,https://www.sanestore.it/51-accessori-padel,likely,yes,CURRENT,yes,prod-sane-pro-sport,Sport sibling to Pro Elegance.,verified,CATALOGED_CURRENT,Tier-2 specialist discovery (ADD).
bags,BACKPACK,Sane,Everyday Backpack,Everyday,current,unisex,green/beige/ruby colorways,https://padelsane.com,current_retail,https://www.sanestore.it/51-accessori-padel|https://padelsane.com/en/collections/ofertas,likely,yes,CURRENT,yes,prod-sane-everyday,Everyday backpack; Glossmate outlet may be previous — prefer Everyday as current.,verified,CATALOGED_CURRENT,Tier-2 specialist discovery (ADD).
bags,PADEL_RACKET_BAG,Volt,Volt Padel Bag,Volt Padelbag,current,unisex,~50 L; black; thermo + shoe,https://www.voltpadel.com,current_retail,https://padelshop.com/products/volt-padel-bag-black,yes,yes,CURRENT,yes,prod-volt-volt-padelbag,NL PadelShop stocks Volt bag; manufacturer shop focuses on rackets/apparel but bag is EU-commercially meaningful.,verified,CATALOGED_CURRENT,Tier-2 specialist discovery (ADD).
grips,overgrip,Volt,Premium Overgrip,Volt Premium,current,unisex,white 3-pack class,https://www.voltpadel.com,current_retail,https://padelpop.lt/produktas/volt-premium-padelio-overgripai/,likely,likely,CURRENT,yes,prod-volt-volt-premium,Retail-listed Volt overgrip; thinner NL shelf presence than balls/bag — keep if EU specialists stock.,verified,CATALOGED_CURRENT,Tier-2 specialist discovery (ADD_IF_NL_EU).
bags,PADEL_RACKET_BAG,Osaka,Sports Padel Bag,Sports Padel Bag,current,unisex,colorways incl. Transformative Teal,https://osakaworld.com/pages/osaka-padel,current,https://osakaworld.com/pages/osaka-padel,yes,yes,CURRENT,yes,prod-osaka-sports-padel-bag,Official Osaka padel bag; balls already inventoried as needs_verify.,verified,CATALOGED_CURRENT,Tier-2 specialist discovery (ADD).
bags,BACKPACK,Osaka,Sports Backpack,Sports Backpack,current,unisex,Electric Fuchsia / Iconic Black etc.,https://osakaworld.com/pages/osaka-padel,current,https://osakaworld.com/pages/osaka-padel,yes,yes,CURRENT,yes,prod-osaka-sports-backpack,Official Osaka sports backpack used as padel carry.,verified,CATALOGED_CURRENT,Tier-2 specialist discovery (ADD).
bags,DUFFEL,Osaka,Pro Tour Duffel Bag,Pro Tour Duffel,current,unisex,Navy Peony,https://osakaworld.com,current,https://osakaworld.com/collections/padel,likely,yes,CURRENT,yes,prod-osaka-pro-tour-duffel,Pro Tour collection duffel — confirm padel-facing vs multi-sport before publish.,verified,CATALOGED_CURRENT,Tier-2 specialist discovery (ADD_IF_DISTINCT).
grips,overgrip,Osaka,Osaka Overgrip,Osaka Overgrip,current,unisex,white/black,https://osakaworld.com/pages/osaka-padel,current,https://osakaworld.com/pages/osaka-padel,yes,yes,CURRENT,yes,prod-osaka-osaka-overgrip,Official Osaka overgrip on padel essentials.,verified,CATALOGED_CURRENT,Tier-2 specialist discovery (ADD).
grips,overgrip,Royal Padel,Royal Padel Overgrip,Royal Overgrip,current,unisex,black/white; reel-60 and Cube packs,https://royalpadel.com/en/product/bobina-overgrips-royal-padel-60/,current,https://royalpadel.com/en/product/bobina-overgrips-royal-padel-60/,yes,yes,CURRENT,yes,prod-royal-padel-royal-overgrip,Only Force bag inventoried; overgrip reel is current manufacturer soft-goods.,verified,CATALOGED_CURRENT,Tier-2 specialist discovery (ADD).
bags,PADEL_RACKET_BAG,Royal Padel,One / Pro Bag (non-Force),One / Pro Bag,current,unisex,verify distinct SKUs vs Force 2026,https://royalpadel.com,current_retail,https://www.zonadepadel.com/,likely,yes,CURRENT,no,,Buyer guides mention One/Pro bags alongside Force — confirm live distinct SKUs before ADD.,verified,INSUFFICIENT_EVIDENCE,May duplicate Force 2026; no distinct PDP.
bags,PADEL_RACKET_BAG,RS,Pro Padel Bag,Pro Padel Bag,current,unisex,dark/white contrast colorways,https://rs-sports.com/en-us/collections/padel,current,https://www.padelnuestro.com/int/padel-bags/rs-padel|https://rs-sports.com/en-us/collections/padel,likely,yes,CURRENT,yes,prod-rs-pro-padel-bag,RS manufacturer padel bag line; balls already inventoried (Nova X / Champions Choice).,verified,CATALOGED_CURRENT,Tier-2 specialist discovery (ADD).
grips,overgrip,RS,Pro Tour Overgrip,Pro Tour Overgrip,current,unisex,3-pack,https://rs-sports.com/en-us/collections/padel,current,https://rs-sports.com/en-us/collections/padel|https://www.padelnuestro.com/int/padel-accessories/rs-padel,likely,yes,CURRENT,yes,prod-rs-pro-tour-overgrip,RS Pro Tour 3-pack overgrip on manufacturer padel collection.,verified,CATALOGED_CURRENT,Tier-2 specialist discovery (ADD).
accessories,pressurizer,Pascal Box,Pascal Box PRO XL,PRO XL,current,unisex,club trolley >PRO capacity,https://pascalbox.com/categoria-producto/presurizadores/,current,https://www.padelmq.com/en-eu/products/pascal-box-pro,yes,yes,PREVIOUS_GENERATION,no,,Manufacturer lists PRO XL (€1429) distinct from PRO (€949). Inventory has PRO but not PRO XL.,verified,CONFIRMED_PREVIOUS,Zona de Padel marks Pascal Box Pro XL cart deprecated/OOS; treat as previous club cart vs current PRO/SWITCH/3B/4B line.
accessories,pressurizer,Pascal Box,Pascal Box 3B (OEM brand),3B,current,unisex,manual 3-ball + manometer,https://pascalbox.com/,current,https://pascalbox.com/categoria-producto/presurizadores/|https://www.padelmq.com/en-nl/products/pascal-box-3b,yes,yes,CURRENT,no,,Manufacturer-branded 3B already mirrored under Bullpadel rows — prefer single Pascal Box brand identity; do not double-count catalog SKUs.,verified,DUPLICATE,OEM duplicate of Bullpadel Pascal Box 3B.
accessories,pressurizer,Pascal Box,Pascal Box 4B (OEM brand),4B,current,unisex,manual 4-ball,https://pascalbox.com/,current,https://pascalbox.com/categoria-producto/presurizadores/,yes,yes,CURRENT,no,,Same as Bullpadel Pascal Box 4B row — brand attribution cleanup.,verified,DUPLICATE,OEM duplicate of Bullpadel Pascal Box 4B.
accessories,pressurizer,Pascal Box,Pascal Box SWITCH (OEM brand),SWITCH,current,unisex,electric USB-C compressor 3-ball,https://pascalbox.com/,current,https://www.padelmq.com/en-nl/products/pascal-box-switch-automatische-drukregelaar|https://www.bullpadel.com/gb/6427-pascal-box-switch.html,yes,yes,CURRENT,no,,Same SWITCH already inventoried; Bullpadel is distributor branding.,verified,DUPLICATE,OEM duplicate of Bullpadel Pascal Box SWITCH.
accessories,other,Pascal Box,Compressor NUAIR / SALKI,External compressor,current,unisex,NUAIR rápido / SALKI garage dual for PRO systems,https://pascalbox.com/categoria-producto/presurizadores/,current,https://pascalbox.com/categoria-producto/presurizadores/,likely,yes,CURRENT,no,,Sold with PRO systems; commercially secondary — catalog only if treating club pressurizer ecosystem as in-scope.,verified,NOT_COMMERCIALLY_MEANINGFUL,Garage compressor spare for PRO systems.
accessories,pressurizer,Bounce,Bounce Tube Padel FilterTech,FilterTech Padel,current,unisex,integrated pump; 4-ball; ~24 PSI; ≥3 weeks airtight,https://bouncesports.co/products/bounce-tube-filtertech-padel,current,https://bouncesports.co/products/bounce-tube-filtertech-padel|https://www.tennispro.nl/bal-pressurizer-stuiter-padel-x4-840175.html,yes,yes,CURRENT,yes,prod-bounce-filtertech-padel,FilterTech is current gen upgrade vs original Bounce Tube Padel X4 already inventoried — treat as generation successor or distinct if both sold.,verified,CATALOGED_CURRENT,Tier-2 specialist discovery (ADD_OR_UPGRADE).
accessories,maintenance,4ON,TotalGrip Paste,TotalGrip Paste,current,unisex,50 ml paste,https://www.4on.store/products/totalgrip/4on-totalgrip-paste,current,https://www.4on.store/products/totalgrip,yes,yes,CURRENT,yes,prod-4on-totalgrip-paste,Distinct format from TotalGrip Spray already inventoried.,verified,CATALOGED_CURRENT,Tier-2 specialist discovery (ADD).
accessories,maintenance,4ON,TotalDry Spray,TotalDry,current,unisex,50 ml antiperspirant spray,https://www.4on.store/products,current,https://www.4on.store/products,yes,yes,CURRENT,yes,prod-4on-totaldry,Sweat-control sibling to TotalGrip; commercially meaningful for humid NL halls.,verified,CATALOGED_CURRENT,Tier-2 specialist discovery (ADD).
grips,other,4ON,SwiftGrip,SwiftGrip,current,unisex,handgrip accessory,https://www.4on.store/products,current,https://www.4on.store/products,likely,yes,CURRENT,yes,prod-4on-swiftgrip,Manufacturer current SKU; confirm product job (enhancer vs grip) before subcategory final.,verified,CATALOGED_CURRENT,Tier-2 specialist discovery (ADD).
accessories,other,4ON,SpinMax,SpinMax,current,unisex,spin accessory,https://www.4on.store/products,current,https://www.4on.store/products,likely,yes,CURRENT,no,,Manufacturer current SKU — confirm padel soft-goods relevance vs apparel tool.,verified,NOT_COMMERCIALLY_MEANINGFUL,Unclear soft-goods job.
grips,overgrip,4ON,Premium Comfort Overgrip,Premium Comfort,current,unisex,white/black; 3/12/60 packs,https://www.4on.store/products,current,https://www.4on.store/products,yes,yes,CURRENT,yes,prod-4on-premium-comfort,4ON overgrip line missing from inventory (only TotalGrip spray present).,verified,CATALOGED_CURRENT,Tier-2 specialist discovery (ADD).
balls,competition,4ON,Pro T1 Padel Balls,Pro T1,current,unisex,3-ball tube (+24 boxes),https://www.4on.store/products,current,https://www.4on.store/products,likely,yes,CURRENT,yes,prod-4on-pro-t1,4ON own-brand competition ball — meaningful if NL/EU retail beyond manufacturer SE shop.,verified,CATALOGED_CURRENT,Tier-2 specialist discovery (ADD_IF_NL_EU).
grips,ergonomic,ShockOut,Dual Pro Grip,Dual Pro,current,unisex,undergrip + overgrip kit; colorways,https://www.shockout.es,current,https://padelmarket.com/en/collections/brands-shockout,yes,yes,CURRENT,yes,prod-shockout-dual-pro,Dual Pro undergrip+overgrip system distinct from Premium overgrip / vague Grip System row — replace vague ShockOut Grip System with Dual Pro.,verified,CATALOGED_CURRENT,Tier-2 specialist discovery (ADD).
grips,overgrip,ShockOut,Perforated Overgrip,ShockOut Perforated,current,unisex,white/multicolour; 12-packs,https://www.shockout.es,current,https://padelmarket.com/en-worldwide/collections/accessories-shockout,yes,yes,CURRENT,yes,prod-shockout-shockout-perforated,Perforated fork vs smooth Premium already inventoried.,verified,CATALOGED_CURRENT,Tier-2 specialist discovery (ADD).
grips,overgrip,Tourna,Tourna Tac XL,Tourna Tac XL,current,unisex,tacky XL; black/colors; 3-pack,https://www.tourna.com,current,https://www.totalpadel.com/Tourna_Tac_XL_Overgrip_Black/descpageUNIQUE-TTOG3BK-EN.html,yes,yes,CURRENT,yes,prod-tourna-tourna-tac-xl,Tourna Tac XL is distinct tack line from Original Grip XL and Mega Tac; EU TotalPadel stock.,verified,CATALOGED_CURRENT,Tier-2 specialist discovery (ADD).
grips,overgrip,Tourna,Tourna Tuff,Tourna Tuff,current,unisex,dry absorbent; 3-pack,https://www.tourna.com,current,https://www.tourna.com/products/,likely,yes,CURRENT,yes,prod-tourna-tourna-tuff,Dry durable Tourna fork; secondary to Grip XL for padel but commercially current.,verified,CATALOGED_CURRENT,Tier-2 specialist discovery (ADD_IF_NL_EU).
grips,overgrip,Sane,Sane Core Overgrip,Core Overgrip,current,unisex,smooth/perforated pack sizes collapsed,https://padelsane.com/en/collections/accesorios-2021,current,https://padelsane.com/en/collections/accesorios-2021,unknown,yes,CURRENT,yes,prod-sane-core-overgrip,Pass2: official Sane accessories lists CORE Overgrips distinct from Feel+ line.,verified,CATALOGED_CURRENT,Pass-2 validation discovery — distinct Core overgrip family vs Feel+.
grips,replacement,Noene,Noene Anti Shock Grip Padel,Anti Shock Grip Padel,current,unisex,~1.6 mm,https://www.noene.com/products/anti-shock-grip-padel/,current,https://padelshop.com/collections/basic-grips,yes,yes,CURRENT,yes,prod-noene-anti-shock-grip-padel,Pass2 NL Padelshop basic-grips + official Noene PDP; vibration replacement grip distinct from Hesacore/ShockOut.,verified,CATALOGED_CURRENT,Pass-2 validation ADD.
grips,replacement,Noene,Noene Undergrip Anti-shock,Undergrip Anti-shock,current,unisex,~1 mm undergrip,https://www.noene.com,current,https://padelshop.com/collections/basic-grips,yes,yes,CURRENT,yes,prod-noene-undergrip-anti-shock,Pass2 NL shelf sibling thinner undergrip vs Anti Shock Grip Padel.,verified,CATALOGED_CURRENT,Pass-2 validation ADD.
grips,overgrip,HEAD,HEAD Prime Tour Overgrip,Prime Tour,current,unisex,packs collapsed,https://www.head.com,current,https://www.padelnuestro.com/bolsa-30-uds-overgrip-head-prime-tour-285641-bk,unknown,yes,CURRENT,yes,prod-head-prime-tour,Pass2 ES Padel Nuestro padel accessories shelf; distinct naming from Xtreme Soft / Padel Pro.,likely,CATALOGED_CURRENT,Pass-2 medium-confidence ADD from padel specialist shelf.
