path,type,slug,title,primary_intent,secondary_intent,target_decision,related_product_or_category,sport,indexable,disposition,intent_key,action,action_target,action_note,collision_tags
"/products/asics-novablast-5","product","asics-novablast-5","ASICS Novablast 5","understand and buy ASICS Novablast 5","specs, offers, alternatives entry","Is Novablast 5 the right purchase?","running-shoes","running","true","INDEXABLE","product:prod-novablast-5","keep","","","paired_with_review"
"/products/asics-novablast-4","product","asics-novablast-4","ASICS Novablast 4","understand and buy ASICS Novablast 4","specs, offers, alternatives entry","Is Novablast 4 the right purchase?","running-shoes","running","true","INDEXABLE","product:prod-novablast-4","keep","","",""
"/products/asics-gel-nimbus-27","product","asics-gel-nimbus-27","ASICS GEL-Nimbus 27","understand and buy ASICS GEL-Nimbus 27","specs, offers, alternatives entry","Is GEL-Nimbus 27 the right purchase?","running-shoes","running","true","INDEXABLE","product:prod-nimbus-27","keep","","",""
"/products/nike-pegasus-41","product","nike-pegasus-41","Nike Pegasus 41","understand and buy Nike Pegasus 41","specs, offers, alternatives entry","Is Pegasus 41 the right purchase?","running-shoes","running","true","INDEXABLE","product:prod-pegasus-41","keep","","",""
"/products/brooks-ghost-16","product","brooks-ghost-16","Brooks Ghost 16","understand and buy Brooks Ghost 16","specs, offers, alternatives entry","Is Ghost 16 the right purchase?","running-shoes","running","true","INDEXABLE","product:prod-ghost-16","keep","","",""
"/products/hoka-clifton-9","product","hoka-clifton-9","HOKA Clifton 9","understand and buy HOKA Clifton 9","specs, offers, alternatives entry","Is Clifton 9 the right purchase?","running-shoes","running","true","INDEXABLE","product:prod-clifton-9","keep","","",""
"/products/saucony-endorphin-speed-4","product","saucony-endorphin-speed-4","Saucony Endorphin Speed 4","understand and buy Saucony Endorphin Speed 4","specs, offers, alternatives entry","Is Endorphin Speed 4 the right purchase?","running-shoes","running","true","INDEXABLE","product:prod-endorphin-speed-4","keep","","",""
"/products/new-balance-fuelcell-rebel-v4","product","new-balance-fuelcell-rebel-v4","New Balance FuelCell Rebel v4","understand and buy New Balance FuelCell Rebel v4","specs, offers, alternatives entry","Is FuelCell Rebel v4 the right purchase?","running-shoes","running","false","PUBLIC_NOINDEX","product:prod-rebel-4","keep","","",""
"/products/adidas-adizero-boston-12","product","adidas-adizero-boston-12","Adidas Adizero Boston 12","understand and buy Adidas Adizero Boston 12","specs, offers, alternatives entry","Is Adizero Boston 12 the right purchase?","running-shoes","running","true","INDEXABLE","product:prod-boston-12","keep","","",""
"/products/garmin-forerunner-965","product","garmin-forerunner-965","Garmin Forerunner 965","understand and buy Garmin Forerunner 965","specs, offers, alternatives entry","Is Forerunner 965 the right purchase?","gps-watches","running","true","INDEXABLE","product:prod-forerunner-965","keep","","",""
"/products/garmin-forerunner-255","product","garmin-forerunner-255","Garmin Forerunner 255","understand and buy Garmin Forerunner 255","specs, offers, alternatives entry","Is Forerunner 255 the right purchase?","gps-watches","running","true","INDEXABLE","product:prod-forerunner-255","keep","","",""
"/products/coros-pace-3","product","coros-pace-3","COROS Pace 3","understand and buy COROS Pace 3","specs, offers, alternatives entry","Is Pace 3 the right purchase?","gps-watches","running","true","INDEXABLE","product:prod-coros-pace-3","keep","","","paired_with_review"
"/products/garmin-hrm-pro-plus","product","garmin-hrm-pro-plus","Garmin HRM-Pro Plus","understand and buy Garmin HRM-Pro Plus","specs, offers, alternatives entry","Is HRM-Pro Plus the right purchase?","heart-rate-monitors","running","true","INDEXABLE","product:prod-hrm-pro-plus","keep","","",""
"/products/salomon-adv-skin-12","product","salomon-adv-skin-12","Salomon ADV Skin 12","understand and buy Salomon ADV Skin 12","specs, offers, alternatives entry","Is ADV Skin 12 the right purchase?","running-packs-vests","running","true","INDEXABLE","product:prod-adv-skin-12","keep","","",""
"/products/asics-novablast-6","product","asics-novablast-6","ASICS Novablast 6","understand and buy ASICS Novablast 6","specs, offers, alternatives entry","Is Novablast 6 the right purchase?","running-shoes","running","true","INDEXABLE","product:prod-novablast-6","keep","","",""
"/products/asics-superblast-2","product","asics-superblast-2","ASICS SUPERBLAST 2","understand and buy ASICS SUPERBLAST 2","specs, offers, alternatives entry","Is SUPERBLAST 2 the right purchase?","running-shoes","running","true","INDEXABLE","product:prod-superblast-2","keep","","","paired_with_review"
"/products/asics-gel-kayano-32","product","asics-gel-kayano-32","ASICS GEL-Kayano 32","understand and buy ASICS GEL-Kayano 32","specs, offers, alternatives entry","Is GEL-Kayano 32 the right purchase?","running-shoes","running","true","INDEXABLE","product:prod-kayano-32","keep","","","paired_with_review"
"/products/asics-gel-cumulus-27","product","asics-gel-cumulus-27","ASICS GEL-Cumulus 27","understand and buy ASICS GEL-Cumulus 27","specs, offers, alternatives entry","Is GEL-Cumulus 27 the right purchase?","running-shoes","running","true","INDEXABLE","product:prod-cumulus-27","keep","","",""
"/products/asics-metaspeed-sky-paris","product","asics-metaspeed-sky-paris","ASICS METASPEED Sky Paris","understand and buy ASICS METASPEED Sky Paris","specs, offers, alternatives entry","Is METASPEED Sky Paris the right purchase?","running-shoes","running","true","INDEXABLE","product:prod-metaspeed-sky-paris","keep","","",""
"/products/asics-gt-2000-14","product","asics-gt-2000-14","ASICS GT-2000 14","understand and buy ASICS GT-2000 14","specs, offers, alternatives entry","Is GT-2000 14 the right purchase?","running-shoes","running","true","INDEXABLE","product:prod-gt-2000-14","keep","","",""
"/products/nike-pegasus-42","product","nike-pegasus-42","Nike Pegasus 42","understand and buy Nike Pegasus 42","specs, offers, alternatives entry","Is Pegasus 42 the right purchase?","running-shoes","running","true","INDEXABLE","product:prod-pegasus-42","keep","","","paired_with_review"
"/products/nike-vomero-18","product","nike-vomero-18","Nike Vomero 18","understand and buy Nike Vomero 18","specs, offers, alternatives entry","Is Vomero 18 the right purchase?","running-shoes","running","true","INDEXABLE","product:prod-vomero-18","keep","","","paired_with_review"
"/products/nike-invincible-3","product","nike-invincible-3","Nike Invincible 3","understand and buy Nike Invincible 3","specs, offers, alternatives entry","Is Invincible 3 the right purchase?","running-shoes","running","true","INDEXABLE","product:prod-invincible-3","keep","","",""
"/products/nike-vaporfly-4","product","nike-vaporfly-4","Nike Vaporfly 4","understand and buy Nike Vaporfly 4","specs, offers, alternatives entry","Is Vaporfly 4 the right purchase?","running-shoes","running","true","INDEXABLE","product:prod-vaporfly-4","keep","","","paired_with_review"
"/products/nike-alphafly-3","product","nike-alphafly-3","Nike Alphafly 3","understand and buy Nike Alphafly 3","specs, offers, alternatives entry","Is Alphafly 3 the right purchase?","running-shoes","running","true","INDEXABLE","product:prod-alphafly-3","keep","","","paired_with_review"
"/products/nike-structure-26","product","nike-structure-26","Nike Structure 26","understand and buy Nike Structure 26","specs, offers, alternatives entry","Is Structure 26 the right purchase?","running-shoes","running","true","INDEXABLE","product:prod-structure-26","keep","","",""
"/products/nike-structure-plus","product","nike-structure-plus","Nike Structure Plus","understand and buy Nike Structure Plus","specs, offers, alternatives entry","Is Structure Plus the right purchase?","running-shoes","running","true","INDEXABLE","product:prod-structure-plus","keep","","",""
"/products/brooks-ghost-18","product","brooks-ghost-18","Brooks Ghost 18","understand and buy Brooks Ghost 18","specs, offers, alternatives entry","Is Ghost 18 the right purchase?","running-shoes","running","true","INDEXABLE","product:prod-ghost-18","keep","","","paired_with_review"
"/products/brooks-glycerin-22","product","brooks-glycerin-22","Brooks Glycerin 22","understand and buy Brooks Glycerin 22","specs, offers, alternatives entry","Is Glycerin 22 the right purchase?","running-shoes","running","true","INDEXABLE","product:prod-glycerin-22","keep","","","paired_with_review"
"/products/brooks-glycerin-21","product","brooks-glycerin-21","Brooks Glycerin 21","understand and buy Brooks Glycerin 21","specs, offers, alternatives entry","Is Glycerin 21 the right purchase?","running-shoes","running","true","INDEXABLE","product:prod-glycerin-21","keep","","",""
"/products/brooks-adrenaline-gts-25","product","brooks-adrenaline-gts-25","Brooks Adrenaline GTS 25","understand and buy Brooks Adrenaline GTS 25","specs, offers, alternatives entry","Is Adrenaline GTS 25 the right purchase?","running-shoes","running","true","INDEXABLE","product:prod-adrenaline-gts-25","keep","","","paired_with_review"
"/products/brooks-hyperion-max-2","product","brooks-hyperion-max-2","Brooks Hyperion Max 2","understand and buy Brooks Hyperion Max 2","specs, offers, alternatives entry","Is Hyperion Max 2 the right purchase?","running-shoes","running","true","INDEXABLE","product:prod-hyperion-max-2","keep","","",""
"/products/hoka-clifton-10","product","hoka-clifton-10","HOKA Clifton 10","understand and buy HOKA Clifton 10","specs, offers, alternatives entry","Is Clifton 10 the right purchase?","running-shoes","running","true","INDEXABLE","product:prod-clifton-10","keep","","","paired_with_review"
"/products/hoka-bondi-9","product","hoka-bondi-9","HOKA Bondi 9","understand and buy HOKA Bondi 9","specs, offers, alternatives entry","Is Bondi 9 the right purchase?","running-shoes","running","true","INDEXABLE","product:prod-bondi-9","keep","","","paired_with_review"
"/products/hoka-bondi-8","product","hoka-bondi-8","HOKA Bondi 8","understand and buy HOKA Bondi 8","specs, offers, alternatives entry","Is Bondi 8 the right purchase?","running-shoes","running","true","INDEXABLE","product:prod-bondi-8","keep","","",""
"/products/hoka-mach-6","product","hoka-mach-6","HOKA Mach 6","understand and buy HOKA Mach 6","specs, offers, alternatives entry","Is Mach 6 the right purchase?","running-shoes","running","true","INDEXABLE","product:prod-mach-6","keep","","",""
"/products/hoka-speedgoat-6","product","hoka-speedgoat-6","HOKA Speedgoat 6","understand and buy HOKA Speedgoat 6","specs, offers, alternatives entry","Is Speedgoat 6 the right purchase?","running-shoes","running","true","INDEXABLE","product:prod-speedgoat-6","keep","","","paired_with_review"
"/products/hoka-clifton-pro","product","hoka-clifton-pro","HOKA Clifton Pro","understand and buy HOKA Clifton Pro","specs, offers, alternatives entry","Is Clifton Pro the right purchase?","running-shoes","running","true","INDEXABLE","product:prod-clifton-pro","keep","","",""
"/products/saucony-endorphin-speed-5","product","saucony-endorphin-speed-5","Saucony Endorphin Speed 5","understand and buy Saucony Endorphin Speed 5","specs, offers, alternatives entry","Is Endorphin Speed 5 the right purchase?","running-shoes","running","true","INDEXABLE","product:prod-endorphin-speed-5","keep","","","paired_with_review"
"/products/saucony-endorphin-pro-4","product","saucony-endorphin-pro-4","Saucony Endorphin Pro 4","understand and buy Saucony Endorphin Pro 4","specs, offers, alternatives entry","Is Endorphin Pro 4 the right purchase?","running-shoes","running","true","INDEXABLE","product:prod-endorphin-pro-4","keep","","",""
"/products/saucony-endorphin-pro-3","product","saucony-endorphin-pro-3","Saucony Endorphin Pro 3","understand and buy Saucony Endorphin Pro 3","specs, offers, alternatives entry","Is Endorphin Pro 3 the right purchase?","running-shoes","running","true","INDEXABLE","product:prod-endorphin-pro-3","keep","","",""
"/products/saucony-ride-18","product","saucony-ride-18","Saucony Ride 18","understand and buy Saucony Ride 18","specs, offers, alternatives entry","Is Ride 18 the right purchase?","running-shoes","running","true","INDEXABLE","product:prod-ride-18","keep","","",""
"/products/saucony-triumph-22","product","saucony-triumph-22","Saucony Triumph 22","understand and buy Saucony Triumph 22","specs, offers, alternatives entry","Is Triumph 22 the right purchase?","running-shoes","running","true","INDEXABLE","product:prod-triumph-22","keep","","",""
"/products/saucony-peregrine-15","product","saucony-peregrine-15","Saucony Peregrine 15","understand and buy Saucony Peregrine 15","specs, offers, alternatives entry","Is Peregrine 15 the right purchase?","running-shoes","running","true","INDEXABLE","product:prod-peregrine-15","keep","","",""
"/products/new-balance-fresh-foam-x-1080-v14","product","new-balance-fresh-foam-x-1080-v14","New Balance Fresh Foam X 1080 v14","understand and buy New Balance Fresh Foam X 1080 v14","specs, offers, alternatives entry","Is Fresh Foam X 1080 v14 the right purchase?","running-shoes","running","true","INDEXABLE","product:prod-1080-v14","keep","","",""
"/products/new-balance-fresh-foam-x-1080-v13","product","new-balance-fresh-foam-x-1080-v13","New Balance Fresh Foam X 1080 v13","understand and buy New Balance Fresh Foam X 1080 v13","specs, offers, alternatives entry","Is Fresh Foam X 1080 v13 the right purchase?","running-shoes","running","true","INDEXABLE","product:prod-1080-v13","keep","","",""
"/products/new-balance-fuelcell-supercomp-elite-v4","product","new-balance-fuelcell-supercomp-elite-v4","New Balance FuelCell SuperComp Elite v4","understand and buy New Balance FuelCell SuperComp Elite v4","specs, offers, alternatives entry","Is FuelCell SuperComp Elite v4 the right purchase?","running-shoes","running","true","INDEXABLE","product:prod-sc-elite-v4","keep","","",""
"/products/new-balance-fuelcell-rebel-v5","product","new-balance-fuelcell-rebel-v5","New Balance FuelCell Rebel v5","understand and buy New Balance FuelCell Rebel v5","specs, offers, alternatives entry","Is FuelCell Rebel v5 the right purchase?","running-shoes","running","true","INDEXABLE","product:prod-rebel-v5","keep","","",""
"/products/new-balance-fuelcell-supercomp-trainer-v3","product","new-balance-fuelcell-supercomp-trainer-v3","New Balance FuelCell SuperComp Trainer v3","understand and buy New Balance FuelCell SuperComp Trainer v3","specs, offers, alternatives entry","Is FuelCell SuperComp Trainer v3 the right purchase?","running-shoes","running","true","INDEXABLE","product:prod-sc-trainer-v3","keep","","",""
"/products/adidas-adizero-evo-sl","product","adidas-adizero-evo-sl","Adidas Adizero Evo SL","understand and buy Adidas Adizero Evo SL","specs, offers, alternatives entry","Is Adizero Evo SL the right purchase?","running-shoes","running","true","INDEXABLE","product:prod-adizero-evo-sl","keep","","",""
"/products/adidas-adizero-adios-pro-4","product","adidas-adizero-adios-pro-4","Adidas Adizero Adios Pro 4","understand and buy Adidas Adizero Adios Pro 4","specs, offers, alternatives entry","Is Adizero Adios Pro 4 the right purchase?","running-shoes","running","true","INDEXABLE","product:prod-adios-pro-4","keep","","",""
"/products/on-cloudmonster-2","product","on-cloudmonster-2","On Cloudmonster 2","understand and buy On Cloudmonster 2","specs, offers, alternatives entry","Is Cloudmonster 2 the right purchase?","running-shoes","running","true","INDEXABLE","product:prod-cloudmonster-2","keep","","",""
"/products/on-cloudsurfer-next","product","on-cloudsurfer-next","On Cloudsurfer Next","understand and buy On Cloudsurfer Next","specs, offers, alternatives entry","Is Cloudsurfer Next the right purchase?","running-shoes","running","true","INDEXABLE","product:prod-cloudsurfer-next","keep","","",""
"/products/altra-torin-8","product","altra-torin-8","Altra Torin 8","understand and buy Altra Torin 8","specs, offers, alternatives entry","Is Torin 8 the right purchase?","running-shoes","running","true","INDEXABLE","product:prod-torin-8","keep","","",""
"/products/altra-escalante-4","product","altra-escalante-4","Altra Escalante 4","understand and buy Altra Escalante 4","specs, offers, alternatives entry","Is Escalante 4 the right purchase?","running-shoes","running","true","INDEXABLE","product:prod-escalante-4","keep","","",""
"/products/altra-lone-peak-8","product","altra-lone-peak-8","Altra Lone Peak 8","understand and buy Altra Lone Peak 8","specs, offers, alternatives entry","Is Lone Peak 8 the right purchase?","running-shoes","running","true","INDEXABLE","product:prod-lone-peak-8","keep","","",""
"/products/salomon-aero-glide-2","product","salomon-aero-glide-2","Salomon Aero Glide 2","understand and buy Salomon Aero Glide 2","specs, offers, alternatives entry","Is Aero Glide 2 the right purchase?","running-shoes","running","true","INDEXABLE","product:prod-aero-glide-2","keep","","",""
"/products/salomon-sense-ride-5","product","salomon-sense-ride-5","Salomon Sense Ride 5","understand and buy Salomon Sense Ride 5","specs, offers, alternatives entry","Is Sense Ride 5 the right purchase?","running-shoes","running","true","INDEXABLE","product:prod-sense-ride-5","keep","","",""
"/products/salomon-pulsar-trail-2","product","salomon-pulsar-trail-2","Salomon Pulsar Trail 2","understand and buy Salomon Pulsar Trail 2","specs, offers, alternatives entry","Is Pulsar Trail 2 the right purchase?","running-shoes","running","true","INDEXABLE","product:prod-pulsar-trail-2","keep","","",""
"/products/topo-athletic-specter-2","product","topo-athletic-specter-2","Topo Athletic Specter 2","understand and buy Topo Athletic Specter 2","specs, offers, alternatives entry","Is Specter 2 the right purchase?","running-shoes","running","true","INDEXABLE","product:prod-specter-2","keep","","",""
"/products/topo-athletic-phantom-3","product","topo-athletic-phantom-3","Topo Athletic Phantom 3","understand and buy Topo Athletic Phantom 3","specs, offers, alternatives entry","Is Phantom 3 the right purchase?","running-shoes","running","true","INDEXABLE","product:prod-phantom-3","keep","","",""
"/products/puma-deviate-nitro-3","product","puma-deviate-nitro-3","PUMA Deviate NITRO 3","understand and buy PUMA Deviate NITRO 3","specs, offers, alternatives entry","Is Deviate NITRO 3 the right purchase?","running-shoes","running","true","INDEXABLE","product:prod-deviate-nitro-3","keep","","",""
"/products/puma-magnify-nitro-2","product","puma-magnify-nitro-2","PUMA Magnify NITRO 2","understand and buy PUMA Magnify NITRO 2","specs, offers, alternatives entry","Is Magnify NITRO 2 the right purchase?","running-shoes","running","true","INDEXABLE","product:prod-magnify-nitro-2","keep","","",""
"/products/mizuno-wave-rider-28","product","mizuno-wave-rider-28","Mizuno Wave Rider 28","understand and buy Mizuno Wave Rider 28","specs, offers, alternatives entry","Is Wave Rider 28 the right purchase?","running-shoes","running","true","INDEXABLE","product:prod-wave-rider-28","keep","","",""
"/products/mizuno-wave-rebellion-pro-3","product","mizuno-wave-rebellion-pro-3","Mizuno Wave Rebellion Pro 3","understand and buy Mizuno Wave Rebellion Pro 3","specs, offers, alternatives entry","Is Wave Rebellion Pro 3 the right purchase?","running-shoes","running","true","INDEXABLE","product:prod-wave-rebellion-pro-3","keep","","",""
"/products/inov8-trailfly-ultra-g-300-max","product","inov8-trailfly-ultra-g-300-max","Inov8 Trailfly Ultra G 300 Max","understand and buy Inov8 Trailfly Ultra G 300 Max","specs, offers, alternatives entry","Is Trailfly Ultra G 300 Max the right purchase?","running-shoes","running","true","INDEXABLE","product:prod-trailfly-ultra-g-300-max","keep","","",""
"/products/brooks-cascadia-18","product","brooks-cascadia-18","Brooks Cascadia 18","understand and buy Brooks Cascadia 18","specs, offers, alternatives entry","Is Cascadia 18 the right purchase?","running-shoes","running","true","INDEXABLE","product:prod-cascadia-18","keep","","",""
"/products/nike-pegasus-trail-5","product","nike-pegasus-trail-5","Nike Pegasus Trail 5","understand and buy Nike Pegasus Trail 5","specs, offers, alternatives entry","Is Pegasus Trail 5 the right purchase?","running-shoes","running","true","INDEXABLE","product:prod-pegasus-trail-5","keep","","",""
"/products/asics-gel-trabuco-13","product","asics-gel-trabuco-13","ASICS Gel-Trabuco 13","understand and buy ASICS Gel-Trabuco 13","specs, offers, alternatives entry","Is Gel-Trabuco 13 the right purchase?","running-shoes","running","true","INDEXABLE","product:prod-trabuco-13","keep","","",""
"/products/saucony-xodus-ultra-3","product","saucony-xodus-ultra-3","Saucony Xodus Ultra 3","understand and buy Saucony Xodus Ultra 3","specs, offers, alternatives entry","Is Xodus Ultra 3 the right purchase?","running-shoes","running","true","INDEXABLE","product:prod-xodus-ultra-3","keep","","",""
"/products/new-balance-fresh-foam-x-hierro-v9","product","new-balance-fresh-foam-x-hierro-v9","New Balance Fresh Foam X Hierro v9","understand and buy New Balance Fresh Foam X Hierro v9","specs, offers, alternatives entry","Is Fresh Foam X Hierro v9 the right purchase?","running-shoes","running","true","INDEXABLE","product:prod-hierro-v9","keep","","",""
"/products/adidas-terrex-agravic-3","product","adidas-terrex-agravic-3","Adidas Terrex Agravic 3","understand and buy Adidas Terrex Agravic 3","specs, offers, alternatives entry","Is Terrex Agravic 3 the right purchase?","running-shoes","running","true","INDEXABLE","product:prod-terrex-agravic-3","keep","","",""
"/products/salomon-ultra-glide-2","product","salomon-ultra-glide-2","Salomon Ultra Glide 2","understand and buy Salomon Ultra Glide 2","specs, offers, alternatives entry","Is Ultra Glide 2 the right purchase?","running-shoes","running","true","INDEXABLE","product:prod-ultra-glide-2","keep","","",""
"/products/topo-athletic-terraventure-5","product","topo-athletic-terraventure-5","Topo Athletic Terraventure 5","understand and buy Topo Athletic Terraventure 5","specs, offers, alternatives entry","Is Terraventure 5 the right purchase?","running-shoes","running","true","INDEXABLE","product:prod-terraventure-4","keep","","",""
"/products/saucony-guide-18","product","saucony-guide-18","Saucony Guide 18","understand and buy Saucony Guide 18","specs, offers, alternatives entry","Is Guide 18 the right purchase?","running-shoes","running","true","INDEXABLE","product:prod-guide-18","keep","","",""
"/products/hoka-arahi-7","product","hoka-arahi-7","HOKA Arahi 7","understand and buy HOKA Arahi 7","specs, offers, alternatives entry","Is Arahi 7 the right purchase?","running-shoes","running","true","INDEXABLE","product:prod-arahi-7","keep","","",""
"/products/hoka-gaviota-5","product","hoka-gaviota-5","HOKA Gaviota 5","understand and buy HOKA Gaviota 5","specs, offers, alternatives entry","Is Gaviota 5 the right purchase?","running-shoes","running","true","INDEXABLE","product:prod-gaviota-5","keep","","",""
"/products/new-balance-fresh-foam-x-860-v14","product","new-balance-fresh-foam-x-860-v14","New Balance Fresh Foam X 860 v14","understand and buy New Balance Fresh Foam X 860 v14","specs, offers, alternatives entry","Is Fresh Foam X 860 v14 the right purchase?","running-shoes","running","true","INDEXABLE","product:prod-860-v14","keep","","","paired_with_review"
"/products/asics-gt-1000-13","product","asics-gt-1000-13","ASICS GT-1000 13","understand and buy ASICS GT-1000 13","specs, offers, alternatives entry","Is GT-1000 13 the right purchase?","running-shoes","running","true","INDEXABLE","product:prod-gt-1000-13","keep","","",""
"/products/brooks-glycerin-gts-22","product","brooks-glycerin-gts-22","Brooks Glycerin GTS 22","understand and buy Brooks Glycerin GTS 22","specs, offers, alternatives entry","Is Glycerin GTS 22 the right purchase?","running-shoes","running","true","INDEXABLE","product:prod-glycerin-gts-22","keep","","",""
"/products/nike-react-infinity-run-4","product","nike-react-infinity-run-4","Nike React Infinity Run 4","understand and buy Nike React Infinity Run 4","specs, offers, alternatives entry","Is React Infinity Run 4 the right purchase?","running-shoes","running","true","INDEXABLE","product:prod-react-infinity-4","keep","","",""
"/products/altra-paradigm-7","product","altra-paradigm-7","Altra Paradigm 7","understand and buy Altra Paradigm 7","specs, offers, alternatives entry","Is Paradigm 7 the right purchase?","running-shoes","running","true","INDEXABLE","product:prod-paradigm-7","keep","","",""
"/products/altra-experience-flow","product","altra-experience-flow","Altra Experience Flow","understand and buy Altra Experience Flow","specs, offers, alternatives entry","Is Experience Flow the right purchase?","running-shoes","running","true","INDEXABLE","product:prod-experience-flow","keep","","",""
"/products/adidas-adizero-boston-13","product","adidas-adizero-boston-13","Adidas Adizero Boston 13","understand and buy Adidas Adizero Boston 13","specs, offers, alternatives entry","Is Adizero Boston 13 the right purchase?","running-shoes","running","true","INDEXABLE","product:prod-adizero-boston-13","keep","","",""
"/products/adidas-ultraboost-5","product","adidas-ultraboost-5","Adidas Ultraboost 5","understand and buy Adidas Ultraboost 5","specs, offers, alternatives entry","Is Ultraboost 5 the right purchase?","running-shoes","running","true","INDEXABLE","product:prod-ultraboost-5","keep","","",""
"/products/on-cloudsurfer-2","product","on-cloudsurfer-2","On Cloudsurfer 2","understand and buy On Cloudsurfer 2","specs, offers, alternatives entry","Is Cloudsurfer 2 the right purchase?","running-shoes","running","true","INDEXABLE","product:prod-cloudsurfer-2","keep","","",""
"/products/on-cloudmonster-hyper","product","on-cloudmonster-hyper","On Cloudmonster Hyper","understand and buy On Cloudmonster Hyper","specs, offers, alternatives entry","Is Cloudmonster Hyper the right purchase?","running-shoes","running","true","INDEXABLE","product:prod-cloudmonster-hyper","keep","","",""
"/products/salomon-genesis","product","salomon-genesis","Salomon Genesis","understand and buy Salomon Genesis","specs, offers, alternatives entry","Is Genesis the right purchase?","running-shoes","running","true","INDEXABLE","product:prod-genesis-salomon","keep","","",""
"/products/garmin-forerunner-970","product","garmin-forerunner-970","Garmin Forerunner 970","understand and buy Garmin Forerunner 970","specs, offers, alternatives entry","Is Forerunner 970 the right purchase?","gps-watches","running","true","INDEXABLE","product:prod-forerunner-970","keep","","","paired_with_review"
"/products/garmin-forerunner-570","product","garmin-forerunner-570","Garmin Forerunner 570","understand and buy Garmin Forerunner 570","specs, offers, alternatives entry","Is Forerunner 570 the right purchase?","gps-watches","running","true","INDEXABLE","product:prod-forerunner-570","keep","","",""
"/products/garmin-forerunner-265","product","garmin-forerunner-265","Garmin Forerunner 265","understand and buy Garmin Forerunner 265","specs, offers, alternatives entry","Is Forerunner 265 the right purchase?","gps-watches","running","true","INDEXABLE","product:prod-forerunner-265","keep","","",""
"/products/garmin-forerunner-165","product","garmin-forerunner-165","Garmin Forerunner 165","understand and buy Garmin Forerunner 165","specs, offers, alternatives entry","Is Forerunner 165 the right purchase?","gps-watches","running","true","INDEXABLE","product:prod-forerunner-165","keep","","",""
"/products/garmin-forerunner-55","product","garmin-forerunner-55","Garmin Forerunner 55","understand and buy Garmin Forerunner 55","specs, offers, alternatives entry","Is Forerunner 55 the right purchase?","gps-watches","running","true","INDEXABLE","product:prod-forerunner-55","keep","","",""
"/products/coros-pace-pro","product","coros-pace-pro","COROS Pace Pro","understand and buy COROS Pace Pro","specs, offers, alternatives entry","Is Pace Pro the right purchase?","gps-watches","running","true","INDEXABLE","product:prod-coros-pace-pro","keep","","",""
"/products/coros-apex-2-pro","product","coros-apex-2-pro","COROS Apex 2 Pro","understand and buy COROS Apex 2 Pro","specs, offers, alternatives entry","Is Apex 2 Pro the right purchase?","gps-watches","running","true","INDEXABLE","product:prod-coros-apex-2-pro","keep","","",""
"/products/polar-vantage-v3","product","polar-vantage-v3","Polar Vantage V3","understand and buy Polar Vantage V3","specs, offers, alternatives entry","Is Vantage V3 the right purchase?","gps-watches","running","true","INDEXABLE","product:prod-polar-vantage-v3","keep","","","paired_with_review"
"/products/polar-pacer-pro","product","polar-pacer-pro","Polar Pacer Pro","understand and buy Polar Pacer Pro","specs, offers, alternatives entry","Is Pacer Pro the right purchase?","gps-watches","running","true","INDEXABLE","product:prod-polar-pacer-pro","keep","","",""
"/products/suunto-race","product","suunto-race","Suunto Race","understand and buy Suunto Race","specs, offers, alternatives entry","Is Race the right purchase?","gps-watches","running","true","INDEXABLE","product:prod-suunto-race","keep","","",""
"/products/suunto-race-s","product","suunto-race-s","Suunto Race S","understand and buy Suunto Race S","specs, offers, alternatives entry","Is Race S the right purchase?","gps-watches","running","true","INDEXABLE","product:prod-suunto-race-s","keep","","",""
"/products/apple-watch-ultra-2","product","apple-watch-ultra-2","Apple Watch Ultra 2","understand and buy Apple Watch Ultra 2","specs, offers, alternatives entry","Is Watch Ultra 2 the right purchase?","gps-watches","running","true","INDEXABLE","product:prod-apple-watch-ultra-2","keep","","",""
"/products/garmin-hrm-600","product","garmin-hrm-600","Garmin HRM 600","understand and buy Garmin HRM 600","specs, offers, alternatives entry","Is HRM 600 the right purchase?","heart-rate-monitors","running","true","INDEXABLE","product:prod-hrm-600","keep","","","paired_with_review"
"/products/polar-h10","product","polar-h10","Polar H10","understand and buy Polar H10","specs, offers, alternatives entry","Is H10 the right purchase?","heart-rate-monitors","running","true","INDEXABLE","product:prod-polar-h10","keep","","","paired_with_review"
"/products/polar-verity-sense","product","polar-verity-sense","Polar Verity Sense","understand and buy Polar Verity Sense","specs, offers, alternatives entry","Is Verity Sense the right purchase?","heart-rate-monitors","running","true","INDEXABLE","product:prod-polar-verity-sense","keep","","","paired_with_review"
"/products/wahoo-tickr","product","wahoo-tickr","Wahoo TICKR","understand and buy Wahoo TICKR","specs, offers, alternatives entry","Is TICKR the right purchase?","heart-rate-monitors","running","true","INDEXABLE","product:prod-wahoo-tickr","keep","","",""
"/products/wahoo-tickr-x","product","wahoo-tickr-x","Wahoo TICKR X","understand and buy Wahoo TICKR X","specs, offers, alternatives entry","Is TICKR X the right purchase?","heart-rate-monitors","running","true","INDEXABLE","product:prod-wahoo-tickr-x","keep","","",""
"/products/coros-heart-rate-monitor","product","coros-heart-rate-monitor","COROS Heart Rate Monitor","understand and buy COROS Heart Rate Monitor","specs, offers, alternatives entry","Is Heart Rate Monitor the right purchase?","heart-rate-monitors","running","true","INDEXABLE","product:prod-coros-hrm","keep","","",""
"/products/garmin-fenix-8","product","garmin-fenix-8","Garmin Fenix 8 AMOLED 47mm","understand and buy Garmin Fenix 8 AMOLED 47mm","specs, offers, alternatives entry","Is Fenix 8 AMOLED 47mm the right purchase?","gps-watches","running","true","INDEXABLE","product:prod-fenix-8","keep","","","paired_with_review"
"/products/garmin-enduro-3","product","garmin-enduro-3","Garmin Enduro 3","understand and buy Garmin Enduro 3","specs, offers, alternatives entry","Is Enduro 3 the right purchase?","gps-watches","running","true","INDEXABLE","product:prod-enduro-3","keep","","","paired_with_review"
"/products/garmin-instinct-3","product","garmin-instinct-3","Garmin Instinct 3","understand and buy Garmin Instinct 3","specs, offers, alternatives entry","Is Instinct 3 the right purchase?","gps-watches","running","true","INDEXABLE","product:prod-instinct-3","keep","","","paired_with_review"
"/products/garmin-vivoactive-6","product","garmin-vivoactive-6","Garmin Vivoactive 6","understand and buy Garmin Vivoactive 6","specs, offers, alternatives entry","Is Vivoactive 6 the right purchase?","gps-watches","running","true","INDEXABLE","product:prod-vivoactive-6","keep","","","paired_with_review"
"/products/garmin-forerunner-265s","product","garmin-forerunner-265s","Garmin Forerunner 265S","understand and buy Garmin Forerunner 265S","specs, offers, alternatives entry","Is Forerunner 265S the right purchase?","gps-watches","running","true","INDEXABLE","product:prod-forerunner-265s","keep","","","paired_with_review"
"/products/garmin-epix-pro-gen-2","product","garmin-epix-pro-gen-2","Garmin Epix Pro (Gen 2)","understand and buy Garmin Epix Pro (Gen 2)","specs, offers, alternatives entry","Is Epix Pro (Gen 2) the right purchase?","gps-watches","running","true","INDEXABLE","product:prod-garmin-epix-pro-gen2","keep","","","paired_with_review"
"/products/coros-apex-4","product","coros-apex-4","COROS Apex 4","understand and buy COROS Apex 4","specs, offers, alternatives entry","Is Apex 4 the right purchase?","gps-watches","running","true","INDEXABLE","product:prod-coros-apex-4","keep","","","paired_with_review"
"/products/coros-pace-4","product","coros-pace-4","COROS Pace 4","understand and buy COROS Pace 4","specs, offers, alternatives entry","Is Pace 4 the right purchase?","gps-watches","running","true","INDEXABLE","product:prod-coros-pace-4","keep","","","paired_with_review"
"/products/coros-vertix-2s","product","coros-vertix-2s","COROS Vertix 2S","understand and buy COROS Vertix 2S","specs, offers, alternatives entry","Is Vertix 2S the right purchase?","gps-watches","running","true","INDEXABLE","product:prod-coros-vertix-2s","keep","","","paired_with_review"
"/products/suunto-vertical-2","product","suunto-vertical-2","Suunto Vertical 2","understand and buy Suunto Vertical 2","specs, offers, alternatives entry","Is Vertical 2 the right purchase?","gps-watches","running","true","INDEXABLE","product:prod-suunto-vertical-2","keep","","","paired_with_review"
"/products/suunto-run","product","suunto-run","Suunto Run","understand and buy Suunto Run","specs, offers, alternatives entry","Is Run the right purchase?","gps-watches","running","true","INDEXABLE","product:prod-suunto-run","keep","","","paired_with_review"
"/products/polar-grit-x2","product","polar-grit-x2","Polar Grit X2","understand and buy Polar Grit X2","specs, offers, alternatives entry","Is Grit X2 the right purchase?","gps-watches","running","true","INDEXABLE","product:prod-polar-grit-x2","keep","","","paired_with_review"
"/products/polar-pacer","product","polar-pacer","Polar Pacer","understand and buy Polar Pacer","specs, offers, alternatives entry","Is Pacer the right purchase?","gps-watches","running","true","INDEXABLE","product:prod-polar-pacer","keep","","","paired_with_review"
"/products/apple-watch-ultra-3","product","apple-watch-ultra-3","Apple Watch Ultra 3","understand and buy Apple Watch Ultra 3","specs, offers, alternatives entry","Is Watch Ultra 3 the right purchase?","gps-watches","running","true","INDEXABLE","product:prod-apple-watch-ultra-3","keep","","","paired_with_review"
"/products/apple-watch-series-10","product","apple-watch-series-10","Apple Watch Series 10","understand and buy Apple Watch Series 10","specs, offers, alternatives entry","Is Watch Series 10 the right purchase?","gps-watches","running","true","INDEXABLE","product:prod-apple-watch-series-10","keep","","","paired_with_review"
"/products/samsung-galaxy-watch-ultra","product","samsung-galaxy-watch-ultra","Samsung Galaxy Watch Ultra","understand and buy Samsung Galaxy Watch Ultra","specs, offers, alternatives entry","Is Galaxy Watch Ultra the right purchase?","gps-watches","running","true","INDEXABLE","product:prod-samsung-galaxy-watch-ultra","keep","","","paired_with_review"
"/products/amazfit-t-rex-3-pro","product","amazfit-t-rex-3-pro","Amazfit T-Rex 3 Pro","understand and buy Amazfit T-Rex 3 Pro","specs, offers, alternatives entry","Is T-Rex 3 Pro the right purchase?","gps-watches","running","true","INDEXABLE","product:prod-amazfit-t-rex-3-pro","keep","","","paired_with_review"
"/products/amazfit-active-2","product","amazfit-active-2","Amazfit Active 2","understand and buy Amazfit Active 2","specs, offers, alternatives entry","Is Active 2 the right purchase?","gps-watches","running","true","INDEXABLE","product:prod-amazfit-active-2","keep","","","paired_with_review"
"/products/garmin-hrm-200","product","garmin-hrm-200","Garmin HRM 200","understand and buy Garmin HRM 200","specs, offers, alternatives entry","Is HRM 200 the right purchase?","heart-rate-monitors","running","true","INDEXABLE","product:prod-garmin-hrm-200","keep","","","paired_with_review"
"/products/garmin-hrm-fit","product","garmin-hrm-fit","Garmin HRM-Fit","understand and buy Garmin HRM-Fit","specs, offers, alternatives entry","Is HRM-Fit the right purchase?","heart-rate-monitors","running","true","INDEXABLE","product:prod-garmin-hrm-fit","keep","","","paired_with_review"
"/products/polar-h9","product","polar-h9","Polar H9","understand and buy Polar H9","specs, offers, alternatives entry","Is H9 the right purchase?","heart-rate-monitors","running","true","INDEXABLE","product:prod-polar-h9","keep","","",""
"/products/wahoo-trackr","product","wahoo-trackr","Wahoo TRACKR Heart Rate","understand and buy Wahoo TRACKR Heart Rate","specs, offers, alternatives entry","Is TRACKR Heart Rate the right purchase?","heart-rate-monitors","running","true","INDEXABLE","product:prod-wahoo-trackr","keep","","",""
"/products/wahoo-tickr-fit","product","wahoo-tickr-fit","Wahoo TICKR FIT","understand and buy Wahoo TICKR FIT","specs, offers, alternatives entry","Is TICKR FIT the right purchase?","heart-rate-monitors","running","true","INDEXABLE","product:prod-wahoo-tickr-fit","keep","","",""
"/products/scosche-rhythm-plus-2","product","scosche-rhythm-plus-2","Scosche Rhythm+ 2.0","understand and buy Scosche Rhythm+ 2.0","specs, offers, alternatives entry","Is Rhythm+ 2.0 the right purchase?","heart-rate-monitors","running","true","INDEXABLE","product:prod-scosche-rhythm-plus-2","keep","","","paired_with_review"
"/products/scosche-rhythm24","product","scosche-rhythm24","Scosche Rhythm24","understand and buy Scosche Rhythm24","specs, offers, alternatives entry","Is Rhythm24 the right purchase?","heart-rate-monitors","running","true","INDEXABLE","product:prod-scosche-rhythm24","keep","","","paired_with_review"
"/products/suunto-smart-heart-rate-belt","product","suunto-smart-heart-rate-belt","Suunto Smart Heart Rate Belt","understand and buy Suunto Smart Heart Rate Belt","specs, offers, alternatives entry","Is Smart Heart Rate Belt the right purchase?","heart-rate-monitors","running","true","INDEXABLE","product:prod-suunto-smart-hr-belt","keep","","",""
"/products/salomon-adv-skin-5","product","salomon-adv-skin-5","Salomon ADV Skin 5","understand and buy Salomon ADV Skin 5","specs, offers, alternatives entry","Is ADV Skin 5 the right purchase?","running-packs-vests","running","true","INDEXABLE","product:prod-salomon-adv-skin-5","keep","","",""
"/products/nathan-vaporair-4","product","nathan-vaporair-4","Nathan VaporAir 4.0 8L","understand and buy Nathan VaporAir 4.0 8L","specs, offers, alternatives entry","Is VaporAir 4.0 the right purchase?","running-packs-vests","running","true","INDEXABLE","product:prod-nathan-vaporair-4","keep","","",""
"/products/nathan-pinnacle-12","product","nathan-pinnacle-12","Nathan Pinnacle 12L","understand and buy Nathan Pinnacle 12L","specs, offers, alternatives entry","Is Pinnacle 12 the right purchase?","running-packs-vests","running","true","INDEXABLE","product:prod-nathan-pinnacle-12","keep","","",""
"/products/ultimate-direction-race-vest-6","product","ultimate-direction-race-vest-6","Ultimate Direction Race Vest 6.0","understand and buy Ultimate Direction Race Vest 6.0","specs, offers, alternatives entry","Is Race Vest 6.0 the right purchase?","running-packs-vests","running","true","INDEXABLE","product:prod-ud-race-vest-6","keep","","",""
"/products/camelbak-zephyr-pro","product","camelbak-zephyr-pro","CamelBak Zephyr Pro","understand and buy CamelBak Zephyr Pro","specs, offers, alternatives entry","Is Zephyr Pro the right purchase?","running-packs-vests","running","true","INDEXABLE","product:prod-camelbak-zephyr-pro","keep","","",""
"/products/camelbak-circuit-run-vest","product","camelbak-circuit-run-vest","CamelBak Circuit Run Vest","understand and buy CamelBak Circuit Run Vest","specs, offers, alternatives entry","Is Circuit Run Vest the right purchase?","running-packs-vests","running","true","INDEXABLE","product:prod-camelbak-circuit","keep","","",""
"/products/camelbak-apex-pro","product","camelbak-apex-pro","CamelBak Apex Pro Run Vest","understand and buy CamelBak Apex Pro Run Vest","specs, offers, alternatives entry","Is Apex Pro Run Vest the right purchase?","running-packs-vests","running","true","INDEXABLE","product:prod-camelbak-apex-pro","keep","","",""
"/products/osprey-duro-lt","product","osprey-duro-lt","Osprey Duro LT","understand and buy Osprey Duro LT","specs, offers, alternatives entry","Is Duro LT the right purchase?","running-packs-vests","running","true","INDEXABLE","product:prod-osprey-duro-lt","keep","","",""
"/products/osprey-dyna-lt","product","osprey-dyna-lt","Osprey Dyna LT","understand and buy Osprey Dyna LT","specs, offers, alternatives entry","Is Dyna LT the right purchase?","running-packs-vests","running","true","INDEXABLE","product:prod-osprey-dyna-lt","keep","","",""
"/products/osprey-duro-15","product","osprey-duro-15","Osprey Duro 15","understand and buy Osprey Duro 15","specs, offers, alternatives entry","Is Duro 15 the right purchase?","running-packs-vests","running","true","INDEXABLE","product:prod-osprey-duro-15","keep","","",""
"/products/uswe-pace-8","product","uswe-pace-8","USWE Pace 8L","understand and buy USWE Pace 8L","specs, offers, alternatives entry","Is Pace 8 the right purchase?","running-packs-vests","running","true","INDEXABLE","product:prod-uswe-pace-8","keep","","",""
"/products/ultraspire-alpha-6","product","ultraspire-alpha-6","UltrAspire Alpha 6.0 Race Vest","understand and buy UltrAspire Alpha 6.0 Race Vest","specs, offers, alternatives entry","Is Alpha 6.0 the right purchase?","running-packs-vests","running","true","INDEXABLE","product:prod-ultraspire-alpha-6","keep","","",""
"/products/ultraspire-spry-5","product","ultraspire-spry-5","UltrAspire Spry 5.0","understand and buy UltrAspire Spry 5.0","specs, offers, alternatives entry","Is Spry 5.0 the right purchase?","running-packs-vests","running","true","INDEXABLE","product:prod-ultraspire-spry-5","keep","","",""
"/products/compressport-ultrun-s-pack","product","compressport-ultrun-s-pack","Compressport Ultrun S Pack","understand and buy Compressport Ultrun S Pack","specs, offers, alternatives entry","Is Ultrun S Pack the right purchase?","running-packs-vests","running","true","INDEXABLE","product:prod-compressport-ultrun-s-pack","keep","","",""
"/products/nnormal-race-vest","product","nnormal-race-vest","NNormal Race Vest","understand and buy NNormal Race Vest","specs, offers, alternatives entry","Is Race Vest the right purchase?","running-packs-vests","running","true","INDEXABLE","product:prod-nnormal-race-vest","keep","","",""
"/products/on-ultra-vest-pro","product","on-ultra-vest-pro","On Ultra Vest Pro","understand and buy On Ultra Vest Pro","specs, offers, alternatives entry","Is Ultra Vest Pro the right purchase?","running-packs-vests","running","true","INDEXABLE","product:prod-on-ultra-vest-pro","keep","","",""
"/products/black-diamond-distance-8","product","black-diamond-distance-8","Black Diamond Distance 8","understand and buy Black Diamond Distance 8","specs, offers, alternatives entry","Is Distance 8 the right purchase?","running-packs-vests","running","true","INDEXABLE","product:prod-black-diamond-distance-8","keep","","",""
"/products/nathan-peak-hydration-waist-pack","product","nathan-peak-hydration-waist-pack","Nathan Peak Hydration Waist Pack","understand and buy Nathan Peak Hydration Waist Pack","specs, offers, alternatives entry","Is Peak the right purchase?","running-belts","running","true","INDEXABLE","product:prod-nathan-peak","keep","","","paired_with_review"
"/products/ultimate-direction-race-belt","product","ultimate-direction-race-belt","Ultimate Direction Race Belt","understand and buy Ultimate Direction Race Belt","specs, offers, alternatives entry","Is Race Belt the right purchase?","running-belts","running","true","INDEXABLE","product:prod-ud-race-belt","keep","","","paired_with_review"
"/products/ultimate-direction-ultra-belt","product","ultimate-direction-ultra-belt","Ultimate Direction Ultra Belt","understand and buy Ultimate Direction Ultra Belt","specs, offers, alternatives entry","Is Ultra Belt the right purchase?","running-belts","running","true","INDEXABLE","product:prod-ud-ultra-belt","keep","","","paired_with_review"
"/products/naked-running-band","product","naked-running-band","Naked Running Band","understand and buy Naked Running Band","specs, offers, alternatives entry","Is Running Band the right purchase?","running-belts","running","true","INDEXABLE","product:prod-naked-running-band","keep","","",""
"/products/ultraspire-fitted-race-belt-2","product","ultraspire-fitted-race-belt-2","UltrAspire Fitted Race Belt 3.0","understand and buy UltrAspire Fitted Race Belt 3.0","specs, offers, alternatives entry","Is Fitted Race Belt 3.0 the right purchase?","running-belts","running","true","INDEXABLE","product:prod-ultraspire-fitted-race-belt","keep","","",""
"/products/compressport-free-belt-pro","product","compressport-free-belt-pro","Compressport Free Belt Pro","understand and buy Compressport Free Belt Pro","specs, offers, alternatives entry","Is Free Belt Pro the right purchase?","running-belts","running","true","INDEXABLE","product:prod-compressport-free-belt-pro","keep","","",""
"/products/salomon-pulse-belt","product","salomon-pulse-belt","Salomon Pulse Belt","understand and buy Salomon Pulse Belt","specs, offers, alternatives entry","Is Pulse Belt the right purchase?","running-belts","running","true","INDEXABLE","product:prod-salomon-pulse-belt","keep","","",""
"/products/hydrapak-softflask-speed-500","product","hydrapak-softflask-speed-500","HydraPak SoftFlask Speed 500","understand and buy HydraPak SoftFlask Speed 500","specs, offers, alternatives entry","Is SoftFlask Speed 500 the right purchase?","hydration","running","true","INDEXABLE","product:prod-hydrapak-softflask-speed-500","keep","","",""
"/products/hydrapak-skyflask-speed-500","product","hydrapak-skyflask-speed-500","HydraPak SkyFlask Speed 500","understand and buy HydraPak SkyFlask Speed 500","specs, offers, alternatives entry","Is SkyFlask Speed 500 the right purchase?","hydration","running","true","INDEXABLE","product:prod-hydrapak-skyflask-speed-500","keep","","",""
"/products/nathan-speeddraw-plus-insulated-18oz","product","nathan-speeddraw-plus-insulated-18oz","Nathan SpeedDraw Plus Insulated 18oz","understand and buy Nathan SpeedDraw Plus Insulated 18oz","specs, offers, alternatives entry","Is SpeedDraw Plus Insulated the right purchase?","hydration","running","true","INDEXABLE","product:prod-nathan-speeddraw-insulated","keep","","",""
"/products/camelbak-crux-15","product","camelbak-crux-15","CamelBak Crux 1.5L Reservoir","understand and buy CamelBak Crux 1.5L Reservoir","specs, offers, alternatives entry","Is Crux 1.5L the right purchase?","hydration","running","true","INDEXABLE","product:prod-camelbak-crux-15","keep","","","paired_with_review"
"/products/osprey-hydraulics-lt-15","product","osprey-hydraulics-lt-15","Osprey Hydraulics LT 1.5L Reservoir","understand and buy Osprey Hydraulics LT 1.5L Reservoir","specs, offers, alternatives entry","Is Hydraulics LT 1.5L the right purchase?","hydration","running","true","INDEXABLE","product:prod-osprey-hydraulics-15","keep","","",""
"/products/hydrapak-softflask-250","product","hydrapak-softflask-250","HydraPak SoftFlask 250 ml","understand and buy HydraPak SoftFlask 250 ml","specs, offers, alternatives entry","Is SoftFlask 250 the right purchase?","hydration","running","true","INDEXABLE","product:prod-hydrapak-softflask-250","keep","","","paired_with_review"
"/products/hydrapak-tube-kit","product","hydrapak-tube-kit","HydraPak Tube Kit","understand and buy HydraPak Tube Kit","specs, offers, alternatives entry","Is Tube Kit the right purchase?","hydration","running","true","INDEXABLE","product:prod-hydrapak-tube-kit","keep","","",""
"/products/salomon-soft-flask-speed-500","product","salomon-soft-flask-speed-500","Salomon Soft Flask Speed 500","understand and buy Salomon Soft Flask Speed 500","specs, offers, alternatives entry","Is Soft Flask Speed 500 the right purchase?","hydration","running","true","INDEXABLE","product:prod-salomon-soft-flask-speed-500","keep","","","paired_with_review"
"/products/ultimate-direction-body-bottle-500","product","ultimate-direction-body-bottle-500","Ultimate Direction Body Bottle 500","understand and buy Ultimate Direction Body Bottle 500","specs, offers, alternatives entry","Is Body Bottle 500 the right purchase?","hydration","running","true","INDEXABLE","product:prod-ud-body-bottle-500","keep","","",""
"/products/nathan-softflask-18oz","product","nathan-softflask-18oz","Nathan SoftFlask 18oz","understand and buy Nathan SoftFlask 18oz","specs, offers, alternatives entry","Is SoftFlask 18oz the right purchase?","hydration","running","true","INDEXABLE","product:prod-nathan-softflask-18oz","keep","","",""
"/products/amphipod-hydraform-ergo-lite-handheld","product","amphipod-hydraform-ergo-lite-handheld","Amphipod Hydraform Ergo-Lite Handheld","understand and buy Amphipod Hydraform Ergo-Lite Handheld","specs, offers, alternatives entry","Is Hydraform Ergo-Lite Handheld the right purchase?","hydration","running","true","INDEXABLE","product:prod-amphipod-hydraform-handheld","keep","","","paired_with_review"
"/products/camelbak-quick-grip-chill","product","camelbak-quick-grip-chill","CamelBak Quick Grip Chill Handheld","understand and buy CamelBak Quick Grip Chill Handheld","specs, offers, alternatives entry","Is Quick Grip Chill the right purchase?","hydration","running","true","INDEXABLE","product:prod-camelbak-quick-grip-chill","keep","","",""
"/products/hydrapak-contour-2l","product","hydrapak-contour-2l","HydraPak Contour 2L Soft Reservoir","understand and buy HydraPak Contour 2L Soft Reservoir","specs, offers, alternatives entry","Is Contour 2L the right purchase?","hydration","running","true","INDEXABLE","product:prod-hydrapak-contour-2l","keep","","",""
"/products/salomon-soft-reservoir-15","product","salomon-soft-reservoir-15","Salomon Soft Reservoir 1.5L","understand and buy Salomon Soft Reservoir 1.5L","specs, offers, alternatives entry","Is Soft Reservoir 1.5L the right purchase?","hydration","running","true","INDEXABLE","product:prod-salomon-soft-reservoir-15","keep","","",""
"/products/swiftwick-aspire-four","product","swiftwick-aspire-four","Swiftwick Aspire Four","understand and buy Swiftwick Aspire Four","specs, offers, alternatives entry","Is Aspire Four the right purchase?","running-socks","running","true","INDEXABLE","product:prod-swiftwick-aspire-four","keep","","","paired_with_review"
"/products/drymax-run-lite-mesh","product","drymax-run-lite-mesh","Drymax Run Lite-Mesh","understand and buy Drymax Run Lite-Mesh","specs, offers, alternatives entry","Is Run Lite-Mesh the right purchase?","running-socks","running","true","INDEXABLE","product:prod-drymax-run-lite-mesh","keep","","",""
"/products/wrightsock-coolmesh-ii","product","wrightsock-coolmesh-ii","Wrightsock Coolmesh II","understand and buy Wrightsock Coolmesh II","specs, offers, alternatives entry","Is Coolmesh II the right purchase?","running-socks","running","true","INDEXABLE","product:prod-wrightsock-coolmesh-ii","keep","","",""
"/products/amphipod-airflow-lite-belt","product","amphipod-airflow-lite-belt","Amphipod AirFlow Lite Belt","understand and buy Amphipod AirFlow Lite Belt","specs, offers, alternatives entry","Is AirFlow Lite the right purchase?","running-belts","running","true","INDEXABLE","product:prod-amphipod-airflow-lite-belt","keep","","","paired_with_review"
"/products/fitletic-fully-loaded","product","fitletic-fully-loaded","Fitletic Fully Loaded Running Belt","understand and buy Fitletic Fully Loaded Running Belt","specs, offers, alternatives entry","Is Fully Loaded the right purchase?","running-belts","running","true","INDEXABLE","product:prod-fitletic-fully-loaded","keep","","",""
"/products/nathan-zipster-lite","product","nathan-zipster-lite","Nathan ZipSter Lite","understand and buy Nathan ZipSter Lite","specs, offers, alternatives entry","Is ZipSter Lite the right purchase?","running-belts","running","true","INDEXABLE","product:prod-nathan-zipster-lite","keep","","",""
"/products/kiprun-running-belt","product","kiprun-running-belt","Kiprun Running Belt","understand and buy Kiprun Running Belt","specs, offers, alternatives entry","Is Running Belt the right purchase?","running-belts","running","true","INDEXABLE","product:prod-kiprun-running-belt","keep","","","paired_with_review"
"/products/ultimate-direction-fastpack-20","product","ultimate-direction-fastpack-20","Ultimate Direction Fastpack 20","understand and buy Ultimate Direction Fastpack 20","specs, offers, alternatives entry","Is Fastpack 20 the right purchase?","running-packs-vests","running","true","INDEXABLE","product:prod-ud-fastpack-20","keep","","",""
"/products/ultimate-direction-fastpack-her-20","product","ultimate-direction-fastpack-her-20","Ultimate Direction FastpackHer 20","understand and buy Ultimate Direction FastpackHer 20","specs, offers, alternatives entry","Is FastpackHer 20 the right purchase?","running-packs-vests","running","true","INDEXABLE","product:prod-ud-fastpack-her-20","keep","","",""
"/products/ultimate-direction-fastpack-30","product","ultimate-direction-fastpack-30","Ultimate Direction Fastpack 30","understand and buy Ultimate Direction Fastpack 30","specs, offers, alternatives entry","Is Fastpack 30 the right purchase?","running-packs-vests","running","true","INDEXABLE","product:prod-ud-fastpack-30","keep","","",""
"/products/osprey-talon-velocity-20","product","osprey-talon-velocity-20","Osprey Talon Velocity 20","understand and buy Osprey Talon Velocity 20","specs, offers, alternatives entry","Is Talon Velocity 20 the right purchase?","running-packs-vests","running","true","INDEXABLE","product:prod-osprey-talon-velocity-20","keep","","","paired_with_review"
"/products/osprey-tempest-velocity-20","product","osprey-tempest-velocity-20","Osprey Tempest Velocity 20","understand and buy Osprey Tempest Velocity 20","specs, offers, alternatives entry","Is Tempest Velocity 20 the right purchase?","running-packs-vests","running","true","INDEXABLE","product:prod-osprey-tempest-velocity-20","keep","","",""
"/products/osprey-talon-velocity-30","product","osprey-talon-velocity-30","Osprey Talon Velocity 30","understand and buy Osprey Talon Velocity 30","specs, offers, alternatives entry","Is Talon Velocity 30 the right purchase?","running-packs-vests","running","true","INDEXABLE","product:prod-osprey-talon-velocity-30","keep","","",""
"/products/black-diamond-distance-15","product","black-diamond-distance-15","Black Diamond Distance 15 Backpack","understand and buy Black Diamond Distance 15 Backpack","specs, offers, alternatives entry","Is Distance 15 the right purchase?","running-packs-vests","running","true","INDEXABLE","product:prod-black-diamond-distance-15","keep","","",""
"/products/black-diamond-distance-22","product","black-diamond-distance-22","Black Diamond Distance 22 Backpack","understand and buy Black Diamond Distance 22 Backpack","specs, offers, alternatives entry","Is Distance 22 the right purchase?","running-packs-vests","running","true","INDEXABLE","product:prod-black-diamond-distance-22","keep","","",""
"/products/salomon-xa-15","product","salomon-xa-15","Salomon XA 15","understand and buy Salomon XA 15","specs, offers, alternatives entry","Is XA 15 the right purchase?","running-packs-vests","running","true","INDEXABLE","product:prod-salomon-xa-15","keep","","",""
"/products/salomon-custom-quiver","product","salomon-custom-quiver","Salomon Custom Quiver","understand and buy Salomon Custom Quiver","specs, offers, alternatives entry","Is Custom Quiver the right purchase?","running-packs-vests","running","true","INDEXABLE","product:prod-salomon-custom-quiver","keep","","",""
"/products/ultimate-direction-utility-bag","product","ultimate-direction-utility-bag","Ultimate Direction Utility Bag","understand and buy Ultimate Direction Utility Bag","specs, offers, alternatives entry","Is Utility Bag the right purchase?","running-packs-vests","running","true","INDEXABLE","product:prod-ud-utility-bag","keep","","",""
"/products/nathan-zippered-stash","product","nathan-zippered-stash","Nathan Zippered Stash / Phone Pouch","understand and buy Nathan Zippered Stash / Phone Pouch","specs, offers, alternatives entry","Is Zippered Stash the right purchase?","running-packs-vests","running","true","INDEXABLE","product:prod-nathan-zippered-stash","keep","","","paired_with_review"
"/products/shokz-openrun","product","shokz-openrun","Shokz OpenRun","understand and buy Shokz OpenRun","specs, offers, alternatives entry","Is OpenRun the right purchase?","headphones","running","true","INDEXABLE","product:prod-shokz-openrun","keep","","","paired_with_review"
"/products/shokz-openfit-2","product","shokz-openfit-2","Shokz OpenFit 2","understand and buy Shokz OpenFit 2","specs, offers, alternatives entry","Is OpenFit 2 the right purchase?","headphones","running","true","INDEXABLE","product:prod-shokz-openfit-2","keep","","","paired_with_review"
"/products/shokz-opendots-one","product","shokz-opendots-one","Shokz OpenDots One","understand and buy Shokz OpenDots One","specs, offers, alternatives entry","Is OpenDots One the right purchase?","headphones","running","true","INDEXABLE","product:prod-shokz-opendots-one","keep","","",""
"/products/beats-fit-pro","product","beats-fit-pro","Beats Fit Pro","understand and buy Beats Fit Pro","specs, offers, alternatives entry","Is Fit Pro the right purchase?","headphones","running","true","INDEXABLE","product:prod-beats-fit-pro","keep","","","paired_with_review"
"/products/soundcore-aerofit-2","product","soundcore-aerofit-2","soundcore AeroFit 2","understand and buy soundcore AeroFit 2","specs, offers, alternatives entry","Is AeroFit 2 the right purchase?","headphones","running","true","INDEXABLE","product:prod-soundcore-aerofit-2","keep","","",""
"/products/soundcore-sport-x20","product","soundcore-sport-x20","soundcore Sport X20","understand and buy soundcore Sport X20","specs, offers, alternatives entry","Is Sport X20 the right purchase?","headphones","running","true","INDEXABLE","product:prod-soundcore-sport-x20","keep","","","paired_with_review"
"/products/suunto-wing","product","suunto-wing","Suunto Wing","understand and buy Suunto Wing","specs, offers, alternatives entry","Is Wing the right purchase?","headphones","running","true","INDEXABLE","product:prod-suunto-wing","keep","","","paired_with_review"
"/products/apple-airpods-4","product","apple-airpods-4","Apple AirPods 4","understand and buy Apple AirPods 4","specs, offers, alternatives entry","Is AirPods 4 the right purchase?","headphones","running","true","INDEXABLE","product:prod-apple-airpods-4","keep","","",""
"/products/oakley-radar-ev-path","product","oakley-radar-ev-path","Oakley Radar EV Path","understand and buy Oakley Radar EV Path","specs, offers, alternatives entry","Is Radar EV Path the right purchase?","sunglasses","running","true","INDEXABLE","product:prod-oakley-radar-ev-path","keep","","",""
"/products/oakley-sutro-lite","product","oakley-sutro-lite","Oakley Sutro Lite","understand and buy Oakley Sutro Lite","specs, offers, alternatives entry","Is Sutro Lite the right purchase?","sunglasses","running","true","INDEXABLE","product:prod-oakley-sutro-lite","keep","","",""
"/products/oakley-kato","product","oakley-kato","Oakley Kato","understand and buy Oakley Kato","specs, offers, alternatives entry","Is Kato the right purchase?","sunglasses","running","true","INDEXABLE","product:prod-oakley-kato","keep","","",""
"/products/oakley-flak-2-0-xl","product","oakley-flak-2-0-xl","Oakley Flak 2.0 XL","understand and buy Oakley Flak 2.0 XL","specs, offers, alternatives entry","Is Flak 2.0 XL the right purchase?","sunglasses","running","true","INDEXABLE","product:prod-oakley-flak-2xl","keep","","",""
"/products/smith-shift-mag","product","smith-shift-mag","Smith Shift MAG","understand and buy Smith Shift MAG","specs, offers, alternatives entry","Is Shift MAG the right purchase?","sunglasses","running","true","INDEXABLE","product:prod-smith-shift-mag","keep","","",""
"/products/smith-attack-mag","product","smith-attack-mag","Smith Attack MAG","understand and buy Smith Attack MAG","specs, offers, alternatives entry","Is Attack MAG the right purchase?","sunglasses","running","true","INDEXABLE","product:prod-smith-attack-mag","keep","","",""
"/products/julbo-ultimate","product","julbo-ultimate","Julbo Ultimate","understand and buy Julbo Ultimate","specs, offers, alternatives entry","Is Ultimate the right purchase?","sunglasses","running","true","INDEXABLE","product:prod-julbo-ultimate","keep","","",""
"/products/julbo-rush","product","julbo-rush","Julbo Rush","understand and buy Julbo Rush","specs, offers, alternatives entry","Is Rush the right purchase?","sunglasses","running","true","INDEXABLE","product:prod-julbo-rush","keep","","","paired_with_review"
"/products/rudy-project-cutline","product","rudy-project-cutline","Rudy Project Cutline","understand and buy Rudy Project Cutline","specs, offers, alternatives entry","Is Cutline the right purchase?","sunglasses","running","true","INDEXABLE","product:prod-rudy-cutline","keep","","",""
"/products/100-percent-s3","product","100-percent-s3","100% S3","understand and buy 100% S3","specs, offers, alternatives entry","Is S3 the right purchase?","sunglasses","running","true","INDEXABLE","product:prod-100-s3","keep","","",""
"/products/roka-phantom-air","product","roka-phantom-air","ROKA Phantom Air","understand and buy ROKA Phantom Air","specs, offers, alternatives entry","Is Phantom Air the right purchase?","sunglasses","running","true","INDEXABLE","product:prod-roka-phantom-air","keep","","",""
"/products/tifosi-rail","product","tifosi-rail","Tifosi Rail","understand and buy Tifosi Rail","specs, offers, alternatives entry","Is Rail the right purchase?","sunglasses","running","true","INDEXABLE","product:prod-tifosi-rail","keep","","",""
"/products/tifosi-vogel","product","tifosi-vogel","Tifosi Vogel","understand and buy Tifosi Vogel","specs, offers, alternatives entry","Is Vogel the right purchase?","sunglasses","running","true","INDEXABLE","product:prod-tifosi-vogel","keep","","",""
"/products/goodr-circle-gs","product","goodr-circle-gs","Goodr Circle Gs","understand and buy Goodr Circle Gs","specs, offers, alternatives entry","Is Circle Gs the right purchase?","sunglasses","running","true","INDEXABLE","product:prod-goodr-circle-gs","keep","","",""
"/products/petzl-nao-rl","product","petzl-nao-rl","Petzl NAO RL","understand and buy Petzl NAO RL","specs, offers, alternatives entry","Is NAO RL the right purchase?","running-lights","running","true","INDEXABLE","product:prod-petzl-nao-rl","keep","","","paired_with_review"
"/products/petzl-actik-core","product","petzl-actik-core","Petzl Actik Core","understand and buy Petzl Actik Core","specs, offers, alternatives entry","Is Actik Core the right purchase?","running-lights","running","true","INDEXABLE","product:prod-petzl-actik-core","keep","","",""
"/products/black-diamond-distance-1500","product","black-diamond-distance-1500","Black Diamond Distance 1500","understand and buy Black Diamond Distance 1500","specs, offers, alternatives entry","Is Distance 1500 the right purchase?","running-lights","running","true","INDEXABLE","product:prod-bd-distance-1500","keep","","","paired_with_review"
"/products/ledlenser-neo9r","product","ledlenser-neo9r","Ledlenser NEO9R","understand and buy Ledlenser NEO9R","specs, offers, alternatives entry","Is NEO9R the right purchase?","running-lights","running","true","INDEXABLE","product:prod-ledlenser-neo9r","keep","","",""
"/products/biolite-headlamp-800-pro","product","biolite-headlamp-800-pro","BioLite HeadLamp 800 Pro","understand and buy BioLite HeadLamp 800 Pro","specs, offers, alternatives entry","Is HeadLamp 800 Pro the right purchase?","running-lights","running","true","INDEXABLE","product:prod-biolite-headlamp-800","keep","","","paired_with_review"
"/products/nitecore-nu43","product","nitecore-nu43","NITECORE NU43","understand and buy NITECORE NU43","specs, offers, alternatives entry","Is NU43 the right purchase?","running-lights","running","true","INDEXABLE","product:prod-nitecore-nu43","keep","","","paired_with_review"
"/products/amphipod-xinglet","product","amphipod-xinglet","Amphipod Xinglet Reflective Sash","understand and buy Amphipod Xinglet Reflective Sash","specs, offers, alternatives entry","Is Xinglet the right purchase?","safety-gear","running","true","INDEXABLE","product:prod-amphipod-xinglet","keep","","","paired_with_review"
"/products/amphipod-xinglet-optic-beam","product","amphipod-xinglet-optic-beam","Amphipod Xinglet Optic Beam Rechargeable Vest","understand and buy Amphipod Xinglet Optic Beam Rechargeable Vest","specs, offers, alternatives entry","Is Xinglet Optic Beam the right purchase?","safety-gear","running","true","INDEXABLE","product:prod-amphipod-xinglet-optic-beam","keep","","","paired_with_review"
"/products/amphipod-vizlet-led","product","amphipod-vizlet-led","Amphipod Vizlet LED Reflector","understand and buy Amphipod Vizlet LED Reflector","specs, offers, alternatives entry","Is Vizlet LED the right purchase?","safety-gear","running","true","INDEXABLE","product:prod-amphipod-vizlet","keep","","","paired_with_review"
"/products/proviz-reflect360-running-vest","product","proviz-reflect360-running-vest","Proviz Reflect360 Running Vest","understand and buy Proviz Reflect360 Running Vest","specs, offers, alternatives entry","Is Reflect360 Running Vest the right purchase?","safety-gear","running","true","INDEXABLE","product:prod-proviz-reflect360-vest","keep","","",""
"/products/nathan-lightbender-rx","product","nathan-lightbender-rx","Nathan LightBender RX Armband Light","understand and buy Nathan LightBender RX Armband Light","specs, offers, alternatives entry","Is LightBender RX the right purchase?","safety-gear","running","true","INDEXABLE","product:prod-nathan-lightbender","keep","","","paired_with_review"
"/products/maurten-gel-100","product","maurten-gel-100","Maurten Gel 100","understand and buy Maurten Gel 100","specs, offers, alternatives entry","Is Gel 100 the right purchase?","nutrition-fuel","running","true","INDEXABLE","product:prod-maurten-gel-100","keep","","",""
"/products/maurten-gel-100-caf-100","product","maurten-gel-100-caf-100","Maurten Gel 100 Caf 100","understand and buy Maurten Gel 100 Caf 100","specs, offers, alternatives entry","Is Gel 100 Caf 100 the right purchase?","nutrition-fuel","running","true","INDEXABLE","product:prod-maurten-gel-100-caf","keep","","",""
"/products/maurten-gel-160","product","maurten-gel-160","Maurten Gel 160","understand and buy Maurten Gel 160","specs, offers, alternatives entry","Is Gel 160 the right purchase?","nutrition-fuel","running","true","INDEXABLE","product:prod-maurten-gel-160","keep","","","paired_with_review"
"/products/sis-go-isotonic-gel","product","sis-go-isotonic-gel","Science in Sport GO Isotonic Energy Gel","understand and buy Science in Sport GO Isotonic Energy Gel","specs, offers, alternatives entry","Is GO Isotonic Gel the right purchase?","nutrition-fuel","running","true","INDEXABLE","product:prod-sis-go-isotonic-gel","keep","","",""
"/products/sis-beta-fuel-gel","product","sis-beta-fuel-gel","Science in Sport Beta Fuel Dual Source Energy Gel","understand and buy Science in Sport Beta Fuel Dual Source Energy Gel","specs, offers, alternatives entry","Is Beta Fuel Gel the right purchase?","nutrition-fuel","running","true","INDEXABLE","product:prod-sis-beta-fuel-gel","keep","","",""
"/products/gu-energy-gel","product","gu-energy-gel","GU Energy Gel","understand and buy GU Energy Gel","specs, offers, alternatives entry","Is Energy Gel the right purchase?","nutrition-fuel","running","true","INDEXABLE","product:prod-gu-energy-gel","keep","","","paired_with_review"
"/products/gu-roctane-gel","product","gu-roctane-gel","GU Roctane Energy Gel","understand and buy GU Roctane Energy Gel","specs, offers, alternatives entry","Is Roctane Energy Gel the right purchase?","nutrition-fuel","running","true","INDEXABLE","product:prod-gu-roctane-gel","keep","","",""
"/products/precision-pf30-gel","product","precision-pf30-gel","Precision Fuel & Hydration PF 30 Gel","understand and buy Precision Fuel & Hydration PF 30 Gel","specs, offers, alternatives entry","Is PF 30 Gel the right purchase?","nutrition-fuel","running","true","INDEXABLE","product:prod-precision-pf30-gel","keep","","","paired_with_review"
"/products/neversecond-c30-gel","product","neversecond-c30-gel","Neversecond C30 Energy Gel","understand and buy Neversecond C30 Energy Gel","specs, offers, alternatives entry","Is C30 Gel the right purchase?","nutrition-fuel","running","true","INDEXABLE","product:prod-neversecond-c30-gel","keep","","",""
"/products/spring-energy-awesome-sauce","product","spring-energy-awesome-sauce","Spring Energy Awesome Sauce","understand and buy Spring Energy Awesome Sauce","specs, offers, alternatives entry","Is Awesome Sauce the right purchase?","nutrition-fuel","running","true","INDEXABLE","product:prod-spring-awesome-sauce","keep","","",""
"/products/huma-gel-original","product","huma-gel-original","Hüma Original Energy Gel","understand and buy Hüma Original Energy Gel","specs, offers, alternatives entry","Is Original Gel the right purchase?","nutrition-fuel","running","true","INDEXABLE","product:prod-huma-gel-original","keep","","",""
"/products/honey-stinger-organic-energy-gel","product","honey-stinger-organic-energy-gel","Honey Stinger Organic Energy Gel","understand and buy Honey Stinger Organic Energy Gel","specs, offers, alternatives entry","Is Organic Energy Gel the right purchase?","nutrition-fuel","running","true","INDEXABLE","product:prod-honey-stinger-gel","keep","","","paired_with_review"
"/products/clif-bloks-energy-chews","product","clif-bloks-energy-chews","CLIF BLOKS Energy Chews","understand and buy CLIF BLOKS Energy Chews","specs, offers, alternatives entry","Is Bloks Energy Chews the right purchase?","nutrition-fuel","running","true","INDEXABLE","product:prod-clif-bloks","keep","","",""
"/products/gu-energy-chews","product","gu-energy-chews","GU Energy Chews","understand and buy GU Energy Chews","specs, offers, alternatives entry","Is Energy Chews the right purchase?","nutrition-fuel","running","true","INDEXABLE","product:prod-gu-chews","keep","","","paired_with_review"
"/products/skratch-sport-energy-chews","product","skratch-sport-energy-chews","Skratch Labs Sport Energy Chews","understand and buy Skratch Labs Sport Energy Chews","specs, offers, alternatives entry","Is Sport Energy Chews the right purchase?","nutrition-fuel","running","true","INDEXABLE","product:prod-skratch-chews","keep","","",""
"/products/veloforte-energy-chews","product","veloforte-energy-chews","Veloforte Energy Chews","understand and buy Veloforte Energy Chews","specs, offers, alternatives entry","Is Energy Chews the right purchase?","nutrition-fuel","running","true","INDEXABLE","product:prod-veloforte-chews","keep","","",""
"/products/saltstick-fastchews","product","saltstick-fastchews","SaltStick Fastchews","understand and buy SaltStick Fastchews","specs, offers, alternatives entry","Is Fastchews the right purchase?","nutrition-fuel","running","true","INDEXABLE","product:prod-saltstick-fastchews","keep","","","paired_with_review"
"/products/clif-bar-original","product","clif-bar-original","CLIF Bar Original","understand and buy CLIF Bar Original","specs, offers, alternatives entry","Is Clif Bar the right purchase?","nutrition-fuel","running","true","INDEXABLE","product:prod-clif-bar-original","keep","","","paired_with_review"
"/products/naak-ultra-energy-bar","product","naak-ultra-energy-bar","Näak Ultra Energy Bar","understand and buy Näak Ultra Energy Bar","specs, offers, alternatives entry","Is Ultra Energy Bar the right purchase?","nutrition-fuel","running","true","INDEXABLE","product:prod-naak-ultra-energy-bar","keep","","","paired_with_review"
"/products/powerbar-energize","product","powerbar-energize","PowerBar Energize","understand and buy PowerBar Energize","specs, offers, alternatives entry","Is Energize the right purchase?","nutrition-fuel","running","true","INDEXABLE","product:prod-powerbar-energize","keep","","",""
"/products/maurten-drink-mix-160","product","maurten-drink-mix-160","Maurten Drink Mix 160","understand and buy Maurten Drink Mix 160","specs, offers, alternatives entry","Is Drink Mix 160 the right purchase?","nutrition-fuel","running","true","INDEXABLE","product:prod-maurten-drink-mix-160","keep","","",""
"/products/maurten-drink-mix-320","product","maurten-drink-mix-320","Maurten Drink Mix 320","understand and buy Maurten Drink Mix 320","specs, offers, alternatives entry","Is Drink Mix 320 the right purchase?","nutrition-fuel","running","true","INDEXABLE","product:prod-maurten-drink-mix-320","keep","","",""
"/products/sis-beta-fuel-drink","product","sis-beta-fuel-drink","Science in Sport Beta Fuel Energy Drink Mix","understand and buy Science in Sport Beta Fuel Energy Drink Mix","specs, offers, alternatives entry","Is Beta Fuel Drink the right purchase?","nutrition-fuel","running","true","INDEXABLE","product:prod-sis-beta-fuel-drink","keep","","","paired_with_review"
"/products/tailwind-endurance-fuel","product","tailwind-endurance-fuel","Tailwind Endurance Fuel","understand and buy Tailwind Endurance Fuel","specs, offers, alternatives entry","Is Endurance Fuel the right purchase?","nutrition-fuel","running","true","INDEXABLE","product:prod-tailwind-endurance","keep","","",""
"/products/precision-pf30-drink-mix","product","precision-pf30-drink-mix","Precision Fuel & Hydration PF 30 Drink Mix","understand and buy Precision Fuel & Hydration PF 30 Drink Mix","specs, offers, alternatives entry","Is PF 30 Drink Mix the right purchase?","nutrition-fuel","running","true","INDEXABLE","product:prod-precision-pf30-drink","keep","","",""
"/products/neversecond-c30-sports-drink","product","neversecond-c30-sports-drink","Neversecond C30 Sports Drink","understand and buy Neversecond C30 Sports Drink","specs, offers, alternatives entry","Is C30 Sports Drink the right purchase?","nutrition-fuel","running","true","INDEXABLE","product:prod-neversecond-c30-drink","keep","","",""
"/products/styrkr-mix90","product","styrkr-mix90","STYRKR MIX90 Dual-Carb Drink Mix","understand and buy STYRKR MIX90 Dual-Carb Drink Mix","specs, offers, alternatives entry","Is MIX90 the right purchase?","nutrition-fuel","running","true","INDEXABLE","product:prod-styrkr-mix90","keep","","","paired_with_review"
"/products/skratch-sport-hydration-mix","product","skratch-sport-hydration-mix","Skratch Labs Sport Hydration Drink Mix","understand and buy Skratch Labs Sport Hydration Drink Mix","specs, offers, alternatives entry","Is Sport Hydration Drink Mix the right purchase?","nutrition-fuel","running","true","INDEXABLE","product:prod-skratch-sport-hydration","keep","","","paired_with_review"
"/products/precision-ph1500","product","precision-ph1500","Precision Fuel & Hydration PH 1500","understand and buy Precision Fuel & Hydration PH 1500","specs, offers, alternatives entry","Is PH 1500 the right purchase?","nutrition-fuel","running","true","INDEXABLE","product:prod-precision-ph1500","keep","","",""
"/products/nuun-sport","product","nuun-sport","Nuun Sport Electrolyte Tablets","understand and buy Nuun Sport Electrolyte Tablets","specs, offers, alternatives entry","Is Sport the right purchase?","nutrition-fuel","running","true","INDEXABLE","product:prod-nuun-sport","keep","","",""
"/products/high5-zero","product","high5-zero","High5 ZERO Electrolyte Tablets","understand and buy High5 ZERO Electrolyte Tablets","specs, offers, alternatives entry","Is ZERO the right purchase?","nutrition-fuel","running","true","INDEXABLE","product:prod-high5-zero","keep","","","paired_with_review"
"/products/saltstick-caps","product","saltstick-caps","SaltStick Caps","understand and buy SaltStick Caps","specs, offers, alternatives entry","Is Caps the right purchase?","nutrition-fuel","running","true","INDEXABLE","product:prod-saltstick-caps","keep","","",""
"/products/high5-energy-gel","product","high5-energy-gel","High5 Energy Gel","understand and buy High5 Energy Gel","specs, offers, alternatives entry","Is Energy Gel the right purchase?","nutrition-fuel","running","true","INDEXABLE","product:prod-high5-energy-gel","keep","","","paired_with_review"
"/products/226ers-high-energy-gel","product","226ers-high-energy-gel","226ERS High Energy Gel","understand and buy 226ERS High Energy Gel","specs, offers, alternatives entry","Is High Energy Gel the right purchase?","nutrition-fuel","running","true","INDEXABLE","product:prod-226ers-high-energy-gel","keep","","",""
"/products/enervit-c2-1-carbo-gel","product","enervit-c2-1-carbo-gel","Enervit C2:1 Carbo Gel","understand and buy Enervit C2:1 Carbo Gel","specs, offers, alternatives entry","Is C2:1 Carbo Gel the right purchase?","nutrition-fuel","running","true","INDEXABLE","product:prod-enervit-carbo-gel","keep","","",""
"/products/styrkr-gel30","product","styrkr-gel30","STYRKR GEL30","understand and buy STYRKR GEL30","specs, offers, alternatives entry","Is GEL30 the right purchase?","nutrition-fuel","running","true","INDEXABLE","product:prod-styrkr-gel30","keep","","",""
"/products/naak-ultra-energy-drink-mix","product","naak-ultra-energy-drink-mix","Näak Ultra Energy Drink Mix","understand and buy Näak Ultra Energy Drink Mix","specs, offers, alternatives entry","Is Ultra Energy Drink Mix the right purchase?","nutrition-fuel","running","true","INDEXABLE","product:prod-naak-ultra-energy-drink","keep","","",""
"/products/veloforte-energy-bar","product","veloforte-energy-bar","Veloforte Energy Bar","understand and buy Veloforte Energy Bar","specs, offers, alternatives entry","Is Energy Bar the right purchase?","nutrition-fuel","running","true","INDEXABLE","product:prod-veloforte-bar","keep","","","paired_with_review"
"/products/therabody-theragun-prime","product","therabody-theragun-prime","Therabody Theragun Prime","understand and buy Therabody Theragun Prime","specs, offers, alternatives entry","Is Theragun Prime the right purchase?","recovery","running","true","INDEXABLE","product:prod-theragun-prime","keep","","","paired_with_review"
"/products/therabody-theragun-pro","product","therabody-theragun-pro","Therabody Theragun Pro","understand and buy Therabody Theragun Pro","specs, offers, alternatives entry","Is Theragun Pro the right purchase?","recovery","running","true","INDEXABLE","product:prod-theragun-pro","keep","","",""
"/products/hyperice-hypervolt-2","product","hyperice-hypervolt-2","Hyperice Hypervolt 2","understand and buy Hyperice Hypervolt 2","specs, offers, alternatives entry","Is Hypervolt 2 the right purchase?","recovery","running","true","INDEXABLE","product:prod-hypervolt-2","keep","","",""
"/products/triggerpoint-grid-x","product","triggerpoint-grid-x","TriggerPoint GRID X Foam Roller","understand and buy TriggerPoint GRID X Foam Roller","specs, offers, alternatives entry","Is GRID X the right purchase?","recovery","running","true","INDEXABLE","product:prod-triggerpoint-grid-x","keep","","",""
"/products/triggerpoint-grid-travel","product","triggerpoint-grid-travel","TriggerPoint GRID Foam Roller 13""","understand and buy TriggerPoint GRID Foam Roller 13""","specs, offers, alternatives entry","Is GRID Travel the right purchase?","recovery","running","true","INDEXABLE","product:prod-triggerpoint-grid-travel","keep","","",""
"/products/brazyn-morph","product","brazyn-morph","Brazyn Morph Collapsible Foam Roller","understand and buy Brazyn Morph Collapsible Foam Roller","specs, offers, alternatives entry","Is Morph the right purchase?","recovery","running","true","INDEXABLE","product:prod-brazyn-morph","keep","","",""
"/products/blackroll-pro","product","blackroll-pro","BLACKROLL PRO Foam Roller","understand and buy BLACKROLL PRO Foam Roller","specs, offers, alternatives entry","Is BLACKROLL PRO the right purchase?","recovery","running","true","INDEXABLE","product:prod-blackroll-pro","keep","","",""
"/products/hyperice-normatec-3","product","hyperice-normatec-3","Hyperice Normatec 3","understand and buy Hyperice Normatec 3","specs, offers, alternatives entry","Is Normatec 3 the right purchase?","recovery","running","true","INDEXABLE","product:prod-normatec-3","keep","","","paired_with_review"
"/products/hyperice-normatec-go","product","hyperice-normatec-go","Hyperice Normatec Go","understand and buy Hyperice Normatec Go","specs, offers, alternatives entry","Is Normatec Go the right purchase?","recovery","running","true","INDEXABLE","product:prod-normatec-go","keep","","","paired_with_review"
"/products/oofos-oolala","product","oofos-oolala","OOFOS OOlala","understand and buy OOFOS OOlala","specs, offers, alternatives entry","Is OOlala the right purchase?","recovery","running","true","INDEXABLE","product:prod-oofos-oolala","keep","","",""
"/products/cep-the-run-calf-sleeves","product","cep-the-run-calf-sleeves","CEP The Run Calf Sleeves","understand and buy CEP The Run Calf Sleeves","specs, offers, alternatives entry","Is The Run Calf Sleeves the right purchase?","recovery","running","true","INDEXABLE","product:prod-cep-the-run-calf","keep","","",""
"/products/hyperice-vyper-3","product","hyperice-vyper-3","Hyperice Vyper 3","understand and buy Hyperice Vyper 3","specs, offers, alternatives entry","Is Vyper 3 the right purchase?","recovery","running","true","INDEXABLE","product:prod-hyperice-vyper-3","keep","","",""
"/products/tracksmith-session-short-men","product","tracksmith-session-short-men","Tracksmith Session Short (Men)","understand and buy Tracksmith Session Short (Men)","specs, offers, alternatives entry","Is Session Short the right purchase?","running-clothing","running","true","INDEXABLE","product:prod-tracksmith-session-short-men","keep","","",""
"/products/tracksmith-session-short-women","product","tracksmith-session-short-women","Tracksmith Session Short (Women)","understand and buy Tracksmith Session Short (Women)","specs, offers, alternatives entry","Is Session Short the right purchase?","running-clothing","running","true","INDEXABLE","product:prod-tracksmith-session-short-women","keep","","",""
"/products/janji-multi-short-men","product","janji-multi-short-men","Janji Multi Short 2-in-1 7"" (Men)","understand and buy Janji Multi Short 2-in-1 7"" (Men)","specs, offers, alternatives entry","Is Multi Short 2-in-1 7"" the right purchase?","running-clothing","running","true","INDEXABLE","product:prod-janji-multi-short-men","keep","","",""
"/products/janji-pace-short-women","product","janji-pace-short-women","Janji Pace Short 5"" (Women)","understand and buy Janji Pace Short 5"" (Women)","specs, offers, alternatives entry","Is Pace Short 5"" the right purchase?","running-clothing","running","true","INDEXABLE","product:prod-janji-pace-short-women","keep","","",""
"/products/patagonia-strider-pro-men","product","patagonia-strider-pro-men","Patagonia Strider Pro Shorts (Men)","understand and buy Patagonia Strider Pro Shorts (Men)","specs, offers, alternatives entry","Is Strider Pro Shorts the right purchase?","running-clothing","running","true","INDEXABLE","product:prod-patagonia-strider-pro-men","keep","","",""
"/products/patagonia-trailfarer-short-women","product","patagonia-trailfarer-short-women","Patagonia Trailfarer Shorts (Women)","understand and buy Patagonia Trailfarer Shorts (Women)","specs, offers, alternatives entry","Is Trailfarer Shorts the right purchase?","running-clothing","running","true","INDEXABLE","product:prod-patagonia-trailfarer-short-women","keep","","",""
"/products/rabbit-fuel-n-fly-men","product","rabbit-fuel-n-fly-men","rabbit Fuel n' Fly 5"" Short (Men)","understand and buy rabbit Fuel n' Fly 5"" Short (Men)","specs, offers, alternatives entry","Is Fuel n' Fly 5"" the right purchase?","running-clothing","running","true","INDEXABLE","product:prod-rabbit-fuel-n-fly-men","keep","","",""
"/products/brooks-sherpa-7-men","product","brooks-sherpa-7-men","Brooks Sherpa 7"" 2-in-1 Short (Men)","understand and buy Brooks Sherpa 7"" 2-in-1 Short (Men)","specs, offers, alternatives entry","Is Sherpa 7"" 2-in-1 the right purchase?","running-clothing","running","true","INDEXABLE","product:prod-brooks-sherpa-7-men","keep","","",""
"/products/brooks-chaser-5-women","product","brooks-chaser-5-women","Brooks Chaser 5"" Short Tight (Women)","understand and buy Brooks Chaser 5"" Short Tight (Women)","specs, offers, alternatives entry","Is Chaser 5"" Short Tight the right purchase?","running-clothing","running","true","INDEXABLE","product:prod-brooks-chaser-5-women","keep","","",""
"/products/nb-rc-essential-short-men","product","nb-rc-essential-short-men","New Balance RC Essential Short (Men)","understand and buy New Balance RC Essential Short (Men)","specs, offers, alternatives entry","Is RC Essential Short the right purchase?","running-clothing","running","true","INDEXABLE","product:prod-nb-rc-essential-short-men","keep","","",""
"/products/adidas-own-the-run-short-men","product","adidas-own-the-run-short-men","adidas Own the Run Short (Men)","understand and buy adidas Own the Run Short (Men)","specs, offers, alternatives entry","Is Own the Run Short the right purchase?","running-clothing","running","true","INDEXABLE","product:prod-adidas-own-the-run-short-men","keep","","",""
"/products/on-performance-short-men","product","on-performance-short-men","On Performance Shorts / Hybrid (Men)","understand and buy On Performance Shorts / Hybrid (Men)","specs, offers, alternatives entry","Is Performance Shorts the right purchase?","running-clothing","running","true","INDEXABLE","product:prod-on-performance-short-men","keep","","",""
"/products/tracksmith-twilight-half-men","product","tracksmith-twilight-half-men","Tracksmith Twilight Half Tights (Men)","understand and buy Tracksmith Twilight Half Tights (Men)","specs, offers, alternatives entry","Is Twilight Half Tights the right purchase?","running-clothing","running","true","INDEXABLE","product:prod-tracksmith-twilight-half-men","keep","","",""
"/products/tracksmith-turnover-tight-women","product","tracksmith-turnover-tight-women","Tracksmith Turnover Lined Tight (Women)","understand and buy Tracksmith Turnover Lined Tight (Women)","specs, offers, alternatives entry","Is Turnover Lined Tight the right purchase?","running-clothing","running","true","INDEXABLE","product:prod-tracksmith-turnover-tight-women","keep","","",""
"/products/brooks-method-tight-women","product","brooks-method-tight-women","Brooks Method 7/8 Tight (Women)","understand and buy Brooks Method 7/8 Tight (Women)","specs, offers, alternatives entry","Is Method 7/8 Tight the right purchase?","running-clothing","running","true","INDEXABLE","product:prod-brooks-method-tight-women","keep","","",""
"/products/nike-fast-tight-men","product","nike-fast-tight-men","Nike Dri-FIT Fast Tights (Men)","understand and buy Nike Dri-FIT Fast Tights (Men)","specs, offers, alternatives entry","Is Dri-FIT Fast Tights the right purchase?","running-clothing","running","true","INDEXABLE","product:prod-nike-fast-tight-men","keep","","",""
"/products/on-performance-tight-women","product","on-performance-tight-women","On Performance Tights (Women)","understand and buy On Performance Tights (Women)","specs, offers, alternatives entry","Is Performance Tights the right purchase?","running-clothing","running","true","INDEXABLE","product:prod-on-performance-tight-women","keep","","",""
"/products/craft-adv-essence-tight-men","product","craft-adv-essence-tight-men","Craft ADV Essence Tights (Men)","understand and buy Craft ADV Essence Tights (Men)","specs, offers, alternatives entry","Is ADV Essence Tights the right purchase?","running-clothing","running","true","INDEXABLE","product:prod-craft-adv-essence-tight-men","keep","","",""
"/products/patagonia-endless-run-tight-women","product","patagonia-endless-run-tight-women","Patagonia Endless Run Tights (Women)","understand and buy Patagonia Endless Run Tights (Women)","specs, offers, alternatives entry","Is Endless Run Tights the right purchase?","running-clothing","running","true","INDEXABLE","product:prod-patagonia-endless-run-tight-women","keep","","",""
"/products/brooks-canopy-jacket-men","product","brooks-canopy-jacket-men","Brooks Canopy Jacket (Men)","understand and buy Brooks Canopy Jacket (Men)","specs, offers, alternatives entry","Is Canopy Jacket the right purchase?","running-clothing","running","true","INDEXABLE","product:prod-brooks-canopy-jacket-unisex","keep","","",""
"/products/brooks-notch-thermal-men","product","brooks-notch-thermal-men","Brooks Notch Thermal Hoodie (Men)","understand and buy Brooks Notch Thermal Hoodie (Men)","specs, offers, alternatives entry","Is Notch Thermal Hoodie the right purchase?","running-clothing","running","true","INDEXABLE","product:prod-brooks-notch-thermal-men","keep","","",""
"/products/patagonia-houdini-men","product","patagonia-houdini-men","Patagonia Houdini Jacket (Men)","understand and buy Patagonia Houdini Jacket (Men)","specs, offers, alternatives entry","Is Houdini Jacket the right purchase?","running-clothing","running","true","INDEXABLE","product:prod-patagonia-houdini-men","keep","","",""
"/products/nike-impossibly-light-men","product","nike-impossibly-light-men","Nike Impossibly Light / Windrunner Light Shell (Men)","understand and buy Nike Impossibly Light / Windrunner Light Shell (Men)","specs, offers, alternatives entry","Is Impossibly Light Jacket the right purchase?","running-clothing","running","true","INDEXABLE","product:prod-nike-impossibly-light-men","keep","","",""
"/products/on-weather-jacket-men","product","on-weather-jacket-men","On Weather Jacket (Men)","understand and buy On Weather Jacket (Men)","specs, offers, alternatives entry","Is Weather Jacket the right purchase?","running-clothing","running","true","INDEXABLE","product:prod-on-weather-jacket-men","keep","","",""
"/products/craft-adv-essence-light-wind-men","product","craft-adv-essence-light-wind-men","Craft ADV Essence Light Wind Jacket (Men)","understand and buy Craft ADV Essence Light Wind Jacket (Men)","specs, offers, alternatives entry","Is ADV Essence Light Wind the right purchase?","running-clothing","running","true","INDEXABLE","product:prod-craft-adv-essence-light-wind-men","keep","","",""
"/products/salomon-bonatti-wp-men","product","salomon-bonatti-wp-men","Salomon Bonatti Waterproof Jacket (Men)","understand and buy Salomon Bonatti Waterproof Jacket (Men)","specs, offers, alternatives entry","Is Bonatti Waterproof Jacket the right purchase?","running-clothing","running","true","INDEXABLE","product:prod-salomon-bonatti-wp-men","keep","","",""
"/products/salomon-bonatti-wp-women","product","salomon-bonatti-wp-women","Salomon Bonatti Waterproof Jacket (Women)","understand and buy Salomon Bonatti Waterproof Jacket (Women)","specs, offers, alternatives entry","Is Bonatti Waterproof Jacket the right purchase?","running-clothing","running","true","INDEXABLE","product:prod-salomon-bonatti-wp-women","keep","","",""
"/products/janji-rainrunner-men","product","janji-rainrunner-men","Janji Rainrunner Jacket (Men)","understand and buy Janji Rainrunner Jacket (Men)","specs, offers, alternatives entry","Is Rainrunner Jacket the right purchase?","running-clothing","running","true","INDEXABLE","product:prod-janji-rainrunner-unisex","keep","","",""
"/products/nike-dri-fit-miler-men","product","nike-dri-fit-miler-men","Nike Dri-FIT Miler Tee (Men)","understand and buy Nike Dri-FIT Miler Tee (Men)","specs, offers, alternatives entry","Is Dri-FIT Miler the right purchase?","running-clothing","running","true","INDEXABLE","product:prod-nike-dri-fit-miler-men","keep","","",""
"/products/nike-dri-fit-miler-women","product","nike-dri-fit-miler-women","Nike Dri-FIT Miler Tee (Women)","understand and buy Nike Dri-FIT Miler Tee (Women)","specs, offers, alternatives entry","Is Dri-FIT Miler the right purchase?","running-clothing","running","true","INDEXABLE","product:prod-nike-dri-fit-miler-women","keep","","",""
"/products/tracksmith-van-cortlandt-tee-men","product","tracksmith-van-cortlandt-tee-men","Tracksmith Van Cortlandt / Session Tee (Men)","understand and buy Tracksmith Van Cortlandt / Session Tee (Men)","specs, offers, alternatives entry","Is Van Cortlandt Tee the right purchase?","running-clothing","running","true","INDEXABLE","product:prod-tracksmith-van-cortlandt-tee-men","keep","","",""
"/products/janji-run-tee-men","product","janji-run-tee-men","Janji Run Tee / AFO Tee (Men)","understand and buy Janji Run Tee / AFO Tee (Men)","specs, offers, alternatives entry","Is Run Tee the right purchase?","running-clothing","running","true","INDEXABLE","product:prod-janji-run-tee-men","keep","","",""
"/products/patagonia-capilene-cool-daily-men","product","patagonia-capilene-cool-daily-men","Patagonia Capilene Cool Daily Shirt (Men)","understand and buy Patagonia Capilene Cool Daily Shirt (Men)","specs, offers, alternatives entry","Is Capilene Cool Daily the right purchase?","running-clothing","running","true","INDEXABLE","product:prod-patagonia-capilene-cool-daily-men","keep","","",""
"/products/adidas-own-the-run-tee-men","product","adidas-own-the-run-tee-men","adidas Own the Run Tee (Men)","understand and buy adidas Own the Run Tee (Men)","specs, offers, alternatives entry","Is Own the Run Tee the right purchase?","running-clothing","running","true","INDEXABLE","product:prod-adidas-own-the-run-tee-men","keep","","",""
"/products/nike-aeroswift-singlet-men","product","nike-aeroswift-singlet-men","Nike AeroSwift Singlet (Men)","understand and buy Nike AeroSwift Singlet (Men)","specs, offers, alternatives entry","Is AeroSwift Singlet the right purchase?","running-clothing","running","true","INDEXABLE","product:prod-nike-aeroswift-singlet-men","keep","","",""
"/products/tracksmith-brighton-ls-men","product","tracksmith-brighton-ls-men","Tracksmith Brighton Long Sleeve (Men)","understand and buy Tracksmith Brighton Long Sleeve (Men)","specs, offers, alternatives entry","Is Brighton Long Sleeve the right purchase?","running-clothing","running","true","INDEXABLE","product:prod-tracksmith-brighton-ls-men","keep","","",""
"/products/patagonia-capilene-thermal-crew-men","product","patagonia-capilene-thermal-crew-men","Patagonia Capilene Thermal Weight Crew (Men)","understand and buy Patagonia Capilene Thermal Weight Crew (Men)","specs, offers, alternatives entry","Is Capilene Thermal Weight Crew the right purchase?","running-clothing","running","true","INDEXABLE","product:prod-patagonia-capilene-thermal-crew-unisex","keep","","",""
"/products/odlo-active-warm-eco-men","product","odlo-active-warm-eco-men","Odlo Active Warm Eco Long Sleeve (Men)","understand and buy Odlo Active Warm Eco Long Sleeve (Men)","specs, offers, alternatives entry","Is Active Warm Eco LS the right purchase?","running-clothing","running","true","INDEXABLE","product:prod-odlo-active-warm-eco-men","keep","","",""
"/products/patagonia-capilene-midweight-zip-men","product","patagonia-capilene-midweight-zip-men","Patagonia Capilene Midweight Zip-Neck (Men)","understand and buy Patagonia Capilene Midweight Zip-Neck (Men)","specs, offers, alternatives entry","Is Capilene Midweight Zip-Neck the right purchase?","running-clothing","running","true","INDEXABLE","product:prod-patagonia-capilene-midweight-zip-men","keep","","",""
"/products/odlo-active-warm-eco-bottom-men","product","odlo-active-warm-eco-bottom-men","Odlo Active Warm Eco Bottom (Men)","understand and buy Odlo Active Warm Eco Bottom (Men)","specs, offers, alternatives entry","Is Active Warm Eco Bottom the right purchase?","running-clothing","running","true","INDEXABLE","product:prod-odlo-active-warm-eco-bottom-men","keep","","",""
"/products/craft-active-extreme-x-men","product","craft-active-extreme-x-men","Craft Active Extreme X Windstop (Men)","understand and buy Craft Active Extreme X Windstop (Men)","specs, offers, alternatives entry","Is Active Extreme X Windstop the right purchase?","running-clothing","running","true","INDEXABLE","product:prod-craft-active-extreme-x-men","keep","","",""
"/products/patagonia-nano-puff-vest-men","product","patagonia-nano-puff-vest-men","Patagonia Nano-Puff Vest (Men)","understand and buy Patagonia Nano-Puff Vest (Men)","specs, offers, alternatives entry","Is Nano-Puff Vest the right purchase?","running-clothing","running","true","INDEXABLE","product:prod-patagonia-nano-puff-vest-men","keep","","",""
"/products/craft-adv-essence-light-wind-vest-men","product","craft-adv-essence-light-wind-vest-men","Craft ADV Essence Light Wind Vest (Men)","understand and buy Craft ADV Essence Light Wind Vest (Men)","specs, offers, alternatives entry","Is ADV Essence Light Wind Vest the right purchase?","running-clothing","running","true","INDEXABLE","product:prod-craft-adv-essence-light-wind-vest-men","keep","","",""
"/products/nike-swoosh-medium-support","product","nike-swoosh-medium-support","Nike Swoosh Medium Support Bra","understand and buy Nike Swoosh Medium Support Bra","specs, offers, alternatives entry","Is Swoosh Medium Support Bra the right purchase?","running-clothing","running","true","INDEXABLE","product:prod-nike-swoosh-medium-support","keep","","",""
"/products/ciele-gocap-athletics","product","ciele-gocap-athletics","Ciele GOCap Athletics","understand and buy Ciele GOCap Athletics","specs, offers, alternatives entry","Is GOCap Athletics the right purchase?","running-clothing","running","true","INDEXABLE","product:prod-ciele-gocap-athletics","keep","","",""
"/products/brooks-notch-thermal-beanie","product","brooks-notch-thermal-beanie","Brooks Notch Thermal Beanie","understand and buy Brooks Notch Thermal Beanie","specs, offers, alternatives entry","Is Notch Thermal Beanie the right purchase?","running-clothing","running","true","INDEXABLE","product:prod-brooks-notch-thermal-beanie","keep","","",""
"/products/nike-aerobill-cap","product","nike-aerobill-cap","Nike AeroBill / Dri-FIT Advantage Cap","understand and buy Nike AeroBill / Dri-FIT Advantage Cap","specs, offers, alternatives entry","Is AeroBill / Dri-FIT Advantage Cap the right purchase?","running-clothing","running","true","INDEXABLE","product:prod-nike-aerobill-cap","keep","","",""
"/products/smartwool-thermal-merino-glove","product","smartwool-thermal-merino-glove","Smartwool Thermal Merino Glove","understand and buy Smartwool Thermal Merino Glove","specs, offers, alternatives entry","Is Thermal Merino Glove the right purchase?","running-clothing","running","true","INDEXABLE","product:prod-smartwool-thermal-merino-glove","keep","","",""
"/products/nike-therma-fit-glove","product","nike-therma-fit-glove","Nike Therma-FIT Run Gloves","understand and buy Nike Therma-FIT Run Gloves","specs, offers, alternatives entry","Is Therma-FIT Run Gloves the right purchase?","running-clothing","running","true","INDEXABLE","product:prod-nike-therma-fit-glove","keep","","",""
"/products/craft-adv-lumen-glove","product","craft-adv-lumen-glove","Craft ADV Lumen Fleece Glove","understand and buy Craft ADV Lumen Fleece Glove","specs, offers, alternatives entry","Is ADV Lumen Fleece Glove the right purchase?","running-clothing","running","true","INDEXABLE","product:prod-craft-adv-lumen-glove","keep","","",""
"/products/darn-tough-run-1-4","product","darn-tough-run-1-4","Darn Tough Run 1/4 Ultra-Lightweight","understand and buy Darn Tough Run 1/4 Ultra-Lightweight","specs, offers, alternatives entry","Is Run 1/4 Ultra-Lightweight the right purchase?","running-socks","running","true","INDEXABLE","product:prod-darn-tough-run-1-4","keep","","",""
"/products/smartwool-run-targeted-cushion","product","smartwool-run-targeted-cushion","Smartwool Run Targeted Cushion Crew","understand and buy Smartwool Run Targeted Cushion Crew","specs, offers, alternatives entry","Is Run Targeted Cushion Crew the right purchase?","running-socks","running","true","INDEXABLE","product:prod-smartwool-run-targeted-cushion","keep","","","paired_with_review"
"/products/balega-blister-resist","product","balega-blister-resist","Balega Blister Resist Quarter","understand and buy Balega Blister Resist Quarter","specs, offers, alternatives entry","Is Blister Resist Quarter the right purchase?","running-socks","running","true","INDEXABLE","product:prod-balega-blister-resist","keep","","",""
"/products/nathan-vaporair-2","product","nathan-vaporair-2","Nathan VaporAir 2","understand and buy Nathan VaporAir 2","specs, offers, alternatives entry","Is VaporAir 2 the right purchase?","running-packs-vests","running","true","INDEXABLE","product:prod-nathan-vaporair-2","keep","","",""
"/products/ultimate-direction-adventure-vest","product","ultimate-direction-adventure-vest","Ultimate Direction Adventure Vest","understand and buy Ultimate Direction Adventure Vest","specs, offers, alternatives entry","Is Adventure Vest the right purchase?","running-packs-vests","running","true","INDEXABLE","product:prod-ud-adventure-vest","keep","","",""
"/products/camelbak-zephyr","product","camelbak-zephyr","CamelBak Zephyr","understand and buy CamelBak Zephyr","specs, offers, alternatives entry","Is Zephyr the right purchase?","running-packs-vests","running","true","INDEXABLE","product:prod-camelbak-zephyr","keep","","",""
"/products/osprey-duro-6","product","osprey-duro-6","Osprey Duro 6","understand and buy Osprey Duro 6","specs, offers, alternatives entry","Is Duro 6 the right purchase?","running-packs-vests","running","true","INDEXABLE","product:prod-osprey-duro-6","keep","","",""
"/products/osprey-dyna-6","product","osprey-dyna-6","Osprey Dyna 6","understand and buy Osprey Dyna 6","specs, offers, alternatives entry","Is Dyna 6 the right purchase?","running-packs-vests","running","true","INDEXABLE","product:prod-osprey-dyna-6","keep","","",""
"/products/flipbelt-classic","product","flipbelt-classic","FlipBelt Classic","understand and buy FlipBelt Classic","specs, offers, alternatives entry","Is Classic the right purchase?","running-belts","running","true","INDEXABLE","product:prod-flipbelt-classic","keep","","",""
"/products/nathan-mirage-pak","product","nathan-mirage-pak","Nathan Mirage Pak","understand and buy Nathan Mirage Pak","specs, offers, alternatives entry","Is Mirage Pak the right purchase?","running-belts","running","true","INDEXABLE","product:prod-nathan-mirage","keep","","",""
"/products/spibelt-original","product","spibelt-original","SPIbelt Original","understand and buy SPIbelt Original","specs, offers, alternatives entry","Is Original the right purchase?","running-belts","running","true","INDEXABLE","product:prod-spibelt-original","keep","","",""
"/products/nathan-exoshot-2","product","nathan-exoshot-2","Nathan ExoShot 2","understand and buy Nathan ExoShot 2","specs, offers, alternatives entry","Is ExoShot 2 the right purchase?","hydration","running","true","INDEXABLE","product:prod-nathan-exoshot","keep","","",""
"/products/salomon-soft-flask-500","product","salomon-soft-flask-500","Salomon Soft Flask 500 ml","understand and buy Salomon Soft Flask 500 ml","specs, offers, alternatives entry","Is Soft Flask 500 the right purchase?","hydration","running","true","INDEXABLE","product:prod-soft-flask-500","keep","","",""
"/products/hydrapak-softflask-500","product","hydrapak-softflask-500","HydraPak SoftFlask 500 ml","understand and buy HydraPak SoftFlask 500 ml","specs, offers, alternatives entry","Is SoftFlask 500 the right purchase?","hydration","running","true","INDEXABLE","product:prod-hydrapak-softflask-500","keep","","",""
"/products/asics-core-split-short","product","asics-core-split-short","ASICS Core Split Short","understand and buy ASICS Core Split Short","specs, offers, alternatives entry","Is Core Split Short the right purchase?","running-clothing","running","true","INDEXABLE","product:prod-asics-race-short","keep","","",""
"/products/nike-dri-fit-stride-short","product","nike-dri-fit-stride-short","Nike Dri-FIT Stride Short","understand and buy Nike Dri-FIT Stride Short","specs, offers, alternatives entry","Is Dri-FIT Stride Short the right purchase?","running-clothing","running","true","INDEXABLE","product:prod-nike-stride-short","keep","","",""
"/products/craft-adv-essence-short","product","craft-adv-essence-short","Craft ADV Essence Short","understand and buy Craft ADV Essence Short","specs, offers, alternatives entry","Is ADV Essence Short the right purchase?","running-clothing","running","true","INDEXABLE","product:prod-craft-adv-essence-short","keep","","",""
"/products/feetures-elite-light-cushion","product","feetures-elite-light-cushion","Feetures Elite Light Cushion","understand and buy Feetures Elite Light Cushion","specs, offers, alternatives entry","Is Elite Light Cushion the right purchase?","running-socks","running","true","INDEXABLE","product:prod-feetures-elite-light-cushion","keep","","",""
"/products/balega-hidden-comfort","product","balega-hidden-comfort","Balega Hidden Comfort","understand and buy Balega Hidden Comfort","specs, offers, alternatives entry","Is Hidden Comfort the right purchase?","running-socks","running","true","INDEXABLE","product:prod-balega-hidden-comfort","keep","","",""
"/products/injinji-run-midweight","product","injinji-run-midweight","Injinji Run Midweight","understand and buy Injinji Run Midweight","specs, offers, alternatives entry","Is Run Midweight the right purchase?","running-socks","running","true","INDEXABLE","product:prod-injinji-run-midweight","keep","","","paired_with_review"
"/products/cep-run-compression-sock-3","product","cep-run-compression-sock-3","CEP Run Compression Sock 3.0","understand and buy CEP Run Compression Sock 3.0","specs, offers, alternatives entry","Is Run Compression Sock 3.0 the right purchase?","running-socks","running","true","INDEXABLE","product:prod-cep-run-compression-sock","keep","","","paired_with_review"
"/products/shokz-openrun-pro-2","product","shokz-openrun-pro-2","Shokz OpenRun Pro 2","understand and buy Shokz OpenRun Pro 2","specs, offers, alternatives entry","Is OpenRun Pro 2 the right purchase?","headphones","running","true","INDEXABLE","product:prod-shokz-openrun-pro-2","keep","","",""
"/products/apple-airpods-pro-2","product","apple-airpods-pro-2","Apple AirPods Pro 2","understand and buy Apple AirPods Pro 2","specs, offers, alternatives entry","Is AirPods Pro 2 the right purchase?","headphones","running","true","INDEXABLE","product:prod-airpods-pro-2","keep","","",""
"/products/bose-ultra-open-earbuds","product","bose-ultra-open-earbuds","Bose Ultra Open Earbuds","understand and buy Bose Ultra Open Earbuds","specs, offers, alternatives entry","Is Ultra Open Earbuds the right purchase?","headphones","running","true","INDEXABLE","product:prod-bose-ultra-open","keep","","","paired_with_review"
"/products/oakley-encoder","product","oakley-encoder","Oakley Encoder","understand and buy Oakley Encoder","specs, offers, alternatives entry","Is Encoder the right purchase?","sunglasses","running","true","INDEXABLE","product:prod-oakley-encoder","keep","","",""
"/products/goodr-ogs","product","goodr-ogs","Goodr OGs","understand and buy Goodr OGs","specs, offers, alternatives entry","Is OGs the right purchase?","sunglasses","running","true","INDEXABLE","product:prod-goodr-ogs","keep","","",""
"/products/julbo-aerolite","product","julbo-aerolite","Julbo Aerolite","understand and buy Julbo Aerolite","specs, offers, alternatives entry","Is Aerolite the right purchase?","sunglasses","running","true","INDEXABLE","product:prod-julbo-aerolite","keep","","",""
"/products/petzl-swift-rl","product","petzl-swift-rl","Petzl Swift RL","understand and buy Petzl Swift RL","specs, offers, alternatives entry","Is Swift RL the right purchase?","running-lights","running","true","INDEXABLE","product:prod-petzl-swift-rl","keep","","",""
"/products/black-diamond-spot-400-r","product","black-diamond-spot-400-r","Black Diamond Spot 400-R","understand and buy Black Diamond Spot 400-R","specs, offers, alternatives entry","Is Spot 400-R the right purchase?","running-lights","running","true","INDEXABLE","product:prod-bd-spot-400-r","keep","","",""
"/products/silva-trail-runner-free-2","product","silva-trail-runner-free-2","Silva Trail Runner Free 2","understand and buy Silva Trail Runner Free 2","specs, offers, alternatives entry","Is Trail Runner Free 2 the right purchase?","running-lights","running","true","INDEXABLE","product:prod-silva-trail-runner-free","keep","","","paired_with_review"
"/products/nathan-streak-reflective-vest","product","nathan-streak-reflective-vest","Nathan Streak Reflective Vest","understand and buy Nathan Streak Reflective Vest","specs, offers, alternatives entry","Is Streak Reflective Vest the right purchase?","safety-gear","running","true","INDEXABLE","product:prod-nathan-reflective-vest","keep","","","paired_with_review"
"/products/therabody-theragun-mini-2","product","therabody-theragun-mini-2","Therabody Theragun mini","understand and buy Therabody Theragun mini","specs, offers, alternatives entry","Is Theragun mini the right purchase?","recovery","running","true","INDEXABLE","product:prod-theragun-mini","keep","","",""
"/products/hyperice-hypervolt-go-2","product","hyperice-hypervolt-go-2","Hyperice Hypervolt Go 2","understand and buy Hyperice Hypervolt Go 2","specs, offers, alternatives entry","Is Hypervolt Go 2 the right purchase?","recovery","running","true","INDEXABLE","product:prod-hypervolt-go-2","keep","","",""
"/products/oofos-ooriginal","product","oofos-ooriginal","OOFOS OOriginal","understand and buy OOFOS OOriginal","specs, offers, alternatives entry","Is OOriginal the right purchase?","recovery","running","true","INDEXABLE","product:prod-oofos-ooriginal","keep","","",""
"/products/buff-original","product","buff-original","Buff Original Multifunctional Headwear","understand and buy Buff Original Multifunctional Headwear","specs, offers, alternatives entry","Is Original the right purchase?","running-clothing","running","false","PUBLIC_NOINDEX","product:prod-buff-original","keep","","",""
"/products/cep-calf-sleeves-3","product","cep-calf-sleeves-3","CEP Calf Sleeves 3.0","understand and buy CEP Calf Sleeves 3.0","specs, offers, alternatives entry","Is Calf Sleeves 3.0 the right purchase?","recovery","running","true","INDEXABLE","product:prod-cep-calf-sleeves","keep","","",""
"/products/body-glide-original","product","body-glide-original","Body Glide Original Anti-Chafe Balm","understand and buy Body Glide Original Anti-Chafe Balm","specs, offers, alternatives entry","Is Original Anti-Chafe Balm the right purchase?","accessories","running","false","PUBLIC_NOINDEX","product:prod-body-glide-original","keep","","",""
"/products/buff-coolnet-uv","product","buff-coolnet-uv","BUFF CoolNet UV+ Multifunctional Neckwear","understand and buy BUFF CoolNet UV+ Multifunctional Neckwear","specs, offers, alternatives entry","Is CoolNet UV+ the right purchase?","running-clothing","running","false","PUBLIC_NOINDEX","product:prod-buff-coolnet-uv","keep","","",""
"/products/buff-merino-lightweight","product","buff-merino-lightweight","BUFF Lightweight Merino Wool Multifunctional Neckwear","understand and buy BUFF Lightweight Merino Wool Multifunctional Neckwear","specs, offers, alternatives entry","Is Lightweight Merino Wool the right purchase?","running-clothing","running","false","PUBLIC_NOINDEX","product:prod-buff-merino-lightweight","keep","","",""
"/products/buff-polar","product","buff-polar","BUFF Polar Multifunctional Neckwear","understand and buy BUFF Polar Multifunctional Neckwear","specs, offers, alternatives entry","Is Polar the right purchase?","running-clothing","running","false","PUBLIC_NOINDEX","product:prod-buff-polar","keep","","",""
"/products/squirrels-nut-butter","product","squirrels-nut-butter","Squirrel's Nut Butter Original Anti-Chafe Balm","understand and buy Squirrel's Nut Butter Original Anti-Chafe Balm","specs, offers, alternatives entry","Is Original Anti-Chafe the right purchase?","accessories","running","false","PUBLIC_NOINDEX","product:prod-squirrels-nut-butter","keep","","",""
"/products/2toms-sportshield","product","2toms-sportshield","2Toms SportShield Anti-Chafe Roll-On","understand and buy 2Toms SportShield Anti-Chafe Roll-On","specs, offers, alternatives entry","Is SportShield the right purchase?","accessories","running","false","PUBLIC_NOINDEX","product:prod-2toms-sportshield","keep","","",""
"/products/nox-at10-genius-18k-2026","product","nox-at10-genius-18k-2026","Nox AT10 Genius 18K 2026","understand and buy Nox AT10 Genius 18K 2026","specs, offers, alternatives entry","Is AT10 Genius 18K 2026 the right purchase?","padel-rackets","padel","false","HIDDEN_404","product:prod-nox-at10-18k-2026","keep","","",""
"/products/bullpadel-vertex-04","product","bullpadel-vertex-04","Bullpadel Vertex 04","understand and buy Bullpadel Vertex 04","specs, offers, alternatives entry","Is Vertex 04 the right purchase?","padel-rackets","padel","false","HIDDEN_404","product:prod-bullpadel-vertex-04","keep","","",""
"/products/babolat-technical-viper-2026","product","babolat-technical-viper-2026","Babolat Technical Viper 2026","understand and buy Babolat Technical Viper 2026","specs, offers, alternatives entry","Is Technical Viper 2026 the right purchase?","padel-rackets","padel","false","HIDDEN_404","product:prod-babolat-technical-viper","keep","","",""
"/products/head-coello-pro-2026","product","head-coello-pro-2026","Head Coello Pro 2026","understand and buy Head Coello Pro 2026","specs, offers, alternatives entry","Is Coello Pro 2026 the right purchase?","padel-rackets","padel","false","HIDDEN_404","product:prod-head-coello-pro","keep","","",""
"/products/siux-diablo-revolution-2026","product","siux-diablo-revolution-2026","Siux Diablo Pro 2026","understand and buy Siux Diablo Pro 2026","specs, offers, alternatives entry","Is Diablo Pro 2026 the right purchase?","padel-rackets","padel","false","HIDDEN_404","product:prod-siux-diablo","keep","","",""
"/products/adidas-courtstabil-padel","product","adidas-courtstabil-padel","Adidas Courtquick Padel","understand and buy Adidas Courtquick Padel","specs, offers, alternatives entry","Is Courtquick Padel the right purchase?","padel-shoes","padel","false","HIDDEN_404","product:prod-adidas-courtstabil","keep","","",""
"/products/head-padel-pro-s-balls","product","head-padel-pro-s-balls","Head Padel Pro S Balls","understand and buy Head Padel Pro S Balls","specs, offers, alternatives entry","Is Padel Pro S the right purchase?","padel-balls","padel","false","HIDDEN_404","product:prod-head-padel-pro-s","keep","","",""
"/products/wilson-padel-overgrip-pack","product","wilson-padel-overgrip-pack","Wilson Padel Overgrip Pack","understand and buy Wilson Padel Overgrip Pack","specs, offers, alternatives entry","Is Padel Overgrip Pack the right purchase?","padel-grips","padel","false","HIDDEN_404","product:prod-wilson-overgrip","keep","","",""
"/products/wilson-bela-pro-v2-2026","product","wilson-bela-pro-v2-2026","Wilson Bela Pro V2 2026","understand and buy Wilson Bela Pro V2 2026","specs, offers, alternatives entry","Is Bela Pro V2 2026 the right purchase?","padel-rackets","padel","false","HIDDEN_404","product:prod-wilson-bela-pro","keep","","",""
"/products/starvie-titania-kepler-2026","product","starvie-titania-kepler-2026","StarVie Titania Kepler 2026","understand and buy StarVie Titania Kepler 2026","specs, offers, alternatives entry","Is Titania Kepler 2026 the right purchase?","padel-rackets","padel","false","HIDDEN_404","product:prod-starvie-titania-kepler","keep","","",""
"/products/adidas-metalbone-hrd-2026","product","adidas-metalbone-hrd-2026","Adidas Metalbone HRD 2026","understand and buy Adidas Metalbone HRD 2026","specs, offers, alternatives entry","Is Metalbone HRD 2026 the right purchase?","padel-rackets","padel","false","HIDDEN_404","product:prod-adidas-metalbone-hrd","keep","","",""
"/products/kuikma-pr-soft-500","product","kuikma-pr-soft-500","Kuikma PR Soft 500","understand and buy Kuikma PR Soft 500","specs, offers, alternatives entry","Is PR Soft 500 the right purchase?","padel-rackets","padel","false","HIDDEN_404","product:prod-kuikma-pr-soft-500","keep","","",""
"/products/drop-shot-canyon-pro-2026","product","drop-shot-canyon-pro-2026","Drop Shot Canyon Pro 2026","understand and buy Drop Shot Canyon Pro 2026","specs, offers, alternatives entry","Is Canyon Pro 2026 the right purchase?","padel-rackets","padel","false","HIDDEN_404","product:prod-drop-shot-canyon-pro","keep","","",""
"/products/varlion-lw-carbon-difusor-2026","product","varlion-lw-carbon-difusor-2026","Varlion LW Carbon Difusor 2026","understand and buy Varlion LW Carbon Difusor 2026","specs, offers, alternatives entry","Is LW Carbon Difusor 2026 the right purchase?","padel-rackets","padel","false","HIDDEN_404","product:prod-varlion-lw-carbon-difusor","keep","","",""
"/products/nox-ml10-pro-cup-2026","product","nox-ml10-pro-cup-2026","Nox ML10 Pro Cup 2026","understand and buy Nox ML10 Pro Cup 2026","specs, offers, alternatives entry","Is ML10 Pro Cup 2026 the right purchase?","padel-rackets","padel","false","HIDDEN_404","product:prod-nox-ml10-pro-cup","keep","","",""
"/products/bullpadel-hack-03","product","bullpadel-hack-03","Bullpadel Hack 03","understand and buy Bullpadel Hack 03","specs, offers, alternatives entry","Is Hack 03 the right purchase?","padel-rackets","padel","false","HIDDEN_404","product:prod-bullpadel-hack-03","keep","","",""
"/products/babolat-counter-viper-2026","product","babolat-counter-viper-2026","Babolat Counter Viper 2026","understand and buy Babolat Counter Viper 2026","specs, offers, alternatives entry","Is Counter Viper 2026 the right purchase?","padel-rackets","padel","false","HIDDEN_404","product:prod-babolat-counter-viper","keep","","",""
"/products/head-extreme-pro-padel-2026","product","head-extreme-pro-padel-2026","Head Extreme Pro Padel 2026","understand and buy Head Extreme Pro Padel 2026","specs, offers, alternatives entry","Is Extreme Pro 2026 the right purchase?","padel-rackets","padel","false","HIDDEN_404","product:prod-head-extreme-pro-padel","keep","","",""
"/products/wilson-blade-pro-v2-padel-2026","product","wilson-blade-pro-v2-padel-2026","Wilson Blade Pro V2 Padel 2026","understand and buy Wilson Blade Pro V2 Padel 2026","specs, offers, alternatives entry","Is Blade Pro V2 2026 the right purchase?","padel-rackets","padel","false","HIDDEN_404","product:prod-wilson-blade-pro-padel","keep","","",""
"/products/starvie-basalto-osiris-2026","product","starvie-basalto-osiris-2026","StarVie Basalto Osiris 2026","understand and buy StarVie Basalto Osiris 2026","specs, offers, alternatives entry","Is Basalto Osiris 2026 the right purchase?","padel-rackets","padel","false","HIDDEN_404","product:prod-starvie-basalto-osiris","keep","","",""
"/products/bullpadel-vertex-05-2026","product","bullpadel-vertex-05-2026","Bullpadel Vertex 05 2026","understand and buy Bullpadel Vertex 05 2026","specs, offers, alternatives entry","Is Vertex 05 2026 the right purchase?","padel-rackets","padel","false","HIDDEN_404","product:prod-bullpadel-vertex-05","keep","","",""
"/products/bullpadel-hack-04-2026","product","bullpadel-hack-04-2026","Bullpadel Hack 04 2026","understand and buy Bullpadel Hack 04 2026","specs, offers, alternatives entry","Is Hack 04 2026 the right purchase?","padel-rackets","padel","false","HIDDEN_404","product:prod-bullpadel-hack-04","keep","","",""
"/products/nox-at10-genius-12k-alum-xtrem-2026","product","nox-at10-genius-12k-alum-xtrem-2026","Nox AT10 Genius 12K Alum Xtrem 2026","understand and buy Nox AT10 Genius 12K Alum Xtrem 2026","specs, offers, alternatives entry","Is AT10 Genius 12K Alum Xtrem 2026 the right purchase?","padel-rackets","padel","false","HIDDEN_404","product:prod-nox-at10-12k-2026","keep","","",""
"/products/adidas-metalbone-2026","product","adidas-metalbone-2026","Adidas Metalbone 2026","understand and buy Adidas Metalbone 2026","specs, offers, alternatives entry","Is Metalbone 2026 the right purchase?","padel-rackets","padel","false","HIDDEN_404","product:prod-adidas-metalbone-3-3-2026","keep","","",""
"/products/head-extreme-motion-2026","product","head-extreme-motion-2026","Head Extreme Motion 2026","understand and buy Head Extreme Motion 2026","specs, offers, alternatives entry","Is Extreme Motion 2026 the right purchase?","padel-rackets","padel","false","HIDDEN_404","product:prod-head-extreme-motion-2026","keep","","",""
"/products/tecnifibre-wall-breaker-365","product","tecnifibre-wall-breaker-365","Tecnifibre Wall Breaker 365","understand and buy Tecnifibre Wall Breaker 365","specs, offers, alternatives entry","Is Wall Breaker 365 the right purchase?","padel-rackets","padel","false","HIDDEN_404","product:prod-tecnifibre-wall-breaker-365-2026","keep","","",""
"/products/oxdog-sense-pro","product","oxdog-sense-pro","Oxdog Sense Pro","understand and buy Oxdog Sense Pro","specs, offers, alternatives entry","Is Sense Pro the right purchase?","padel-rackets","padel","false","HIDDEN_404","product:prod-oxdog-sense-pro-2026","keep","","",""
"/products/royal-padel-m27-poly-2026","product","royal-padel-m27-poly-2026","Royal Padel M27 Poly 2026","understand and buy Royal Padel M27 Poly 2026","specs, offers, alternatives entry","Is M27 Poly 2026 the right purchase?","padel-rackets","padel","false","HIDDEN_404","product:prod-royal-padel-rp-m27-2026","keep","","",""
"/products/black-crown-special-one-soft","product","black-crown-special-one-soft","Black Crown Special One Soft","understand and buy Black Crown Special One Soft","specs, offers, alternatives entry","Is Special One Soft the right purchase?","padel-rackets","padel","false","HIDDEN_404","product:prod-black-crown-special-one-soft","keep","","",""
"/products/lok-maxx-flow","product","lok-maxx-flow","Lok Maxx Flow","understand and buy Lok Maxx Flow","specs, offers, alternatives entry","Is Maxx Flow the right purchase?","padel-rackets","padel","false","HIDDEN_404","product:prod-lok-maxx-flow","keep","","",""
"/products/asics-gel-resolution-padel","product","asics-gel-resolution-padel","ASICS Gel-Resolution Padel","understand and buy ASICS Gel-Resolution Padel","specs, offers, alternatives entry","Is Gel-Resolution Padel the right purchase?","padel-shoes","padel","false","HIDDEN_404","product:prod-asics-gel-resolution-padel","keep","","",""
"/products/asics-gel-challenger-court","product","asics-gel-challenger-court","ASICS Gel-Challenger Court","understand and buy ASICS Gel-Challenger Court","specs, offers, alternatives entry","Is Gel-Challenger Court the right purchase?","padel-shoes","padel","false","HIDDEN_404","product:prod-asics-gel-challenger-court","keep","","",""
"/products/babolat-jet-premura","product","babolat-jet-premura","Babolat Jet Premura","understand and buy Babolat Jet Premura","specs, offers, alternatives entry","Is Jet Premura the right purchase?","padel-shoes","padel","false","HIDDEN_404","product:prod-babolat-jet-premura","keep","","",""
"/products/joma-t-slam","product","joma-t-slam","Joma T.Slam","understand and buy Joma T.Slam","specs, offers, alternatives entry","Is T.Slam the right purchase?","padel-shoes","padel","false","HIDDEN_404","product:prod-joma-t-slam","keep","","",""
"/products/head-revolt-pro-court","product","head-revolt-pro-court","Head Revolt Pro Court","understand and buy Head Revolt Pro Court","specs, offers, alternatives entry","Is Revolt Pro Court the right purchase?","padel-shoes","padel","false","HIDDEN_404","product:prod-head-revolt-pro-court","keep","","",""
"/products/adidas-crazyquick-boost-padel","product","adidas-crazyquick-boost-padel","Adidas Crazyquick Boost Padel","understand and buy Adidas Crazyquick Boost Padel","specs, offers, alternatives entry","Is Crazyquick Boost Padel the right purchase?","padel-shoes","padel","false","HIDDEN_404","product:prod-adidas-crazyquick-boost-m","keep","","",""
"/products/adidas-courtquick-padel-women","product","adidas-courtquick-padel-women","Adidas Courtquick Padel Women","understand and buy Adidas Courtquick Padel Women","specs, offers, alternatives entry","Is Courtquick Padel Women the right purchase?","padel-shoes","padel","false","HIDDEN_404","product:prod-adidas-courtquick-w","keep","","",""
"/products/adidas-crazyquick-boost-padel-women","product","adidas-crazyquick-boost-padel-women","Adidas Crazyquick Boost Padel Women","understand and buy Adidas Crazyquick Boost Padel Women","specs, offers, alternatives entry","Is Crazyquick Boost Padel Women the right purchase?","padel-shoes","padel","false","HIDDEN_404","product:prod-adidas-crazyquick-boost-w","keep","","",""
"/products/asics-gel-dedicate-8-padel","product","asics-gel-dedicate-8-padel","ASICS Gel-Dedicate 8 Padel","understand and buy ASICS Gel-Dedicate 8 Padel","specs, offers, alternatives entry","Is Gel-Dedicate 8 Padel the right purchase?","padel-shoes","padel","false","HIDDEN_404","product:prod-asics-gel-dedicate-8-padel","keep","","",""
"/products/asics-game-ff-padel","product","asics-game-ff-padel","ASICS Game FF Padel","understand and buy ASICS Game FF Padel","specs, offers, alternatives entry","Is Game FF Padel the right purchase?","padel-shoes","padel","false","HIDDEN_404","product:prod-asics-game-ff-padel","keep","","",""
"/products/asics-solution-swift-ff2-padel","product","asics-solution-swift-ff2-padel","ASICS Solution Swift FF 2 Padel","understand and buy ASICS Solution Swift FF 2 Padel","specs, offers, alternatives entry","Is Solution Swift FF 2 Padel the right purchase?","padel-shoes","padel","false","HIDDEN_404","product:prod-asics-solution-swift-ff2-padel","keep","","",""
"/products/bullpadel-hybrid-fly","product","bullpadel-hybrid-fly","Bullpadel Hybrid Fly","understand and buy Bullpadel Hybrid Fly","specs, offers, alternatives entry","Is Hybrid Fly the right purchase?","padel-shoes","padel","false","HIDDEN_404","product:prod-bullpadel-hybrid-fly","keep","","",""
"/products/bullpadel-ionic-woman","product","bullpadel-ionic-woman","Bullpadel Ionic Woman","understand and buy Bullpadel Ionic Woman","specs, offers, alternatives entry","Is Ionic Woman the right purchase?","padel-shoes","padel","false","HIDDEN_404","product:prod-bullpadel-ionic-woman","keep","","",""
"/products/nox-at10-lux","product","nox-at10-lux","Nox AT10 Lux","understand and buy Nox AT10 Lux","specs, offers, alternatives entry","Is AT10 Lux the right purchase?","padel-shoes","padel","false","HIDDEN_404","product:prod-nox-at10-lux","keep","","",""
"/products/nox-ml10-hexa","product","nox-ml10-hexa","Nox ML10 Hexa","understand and buy Nox ML10 Hexa","specs, offers, alternatives entry","Is ML10 Hexa the right purchase?","padel-shoes","padel","false","HIDDEN_404","product:prod-nox-ml10-hexa","keep","","",""
"/products/babolat-movea-2","product","babolat-movea-2","Babolat Movea 2","understand and buy Babolat Movea 2","specs, offers, alternatives entry","Is Movea 2 the right purchase?","padel-shoes","padel","false","HIDDEN_404","product:prod-babolat-movea-2","keep","","",""
"/products/babolat-sensa-women","product","babolat-sensa-women","Babolat Sensa Women","understand and buy Babolat Sensa Women","specs, offers, alternatives entry","Is Sensa Women the right purchase?","padel-shoes","padel","false","HIDDEN_404","product:prod-babolat-sensa-women","keep","","",""
"/products/joma-slam-lady","product","joma-slam-lady","Joma Slam Lady","understand and buy Joma Slam Lady","specs, offers, alternatives entry","Is Slam Lady the right purchase?","padel-shoes","padel","false","HIDDEN_404","product:prod-joma-slam-lady","keep","","",""
"/products/joma-spin-men","product","joma-spin-men","Joma Spin Men","understand and buy Joma Spin Men","specs, offers, alternatives entry","Is Spin Men the right purchase?","padel-shoes","padel","false","HIDDEN_404","product:prod-joma-spin-men","keep","","",""
"/products/head-sprint-pro-4-padel","product","head-sprint-pro-4-padel","Head Sprint Pro 4.0 Padel","understand and buy Head Sprint Pro 4.0 Padel","specs, offers, alternatives entry","Is Sprint Pro 4.0 Padel the right purchase?","padel-shoes","padel","false","HIDDEN_404","product:prod-head-sprint-pro-4-padel","keep","","",""
"/products/wilson-rush-pro-5-padel","product","wilson-rush-pro-5-padel","Wilson Rush Pro 5 Padel","understand and buy Wilson Rush Pro 5 Padel","specs, offers, alternatives entry","Is Rush Pro 5 Padel the right purchase?","padel-shoes","padel","false","HIDDEN_404","product:prod-wilson-rush-pro-5-padel","keep","","",""
"/products/kuikma-ps-990","product","kuikma-ps-990","Kuikma PS 990","understand and buy Kuikma PS 990","specs, offers, alternatives entry","Is PS 990 the right purchase?","padel-shoes","padel","false","HIDDEN_404","product:prod-kuikma-ps-990","keep","","",""
"/products/oxdog-hyper-court","product","oxdog-hyper-court","Oxdog Hyper Court","understand and buy Oxdog Hyper Court","specs, offers, alternatives entry","Is Hyper Court the right purchase?","padel-shoes","padel","false","HIDDEN_404","product:prod-oxdog-hyper-court","keep","","",""
"/products/asics-gel-resolution-padel-women","product","asics-gel-resolution-padel-women","ASICS Gel-Resolution Padel Women","understand and buy ASICS Gel-Resolution Padel Women","specs, offers, alternatives entry","Is Gel-Resolution Padel Women the right purchase?","padel-shoes","padel","false","HIDDEN_404","product:prod-asics-gel-resolution-padel-w","keep","","",""
"/products/asics-solution-swift-ff-padel-women","product","asics-solution-swift-ff-padel-women","ASICS Solution Swift FF Padel Women","understand and buy ASICS Solution Swift FF Padel Women","specs, offers, alternatives entry","Is Solution Swift FF Padel Women the right purchase?","padel-shoes","padel","false","HIDDEN_404","product:prod-asics-solution-swift-padel-w","keep","","",""
"/products/wilson-bela-pro-padel","product","wilson-bela-pro-padel","Wilson Bela Pro Padel","understand and buy Wilson Bela Pro Padel","specs, offers, alternatives entry","Is Bela Pro Padel the right purchase?","padel-shoes","padel","false","HIDDEN_404","product:prod-wilson-bela-pro-padel","keep","","",""
"/products/joma-spin-lady","product","joma-spin-lady","Joma Spin Lady","understand and buy Joma Spin Lady","specs, offers, alternatives entry","Is Spin Lady the right purchase?","padel-shoes","padel","false","HIDDEN_404","product:prod-joma-spin-lady","keep","","",""
"/products/bullpadel-hack-hybrid","product","bullpadel-hack-hybrid","Bullpadel Hack Hybrid","understand and buy Bullpadel Hack Hybrid","specs, offers, alternatives entry","Is Hack Hybrid the right purchase?","padel-shoes","padel","false","HIDDEN_404","product:prod-bullpadel-hack-hybrid","keep","","",""
"/products/nox-at10-pro","product","nox-at10-pro","Nox AT10 Pro","understand and buy Nox AT10 Pro","specs, offers, alternatives entry","Is AT10 Pro the right purchase?","padel-shoes","padel","false","HIDDEN_404","product:prod-nox-at10-pro-shoe","keep","","",""
"/products/babolat-jet-premura-2","product","babolat-jet-premura-2","Babolat Jet Premura 2","understand and buy Babolat Jet Premura 2","specs, offers, alternatives entry","Is Jet Premura 2 the right purchase?","padel-shoes","padel","false","HIDDEN_404","product:prod-babolat-jet-premura-2-men","keep","","",""
"/products/tecnifibre-wall-shooter","product","tecnifibre-wall-shooter","Tecnifibre Wall Shooter","understand and buy Tecnifibre Wall Shooter","specs, offers, alternatives entry","Is Wall Shooter the right purchase?","padel-shoes","padel","false","HIDDEN_404","product:prod-tecnifibre-t-fight-padel","keep","","",""
"/products/varlion-bourne-padel","product","varlion-bourne-padel","Varlion Bourne Padel","understand and buy Varlion Bourne Padel","specs, offers, alternatives entry","Is Bourne Padel the right purchase?","padel-shoes","padel","false","HIDDEN_404","product:prod-varlion-bourne-padel-shoe","keep","","",""
"/products/lok-padel-one","product","lok-padel-one","LOK Padel One","understand and buy LOK Padel One","specs, offers, alternatives entry","Is Padel One the right purchase?","padel-shoes","padel","false","HIDDEN_404","product:prod-lok-padel-one","keep","","",""
"/products/babolat-pure-drive-2025","product","babolat-pure-drive-2025","Babolat Pure Drive 2025","understand and buy Babolat Pure Drive 2025","specs, offers, alternatives entry","Is Pure Drive 2025 the right purchase?","tennis-rackets","tennis","false","HIDDEN_404","product:prod-babolat-pure-drive-2025","keep","","",""
"/products/babolat-pure-aero-2023","product","babolat-pure-aero-2023","Babolat Pure Aero 2023","understand and buy Babolat Pure Aero 2023","specs, offers, alternatives entry","Is Pure Aero 2023 the right purchase?","tennis-rackets","tennis","false","HIDDEN_404","product:prod-babolat-pure-aero-2023","keep","","",""
"/products/wilson-clash-100-v2","product","wilson-clash-100-v2","Wilson Clash 100 v2","understand and buy Wilson Clash 100 v2","specs, offers, alternatives entry","Is Clash 100 v2 the right purchase?","tennis-rackets","tennis","false","HIDDEN_404","product:prod-wilson-clash-100-v2","keep","","",""
"/products/wilson-blade-98-v8","product","wilson-blade-98-v8","Wilson Blade 98 16x19 v8","understand and buy Wilson Blade 98 16x19 v8","specs, offers, alternatives entry","Is Blade 98 16x19 v8 the right purchase?","tennis-rackets","tennis","false","HIDDEN_404","product:prod-wilson-blade-98-v8","keep","","",""
"/products/head-speed-mp-2024","product","head-speed-mp-2024","Head Speed MP 2024","understand and buy Head Speed MP 2024","specs, offers, alternatives entry","Is Speed MP 2024 the right purchase?","tennis-rackets","tennis","false","HIDDEN_404","product:prod-head-speed-mp-2024","keep","","",""
"/products/head-radical-mp-2023","product","head-radical-mp-2023","Head Radical MP 2023","understand and buy Head Radical MP 2023","specs, offers, alternatives entry","Is Radical MP 2023 the right purchase?","tennis-rackets","tennis","false","HIDDEN_404","product:prod-head-radical-mp-2023","keep","","",""
"/products/yonex-ezone-98-2024","product","yonex-ezone-98-2024","Yonex EZONE 98 2024","understand and buy Yonex EZONE 98 2024","specs, offers, alternatives entry","Is EZONE 98 2024 the right purchase?","tennis-rackets","tennis","false","HIDDEN_404","product:prod-yonex-ezone-98-2024","keep","","",""
"/products/yonex-vcore-100-2023","product","yonex-vcore-100-2023","Yonex VCORE 100 2023","understand and buy Yonex VCORE 100 2023","specs, offers, alternatives entry","Is VCORE 100 2023 the right purchase?","tennis-rackets","tennis","false","HIDDEN_404","product:prod-yonex-vcore-100-2023","keep","","",""
"/products/tecnifibre-tf40-305","product","tecnifibre-tf40-305","Tecnifibre TF40 305 16x19","understand and buy Tecnifibre TF40 305 16x19","specs, offers, alternatives entry","Is TF40 305 16x19 the right purchase?","tennis-rackets","tennis","false","HIDDEN_404","product:prod-tecnifibre-tf40-305","keep","","",""
"/products/dunlop-cx-200","product","dunlop-cx-200","Dunlop CX 200","understand and buy Dunlop CX 200","specs, offers, alternatives entry","Is CX 200 the right purchase?","tennis-rackets","tennis","false","HIDDEN_404","product:prod-dunlop-cx-200","keep","","",""
"/products/prince-textreme-tour-100p","product","prince-textreme-tour-100p","Prince Textreme Tour 100P","understand and buy Prince Textreme Tour 100P","specs, offers, alternatives entry","Is Textreme Tour 100P the right purchase?","tennis-rackets","tennis","false","HIDDEN_404","product:prod-prince-textreme-tour-100p","keep","","",""
"/products/asics-gel-resolution-9","product","asics-gel-resolution-9","ASICS Gel-Resolution 9","understand and buy ASICS Gel-Resolution 9","specs, offers, alternatives entry","Is Gel-Resolution 9 the right purchase?","tennis-shoes","tennis","false","HIDDEN_404","product:prod-asics-gel-resolution-9","keep","","",""
"/products/wilson-rush-pro-4-0","product","wilson-rush-pro-4-0","Wilson Rush Pro 4.0","understand and buy Wilson Rush Pro 4.0","specs, offers, alternatives entry","Is Rush Pro 4.0 the right purchase?","tennis-shoes","tennis","false","HIDDEN_404","product:prod-wilson-rush-pro-4","keep","","",""
"/products/babolat-rpm-blast-1-25","product","babolat-rpm-blast-1-25","Babolat RPM Blast 1.25","understand and buy Babolat RPM Blast 1.25","specs, offers, alternatives entry","Is RPM Blast 1.25 the right purchase?","tennis-strings","tennis","false","HIDDEN_404","product:prod-babolat-rpm-blast","keep","","",""
"/products/tecnifibre-black-code-1-28","product","tecnifibre-black-code-1-28","Tecnifibre Black Code 1.28","understand and buy Tecnifibre Black Code 1.28","specs, offers, alternatives entry","Is Black Code 1.28 the right purchase?","tennis-strings","tennis","false","HIDDEN_404","product:prod-tecnifibre-black-code","keep","","",""
"/products/joola-ben-johns-hyperion-cfs-16","product","joola-ben-johns-hyperion-cfs-16","JOOLA Ben Johns Hyperion CFS 16","understand and buy JOOLA Ben Johns Hyperion CFS 16","specs, offers, alternatives entry","Is Ben Johns Hyperion CFS 16 the right purchase?","pickleball-paddles","pickleball","false","HIDDEN_404","product:prod-joola-ben-johns-hyperion-cfs","keep","","",""
"/products/joola-perseus-16","product","joola-perseus-16","JOOLA Perseus 16","understand and buy JOOLA Perseus 16","specs, offers, alternatives entry","Is Perseus 16 the right purchase?","pickleball-paddles","pickleball","false","HIDDEN_404","product:prod-joola-perseus-16","keep","","",""
"/products/selkirk-ampsed-epic","product","selkirk-ampsed-epic","Selkirk Amped Epic","understand and buy Selkirk Amped Epic","specs, offers, alternatives entry","Is Amped Epic the right purchase?","pickleball-paddles","pickleball","false","HIDDEN_404","product:prod-selkirk-ampsed-epic","keep","","",""
"/products/yonex-astrox-88d-pro","product","yonex-astrox-88d-pro","Yonex Astrox 88D Pro","understand and buy Yonex Astrox 88D Pro","specs, offers, alternatives entry","Is Astrox 88D Pro the right purchase?","badminton-rackets","badminton","false","HIDDEN_404","product:prod-yonex-astrox-88d-pro","keep","","",""
"/products/yonex-nanoflare-800-pro","product","yonex-nanoflare-800-pro","Yonex Nanoflare 800 Pro","understand and buy Yonex Nanoflare 800 Pro","specs, offers, alternatives entry","Is Nanoflare 800 Pro the right purchase?","badminton-rackets","badminton","false","HIDDEN_404","product:prod-yonex-nanoflare-800-pro","keep","","",""
"/products/yonex-astrox-99-pro","product","yonex-astrox-99-pro","Yonex Astrox 99 Pro","understand and buy Yonex Astrox 99 Pro","specs, offers, alternatives entry","Is Astrox 99 Pro the right purchase?","badminton-rackets","badminton","false","HIDDEN_404","product:prod-yonex-astrox-99-pro","keep","","",""
"/products/yonex-arcsaber-11-pro","product","yonex-arcsaber-11-pro","Yonex ArcSaber 11 Pro","understand and buy Yonex ArcSaber 11 Pro","specs, offers, alternatives entry","Is ArcSaber 11 Pro the right purchase?","badminton-rackets","badminton","false","HIDDEN_404","product:prod-yonex-arcsaber-11-pro","keep","","",""
"/products/victor-thruster-k-falcon","product","victor-thruster-k-falcon","Victor Thruster K Falcon","understand and buy Victor Thruster K Falcon","specs, offers, alternatives entry","Is Thruster K Falcon the right purchase?","badminton-rackets","badminton","false","HIDDEN_404","product:prod-victor-thruster-k-falcon","keep","","",""
"/products/wilson-blade-98-v9","product","wilson-blade-98-v9","Wilson Blade 98 16x19 v9","understand and buy Wilson Blade 98 16x19 v9","specs, offers, alternatives entry","Is Blade 98 16x19 v9 the right purchase?","tennis-rackets","tennis","false","HIDDEN_404","product:prod-wilson-blade-98-v9","keep","","",""
"/products/wilson-clash-100-v3","product","wilson-clash-100-v3","Wilson Clash 100 v3","understand and buy Wilson Clash 100 v3","specs, offers, alternatives entry","Is Clash 100 v3 the right purchase?","tennis-rackets","tennis","false","HIDDEN_404","product:prod-wilson-clash-100-v3","keep","","",""
"/products/babolat-pure-drive-gen11","product","babolat-pure-drive-gen11","Babolat Pure Drive Gen11 100","understand and buy Babolat Pure Drive Gen11 100","specs, offers, alternatives entry","Is Pure Drive Gen11 100 the right purchase?","tennis-rackets","tennis","false","HIDDEN_404","product:prod-babolat-pure-drive-gen11","keep","","",""
"/products/babolat-pure-aero-2026","product","babolat-pure-aero-2026","Babolat Pure Aero 100 Gen9 2026","understand and buy Babolat Pure Aero 100 Gen9 2026","specs, offers, alternatives entry","Is Pure Aero 100 Gen9 2026 the right purchase?","tennis-rackets","tennis","false","HIDDEN_404","product:prod-babolat-pure-aero-2026","keep","","",""
"/products/head-speed-mp-2026","product","head-speed-mp-2026","Head Speed MP 2026","understand and buy Head Speed MP 2026","specs, offers, alternatives entry","Is Speed MP 2026 the right purchase?","tennis-rackets","tennis","false","HIDDEN_404","product:prod-head-speed-mp-2026","keep","","",""
"/products/yonex-ezone-100-2025","product","yonex-ezone-100-2025","Yonex EZONE 100 8th Gen 2025","understand and buy Yonex EZONE 100 8th Gen 2025","specs, offers, alternatives entry","Is EZONE 100 2025 the right purchase?","tennis-rackets","tennis","false","HIDDEN_404","product:prod-yonex-ezone-100-2025","keep","","",""
"/products/yonex-vcore-98-2026","product","yonex-vcore-98-2026","Yonex VCORE 98 8th Gen 2026","understand and buy Yonex VCORE 98 8th Gen 2026","specs, offers, alternatives entry","Is VCORE 98 2026 the right purchase?","tennis-rackets","tennis","false","HIDDEN_404","product:prod-yonex-vcore-98-2026","keep","","",""
"/products/wilson-blade-100-v9","product","wilson-blade-100-v9","Wilson Blade 100 v9","understand and buy Wilson Blade 100 v9","specs, offers, alternatives entry","Is Blade 100 v9 the right purchase?","tennis-rackets","tennis","false","HIDDEN_404","product:prod-wilson-blade-100-v9","keep","","",""
"/products/tecnifibre-tfight-300s-2025","product","tecnifibre-tfight-300s-2025","Tecnifibre TFight 300S 2025","understand and buy Tecnifibre TFight 300S 2025","specs, offers, alternatives entry","Is TFight 300S 2025 the right purchase?","tennis-rackets","tennis","false","HIDDEN_404","product:prod-tecnifibre-tfight-300s-2025","keep","","",""
"/products/luxilon-alu-power","product","luxilon-alu-power","Luxilon ALU Power","understand and buy Luxilon ALU Power","specs, offers, alternatives entry","Is ALU Power the right purchase?","tennis-strings","tennis","false","HIDDEN_404","product:prod-luxilon-alu-power","keep","","",""
"/products/wilson-nxt","product","wilson-nxt","Wilson NXT","understand and buy Wilson NXT","specs, offers, alternatives entry","Is NXT the right purchase?","tennis-strings","tennis","false","HIDDEN_404","product:prod-wilson-nxt","keep","","",""
"/products/tecnifibre-x-one-biphase","product","tecnifibre-x-one-biphase","Tecnifibre X-One Biphase","understand and buy Tecnifibre X-One Biphase","specs, offers, alternatives entry","Is X-One Biphase the right purchase?","tennis-strings","tennis","false","HIDDEN_404","product:prod-tecnifibre-x-one-biphase","keep","","",""
"/products/solinco-hyper-g","product","solinco-hyper-g","Solinco Hyper-G","understand and buy Solinco Hyper-G","specs, offers, alternatives entry","Is Hyper-G the right purchase?","tennis-strings","tennis","false","HIDDEN_404","product:prod-solinco-hyper-g","keep","","",""
"/products/nike-court-vapor-pro-3","product","nike-court-vapor-pro-3","Nike Court Air Zoom Vapor Pro 3","understand and buy Nike Court Air Zoom Vapor Pro 3","specs, offers, alternatives entry","Is Court Vapor Pro 3 the right purchase?","tennis-shoes","tennis","false","HIDDEN_404","product:prod-nike-court-vapor-pro-3","keep","","",""
"/products/adidas-barricade-13","product","adidas-barricade-13","Adidas Barricade 13","understand and buy Adidas Barricade 13","specs, offers, alternatives entry","Is Barricade 13 the right purchase?","tennis-shoes","tennis","false","HIDDEN_404","product:prod-adidas-barricade-13","keep","","",""
"/products/babolat-jet-tere","product","babolat-jet-tere","Babolat Jet Tere","understand and buy Babolat Jet Tere","specs, offers, alternatives entry","Is Jet Tere the right purchase?","tennis-shoes","tennis","false","HIDDEN_404","product:prod-babolat-jet-tere","keep","","",""
"/products/asics-gel-challenger-15","product","asics-gel-challenger-15","ASICS Gel-Challenger 15","understand and buy ASICS Gel-Challenger 15","specs, offers, alternatives entry","Is Gel-Challenger 15 the right purchase?","tennis-shoes","tennis","false","HIDDEN_404","product:prod-asics-gel-challenger-15","keep","","",""
"/products/wilson-rush-pro-5-0","product","wilson-rush-pro-5-0","Wilson Rush Pro 5.0","understand and buy Wilson Rush Pro 5.0","specs, offers, alternatives entry","Is Rush Pro 5.0 the right purchase?","tennis-shoes","tennis","false","HIDDEN_404","product:prod-wilson-rush-pro-5","keep","","",""
"/products/asics-solution-speed-ff-3","product","asics-solution-speed-ff-3","ASICS Solution Speed FF 3","understand and buy ASICS Solution Speed FF 3","specs, offers, alternatives entry","Is Solution Speed FF 3 the right purchase?","tennis-shoes","tennis","false","HIDDEN_404","product:prod-asics-solution-speed-ff-3","keep","","",""
"/products/asics-gel-dedicate-8","product","asics-gel-dedicate-8","ASICS Gel-Dedicate 8","understand and buy ASICS Gel-Dedicate 8","specs, offers, alternatives entry","Is Gel-Dedicate 8 the right purchase?","tennis-shoes","tennis","false","HIDDEN_404","product:prod-asics-gel-dedicate-8","keep","","",""
"/products/asics-gel-resolution-9-clay","product","asics-gel-resolution-9-clay","ASICS Gel-Resolution 9 Clay","understand and buy ASICS Gel-Resolution 9 Clay","specs, offers, alternatives entry","Is Gel-Resolution 9 Clay the right purchase?","tennis-shoes","tennis","false","HIDDEN_404","product:prod-asics-gel-resolution-9-clay","keep","","",""
"/products/nike-court-lite-4","product","nike-court-lite-4","NikeCourt Lite 4","understand and buy NikeCourt Lite 4","specs, offers, alternatives entry","Is Court Lite 4 the right purchase?","tennis-shoes","tennis","false","HIDDEN_404","product:prod-nike-court-lite-4","keep","","",""
"/products/nike-court-air-zoom-vapor-cage-4","product","nike-court-air-zoom-vapor-cage-4","NikeCourt Air Zoom Vapor Cage 4 Rafa","understand and buy NikeCourt Air Zoom Vapor Cage 4 Rafa","specs, offers, alternatives entry","Is Vapor Cage 4 the right purchase?","tennis-shoes","tennis","false","HIDDEN_404","product:prod-nike-vapor-cage-4","keep","","",""
"/products/adidas-solematch-control-2","product","adidas-solematch-control-2","Adidas Solematch Control 2","understand and buy Adidas Solematch Control 2","specs, offers, alternatives entry","Is Solematch Control 2 the right purchase?","tennis-shoes","tennis","false","HIDDEN_404","product:prod-adidas-solematch-control-2","keep","","",""
"/products/adidas-courtjam-control-3","product","adidas-courtjam-control-3","Adidas CourtJam Control 3","understand and buy Adidas CourtJam Control 3","specs, offers, alternatives entry","Is CourtJam Control 3 the right purchase?","tennis-shoes","tennis","false","HIDDEN_404","product:prod-adidas-courtjam-control-3","keep","","",""
"/products/adidas-gamecourt-2","product","adidas-gamecourt-2","Adidas Gamecourt 2","understand and buy Adidas Gamecourt 2","specs, offers, alternatives entry","Is Gamecourt 2 the right purchase?","tennis-shoes","tennis","false","HIDDEN_404","product:prod-adidas-gamecourt-2","keep","","",""
"/products/wilson-rush-pro-ace","product","wilson-rush-pro-ace","Wilson Rush Pro Ace","understand and buy Wilson Rush Pro Ace","specs, offers, alternatives entry","Is Rush Pro Ace the right purchase?","tennis-shoes","tennis","false","HIDDEN_404","product:prod-wilson-rush-pro-ace","keep","","",""
"/products/babolat-propulse-fury-3","product","babolat-propulse-fury-3","Babolat Propulse Fury 3","understand and buy Babolat Propulse Fury 3","specs, offers, alternatives entry","Is Propulse Fury 3 the right purchase?","tennis-shoes","tennis","false","HIDDEN_404","product:prod-babolat-propulse-fury-3","keep","","",""
"/products/babolat-jet-mach-3","product","babolat-jet-mach-3","Babolat Jet Mach 3","understand and buy Babolat Jet Mach 3","specs, offers, alternatives entry","Is Jet Mach 3 the right purchase?","tennis-shoes","tennis","false","HIDDEN_404","product:prod-babolat-jet-mach-3","keep","","",""
"/products/head-revolt-pro-4-5","product","head-revolt-pro-4-5","HEAD Revolt Pro 4.5","understand and buy HEAD Revolt Pro 4.5","specs, offers, alternatives entry","Is Revolt Pro 4.5 the right purchase?","tennis-shoes","tennis","false","HIDDEN_404","product:prod-head-revolt-pro-45","keep","","",""
"/products/head-sprint-pro-3-5","product","head-sprint-pro-3-5","HEAD Sprint Pro 3.5","understand and buy HEAD Sprint Pro 3.5","specs, offers, alternatives entry","Is Sprint Pro 3.5 the right purchase?","tennis-shoes","tennis","false","HIDDEN_404","product:prod-head-sprint-pro-35","keep","","",""
"/products/new-balance-996-v5","product","new-balance-996-v5","New Balance 996 v5","understand and buy New Balance 996 v5","specs, offers, alternatives entry","Is 996 v5 the right purchase?","tennis-shoes","tennis","false","HIDDEN_404","product:prod-nb-996-v5","keep","","",""
"/products/yonex-power-cushion-eclipsion-5","product","yonex-power-cushion-eclipsion-5","Yonex Power Cushion Eclipsion 5","understand and buy Yonex Power Cushion Eclipsion 5","specs, offers, alternatives entry","Is Eclipsion 5 the right purchase?","tennis-shoes","tennis","false","HIDDEN_404","product:prod-yonex-eclipsion-5","keep","","",""
"/products/yonex-power-cushion-sonicage-3","product","yonex-power-cushion-sonicage-3","Yonex Power Cushion Sonicage 3","understand and buy Yonex Power Cushion Sonicage 3","specs, offers, alternatives entry","Is Sonicage 3 the right purchase?","tennis-shoes","tennis","false","HIDDEN_404","product:prod-yonex-sonicage-3","keep","","",""
"/products/k-swiss-hypercourt-express-2","product","k-swiss-hypercourt-express-2","K-Swiss Hypercourt Express 2","understand and buy K-Swiss Hypercourt Express 2","specs, offers, alternatives entry","Is Hypercourt Express 2 the right purchase?","tennis-shoes","tennis","false","HIDDEN_404","product:prod-kswiss-hypercourt-express-2","keep","","",""
"/products/k-swiss-ultrashot-3","product","k-swiss-ultrashot-3","K-Swiss Ultrashot 3","understand and buy K-Swiss Ultrashot 3","specs, offers, alternatives entry","Is Ultrashot 3 the right purchase?","tennis-shoes","tennis","false","HIDDEN_404","product:prod-kswiss-ultrashot-3","keep","","",""
"/products/mizuno-wave-exceed-tour-5","product","mizuno-wave-exceed-tour-5","Mizuno Wave Exceed Tour 5","understand and buy Mizuno Wave Exceed Tour 5","specs, offers, alternatives entry","Is Wave Exceed Tour 5 the right purchase?","tennis-shoes","tennis","false","HIDDEN_404","product:prod-mizuno-wave-exceed-tour-5","keep","","",""
"/products/prince-t22","product","prince-t22","Prince T22","understand and buy Prince T22","specs, offers, alternatives entry","Is T22 the right purchase?","tennis-shoes","tennis","false","HIDDEN_404","product:prod-prince-t22","keep","","",""
"/products/nike-metcon-9","product","nike-metcon-9","Nike Metcon 9","understand and buy Nike Metcon 9","specs, offers, alternatives entry","Is Metcon 9 the right purchase?","training-shoes","fitness","false","HIDDEN_404","product:prod-nike-metcon-9","keep","","",""
"/products/reebok-nano-x4","product","reebok-nano-x4","Reebok Nano X4","understand and buy Reebok Nano X4","specs, offers, alternatives entry","Is Nano X4 the right purchase?","training-shoes","fitness","false","HIDDEN_404","product:prod-reebok-nano-x4","keep","","",""
"/products/nobull-trainer","product","nobull-trainer","NOBULL Trainer","understand and buy NOBULL Trainer","specs, offers, alternatives entry","Is Trainer the right purchase?","training-shoes","fitness","false","HIDDEN_404","product:prod-nobull-trainer","keep","","",""
"/products/inov8-f-lite-235-v3","product","inov8-f-lite-235-v3","Inov-8 F-Lite 235 v3","understand and buy Inov-8 F-Lite 235 v3","specs, offers, alternatives entry","Is F-Lite 235 v3 the right purchase?","training-shoes","fitness","false","HIDDEN_404","product:prod-inov8-flite-235-v3","keep","","",""
"/products/tyr-cxt-1","product","tyr-cxt-1","TYR CXT-1","understand and buy TYR CXT-1","specs, offers, alternatives entry","Is CXT-1 the right purchase?","training-shoes","fitness","false","HIDDEN_404","product:prod-tyr-cxt-1","keep","","",""
"/products/adidas-dropset-3","product","adidas-dropset-3","adidas Dropset 3","understand and buy adidas Dropset 3","specs, offers, alternatives entry","Is Dropset 3 the right purchase?","training-shoes","fitness","false","HIDDEN_404","product:prod-adidas-dropset-3","keep","","",""
"/products/nike-romaleos-5","product","nike-romaleos-5","Nike Romaleos 5","understand and buy Nike Romaleos 5","specs, offers, alternatives entry","Is Romaleos 5 the right purchase?","training-shoes","fitness","false","HIDDEN_404","product:prod-nike-romaleos-5","keep","","",""
"/products/adidas-adipower-weightlifting-3","product","adidas-adipower-weightlifting-3","adidas Adipower Weightlifting 3","understand and buy adidas Adipower Weightlifting 3","specs, offers, alternatives entry","Is Adipower Weightlifting 3 the right purchase?","training-shoes","fitness","false","HIDDEN_404","product:prod-adidas-adipower-3","keep","","",""
"/products/reebok-legacy-lifter-iii","product","reebok-legacy-lifter-iii","Reebok Legacy Lifter III","understand and buy Reebok Legacy Lifter III","specs, offers, alternatives entry","Is Legacy Lifter III the right purchase?","training-shoes","fitness","false","HIDDEN_404","product:prod-reebok-legacy-lifter-iii","keep","","",""
"/products/nobull-outwork","product","nobull-outwork","NOBULL Outwork","understand and buy NOBULL Outwork","specs, offers, alternatives entry","Is Outwork the right purchase?","training-shoes","fitness","false","HIDDEN_404","product:prod-nobull-outwork","keep","","",""
"/products/inov8-fastlift-360","product","inov8-fastlift-360","Inov-8 Fastlift 360","understand and buy Inov-8 Fastlift 360","specs, offers, alternatives entry","Is Fastlift 360 the right purchase?","training-shoes","fitness","false","HIDDEN_404","product:prod-inov8-fastlift-360","keep","","",""
"/products/tyr-cxt-2","product","tyr-cxt-2","TYR CXT-2","understand and buy TYR CXT-2","specs, offers, alternatives entry","Is CXT-2 the right purchase?","training-shoes","fitness","false","HIDDEN_404","product:prod-tyr-cxt-2","keep","","",""
"/products/powerblock-pro-series-100","product","powerblock-pro-series-100","PowerBlock Pro Series 100","understand and buy PowerBlock Pro Series 100","specs, offers, alternatives entry","Is Pro Series 100 the right purchase?","adjustable-dumbbells","fitness","false","HIDDEN_404","product:prod-powerblock-pro-100","keep","","",""
"/products/powerblock-pro-series-50","product","powerblock-pro-series-50","PowerBlock Pro Series 50","understand and buy PowerBlock Pro Series 50","specs, offers, alternatives entry","Is Pro Series 50 the right purchase?","adjustable-dumbbells","fitness","false","HIDDEN_404","product:prod-powerblock-pro-50","keep","","",""
"/products/nuobell-80","product","nuobell-80","NÜOBELL 80 lb Adjustable Dumbbells","understand and buy NÜOBELL 80 lb Adjustable Dumbbells","specs, offers, alternatives entry","Is NÜOBELL 80 the right purchase?","adjustable-dumbbells","fitness","false","HIDDEN_404","product:prod-nuobell-80","keep","","",""
"/products/nuobell-50","product","nuobell-50","NÜOBELL 50 lb Adjustable Dumbbells","understand and buy NÜOBELL 50 lb Adjustable Dumbbells","specs, offers, alternatives entry","Is NÜOBELL 50 the right purchase?","adjustable-dumbbells","fitness","false","HIDDEN_404","product:prod-nuobell-50","keep","","",""
"/products/bowflex-selecttech-552","product","bowflex-selecttech-552","Bowflex SelectTech 552","understand and buy Bowflex SelectTech 552","specs, offers, alternatives entry","Is SelectTech 552 the right purchase?","adjustable-dumbbells","fitness","false","HIDDEN_404","product:prod-bowflex-552","keep","","",""
"/products/bowflex-selecttech-1090","product","bowflex-selecttech-1090","Bowflex SelectTech 1090","understand and buy Bowflex SelectTech 1090","specs, offers, alternatives entry","Is SelectTech 1090 the right purchase?","adjustable-dumbbells","fitness","false","HIDDEN_404","product:prod-bowflex-1090","keep","","",""
"/products/rep-quickdraw-adjustable-dumbbells","product","rep-quickdraw-adjustable-dumbbells","REP Fitness Quickdraw Adjustable Dumbbells","understand and buy REP Fitness Quickdraw Adjustable Dumbbells","specs, offers, alternatives entry","Is Quickdraw Adjustable Dumbbells the right purchase?","adjustable-dumbbells","fitness","false","HIDDEN_404","product:prod-rep-adjustable-db","keep","","",""
"/products/powerblock-elite-exp-90","product","powerblock-elite-exp-90","PowerBlock Elite EXP 90","understand and buy PowerBlock Elite EXP 90","specs, offers, alternatives entry","Is Elite EXP 90 the right purchase?","adjustable-dumbbells","fitness","false","HIDDEN_404","product:prod-powerblock-elite-90","keep","","",""
"/products/rogue-rml-390f","product","rogue-rml-390f","Rogue RML-390F Monster Lite Rack","understand and buy Rogue RML-390F Monster Lite Rack","specs, offers, alternatives entry","Is RML-390F the right purchase?","power-racks","fitness","false","HIDDEN_404","product:prod-rogue-rml-390f","keep","","",""
"/products/rep-pr-4000","product","rep-pr-4000","REP Fitness PR-4000 Power Rack","understand and buy REP Fitness PR-4000 Power Rack","specs, offers, alternatives entry","Is PR-4000 the right purchase?","power-racks","fitness","false","HIDDEN_404","product:prod-rep-pr-4000","keep","","",""
"/products/mirafit-m3-power-rack","product","mirafit-m3-power-rack","Mirafit M3 Power Rack","understand and buy Mirafit M3 Power Rack","specs, offers, alternatives entry","Is M3 Power Rack the right purchase?","power-racks","fitness","false","HIDDEN_404","product:prod-mirafit-m3","keep","","",""
"/products/rogue-rm-4-monster-rack","product","rogue-rm-4-monster-rack","Rogue RM-4 Monster Rack","understand and buy Rogue RM-4 Monster Rack","specs, offers, alternatives entry","Is RM-4 the right purchase?","power-racks","fitness","false","HIDDEN_404","product:prod-rogue-rm-4","keep","","",""
"/products/rep-pr-5000","product","rep-pr-5000","REP Fitness PR-5000 Power Rack","understand and buy REP Fitness PR-5000 Power Rack","specs, offers, alternatives entry","Is PR-5000 the right purchase?","power-racks","fitness","false","HIDDEN_404","product:prod-rep-pr-5000","keep","","",""
"/products/mirafit-m4-cage","product","mirafit-m4-cage","Mirafit M4 Power Cage","understand and buy Mirafit M4 Power Cage","specs, offers, alternatives entry","Is M4 Cage the right purchase?","power-racks","fitness","false","HIDDEN_404","product:prod-mirafit-m4","keep","","",""
"/products/rogue-sm-2c-monster-lite","product","rogue-sm-2c-monster-lite","Rogue SM-2C Monster Lite Squat Stand","understand and buy Rogue SM-2C Monster Lite Squat Stand","specs, offers, alternatives entry","Is SM-2C the right purchase?","power-racks","fitness","false","HIDDEN_404","product:prod-rogue-sm-2c","keep","","",""
"/products/rep-apollo-athlon-rack","product","rep-apollo-athlon-rack","REP Fitness Apollo Athlon Rack","understand and buy REP Fitness Apollo Athlon Rack","specs, offers, alternatives entry","Is Apollo / Athlon Rack the right purchase?","power-racks","fitness","false","HIDDEN_404","product:prod-rep-apollo","keep","","",""
"/products/rogue-adjustable-bench-3-0","product","rogue-adjustable-bench-3-0","Rogue Adjustable Bench 3.0","understand and buy Rogue Adjustable Bench 3.0","specs, offers, alternatives entry","Is Adjustable Bench 3.0 the right purchase?","weight-benches","fitness","false","HIDDEN_404","product:prod-rogue-adjustable-bench-3","keep","","",""
"/products/rep-ab-5000-zero-gap","product","rep-ab-5000-zero-gap","REP Fitness AB-5000 Zero Gap Bench","understand and buy REP Fitness AB-5000 Zero Gap Bench","specs, offers, alternatives entry","Is AB-5000 Zero Gap the right purchase?","weight-benches","fitness","false","HIDDEN_404","product:prod-rep-ab-5000","keep","","",""
"/products/mirafit-fid-adjustable-bench","product","mirafit-fid-adjustable-bench","Mirafit FID Adjustable Bench","understand and buy Mirafit FID Adjustable Bench","specs, offers, alternatives entry","Is FID Adjustable Bench the right purchase?","weight-benches","fitness","false","HIDDEN_404","product:prod-mirafit-fid-bench","keep","","",""
"/products/rep-fb-5000-flat-bench","product","rep-fb-5000-flat-bench","REP Fitness FB-5000 Flat Bench","understand and buy REP Fitness FB-5000 Flat Bench","specs, offers, alternatives entry","Is FB-5000 the right purchase?","weight-benches","fitness","false","HIDDEN_404","product:prod-rep-fb-5000","keep","","",""
"/products/rogue-flat-utility-bench","product","rogue-flat-utility-bench","Rogue Flat Utility Bench","understand and buy Rogue Flat Utility Bench","specs, offers, alternatives entry","Is Flat Utility Bench the right purchase?","weight-benches","fitness","false","HIDDEN_404","product:prod-rogue-flat-utility","keep","","",""
"/products/eleiko-xf-bar","product","eleiko-xf-bar","Eleiko XF Bar","understand and buy Eleiko XF Bar","specs, offers, alternatives entry","Is XF Bar the right purchase?","barbells","fitness","false","HIDDEN_404","product:prod-eleiko-xf","keep","","",""
"/products/rogue-ohio-bar","product","rogue-ohio-bar","Rogue Ohio Bar","understand and buy Rogue Ohio Bar","specs, offers, alternatives entry","Is Ohio Bar the right purchase?","barbells","fitness","false","HIDDEN_404","product:prod-rogue-ohio","keep","","",""
"/products/rogue-ohio-power-bar","product","rogue-ohio-power-bar","Rogue Ohio Power Bar","understand and buy Rogue Ohio Power Bar","specs, offers, alternatives entry","Is Ohio Power Bar the right purchase?","barbells","fitness","false","HIDDEN_404","product:prod-rogue-ohio-power","keep","","",""
"/products/rep-colorado-bar","product","rep-colorado-bar","REP Fitness Colorado Bar","understand and buy REP Fitness Colorado Bar","specs, offers, alternatives entry","Is Colorado Bar the right purchase?","barbells","fitness","false","HIDDEN_404","product:prod-rep-colorado","keep","","",""
"/products/eleiko-performance-weightlifting-bar","product","eleiko-performance-weightlifting-bar","Eleiko Performance Weightlifting Bar","understand and buy Eleiko Performance Weightlifting Bar","specs, offers, alternatives entry","Is Performance Weightlifting Bar the right purchase?","barbells","fitness","false","HIDDEN_404","product:prod-eleiko-performance","keep","","",""
"/products/mirafit-olympic-barbell","product","mirafit-olympic-barbell","Mirafit Olympic Barbell","understand and buy Mirafit Olympic Barbell","specs, offers, alternatives entry","Is Olympic Barbell the right purchase?","barbells","fitness","false","HIDDEN_404","product:prod-mirafit-olympic-bar","keep","","",""
"/products/rogue-echo-bumper-plate-set","product","rogue-echo-bumper-plate-set","Rogue Echo Bumper Plate Set","understand and buy Rogue Echo Bumper Plate Set","specs, offers, alternatives entry","Is Echo Bumper Plate Set the right purchase?","weight-plates","fitness","false","HIDDEN_404","product:prod-rogue-echo-bumper","keep","","",""
"/products/rep-black-bumper-plate-set","product","rep-black-bumper-plate-set","REP Fitness Black Bumper Plate Set","understand and buy REP Fitness Black Bumper Plate Set","specs, offers, alternatives entry","Is Black Bumper Set the right purchase?","weight-plates","fitness","false","HIDDEN_404","product:prod-rep-bumper-black","keep","","",""
"/products/rogue-kettlebell","product","rogue-kettlebell","Rogue Kettlebell","understand and buy Rogue Kettlebell","specs, offers, alternatives entry","Is Kettlebell the right purchase?","kettlebells","fitness","false","HIDDEN_404","product:prod-rogue-kettlebell","keep","","",""
"/products/rep-fitness-kettlebell","product","rep-fitness-kettlebell","REP Fitness Kettlebell","understand and buy REP Fitness Kettlebell","specs, offers, alternatives entry","Is Kettlebell the right purchase?","kettlebells","fitness","false","HIDDEN_404","product:prod-rep-kettlebell","keep","","",""
"/products/mirafit-cast-iron-kettlebell","product","mirafit-cast-iron-kettlebell","Mirafit Cast Iron Kettlebell","understand and buy Mirafit Cast Iron Kettlebell","specs, offers, alternatives entry","Is Cast Iron Kettlebell the right purchase?","kettlebells","fitness","false","HIDDEN_404","product:prod-mirafit-kb","keep","","",""
"/products/rogue-echo-kettlebell","product","rogue-echo-kettlebell","Rogue Echo Kettlebell","understand and buy Rogue Echo Kettlebell","specs, offers, alternatives entry","Is Echo Kettlebell the right purchase?","kettlebells","fitness","false","HIDDEN_404","product:prod-rogue-echo-kb","keep","","",""
"/products/eleiko-kettlebell","product","eleiko-kettlebell","Eleiko Kettlebell","understand and buy Eleiko Kettlebell","specs, offers, alternatives entry","Is Kettlebell the right purchase?","kettlebells","fitness","false","HIDDEN_404","product:prod-eleiko-kb","keep","","",""
"/products/concept2-rowerg","product","concept2-rowerg","Concept2 RowErg","understand and buy Concept2 RowErg","specs, offers, alternatives entry","Is RowErg the right purchase?","rowing-machines","fitness","false","HIDDEN_404","product:prod-concept2-rowerg","keep","","",""
"/products/concept2-rowerg-dynamic","product","concept2-rowerg-dynamic","Concept2 RowErg Dynamic","understand and buy Concept2 RowErg Dynamic","specs, offers, alternatives entry","Is RowErg Dynamic the right purchase?","rowing-machines","fitness","false","HIDDEN_404","product:prod-concept2-rowerg-dynamic","keep","","",""
"/products/mirafit-magnetic-rower","product","mirafit-magnetic-rower","Mirafit Magnetic Rower","understand and buy Mirafit Magnetic Rower","specs, offers, alternatives entry","Is Magnetic Rower the right purchase?","rowing-machines","fitness","false","HIDDEN_404","product:prod-mirafit-rower","keep","","",""
"/products/mirafit-folding-rower","product","mirafit-folding-rower","Mirafit Folding Rower","understand and buy Mirafit Folding Rower","specs, offers, alternatives entry","Is Folding Rower the right purchase?","rowing-machines","fitness","false","HIDDEN_404","product:prod-mirafit-folding-rower","keep","","",""
"/products/assaultbike-classic","product","assaultbike-classic","Assault Fitness AssaultBike Classic","understand and buy Assault Fitness AssaultBike Classic","specs, offers, alternatives entry","Is AssaultBike Classic the right purchase?","air-bikes","fitness","false","HIDDEN_404","product:prod-assault-classic","keep","","",""
"/products/rogue-echo-bike","product","rogue-echo-bike","Rogue Echo Bike","understand and buy Rogue Echo Bike","specs, offers, alternatives entry","Is Echo Bike the right purchase?","air-bikes","fitness","false","HIDDEN_404","product:prod-rogue-echo-bike","keep","","",""
"/products/assaultbike-elite","product","assaultbike-elite","Assault Fitness AssaultBike Elite","understand and buy Assault Fitness AssaultBike Elite","specs, offers, alternatives entry","Is AssaultBike Elite the right purchase?","air-bikes","fitness","false","HIDDEN_404","product:prod-assault-elite","keep","","",""
"/products/assaultrunner-pro","product","assaultrunner-pro","Assault Fitness AssaultRunner Pro","understand and buy Assault Fitness AssaultRunner Pro","specs, offers, alternatives entry","Is AssaultRunner Pro the right purchase?","treadmills","fitness","true","INDEXABLE","product:prod-assault-runner","keep","","",""
"/products/mirafit-folding-treadmill","product","mirafit-folding-treadmill","Mirafit Folding Treadmill","understand and buy Mirafit Folding Treadmill","specs, offers, alternatives entry","Is Folding Treadmill the right purchase?","treadmills","fitness","true","INDEXABLE","product:prod-mirafit-treadmill","keep","","",""
"/products/assaultrunner-elite","product","assaultrunner-elite","Assault Fitness AssaultRunner Elite","understand and buy Assault Fitness AssaultRunner Elite","specs, offers, alternatives entry","Is AssaultRunner Elite the right purchase?","treadmills","fitness","true","INDEXABLE","product:prod-assault-runner-elite","keep","","",""
"/products/concept2-skierg","product","concept2-skierg","Concept2 SkiErg","understand and buy Concept2 SkiErg","specs, offers, alternatives entry","Is SkiErg the right purchase?","ski-ergs","fitness","false","HIDDEN_404","product:prod-concept2-skierg","keep","","",""
"/products/concept2-skierg-floor-stand","product","concept2-skierg-floor-stand","Concept2 SkiErg with Floor Stand","understand and buy Concept2 SkiErg with Floor Stand","specs, offers, alternatives entry","Is SkiErg Floor Stand the right purchase?","ski-ergs","fitness","false","HIDDEN_404","product:prod-concept2-skierg-stand","keep","","",""
"/products/pullup-and-dip-doorway-bar","product","pullup-and-dip-doorway-bar","PULLUP & DIP Doorway Pull-Up Bar","understand and buy PULLUP & DIP Doorway Pull-Up Bar","specs, offers, alternatives entry","Is Doorway Pull-Up Bar the right purchase?","pull-up-bars","fitness","false","HIDDEN_404","product:prod-pullup-dip-doorway","keep","","",""
"/products/pullup-and-dip-wall-bar","product","pullup-and-dip-wall-bar","PULLUP & DIP Wall-Mounted Pull-Up Bar","understand and buy PULLUP & DIP Wall-Mounted Pull-Up Bar","specs, offers, alternatives entry","Is Wall-Mounted Pull-Up Bar the right purchase?","pull-up-bars","fitness","false","HIDDEN_404","product:prod-pullup-dip-wall","keep","","",""
"/products/gornation-premium-pull-up-bar","product","gornation-premium-pull-up-bar","GORNATION Premium Pull-Up Bar","understand and buy GORNATION Premium Pull-Up Bar","specs, offers, alternatives entry","Is Premium Pull-Up Bar the right purchase?","pull-up-bars","fitness","false","HIDDEN_404","product:prod-gornation-premium-bar","keep","","",""
"/products/gravity-fitness-pull-up-station","product","gravity-fitness-pull-up-station","Gravity Fitness Free-Standing Pull-Up Station","understand and buy Gravity Fitness Free-Standing Pull-Up Station","specs, offers, alternatives entry","Is Pull-Up Station the right purchase?","pull-up-bars","fitness","false","HIDDEN_404","product:prod-gravity-pullup-station","keep","","",""
"/products/rogue-monster-lite-pull-up-bar","product","rogue-monster-lite-pull-up-bar","Rogue Monster Lite Pull-Up Bar","understand and buy Rogue Monster Lite Pull-Up Bar","specs, offers, alternatives entry","Is Monster Lite Pull-Up Bar the right purchase?","pull-up-bars","fitness","false","HIDDEN_404","product:prod-rogue-pullup-bar","keep","","",""
"/products/mirafit-wall-pull-up-bar","product","mirafit-wall-pull-up-bar","Mirafit Wall Pull-Up Bar","understand and buy Mirafit Wall Pull-Up Bar","specs, offers, alternatives entry","Is Wall Pull-Up Bar the right purchase?","pull-up-bars","fitness","false","HIDDEN_404","product:prod-mirafit-pullup","keep","","",""
"/products/gornation-parallettes-pro","product","gornation-parallettes-pro","GORNATION Parallettes Pro","understand and buy GORNATION Parallettes Pro","specs, offers, alternatives entry","Is Parallettes Pro the right purchase?","parallettes","fitness","false","HIDDEN_404","product:prod-gornation-parallettes-pro","keep","","",""
"/products/gravity-fitness-parallettes","product","gravity-fitness-parallettes","Gravity Fitness Parallettes","understand and buy Gravity Fitness Parallettes","specs, offers, alternatives entry","Is Parallettes the right purchase?","parallettes","fitness","false","HIDDEN_404","product:prod-gravity-parallettes","keep","","",""
"/products/pullup-and-dip-parallettes","product","pullup-and-dip-parallettes","PULLUP & DIP Parallettes","understand and buy PULLUP & DIP Parallettes","specs, offers, alternatives entry","Is Parallettes the right purchase?","parallettes","fitness","false","HIDDEN_404","product:prod-pullup-dip-parallettes","keep","","",""
"/products/gornation-gymnastic-rings","product","gornation-gymnastic-rings","GORNATION Gymnastic Rings","understand and buy GORNATION Gymnastic Rings","specs, offers, alternatives entry","Is Gymnastic Rings the right purchase?","gymnastic-rings","fitness","false","HIDDEN_404","product:prod-gornation-rings","keep","","",""
"/products/gravity-fitness-gymnastic-rings","product","gravity-fitness-gymnastic-rings","Gravity Fitness Gymnastic Rings","understand and buy Gravity Fitness Gymnastic Rings","specs, offers, alternatives entry","Is Gymnastic Rings the right purchase?","gymnastic-rings","fitness","false","HIDDEN_404","product:prod-gravity-rings","keep","","",""
"/products/rogue-plate-carrier-vest","product","rogue-plate-carrier-vest","Rogue Weighted Vest / Plate Carrier","understand and buy Rogue Weighted Vest / Plate Carrier","specs, offers, alternatives entry","Is Plate Carrier / Weighted Vest the right purchase?","weighted-vests","fitness","false","HIDDEN_404","product:prod-rogue-weighted-vest","keep","","",""
"/products/gravity-fitness-weighted-vest","product","gravity-fitness-weighted-vest","Gravity Fitness Weighted Vest","understand and buy Gravity Fitness Weighted Vest","specs, offers, alternatives entry","Is Weighted Vest the right purchase?","weighted-vests","fitness","false","HIDDEN_404","product:prod-gravity-weighted-vest","keep","","",""
"/products/mirafit-weighted-vest","product","mirafit-weighted-vest","Mirafit Weighted Vest","understand and buy Mirafit Weighted Vest","specs, offers, alternatives entry","Is Weighted Vest the right purchase?","weighted-vests","fitness","false","HIDDEN_404","product:prod-mirafit-vest","keep","","",""
"/products/rogue-wall-ball","product","rogue-wall-ball","Rogue Wall Ball","understand and buy Rogue Wall Ball","specs, offers, alternatives entry","Is Wall Ball the right purchase?","functional-fitness","fitness","false","HIDDEN_404","product:prod-rogue-wall-ball","keep","","",""
"/products/rogue-sandbag","product","rogue-sandbag","Rogue Sandbag","understand and buy Rogue Sandbag","specs, offers, alternatives entry","Is Sandbag the right purchase?","functional-fitness","fitness","false","HIDDEN_404","product:prod-rogue-sandbag","keep","","",""
"/products/rogue-dog-sled","product","rogue-dog-sled","Rogue Dog Sled","understand and buy Rogue Dog Sled","specs, offers, alternatives entry","Is Dog Sled the right purchase?","functional-fitness","fitness","false","HIDDEN_404","product:prod-rogue-dog-sled","keep","","",""
"/products/rep-slam-ball","product","rep-slam-ball","REP Fitness Slam Ball","understand and buy REP Fitness Slam Ball","specs, offers, alternatives entry","Is Slam Ball the right purchase?","functional-fitness","fitness","false","HIDDEN_404","product:prod-rep-slam-ball","keep","","",""
"/products/mirafit-battle-rope","product","mirafit-battle-rope","Mirafit Battle Rope","understand and buy Mirafit Battle Rope","specs, offers, alternatives entry","Is Battle Rope the right purchase?","functional-fitness","fitness","false","HIDDEN_404","product:prod-mirafit-battle-rope","keep","","",""
"/products/blackroll-standard","product","blackroll-standard","BLACKROLL STANDARD Foam Roller","understand and buy BLACKROLL STANDARD Foam Roller","specs, offers, alternatives entry","Is BLACKROLL STANDARD the right purchase?","lifting-accessories","fitness","false","HIDDEN_404","product:prod-blackroll-standard","keep","","",""
"/products/blackroll-med","product","blackroll-med","BLACKROLL MED Foam Roller","understand and buy BLACKROLL MED Foam Roller","specs, offers, alternatives entry","Is BLACKROLL MED the right purchase?","lifting-accessories","fitness","false","HIDDEN_404","product:prod-blackroll-med","keep","","",""
"/products/blackroll-ball","product","blackroll-ball","BLACKROLL BALL","understand and buy BLACKROLL BALL","specs, offers, alternatives entry","Is BLACKROLL BALL the right purchase?","lifting-accessories","fitness","false","HIDDEN_404","product:prod-blackroll-ball","keep","","",""
"/products/blackroll-duoball","product","blackroll-duoball","BLACKROLL DUOBALL","understand and buy BLACKROLL DUOBALL","specs, offers, alternatives entry","Is BLACKROLL DUOBALL the right purchase?","lifting-accessories","fitness","false","HIDDEN_404","product:prod-blackroll-duoball","keep","","",""
"/products/rogue-flogging-horse-stall-mat-note","product","rogue-flogging-horse-stall-mat-note","Rogue Gym Flooring / Stall Mat Style Flooring","understand and buy Rogue Gym Flooring / Stall Mat Style Flooring","specs, offers, alternatives entry","Is Gym Flooring Mats the right purchase?","gym-flooring","fitness","false","HIDDEN_404","product:prod-rogue-flooring","keep","","",""
"/products/mirafit-gym-mats","product","mirafit-gym-mats","Mirafit Gym Mats","understand and buy Mirafit Gym Mats","specs, offers, alternatives entry","Is Gym Mats the right purchase?","gym-flooring","fitness","false","HIDDEN_404","product:prod-mirafit-flooring","keep","","",""
"/products/rep-bumper-plate-storage","product","rep-bumper-plate-storage","REP Fitness Plate Storage Tree","understand and buy REP Fitness Plate Storage Tree","specs, offers, alternatives entry","Is Plate Storage Tree the right purchase?","gym-storage","fitness","false","HIDDEN_404","product:prod-rep-storage","keep","","",""
"/products/rogue-plate-tree","product","rogue-plate-tree","Rogue Plate Tree","understand and buy Rogue Plate Tree","specs, offers, alternatives entry","Is Plate Tree the right purchase?","gym-storage","fitness","false","HIDDEN_404","product:prod-rogue-storage","keep","","",""
"/products/eleiko-sport-collars","product","eleiko-sport-collars","Eleiko Sport Collars","understand and buy Eleiko Sport Collars","specs, offers, alternatives entry","Is Sport Collars the right purchase?","lifting-accessories","fitness","false","HIDDEN_404","product:prod-eleiko-collars","keep","","",""
"/products/rogue-wrist-wraps","product","rogue-wrist-wraps","Rogue Wrist Wraps","understand and buy Rogue Wrist Wraps","specs, offers, alternatives entry","Is Wrist Wraps the right purchase?","lifting-accessories","fitness","false","HIDDEN_404","product:prod-rogue-wrist-wraps","keep","","",""
"/products/eleiko-sport-bumper-set","product","eleiko-sport-bumper-set","Eleiko Sport Bumper Plate Set","understand and buy Eleiko Sport Bumper Plate Set","specs, offers, alternatives entry","Is Sport Bumper Set the right purchase?","weight-plates","fitness","false","HIDDEN_404","product:prod-eleiko-sport-bumper","keep","","",""
"/products/mirafit-bumper-plate-set","product","mirafit-bumper-plate-set","Mirafit Bumper Plate Set","understand and buy Mirafit Bumper Plate Set","specs, offers, alternatives entry","Is Bumper Plate Set the right purchase?","weight-plates","fitness","false","HIDDEN_404","product:prod-mirafit-bumper-set","keep","","",""
"/products/atx-cast-iron-plate-set","product","atx-cast-iron-plate-set","ATX Cast Iron Olympic Plate Set","understand and buy ATX Cast Iron Olympic Plate Set","specs, offers, alternatives entry","Is Cast Iron Plate Set the right purchase?","weight-plates","fitness","false","HIDDEN_404","product:prod-atx-cast-iron-set","keep","","",""
"/products/sole-f80-treadmill","product","sole-f80-treadmill","Sole F80 Treadmill","understand and buy Sole F80 Treadmill","specs, offers, alternatives entry","Is F80 Treadmill the right purchase?","treadmills","fitness","false","HIDDEN_404","product:prod-sole-f80","keep","","",""
"/products/horizon-t202-treadmill","product","horizon-t202-treadmill","Horizon Fitness T202 Treadmill","understand and buy Horizon Fitness T202 Treadmill","specs, offers, alternatives entry","Is T202 Treadmill the right purchase?","treadmills","fitness","false","HIDDEN_404","product:prod-horizon-t202","keep","","",""
"/products/woodway-curve-trainer","product","woodway-curve-trainer","Woodway Curve Trainer","understand and buy Woodway Curve Trainer","specs, offers, alternatives entry","Is Curve Trainer the right purchase?","treadmills","fitness","false","HIDDEN_404","product:prod-woodway-curve","keep","","",""
"/products/hydrow-wave","product","hydrow-wave","Hydrow Wave","understand and buy Hydrow Wave","specs, offers, alternatives entry","Is Wave the right purchase?","rowing-machines","fitness","false","HIDDEN_404","product:prod-hydrow-wave","keep","","",""
"/products/waterrower-a1","product","waterrower-a1","WaterRower A1 Home","understand and buy WaterRower A1 Home","specs, offers, alternatives entry","Is A1 Home the right purchase?","rowing-machines","fitness","false","HIDDEN_404","product:prod-waterrower-a1","keep","","",""
"/products/concept2-bikeerg","product","concept2-bikeerg","Concept2 BikeErg","understand and buy Concept2 BikeErg","specs, offers, alternatives entry","Is BikeErg the right purchase?","air-bikes","fitness","false","HIDDEN_404","product:prod-concept2-bikeerg","keep","","",""
"/products/schwinn-airdyne-ad8","product","schwinn-airdyne-ad8","Schwinn Airdyne AD8","understand and buy Schwinn Airdyne AD8","specs, offers, alternatives entry","Is Airdyne AD8 the right purchase?","air-bikes","fitness","false","HIDDEN_404","product:prod-schwinn-airdyne-ad8","keep","","",""
"/products/mirafit-air-bike","product","mirafit-air-bike","Mirafit Air Bike","understand and buy Mirafit Air Bike","specs, offers, alternatives entry","Is Air Bike the right purchase?","air-bikes","fitness","false","HIDDEN_404","product:prod-mirafit-air-bike","keep","","",""
"/products/xebex-ski-erg","product","xebex-ski-erg","Xebex Ski Erg","understand and buy Xebex Ski Erg","specs, offers, alternatives entry","Is Ski Erg the right purchase?","ski-ergs","fitness","false","HIDDEN_404","product:prod-xebex-skierg","keep","","",""
"/products/concept2-skierg-with-stand","product","concept2-skierg-with-stand","Concept2 SkiErg with Floor Stand Bundle","understand and buy Concept2 SkiErg with Floor Stand Bundle","specs, offers, alternatives entry","Is SkiErg + Floor Stand the right purchase?","ski-ergs","fitness","false","HIDDEN_404","product:prod-concept2-skierg-pm5-bundle","keep","","",""
"/products/skierg2-wall-mount","product","skierg2-wall-mount","SkiErg2 Wall-Mount Trainer","understand and buy SkiErg2 Wall-Mount Trainer","specs, offers, alternatives entry","Is SkiErg2 Wall the right purchase?","ski-ergs","fitness","false","HIDDEN_404","product:prod-skierg2-wall","keep","","",""
"/products/atx-fid-bench","product","atx-fid-bench","ATX Flat Incline Decline Bench","understand and buy ATX Flat Incline Decline Bench","specs, offers, alternatives entry","Is FID Bench the right purchase?","weight-benches","fitness","false","HIDDEN_404","product:prod-atx-fid-bench","keep","","",""
"/products/rep-ab-5200","product","rep-ab-5200","REP AB-5200 Adjustable Bench","understand and buy REP AB-5200 Adjustable Bench","specs, offers, alternatives entry","Is AB-5200 the right purchase?","weight-benches","fitness","false","HIDDEN_404","product:prod-rep-ab-5200","keep","","",""
"/products/nike-free-metcon-6","product","nike-free-metcon-6","Nike Free Metcon 6","understand and buy Nike Free Metcon 6","specs, offers, alternatives entry","Is Free Metcon 6 the right purchase?","training-shoes","fitness","false","HIDDEN_404","product:prod-nike-free-metcon-6","keep","","",""
"/products/nike-metcon-8","product","nike-metcon-8","Nike Metcon 8","understand and buy Nike Metcon 8","specs, offers, alternatives entry","Is Metcon 8 the right purchase?","training-shoes","fitness","false","HIDDEN_404","product:prod-nike-metcon-8","keep","","",""
"/products/ua-tribase-reign-6","product","ua-tribase-reign-6","Under Armour TriBase Reign 6","understand and buy Under Armour TriBase Reign 6","specs, offers, alternatives entry","Is TriBase Reign 6 the right purchase?","training-shoes","fitness","false","HIDDEN_404","product:prod-ua-tribase-reign-6","keep","","",""
"/products/ua-project-rock-bsr-4","product","ua-project-rock-bsr-4","Under Armour Project Rock BSR 4","understand and buy Under Armour Project Rock BSR 4","specs, offers, alternatives entry","Is Project Rock BSR 4 the right purchase?","training-shoes","fitness","false","HIDDEN_404","product:prod-ua-project-rock-bsr-4","keep","","",""
"/products/puma-fuse-3","product","puma-fuse-3","PUMA Fuse 3.0","understand and buy PUMA Fuse 3.0","specs, offers, alternatives entry","Is Fuse 3.0 the right purchase?","training-shoes","fitness","false","HIDDEN_404","product:prod-puma-fuse-3","keep","","",""
"/products/nb-minimus-tr","product","nb-minimus-tr","New Balance Minimus TR","understand and buy New Balance Minimus TR","specs, offers, alternatives entry","Is Minimus TR the right purchase?","training-shoes","fitness","false","HIDDEN_404","product:prod-nb-minimus-tr","keep","","",""
"/products/adidas-the-total","product","adidas-the-total","adidas The Total","understand and buy adidas The Total","specs, offers, alternatives entry","Is The Total the right purchase?","training-shoes","fitness","false","HIDDEN_404","product:prod-adidas-the-total","keep","","",""
"/products/adidas-rapidmove-adv","product","adidas-rapidmove-adv","adidas Rapidmove ADV","understand and buy adidas Rapidmove ADV","specs, offers, alternatives entry","Is Rapidmove ADV the right purchase?","training-shoes","fitness","false","HIDDEN_404","product:prod-adidas-rapidmove-adv","keep","","",""
"/products/reebok-nano-x3","product","reebok-nano-x3","Reebok Nano X3","understand and buy Reebok Nano X3","specs, offers, alternatives entry","Is Nano X3 the right purchase?","training-shoes","fitness","false","HIDDEN_404","product:prod-reebok-nano-x3","keep","","",""
"/products/reebok-nano-court","product","reebok-nano-court","Reebok Nano Court","understand and buy Reebok Nano Court","specs, offers, alternatives entry","Is Nano Court the right purchase?","training-shoes","fitness","false","HIDDEN_404","product:prod-reebok-nano-court","keep","","",""
"/products/inov8-f-lite-260","product","inov8-f-lite-260","Inov-8 F-Lite 260","understand and buy Inov-8 F-Lite 260","specs, offers, alternatives entry","Is F-Lite 260 the right purchase?","training-shoes","fitness","false","HIDDEN_404","product:prod-inov8-flite-260","keep","","",""
"/products/nobull-trainer-plus","product","nobull-trainer-plus","NOBULL Trainer+","understand and buy NOBULL Trainer+","specs, offers, alternatives entry","Is Trainer+ the right purchase?","training-shoes","fitness","false","HIDDEN_404","product:prod-nobull-trainer-plus","keep","","",""
"/products/asics-gel-quantum-360-8","product","asics-gel-quantum-360-8","ASICS GEL-Quantum 360 8","understand and buy ASICS GEL-Quantum 360 8","specs, offers, alternatives entry","Is GEL-Quantum 360 8 the right purchase?","training-shoes","fitness","false","HIDDEN_404","product:prod-asics-gel-quantum-360-8","keep","","",""
"/products/lululemon-strongfeel","product","lululemon-strongfeel","lululemon Strongfeel Training Shoe","understand and buy lululemon Strongfeel Training Shoe","specs, offers, alternatives entry","Is Strongfeel the right purchase?","training-shoes","fitness","false","HIDDEN_404","product:prod-lululemon-strongfeel","keep","","",""
"/products/xero-prio","product","xero-prio","Xero Shoes Prio","understand and buy Xero Shoes Prio","specs, offers, alternatives entry","Is Prio the right purchase?","training-shoes","fitness","false","HIDDEN_404","product:prod-xero-prio","keep","","",""
"/products/vivobarefoot-primus-lite-iii","product","vivobarefoot-primus-lite-iii","Vivobarefoot Primus Lite III","understand and buy Vivobarefoot Primus Lite III","specs, offers, alternatives entry","Is Primus Lite III the right purchase?","training-shoes","fitness","false","HIDDEN_404","product:prod-vivobarefoot-primus-lite-iii","keep","","",""
"/products/nike-savaleos","product","nike-savaleos","Nike Savaleos","understand and buy Nike Savaleos","specs, offers, alternatives entry","Is Savaleos the right purchase?","training-shoes","fitness","false","HIDDEN_404","product:prod-nike-savaleos","keep","","",""
"/products/nike-romaleos-4","product","nike-romaleos-4","Nike Romaleos 4","understand and buy Nike Romaleos 4","specs, offers, alternatives entry","Is Romaleos 4 the right purchase?","training-shoes","fitness","false","HIDDEN_404","product:prod-nike-romaleos-4","keep","","",""
"/products/adidas-powerlift-5","product","adidas-powerlift-5","adidas Powerlift 5","understand and buy adidas Powerlift 5","specs, offers, alternatives entry","Is Powerlift 5 the right purchase?","training-shoes","fitness","false","HIDDEN_404","product:prod-adidas-powerlift-5","keep","","",""
"/products/do-win-classic","product","do-win-classic","Do-Win Classic Weightlifting Shoe","understand and buy Do-Win Classic Weightlifting Shoe","specs, offers, alternatives entry","Is Classic the right purchase?","training-shoes","fitness","false","HIDDEN_404","product:prod-do-win-classic","keep","","",""
"/products/inov8-fastlift-power-g-380","product","inov8-fastlift-power-g-380","Inov-8 Fastlift Power G 380","understand and buy Inov-8 Fastlift Power G 380","specs, offers, alternatives entry","Is Fastlift Power G 380 the right purchase?","training-shoes","fitness","false","HIDDEN_404","product:prod-inov8-fastlift-power-g-380","keep","","",""
"/products/ua-reign-lifter","product","ua-reign-lifter","Under Armour Reign Lifter","understand and buy Under Armour Reign Lifter","specs, offers, alternatives entry","Is Reign Lifter the right purchase?","training-shoes","fitness","false","HIDDEN_404","product:prod-ua-reign-lifter","keep","","",""
"/products/reebok-lifter-pr-iii","product","reebok-lifter-pr-iii","Reebok Lifter PR III","understand and buy Reebok Lifter PR III","specs, offers, alternatives entry","Is Lifter PR III the right purchase?","training-shoes","fitness","false","HIDDEN_404","product:prod-reebok-lifter-pr-iii","keep","","",""
"/products/adidas-adipower-weightlifting-2","product","adidas-adipower-weightlifting-2","adidas Adipower Weightlifting 2","understand and buy adidas Adipower Weightlifting 2","specs, offers, alternatives entry","Is Adipower Weightlifting 2 the right purchase?","training-shoes","fitness","false","HIDDEN_404","product:prod-adidas-adipower-weightlifting-2","keep","","",""
"/products/inov8-fastlift-400","product","inov8-fastlift-400","Inov-8 Fastlift 400","understand and buy Inov-8 Fastlift 400","specs, offers, alternatives entry","Is Fastlift 400 the right purchase?","training-shoes","fitness","false","HIDDEN_404","product:prod-inov8-fastlift-400","keep","","",""
"/products/salming-race-9","product","salming-race-9","Salming Race 9","understand and buy Salming Race 9","specs, offers, alternatives entry","Is Race 9 the right purchase?","training-shoes","fitness","false","HIDDEN_404","product:prod-salming-race-9","keep","","",""
"/products/salming-rebel","product","salming-rebel","Salming Rebel","understand and buy Salming Rebel","specs, offers, alternatives entry","Is Rebel the right purchase?","training-shoes","fitness","false","HIDDEN_404","product:prod-salming-rebel","keep","","",""
"/products/puma-fuse-fasted","product","puma-fuse-fasted","PUMA Fuse Fasted","understand and buy PUMA Fuse Fasted","specs, offers, alternatives entry","Is Fuse Fasted the right purchase?","training-shoes","fitness","false","HIDDEN_404","product:prod-puma-fuse-fasted","keep","","",""
"/products/hoka-transport","product","hoka-transport","HOKA Transport","understand and buy HOKA Transport","specs, offers, alternatives entry","Is Transport the right purchase?","training-shoes","fitness","false","HIDDEN_404","product:prod-hoka-transport","keep","","",""
"/products/ua-charged-commit-4","product","ua-charged-commit-4","Under Armour Charged Commit 4","understand and buy Under Armour Charged Commit 4","specs, offers, alternatives entry","Is Charged Commit 4 the right purchase?","training-shoes","fitness","false","HIDDEN_404","product:prod-ua-charged-commit-4","keep","","",""
"/products/tyr-cxt1-trainer","product","tyr-cxt1-trainer","TYR CXT-1 Trainer","understand and buy TYR CXT-1 Trainer","specs, offers, alternatives entry","Is CXT-1 Trainer the right purchase?","training-shoes","fitness","false","HIDDEN_404","product:prod-tyr-cxt1-trainer","keep","","",""
"/products/adidas-dropset-2","product","adidas-dropset-2","adidas Dropset 2","understand and buy adidas Dropset 2","specs, offers, alternatives entry","Is Dropset 2 the right purchase?","training-shoes","fitness","false","HIDDEN_404","product:prod-adidas-dropset-2","keep","","",""
"/reviews/100-percent-s3","review","100-percent-s3","100% S3 Review","assess 100% S3 as a buying decision","strengths, trade-offs, who should buy/skip","Should I buy S3 after a deep assessment?","100-percent-s3","running","false","HIDDEN_404","review:prod-100-s3","hold","","Review held; Product remains buy/understand page","review_held_product_keeps"
"/reviews/226ers-high-energy-gel","review","226ers-high-energy-gel","226ERS High Energy Gel Review","assess 226ERS High Energy Gel as a buying decision","strengths, trade-offs, who should buy/skip","Should I buy High Energy Gel after a deep assessment?","226ers-high-energy-gel","running","false","HIDDEN_404","review:prod-226ers-high-energy-gel","hold","","Review held; Product remains buy/understand page","review_held_product_keeps"
"/reviews/2toms-sportshield","review","2toms-sportshield","2Toms SportShield Anti-Chafe Roll-On Review","assess 2Toms SportShield Anti-Chafe Roll-On as a buying decision","strengths, trade-offs, who should buy/skip","Should I buy SportShield after a deep assessment?","2toms-sportshield","running","true","INDEXABLE","review:prod-2toms-sportshield","keep","","",""
"/reviews/adidas-adipower-weightlifting-2","review","adidas-adipower-weightlifting-2","adidas Adipower Weightlifting 2 Review","assess adidas Adipower Weightlifting 2 as a buying decision","strengths, trade-offs, who should buy/skip","Should I buy Adipower Weightlifting 2 after a deep assessment?","adidas-adipower-weightlifting-2","fitness","false","HIDDEN_404","review:prod-adidas-adipower-weightlifting-2","keep","","",""
"/reviews/adidas-adipower-weightlifting-3","review","adidas-adipower-weightlifting-3","adidas Adipower Weightlifting 3 Review","assess adidas Adipower Weightlifting 3 as a buying decision","strengths, trade-offs, who should buy/skip","Should I buy Adipower Weightlifting 3 after a deep assessment?","adidas-adipower-weightlifting-3","fitness","false","HIDDEN_404","review:prod-adidas-adipower-3","keep","","",""
"/reviews/adidas-adizero-adios-pro-4","review","adidas-adizero-adios-pro-4","Adidas Adizero Adios Pro 4 Review","assess Adidas Adizero Adios Pro 4 as a buying decision","strengths, trade-offs, who should buy/skip","Should I buy Adizero Adios Pro 4 after a deep assessment?","adidas-adizero-adios-pro-4","running","false","HIDDEN_404","review:prod-adios-pro-4","hold","","Review held; Product remains buy/understand page","review_held_product_keeps"
"/reviews/adidas-adizero-boston-12","review","adidas-adizero-boston-12","adidas Adizero Boston 12 Review","assess Adidas Adizero Boston 12 as a buying decision","strengths, trade-offs, who should buy/skip","Should I buy Adizero Boston 12 after a deep assessment?","adidas-adizero-boston-12","running","false","HIDDEN_404","review:prod-boston-12","hold","","Review held; Product remains buy/understand page","review_held_product_keeps"
"/reviews/adidas-adizero-boston-13","review","adidas-adizero-boston-13","Adidas Adizero Boston 13 Review","assess Adidas Adizero Boston 13 as a buying decision","strengths, trade-offs, who should buy/skip","Should I buy Adizero Boston 13 after a deep assessment?","adidas-adizero-boston-13","running","false","HIDDEN_404","review:prod-adizero-boston-13","hold","","Review held; Product remains buy/understand page","review_held_product_keeps"
"/reviews/adidas-adizero-evo-sl","review","adidas-adizero-evo-sl","Adidas Adizero Evo SL Review","assess Adidas Adizero Evo SL as a buying decision","strengths, trade-offs, who should buy/skip","Should I buy Adizero Evo SL after a deep assessment?","adidas-adizero-evo-sl","running","false","HIDDEN_404","review:prod-adizero-evo-sl","hold","","Review held; Product remains buy/understand page","review_held_product_keeps"
"/reviews/adidas-barricade-13","review","adidas-barricade-13","Adidas Barricade 13 Review","assess Adidas Barricade 13 as a buying decision","strengths, trade-offs, who should buy/skip","Should I buy Barricade 13 after a deep assessment?","adidas-barricade-13","tennis","false","HIDDEN_404","review:prod-adidas-barricade-13","keep","","",""
"/reviews/adidas-courtjam-control-3","review","adidas-courtjam-control-3","Adidas CourtJam Control 3 Review","assess Adidas CourtJam Control 3 as a buying decision","strengths, trade-offs, who should buy/skip","Should I buy CourtJam Control 3 after a deep assessment?","adidas-courtjam-control-3","tennis","false","HIDDEN_404","review:prod-adidas-courtjam-control-3","keep","","",""
"/reviews/adidas-courtquick-padel-women","review","adidas-courtquick-padel-women","Adidas Courtquick Padel Women Review","assess Adidas Courtquick Padel Women as a buying decision","strengths, trade-offs, who should buy/skip","Should I buy Courtquick Padel Women after a deep assessment?","adidas-courtquick-padel-women","padel","false","HIDDEN_404","review:prod-adidas-courtquick-w","keep","","",""
"/reviews/adidas-courtstabil-padel","review","adidas-courtstabil-padel","Adidas Courtquick Padel Review","assess Adidas Courtquick Padel as a buying decision","strengths, trade-offs, who should buy/skip","Should I buy Courtquick Padel after a deep assessment?","adidas-courtstabil-padel","padel","false","HIDDEN_404","review:prod-adidas-courtstabil","keep","","",""
"/reviews/adidas-crazyquick-boost-padel","review","adidas-crazyquick-boost-padel","Adidas Crazyquick Boost Padel Review","assess Adidas Crazyquick Boost Padel as a buying decision","strengths, trade-offs, who should buy/skip","Should I buy Crazyquick Boost Padel after a deep assessment?","adidas-crazyquick-boost-padel","padel","false","HIDDEN_404","review:prod-adidas-crazyquick-boost-m","keep","","",""
"/reviews/adidas-crazyquick-boost-padel-women","review","adidas-crazyquick-boost-padel-women","Adidas Crazyquick Boost Padel Women Review","assess Adidas Crazyquick Boost Padel Women as a buying decision","strengths, trade-offs, who should buy/skip","Should I buy Crazyquick Boost Padel Women after a deep assessment?","adidas-crazyquick-boost-padel-women","padel","false","HIDDEN_404","review:prod-adidas-crazyquick-boost-w","keep","","",""
"/reviews/adidas-dropset-2","review","adidas-dropset-2","adidas Dropset 2 Review","assess adidas Dropset 2 as a buying decision","strengths, trade-offs, who should buy/skip","Should I buy Dropset 2 after a deep assessment?","adidas-dropset-2","fitness","false","HIDDEN_404","review:prod-adidas-dropset-2","keep","","",""
"/reviews/adidas-dropset-3","review","adidas-dropset-3","adidas Dropset 3 Review","assess adidas Dropset 3 as a buying decision","strengths, trade-offs, who should buy/skip","Should I buy Dropset 3 after a deep assessment?","adidas-dropset-3","fitness","false","HIDDEN_404","review:prod-adidas-dropset-3","keep","","",""
"/reviews/adidas-metalbone-2026","review","adidas-metalbone-2026","Adidas Metalbone 2026 Review","assess Adidas Metalbone 2026 as a buying decision","strengths, trade-offs, who should buy/skip","Should I buy Metalbone 2026 after a deep assessment?","adidas-metalbone-2026","padel","false","HIDDEN_404","review:prod-adidas-metalbone-3-3-2026","keep","","",""
"/reviews/adidas-metalbone-hrd-2026","review","adidas-metalbone-hrd-2026","Adidas Metalbone HRD 2026 Review","assess Adidas Metalbone HRD 2026 as a buying decision","strengths, trade-offs, who should buy/skip","Should I buy Metalbone HRD 2026 after a deep assessment?","adidas-metalbone-hrd-2026","padel","false","HIDDEN_404","review:prod-adidas-metalbone-hrd","keep","","",""
"/reviews/adidas-own-the-run-short-men","review","adidas-own-the-run-short-men","adidas Own the Run Short (Men) Review","assess adidas Own the Run Short (Men) as a buying decision","strengths, trade-offs, who should buy/skip","Should I buy Own the Run Short after a deep assessment?","adidas-own-the-run-short-men","running","false","HIDDEN_404","review:prod-adidas-own-the-run-short-men","hold","","Review held; Product remains buy/understand page","review_held_product_keeps"
"/reviews/adidas-own-the-run-tee-men","review","adidas-own-the-run-tee-men","adidas Own the Run Tee (Men) Review","assess adidas Own the Run Tee (Men) as a buying decision","strengths, trade-offs, who should buy/skip","Should I buy Own the Run Tee after a deep assessment?","adidas-own-the-run-tee-men","running","false","HIDDEN_404","review:prod-adidas-own-the-run-tee-men","hold","","Review held; Product remains buy/understand page","review_held_product_keeps"
"/reviews/adidas-powerlift-5","review","adidas-powerlift-5","adidas Powerlift 5 Review","assess adidas Powerlift 5 as a buying decision","strengths, trade-offs, who should buy/skip","Should I buy Powerlift 5 after a deep assessment?","adidas-powerlift-5","fitness","false","HIDDEN_404","review:prod-adidas-powerlift-5","keep","","",""
"/reviews/adidas-rapidmove-adv","review","adidas-rapidmove-adv","adidas Rapidmove ADV Review","assess adidas Rapidmove ADV as a buying decision","strengths, trade-offs, who should buy/skip","Should I buy Rapidmove ADV after a deep assessment?","adidas-rapidmove-adv","fitness","false","HIDDEN_404","review:prod-adidas-rapidmove-adv","keep","","",""
"/reviews/adidas-solematch-control-2","review","adidas-solematch-control-2","Adidas Solematch Control 2 Review","assess Adidas Solematch Control 2 as a buying decision","strengths, trade-offs, who should buy/skip","Should I buy Solematch Control 2 after a deep assessment?","adidas-solematch-control-2","tennis","false","HIDDEN_404","review:prod-adidas-solematch-control-2","keep","","",""
"/reviews/adidas-terrex-agravic-3","review","adidas-terrex-agravic-3","Adidas Terrex Agravic 3 Review","assess Adidas Terrex Agravic 3 as a buying decision","strengths, trade-offs, who should buy/skip","Should I buy Terrex Agravic 3 after a deep assessment?","adidas-terrex-agravic-3","running","false","HIDDEN_404","review:prod-terrex-agravic-3","hold","","Review held; Product remains buy/understand page","review_held_product_keeps"
"/reviews/adidas-the-total","review","adidas-the-total","adidas The Total Review","assess adidas The Total as a buying decision","strengths, trade-offs, who should buy/skip","Should I buy The Total after a deep assessment?","adidas-the-total","fitness","false","HIDDEN_404","review:prod-adidas-the-total","keep","","",""
"/reviews/adidas-ultraboost-5","review","adidas-ultraboost-5","Adidas Ultraboost 5 Review","assess Adidas Ultraboost 5 as a buying decision","strengths, trade-offs, who should buy/skip","Should I buy Ultraboost 5 after a deep assessment?","adidas-ultraboost-5","running","false","HIDDEN_404","review:prod-ultraboost-5","hold","","Review held; Product remains buy/understand page","review_held_product_keeps"
"/reviews/altra-escalante-4","review","altra-escalante-4","Altra Escalante 4 Review","assess Altra Escalante 4 as a buying decision","strengths, trade-offs, who should buy/skip","Should I buy Escalante 4 after a deep assessment?","altra-escalante-4","running","false","HIDDEN_404","review:prod-escalante-4","hold","","Review held; Product remains buy/understand page","review_held_product_keeps"
"/reviews/altra-experience-flow","review","altra-experience-flow","Altra Experience Flow Review","assess Altra Experience Flow as a buying decision","strengths, trade-offs, who should buy/skip","Should I buy Experience Flow after a deep assessment?","altra-experience-flow","running","false","HIDDEN_404","review:prod-experience-flow","hold","","Review held; Product remains buy/understand page","review_held_product_keeps"
"/reviews/altra-lone-peak-8","review","altra-lone-peak-8","Altra Lone Peak 8 Review","assess Altra Lone Peak 8 as a buying decision","strengths, trade-offs, who should buy/skip","Should I buy Lone Peak 8 after a deep assessment?","altra-lone-peak-8","running","false","HIDDEN_404","review:prod-lone-peak-8","hold","","Review held; Product remains buy/understand page","review_held_product_keeps"
"/reviews/altra-paradigm-7","review","altra-paradigm-7","Altra Paradigm 7 Review","assess Altra Paradigm 7 as a buying decision","strengths, trade-offs, who should buy/skip","Should I buy Paradigm 7 after a deep assessment?","altra-paradigm-7","running","false","HIDDEN_404","review:prod-paradigm-7","hold","","Review held; Product remains buy/understand page","review_held_product_keeps"
"/reviews/altra-torin-8","review","altra-torin-8","Altra Torin 8 Review","assess Altra Torin 8 as a buying decision","strengths, trade-offs, who should buy/skip","Should I buy Torin 8 after a deep assessment?","altra-torin-8","running","false","HIDDEN_404","review:prod-torin-8","hold","","Review held; Product remains buy/understand page","review_held_product_keeps"
"/reviews/amphipod-airflow-lite-belt","review","amphipod-airflow-lite-belt","Amphipod AirFlow Lite Belt Review","assess Amphipod AirFlow Lite Belt as a buying decision","strengths, trade-offs, who should buy/skip","Should I buy AirFlow Lite after a deep assessment?","amphipod-airflow-lite-belt","running","true","INDEXABLE","review:prod-amphipod-airflow-lite-belt","keep","","","paired_with_product"
"/reviews/amphipod-hydraform-ergo-lite-handheld","review","amphipod-hydraform-ergo-lite-handheld","Amphipod Hydraform Ergo-Lite Handheld Review","assess Amphipod Hydraform Ergo-Lite Handheld as a buying decision","strengths, trade-offs, who should buy/skip","Should I buy Hydraform Ergo-Lite Handheld after a deep assessment?","amphipod-hydraform-ergo-lite-handheld","running","true","INDEXABLE","review:prod-amphipod-hydraform-handheld","keep","","","paired_with_product"
"/reviews/amphipod-vizlet-led","review","amphipod-vizlet-led","Amphipod Vizlet LED Reflector Review","assess Amphipod Vizlet LED Reflector as a buying decision","strengths, trade-offs, who should buy/skip","Should I buy Vizlet LED after a deep assessment?","amphipod-vizlet-led","running","true","INDEXABLE","review:prod-amphipod-vizlet","keep","","","paired_with_product"
"/reviews/amphipod-xinglet","review","amphipod-xinglet","Amphipod Xinglet Reflective Sash Review","assess Amphipod Xinglet Reflective Sash as a buying decision","strengths, trade-offs, who should buy/skip","Should I buy Xinglet after a deep assessment?","amphipod-xinglet","running","true","INDEXABLE","review:prod-amphipod-xinglet","keep","","","paired_with_product"
"/reviews/amphipod-xinglet-optic-beam","review","amphipod-xinglet-optic-beam","Amphipod Xinglet Optic Beam Rechargeable Vest Review","assess Amphipod Xinglet Optic Beam Rechargeable Vest as a buying decision","strengths, trade-offs, who should buy/skip","Should I buy Xinglet Optic Beam after a deep assessment?","amphipod-xinglet-optic-beam","running","true","INDEXABLE","review:prod-amphipod-xinglet-optic-beam","keep","","","paired_with_product"
"/reviews/apple-airpods-4","review","apple-airpods-4","Apple AirPods 4 Review","assess Apple AirPods 4 as a buying decision","strengths, trade-offs, who should buy/skip","Should I buy AirPods 4 after a deep assessment?","apple-airpods-4","running","false","HIDDEN_404","review:prod-apple-airpods-4","hold","","Review held; Product remains buy/understand page","review_held_product_keeps"
"/reviews/apple-airpods-pro-2","review","apple-airpods-pro-2","Apple AirPods Pro 2 Review","assess Apple AirPods Pro 2 as a buying decision","strengths, trade-offs, who should buy/skip","Should I buy AirPods Pro 2 after a deep assessment?","apple-airpods-pro-2","running","false","HIDDEN_404","review:prod-airpods-pro-2","hold","","Review held; Product remains buy/understand page","review_held_product_keeps"
"/reviews/apple-watch-ultra-2","review","apple-watch-ultra-2","Apple Watch Ultra 2 Review","assess Apple Watch Ultra 2 as a buying decision","strengths, trade-offs, who should buy/skip","Should I buy Watch Ultra 2 after a deep assessment?","apple-watch-ultra-2","running","false","HIDDEN_404","review:prod-apple-watch-ultra-2","hold","","Review held; Product remains buy/understand page","review_held_product_keeps"
"/reviews/asics-core-split-short","review","asics-core-split-short","ASICS Core Split Short Review","assess ASICS Core Split Short as a buying decision","strengths, trade-offs, who should buy/skip","Should I buy Core Split Short after a deep assessment?","asics-core-split-short","running","false","HIDDEN_404","review:prod-asics-race-short","hold","","Review held; Product remains buy/understand page","review_held_product_keeps"
"/reviews/asics-game-ff-padel","review","asics-game-ff-padel","ASICS Game FF Padel Review","assess ASICS Game FF Padel as a buying decision","strengths, trade-offs, who should buy/skip","Should I buy Game FF Padel after a deep assessment?","asics-game-ff-padel","padel","false","HIDDEN_404","review:prod-asics-game-ff-padel","keep","","",""
"/reviews/asics-gel-challenger-15","review","asics-gel-challenger-15","ASICS Gel-Challenger 15 Review","assess ASICS Gel-Challenger 15 as a buying decision","strengths, trade-offs, who should buy/skip","Should I buy Gel-Challenger 15 after a deep assessment?","asics-gel-challenger-15","tennis","false","HIDDEN_404","review:prod-asics-gel-challenger-15","keep","","",""
"/reviews/asics-gel-challenger-court","review","asics-gel-challenger-court","ASICS Gel-Challenger Court Review","assess ASICS Gel-Challenger Court as a buying decision","strengths, trade-offs, who should buy/skip","Should I buy Gel-Challenger Court after a deep assessment?","asics-gel-challenger-court","padel","false","HIDDEN_404","review:prod-asics-gel-challenger-court","keep","","",""
"/reviews/asics-gel-cumulus-27","review","asics-gel-cumulus-27","ASICS GEL-Cumulus 27 Review","assess ASICS GEL-Cumulus 27 as a buying decision","strengths, trade-offs, who should buy/skip","Should I buy GEL-Cumulus 27 after a deep assessment?","asics-gel-cumulus-27","running","false","HIDDEN_404","review:prod-cumulus-27","hold","","Review held; Product remains buy/understand page","review_held_product_keeps"
"/reviews/asics-gel-dedicate-8","review","asics-gel-dedicate-8","ASICS Gel-Dedicate 8 Review","assess ASICS Gel-Dedicate 8 as a buying decision","strengths, trade-offs, who should buy/skip","Should I buy Gel-Dedicate 8 after a deep assessment?","asics-gel-dedicate-8","tennis","false","HIDDEN_404","review:prod-asics-gel-dedicate-8","keep","","",""
"/reviews/asics-gel-dedicate-8-padel","review","asics-gel-dedicate-8-padel","ASICS Gel-Dedicate 8 Padel Review","assess ASICS Gel-Dedicate 8 Padel as a buying decision","strengths, trade-offs, who should buy/skip","Should I buy Gel-Dedicate 8 Padel after a deep assessment?","asics-gel-dedicate-8-padel","padel","false","HIDDEN_404","review:prod-asics-gel-dedicate-8-padel","keep","","",""
"/reviews/asics-gel-nimbus-27","review","asics-gel-nimbus-27","ASICS GEL-Nimbus 27 Review","assess ASICS GEL-Nimbus 27 as a buying decision","strengths, trade-offs, who should buy/skip","Should I buy GEL-Nimbus 27 after a deep assessment?","asics-gel-nimbus-27","running","false","HIDDEN_404","review:prod-nimbus-27","hold","","Review held; Product remains buy/understand page","review_held_product_keeps"
"/reviews/asics-gel-quantum-360-8","review","asics-gel-quantum-360-8","ASICS GEL-Quantum 360 8 Review","assess ASICS GEL-Quantum 360 8 as a buying decision","strengths, trade-offs, who should buy/skip","Should I buy GEL-Quantum 360 8 after a deep assessment?","asics-gel-quantum-360-8","fitness","false","HIDDEN_404","review:prod-asics-gel-quantum-360-8","keep","","",""
"/reviews/asics-gel-resolution-9","review","asics-gel-resolution-9","ASICS Gel-Resolution 9 Review","assess ASICS Gel-Resolution 9 as a buying decision","strengths, trade-offs, who should buy/skip","Should I buy Gel-Resolution 9 after a deep assessment?","asics-gel-resolution-9","tennis","false","HIDDEN_404","review:prod-asics-gel-resolution-9","keep","","",""
"/reviews/asics-gel-resolution-9-clay","review","asics-gel-resolution-9-clay","ASICS Gel-Resolution 9 Clay Review","assess ASICS Gel-Resolution 9 Clay as a buying decision","strengths, trade-offs, who should buy/skip","Should I buy Gel-Resolution 9 Clay after a deep assessment?","asics-gel-resolution-9-clay","tennis","false","HIDDEN_404","review:prod-asics-gel-resolution-9-clay","keep","","",""
"/reviews/asics-gel-resolution-padel","review","asics-gel-resolution-padel","ASICS Gel-Resolution Padel Review","assess ASICS Gel-Resolution Padel as a buying decision","strengths, trade-offs, who should buy/skip","Should I buy Gel-Resolution Padel after a deep assessment?","asics-gel-resolution-padel","padel","false","HIDDEN_404","review:prod-asics-gel-resolution-padel","keep","","",""
"/reviews/asics-gel-trabuco-13","review","asics-gel-trabuco-13","ASICS Gel-Trabuco 13 Review","assess ASICS Gel-Trabuco 13 as a buying decision","strengths, trade-offs, who should buy/skip","Should I buy Gel-Trabuco 13 after a deep assessment?","asics-gel-trabuco-13","running","false","HIDDEN_404","review:prod-trabuco-13","hold","","Review held; Product remains buy/understand page","review_held_product_keeps"
"/reviews/asics-gt-1000-13","review","asics-gt-1000-13","ASICS GT-1000 13 Review","assess ASICS GT-1000 13 as a buying decision","strengths, trade-offs, who should buy/skip","Should I buy GT-1000 13 after a deep assessment?","asics-gt-1000-13","running","false","HIDDEN_404","review:prod-gt-1000-13","hold","","Review held; Product remains buy/understand page","review_held_product_keeps"
"/reviews/asics-gt-2000-14","review","asics-gt-2000-14","ASICS GT-2000 14 Review","assess ASICS GT-2000 14 as a buying decision","strengths, trade-offs, who should buy/skip","Should I buy GT-2000 14 after a deep assessment?","asics-gt-2000-14","running","false","HIDDEN_404","review:prod-gt-2000-14","hold","","Review held; Product remains buy/understand page","review_held_product_keeps"
"/reviews/asics-metaspeed-sky-paris","review","asics-metaspeed-sky-paris","ASICS METASPEED Sky Paris Review","assess ASICS METASPEED Sky Paris as a buying decision","strengths, trade-offs, who should buy/skip","Should I buy METASPEED Sky Paris after a deep assessment?","asics-metaspeed-sky-paris","running","false","HIDDEN_404","review:prod-metaspeed-sky-paris","hold","","Review held; Product remains buy/understand page","review_held_product_keeps"
"/reviews/asics-novablast-4","review","asics-novablast-4","ASICS Novablast 4 Review","assess ASICS Novablast 4 as a buying decision","strengths, trade-offs, who should buy/skip","Should I buy Novablast 4 after a deep assessment?","asics-novablast-4","running","false","HIDDEN_404","review:prod-novablast-4","hold","","Review held; Product remains buy/understand page","review_held_product_keeps"
"/reviews/asics-novablast-6","review","asics-novablast-6","ASICS Novablast 6 Review","assess ASICS Novablast 6 as a buying decision","strengths, trade-offs, who should buy/skip","Should I buy Novablast 6 after a deep assessment?","asics-novablast-6","running","false","HIDDEN_404","review:prod-novablast-6","hold","","Review held; Product remains buy/understand page","review_held_product_keeps"
"/reviews/asics-solution-speed-ff-3","review","asics-solution-speed-ff-3","ASICS Solution Speed FF 3 Review","assess ASICS Solution Speed FF 3 as a buying decision","strengths, trade-offs, who should buy/skip","Should I buy Solution Speed FF 3 after a deep assessment?","asics-solution-speed-ff-3","tennis","false","HIDDEN_404","review:prod-asics-solution-speed-ff-3","keep","","",""
"/reviews/asics-solution-swift-ff2-padel","review","asics-solution-swift-ff2-padel","ASICS Solution Swift FF 2 Padel Review","assess ASICS Solution Swift FF 2 Padel as a buying decision","strengths, trade-offs, who should buy/skip","Should I buy Solution Swift FF 2 Padel after a deep assessment?","asics-solution-swift-ff2-padel","padel","false","HIDDEN_404","review:prod-asics-solution-swift-ff2-padel","keep","","",""
"/reviews/assaultbike-classic","review","assaultbike-classic","Assault Fitness AssaultBike Classic Review","assess Assault Fitness AssaultBike Classic as a buying decision","strengths, trade-offs, who should buy/skip","Should I buy AssaultBike Classic after a deep assessment?","assaultbike-classic","fitness","false","HIDDEN_404","review:prod-assault-classic","keep","","",""
"/reviews/assaultbike-elite","review","assaultbike-elite","Assault Fitness AssaultBike Elite Review","assess Assault Fitness AssaultBike Elite as a buying decision","strengths, trade-offs, who should buy/skip","Should I buy AssaultBike Elite after a deep assessment?","assaultbike-elite","fitness","false","HIDDEN_404","review:prod-assault-elite","keep","","",""
"/reviews/assaultrunner-elite","review","assaultrunner-elite","Assault Fitness AssaultRunner Elite Review","assess Assault Fitness AssaultRunner Elite as a buying decision","strengths, trade-offs, who should buy/skip","Should I buy AssaultRunner Elite after a deep assessment?","assaultrunner-elite","fitness","false","HIDDEN_404","review:prod-assault-runner-elite","hold","","Review held; Product remains buy/understand page","review_held_product_keeps"
"/reviews/assaultrunner-pro","review","assaultrunner-pro","Assault Fitness AssaultRunner Pro Review","assess Assault Fitness AssaultRunner Pro as a buying decision","strengths, trade-offs, who should buy/skip","Should I buy AssaultRunner Pro after a deep assessment?","assaultrunner-pro","fitness","false","HIDDEN_404","review:prod-assault-runner","hold","","Review held; Product remains buy/understand page","review_held_product_keeps"
"/reviews/atx-cast-iron-plate-set","review","atx-cast-iron-plate-set","ATX Cast Iron Olympic Plate Set Review","assess ATX Cast Iron Olympic Plate Set as a buying decision","strengths, trade-offs, who should buy/skip","Should I buy Cast Iron Plate Set after a deep assessment?","atx-cast-iron-plate-set","fitness","false","HIDDEN_404","review:prod-atx-cast-iron-set","keep","","",""
"/reviews/atx-fid-bench","review","atx-fid-bench","ATX Flat Incline Decline Bench Review","assess ATX Flat Incline Decline Bench as a buying decision","strengths, trade-offs, who should buy/skip","Should I buy FID Bench after a deep assessment?","atx-fid-bench","fitness","false","HIDDEN_404","review:prod-atx-fid-bench","keep","","",""
"/reviews/babolat-counter-viper-2026","review","babolat-counter-viper-2026","Babolat Counter Viper 2026 Review","assess Babolat Counter Viper 2026 as a buying decision","strengths, trade-offs, who should buy/skip","Should I buy Counter Viper 2026 after a deep assessment?","babolat-counter-viper-2026","padel","false","HIDDEN_404","review:prod-babolat-counter-viper","keep","","",""
"/reviews/babolat-jet-mach-3","review","babolat-jet-mach-3","Babolat Jet Mach 3 Review","assess Babolat Jet Mach 3 as a buying decision","strengths, trade-offs, who should buy/skip","Should I buy Jet Mach 3 after a deep assessment?","babolat-jet-mach-3","tennis","false","HIDDEN_404","review:prod-babolat-jet-mach-3","keep","","",""
"/reviews/babolat-jet-premura","review","babolat-jet-premura","Babolat Jet Premura Review","assess Babolat Jet Premura as a buying decision","strengths, trade-offs, who should buy/skip","Should I buy Jet Premura after a deep assessment?","babolat-jet-premura","padel","false","HIDDEN_404","review:prod-babolat-jet-premura","keep","","",""
"/reviews/babolat-movea-2","review","babolat-movea-2","Babolat Movea 2 Review","assess Babolat Movea 2 as a buying decision","strengths, trade-offs, who should buy/skip","Should I buy Movea 2 after a deep assessment?","babolat-movea-2","padel","false","HIDDEN_404","review:prod-babolat-movea-2","keep","","",""
"/reviews/babolat-pure-aero-2023","review","babolat-pure-aero-2023","Babolat Pure Aero 2023 Review","assess Babolat Pure Aero 2023 as a buying decision","strengths, trade-offs, who should buy/skip","Should I buy Pure Aero 2023 after a deep assessment?","babolat-pure-aero-2023","tennis","false","HIDDEN_404","review:prod-babolat-pure-aero-2023","keep","","",""
"/reviews/babolat-pure-aero-2026","review","babolat-pure-aero-2026","Babolat Pure Aero 100 Gen9 2026 Review","assess Babolat Pure Aero 100 Gen9 2026 as a buying decision","strengths, trade-offs, who should buy/skip","Should I buy Pure Aero 100 Gen9 2026 after a deep assessment?","babolat-pure-aero-2026","tennis","false","HIDDEN_404","review:prod-babolat-pure-aero-2026","keep","","",""
"/reviews/babolat-pure-drive-2025","review","babolat-pure-drive-2025","Babolat Pure Drive 2025 Review","assess Babolat Pure Drive 2025 as a buying decision","strengths, trade-offs, who should buy/skip","Should I buy Pure Drive 2025 after a deep assessment?","babolat-pure-drive-2025","tennis","false","HIDDEN_404","review:prod-babolat-pure-drive-2025","keep","","",""
"/reviews/babolat-pure-drive-gen11","review","babolat-pure-drive-gen11","Babolat Pure Drive Gen11 100 Review","assess Babolat Pure Drive Gen11 100 as a buying decision","strengths, trade-offs, who should buy/skip","Should I buy Pure Drive Gen11 100 after a deep assessment?","babolat-pure-drive-gen11","tennis","false","HIDDEN_404","review:prod-babolat-pure-drive-gen11","keep","","",""
"/reviews/babolat-sensa-women","review","babolat-sensa-women","Babolat Sensa Women Review","assess Babolat Sensa Women as a buying decision","strengths, trade-offs, who should buy/skip","Should I buy Sensa Women after a deep assessment?","babolat-sensa-women","padel","false","HIDDEN_404","review:prod-babolat-sensa-women","keep","","",""
"/reviews/babolat-technical-viper-2026","review","babolat-technical-viper-2026","Babolat Technical Viper 2026 Review","assess Babolat Technical Viper 2026 as a buying decision","strengths, trade-offs, who should buy/skip","Should I buy Technical Viper 2026 after a deep assessment?","babolat-technical-viper-2026","padel","false","HIDDEN_404","review:prod-babolat-technical-viper","keep","","",""
"/reviews/balega-blister-resist","review","balega-blister-resist","Balega Blister Resist Quarter Review","assess Balega Blister Resist Quarter as a buying decision","strengths, trade-offs, who should buy/skip","Should I buy Blister Resist Quarter after a deep assessment?","balega-blister-resist","running","false","HIDDEN_404","review:prod-balega-blister-resist","hold","","Review held; Product remains buy/understand page","review_held_product_keeps"
"/reviews/balega-hidden-comfort","review","balega-hidden-comfort","Balega Hidden Comfort Review","assess Balega Hidden Comfort as a buying decision","strengths, trade-offs, who should buy/skip","Should I buy Hidden Comfort after a deep assessment?","balega-hidden-comfort","running","false","HIDDEN_404","review:prod-balega-hidden-comfort","hold","","Review held; Product remains buy/understand page","review_held_product_keeps"
"/reviews/beats-fit-pro","review","beats-fit-pro","Beats Fit Pro Review","assess Beats Fit Pro as a buying decision","strengths, trade-offs, who should buy/skip","Should I buy Fit Pro after a deep assessment?","beats-fit-pro","running","true","INDEXABLE","review:prod-beats-fit-pro","keep","","","paired_with_product"
"/reviews/biolite-headlamp-800-pro","review","biolite-headlamp-800-pro","BioLite HeadLamp 800 Pro Review","assess BioLite HeadLamp 800 Pro as a buying decision","strengths, trade-offs, who should buy/skip","Should I buy HeadLamp 800 Pro after a deep assessment?","biolite-headlamp-800-pro","running","true","INDEXABLE","review:prod-biolite-headlamp-800","keep","","","paired_with_product"
"/reviews/black-crown-special-one-soft","review","black-crown-special-one-soft","Black Crown Special One Soft Review","assess Black Crown Special One Soft as a buying decision","strengths, trade-offs, who should buy/skip","Should I buy Special One Soft after a deep assessment?","black-crown-special-one-soft","padel","false","HIDDEN_404","review:prod-black-crown-special-one-soft","keep","","",""
"/reviews/black-diamond-distance-15","review","black-diamond-distance-15","Black Diamond Distance 15 Review","assess Black Diamond Distance 15 Backpack as a buying decision","strengths, trade-offs, who should buy/skip","Should I buy Distance 15 after a deep assessment?","black-diamond-distance-15","running","false","HIDDEN_404","review:prod-black-diamond-distance-15","hold","","Review held; Product remains buy/understand page","review_held_product_keeps"
"/reviews/black-diamond-distance-1500","review","black-diamond-distance-1500","Black Diamond Distance 1500 Review","assess Black Diamond Distance 1500 as a buying decision","strengths, trade-offs, who should buy/skip","Should I buy Distance 1500 after a deep assessment?","black-diamond-distance-1500","running","true","INDEXABLE","review:prod-bd-distance-1500","keep","","","paired_with_product"
"/reviews/black-diamond-distance-22","review","black-diamond-distance-22","Black Diamond Distance 22 Review","assess Black Diamond Distance 22 Backpack as a buying decision","strengths, trade-offs, who should buy/skip","Should I buy Distance 22 after a deep assessment?","black-diamond-distance-22","running","false","HIDDEN_404","review:prod-black-diamond-distance-22","hold","","Review held; Product remains buy/understand page","review_held_product_keeps"
"/reviews/black-diamond-distance-8","review","black-diamond-distance-8","Black Diamond Distance 8 Review","assess Black Diamond Distance 8 as a buying decision","strengths, trade-offs, who should buy/skip","Should I buy Distance 8 after a deep assessment?","black-diamond-distance-8","running","false","HIDDEN_404","review:prod-black-diamond-distance-8","hold","","Review held; Product remains buy/understand page","review_held_product_keeps"
"/reviews/black-diamond-spot-400-r","review","black-diamond-spot-400-r","Black Diamond Spot 400-R Review","assess Black Diamond Spot 400-R as a buying decision","strengths, trade-offs, who should buy/skip","Should I buy Spot 400-R after a deep assessment?","black-diamond-spot-400-r","running","false","HIDDEN_404","review:prod-bd-spot-400-r","hold","","Review held; Product remains buy/understand page","review_held_product_keeps"
"/reviews/blackroll-ball","review","blackroll-ball","BLACKROLL BALL Review","assess BLACKROLL BALL as a buying decision","strengths, trade-offs, who should buy/skip","Should I buy BLACKROLL BALL after a deep assessment?","blackroll-ball","fitness","false","HIDDEN_404","review:prod-blackroll-ball","keep","","",""
"/reviews/blackroll-duoball","review","blackroll-duoball","BLACKROLL DUOBALL Review","assess BLACKROLL DUOBALL as a buying decision","strengths, trade-offs, who should buy/skip","Should I buy BLACKROLL DUOBALL after a deep assessment?","blackroll-duoball","fitness","false","HIDDEN_404","review:prod-blackroll-duoball","keep","","",""
"/reviews/blackroll-med","review","blackroll-med","BLACKROLL MED Foam Roller Review","assess BLACKROLL MED Foam Roller as a buying decision","strengths, trade-offs, who should buy/skip","Should I buy BLACKROLL MED after a deep assessment?","blackroll-med","fitness","false","HIDDEN_404","review:prod-blackroll-med","keep","","",""
"/reviews/blackroll-pro","review","blackroll-pro","BLACKROLL PRO Foam Roller Review","assess BLACKROLL PRO Foam Roller as a buying decision","strengths, trade-offs, who should buy/skip","Should I buy BLACKROLL PRO after a deep assessment?","blackroll-pro","running","false","HIDDEN_404","review:prod-blackroll-pro","hold","","Review held; Product remains buy/understand page","review_held_product_keeps"
"/reviews/blackroll-standard","review","blackroll-standard","BLACKROLL STANDARD Foam Roller Review","assess BLACKROLL STANDARD Foam Roller as a buying decision","strengths, trade-offs, who should buy/skip","Should I buy BLACKROLL STANDARD after a deep assessment?","blackroll-standard","fitness","false","HIDDEN_404","review:prod-blackroll-standard","keep","","",""
"/reviews/body-glide-original","review","body-glide-original","Body Glide Original Anti-Chafe Balm Review","assess Body Glide Original Anti-Chafe Balm as a buying decision","strengths, trade-offs, who should buy/skip","Should I buy Original Anti-Chafe Balm after a deep assessment?","body-glide-original","running","true","INDEXABLE","review:prod-body-glide-original","keep","","",""
"/reviews/bose-ultra-open-earbuds","review","bose-ultra-open-earbuds","Bose Ultra Open Earbuds Review","assess Bose Ultra Open Earbuds as a buying decision","strengths, trade-offs, who should buy/skip","Should I buy Ultra Open Earbuds after a deep assessment?","bose-ultra-open-earbuds","running","true","INDEXABLE","review:prod-bose-ultra-open","keep","","","paired_with_product"
"/reviews/bowflex-selecttech-1090","review","bowflex-selecttech-1090","Bowflex SelectTech 1090 Review","assess Bowflex SelectTech 1090 as a buying decision","strengths, trade-offs, who should buy/skip","Should I buy SelectTech 1090 after a deep assessment?","bowflex-selecttech-1090","fitness","false","HIDDEN_404","review:prod-bowflex-1090","keep","","",""
"/reviews/bowflex-selecttech-552","review","bowflex-selecttech-552","Bowflex SelectTech 552 Review","assess Bowflex SelectTech 552 as a buying decision","strengths, trade-offs, who should buy/skip","Should I buy SelectTech 552 after a deep assessment?","bowflex-selecttech-552","fitness","false","HIDDEN_404","review:prod-bowflex-552","keep","","",""
"/reviews/brazyn-morph","review","brazyn-morph","Brazyn Morph Collapsible Foam Roller Review","assess Brazyn Morph Collapsible Foam Roller as a buying decision","strengths, trade-offs, who should buy/skip","Should I buy Morph after a deep assessment?","brazyn-morph","running","false","HIDDEN_404","review:prod-brazyn-morph","hold","","Review held; Product remains buy/understand page","review_held_product_keeps"
"/reviews/brooks-canopy-jacket-men","review","brooks-canopy-jacket-men","Brooks Canopy Jacket (Men) Review","assess Brooks Canopy Jacket (Men) as a buying decision","strengths, trade-offs, who should buy/skip","Should I buy Canopy Jacket after a deep assessment?","brooks-canopy-jacket-men","running","false","HIDDEN_404","review:prod-brooks-canopy-jacket-unisex","hold","","Review held; Product remains buy/understand page","review_held_product_keeps"
"/reviews/brooks-cascadia-18","review","brooks-cascadia-18","Brooks Cascadia 18 Review","assess Brooks Cascadia 18 as a buying decision","strengths, trade-offs, who should buy/skip","Should I buy Cascadia 18 after a deep assessment?","brooks-cascadia-18","running","false","HIDDEN_404","review:prod-cascadia-18","hold","","Review held; Product remains buy/understand page","review_held_product_keeps"
"/reviews/brooks-chaser-5-women","review","brooks-chaser-5-women","Brooks Chaser 5"" Short Tight (Women) Review","assess Brooks Chaser 5"" Short Tight (Women) as a buying decision","strengths, trade-offs, who should buy/skip","Should I buy Chaser 5"" Short Tight after a deep assessment?","brooks-chaser-5-women","running","false","HIDDEN_404","review:prod-brooks-chaser-5-women","hold","","Review held; Product remains buy/understand page","review_held_product_keeps"
"/reviews/brooks-ghost-16","review","brooks-ghost-16","Brooks Ghost 16 Review","assess Brooks Ghost 16 as a buying decision","strengths, trade-offs, who should buy/skip","Should I buy Ghost 16 after a deep assessment?","brooks-ghost-16","running","false","HIDDEN_404","review:prod-ghost-16","hold","","Review held; Product remains buy/understand page","review_held_product_keeps"
"/reviews/brooks-glycerin-21","review","brooks-glycerin-21","Brooks Glycerin 21 Review","assess Brooks Glycerin 21 as a buying decision","strengths, trade-offs, who should buy/skip","Should I buy Glycerin 21 after a deep assessment?","brooks-glycerin-21","running","false","HIDDEN_404","review:prod-glycerin-21","hold","","Review held; Product remains buy/understand page","review_held_product_keeps"
"/reviews/brooks-glycerin-gts-22","review","brooks-glycerin-gts-22","Brooks Glycerin GTS 22 Review","assess Brooks Glycerin GTS 22 as a buying decision","strengths, trade-offs, who should buy/skip","Should I buy Glycerin GTS 22 after a deep assessment?","brooks-glycerin-gts-22","running","false","HIDDEN_404","review:prod-glycerin-gts-22","hold","","Review held; Product remains buy/understand page","review_held_product_keeps"
"/reviews/brooks-hyperion-max-2","review","brooks-hyperion-max-2","Brooks Hyperion Max 2 Review","assess Brooks Hyperion Max 2 as a buying decision","strengths, trade-offs, who should buy/skip","Should I buy Hyperion Max 2 after a deep assessment?","brooks-hyperion-max-2","running","false","HIDDEN_404","review:prod-hyperion-max-2","hold","","Review held; Product remains buy/understand page","review_held_product_keeps"
"/reviews/brooks-method-tight-women","review","brooks-method-tight-women","Brooks Method 7/8 Tight (Women) Review","assess Brooks Method 7/8 Tight (Women) as a buying decision","strengths, trade-offs, who should buy/skip","Should I buy Method 7/8 Tight after a deep assessment?","brooks-method-tight-women","running","false","HIDDEN_404","review:prod-brooks-method-tight-women","hold","","Review held; Product remains buy/understand page","review_held_product_keeps"
"/reviews/brooks-notch-thermal-beanie","review","brooks-notch-thermal-beanie","Brooks Notch Thermal Beanie Review","assess Brooks Notch Thermal Beanie as a buying decision","strengths, trade-offs, who should buy/skip","Should I buy Notch Thermal Beanie after a deep assessment?","brooks-notch-thermal-beanie","running","false","HIDDEN_404","review:prod-brooks-notch-thermal-beanie","hold","","Review held; Product remains buy/understand page","review_held_product_keeps"
"/reviews/brooks-notch-thermal-men","review","brooks-notch-thermal-men","Brooks Notch Thermal Hoodie (Men) Review","assess Brooks Notch Thermal Hoodie (Men) as a buying decision","strengths, trade-offs, who should buy/skip","Should I buy Notch Thermal Hoodie after a deep assessment?","brooks-notch-thermal-men","running","false","HIDDEN_404","review:prod-brooks-notch-thermal-men","hold","","Review held; Product remains buy/understand page","review_held_product_keeps"
"/reviews/brooks-sherpa-7-men","review","brooks-sherpa-7-men","Brooks Sherpa 7"" 2-in-1 Short (Men) Review","assess Brooks Sherpa 7"" 2-in-1 Short (Men) as a buying decision","strengths, trade-offs, who should buy/skip","Should I buy Sherpa 7"" 2-in-1 after a deep assessment?","brooks-sherpa-7-men","running","false","HIDDEN_404","review:prod-brooks-sherpa-7-men","hold","","Review held; Product remains buy/understand page","review_held_product_keeps"
"/reviews/buff-coolnet-uv","review","buff-coolnet-uv","BUFF CoolNet UV+ Multifunctional Neckwear Review","assess BUFF CoolNet UV+ Multifunctional Neckwear as a buying decision","strengths, trade-offs, who should buy/skip","Should I buy CoolNet UV+ after a deep assessment?","buff-coolnet-uv","running","false","HIDDEN_404","review:prod-buff-coolnet-uv","keep","","",""
"/reviews/buff-merino-lightweight","review","buff-merino-lightweight","BUFF Lightweight Merino Wool Multifunctional Neckwear Review","assess BUFF Lightweight Merino Wool Multifunctional Neckwear as a buying decision","strengths, trade-offs, who should buy/skip","Should I buy Lightweight Merino Wool after a deep assessment?","buff-merino-lightweight","running","false","HIDDEN_404","review:prod-buff-merino-lightweight","keep","","",""
"/reviews/buff-original","review","buff-original","Buff Original Multifunctional Headwear Review","assess Buff Original Multifunctional Headwear as a buying decision","strengths, trade-offs, who should buy/skip","Should I buy Original after a deep assessment?","buff-original","running","false","HIDDEN_404","review:prod-buff-original","keep","","",""
"/reviews/buff-polar","review","buff-polar","BUFF Polar Multifunctional Neckwear Review","assess BUFF Polar Multifunctional Neckwear as a buying decision","strengths, trade-offs, who should buy/skip","Should I buy Polar after a deep assessment?","buff-polar","running","false","HIDDEN_404","review:prod-buff-polar","keep","","",""
"/reviews/bullpadel-hack-03","review","bullpadel-hack-03","Bullpadel Hack 03 Review","assess Bullpadel Hack 03 as a buying decision","strengths, trade-offs, who should buy/skip","Should I buy Hack 03 after a deep assessment?","bullpadel-hack-03","padel","false","HIDDEN_404","review:prod-bullpadel-hack-03","keep","","",""
"/reviews/bullpadel-hack-04-2026","review","bullpadel-hack-04-2026","Bullpadel Hack 04 2026 Review","assess Bullpadel Hack 04 2026 as a buying decision","strengths, trade-offs, who should buy/skip","Should I buy Hack 04 2026 after a deep assessment?","bullpadel-hack-04-2026","padel","false","HIDDEN_404","review:prod-bullpadel-hack-04","keep","","",""
"/reviews/bullpadel-hybrid-fly","review","bullpadel-hybrid-fly","Bullpadel Hybrid Fly Review","assess Bullpadel Hybrid Fly as a buying decision","strengths, trade-offs, who should buy/skip","Should I buy Hybrid Fly after a deep assessment?","bullpadel-hybrid-fly","padel","false","HIDDEN_404","review:prod-bullpadel-hybrid-fly","keep","","",""
"/reviews/bullpadel-ionic-woman","review","bullpadel-ionic-woman","Bullpadel Ionic Woman Review","assess Bullpadel Ionic Woman as a buying decision","strengths, trade-offs, who should buy/skip","Should I buy Ionic Woman after a deep assessment?","bullpadel-ionic-woman","padel","false","HIDDEN_404","review:prod-bullpadel-ionic-woman","keep","","",""
"/reviews/bullpadel-vertex-04","review","bullpadel-vertex-04","Bullpadel Vertex 04 Review","assess Bullpadel Vertex 04 as a buying decision","strengths, trade-offs, who should buy/skip","Should I buy Vertex 04 after a deep assessment?","bullpadel-vertex-04","padel","false","HIDDEN_404","review:prod-bullpadel-vertex-04","keep","","",""
"/reviews/bullpadel-vertex-05-2026","review","bullpadel-vertex-05-2026","Bullpadel Vertex 05 2026 Review","assess Bullpadel Vertex 05 2026 as a buying decision","strengths, trade-offs, who should buy/skip","Should I buy Vertex 05 2026 after a deep assessment?","bullpadel-vertex-05-2026","padel","false","HIDDEN_404","review:prod-bullpadel-vertex-05","keep","","",""
"/reviews/camelbak-apex-pro","review","camelbak-apex-pro","CamelBak Apex Pro Run Vest Review","assess CamelBak Apex Pro Run Vest as a buying decision","strengths, trade-offs, who should buy/skip","Should I buy Apex Pro Run Vest after a deep assessment?","camelbak-apex-pro","running","false","HIDDEN_404","review:prod-camelbak-apex-pro","hold","","Review held; Product remains buy/understand page","review_held_product_keeps"
"/reviews/camelbak-circuit-run-vest","review","camelbak-circuit-run-vest","CamelBak Circuit Run Vest Review","assess CamelBak Circuit Run Vest as a buying decision","strengths, trade-offs, who should buy/skip","Should I buy Circuit Run Vest after a deep assessment?","camelbak-circuit-run-vest","running","false","HIDDEN_404","review:prod-camelbak-circuit","hold","","Review held; Product remains buy/understand page","review_held_product_keeps"
"/reviews/camelbak-crux-15","review","camelbak-crux-15","CamelBak Crux 1.5L Reservoir Review","assess CamelBak Crux 1.5L Reservoir as a buying decision","strengths, trade-offs, who should buy/skip","Should I buy Crux 1.5L after a deep assessment?","camelbak-crux-15","running","true","INDEXABLE","review:prod-camelbak-crux-15","keep","","","paired_with_product"
"/reviews/camelbak-quick-grip-chill","review","camelbak-quick-grip-chill","CamelBak Quick Grip Chill Handheld Review","assess CamelBak Quick Grip Chill Handheld as a buying decision","strengths, trade-offs, who should buy/skip","Should I buy Quick Grip Chill after a deep assessment?","camelbak-quick-grip-chill","running","false","HIDDEN_404","review:prod-camelbak-quick-grip-chill","hold","","Review held; Product remains buy/understand page","review_held_product_keeps"
"/reviews/camelbak-zephyr","review","camelbak-zephyr","CamelBak Zephyr Review","assess CamelBak Zephyr as a buying decision","strengths, trade-offs, who should buy/skip","Should I buy Zephyr after a deep assessment?","camelbak-zephyr","running","false","HIDDEN_404","review:prod-camelbak-zephyr","hold","","Review held; Product remains buy/understand page","review_held_product_keeps"
"/reviews/camelbak-zephyr-pro","review","camelbak-zephyr-pro","CamelBak Zephyr Pro Review","assess CamelBak Zephyr Pro as a buying decision","strengths, trade-offs, who should buy/skip","Should I buy Zephyr Pro after a deep assessment?","camelbak-zephyr-pro","running","false","HIDDEN_404","review:prod-camelbak-zephyr-pro","hold","","Review held; Product remains buy/understand page","review_held_product_keeps"
"/reviews/cep-calf-sleeves-3","review","cep-calf-sleeves-3","CEP Calf Sleeves 3.0 Review","assess CEP Calf Sleeves 3.0 as a buying decision","strengths, trade-offs, who should buy/skip","Should I buy Calf Sleeves 3.0 after a deep assessment?","cep-calf-sleeves-3","running","false","HIDDEN_404","review:prod-cep-calf-sleeves","hold","","Review held; Product remains buy/understand page","review_held_product_keeps"
"/reviews/cep-run-compression-sock-3","review","cep-run-compression-sock-3","CEP Run Compression Sock 3.0 Review","assess CEP Run Compression Sock 3.0 as a buying decision","strengths, trade-offs, who should buy/skip","Should I buy Run Compression Sock 3.0 after a deep assessment?","cep-run-compression-sock-3","running","true","INDEXABLE","review:prod-cep-run-compression-sock","keep","","","paired_with_product"
"/reviews/cep-the-run-calf-sleeves","review","cep-the-run-calf-sleeves","CEP The Run Calf Sleeves Review","assess CEP The Run Calf Sleeves as a buying decision","strengths, trade-offs, who should buy/skip","Should I buy The Run Calf Sleeves after a deep assessment?","cep-the-run-calf-sleeves","running","false","HIDDEN_404","review:prod-cep-the-run-calf","hold","","Review held; Product remains buy/understand page","review_held_product_keeps"
"/reviews/ciele-gocap-athletics","review","ciele-gocap-athletics","Ciele GOCap Athletics Review","assess Ciele GOCap Athletics as a buying decision","strengths, trade-offs, who should buy/skip","Should I buy GOCap Athletics after a deep assessment?","ciele-gocap-athletics","running","false","HIDDEN_404","review:prod-ciele-gocap-athletics","hold","","Review held; Product remains buy/understand page","review_held_product_keeps"
"/reviews/clif-bar-original","review","clif-bar-original","CLIF Bar Original Review","assess CLIF Bar Original as a buying decision","strengths, trade-offs, who should buy/skip","Should I buy Clif Bar after a deep assessment?","clif-bar-original","running","true","INDEXABLE","review:prod-clif-bar-original","keep","","","paired_with_product"
"/reviews/clif-bloks-energy-chews","review","clif-bloks-energy-chews","CLIF BLOKS Energy Chews Review","assess CLIF BLOKS Energy Chews as a buying decision","strengths, trade-offs, who should buy/skip","Should I buy Bloks Energy Chews after a deep assessment?","clif-bloks-energy-chews","running","false","HIDDEN_404","review:prod-clif-bloks","hold","","Review held; Product remains buy/understand page","review_held_product_keeps"
"/reviews/compressport-free-belt-pro","review","compressport-free-belt-pro","Compressport Free Belt Pro Review","assess Compressport Free Belt Pro as a buying decision","strengths, trade-offs, who should buy/skip","Should I buy Free Belt Pro after a deep assessment?","compressport-free-belt-pro","running","false","HIDDEN_404","review:prod-compressport-free-belt-pro","hold","","Review held; Product remains buy/understand page","review_held_product_keeps"
"/reviews/compressport-ultrun-s-pack","review","compressport-ultrun-s-pack","Compressport Ultrun S Pack Review","assess Compressport Ultrun S Pack as a buying decision","strengths, trade-offs, who should buy/skip","Should I buy Ultrun S Pack after a deep assessment?","compressport-ultrun-s-pack","running","false","HIDDEN_404","review:prod-compressport-ultrun-s-pack","hold","","Review held; Product remains buy/understand page","review_held_product_keeps"
"/reviews/concept2-bikeerg","review","concept2-bikeerg","Concept2 BikeErg Review","assess Concept2 BikeErg as a buying decision","strengths, trade-offs, who should buy/skip","Should I buy BikeErg after a deep assessment?","concept2-bikeerg","fitness","false","HIDDEN_404","review:prod-concept2-bikeerg","keep","","",""
"/reviews/concept2-rowerg","review","concept2-rowerg","Concept2 RowErg Review","assess Concept2 RowErg as a buying decision","strengths, trade-offs, who should buy/skip","Should I buy RowErg after a deep assessment?","concept2-rowerg","fitness","false","HIDDEN_404","review:prod-concept2-rowerg","keep","","",""
"/reviews/concept2-rowerg-dynamic","review","concept2-rowerg-dynamic","Concept2 RowErg Dynamic Review","assess Concept2 RowErg Dynamic as a buying decision","strengths, trade-offs, who should buy/skip","Should I buy RowErg Dynamic after a deep assessment?","concept2-rowerg-dynamic","fitness","false","HIDDEN_404","review:prod-concept2-rowerg-dynamic","keep","","",""
"/reviews/concept2-skierg","review","concept2-skierg","Concept2 SkiErg Review","assess Concept2 SkiErg as a buying decision","strengths, trade-offs, who should buy/skip","Should I buy SkiErg after a deep assessment?","concept2-skierg","fitness","false","HIDDEN_404","review:prod-concept2-skierg","keep","","",""
"/reviews/concept2-skierg-floor-stand","review","concept2-skierg-floor-stand","Concept2 SkiErg with Floor Stand Review","assess Concept2 SkiErg with Floor Stand as a buying decision","strengths, trade-offs, who should buy/skip","Should I buy SkiErg Floor Stand after a deep assessment?","concept2-skierg-floor-stand","fitness","false","HIDDEN_404","review:prod-concept2-skierg-stand","keep","","",""
"/reviews/concept2-skierg-with-stand","review","concept2-skierg-with-stand","Concept2 SkiErg with Floor Stand Bundle Review","assess Concept2 SkiErg with Floor Stand Bundle as a buying decision","strengths, trade-offs, who should buy/skip","Should I buy SkiErg + Floor Stand after a deep assessment?","concept2-skierg-with-stand","fitness","false","HIDDEN_404","review:prod-concept2-skierg-pm5-bundle","keep","","",""
"/reviews/coros-apex-2-pro","review","coros-apex-2-pro","COROS Apex 2 Pro Review","assess COROS Apex 2 Pro as a buying decision","strengths, trade-offs, who should buy/skip","Should I buy Apex 2 Pro after a deep assessment?","coros-apex-2-pro","running","false","HIDDEN_404","review:prod-coros-apex-2-pro","hold","","Review held; Product remains buy/understand page","review_held_product_keeps"
"/reviews/coros-heart-rate-monitor","review","coros-heart-rate-monitor","COROS Heart Rate Monitor Review","assess COROS Heart Rate Monitor as a buying decision","strengths, trade-offs, who should buy/skip","Should I buy Heart Rate Monitor after a deep assessment?","coros-heart-rate-monitor","running","false","HIDDEN_404","review:prod-coros-hrm","hold","","Review held; Product remains buy/understand page","review_held_product_keeps"
"/reviews/coros-pace-pro","review","coros-pace-pro","COROS Pace Pro Review","assess COROS Pace Pro as a buying decision","strengths, trade-offs, who should buy/skip","Should I buy Pace Pro after a deep assessment?","coros-pace-pro","running","false","HIDDEN_404","review:prod-coros-pace-pro","hold","","Review held; Product remains buy/understand page","review_held_product_keeps"
"/reviews/craft-active-extreme-x-men","review","craft-active-extreme-x-men","Craft Active Extreme X Windstop (Men) Review","assess Craft Active Extreme X Windstop (Men) as a buying decision","strengths, trade-offs, who should buy/skip","Should I buy Active Extreme X Windstop after a deep assessment?","craft-active-extreme-x-men","running","false","HIDDEN_404","review:prod-craft-active-extreme-x-men","hold","","Review held; Product remains buy/understand page","review_held_product_keeps"
"/reviews/craft-adv-essence-light-wind-men","review","craft-adv-essence-light-wind-men","Craft ADV Essence Light Wind Jacket (Men) Review","assess Craft ADV Essence Light Wind Jacket (Men) as a buying decision","strengths, trade-offs, who should buy/skip","Should I buy ADV Essence Light Wind after a deep assessment?","craft-adv-essence-light-wind-men","running","false","HIDDEN_404","review:prod-craft-adv-essence-light-wind-men","hold","","Review held; Product remains buy/understand page","review_held_product_keeps"
"/reviews/craft-adv-essence-light-wind-vest-men","review","craft-adv-essence-light-wind-vest-men","Craft ADV Essence Light Wind Vest (Men) Review","assess Craft ADV Essence Light Wind Vest (Men) as a buying decision","strengths, trade-offs, who should buy/skip","Should I buy ADV Essence Light Wind Vest after a deep assessment?","craft-adv-essence-light-wind-vest-men","running","false","HIDDEN_404","review:prod-craft-adv-essence-light-wind-vest-men","hold","","Review held; Product remains buy/understand page","review_held_product_keeps"
"/reviews/craft-adv-essence-short","review","craft-adv-essence-short","Craft ADV Essence Short Review","assess Craft ADV Essence Short as a buying decision","strengths, trade-offs, who should buy/skip","Should I buy ADV Essence Short after a deep assessment?","craft-adv-essence-short","running","false","HIDDEN_404","review:prod-craft-adv-essence-short","hold","","Review held; Product remains buy/understand page","review_held_product_keeps"
"/reviews/craft-adv-essence-tight-men","review","craft-adv-essence-tight-men","Craft ADV Essence Tights (Men) Review","assess Craft ADV Essence Tights (Men) as a buying decision","strengths, trade-offs, who should buy/skip","Should I buy ADV Essence Tights after a deep assessment?","craft-adv-essence-tight-men","running","false","HIDDEN_404","review:prod-craft-adv-essence-tight-men","hold","","Review held; Product remains buy/understand page","review_held_product_keeps"
"/reviews/craft-adv-lumen-glove","review","craft-adv-lumen-glove","Craft ADV Lumen Fleece Glove Review","assess Craft ADV Lumen Fleece Glove as a buying decision","strengths, trade-offs, who should buy/skip","Should I buy ADV Lumen Fleece Glove after a deep assessment?","craft-adv-lumen-glove","running","false","HIDDEN_404","review:prod-craft-adv-lumen-glove","hold","","Review held; Product remains buy/understand page","review_held_product_keeps"
"/reviews/darn-tough-run-1-4","review","darn-tough-run-1-4","Darn Tough Run 1/4 Ultra-Lightweight Review","assess Darn Tough Run 1/4 Ultra-Lightweight as a buying decision","strengths, trade-offs, who should buy/skip","Should I buy Run 1/4 Ultra-Lightweight after a deep assessment?","darn-tough-run-1-4","running","false","HIDDEN_404","review:prod-darn-tough-run-1-4","hold","","Review held; Product remains buy/understand page","review_held_product_keeps"
"/reviews/do-win-classic","review","do-win-classic","Do-Win Classic Weightlifting Shoe Review","assess Do-Win Classic Weightlifting Shoe as a buying decision","strengths, trade-offs, who should buy/skip","Should I buy Classic after a deep assessment?","do-win-classic","fitness","false","HIDDEN_404","review:prod-do-win-classic","keep","","",""
"/reviews/drop-shot-canyon-pro-2026","review","drop-shot-canyon-pro-2026","Drop Shot Canyon Pro 2026 Review","assess Drop Shot Canyon Pro 2026 as a buying decision","strengths, trade-offs, who should buy/skip","Should I buy Canyon Pro 2026 after a deep assessment?","drop-shot-canyon-pro-2026","padel","false","HIDDEN_404","review:prod-drop-shot-canyon-pro","keep","","",""
"/reviews/drymax-run-lite-mesh","review","drymax-run-lite-mesh","Drymax Run Lite-Mesh Review","assess Drymax Run Lite-Mesh as a buying decision","strengths, trade-offs, who should buy/skip","Should I buy Run Lite-Mesh after a deep assessment?","drymax-run-lite-mesh","running","false","HIDDEN_404","review:prod-drymax-run-lite-mesh","hold","","Review held; Product remains buy/understand page","review_held_product_keeps"
"/reviews/dunlop-cx-200","review","dunlop-cx-200","Dunlop CX 200 Review","assess Dunlop CX 200 as a buying decision","strengths, trade-offs, who should buy/skip","Should I buy CX 200 after a deep assessment?","dunlop-cx-200","tennis","false","HIDDEN_404","review:prod-dunlop-cx-200","keep","","",""
"/reviews/eleiko-kettlebell","review","eleiko-kettlebell","Eleiko Kettlebell Review","assess Eleiko Kettlebell as a buying decision","strengths, trade-offs, who should buy/skip","Should I buy Kettlebell after a deep assessment?","eleiko-kettlebell","fitness","false","HIDDEN_404","review:prod-eleiko-kb","keep","","",""
"/reviews/eleiko-performance-weightlifting-bar","review","eleiko-performance-weightlifting-bar","Eleiko Performance Weightlifting Bar Review","assess Eleiko Performance Weightlifting Bar as a buying decision","strengths, trade-offs, who should buy/skip","Should I buy Performance Weightlifting Bar after a deep assessment?","eleiko-performance-weightlifting-bar","fitness","false","HIDDEN_404","review:prod-eleiko-performance","keep","","",""
"/reviews/eleiko-sport-bumper-set","review","eleiko-sport-bumper-set","Eleiko Sport Bumper Plate Set Review","assess Eleiko Sport Bumper Plate Set as a buying decision","strengths, trade-offs, who should buy/skip","Should I buy Sport Bumper Set after a deep assessment?","eleiko-sport-bumper-set","fitness","false","HIDDEN_404","review:prod-eleiko-sport-bumper","keep","","",""
"/reviews/eleiko-sport-collars","review","eleiko-sport-collars","Eleiko Sport Collars Review","assess Eleiko Sport Collars as a buying decision","strengths, trade-offs, who should buy/skip","Should I buy Sport Collars after a deep assessment?","eleiko-sport-collars","fitness","false","HIDDEN_404","review:prod-eleiko-collars","keep","","",""
"/reviews/eleiko-xf-bar","review","eleiko-xf-bar","Eleiko XF Bar Review","assess Eleiko XF Bar as a buying decision","strengths, trade-offs, who should buy/skip","Should I buy XF Bar after a deep assessment?","eleiko-xf-bar","fitness","false","HIDDEN_404","review:prod-eleiko-xf","keep","","",""
"/reviews/enervit-c2-1-carbo-gel","review","enervit-c2-1-carbo-gel","Enervit C2:1 Carbo Gel Review","assess Enervit C2:1 Carbo Gel as a buying decision","strengths, trade-offs, who should buy/skip","Should I buy C2:1 Carbo Gel after a deep assessment?","enervit-c2-1-carbo-gel","running","false","HIDDEN_404","review:prod-enervit-carbo-gel","hold","","Review held; Product remains buy/understand page","review_held_product_keeps"
"/reviews/feetures-elite-light-cushion","review","feetures-elite-light-cushion","Feetures Elite Light Cushion Review","assess Feetures Elite Light Cushion as a buying decision","strengths, trade-offs, who should buy/skip","Should I buy Elite Light Cushion after a deep assessment?","feetures-elite-light-cushion","running","false","HIDDEN_404","review:prod-feetures-elite-light-cushion","hold","","Review held; Product remains buy/understand page","review_held_product_keeps"
"/reviews/fitletic-fully-loaded","review","fitletic-fully-loaded","Fitletic Fully Loaded Running Belt Review","assess Fitletic Fully Loaded Running Belt as a buying decision","strengths, trade-offs, who should buy/skip","Should I buy Fully Loaded after a deep assessment?","fitletic-fully-loaded","running","false","HIDDEN_404","review:prod-fitletic-fully-loaded","hold","","Review held; Product remains buy/understand page","review_held_product_keeps"
"/reviews/flipbelt-classic","review","flipbelt-classic","FlipBelt Classic Review","assess FlipBelt Classic as a buying decision","strengths, trade-offs, who should buy/skip","Should I buy Classic after a deep assessment?","flipbelt-classic","running","false","HIDDEN_404","review:prod-flipbelt-classic","hold","","Review held; Product remains buy/understand page","review_held_product_keeps"
"/reviews/garmin-forerunner-165","review","garmin-forerunner-165","Garmin Forerunner 165 Review","assess Garmin Forerunner 165 as a buying decision","strengths, trade-offs, who should buy/skip","Should I buy Forerunner 165 after a deep assessment?","garmin-forerunner-165","running","false","HIDDEN_404","review:prod-forerunner-165","hold","","Review held; Product remains buy/understand page","review_held_product_keeps"
"/reviews/garmin-forerunner-255","review","garmin-forerunner-255","Garmin Forerunner 255 Review","assess Garmin Forerunner 255 as a buying decision","strengths, trade-offs, who should buy/skip","Should I buy Forerunner 255 after a deep assessment?","garmin-forerunner-255","running","false","HIDDEN_404","review:prod-forerunner-255","hold","","Review held; Product remains buy/understand page","review_held_product_keeps"
"/reviews/garmin-forerunner-265","review","garmin-forerunner-265","Garmin Forerunner 265 Review","assess Garmin Forerunner 265 as a buying decision","strengths, trade-offs, who should buy/skip","Should I buy Forerunner 265 after a deep assessment?","garmin-forerunner-265","running","false","HIDDEN_404","review:prod-forerunner-265","hold","","Review held; Product remains buy/understand page","review_held_product_keeps"
"/reviews/garmin-forerunner-55","review","garmin-forerunner-55","Garmin Forerunner 55 Review","assess Garmin Forerunner 55 as a buying decision","strengths, trade-offs, who should buy/skip","Should I buy Forerunner 55 after a deep assessment?","garmin-forerunner-55","running","false","HIDDEN_404","review:prod-forerunner-55","hold","","Review held; Product remains buy/understand page","review_held_product_keeps"
"/reviews/garmin-forerunner-570","review","garmin-forerunner-570","Garmin Forerunner 570 Review","assess Garmin Forerunner 570 as a buying decision","strengths, trade-offs, who should buy/skip","Should I buy Forerunner 570 after a deep assessment?","garmin-forerunner-570","running","false","HIDDEN_404","review:prod-forerunner-570","hold","","Review held; Product remains buy/understand page","review_held_product_keeps"
"/reviews/garmin-forerunner-965","review","garmin-forerunner-965","Garmin Forerunner 965 Review","assess Garmin Forerunner 965 as a buying decision","strengths, trade-offs, who should buy/skip","Should I buy Forerunner 965 after a deep assessment?","garmin-forerunner-965","running","false","HIDDEN_404","review:prod-forerunner-965","hold","","Review held; Product remains buy/understand page","review_held_product_keeps"
"/reviews/garmin-hrm-200","review","garmin-hrm-200","Garmin HRM 200 Review","assess Garmin HRM 200 as a buying decision","strengths, trade-offs, who should buy/skip","Should I buy HRM 200 after a deep assessment?","garmin-hrm-200","running","true","INDEXABLE","review:prod-garmin-hrm-200","keep","","","paired_with_product"
"/reviews/garmin-hrm-fit","review","garmin-hrm-fit","Garmin HRM-Fit Review","assess Garmin HRM-Fit as a buying decision","strengths, trade-offs, who should buy/skip","Should I buy HRM-Fit after a deep assessment?","garmin-hrm-fit","running","true","INDEXABLE","review:prod-garmin-hrm-fit","keep","","","paired_with_product"
"/reviews/garmin-hrm-pro-plus","review","garmin-hrm-pro-plus","Garmin HRM-Pro Plus Review","assess Garmin HRM-Pro Plus as a buying decision","strengths, trade-offs, who should buy/skip","Should I buy HRM-Pro Plus after a deep assessment?","garmin-hrm-pro-plus","running","false","HIDDEN_404","review:prod-hrm-pro-plus","hold","","Review held; Product remains buy/understand page","review_held_product_keeps"
"/reviews/goodr-circle-gs","review","goodr-circle-gs","Goodr Circle Gs Review","assess Goodr Circle Gs as a buying decision","strengths, trade-offs, who should buy/skip","Should I buy Circle Gs after a deep assessment?","goodr-circle-gs","running","false","HIDDEN_404","review:prod-goodr-circle-gs","hold","","Review held; Product remains buy/understand page","review_held_product_keeps"
"/reviews/goodr-ogs","review","goodr-ogs","Goodr OGs Review","assess Goodr OGs as a buying decision","strengths, trade-offs, who should buy/skip","Should I buy OGs after a deep assessment?","goodr-ogs","running","false","HIDDEN_404","review:prod-goodr-ogs","hold","","Review held; Product remains buy/understand page","review_held_product_keeps"
"/reviews/gornation-gymnastic-rings","review","gornation-gymnastic-rings","GORNATION Gymnastic Rings Review","assess GORNATION Gymnastic Rings as a buying decision","strengths, trade-offs, who should buy/skip","Should I buy Gymnastic Rings after a deep assessment?","gornation-gymnastic-rings","fitness","false","HIDDEN_404","review:prod-gornation-rings","keep","","",""
"/reviews/gornation-parallettes-pro","review","gornation-parallettes-pro","GORNATION Parallettes Pro Review","assess GORNATION Parallettes Pro as a buying decision","strengths, trade-offs, who should buy/skip","Should I buy Parallettes Pro after a deep assessment?","gornation-parallettes-pro","fitness","false","HIDDEN_404","review:prod-gornation-parallettes-pro","keep","","",""
"/reviews/gornation-premium-pull-up-bar","review","gornation-premium-pull-up-bar","GORNATION Premium Pull-Up Bar Review","assess GORNATION Premium Pull-Up Bar as a buying decision","strengths, trade-offs, who should buy/skip","Should I buy Premium Pull-Up Bar after a deep assessment?","gornation-premium-pull-up-bar","fitness","false","HIDDEN_404","review:prod-gornation-premium-bar","keep","","",""
"/reviews/gravity-fitness-gymnastic-rings","review","gravity-fitness-gymnastic-rings","Gravity Fitness Gymnastic Rings Review","assess Gravity Fitness Gymnastic Rings as a buying decision","strengths, trade-offs, who should buy/skip","Should I buy Gymnastic Rings after a deep assessment?","gravity-fitness-gymnastic-rings","fitness","false","HIDDEN_404","review:prod-gravity-rings","keep","","",""
"/reviews/gravity-fitness-parallettes","review","gravity-fitness-parallettes","Gravity Fitness Parallettes Review","assess Gravity Fitness Parallettes as a buying decision","strengths, trade-offs, who should buy/skip","Should I buy Parallettes after a deep assessment?","gravity-fitness-parallettes","fitness","false","HIDDEN_404","review:prod-gravity-parallettes","keep","","",""
"/reviews/gravity-fitness-pull-up-station","review","gravity-fitness-pull-up-station","Gravity Fitness Free-Standing Pull-Up Station Review","assess Gravity Fitness Free-Standing Pull-Up Station as a buying decision","strengths, trade-offs, who should buy/skip","Should I buy Pull-Up Station after a deep assessment?","gravity-fitness-pull-up-station","fitness","false","HIDDEN_404","review:prod-gravity-pullup-station","keep","","",""
"/reviews/gravity-fitness-weighted-vest","review","gravity-fitness-weighted-vest","Gravity Fitness Weighted Vest Review","assess Gravity Fitness Weighted Vest as a buying decision","strengths, trade-offs, who should buy/skip","Should I buy Weighted Vest after a deep assessment?","gravity-fitness-weighted-vest","fitness","false","HIDDEN_404","review:prod-gravity-weighted-vest","keep","","",""
"/reviews/gu-energy-chews","review","gu-energy-chews","GU Energy Chews Review","assess GU Energy Chews as a buying decision","strengths, trade-offs, who should buy/skip","Should I buy Energy Chews after a deep assessment?","gu-energy-chews","running","true","INDEXABLE","review:prod-gu-chews","keep","","","paired_with_product"
"/reviews/gu-energy-gel","review","gu-energy-gel","GU Energy Gel Review","assess GU Energy Gel as a buying decision","strengths, trade-offs, who should buy/skip","Should I buy Energy Gel after a deep assessment?","gu-energy-gel","running","true","INDEXABLE","review:prod-gu-energy-gel","keep","","","paired_with_product"
"/reviews/gu-roctane-gel","review","gu-roctane-gel","GU Roctane Energy Gel Review","assess GU Roctane Energy Gel as a buying decision","strengths, trade-offs, who should buy/skip","Should I buy Roctane Energy Gel after a deep assessment?","gu-roctane-gel","running","false","HIDDEN_404","review:prod-gu-roctane-gel","hold","","Review held; Product remains buy/understand page","review_held_product_keeps"
"/reviews/head-coello-pro-2026","review","head-coello-pro-2026","Head Coello Pro 2026 Review","assess Head Coello Pro 2026 as a buying decision","strengths, trade-offs, who should buy/skip","Should I buy Coello Pro 2026 after a deep assessment?","head-coello-pro-2026","padel","false","HIDDEN_404","review:prod-head-coello-pro","keep","","",""
"/reviews/head-extreme-motion-2026","review","head-extreme-motion-2026","Head Extreme Motion 2026 Review","assess Head Extreme Motion 2026 as a buying decision","strengths, trade-offs, who should buy/skip","Should I buy Extreme Motion 2026 after a deep assessment?","head-extreme-motion-2026","padel","false","HIDDEN_404","review:prod-head-extreme-motion-2026","keep","","",""
"/reviews/head-extreme-pro-padel-2026","review","head-extreme-pro-padel-2026","Head Extreme Pro Padel 2026 Review","assess Head Extreme Pro Padel 2026 as a buying decision","strengths, trade-offs, who should buy/skip","Should I buy Extreme Pro 2026 after a deep assessment?","head-extreme-pro-padel-2026","padel","false","HIDDEN_404","review:prod-head-extreme-pro-padel","keep","","",""
"/reviews/head-radical-mp-2023","review","head-radical-mp-2023","Head Radical MP 2023 Review","assess Head Radical MP 2023 as a buying decision","strengths, trade-offs, who should buy/skip","Should I buy Radical MP 2023 after a deep assessment?","head-radical-mp-2023","tennis","false","HIDDEN_404","review:prod-head-radical-mp-2023","keep","","",""
"/reviews/head-revolt-pro-court","review","head-revolt-pro-court","Head Revolt Pro Court Review","assess Head Revolt Pro Court as a buying decision","strengths, trade-offs, who should buy/skip","Should I buy Revolt Pro Court after a deep assessment?","head-revolt-pro-court","padel","false","HIDDEN_404","review:prod-head-revolt-pro-court","keep","","",""
"/reviews/head-speed-mp-2024","review","head-speed-mp-2024","Head Speed MP 2024 Review","assess Head Speed MP 2024 as a buying decision","strengths, trade-offs, who should buy/skip","Should I buy Speed MP 2024 after a deep assessment?","head-speed-mp-2024","tennis","false","HIDDEN_404","review:prod-head-speed-mp-2024","keep","","",""
"/reviews/head-speed-mp-2026","review","head-speed-mp-2026","Head Speed MP 2026 Review","assess Head Speed MP 2026 as a buying decision","strengths, trade-offs, who should buy/skip","Should I buy Speed MP 2026 after a deep assessment?","head-speed-mp-2026","tennis","false","HIDDEN_404","review:prod-head-speed-mp-2026","keep","","",""
"/reviews/head-sprint-pro-4-padel","review","head-sprint-pro-4-padel","Head Sprint Pro 4.0 Padel Review","assess Head Sprint Pro 4.0 Padel as a buying decision","strengths, trade-offs, who should buy/skip","Should I buy Sprint Pro 4.0 Padel after a deep assessment?","head-sprint-pro-4-padel","padel","false","HIDDEN_404","review:prod-head-sprint-pro-4-padel","keep","","",""
"/reviews/high5-energy-gel","review","high5-energy-gel","High5 Energy Gel Review","assess High5 Energy Gel as a buying decision","strengths, trade-offs, who should buy/skip","Should I buy Energy Gel after a deep assessment?","high5-energy-gel","running","true","INDEXABLE","review:prod-high5-energy-gel","keep","","","paired_with_product"
"/reviews/high5-zero","review","high5-zero","High5 ZERO Electrolyte Tablets Review","assess High5 ZERO Electrolyte Tablets as a buying decision","strengths, trade-offs, who should buy/skip","Should I buy ZERO after a deep assessment?","high5-zero","running","true","INDEXABLE","review:prod-high5-zero","keep","","","paired_with_product"
"/reviews/hoka-arahi-7","review","hoka-arahi-7","HOKA Arahi 7 Review","assess HOKA Arahi 7 as a buying decision","strengths, trade-offs, who should buy/skip","Should I buy Arahi 7 after a deep assessment?","hoka-arahi-7","running","false","HIDDEN_404","review:prod-arahi-7","hold","","Review held; Product remains buy/understand page","review_held_product_keeps"
"/reviews/hoka-bondi-8","review","hoka-bondi-8","HOKA Bondi 8 Review","assess HOKA Bondi 8 as a buying decision","strengths, trade-offs, who should buy/skip","Should I buy Bondi 8 after a deep assessment?","hoka-bondi-8","running","false","HIDDEN_404","review:prod-bondi-8","hold","","Review held; Product remains buy/understand page","review_held_product_keeps"
"/reviews/hoka-clifton-9","review","hoka-clifton-9","HOKA Clifton 9 Review","assess HOKA Clifton 9 as a buying decision","strengths, trade-offs, who should buy/skip","Should I buy Clifton 9 after a deep assessment?","hoka-clifton-9","running","false","HIDDEN_404","review:prod-clifton-9","hold","","Review held; Product remains buy/understand page","review_held_product_keeps"
"/reviews/hoka-clifton-pro","review","hoka-clifton-pro","HOKA Clifton Pro Review","assess HOKA Clifton Pro as a buying decision","strengths, trade-offs, who should buy/skip","Should I buy Clifton Pro after a deep assessment?","hoka-clifton-pro","running","false","HIDDEN_404","review:prod-clifton-pro","hold","","Review held; Product remains buy/understand page","review_held_product_keeps"
"/reviews/hoka-gaviota-5","review","hoka-gaviota-5","HOKA Gaviota 5 Review","assess HOKA Gaviota 5 as a buying decision","strengths, trade-offs, who should buy/skip","Should I buy Gaviota 5 after a deep assessment?","hoka-gaviota-5","running","false","HIDDEN_404","review:prod-gaviota-5","hold","","Review held; Product remains buy/understand page","review_held_product_keeps"
"/reviews/hoka-mach-6","review","hoka-mach-6","HOKA Mach 6 Review","assess HOKA Mach 6 as a buying decision","strengths, trade-offs, who should buy/skip","Should I buy Mach 6 after a deep assessment?","hoka-mach-6","running","false","HIDDEN_404","review:prod-mach-6","hold","","Review held; Product remains buy/understand page","review_held_product_keeps"
"/reviews/hoka-transport","review","hoka-transport","HOKA Transport Review","assess HOKA Transport as a buying decision","strengths, trade-offs, who should buy/skip","Should I buy Transport after a deep assessment?","hoka-transport","fitness","false","HIDDEN_404","review:prod-hoka-transport","keep","","",""
"/reviews/honey-stinger-organic-energy-gel","review","honey-stinger-organic-energy-gel","Honey Stinger Organic Energy Gel Review","assess Honey Stinger Organic Energy Gel as a buying decision","strengths, trade-offs, who should buy/skip","Should I buy Organic Energy Gel after a deep assessment?","honey-stinger-organic-energy-gel","running","true","INDEXABLE","review:prod-honey-stinger-gel","keep","","","paired_with_product"
"/reviews/horizon-t202-treadmill","review","horizon-t202-treadmill","Horizon Fitness T202 Treadmill Review","assess Horizon Fitness T202 Treadmill as a buying decision","strengths, trade-offs, who should buy/skip","Should I buy T202 Treadmill after a deep assessment?","horizon-t202-treadmill","fitness","false","HIDDEN_404","review:prod-horizon-t202","keep","","",""
"/reviews/huma-gel-original","review","huma-gel-original","Hüma Original Energy Gel Review","assess Hüma Original Energy Gel as a buying decision","strengths, trade-offs, who should buy/skip","Should I buy Original Gel after a deep assessment?","huma-gel-original","running","false","HIDDEN_404","review:prod-huma-gel-original","hold","","Review held; Product remains buy/understand page","review_held_product_keeps"
"/reviews/hydrapak-contour-2l","review","hydrapak-contour-2l","HydraPak Contour 2L Soft Reservoir Review","assess HydraPak Contour 2L Soft Reservoir as a buying decision","strengths, trade-offs, who should buy/skip","Should I buy Contour 2L after a deep assessment?","hydrapak-contour-2l","running","false","HIDDEN_404","review:prod-hydrapak-contour-2l","hold","","Review held; Product remains buy/understand page","review_held_product_keeps"
"/reviews/hydrapak-skyflask-speed-500","review","hydrapak-skyflask-speed-500","HydraPak SkyFlask Speed 500 Review","assess HydraPak SkyFlask Speed 500 as a buying decision","strengths, trade-offs, who should buy/skip","Should I buy SkyFlask Speed 500 after a deep assessment?","hydrapak-skyflask-speed-500","running","false","HIDDEN_404","review:prod-hydrapak-skyflask-speed-500","hold","","Review held; Product remains buy/understand page","review_held_product_keeps"
"/reviews/hydrapak-softflask-250","review","hydrapak-softflask-250","HydraPak SoftFlask 250 ml Review","assess HydraPak SoftFlask 250 ml as a buying decision","strengths, trade-offs, who should buy/skip","Should I buy SoftFlask 250 after a deep assessment?","hydrapak-softflask-250","running","true","INDEXABLE","review:prod-hydrapak-softflask-250","keep","","","paired_with_product"
"/reviews/hydrapak-softflask-500","review","hydrapak-softflask-500","HydraPak SoftFlask 500 ml Review","assess HydraPak SoftFlask 500 ml as a buying decision","strengths, trade-offs, who should buy/skip","Should I buy SoftFlask 500 after a deep assessment?","hydrapak-softflask-500","running","false","HIDDEN_404","review:prod-hydrapak-softflask-500","hold","","Review held; Product remains buy/understand page","review_held_product_keeps"
"/reviews/hydrapak-softflask-speed-500","review","hydrapak-softflask-speed-500","HydraPak SoftFlask Speed 500 Review","assess HydraPak SoftFlask Speed 500 as a buying decision","strengths, trade-offs, who should buy/skip","Should I buy SoftFlask Speed 500 after a deep assessment?","hydrapak-softflask-speed-500","running","false","HIDDEN_404","review:prod-hydrapak-softflask-speed-500","hold","","Review held; Product remains buy/understand page","review_held_product_keeps"
"/reviews/hydrapak-tube-kit","review","hydrapak-tube-kit","HydraPak Tube Kit Review","assess HydraPak Tube Kit as a buying decision","strengths, trade-offs, who should buy/skip","Should I buy Tube Kit after a deep assessment?","hydrapak-tube-kit","running","false","HIDDEN_404","review:prod-hydrapak-tube-kit","hold","","Review held; Product remains buy/understand page","review_held_product_keeps"
"/reviews/hydrow-wave","review","hydrow-wave","Hydrow Wave Review","assess Hydrow Wave as a buying decision","strengths, trade-offs, who should buy/skip","Should I buy Wave after a deep assessment?","hydrow-wave","fitness","false","HIDDEN_404","review:prod-hydrow-wave","keep","","",""
"/reviews/hyperice-hypervolt-2","review","hyperice-hypervolt-2","Hyperice Hypervolt 2 Review","assess Hyperice Hypervolt 2 as a buying decision","strengths, trade-offs, who should buy/skip","Should I buy Hypervolt 2 after a deep assessment?","hyperice-hypervolt-2","running","false","HIDDEN_404","review:prod-hypervolt-2","hold","","Review held; Product remains buy/understand page","review_held_product_keeps"
"/reviews/hyperice-hypervolt-go-2","review","hyperice-hypervolt-go-2","Hyperice Hypervolt Go 2 Review","assess Hyperice Hypervolt Go 2 as a buying decision","strengths, trade-offs, who should buy/skip","Should I buy Hypervolt Go 2 after a deep assessment?","hyperice-hypervolt-go-2","running","false","HIDDEN_404","review:prod-hypervolt-go-2","hold","","Review held; Product remains buy/understand page","review_held_product_keeps"
"/reviews/hyperice-normatec-3","review","hyperice-normatec-3","Hyperice Normatec 3 Review","assess Hyperice Normatec 3 as a buying decision","strengths, trade-offs, who should buy/skip","Should I buy Normatec 3 after a deep assessment?","hyperice-normatec-3","running","true","INDEXABLE","review:prod-normatec-3","keep","","","paired_with_product"
"/reviews/hyperice-normatec-go","review","hyperice-normatec-go","Hyperice Normatec Go Review","assess Hyperice Normatec Go as a buying decision","strengths, trade-offs, who should buy/skip","Should I buy Normatec Go after a deep assessment?","hyperice-normatec-go","running","true","INDEXABLE","review:prod-normatec-go","keep","","","paired_with_product"
"/reviews/hyperice-vyper-3","review","hyperice-vyper-3","Hyperice Vyper 3 Review","assess Hyperice Vyper 3 as a buying decision","strengths, trade-offs, who should buy/skip","Should I buy Vyper 3 after a deep assessment?","hyperice-vyper-3","running","false","HIDDEN_404","review:prod-hyperice-vyper-3","hold","","Review held; Product remains buy/understand page","review_held_product_keeps"
"/reviews/injinji-run-midweight","review","injinji-run-midweight","Injinji Run Midweight Review","assess Injinji Run Midweight as a buying decision","strengths, trade-offs, who should buy/skip","Should I buy Run Midweight after a deep assessment?","injinji-run-midweight","running","true","INDEXABLE","review:prod-injinji-run-midweight","keep","","","paired_with_product"
"/reviews/inov8-f-lite-235-v3","review","inov8-f-lite-235-v3","Inov-8 F-Lite 235 v3 Review","assess Inov-8 F-Lite 235 v3 as a buying decision","strengths, trade-offs, who should buy/skip","Should I buy F-Lite 235 v3 after a deep assessment?","inov8-f-lite-235-v3","fitness","false","HIDDEN_404","review:prod-inov8-flite-235-v3","keep","","",""
"/reviews/inov8-f-lite-260","review","inov8-f-lite-260","Inov-8 F-Lite 260 Review","assess Inov-8 F-Lite 260 as a buying decision","strengths, trade-offs, who should buy/skip","Should I buy F-Lite 260 after a deep assessment?","inov8-f-lite-260","fitness","false","HIDDEN_404","review:prod-inov8-flite-260","keep","","",""
"/reviews/inov8-fastlift-360","review","inov8-fastlift-360","Inov-8 Fastlift 360 Review","assess Inov-8 Fastlift 360 as a buying decision","strengths, trade-offs, who should buy/skip","Should I buy Fastlift 360 after a deep assessment?","inov8-fastlift-360","fitness","false","HIDDEN_404","review:prod-inov8-fastlift-360","keep","","",""
"/reviews/inov8-fastlift-400","review","inov8-fastlift-400","Inov-8 Fastlift 400 Review","assess Inov-8 Fastlift 400 as a buying decision","strengths, trade-offs, who should buy/skip","Should I buy Fastlift 400 after a deep assessment?","inov8-fastlift-400","fitness","false","HIDDEN_404","review:prod-inov8-fastlift-400","keep","","",""
"/reviews/inov8-fastlift-power-g-380","review","inov8-fastlift-power-g-380","Inov-8 Fastlift Power G 380 Review","assess Inov-8 Fastlift Power G 380 as a buying decision","strengths, trade-offs, who should buy/skip","Should I buy Fastlift Power G 380 after a deep assessment?","inov8-fastlift-power-g-380","fitness","false","HIDDEN_404","review:prod-inov8-fastlift-power-g-380","keep","","",""
"/reviews/inov8-trailfly-ultra-g-300-max","review","inov8-trailfly-ultra-g-300-max","Inov8 Trailfly Ultra G 300 Max Review","assess Inov8 Trailfly Ultra G 300 Max as a buying decision","strengths, trade-offs, who should buy/skip","Should I buy Trailfly Ultra G 300 Max after a deep assessment?","inov8-trailfly-ultra-g-300-max","running","false","HIDDEN_404","review:prod-trailfly-ultra-g-300-max","hold","","Review held; Product remains buy/understand page","review_held_product_keeps"
"/reviews/janji-multi-short-men","review","janji-multi-short-men","Janji Multi Short 2-in-1 7"" (Men) Review","assess Janji Multi Short 2-in-1 7"" (Men) as a buying decision","strengths, trade-offs, who should buy/skip","Should I buy Multi Short 2-in-1 7"" after a deep assessment?","janji-multi-short-men","running","false","HIDDEN_404","review:prod-janji-multi-short-men","hold","","Review held; Product remains buy/understand page","review_held_product_keeps"
"/reviews/janji-pace-short-women","review","janji-pace-short-women","Janji Pace Short 5"" (Women) Review","assess Janji Pace Short 5"" (Women) as a buying decision","strengths, trade-offs, who should buy/skip","Should I buy Pace Short 5"" after a deep assessment?","janji-pace-short-women","running","false","HIDDEN_404","review:prod-janji-pace-short-women","hold","","Review held; Product remains buy/understand page","review_held_product_keeps"
"/reviews/janji-rainrunner-men","review","janji-rainrunner-men","Janji Rainrunner Jacket (Men) Review","assess Janji Rainrunner Jacket (Men) as a buying decision","strengths, trade-offs, who should buy/skip","Should I buy Rainrunner Jacket after a deep assessment?","janji-rainrunner-men","running","false","HIDDEN_404","review:prod-janji-rainrunner-unisex","hold","","Review held; Product remains buy/understand page","review_held_product_keeps"
"/reviews/janji-run-tee-men","review","janji-run-tee-men","Janji Run Tee / AFO Tee (Men) Review","assess Janji Run Tee / AFO Tee (Men) as a buying decision","strengths, trade-offs, who should buy/skip","Should I buy Run Tee after a deep assessment?","janji-run-tee-men","running","false","HIDDEN_404","review:prod-janji-run-tee-men","hold","","Review held; Product remains buy/understand page","review_held_product_keeps"
"/reviews/joma-slam-lady","review","joma-slam-lady","Joma Slam Lady Review","assess Joma Slam Lady as a buying decision","strengths, trade-offs, who should buy/skip","Should I buy Slam Lady after a deep assessment?","joma-slam-lady","padel","false","HIDDEN_404","review:prod-joma-slam-lady","keep","","",""
"/reviews/joma-spin-men","review","joma-spin-men","Joma Spin Men Review","assess Joma Spin Men as a buying decision","strengths, trade-offs, who should buy/skip","Should I buy Spin Men after a deep assessment?","joma-spin-men","padel","false","HIDDEN_404","review:prod-joma-spin-men","keep","","",""
"/reviews/joma-t-slam","review","joma-t-slam","Joma T.Slam Review","assess Joma T.Slam as a buying decision","strengths, trade-offs, who should buy/skip","Should I buy T.Slam after a deep assessment?","joma-t-slam","padel","false","HIDDEN_404","review:prod-joma-t-slam","keep","","",""
"/reviews/julbo-aerolite","review","julbo-aerolite","Julbo Aerolite Review","assess Julbo Aerolite as a buying decision","strengths, trade-offs, who should buy/skip","Should I buy Aerolite after a deep assessment?","julbo-aerolite","running","false","HIDDEN_404","review:prod-julbo-aerolite","hold","","Review held; Product remains buy/understand page","review_held_product_keeps"
"/reviews/julbo-rush","review","julbo-rush","Julbo Rush Review","assess Julbo Rush as a buying decision","strengths, trade-offs, who should buy/skip","Should I buy Rush after a deep assessment?","julbo-rush","running","true","INDEXABLE","review:prod-julbo-rush","keep","","","paired_with_product"
"/reviews/julbo-ultimate","review","julbo-ultimate","Julbo Ultimate Review","assess Julbo Ultimate as a buying decision","strengths, trade-offs, who should buy/skip","Should I buy Ultimate after a deep assessment?","julbo-ultimate","running","false","HIDDEN_404","review:prod-julbo-ultimate","hold","","Review held; Product remains buy/understand page","review_held_product_keeps"
"/reviews/k-swiss-hypercourt-express-2","review","k-swiss-hypercourt-express-2","K-Swiss Hypercourt Express 2 Review","assess K-Swiss Hypercourt Express 2 as a buying decision","strengths, trade-offs, who should buy/skip","Should I buy Hypercourt Express 2 after a deep assessment?","k-swiss-hypercourt-express-2","tennis","false","HIDDEN_404","review:prod-kswiss-hypercourt-express-2","keep","","",""
"/reviews/k-swiss-ultrashot-3","review","k-swiss-ultrashot-3","K-Swiss Ultrashot 3 Review","assess K-Swiss Ultrashot 3 as a buying decision","strengths, trade-offs, who should buy/skip","Should I buy Ultrashot 3 after a deep assessment?","k-swiss-ultrashot-3","tennis","false","HIDDEN_404","review:prod-kswiss-ultrashot-3","keep","","",""
"/reviews/kiprun-running-belt","review","kiprun-running-belt","Kiprun Running Belt Review","assess Kiprun Running Belt as a buying decision","strengths, trade-offs, who should buy/skip","Should I buy Running Belt after a deep assessment?","kiprun-running-belt","running","true","INDEXABLE","review:prod-kiprun-running-belt","keep","","","paired_with_product"
"/reviews/kuikma-pr-soft-500","review","kuikma-pr-soft-500","Kuikma PR Soft 500 Review","assess Kuikma PR Soft 500 as a buying decision","strengths, trade-offs, who should buy/skip","Should I buy PR Soft 500 after a deep assessment?","kuikma-pr-soft-500","padel","false","HIDDEN_404","review:prod-kuikma-pr-soft-500","keep","","",""
"/reviews/kuikma-ps-990","review","kuikma-ps-990","Kuikma PS 990 Review","assess Kuikma PS 990 as a buying decision","strengths, trade-offs, who should buy/skip","Should I buy PS 990 after a deep assessment?","kuikma-ps-990","padel","false","HIDDEN_404","review:prod-kuikma-ps-990","keep","","",""
"/reviews/ledlenser-neo9r","review","ledlenser-neo9r","Ledlenser NEO9R Review","assess Ledlenser NEO9R as a buying decision","strengths, trade-offs, who should buy/skip","Should I buy NEO9R after a deep assessment?","ledlenser-neo9r","running","false","HIDDEN_404","review:prod-ledlenser-neo9r","hold","","Review held; Product remains buy/understand page","review_held_product_keeps"
"/reviews/lok-maxx-flow","review","lok-maxx-flow","Lok Maxx Flow Review","assess Lok Maxx Flow as a buying decision","strengths, trade-offs, who should buy/skip","Should I buy Maxx Flow after a deep assessment?","lok-maxx-flow","padel","false","HIDDEN_404","review:prod-lok-maxx-flow","keep","","",""
"/reviews/lululemon-strongfeel","review","lululemon-strongfeel","lululemon Strongfeel Training Shoe Review","assess lululemon Strongfeel Training Shoe as a buying decision","strengths, trade-offs, who should buy/skip","Should I buy Strongfeel after a deep assessment?","lululemon-strongfeel","fitness","false","HIDDEN_404","review:prod-lululemon-strongfeel","keep","","",""
"/reviews/maurten-drink-mix-160","review","maurten-drink-mix-160","Maurten Drink Mix 160 Review","assess Maurten Drink Mix 160 as a buying decision","strengths, trade-offs, who should buy/skip","Should I buy Drink Mix 160 after a deep assessment?","maurten-drink-mix-160","running","false","HIDDEN_404","review:prod-maurten-drink-mix-160","hold","","Review held; Product remains buy/understand page","review_held_product_keeps"
"/reviews/maurten-drink-mix-320","review","maurten-drink-mix-320","Maurten Drink Mix 320 Review","assess Maurten Drink Mix 320 as a buying decision","strengths, trade-offs, who should buy/skip","Should I buy Drink Mix 320 after a deep assessment?","maurten-drink-mix-320","running","false","HIDDEN_404","review:prod-maurten-drink-mix-320","hold","","Review held; Product remains buy/understand page","review_held_product_keeps"
"/reviews/maurten-gel-100","review","maurten-gel-100","Maurten Gel 100 Review","assess Maurten Gel 100 as a buying decision","strengths, trade-offs, who should buy/skip","Should I buy Gel 100 after a deep assessment?","maurten-gel-100","running","false","HIDDEN_404","review:prod-maurten-gel-100","hold","","Review held; Product remains buy/understand page","review_held_product_keeps"
"/reviews/maurten-gel-100-caf-100","review","maurten-gel-100-caf-100","Maurten Gel 100 Caf 100 Review","assess Maurten Gel 100 Caf 100 as a buying decision","strengths, trade-offs, who should buy/skip","Should I buy Gel 100 Caf 100 after a deep assessment?","maurten-gel-100-caf-100","running","false","HIDDEN_404","review:prod-maurten-gel-100-caf","hold","","Review held; Product remains buy/understand page","review_held_product_keeps"
"/reviews/maurten-gel-160","review","maurten-gel-160","Maurten Gel 160 Review","assess Maurten Gel 160 as a buying decision","strengths, trade-offs, who should buy/skip","Should I buy Gel 160 after a deep assessment?","maurten-gel-160","running","true","INDEXABLE","review:prod-maurten-gel-160","keep","","","paired_with_product"
"/reviews/mirafit-air-bike","review","mirafit-air-bike","Mirafit Air Bike Review","assess Mirafit Air Bike as a buying decision","strengths, trade-offs, who should buy/skip","Should I buy Air Bike after a deep assessment?","mirafit-air-bike","fitness","false","HIDDEN_404","review:prod-mirafit-air-bike","keep","","",""
"/reviews/mirafit-battle-rope","review","mirafit-battle-rope","Mirafit Battle Rope Review","assess Mirafit Battle Rope as a buying decision","strengths, trade-offs, who should buy/skip","Should I buy Battle Rope after a deep assessment?","mirafit-battle-rope","fitness","false","HIDDEN_404","review:prod-mirafit-battle-rope","keep","","",""
"/reviews/mirafit-bumper-plate-set","review","mirafit-bumper-plate-set","Mirafit Bumper Plate Set Review","assess Mirafit Bumper Plate Set as a buying decision","strengths, trade-offs, who should buy/skip","Should I buy Bumper Plate Set after a deep assessment?","mirafit-bumper-plate-set","fitness","false","HIDDEN_404","review:prod-mirafit-bumper-set","keep","","",""
"/reviews/mirafit-cast-iron-kettlebell","review","mirafit-cast-iron-kettlebell","Mirafit Cast Iron Kettlebell Review","assess Mirafit Cast Iron Kettlebell as a buying decision","strengths, trade-offs, who should buy/skip","Should I buy Cast Iron Kettlebell after a deep assessment?","mirafit-cast-iron-kettlebell","fitness","false","HIDDEN_404","review:prod-mirafit-kb","keep","","",""
"/reviews/mirafit-fid-adjustable-bench","review","mirafit-fid-adjustable-bench","Mirafit FID Adjustable Bench Review","assess Mirafit FID Adjustable Bench as a buying decision","strengths, trade-offs, who should buy/skip","Should I buy FID Adjustable Bench after a deep assessment?","mirafit-fid-adjustable-bench","fitness","false","HIDDEN_404","review:prod-mirafit-fid-bench","keep","","",""
"/reviews/mirafit-folding-rower","review","mirafit-folding-rower","Mirafit Folding Rower Review","assess Mirafit Folding Rower as a buying decision","strengths, trade-offs, who should buy/skip","Should I buy Folding Rower after a deep assessment?","mirafit-folding-rower","fitness","false","HIDDEN_404","review:prod-mirafit-folding-rower","keep","","",""
"/reviews/mirafit-folding-treadmill","review","mirafit-folding-treadmill","Mirafit Folding Treadmill Review","assess Mirafit Folding Treadmill as a buying decision","strengths, trade-offs, who should buy/skip","Should I buy Folding Treadmill after a deep assessment?","mirafit-folding-treadmill","fitness","false","HIDDEN_404","review:prod-mirafit-treadmill","hold","","Review held; Product remains buy/understand page","review_held_product_keeps"
"/reviews/mirafit-gym-mats","review","mirafit-gym-mats","Mirafit Gym Mats Review","assess Mirafit Gym Mats as a buying decision","strengths, trade-offs, who should buy/skip","Should I buy Gym Mats after a deep assessment?","mirafit-gym-mats","fitness","false","HIDDEN_404","review:prod-mirafit-flooring","keep","","",""
"/reviews/mirafit-m3-power-rack","review","mirafit-m3-power-rack","Mirafit M3 Power Rack Review","assess Mirafit M3 Power Rack as a buying decision","strengths, trade-offs, who should buy/skip","Should I buy M3 Power Rack after a deep assessment?","mirafit-m3-power-rack","fitness","false","HIDDEN_404","review:prod-mirafit-m3","keep","","",""
"/reviews/mirafit-m4-cage","review","mirafit-m4-cage","Mirafit M4 Power Cage Review","assess Mirafit M4 Power Cage as a buying decision","strengths, trade-offs, who should buy/skip","Should I buy M4 Cage after a deep assessment?","mirafit-m4-cage","fitness","false","HIDDEN_404","review:prod-mirafit-m4","keep","","",""
"/reviews/mirafit-magnetic-rower","review","mirafit-magnetic-rower","Mirafit Magnetic Rower Review","assess Mirafit Magnetic Rower as a buying decision","strengths, trade-offs, who should buy/skip","Should I buy Magnetic Rower after a deep assessment?","mirafit-magnetic-rower","fitness","false","HIDDEN_404","review:prod-mirafit-rower","keep","","",""
"/reviews/mirafit-olympic-barbell","review","mirafit-olympic-barbell","Mirafit Olympic Barbell Review","assess Mirafit Olympic Barbell as a buying decision","strengths, trade-offs, who should buy/skip","Should I buy Olympic Barbell after a deep assessment?","mirafit-olympic-barbell","fitness","false","HIDDEN_404","review:prod-mirafit-olympic-bar","keep","","",""
"/reviews/mirafit-wall-pull-up-bar","review","mirafit-wall-pull-up-bar","Mirafit Wall Pull-Up Bar Review","assess Mirafit Wall Pull-Up Bar as a buying decision","strengths, trade-offs, who should buy/skip","Should I buy Wall Pull-Up Bar after a deep assessment?","mirafit-wall-pull-up-bar","fitness","false","HIDDEN_404","review:prod-mirafit-pullup","keep","","",""
"/reviews/mirafit-weighted-vest","review","mirafit-weighted-vest","Mirafit Weighted Vest Review","assess Mirafit Weighted Vest as a buying decision","strengths, trade-offs, who should buy/skip","Should I buy Weighted Vest after a deep assessment?","mirafit-weighted-vest","fitness","false","HIDDEN_404","review:prod-mirafit-vest","keep","","",""
"/reviews/mizuno-wave-rebellion-pro-3","review","mizuno-wave-rebellion-pro-3","Mizuno Wave Rebellion Pro 3 Review","assess Mizuno Wave Rebellion Pro 3 as a buying decision","strengths, trade-offs, who should buy/skip","Should I buy Wave Rebellion Pro 3 after a deep assessment?","mizuno-wave-rebellion-pro-3","running","false","HIDDEN_404","review:prod-wave-rebellion-pro-3","hold","","Review held; Product remains buy/understand page","review_held_product_keeps"
"/reviews/mizuno-wave-rider-28","review","mizuno-wave-rider-28","Mizuno Wave Rider 28 Review","assess Mizuno Wave Rider 28 as a buying decision","strengths, trade-offs, who should buy/skip","Should I buy Wave Rider 28 after a deep assessment?","mizuno-wave-rider-28","running","false","HIDDEN_404","review:prod-wave-rider-28","hold","","Review held; Product remains buy/understand page","review_held_product_keeps"
"/reviews/naak-ultra-energy-bar","review","naak-ultra-energy-bar","Näak Ultra Energy Bar Review","assess Näak Ultra Energy Bar as a buying decision","strengths, trade-offs, who should buy/skip","Should I buy Ultra Energy Bar after a deep assessment?","naak-ultra-energy-bar","running","true","INDEXABLE","review:prod-naak-ultra-energy-bar","keep","","","paired_with_product"
"/reviews/naak-ultra-energy-drink-mix","review","naak-ultra-energy-drink-mix","Näak Ultra Energy Drink Mix Review","assess Näak Ultra Energy Drink Mix as a buying decision","strengths, trade-offs, who should buy/skip","Should I buy Ultra Energy Drink Mix after a deep assessment?","naak-ultra-energy-drink-mix","running","false","HIDDEN_404","review:prod-naak-ultra-energy-drink","hold","","Review held; Product remains buy/understand page","review_held_product_keeps"
"/reviews/naked-running-band","review","naked-running-band","Naked Running Band Review","assess Naked Running Band as a buying decision","strengths, trade-offs, who should buy/skip","Should I buy Running Band after a deep assessment?","naked-running-band","running","false","HIDDEN_404","review:prod-naked-running-band","hold","","Review held; Product remains buy/understand page","review_held_product_keeps"
"/reviews/nathan-exoshot-2","review","nathan-exoshot-2","Nathan ExoShot 2 Review","assess Nathan ExoShot 2 as a buying decision","strengths, trade-offs, who should buy/skip","Should I buy ExoShot 2 after a deep assessment?","nathan-exoshot-2","running","false","HIDDEN_404","review:prod-nathan-exoshot","hold","","Review held; Product remains buy/understand page","review_held_product_keeps"
"/reviews/nathan-lightbender-rx","review","nathan-lightbender-rx","Nathan LightBender RX Armband Light Review","assess Nathan LightBender RX Armband Light as a buying decision","strengths, trade-offs, who should buy/skip","Should I buy LightBender RX after a deep assessment?","nathan-lightbender-rx","running","true","INDEXABLE","review:prod-nathan-lightbender","keep","","","paired_with_product"
"/reviews/nathan-mirage-pak","review","nathan-mirage-pak","Nathan Mirage Pak Review","assess Nathan Mirage Pak as a buying decision","strengths, trade-offs, who should buy/skip","Should I buy Mirage Pak after a deep assessment?","nathan-mirage-pak","running","false","HIDDEN_404","review:prod-nathan-mirage","hold","","Review held; Product remains buy/understand page","review_held_product_keeps"
"/reviews/nathan-peak-hydration-waist-pack","review","nathan-peak-hydration-waist-pack","Nathan Peak Hydration Waist Pack Review","assess Nathan Peak Hydration Waist Pack as a buying decision","strengths, trade-offs, who should buy/skip","Should I buy Peak after a deep assessment?","nathan-peak-hydration-waist-pack","running","true","INDEXABLE","review:prod-nathan-peak","keep","","","paired_with_product"
"/reviews/nathan-pinnacle-12","review","nathan-pinnacle-12","Nathan Pinnacle 12L Review","assess Nathan Pinnacle 12L as a buying decision","strengths, trade-offs, who should buy/skip","Should I buy Pinnacle 12 after a deep assessment?","nathan-pinnacle-12","running","false","HIDDEN_404","review:prod-nathan-pinnacle-12","hold","","Review held; Product remains buy/understand page","review_held_product_keeps"
"/reviews/nathan-softflask-18oz","review","nathan-softflask-18oz","Nathan SoftFlask 18oz Review","assess Nathan SoftFlask 18oz as a buying decision","strengths, trade-offs, who should buy/skip","Should I buy SoftFlask 18oz after a deep assessment?","nathan-softflask-18oz","running","false","HIDDEN_404","review:prod-nathan-softflask-18oz","hold","","Review held; Product remains buy/understand page","review_held_product_keeps"
"/reviews/nathan-speeddraw-plus-insulated-18oz","review","nathan-speeddraw-plus-insulated-18oz","Nathan SpeedDraw Plus Insulated 18oz Review","assess Nathan SpeedDraw Plus Insulated 18oz as a buying decision","strengths, trade-offs, who should buy/skip","Should I buy SpeedDraw Plus Insulated after a deep assessment?","nathan-speeddraw-plus-insulated-18oz","running","false","HIDDEN_404","review:prod-nathan-speeddraw-insulated","hold","","Review held; Product remains buy/understand page","review_held_product_keeps"
"/reviews/nathan-streak-reflective-vest","review","nathan-streak-reflective-vest","Nathan Streak Reflective Vest Review","assess Nathan Streak Reflective Vest as a buying decision","strengths, trade-offs, who should buy/skip","Should I buy Streak Reflective Vest after a deep assessment?","nathan-streak-reflective-vest","running","true","INDEXABLE","review:prod-nathan-reflective-vest","keep","","","paired_with_product"
"/reviews/nathan-vaporair-2","review","nathan-vaporair-2","Nathan VaporAir 2 Review","assess Nathan VaporAir 2 as a buying decision","strengths, trade-offs, who should buy/skip","Should I buy VaporAir 2 after a deep assessment?","nathan-vaporair-2","running","false","HIDDEN_404","review:prod-nathan-vaporair-2","hold","","Review held; Product remains buy/understand page","review_held_product_keeps"
"/reviews/nathan-vaporair-4","review","nathan-vaporair-4","Nathan VaporAir 4.0 8L Review","assess Nathan VaporAir 4.0 8L as a buying decision","strengths, trade-offs, who should buy/skip","Should I buy VaporAir 4.0 after a deep assessment?","nathan-vaporair-4","running","false","HIDDEN_404","review:prod-nathan-vaporair-4","hold","","Review held; Product remains buy/understand page","review_held_product_keeps"
"/reviews/nathan-zippered-stash","review","nathan-zippered-stash","Nathan Zippered Stash Review","assess Nathan Zippered Stash / Phone Pouch as a buying decision","strengths, trade-offs, who should buy/skip","Should I buy Zippered Stash after a deep assessment?","nathan-zippered-stash","running","true","INDEXABLE","review:prod-nathan-zippered-stash","keep","","","paired_with_product"
"/reviews/nathan-zipster-lite","review","nathan-zipster-lite","Nathan ZipSter Lite Review","assess Nathan ZipSter Lite as a buying decision","strengths, trade-offs, who should buy/skip","Should I buy ZipSter Lite after a deep assessment?","nathan-zipster-lite","running","false","HIDDEN_404","review:prod-nathan-zipster-lite","hold","","Review held; Product remains buy/understand page","review_held_product_keeps"
"/reviews/nb-minimus-tr","review","nb-minimus-tr","New Balance Minimus TR Review","assess New Balance Minimus TR as a buying decision","strengths, trade-offs, who should buy/skip","Should I buy Minimus TR after a deep assessment?","nb-minimus-tr","fitness","false","HIDDEN_404","review:prod-nb-minimus-tr","keep","","",""
"/reviews/nb-rc-essential-short-men","review","nb-rc-essential-short-men","New Balance RC Essential Short (Men) Review","assess New Balance RC Essential Short (Men) as a buying decision","strengths, trade-offs, who should buy/skip","Should I buy RC Essential Short after a deep assessment?","nb-rc-essential-short-men","running","false","HIDDEN_404","review:prod-nb-rc-essential-short-men","hold","","Review held; Product remains buy/understand page","review_held_product_keeps"
"/reviews/neversecond-c30-gel","review","neversecond-c30-gel","Neversecond C30 Energy Gel Review","assess Neversecond C30 Energy Gel as a buying decision","strengths, trade-offs, who should buy/skip","Should I buy C30 Gel after a deep assessment?","neversecond-c30-gel","running","false","HIDDEN_404","review:prod-neversecond-c30-gel","hold","","Review held; Product remains buy/understand page","review_held_product_keeps"
"/reviews/neversecond-c30-sports-drink","review","neversecond-c30-sports-drink","Neversecond C30 Sports Drink Review","assess Neversecond C30 Sports Drink as a buying decision","strengths, trade-offs, who should buy/skip","Should I buy C30 Sports Drink after a deep assessment?","neversecond-c30-sports-drink","running","false","HIDDEN_404","review:prod-neversecond-c30-drink","hold","","Review held; Product remains buy/understand page","review_held_product_keeps"
"/reviews/new-balance-fresh-foam-x-1080-v13","review","new-balance-fresh-foam-x-1080-v13","New Balance Fresh Foam X 1080 v13 Review","assess New Balance Fresh Foam X 1080 v13 as a buying decision","strengths, trade-offs, who should buy/skip","Should I buy Fresh Foam X 1080 v13 after a deep assessment?","new-balance-fresh-foam-x-1080-v13","running","false","HIDDEN_404","review:prod-1080-v13","hold","","Review held; Product remains buy/understand page","review_held_product_keeps"
"/reviews/new-balance-fresh-foam-x-1080-v14","review","new-balance-fresh-foam-x-1080-v14","New Balance Fresh Foam X 1080 v14 Review","assess New Balance Fresh Foam X 1080 v14 as a buying decision","strengths, trade-offs, who should buy/skip","Should I buy Fresh Foam X 1080 v14 after a deep assessment?","new-balance-fresh-foam-x-1080-v14","running","false","HIDDEN_404","review:prod-1080-v14","hold","","Review held; Product remains buy/understand page","review_held_product_keeps"
"/reviews/new-balance-fresh-foam-x-860-v14","review","new-balance-fresh-foam-x-860-v14","New Balance Fresh Foam X 860 v14 Review","assess New Balance Fresh Foam X 860 v14 as a buying decision","strengths, trade-offs, who should buy/skip","Should I buy Fresh Foam X 860 v14 after a deep assessment?","new-balance-fresh-foam-x-860-v14","running","true","INDEXABLE","review:prod-860-v14","keep","","","paired_with_product"
"/reviews/new-balance-fresh-foam-x-hierro-v9","review","new-balance-fresh-foam-x-hierro-v9","New Balance Fresh Foam X Hierro v9 Review","assess New Balance Fresh Foam X Hierro v9 as a buying decision","strengths, trade-offs, who should buy/skip","Should I buy Fresh Foam X Hierro v9 after a deep assessment?","new-balance-fresh-foam-x-hierro-v9","running","false","HIDDEN_404","review:prod-hierro-v9","hold","","Review held; Product remains buy/understand page","review_held_product_keeps"
"/reviews/new-balance-fuelcell-rebel-v4","review","new-balance-fuelcell-rebel-v4","New Balance FuelCell Rebel v4 Review","assess New Balance FuelCell Rebel v4 as a buying decision","strengths, trade-offs, who should buy/skip","Should I buy FuelCell Rebel v4 after a deep assessment?","new-balance-fuelcell-rebel-v4","running","true","INDEXABLE","review:prod-rebel-4","keep","","",""
"/reviews/new-balance-fuelcell-rebel-v5","review","new-balance-fuelcell-rebel-v5","New Balance FuelCell Rebel v5 Review","assess New Balance FuelCell Rebel v5 as a buying decision","strengths, trade-offs, who should buy/skip","Should I buy FuelCell Rebel v5 after a deep assessment?","new-balance-fuelcell-rebel-v5","running","false","HIDDEN_404","review:prod-rebel-v5","hold","","Review held; Product remains buy/understand page","review_held_product_keeps"
"/reviews/new-balance-fuelcell-supercomp-elite-v4","review","new-balance-fuelcell-supercomp-elite-v4","New Balance FuelCell SuperComp Elite v4 Review","assess New Balance FuelCell SuperComp Elite v4 as a buying decision","strengths, trade-offs, who should buy/skip","Should I buy FuelCell SuperComp Elite v4 after a deep assessment?","new-balance-fuelcell-supercomp-elite-v4","running","false","HIDDEN_404","review:prod-sc-elite-v4","hold","","Review held; Product remains buy/understand page","review_held_product_keeps"
"/reviews/new-balance-fuelcell-supercomp-trainer-v3","review","new-balance-fuelcell-supercomp-trainer-v3","New Balance FuelCell SuperComp Trainer v3 Review","assess New Balance FuelCell SuperComp Trainer v3 as a buying decision","strengths, trade-offs, who should buy/skip","Should I buy FuelCell SuperComp Trainer v3 after a deep assessment?","new-balance-fuelcell-supercomp-trainer-v3","running","false","HIDDEN_404","review:prod-sc-trainer-v3","hold","","Review held; Product remains buy/understand page","review_held_product_keeps"
"/reviews/nike-aerobill-cap","review","nike-aerobill-cap","Nike AeroBill / Dri-FIT Advantage Cap Review","assess Nike AeroBill / Dri-FIT Advantage Cap as a buying decision","strengths, trade-offs, who should buy/skip","Should I buy AeroBill / Dri-FIT Advantage Cap after a deep assessment?","nike-aerobill-cap","running","false","HIDDEN_404","review:prod-nike-aerobill-cap","hold","","Review held; Product remains buy/understand page","review_held_product_keeps"
"/reviews/nike-aeroswift-singlet-men","review","nike-aeroswift-singlet-men","Nike AeroSwift Singlet (Men) Review","assess Nike AeroSwift Singlet (Men) as a buying decision","strengths, trade-offs, who should buy/skip","Should I buy AeroSwift Singlet after a deep assessment?","nike-aeroswift-singlet-men","running","false","HIDDEN_404","review:prod-nike-aeroswift-singlet-men","hold","","Review held; Product remains buy/understand page","review_held_product_keeps"
"/reviews/nike-court-vapor-pro-3","review","nike-court-vapor-pro-3","Nike Court Air Zoom Vapor Pro 3 Review","assess Nike Court Air Zoom Vapor Pro 3 as a buying decision","strengths, trade-offs, who should buy/skip","Should I buy Court Vapor Pro 3 after a deep assessment?","nike-court-vapor-pro-3","tennis","false","HIDDEN_404","review:prod-nike-court-vapor-pro-3","keep","","",""
"/reviews/nike-dri-fit-miler-men","review","nike-dri-fit-miler-men","Nike Dri-FIT Miler Tee (Men) Review","assess Nike Dri-FIT Miler Tee (Men) as a buying decision","strengths, trade-offs, who should buy/skip","Should I buy Dri-FIT Miler after a deep assessment?","nike-dri-fit-miler-men","running","false","HIDDEN_404","review:prod-nike-dri-fit-miler-men","hold","","Review held; Product remains buy/understand page","review_held_product_keeps"
"/reviews/nike-dri-fit-miler-women","review","nike-dri-fit-miler-women","Nike Dri-FIT Miler Tee (Women) Review","assess Nike Dri-FIT Miler Tee (Women) as a buying decision","strengths, trade-offs, who should buy/skip","Should I buy Dri-FIT Miler after a deep assessment?","nike-dri-fit-miler-women","running","false","HIDDEN_404","review:prod-nike-dri-fit-miler-women","hold","","Review held; Product remains buy/understand page","review_held_product_keeps"
"/reviews/nike-dri-fit-stride-short","review","nike-dri-fit-stride-short","Nike Dri-FIT Stride Short Review","assess Nike Dri-FIT Stride Short as a buying decision","strengths, trade-offs, who should buy/skip","Should I buy Dri-FIT Stride Short after a deep assessment?","nike-dri-fit-stride-short","running","false","HIDDEN_404","review:prod-nike-stride-short","hold","","Review held; Product remains buy/understand page","review_held_product_keeps"
"/reviews/nike-fast-tight-men","review","nike-fast-tight-men","Nike Dri-FIT Fast Tights (Men) Review","assess Nike Dri-FIT Fast Tights (Men) as a buying decision","strengths, trade-offs, who should buy/skip","Should I buy Dri-FIT Fast Tights after a deep assessment?","nike-fast-tight-men","running","false","HIDDEN_404","review:prod-nike-fast-tight-men","hold","","Review held; Product remains buy/understand page","review_held_product_keeps"
"/reviews/nike-free-metcon-6","review","nike-free-metcon-6","Nike Free Metcon 6 Review","assess Nike Free Metcon 6 as a buying decision","strengths, trade-offs, who should buy/skip","Should I buy Free Metcon 6 after a deep assessment?","nike-free-metcon-6","fitness","false","HIDDEN_404","review:prod-nike-free-metcon-6","keep","","",""
"/reviews/nike-impossibly-light-men","review","nike-impossibly-light-men","Nike Impossibly Light / Windrunner Light Shell (Men) Review","assess Nike Impossibly Light / Windrunner Light Shell (Men) as a buying decision","strengths, trade-offs, who should buy/skip","Should I buy Impossibly Light Jacket after a deep assessment?","nike-impossibly-light-men","running","false","HIDDEN_404","review:prod-nike-impossibly-light-men","hold","","Review held; Product remains buy/understand page","review_held_product_keeps"
"/reviews/nike-invincible-3","review","nike-invincible-3","Nike Invincible 3 Review","assess Nike Invincible 3 as a buying decision","strengths, trade-offs, who should buy/skip","Should I buy Invincible 3 after a deep assessment?","nike-invincible-3","running","false","HIDDEN_404","review:prod-invincible-3","hold","","Review held; Product remains buy/understand page","review_held_product_keeps"
"/reviews/nike-metcon-8","review","nike-metcon-8","Nike Metcon 8 Review","assess Nike Metcon 8 as a buying decision","strengths, trade-offs, who should buy/skip","Should I buy Metcon 8 after a deep assessment?","nike-metcon-8","fitness","false","HIDDEN_404","review:prod-nike-metcon-8","keep","","",""
"/reviews/nike-metcon-9","review","nike-metcon-9","Nike Metcon 9 Review","assess Nike Metcon 9 as a buying decision","strengths, trade-offs, who should buy/skip","Should I buy Metcon 9 after a deep assessment?","nike-metcon-9","fitness","false","HIDDEN_404","review:prod-nike-metcon-9","keep","","",""
"/reviews/nike-pegasus-41","review","nike-pegasus-41","Nike Pegasus 41 Review","assess Nike Pegasus 41 as a buying decision","strengths, trade-offs, who should buy/skip","Should I buy Pegasus 41 after a deep assessment?","nike-pegasus-41","running","false","HIDDEN_404","review:prod-pegasus-41","hold","","Review held; Product remains buy/understand page","review_held_product_keeps"
"/reviews/nike-pegasus-trail-5","review","nike-pegasus-trail-5","Nike Pegasus Trail 5 Review","assess Nike Pegasus Trail 5 as a buying decision","strengths, trade-offs, who should buy/skip","Should I buy Pegasus Trail 5 after a deep assessment?","nike-pegasus-trail-5","running","false","HIDDEN_404","review:prod-pegasus-trail-5","hold","","Review held; Product remains buy/understand page","review_held_product_keeps"
"/reviews/nike-react-infinity-run-4","review","nike-react-infinity-run-4","Nike React Infinity Run 4 Review","assess Nike React Infinity Run 4 as a buying decision","strengths, trade-offs, who should buy/skip","Should I buy React Infinity Run 4 after a deep assessment?","nike-react-infinity-run-4","running","false","HIDDEN_404","review:prod-react-infinity-4","hold","","Review held; Product remains buy/understand page","review_held_product_keeps"
"/reviews/nike-romaleos-4","review","nike-romaleos-4","Nike Romaleos 4 Review","assess Nike Romaleos 4 as a buying decision","strengths, trade-offs, who should buy/skip","Should I buy Romaleos 4 after a deep assessment?","nike-romaleos-4","fitness","false","HIDDEN_404","review:prod-nike-romaleos-4","keep","","",""
"/reviews/nike-romaleos-5","review","nike-romaleos-5","Nike Romaleos 5 Review","assess Nike Romaleos 5 as a buying decision","strengths, trade-offs, who should buy/skip","Should I buy Romaleos 5 after a deep assessment?","nike-romaleos-5","fitness","false","HIDDEN_404","review:prod-nike-romaleos-5","keep","","",""
"/reviews/nike-savaleos","review","nike-savaleos","Nike Savaleos Review","assess Nike Savaleos as a buying decision","strengths, trade-offs, who should buy/skip","Should I buy Savaleos after a deep assessment?","nike-savaleos","fitness","false","HIDDEN_404","review:prod-nike-savaleos","keep","","",""
"/reviews/nike-structure-26","review","nike-structure-26","Nike Structure 26 Review","assess Nike Structure 26 as a buying decision","strengths, trade-offs, who should buy/skip","Should I buy Structure 26 after a deep assessment?","nike-structure-26","running","false","HIDDEN_404","review:prod-structure-26","hold","","Review held; Product remains buy/understand page","review_held_product_keeps"
"/reviews/nike-structure-plus","review","nike-structure-plus","Nike Structure Plus Review","assess Nike Structure Plus as a buying decision","strengths, trade-offs, who should buy/skip","Should I buy Structure Plus after a deep assessment?","nike-structure-plus","running","false","HIDDEN_404","review:prod-structure-plus","hold","","Review held; Product remains buy/understand page","review_held_product_keeps"
"/reviews/nike-swoosh-medium-support","review","nike-swoosh-medium-support","Nike Swoosh Medium Support Bra Review","assess Nike Swoosh Medium Support Bra as a buying decision","strengths, trade-offs, who should buy/skip","Should I buy Swoosh Medium Support Bra after a deep assessment?","nike-swoosh-medium-support","running","false","HIDDEN_404","review:prod-nike-swoosh-medium-support","hold","","Review held; Product remains buy/understand page","review_held_product_keeps"
"/reviews/nike-therma-fit-glove","review","nike-therma-fit-glove","Nike Therma-FIT Run Gloves Review","assess Nike Therma-FIT Run Gloves as a buying decision","strengths, trade-offs, who should buy/skip","Should I buy Therma-FIT Run Gloves after a deep assessment?","nike-therma-fit-glove","running","false","HIDDEN_404","review:prod-nike-therma-fit-glove","hold","","Review held; Product remains buy/understand page","review_held_product_keeps"
"/reviews/nitecore-nu43","review","nitecore-nu43","NITECORE NU43 Review","assess NITECORE NU43 as a buying decision","strengths, trade-offs, who should buy/skip","Should I buy NU43 after a deep assessment?","nitecore-nu43","running","true","INDEXABLE","review:prod-nitecore-nu43","keep","","","paired_with_product"
"/reviews/nnormal-race-vest","review","nnormal-race-vest","NNormal Race Vest Review","assess NNormal Race Vest as a buying decision","strengths, trade-offs, who should buy/skip","Should I buy Race Vest after a deep assessment?","nnormal-race-vest","running","false","HIDDEN_404","review:prod-nnormal-race-vest","hold","","Review held; Product remains buy/understand page","review_held_product_keeps"
"/reviews/nobull-outwork","review","nobull-outwork","NOBULL Outwork Review","assess NOBULL Outwork as a buying decision","strengths, trade-offs, who should buy/skip","Should I buy Outwork after a deep assessment?","nobull-outwork","fitness","false","HIDDEN_404","review:prod-nobull-outwork","keep","","",""
"/reviews/nobull-trainer","review","nobull-trainer","NOBULL Trainer Review","assess NOBULL Trainer as a buying decision","strengths, trade-offs, who should buy/skip","Should I buy Trainer after a deep assessment?","nobull-trainer","fitness","false","HIDDEN_404","review:prod-nobull-trainer","keep","","",""
"/reviews/nobull-trainer-plus","review","nobull-trainer-plus","NOBULL Trainer+ Review","assess NOBULL Trainer+ as a buying decision","strengths, trade-offs, who should buy/skip","Should I buy Trainer+ after a deep assessment?","nobull-trainer-plus","fitness","false","HIDDEN_404","review:prod-nobull-trainer-plus","keep","","",""
"/reviews/nox-at10-genius-12k-alum-xtrem-2026","review","nox-at10-genius-12k-alum-xtrem-2026","Nox AT10 Genius 12K Alum Xtrem 2026 Review","assess Nox AT10 Genius 12K Alum Xtrem 2026 as a buying decision","strengths, trade-offs, who should buy/skip","Should I buy AT10 Genius 12K Alum Xtrem 2026 after a deep assessment?","nox-at10-genius-12k-alum-xtrem-2026","padel","false","HIDDEN_404","review:prod-nox-at10-12k-2026","keep","","",""
"/reviews/nox-at10-genius-18k-2026","review","nox-at10-genius-18k-2026","Nox AT10 Genius 18K 2026 Review","assess Nox AT10 Genius 18K 2026 as a buying decision","strengths, trade-offs, who should buy/skip","Should I buy AT10 Genius 18K 2026 after a deep assessment?","nox-at10-genius-18k-2026","padel","false","HIDDEN_404","review:prod-nox-at10-18k-2026","keep","","",""
"/reviews/nox-at10-lux","review","nox-at10-lux","Nox AT10 Lux Review","assess Nox AT10 Lux as a buying decision","strengths, trade-offs, who should buy/skip","Should I buy AT10 Lux after a deep assessment?","nox-at10-lux","padel","false","HIDDEN_404","review:prod-nox-at10-lux","keep","","",""
"/reviews/nox-ml10-hexa","review","nox-ml10-hexa","Nox ML10 Hexa Review","assess Nox ML10 Hexa as a buying decision","strengths, trade-offs, who should buy/skip","Should I buy ML10 Hexa after a deep assessment?","nox-ml10-hexa","padel","false","HIDDEN_404","review:prod-nox-ml10-hexa","keep","","",""
"/reviews/nox-ml10-pro-cup-2026","review","nox-ml10-pro-cup-2026","Nox ML10 Pro Cup 2026 Review","assess Nox ML10 Pro Cup 2026 as a buying decision","strengths, trade-offs, who should buy/skip","Should I buy ML10 Pro Cup 2026 after a deep assessment?","nox-ml10-pro-cup-2026","padel","false","HIDDEN_404","review:prod-nox-ml10-pro-cup","keep","","",""
"/reviews/nuobell-50","review","nuobell-50","NÜOBELL 50 lb Adjustable Dumbbells Review","assess NÜOBELL 50 lb Adjustable Dumbbells as a buying decision","strengths, trade-offs, who should buy/skip","Should I buy NÜOBELL 50 after a deep assessment?","nuobell-50","fitness","false","HIDDEN_404","review:prod-nuobell-50","keep","","",""
"/reviews/nuobell-80","review","nuobell-80","NÜOBELL 80 lb Adjustable Dumbbells Review","assess NÜOBELL 80 lb Adjustable Dumbbells as a buying decision","strengths, trade-offs, who should buy/skip","Should I buy NÜOBELL 80 after a deep assessment?","nuobell-80","fitness","false","HIDDEN_404","review:prod-nuobell-80","keep","","",""
"/reviews/nuun-sport","review","nuun-sport","Nuun Sport Electrolyte Tablets Review","assess Nuun Sport Electrolyte Tablets as a buying decision","strengths, trade-offs, who should buy/skip","Should I buy Sport after a deep assessment?","nuun-sport","running","false","HIDDEN_404","review:prod-nuun-sport","hold","","Review held; Product remains buy/understand page","review_held_product_keeps"
"/reviews/oakley-encoder","review","oakley-encoder","Oakley Encoder Review","assess Oakley Encoder as a buying decision","strengths, trade-offs, who should buy/skip","Should I buy Encoder after a deep assessment?","oakley-encoder","running","false","HIDDEN_404","review:prod-oakley-encoder","hold","","Review held; Product remains buy/understand page","review_held_product_keeps"
"/reviews/oakley-flak-2-0-xl","review","oakley-flak-2-0-xl","Oakley Flak 2.0 XL Review","assess Oakley Flak 2.0 XL as a buying decision","strengths, trade-offs, who should buy/skip","Should I buy Flak 2.0 XL after a deep assessment?","oakley-flak-2-0-xl","running","false","HIDDEN_404","review:prod-oakley-flak-2xl","hold","","Review held; Product remains buy/understand page","review_held_product_keeps"
"/reviews/oakley-kato","review","oakley-kato","Oakley Kato Review","assess Oakley Kato as a buying decision","strengths, trade-offs, who should buy/skip","Should I buy Kato after a deep assessment?","oakley-kato","running","false","HIDDEN_404","review:prod-oakley-kato","hold","","Review held; Product remains buy/understand page","review_held_product_keeps"
"/reviews/oakley-radar-ev-path","review","oakley-radar-ev-path","Oakley Radar EV Path Review","assess Oakley Radar EV Path as a buying decision","strengths, trade-offs, who should buy/skip","Should I buy Radar EV Path after a deep assessment?","oakley-radar-ev-path","running","false","HIDDEN_404","review:prod-oakley-radar-ev-path","hold","","Review held; Product remains buy/understand page","review_held_product_keeps"
"/reviews/oakley-sutro-lite","review","oakley-sutro-lite","Oakley Sutro Lite Review","assess Oakley Sutro Lite as a buying decision","strengths, trade-offs, who should buy/skip","Should I buy Sutro Lite after a deep assessment?","oakley-sutro-lite","running","false","HIDDEN_404","review:prod-oakley-sutro-lite","hold","","Review held; Product remains buy/understand page","review_held_product_keeps"
"/reviews/odlo-active-warm-eco-bottom-men","review","odlo-active-warm-eco-bottom-men","Odlo Active Warm Eco Bottom (Men) Review","assess Odlo Active Warm Eco Bottom (Men) as a buying decision","strengths, trade-offs, who should buy/skip","Should I buy Active Warm Eco Bottom after a deep assessment?","odlo-active-warm-eco-bottom-men","running","false","HIDDEN_404","review:prod-odlo-active-warm-eco-bottom-men","hold","","Review held; Product remains buy/understand page","review_held_product_keeps"
"/reviews/odlo-active-warm-eco-men","review","odlo-active-warm-eco-men","Odlo Active Warm Eco Long Sleeve (Men) Review","assess Odlo Active Warm Eco Long Sleeve (Men) as a buying decision","strengths, trade-offs, who should buy/skip","Should I buy Active Warm Eco LS after a deep assessment?","odlo-active-warm-eco-men","running","false","HIDDEN_404","review:prod-odlo-active-warm-eco-men","hold","","Review held; Product remains buy/understand page","review_held_product_keeps"
"/reviews/on-cloudmonster-2","review","on-cloudmonster-2","On Cloudmonster 2 Review","assess On Cloudmonster 2 as a buying decision","strengths, trade-offs, who should buy/skip","Should I buy Cloudmonster 2 after a deep assessment?","on-cloudmonster-2","running","false","HIDDEN_404","review:prod-cloudmonster-2","hold","","Review held; Product remains buy/understand page","review_held_product_keeps"
"/reviews/on-cloudmonster-hyper","review","on-cloudmonster-hyper","On Cloudmonster Hyper Review","assess On Cloudmonster Hyper as a buying decision","strengths, trade-offs, who should buy/skip","Should I buy Cloudmonster Hyper after a deep assessment?","on-cloudmonster-hyper","running","false","HIDDEN_404","review:prod-cloudmonster-hyper","hold","","Review held; Product remains buy/understand page","review_held_product_keeps"
"/reviews/on-cloudsurfer-2","review","on-cloudsurfer-2","On Cloudsurfer 2 Review","assess On Cloudsurfer 2 as a buying decision","strengths, trade-offs, who should buy/skip","Should I buy Cloudsurfer 2 after a deep assessment?","on-cloudsurfer-2","running","false","HIDDEN_404","review:prod-cloudsurfer-2","hold","","Review held; Product remains buy/understand page","review_held_product_keeps"
"/reviews/on-cloudsurfer-next","review","on-cloudsurfer-next","On Cloudsurfer Next Review","assess On Cloudsurfer Next as a buying decision","strengths, trade-offs, who should buy/skip","Should I buy Cloudsurfer Next after a deep assessment?","on-cloudsurfer-next","running","false","HIDDEN_404","review:prod-cloudsurfer-next","hold","","Review held; Product remains buy/understand page","review_held_product_keeps"
"/reviews/on-performance-short-men","review","on-performance-short-men","On Performance Shorts / Hybrid (Men) Review","assess On Performance Shorts / Hybrid (Men) as a buying decision","strengths, trade-offs, who should buy/skip","Should I buy Performance Shorts after a deep assessment?","on-performance-short-men","running","false","HIDDEN_404","review:prod-on-performance-short-men","hold","","Review held; Product remains buy/understand page","review_held_product_keeps"
"/reviews/on-performance-tight-women","review","on-performance-tight-women","On Performance Tights (Women) Review","assess On Performance Tights (Women) as a buying decision","strengths, trade-offs, who should buy/skip","Should I buy Performance Tights after a deep assessment?","on-performance-tight-women","running","false","HIDDEN_404","review:prod-on-performance-tight-women","hold","","Review held; Product remains buy/understand page","review_held_product_keeps"
"/reviews/on-ultra-vest-pro","review","on-ultra-vest-pro","On Ultra Vest Pro Review","assess On Ultra Vest Pro as a buying decision","strengths, trade-offs, who should buy/skip","Should I buy Ultra Vest Pro after a deep assessment?","on-ultra-vest-pro","running","false","HIDDEN_404","review:prod-on-ultra-vest-pro","hold","","Review held; Product remains buy/understand page","review_held_product_keeps"
"/reviews/on-weather-jacket-men","review","on-weather-jacket-men","On Weather Jacket (Men) Review","assess On Weather Jacket (Men) as a buying decision","strengths, trade-offs, who should buy/skip","Should I buy Weather Jacket after a deep assessment?","on-weather-jacket-men","running","false","HIDDEN_404","review:prod-on-weather-jacket-men","hold","","Review held; Product remains buy/understand page","review_held_product_keeps"
"/reviews/oofos-oolala","review","oofos-oolala","OOFOS OOlala Review","assess OOFOS OOlala as a buying decision","strengths, trade-offs, who should buy/skip","Should I buy OOlala after a deep assessment?","oofos-oolala","running","false","HIDDEN_404","review:prod-oofos-oolala","hold","","Review held; Product remains buy/understand page","review_held_product_keeps"
"/reviews/oofos-ooriginal","review","oofos-ooriginal","OOFOS OOriginal Review","assess OOFOS OOriginal as a buying decision","strengths, trade-offs, who should buy/skip","Should I buy OOriginal after a deep assessment?","oofos-ooriginal","running","false","HIDDEN_404","review:prod-oofos-ooriginal","hold","","Review held; Product remains buy/understand page","review_held_product_keeps"
"/reviews/osprey-duro-15","review","osprey-duro-15","Osprey Duro 15 Review","assess Osprey Duro 15 as a buying decision","strengths, trade-offs, who should buy/skip","Should I buy Duro 15 after a deep assessment?","osprey-duro-15","running","false","HIDDEN_404","review:prod-osprey-duro-15","hold","","Review held; Product remains buy/understand page","review_held_product_keeps"
"/reviews/osprey-duro-6","review","osprey-duro-6","Osprey Duro 6 Review","assess Osprey Duro 6 as a buying decision","strengths, trade-offs, who should buy/skip","Should I buy Duro 6 after a deep assessment?","osprey-duro-6","running","false","HIDDEN_404","review:prod-osprey-duro-6","hold","","Review held; Product remains buy/understand page","review_held_product_keeps"
"/reviews/osprey-duro-lt","review","osprey-duro-lt","Osprey Duro LT Review","assess Osprey Duro LT as a buying decision","strengths, trade-offs, who should buy/skip","Should I buy Duro LT after a deep assessment?","osprey-duro-lt","running","false","HIDDEN_404","review:prod-osprey-duro-lt","hold","","Review held; Product remains buy/understand page","review_held_product_keeps"
"/reviews/osprey-dyna-6","review","osprey-dyna-6","Osprey Dyna 6 Review","assess Osprey Dyna 6 as a buying decision","strengths, trade-offs, who should buy/skip","Should I buy Dyna 6 after a deep assessment?","osprey-dyna-6","running","false","HIDDEN_404","review:prod-osprey-dyna-6","hold","","Review held; Product remains buy/understand page","review_held_product_keeps"
"/reviews/osprey-dyna-lt","review","osprey-dyna-lt","Osprey Dyna LT Review","assess Osprey Dyna LT as a buying decision","strengths, trade-offs, who should buy/skip","Should I buy Dyna LT after a deep assessment?","osprey-dyna-lt","running","false","HIDDEN_404","review:prod-osprey-dyna-lt","hold","","Review held; Product remains buy/understand page","review_held_product_keeps"
"/reviews/osprey-hydraulics-lt-15","review","osprey-hydraulics-lt-15","Osprey Hydraulics LT 1.5L Reservoir Review","assess Osprey Hydraulics LT 1.5L Reservoir as a buying decision","strengths, trade-offs, who should buy/skip","Should I buy Hydraulics LT 1.5L after a deep assessment?","osprey-hydraulics-lt-15","running","false","HIDDEN_404","review:prod-osprey-hydraulics-15","hold","","Review held; Product remains buy/understand page","review_held_product_keeps"
"/reviews/osprey-talon-velocity-20","review","osprey-talon-velocity-20","Osprey Talon Velocity 20 Review","assess Osprey Talon Velocity 20 as a buying decision","strengths, trade-offs, who should buy/skip","Should I buy Talon Velocity 20 after a deep assessment?","osprey-talon-velocity-20","running","true","INDEXABLE","review:prod-osprey-talon-velocity-20","keep","","","paired_with_product"
"/reviews/osprey-talon-velocity-30","review","osprey-talon-velocity-30","Osprey Talon Velocity 30 Review","assess Osprey Talon Velocity 30 as a buying decision","strengths, trade-offs, who should buy/skip","Should I buy Talon Velocity 30 after a deep assessment?","osprey-talon-velocity-30","running","false","HIDDEN_404","review:prod-osprey-talon-velocity-30","hold","","Review held; Product remains buy/understand page","review_held_product_keeps"
"/reviews/osprey-tempest-velocity-20","review","osprey-tempest-velocity-20","Osprey Tempest Velocity 20 Review","assess Osprey Tempest Velocity 20 as a buying decision","strengths, trade-offs, who should buy/skip","Should I buy Tempest Velocity 20 after a deep assessment?","osprey-tempest-velocity-20","running","false","HIDDEN_404","review:prod-osprey-tempest-velocity-20","hold","","Review held; Product remains buy/understand page","review_held_product_keeps"
"/reviews/oxdog-sense-pro","review","oxdog-sense-pro","Oxdog Sense Pro Review","assess Oxdog Sense Pro as a buying decision","strengths, trade-offs, who should buy/skip","Should I buy Sense Pro after a deep assessment?","oxdog-sense-pro","padel","false","HIDDEN_404","review:prod-oxdog-sense-pro-2026","keep","","",""
"/reviews/patagonia-capilene-cool-daily-men","review","patagonia-capilene-cool-daily-men","Patagonia Capilene Cool Daily Shirt (Men) Review","assess Patagonia Capilene Cool Daily Shirt (Men) as a buying decision","strengths, trade-offs, who should buy/skip","Should I buy Capilene Cool Daily after a deep assessment?","patagonia-capilene-cool-daily-men","running","false","HIDDEN_404","review:prod-patagonia-capilene-cool-daily-men","hold","","Review held; Product remains buy/understand page","review_held_product_keeps"
"/reviews/patagonia-capilene-midweight-zip-men","review","patagonia-capilene-midweight-zip-men","Patagonia Capilene Midweight Zip-Neck (Men) Review","assess Patagonia Capilene Midweight Zip-Neck (Men) as a buying decision","strengths, trade-offs, who should buy/skip","Should I buy Capilene Midweight Zip-Neck after a deep assessment?","patagonia-capilene-midweight-zip-men","running","false","HIDDEN_404","review:prod-patagonia-capilene-midweight-zip-men","hold","","Review held; Product remains buy/understand page","review_held_product_keeps"
"/reviews/patagonia-capilene-thermal-crew-men","review","patagonia-capilene-thermal-crew-men","Patagonia Capilene Thermal Weight Crew (Men) Review","assess Patagonia Capilene Thermal Weight Crew (Men) as a buying decision","strengths, trade-offs, who should buy/skip","Should I buy Capilene Thermal Weight Crew after a deep assessment?","patagonia-capilene-thermal-crew-men","running","false","HIDDEN_404","review:prod-patagonia-capilene-thermal-crew-unisex","hold","","Review held; Product remains buy/understand page","review_held_product_keeps"
"/reviews/patagonia-endless-run-tight-women","review","patagonia-endless-run-tight-women","Patagonia Endless Run Tights (Women) Review","assess Patagonia Endless Run Tights (Women) as a buying decision","strengths, trade-offs, who should buy/skip","Should I buy Endless Run Tights after a deep assessment?","patagonia-endless-run-tight-women","running","false","HIDDEN_404","review:prod-patagonia-endless-run-tight-women","hold","","Review held; Product remains buy/understand page","review_held_product_keeps"
"/reviews/patagonia-houdini-men","review","patagonia-houdini-men","Patagonia Houdini Jacket (Men) Review","assess Patagonia Houdini Jacket (Men) as a buying decision","strengths, trade-offs, who should buy/skip","Should I buy Houdini Jacket after a deep assessment?","patagonia-houdini-men","running","false","HIDDEN_404","review:prod-patagonia-houdini-men","hold","","Review held; Product remains buy/understand page","review_held_product_keeps"
"/reviews/patagonia-nano-puff-vest-men","review","patagonia-nano-puff-vest-men","Patagonia Nano-Puff Vest (Men) Review","assess Patagonia Nano-Puff Vest (Men) as a buying decision","strengths, trade-offs, who should buy/skip","Should I buy Nano-Puff Vest after a deep assessment?","patagonia-nano-puff-vest-men","running","false","HIDDEN_404","review:prod-patagonia-nano-puff-vest-men","hold","","Review held; Product remains buy/understand page","review_held_product_keeps"
"/reviews/patagonia-strider-pro-men","review","patagonia-strider-pro-men","Patagonia Strider Pro Shorts (Men) Review","assess Patagonia Strider Pro Shorts (Men) as a buying decision","strengths, trade-offs, who should buy/skip","Should I buy Strider Pro Shorts after a deep assessment?","patagonia-strider-pro-men","running","false","HIDDEN_404","review:prod-patagonia-strider-pro-men","hold","","Review held; Product remains buy/understand page","review_held_product_keeps"
"/reviews/patagonia-trailfarer-short-women","review","patagonia-trailfarer-short-women","Patagonia Trailfarer Shorts (Women) Review","assess Patagonia Trailfarer Shorts (Women) as a buying decision","strengths, trade-offs, who should buy/skip","Should I buy Trailfarer Shorts after a deep assessment?","patagonia-trailfarer-short-women","running","false","HIDDEN_404","review:prod-patagonia-trailfarer-short-women","hold","","Review held; Product remains buy/understand page","review_held_product_keeps"
"/reviews/petzl-actik-core","review","petzl-actik-core","Petzl Actik Core Review","assess Petzl Actik Core as a buying decision","strengths, trade-offs, who should buy/skip","Should I buy Actik Core after a deep assessment?","petzl-actik-core","running","false","HIDDEN_404","review:prod-petzl-actik-core","hold","","Review held; Product remains buy/understand page","review_held_product_keeps"
"/reviews/petzl-nao-rl","review","petzl-nao-rl","Petzl NAO RL Review","assess Petzl NAO RL as a buying decision","strengths, trade-offs, who should buy/skip","Should I buy NAO RL after a deep assessment?","petzl-nao-rl","running","true","INDEXABLE","review:prod-petzl-nao-rl","keep","","","paired_with_product"
"/reviews/petzl-swift-rl","review","petzl-swift-rl","Petzl Swift RL Review","assess Petzl Swift RL as a buying decision","strengths, trade-offs, who should buy/skip","Should I buy Swift RL after a deep assessment?","petzl-swift-rl","running","false","HIDDEN_404","review:prod-petzl-swift-rl","hold","","Review held; Product remains buy/understand page","review_held_product_keeps"
"/reviews/polar-h9","review","polar-h9","Polar H9 Review","assess Polar H9 as a buying decision","strengths, trade-offs, who should buy/skip","Should I buy H9 after a deep assessment?","polar-h9","running","false","HIDDEN_404","review:prod-polar-h9","hold","","Review held; Product remains buy/understand page","review_held_product_keeps"
"/reviews/polar-pacer-pro","review","polar-pacer-pro","Polar Pacer Pro Review","assess Polar Pacer Pro as a buying decision","strengths, trade-offs, who should buy/skip","Should I buy Pacer Pro after a deep assessment?","polar-pacer-pro","running","false","HIDDEN_404","review:prod-polar-pacer-pro","hold","","Review held; Product remains buy/understand page","review_held_product_keeps"
"/reviews/polar-vantage-v3","review","polar-vantage-v3","Polar Vantage V3 Review","assess Polar Vantage V3 as a buying decision","strengths, trade-offs, who should buy/skip","Should I buy Vantage V3 after a deep assessment?","polar-vantage-v3","running","true","INDEXABLE","review:prod-polar-vantage-v3","keep","","","paired_with_product"
"/reviews/powerbar-energize","review","powerbar-energize","PowerBar Energize Review","assess PowerBar Energize as a buying decision","strengths, trade-offs, who should buy/skip","Should I buy Energize after a deep assessment?","powerbar-energize","running","false","HIDDEN_404","review:prod-powerbar-energize","hold","","Review held; Product remains buy/understand page","review_held_product_keeps"
"/reviews/powerblock-elite-exp-90","review","powerblock-elite-exp-90","PowerBlock Elite EXP 90 Review","assess PowerBlock Elite EXP 90 as a buying decision","strengths, trade-offs, who should buy/skip","Should I buy Elite EXP 90 after a deep assessment?","powerblock-elite-exp-90","fitness","false","HIDDEN_404","review:prod-powerblock-elite-90","keep","","",""
"/reviews/powerblock-pro-series-100","review","powerblock-pro-series-100","PowerBlock Pro Series 100 Review","assess PowerBlock Pro Series 100 as a buying decision","strengths, trade-offs, who should buy/skip","Should I buy Pro Series 100 after a deep assessment?","powerblock-pro-series-100","fitness","false","HIDDEN_404","review:prod-powerblock-pro-100","keep","","",""
"/reviews/powerblock-pro-series-50","review","powerblock-pro-series-50","PowerBlock Pro Series 50 Review","assess PowerBlock Pro Series 50 as a buying decision","strengths, trade-offs, who should buy/skip","Should I buy Pro Series 50 after a deep assessment?","powerblock-pro-series-50","fitness","false","HIDDEN_404","review:prod-powerblock-pro-50","keep","","",""
"/reviews/precision-pf30-drink-mix","review","precision-pf30-drink-mix","Precision Fuel & Hydration PF 30 Drink Mix Review","assess Precision Fuel & Hydration PF 30 Drink Mix as a buying decision","strengths, trade-offs, who should buy/skip","Should I buy PF 30 Drink Mix after a deep assessment?","precision-pf30-drink-mix","running","false","HIDDEN_404","review:prod-precision-pf30-drink","hold","","Review held; Product remains buy/understand page","review_held_product_keeps"
"/reviews/precision-pf30-gel","review","precision-pf30-gel","Precision Fuel & Hydration PF 30 Gel Review","assess Precision Fuel & Hydration PF 30 Gel as a buying decision","strengths, trade-offs, who should buy/skip","Should I buy PF 30 Gel after a deep assessment?","precision-pf30-gel","running","true","INDEXABLE","review:prod-precision-pf30-gel","keep","","","paired_with_product"
"/reviews/precision-ph1500","review","precision-ph1500","Precision Fuel & Hydration PH 1500 Review","assess Precision Fuel & Hydration PH 1500 as a buying decision","strengths, trade-offs, who should buy/skip","Should I buy PH 1500 after a deep assessment?","precision-ph1500","running","false","HIDDEN_404","review:prod-precision-ph1500","hold","","Review held; Product remains buy/understand page","review_held_product_keeps"
"/reviews/prince-textreme-tour-100p","review","prince-textreme-tour-100p","Prince Textreme Tour 100P Review","assess Prince Textreme Tour 100P as a buying decision","strengths, trade-offs, who should buy/skip","Should I buy Textreme Tour 100P after a deep assessment?","prince-textreme-tour-100p","tennis","false","HIDDEN_404","review:prod-prince-textreme-tour-100p","keep","","",""
"/reviews/proviz-reflect360-running-vest","review","proviz-reflect360-running-vest","Proviz Reflect360 Running Vest Review","assess Proviz Reflect360 Running Vest as a buying decision","strengths, trade-offs, who should buy/skip","Should I buy Reflect360 Running Vest after a deep assessment?","proviz-reflect360-running-vest","running","false","HIDDEN_404","review:prod-proviz-reflect360-vest","hold","","Review held; Product remains buy/understand page","review_held_product_keeps"
"/reviews/pullup-and-dip-doorway-bar","review","pullup-and-dip-doorway-bar","PULLUP & DIP Doorway Pull-Up Bar Review","assess PULLUP & DIP Doorway Pull-Up Bar as a buying decision","strengths, trade-offs, who should buy/skip","Should I buy Doorway Pull-Up Bar after a deep assessment?","pullup-and-dip-doorway-bar","fitness","false","HIDDEN_404","review:prod-pullup-dip-doorway","keep","","",""
"/reviews/pullup-and-dip-parallettes","review","pullup-and-dip-parallettes","PULLUP & DIP Parallettes Review","assess PULLUP & DIP Parallettes as a buying decision","strengths, trade-offs, who should buy/skip","Should I buy Parallettes after a deep assessment?","pullup-and-dip-parallettes","fitness","false","HIDDEN_404","review:prod-pullup-dip-parallettes","keep","","",""
"/reviews/pullup-and-dip-wall-bar","review","pullup-and-dip-wall-bar","PULLUP & DIP Wall-Mounted Pull-Up Bar Review","assess PULLUP & DIP Wall-Mounted Pull-Up Bar as a buying decision","strengths, trade-offs, who should buy/skip","Should I buy Wall-Mounted Pull-Up Bar after a deep assessment?","pullup-and-dip-wall-bar","fitness","false","HIDDEN_404","review:prod-pullup-dip-wall","keep","","",""
"/reviews/puma-deviate-nitro-3","review","puma-deviate-nitro-3","PUMA Deviate NITRO 3 Review","assess PUMA Deviate NITRO 3 as a buying decision","strengths, trade-offs, who should buy/skip","Should I buy Deviate NITRO 3 after a deep assessment?","puma-deviate-nitro-3","running","false","HIDDEN_404","review:prod-deviate-nitro-3","hold","","Review held; Product remains buy/understand page","review_held_product_keeps"
"/reviews/puma-fuse-3","review","puma-fuse-3","PUMA Fuse 3.0 Review","assess PUMA Fuse 3.0 as a buying decision","strengths, trade-offs, who should buy/skip","Should I buy Fuse 3.0 after a deep assessment?","puma-fuse-3","fitness","false","HIDDEN_404","review:prod-puma-fuse-3","keep","","",""
"/reviews/puma-fuse-fasted","review","puma-fuse-fasted","PUMA Fuse Fasted Review","assess PUMA Fuse Fasted as a buying decision","strengths, trade-offs, who should buy/skip","Should I buy Fuse Fasted after a deep assessment?","puma-fuse-fasted","fitness","false","HIDDEN_404","review:prod-puma-fuse-fasted","keep","","",""
"/reviews/puma-magnify-nitro-2","review","puma-magnify-nitro-2","PUMA Magnify NITRO 2 Review","assess PUMA Magnify NITRO 2 as a buying decision","strengths, trade-offs, who should buy/skip","Should I buy Magnify NITRO 2 after a deep assessment?","puma-magnify-nitro-2","running","false","HIDDEN_404","review:prod-magnify-nitro-2","hold","","Review held; Product remains buy/understand page","review_held_product_keeps"
"/reviews/rabbit-fuel-n-fly-men","review","rabbit-fuel-n-fly-men","rabbit Fuel n' Fly 5"" Short (Men) Review","assess rabbit Fuel n' Fly 5"" Short (Men) as a buying decision","strengths, trade-offs, who should buy/skip","Should I buy Fuel n' Fly 5"" after a deep assessment?","rabbit-fuel-n-fly-men","running","false","HIDDEN_404","review:prod-rabbit-fuel-n-fly-men","hold","","Review held; Product remains buy/understand page","review_held_product_keeps"
"/reviews/reebok-legacy-lifter-iii","review","reebok-legacy-lifter-iii","Reebok Legacy Lifter III Review","assess Reebok Legacy Lifter III as a buying decision","strengths, trade-offs, who should buy/skip","Should I buy Legacy Lifter III after a deep assessment?","reebok-legacy-lifter-iii","fitness","false","HIDDEN_404","review:prod-reebok-legacy-lifter-iii","keep","","",""
"/reviews/reebok-lifter-pr-iii","review","reebok-lifter-pr-iii","Reebok Lifter PR III Review","assess Reebok Lifter PR III as a buying decision","strengths, trade-offs, who should buy/skip","Should I buy Lifter PR III after a deep assessment?","reebok-lifter-pr-iii","fitness","false","HIDDEN_404","review:prod-reebok-lifter-pr-iii","keep","","",""
"/reviews/reebok-nano-court","review","reebok-nano-court","Reebok Nano Court Review","assess Reebok Nano Court as a buying decision","strengths, trade-offs, who should buy/skip","Should I buy Nano Court after a deep assessment?","reebok-nano-court","fitness","false","HIDDEN_404","review:prod-reebok-nano-court","keep","","",""
"/reviews/reebok-nano-x3","review","reebok-nano-x3","Reebok Nano X3 Review","assess Reebok Nano X3 as a buying decision","strengths, trade-offs, who should buy/skip","Should I buy Nano X3 after a deep assessment?","reebok-nano-x3","fitness","false","HIDDEN_404","review:prod-reebok-nano-x3","keep","","",""
"/reviews/reebok-nano-x4","review","reebok-nano-x4","Reebok Nano X4 Review","assess Reebok Nano X4 as a buying decision","strengths, trade-offs, who should buy/skip","Should I buy Nano X4 after a deep assessment?","reebok-nano-x4","fitness","false","HIDDEN_404","review:prod-reebok-nano-x4","keep","","",""
"/reviews/rep-ab-5000-zero-gap","review","rep-ab-5000-zero-gap","REP Fitness AB-5000 Zero Gap Bench Review","assess REP Fitness AB-5000 Zero Gap Bench as a buying decision","strengths, trade-offs, who should buy/skip","Should I buy AB-5000 Zero Gap after a deep assessment?","rep-ab-5000-zero-gap","fitness","false","HIDDEN_404","review:prod-rep-ab-5000","keep","","",""
"/reviews/rep-ab-5200","review","rep-ab-5200","REP AB-5200 Adjustable Bench Review","assess REP AB-5200 Adjustable Bench as a buying decision","strengths, trade-offs, who should buy/skip","Should I buy AB-5200 after a deep assessment?","rep-ab-5200","fitness","false","HIDDEN_404","review:prod-rep-ab-5200","keep","","",""
"/reviews/rep-apollo-athlon-rack","review","rep-apollo-athlon-rack","REP Fitness Apollo Athlon Rack Review","assess REP Fitness Apollo Athlon Rack as a buying decision","strengths, trade-offs, who should buy/skip","Should I buy Apollo / Athlon Rack after a deep assessment?","rep-apollo-athlon-rack","fitness","false","HIDDEN_404","review:prod-rep-apollo","keep","","",""
"/reviews/rep-black-bumper-plate-set","review","rep-black-bumper-plate-set","REP Fitness Black Bumper Plate Set Review","assess REP Fitness Black Bumper Plate Set as a buying decision","strengths, trade-offs, who should buy/skip","Should I buy Black Bumper Set after a deep assessment?","rep-black-bumper-plate-set","fitness","false","HIDDEN_404","review:prod-rep-bumper-black","keep","","",""
"/reviews/rep-bumper-plate-storage","review","rep-bumper-plate-storage","REP Fitness Plate Storage Tree Review","assess REP Fitness Plate Storage Tree as a buying decision","strengths, trade-offs, who should buy/skip","Should I buy Plate Storage Tree after a deep assessment?","rep-bumper-plate-storage","fitness","false","HIDDEN_404","review:prod-rep-storage","keep","","",""
"/reviews/rep-colorado-bar","review","rep-colorado-bar","REP Fitness Colorado Bar Review","assess REP Fitness Colorado Bar as a buying decision","strengths, trade-offs, who should buy/skip","Should I buy Colorado Bar after a deep assessment?","rep-colorado-bar","fitness","false","HIDDEN_404","review:prod-rep-colorado","keep","","",""
"/reviews/rep-fb-5000-flat-bench","review","rep-fb-5000-flat-bench","REP Fitness FB-5000 Flat Bench Review","assess REP Fitness FB-5000 Flat Bench as a buying decision","strengths, trade-offs, who should buy/skip","Should I buy FB-5000 after a deep assessment?","rep-fb-5000-flat-bench","fitness","false","HIDDEN_404","review:prod-rep-fb-5000","keep","","",""
"/reviews/rep-fitness-kettlebell","review","rep-fitness-kettlebell","REP Fitness Kettlebell Review","assess REP Fitness Kettlebell as a buying decision","strengths, trade-offs, who should buy/skip","Should I buy Kettlebell after a deep assessment?","rep-fitness-kettlebell","fitness","false","HIDDEN_404","review:prod-rep-kettlebell","keep","","",""
"/reviews/rep-pr-4000","review","rep-pr-4000","REP Fitness PR-4000 Power Rack Review","assess REP Fitness PR-4000 Power Rack as a buying decision","strengths, trade-offs, who should buy/skip","Should I buy PR-4000 after a deep assessment?","rep-pr-4000","fitness","false","HIDDEN_404","review:prod-rep-pr-4000","keep","","",""
"/reviews/rep-pr-5000","review","rep-pr-5000","REP Fitness PR-5000 Power Rack Review","assess REP Fitness PR-5000 Power Rack as a buying decision","strengths, trade-offs, who should buy/skip","Should I buy PR-5000 after a deep assessment?","rep-pr-5000","fitness","false","HIDDEN_404","review:prod-rep-pr-5000","keep","","",""
"/reviews/rep-quickdraw-adjustable-dumbbells","review","rep-quickdraw-adjustable-dumbbells","REP Fitness Quickdraw Adjustable Dumbbells Review","assess REP Fitness Quickdraw Adjustable Dumbbells as a buying decision","strengths, trade-offs, who should buy/skip","Should I buy Quickdraw Adjustable Dumbbells after a deep assessment?","rep-quickdraw-adjustable-dumbbells","fitness","false","HIDDEN_404","review:prod-rep-adjustable-db","keep","","",""
"/reviews/rep-slam-ball","review","rep-slam-ball","REP Fitness Slam Ball Review","assess REP Fitness Slam Ball as a buying decision","strengths, trade-offs, who should buy/skip","Should I buy Slam Ball after a deep assessment?","rep-slam-ball","fitness","false","HIDDEN_404","review:prod-rep-slam-ball","keep","","",""
"/reviews/rogue-adjustable-bench-3-0","review","rogue-adjustable-bench-3-0","Rogue Adjustable Bench 3.0 Review","assess Rogue Adjustable Bench 3.0 as a buying decision","strengths, trade-offs, who should buy/skip","Should I buy Adjustable Bench 3.0 after a deep assessment?","rogue-adjustable-bench-3-0","fitness","false","HIDDEN_404","review:prod-rogue-adjustable-bench-3","keep","","",""
"/reviews/rogue-dog-sled","review","rogue-dog-sled","Rogue Dog Sled Review","assess Rogue Dog Sled as a buying decision","strengths, trade-offs, who should buy/skip","Should I buy Dog Sled after a deep assessment?","rogue-dog-sled","fitness","false","HIDDEN_404","review:prod-rogue-dog-sled","keep","","",""
"/reviews/rogue-echo-bike","review","rogue-echo-bike","Rogue Echo Bike Review","assess Rogue Echo Bike as a buying decision","strengths, trade-offs, who should buy/skip","Should I buy Echo Bike after a deep assessment?","rogue-echo-bike","fitness","false","HIDDEN_404","review:prod-rogue-echo-bike","keep","","",""
"/reviews/rogue-echo-bumper-plate-set","review","rogue-echo-bumper-plate-set","Rogue Echo Bumper Plate Set Review","assess Rogue Echo Bumper Plate Set as a buying decision","strengths, trade-offs, who should buy/skip","Should I buy Echo Bumper Plate Set after a deep assessment?","rogue-echo-bumper-plate-set","fitness","false","HIDDEN_404","review:prod-rogue-echo-bumper","keep","","",""
"/reviews/rogue-echo-kettlebell","review","rogue-echo-kettlebell","Rogue Echo Kettlebell Review","assess Rogue Echo Kettlebell as a buying decision","strengths, trade-offs, who should buy/skip","Should I buy Echo Kettlebell after a deep assessment?","rogue-echo-kettlebell","fitness","false","HIDDEN_404","review:prod-rogue-echo-kb","keep","","",""
"/reviews/rogue-flat-utility-bench","review","rogue-flat-utility-bench","Rogue Flat Utility Bench Review","assess Rogue Flat Utility Bench as a buying decision","strengths, trade-offs, who should buy/skip","Should I buy Flat Utility Bench after a deep assessment?","rogue-flat-utility-bench","fitness","false","HIDDEN_404","review:prod-rogue-flat-utility","keep","","",""
"/reviews/rogue-flogging-horse-stall-mat-note","review","rogue-flogging-horse-stall-mat-note","Rogue Gym Flooring / Stall Mat Style Flooring Review","assess Rogue Gym Flooring / Stall Mat Style Flooring as a buying decision","strengths, trade-offs, who should buy/skip","Should I buy Gym Flooring Mats after a deep assessment?","rogue-flogging-horse-stall-mat-note","fitness","false","HIDDEN_404","review:prod-rogue-flooring","keep","","",""
"/reviews/rogue-kettlebell","review","rogue-kettlebell","Rogue Kettlebell Review","assess Rogue Kettlebell as a buying decision","strengths, trade-offs, who should buy/skip","Should I buy Kettlebell after a deep assessment?","rogue-kettlebell","fitness","false","HIDDEN_404","review:prod-rogue-kettlebell","keep","","",""
"/reviews/rogue-monster-lite-pull-up-bar","review","rogue-monster-lite-pull-up-bar","Rogue Monster Lite Pull-Up Bar Review","assess Rogue Monster Lite Pull-Up Bar as a buying decision","strengths, trade-offs, who should buy/skip","Should I buy Monster Lite Pull-Up Bar after a deep assessment?","rogue-monster-lite-pull-up-bar","fitness","false","HIDDEN_404","review:prod-rogue-pullup-bar","keep","","",""
"/reviews/rogue-ohio-bar","review","rogue-ohio-bar","Rogue Ohio Bar Review","assess Rogue Ohio Bar as a buying decision","strengths, trade-offs, who should buy/skip","Should I buy Ohio Bar after a deep assessment?","rogue-ohio-bar","fitness","false","HIDDEN_404","review:prod-rogue-ohio","keep","","",""
"/reviews/rogue-ohio-power-bar","review","rogue-ohio-power-bar","Rogue Ohio Power Bar Review","assess Rogue Ohio Power Bar as a buying decision","strengths, trade-offs, who should buy/skip","Should I buy Ohio Power Bar after a deep assessment?","rogue-ohio-power-bar","fitness","false","HIDDEN_404","review:prod-rogue-ohio-power","keep","","",""
"/reviews/rogue-plate-carrier-vest","review","rogue-plate-carrier-vest","Rogue Weighted Vest / Plate Carrier Review","assess Rogue Weighted Vest / Plate Carrier as a buying decision","strengths, trade-offs, who should buy/skip","Should I buy Plate Carrier / Weighted Vest after a deep assessment?","rogue-plate-carrier-vest","fitness","false","HIDDEN_404","review:prod-rogue-weighted-vest","keep","","",""
"/reviews/rogue-plate-tree","review","rogue-plate-tree","Rogue Plate Tree Review","assess Rogue Plate Tree as a buying decision","strengths, trade-offs, who should buy/skip","Should I buy Plate Tree after a deep assessment?","rogue-plate-tree","fitness","false","HIDDEN_404","review:prod-rogue-storage","keep","","",""
"/reviews/rogue-rm-4-monster-rack","review","rogue-rm-4-monster-rack","Rogue RM-4 Monster Rack Review","assess Rogue RM-4 Monster Rack as a buying decision","strengths, trade-offs, who should buy/skip","Should I buy RM-4 after a deep assessment?","rogue-rm-4-monster-rack","fitness","false","HIDDEN_404","review:prod-rogue-rm-4","keep","","",""
"/reviews/rogue-rml-390f","review","rogue-rml-390f","Rogue RML-390F Monster Lite Rack Review","assess Rogue RML-390F Monster Lite Rack as a buying decision","strengths, trade-offs, who should buy/skip","Should I buy RML-390F after a deep assessment?","rogue-rml-390f","fitness","false","HIDDEN_404","review:prod-rogue-rml-390f","keep","","",""
"/reviews/rogue-sandbag","review","rogue-sandbag","Rogue Sandbag Review","assess Rogue Sandbag as a buying decision","strengths, trade-offs, who should buy/skip","Should I buy Sandbag after a deep assessment?","rogue-sandbag","fitness","false","HIDDEN_404","review:prod-rogue-sandbag","keep","","",""
"/reviews/rogue-sm-2c-monster-lite","review","rogue-sm-2c-monster-lite","Rogue SM-2C Monster Lite Squat Stand Review","assess Rogue SM-2C Monster Lite Squat Stand as a buying decision","strengths, trade-offs, who should buy/skip","Should I buy SM-2C after a deep assessment?","rogue-sm-2c-monster-lite","fitness","false","HIDDEN_404","review:prod-rogue-sm-2c","keep","","",""
"/reviews/rogue-wall-ball","review","rogue-wall-ball","Rogue Wall Ball Review","assess Rogue Wall Ball as a buying decision","strengths, trade-offs, who should buy/skip","Should I buy Wall Ball after a deep assessment?","rogue-wall-ball","fitness","false","HIDDEN_404","review:prod-rogue-wall-ball","keep","","",""
"/reviews/rogue-wrist-wraps","review","rogue-wrist-wraps","Rogue Wrist Wraps Review","assess Rogue Wrist Wraps as a buying decision","strengths, trade-offs, who should buy/skip","Should I buy Wrist Wraps after a deep assessment?","rogue-wrist-wraps","fitness","false","HIDDEN_404","review:prod-rogue-wrist-wraps","keep","","",""
"/reviews/roka-phantom-air","review","roka-phantom-air","ROKA Phantom Air Review","assess ROKA Phantom Air as a buying decision","strengths, trade-offs, who should buy/skip","Should I buy Phantom Air after a deep assessment?","roka-phantom-air","running","false","HIDDEN_404","review:prod-roka-phantom-air","hold","","Review held; Product remains buy/understand page","review_held_product_keeps"
"/reviews/royal-padel-m27-poly-2026","review","royal-padel-m27-poly-2026","Royal Padel M27 Poly 2026 Review","assess Royal Padel M27 Poly 2026 as a buying decision","strengths, trade-offs, who should buy/skip","Should I buy M27 Poly 2026 after a deep assessment?","royal-padel-m27-poly-2026","padel","false","HIDDEN_404","review:prod-royal-padel-rp-m27-2026","keep","","",""
"/reviews/rudy-project-cutline","review","rudy-project-cutline","Rudy Project Cutline Review","assess Rudy Project Cutline as a buying decision","strengths, trade-offs, who should buy/skip","Should I buy Cutline after a deep assessment?","rudy-project-cutline","running","false","HIDDEN_404","review:prod-rudy-cutline","hold","","Review held; Product remains buy/understand page","review_held_product_keeps"
"/reviews/salming-race-9","review","salming-race-9","Salming Race 9 Review","assess Salming Race 9 as a buying decision","strengths, trade-offs, who should buy/skip","Should I buy Race 9 after a deep assessment?","salming-race-9","fitness","false","HIDDEN_404","review:prod-salming-race-9","keep","","",""
"/reviews/salming-rebel","review","salming-rebel","Salming Rebel Review","assess Salming Rebel as a buying decision","strengths, trade-offs, who should buy/skip","Should I buy Rebel after a deep assessment?","salming-rebel","fitness","false","HIDDEN_404","review:prod-salming-rebel","keep","","",""
"/reviews/salomon-adv-skin-12","review","salomon-adv-skin-12","Salomon ADV Skin 12 Review","assess Salomon ADV Skin 12 as a buying decision","strengths, trade-offs, who should buy/skip","Should I buy ADV Skin 12 after a deep assessment?","salomon-adv-skin-12","running","false","HIDDEN_404","review:prod-adv-skin-12","hold","","Review held; Product remains buy/understand page","review_held_product_keeps"
"/reviews/salomon-adv-skin-5","review","salomon-adv-skin-5","Salomon ADV Skin 5 Review","assess Salomon ADV Skin 5 as a buying decision","strengths, trade-offs, who should buy/skip","Should I buy ADV Skin 5 after a deep assessment?","salomon-adv-skin-5","running","false","HIDDEN_404","review:prod-salomon-adv-skin-5","hold","","Review held; Product remains buy/understand page","review_held_product_keeps"
"/reviews/salomon-aero-glide-2","review","salomon-aero-glide-2","Salomon Aero Glide 2 Review","assess Salomon Aero Glide 2 as a buying decision","strengths, trade-offs, who should buy/skip","Should I buy Aero Glide 2 after a deep assessment?","salomon-aero-glide-2","running","false","HIDDEN_404","review:prod-aero-glide-2","hold","","Review held; Product remains buy/understand page","review_held_product_keeps"
"/reviews/salomon-bonatti-wp-men","review","salomon-bonatti-wp-men","Salomon Bonatti Waterproof Jacket (Men) Review","assess Salomon Bonatti Waterproof Jacket (Men) as a buying decision","strengths, trade-offs, who should buy/skip","Should I buy Bonatti Waterproof Jacket after a deep assessment?","salomon-bonatti-wp-men","running","false","HIDDEN_404","review:prod-salomon-bonatti-wp-men","hold","","Review held; Product remains buy/understand page","review_held_product_keeps"
"/reviews/salomon-bonatti-wp-women","review","salomon-bonatti-wp-women","Salomon Bonatti Waterproof Jacket (Women) Review","assess Salomon Bonatti Waterproof Jacket (Women) as a buying decision","strengths, trade-offs, who should buy/skip","Should I buy Bonatti Waterproof Jacket after a deep assessment?","salomon-bonatti-wp-women","running","false","HIDDEN_404","review:prod-salomon-bonatti-wp-women","hold","","Review held; Product remains buy/understand page","review_held_product_keeps"
"/reviews/salomon-custom-quiver","review","salomon-custom-quiver","Salomon Custom Quiver Review","assess Salomon Custom Quiver as a buying decision","strengths, trade-offs, who should buy/skip","Should I buy Custom Quiver after a deep assessment?","salomon-custom-quiver","running","false","HIDDEN_404","review:prod-salomon-custom-quiver","hold","","Review held; Product remains buy/understand page","review_held_product_keeps"
"/reviews/salomon-genesis","review","salomon-genesis","Salomon Genesis Review","assess Salomon Genesis as a buying decision","strengths, trade-offs, who should buy/skip","Should I buy Genesis after a deep assessment?","salomon-genesis","running","false","HIDDEN_404","review:prod-genesis-salomon","hold","","Review held; Product remains buy/understand page","review_held_product_keeps"
"/reviews/salomon-pulsar-trail-2","review","salomon-pulsar-trail-2","Salomon Pulsar Trail 2 Review","assess Salomon Pulsar Trail 2 as a buying decision","strengths, trade-offs, who should buy/skip","Should I buy Pulsar Trail 2 after a deep assessment?","salomon-pulsar-trail-2","running","false","HIDDEN_404","review:prod-pulsar-trail-2","hold","","Review held; Product remains buy/understand page","review_held_product_keeps"
"/reviews/salomon-pulse-belt","review","salomon-pulse-belt","Salomon Pulse Belt Review","assess Salomon Pulse Belt as a buying decision","strengths, trade-offs, who should buy/skip","Should I buy Pulse Belt after a deep assessment?","salomon-pulse-belt","running","false","HIDDEN_404","review:prod-salomon-pulse-belt","hold","","Review held; Product remains buy/understand page","review_held_product_keeps"
"/reviews/salomon-sense-ride-5","review","salomon-sense-ride-5","Salomon Sense Ride 5 Review","assess Salomon Sense Ride 5 as a buying decision","strengths, trade-offs, who should buy/skip","Should I buy Sense Ride 5 after a deep assessment?","salomon-sense-ride-5","running","false","HIDDEN_404","review:prod-sense-ride-5","hold","","Review held; Product remains buy/understand page","review_held_product_keeps"
"/reviews/salomon-soft-flask-500","review","salomon-soft-flask-500","Salomon Soft Flask 500 ml Review","assess Salomon Soft Flask 500 ml as a buying decision","strengths, trade-offs, who should buy/skip","Should I buy Soft Flask 500 after a deep assessment?","salomon-soft-flask-500","running","false","HIDDEN_404","review:prod-soft-flask-500","hold","","Review held; Product remains buy/understand page","review_held_product_keeps"
"/reviews/salomon-soft-flask-speed-500","review","salomon-soft-flask-speed-500","Salomon Soft Flask Speed 500 Review","assess Salomon Soft Flask Speed 500 as a buying decision","strengths, trade-offs, who should buy/skip","Should I buy Soft Flask Speed 500 after a deep assessment?","salomon-soft-flask-speed-500","running","true","INDEXABLE","review:prod-salomon-soft-flask-speed-500","keep","","","paired_with_product"
"/reviews/salomon-soft-reservoir-15","review","salomon-soft-reservoir-15","Salomon Soft Reservoir 1.5L Review","assess Salomon Soft Reservoir 1.5L as a buying decision","strengths, trade-offs, who should buy/skip","Should I buy Soft Reservoir 1.5L after a deep assessment?","salomon-soft-reservoir-15","running","false","HIDDEN_404","review:prod-salomon-soft-reservoir-15","hold","","Review held; Product remains buy/understand page","review_held_product_keeps"
"/reviews/salomon-ultra-glide-2","review","salomon-ultra-glide-2","Salomon Ultra Glide 2 Review","assess Salomon Ultra Glide 2 as a buying decision","strengths, trade-offs, who should buy/skip","Should I buy Ultra Glide 2 after a deep assessment?","salomon-ultra-glide-2","running","false","HIDDEN_404","review:prod-ultra-glide-2","hold","","Review held; Product remains buy/understand page","review_held_product_keeps"
"/reviews/salomon-xa-15","review","salomon-xa-15","Salomon XA 15 Review","assess Salomon XA 15 as a buying decision","strengths, trade-offs, who should buy/skip","Should I buy XA 15 after a deep assessment?","salomon-xa-15","running","false","HIDDEN_404","review:prod-salomon-xa-15","hold","","Review held; Product remains buy/understand page","review_held_product_keeps"
"/reviews/saltstick-caps","review","saltstick-caps","SaltStick Caps Review","assess SaltStick Caps as a buying decision","strengths, trade-offs, who should buy/skip","Should I buy Caps after a deep assessment?","saltstick-caps","running","false","HIDDEN_404","review:prod-saltstick-caps","hold","","Review held; Product remains buy/understand page","review_held_product_keeps"
"/reviews/saltstick-fastchews","review","saltstick-fastchews","SaltStick Fastchews Review","assess SaltStick Fastchews as a buying decision","strengths, trade-offs, who should buy/skip","Should I buy Fastchews after a deep assessment?","saltstick-fastchews","running","true","INDEXABLE","review:prod-saltstick-fastchews","keep","","","paired_with_product"
"/reviews/saucony-endorphin-pro-3","review","saucony-endorphin-pro-3","Saucony Endorphin Pro 3 Review","assess Saucony Endorphin Pro 3 as a buying decision","strengths, trade-offs, who should buy/skip","Should I buy Endorphin Pro 3 after a deep assessment?","saucony-endorphin-pro-3","running","false","HIDDEN_404","review:prod-endorphin-pro-3","hold","","Review held; Product remains buy/understand page","review_held_product_keeps"
"/reviews/saucony-endorphin-pro-4","review","saucony-endorphin-pro-4","Saucony Endorphin Pro 4 Review","assess Saucony Endorphin Pro 4 as a buying decision","strengths, trade-offs, who should buy/skip","Should I buy Endorphin Pro 4 after a deep assessment?","saucony-endorphin-pro-4","running","false","HIDDEN_404","review:prod-endorphin-pro-4","hold","","Review held; Product remains buy/understand page","review_held_product_keeps"
"/reviews/saucony-endorphin-speed-4","review","saucony-endorphin-speed-4","Saucony Endorphin Speed 4 Review","assess Saucony Endorphin Speed 4 as a buying decision","strengths, trade-offs, who should buy/skip","Should I buy Endorphin Speed 4 after a deep assessment?","saucony-endorphin-speed-4","running","false","HIDDEN_404","review:prod-endorphin-speed-4","hold","","Review held; Product remains buy/understand page","review_held_product_keeps"
"/reviews/saucony-guide-18","review","saucony-guide-18","Saucony Guide 18 Review","assess Saucony Guide 18 as a buying decision","strengths, trade-offs, who should buy/skip","Should I buy Guide 18 after a deep assessment?","saucony-guide-18","running","false","HIDDEN_404","review:prod-guide-18","hold","","Review held; Product remains buy/understand page","review_held_product_keeps"
"/reviews/saucony-peregrine-15","review","saucony-peregrine-15","Saucony Peregrine 15 Review","assess Saucony Peregrine 15 as a buying decision","strengths, trade-offs, who should buy/skip","Should I buy Peregrine 15 after a deep assessment?","saucony-peregrine-15","running","false","HIDDEN_404","review:prod-peregrine-15","hold","","Review held; Product remains buy/understand page","review_held_product_keeps"
"/reviews/saucony-ride-18","review","saucony-ride-18","Saucony Ride 18 Review","assess Saucony Ride 18 as a buying decision","strengths, trade-offs, who should buy/skip","Should I buy Ride 18 after a deep assessment?","saucony-ride-18","running","false","HIDDEN_404","review:prod-ride-18","hold","","Review held; Product remains buy/understand page","review_held_product_keeps"
"/reviews/saucony-triumph-22","review","saucony-triumph-22","Saucony Triumph 22 Review","assess Saucony Triumph 22 as a buying decision","strengths, trade-offs, who should buy/skip","Should I buy Triumph 22 after a deep assessment?","saucony-triumph-22","running","false","HIDDEN_404","review:prod-triumph-22","hold","","Review held; Product remains buy/understand page","review_held_product_keeps"
"/reviews/saucony-xodus-ultra-3","review","saucony-xodus-ultra-3","Saucony Xodus Ultra 3 Review","assess Saucony Xodus Ultra 3 as a buying decision","strengths, trade-offs, who should buy/skip","Should I buy Xodus Ultra 3 after a deep assessment?","saucony-xodus-ultra-3","running","false","HIDDEN_404","review:prod-xodus-ultra-3","hold","","Review held; Product remains buy/understand page","review_held_product_keeps"
"/reviews/schwinn-airdyne-ad8","review","schwinn-airdyne-ad8","Schwinn Airdyne AD8 Review","assess Schwinn Airdyne AD8 as a buying decision","strengths, trade-offs, who should buy/skip","Should I buy Airdyne AD8 after a deep assessment?","schwinn-airdyne-ad8","fitness","false","HIDDEN_404","review:prod-schwinn-airdyne-ad8","keep","","",""
"/reviews/scosche-rhythm24","review","scosche-rhythm24","Scosche Rhythm24 Review","assess Scosche Rhythm24 as a buying decision","strengths, trade-offs, who should buy/skip","Should I buy Rhythm24 after a deep assessment?","scosche-rhythm24","running","true","INDEXABLE","review:prod-scosche-rhythm24","keep","","","paired_with_product"
"/reviews/shokz-opendots-one","review","shokz-opendots-one","Shokz OpenDots One Review","assess Shokz OpenDots One as a buying decision","strengths, trade-offs, who should buy/skip","Should I buy OpenDots One after a deep assessment?","shokz-opendots-one","running","false","HIDDEN_404","review:prod-shokz-opendots-one","hold","","Review held; Product remains buy/understand page","review_held_product_keeps"
"/reviews/shokz-openfit-2","review","shokz-openfit-2","Shokz OpenFit 2 Review","assess Shokz OpenFit 2 as a buying decision","strengths, trade-offs, who should buy/skip","Should I buy OpenFit 2 after a deep assessment?","shokz-openfit-2","running","true","INDEXABLE","review:prod-shokz-openfit-2","keep","","","paired_with_product"
"/reviews/shokz-openrun","review","shokz-openrun","Shokz OpenRun Review","assess Shokz OpenRun as a buying decision","strengths, trade-offs, who should buy/skip","Should I buy OpenRun after a deep assessment?","shokz-openrun","running","true","INDEXABLE","review:prod-shokz-openrun","keep","","","paired_with_product"
"/reviews/shokz-openrun-pro-2","review","shokz-openrun-pro-2","Shokz OpenRun Pro 2 Review","assess Shokz OpenRun Pro 2 as a buying decision","strengths, trade-offs, who should buy/skip","Should I buy OpenRun Pro 2 after a deep assessment?","shokz-openrun-pro-2","running","false","HIDDEN_404","review:prod-shokz-openrun-pro-2","hold","","Review held; Product remains buy/understand page","review_held_product_keeps"
"/reviews/silva-trail-runner-free-2","review","silva-trail-runner-free-2","Silva Trail Runner Free 2 Review","assess Silva Trail Runner Free 2 as a buying decision","strengths, trade-offs, who should buy/skip","Should I buy Trail Runner Free 2 after a deep assessment?","silva-trail-runner-free-2","running","true","INDEXABLE","review:prod-silva-trail-runner-free","keep","","","paired_with_product"
"/reviews/sis-beta-fuel-drink","review","sis-beta-fuel-drink","Science in Sport Beta Fuel Energy Drink Mix Review","assess Science in Sport Beta Fuel Energy Drink Mix as a buying decision","strengths, trade-offs, who should buy/skip","Should I buy Beta Fuel Drink after a deep assessment?","sis-beta-fuel-drink","running","true","INDEXABLE","review:prod-sis-beta-fuel-drink","keep","","","paired_with_product"
"/reviews/sis-beta-fuel-gel","review","sis-beta-fuel-gel","Science in Sport Beta Fuel Dual Source Energy Gel Review","assess Science in Sport Beta Fuel Dual Source Energy Gel as a buying decision","strengths, trade-offs, who should buy/skip","Should I buy Beta Fuel Gel after a deep assessment?","sis-beta-fuel-gel","running","false","HIDDEN_404","review:prod-sis-beta-fuel-gel","hold","","Review held; Product remains buy/understand page","review_held_product_keeps"
"/reviews/sis-go-isotonic-gel","review","sis-go-isotonic-gel","Science in Sport GO Isotonic Energy Gel Review","assess Science in Sport GO Isotonic Energy Gel as a buying decision","strengths, trade-offs, who should buy/skip","Should I buy GO Isotonic Gel after a deep assessment?","sis-go-isotonic-gel","running","false","HIDDEN_404","review:prod-sis-go-isotonic-gel","hold","","Review held; Product remains buy/understand page","review_held_product_keeps"
"/reviews/siux-diablo-revolution-2026","review","siux-diablo-revolution-2026","Siux Diablo Revolution 2026 Review","assess Siux Diablo Pro 2026 as a buying decision","strengths, trade-offs, who should buy/skip","Should I buy Diablo Pro 2026 after a deep assessment?","siux-diablo-revolution-2026","padel","false","HIDDEN_404","review:prod-siux-diablo","keep","","",""
"/reviews/skierg2-wall-mount","review","skierg2-wall-mount","SkiErg2 Wall-Mount Trainer Review","assess SkiErg2 Wall-Mount Trainer as a buying decision","strengths, trade-offs, who should buy/skip","Should I buy SkiErg2 Wall after a deep assessment?","skierg2-wall-mount","fitness","false","HIDDEN_404","review:prod-skierg2-wall","keep","","",""
"/reviews/skratch-sport-energy-chews","review","skratch-sport-energy-chews","Skratch Labs Sport Energy Chews Review","assess Skratch Labs Sport Energy Chews as a buying decision","strengths, trade-offs, who should buy/skip","Should I buy Sport Energy Chews after a deep assessment?","skratch-sport-energy-chews","running","false","HIDDEN_404","review:prod-skratch-chews","hold","","Review held; Product remains buy/understand page","review_held_product_keeps"
"/reviews/skratch-sport-hydration-mix","review","skratch-sport-hydration-mix","Skratch Labs Sport Hydration Drink Mix Review","assess Skratch Labs Sport Hydration Drink Mix as a buying decision","strengths, trade-offs, who should buy/skip","Should I buy Sport Hydration Drink Mix after a deep assessment?","skratch-sport-hydration-mix","running","true","INDEXABLE","review:prod-skratch-sport-hydration","keep","","","paired_with_product"
"/reviews/smartwool-run-targeted-cushion","review","smartwool-run-targeted-cushion","Smartwool Run Targeted Cushion Crew Review","assess Smartwool Run Targeted Cushion Crew as a buying decision","strengths, trade-offs, who should buy/skip","Should I buy Run Targeted Cushion Crew after a deep assessment?","smartwool-run-targeted-cushion","running","true","INDEXABLE","review:prod-smartwool-run-targeted-cushion","keep","","","paired_with_product"
"/reviews/smartwool-thermal-merino-glove","review","smartwool-thermal-merino-glove","Smartwool Thermal Merino Glove Review","assess Smartwool Thermal Merino Glove as a buying decision","strengths, trade-offs, who should buy/skip","Should I buy Thermal Merino Glove after a deep assessment?","smartwool-thermal-merino-glove","running","false","HIDDEN_404","review:prod-smartwool-thermal-merino-glove","hold","","Review held; Product remains buy/understand page","review_held_product_keeps"
"/reviews/smith-attack-mag","review","smith-attack-mag","Smith Attack MAG Review","assess Smith Attack MAG as a buying decision","strengths, trade-offs, who should buy/skip","Should I buy Attack MAG after a deep assessment?","smith-attack-mag","running","false","HIDDEN_404","review:prod-smith-attack-mag","hold","","Review held; Product remains buy/understand page","review_held_product_keeps"
"/reviews/smith-shift-mag","review","smith-shift-mag","Smith Shift MAG Review","assess Smith Shift MAG as a buying decision","strengths, trade-offs, who should buy/skip","Should I buy Shift MAG after a deep assessment?","smith-shift-mag","running","false","HIDDEN_404","review:prod-smith-shift-mag","hold","","Review held; Product remains buy/understand page","review_held_product_keeps"
"/reviews/sole-f80-treadmill","review","sole-f80-treadmill","Sole F80 Treadmill Review","assess Sole F80 Treadmill as a buying decision","strengths, trade-offs, who should buy/skip","Should I buy F80 Treadmill after a deep assessment?","sole-f80-treadmill","fitness","false","HIDDEN_404","review:prod-sole-f80","keep","","",""
"/reviews/soundcore-aerofit-2","review","soundcore-aerofit-2","soundcore AeroFit 2 Review","assess soundcore AeroFit 2 as a buying decision","strengths, trade-offs, who should buy/skip","Should I buy AeroFit 2 after a deep assessment?","soundcore-aerofit-2","running","false","HIDDEN_404","review:prod-soundcore-aerofit-2","hold","","Review held; Product remains buy/understand page","review_held_product_keeps"
"/reviews/soundcore-sport-x20","review","soundcore-sport-x20","soundcore Sport X20 Review","assess soundcore Sport X20 as a buying decision","strengths, trade-offs, who should buy/skip","Should I buy Sport X20 after a deep assessment?","soundcore-sport-x20","running","true","INDEXABLE","review:prod-soundcore-sport-x20","keep","","","paired_with_product"
"/reviews/spibelt-original","review","spibelt-original","SPIbelt Original Review","assess SPIbelt Original as a buying decision","strengths, trade-offs, who should buy/skip","Should I buy Original after a deep assessment?","spibelt-original","running","false","HIDDEN_404","review:prod-spibelt-original","hold","","Review held; Product remains buy/understand page","review_held_product_keeps"
"/reviews/spring-energy-awesome-sauce","review","spring-energy-awesome-sauce","Spring Energy Awesome Sauce Review","assess Spring Energy Awesome Sauce as a buying decision","strengths, trade-offs, who should buy/skip","Should I buy Awesome Sauce after a deep assessment?","spring-energy-awesome-sauce","running","false","HIDDEN_404","review:prod-spring-awesome-sauce","hold","","Review held; Product remains buy/understand page","review_held_product_keeps"
"/reviews/squirrels-nut-butter","review","squirrels-nut-butter","Squirrel's Nut Butter Original Anti-Chafe Balm Review","assess Squirrel's Nut Butter Original Anti-Chafe Balm as a buying decision","strengths, trade-offs, who should buy/skip","Should I buy Original Anti-Chafe after a deep assessment?","squirrels-nut-butter","running","true","INDEXABLE","review:prod-squirrels-nut-butter","keep","","",""
"/reviews/starvie-basalto-osiris-2026","review","starvie-basalto-osiris-2026","StarVie Basalto Osiris 2026 Review","assess StarVie Basalto Osiris 2026 as a buying decision","strengths, trade-offs, who should buy/skip","Should I buy Basalto Osiris 2026 after a deep assessment?","starvie-basalto-osiris-2026","padel","false","HIDDEN_404","review:prod-starvie-basalto-osiris","keep","","",""
"/reviews/starvie-titania-kepler-2026","review","starvie-titania-kepler-2026","StarVie Titania Kepler 2026 Review","assess StarVie Titania Kepler 2026 as a buying decision","strengths, trade-offs, who should buy/skip","Should I buy Titania Kepler 2026 after a deep assessment?","starvie-titania-kepler-2026","padel","false","HIDDEN_404","review:prod-starvie-titania-kepler","keep","","",""
"/reviews/styrkr-gel30","review","styrkr-gel30","STYRKR GEL30 Review","assess STYRKR GEL30 as a buying decision","strengths, trade-offs, who should buy/skip","Should I buy GEL30 after a deep assessment?","styrkr-gel30","running","false","HIDDEN_404","review:prod-styrkr-gel30","hold","","Review held; Product remains buy/understand page","review_held_product_keeps"
"/reviews/styrkr-mix90","review","styrkr-mix90","STYRKR MIX90 Dual-Carb Drink Mix Review","assess STYRKR MIX90 Dual-Carb Drink Mix as a buying decision","strengths, trade-offs, who should buy/skip","Should I buy MIX90 after a deep assessment?","styrkr-mix90","running","true","INDEXABLE","review:prod-styrkr-mix90","keep","","","paired_with_product"
"/reviews/suunto-race","review","suunto-race","Suunto Race Review","assess Suunto Race as a buying decision","strengths, trade-offs, who should buy/skip","Should I buy Race after a deep assessment?","suunto-race","running","false","HIDDEN_404","review:prod-suunto-race","hold","","Review held; Product remains buy/understand page","review_held_product_keeps"
"/reviews/suunto-race-s","review","suunto-race-s","Suunto Race S Review","assess Suunto Race S as a buying decision","strengths, trade-offs, who should buy/skip","Should I buy Race S after a deep assessment?","suunto-race-s","running","false","HIDDEN_404","review:prod-suunto-race-s","hold","","Review held; Product remains buy/understand page","review_held_product_keeps"
"/reviews/suunto-smart-heart-rate-belt","review","suunto-smart-heart-rate-belt","Suunto Smart Heart Rate Belt Review","assess Suunto Smart Heart Rate Belt as a buying decision","strengths, trade-offs, who should buy/skip","Should I buy Smart Heart Rate Belt after a deep assessment?","suunto-smart-heart-rate-belt","running","false","HIDDEN_404","review:prod-suunto-smart-hr-belt","hold","","Review held; Product remains buy/understand page","review_held_product_keeps"
"/reviews/suunto-wing","review","suunto-wing","Suunto Wing Review","assess Suunto Wing as a buying decision","strengths, trade-offs, who should buy/skip","Should I buy Wing after a deep assessment?","suunto-wing","running","true","INDEXABLE","review:prod-suunto-wing","keep","","","paired_with_product"
"/reviews/swiftwick-aspire-four","review","swiftwick-aspire-four","Swiftwick Aspire Four Review","assess Swiftwick Aspire Four as a buying decision","strengths, trade-offs, who should buy/skip","Should I buy Aspire Four after a deep assessment?","swiftwick-aspire-four","running","true","INDEXABLE","review:prod-swiftwick-aspire-four","keep","","","paired_with_product"
"/reviews/tailwind-endurance-fuel","review","tailwind-endurance-fuel","Tailwind Endurance Fuel Review","assess Tailwind Endurance Fuel as a buying decision","strengths, trade-offs, who should buy/skip","Should I buy Endurance Fuel after a deep assessment?","tailwind-endurance-fuel","running","false","HIDDEN_404","review:prod-tailwind-endurance","hold","","Review held; Product remains buy/understand page","review_held_product_keeps"
"/reviews/tecnifibre-tf40-305","review","tecnifibre-tf40-305","Tecnifibre TF40 305 16x19 Review","assess Tecnifibre TF40 305 16x19 as a buying decision","strengths, trade-offs, who should buy/skip","Should I buy TF40 305 16x19 after a deep assessment?","tecnifibre-tf40-305","tennis","false","HIDDEN_404","review:prod-tecnifibre-tf40-305","keep","","",""
"/reviews/tecnifibre-tfight-300s-2025","review","tecnifibre-tfight-300s-2025","Tecnifibre TFight 300S 2025 Review","assess Tecnifibre TFight 300S 2025 as a buying decision","strengths, trade-offs, who should buy/skip","Should I buy TFight 300S 2025 after a deep assessment?","tecnifibre-tfight-300s-2025","tennis","false","HIDDEN_404","review:prod-tecnifibre-tfight-300s-2025","keep","","",""
"/reviews/tecnifibre-wall-breaker-365","review","tecnifibre-wall-breaker-365","Tecnifibre Wall Breaker 365 Review","assess Tecnifibre Wall Breaker 365 as a buying decision","strengths, trade-offs, who should buy/skip","Should I buy Wall Breaker 365 after a deep assessment?","tecnifibre-wall-breaker-365","padel","false","HIDDEN_404","review:prod-tecnifibre-wall-breaker-365-2026","keep","","",""
"/reviews/therabody-theragun-mini-2","review","therabody-theragun-mini-2","Therabody Theragun mini Review","assess Therabody Theragun mini as a buying decision","strengths, trade-offs, who should buy/skip","Should I buy Theragun mini after a deep assessment?","therabody-theragun-mini-2","running","false","HIDDEN_404","review:prod-theragun-mini","hold","","Review held; Product remains buy/understand page","review_held_product_keeps"
"/reviews/therabody-theragun-prime","review","therabody-theragun-prime","Therabody Theragun Prime Review","assess Therabody Theragun Prime as a buying decision","strengths, trade-offs, who should buy/skip","Should I buy Theragun Prime after a deep assessment?","therabody-theragun-prime","running","true","INDEXABLE","review:prod-theragun-prime","keep","","","paired_with_product"
"/reviews/therabody-theragun-pro","review","therabody-theragun-pro","Therabody Theragun Pro Review","assess Therabody Theragun Pro as a buying decision","strengths, trade-offs, who should buy/skip","Should I buy Theragun Pro after a deep assessment?","therabody-theragun-pro","running","false","HIDDEN_404","review:prod-theragun-pro","hold","","Review held; Product remains buy/understand page","review_held_product_keeps"
"/reviews/tifosi-rail","review","tifosi-rail","Tifosi Rail Review","assess Tifosi Rail as a buying decision","strengths, trade-offs, who should buy/skip","Should I buy Rail after a deep assessment?","tifosi-rail","running","false","HIDDEN_404","review:prod-tifosi-rail","hold","","Review held; Product remains buy/understand page","review_held_product_keeps"
"/reviews/tifosi-vogel","review","tifosi-vogel","Tifosi Vogel Review","assess Tifosi Vogel as a buying decision","strengths, trade-offs, who should buy/skip","Should I buy Vogel after a deep assessment?","tifosi-vogel","running","false","HIDDEN_404","review:prod-tifosi-vogel","hold","","Review held; Product remains buy/understand page","review_held_product_keeps"
"/reviews/topo-athletic-phantom-3","review","topo-athletic-phantom-3","Topo Athletic Phantom 3 Review","assess Topo Athletic Phantom 3 as a buying decision","strengths, trade-offs, who should buy/skip","Should I buy Phantom 3 after a deep assessment?","topo-athletic-phantom-3","running","false","HIDDEN_404","review:prod-phantom-3","hold","","Review held; Product remains buy/understand page","review_held_product_keeps"
"/reviews/topo-athletic-specter-2","review","topo-athletic-specter-2","Topo Athletic Specter 2 Review","assess Topo Athletic Specter 2 as a buying decision","strengths, trade-offs, who should buy/skip","Should I buy Specter 2 after a deep assessment?","topo-athletic-specter-2","running","false","HIDDEN_404","review:prod-specter-2","hold","","Review held; Product remains buy/understand page","review_held_product_keeps"
"/reviews/topo-athletic-terraventure-5","review","topo-athletic-terraventure-5","Topo Athletic Terraventure 5 Review","assess Topo Athletic Terraventure 5 as a buying decision","strengths, trade-offs, who should buy/skip","Should I buy Terraventure 5 after a deep assessment?","topo-athletic-terraventure-5","running","false","HIDDEN_404","review:prod-terraventure-4","hold","","Review held; Product remains buy/understand page","review_held_product_keeps"
"/reviews/tracksmith-brighton-ls-men","review","tracksmith-brighton-ls-men","Tracksmith Brighton Long Sleeve (Men) Review","assess Tracksmith Brighton Long Sleeve (Men) as a buying decision","strengths, trade-offs, who should buy/skip","Should I buy Brighton Long Sleeve after a deep assessment?","tracksmith-brighton-ls-men","running","false","HIDDEN_404","review:prod-tracksmith-brighton-ls-men","hold","","Review held; Product remains buy/understand page","review_held_product_keeps"
"/reviews/tracksmith-session-short-men","review","tracksmith-session-short-men","Tracksmith Session Short (Men) Review","assess Tracksmith Session Short (Men) as a buying decision","strengths, trade-offs, who should buy/skip","Should I buy Session Short after a deep assessment?","tracksmith-session-short-men","running","false","HIDDEN_404","review:prod-tracksmith-session-short-men","hold","","Review held; Product remains buy/understand page","review_held_product_keeps"
"/reviews/tracksmith-session-short-women","review","tracksmith-session-short-women","Tracksmith Session Short (Women) Review","assess Tracksmith Session Short (Women) as a buying decision","strengths, trade-offs, who should buy/skip","Should I buy Session Short after a deep assessment?","tracksmith-session-short-women","running","false","HIDDEN_404","review:prod-tracksmith-session-short-women","hold","","Review held; Product remains buy/understand page","review_held_product_keeps"
"/reviews/tracksmith-turnover-tight-women","review","tracksmith-turnover-tight-women","Tracksmith Turnover Lined Tight (Women) Review","assess Tracksmith Turnover Lined Tight (Women) as a buying decision","strengths, trade-offs, who should buy/skip","Should I buy Turnover Lined Tight after a deep assessment?","tracksmith-turnover-tight-women","running","false","HIDDEN_404","review:prod-tracksmith-turnover-tight-women","hold","","Review held; Product remains buy/understand page","review_held_product_keeps"
"/reviews/tracksmith-twilight-half-men","review","tracksmith-twilight-half-men","Tracksmith Twilight Half Tights (Men) Review","assess Tracksmith Twilight Half Tights (Men) as a buying decision","strengths, trade-offs, who should buy/skip","Should I buy Twilight Half Tights after a deep assessment?","tracksmith-twilight-half-men","running","false","HIDDEN_404","review:prod-tracksmith-twilight-half-men","hold","","Review held; Product remains buy/understand page","review_held_product_keeps"
"/reviews/tracksmith-van-cortlandt-tee-men","review","tracksmith-van-cortlandt-tee-men","Tracksmith Van Cortlandt / Session Tee (Men) Review","assess Tracksmith Van Cortlandt / Session Tee (Men) as a buying decision","strengths, trade-offs, who should buy/skip","Should I buy Van Cortlandt Tee after a deep assessment?","tracksmith-van-cortlandt-tee-men","running","false","HIDDEN_404","review:prod-tracksmith-van-cortlandt-tee-men","hold","","Review held; Product remains buy/understand page","review_held_product_keeps"
"/reviews/triggerpoint-grid-travel","review","triggerpoint-grid-travel","TriggerPoint GRID Foam Roller 13"" Review","assess TriggerPoint GRID Foam Roller 13"" as a buying decision","strengths, trade-offs, who should buy/skip","Should I buy GRID Travel after a deep assessment?","triggerpoint-grid-travel","running","false","HIDDEN_404","review:prod-triggerpoint-grid-travel","hold","","Review held; Product remains buy/understand page","review_held_product_keeps"
"/reviews/triggerpoint-grid-x","review","triggerpoint-grid-x","TriggerPoint GRID X Foam Roller Review","assess TriggerPoint GRID X Foam Roller as a buying decision","strengths, trade-offs, who should buy/skip","Should I buy GRID X after a deep assessment?","triggerpoint-grid-x","running","false","HIDDEN_404","review:prod-triggerpoint-grid-x","hold","","Review held; Product remains buy/understand page","review_held_product_keeps"
"/reviews/tyr-cxt-1","review","tyr-cxt-1","TYR CXT-1 Review","assess TYR CXT-1 as a buying decision","strengths, trade-offs, who should buy/skip","Should I buy CXT-1 after a deep assessment?","tyr-cxt-1","fitness","false","HIDDEN_404","review:prod-tyr-cxt-1","keep","","",""
"/reviews/tyr-cxt-2","review","tyr-cxt-2","TYR CXT-2 Review","assess TYR CXT-2 as a buying decision","strengths, trade-offs, who should buy/skip","Should I buy CXT-2 after a deep assessment?","tyr-cxt-2","fitness","false","HIDDEN_404","review:prod-tyr-cxt-2","keep","","",""
"/reviews/tyr-cxt1-trainer","review","tyr-cxt1-trainer","TYR CXT-1 Trainer Review","assess TYR CXT-1 Trainer as a buying decision","strengths, trade-offs, who should buy/skip","Should I buy CXT-1 Trainer after a deep assessment?","tyr-cxt1-trainer","fitness","false","HIDDEN_404","review:prod-tyr-cxt1-trainer","keep","","",""
"/reviews/ua-charged-commit-4","review","ua-charged-commit-4","Under Armour Charged Commit 4 Review","assess Under Armour Charged Commit 4 as a buying decision","strengths, trade-offs, who should buy/skip","Should I buy Charged Commit 4 after a deep assessment?","ua-charged-commit-4","fitness","false","HIDDEN_404","review:prod-ua-charged-commit-4","keep","","",""
"/reviews/ua-project-rock-bsr-4","review","ua-project-rock-bsr-4","Under Armour Project Rock BSR 4 Review","assess Under Armour Project Rock BSR 4 as a buying decision","strengths, trade-offs, who should buy/skip","Should I buy Project Rock BSR 4 after a deep assessment?","ua-project-rock-bsr-4","fitness","false","HIDDEN_404","review:prod-ua-project-rock-bsr-4","keep","","",""
"/reviews/ua-reign-lifter","review","ua-reign-lifter","Under Armour Reign Lifter Review","assess Under Armour Reign Lifter as a buying decision","strengths, trade-offs, who should buy/skip","Should I buy Reign Lifter after a deep assessment?","ua-reign-lifter","fitness","false","HIDDEN_404","review:prod-ua-reign-lifter","keep","","",""
"/reviews/ua-tribase-reign-6","review","ua-tribase-reign-6","Under Armour TriBase Reign 6 Review","assess Under Armour TriBase Reign 6 as a buying decision","strengths, trade-offs, who should buy/skip","Should I buy TriBase Reign 6 after a deep assessment?","ua-tribase-reign-6","fitness","false","HIDDEN_404","review:prod-ua-tribase-reign-6","keep","","",""
"/reviews/ultimate-direction-adventure-vest","review","ultimate-direction-adventure-vest","Ultimate Direction Adventure Vest Review","assess Ultimate Direction Adventure Vest as a buying decision","strengths, trade-offs, who should buy/skip","Should I buy Adventure Vest after a deep assessment?","ultimate-direction-adventure-vest","running","false","HIDDEN_404","review:prod-ud-adventure-vest","hold","","Review held; Product remains buy/understand page","review_held_product_keeps"
"/reviews/ultimate-direction-body-bottle-500","review","ultimate-direction-body-bottle-500","Ultimate Direction Body Bottle 500 Review","assess Ultimate Direction Body Bottle 500 as a buying decision","strengths, trade-offs, who should buy/skip","Should I buy Body Bottle 500 after a deep assessment?","ultimate-direction-body-bottle-500","running","false","HIDDEN_404","review:prod-ud-body-bottle-500","hold","","Review held; Product remains buy/understand page","review_held_product_keeps"
"/reviews/ultimate-direction-fastpack-20","review","ultimate-direction-fastpack-20","Ultimate Direction Fastpack 20 Review","assess Ultimate Direction Fastpack 20 as a buying decision","strengths, trade-offs, who should buy/skip","Should I buy Fastpack 20 after a deep assessment?","ultimate-direction-fastpack-20","running","false","HIDDEN_404","review:prod-ud-fastpack-20","hold","","Review held; Product remains buy/understand page","review_held_product_keeps"
"/reviews/ultimate-direction-fastpack-30","review","ultimate-direction-fastpack-30","Ultimate Direction Fastpack 30 Review","assess Ultimate Direction Fastpack 30 as a buying decision","strengths, trade-offs, who should buy/skip","Should I buy Fastpack 30 after a deep assessment?","ultimate-direction-fastpack-30","running","false","HIDDEN_404","review:prod-ud-fastpack-30","hold","","Review held; Product remains buy/understand page","review_held_product_keeps"
"/reviews/ultimate-direction-fastpack-her-20","review","ultimate-direction-fastpack-her-20","Ultimate Direction FastpackHer 20 Review","assess Ultimate Direction FastpackHer 20 as a buying decision","strengths, trade-offs, who should buy/skip","Should I buy FastpackHer 20 after a deep assessment?","ultimate-direction-fastpack-her-20","running","false","HIDDEN_404","review:prod-ud-fastpack-her-20","hold","","Review held; Product remains buy/understand page","review_held_product_keeps"
"/reviews/ultimate-direction-race-belt","review","ultimate-direction-race-belt","Ultimate Direction Race Belt Review","assess Ultimate Direction Race Belt as a buying decision","strengths, trade-offs, who should buy/skip","Should I buy Race Belt after a deep assessment?","ultimate-direction-race-belt","running","true","INDEXABLE","review:prod-ud-race-belt","keep","","","paired_with_product"
"/reviews/ultimate-direction-race-vest-6","review","ultimate-direction-race-vest-6","Ultimate Direction Race Vest 6.0 Review","assess Ultimate Direction Race Vest 6.0 as a buying decision","strengths, trade-offs, who should buy/skip","Should I buy Race Vest 6.0 after a deep assessment?","ultimate-direction-race-vest-6","running","false","HIDDEN_404","review:prod-ud-race-vest-6","hold","","Review held; Product remains buy/understand page","review_held_product_keeps"
"/reviews/ultimate-direction-ultra-belt","review","ultimate-direction-ultra-belt","Ultimate Direction Ultra Belt Review","assess Ultimate Direction Ultra Belt as a buying decision","strengths, trade-offs, who should buy/skip","Should I buy Ultra Belt after a deep assessment?","ultimate-direction-ultra-belt","running","true","INDEXABLE","review:prod-ud-ultra-belt","keep","","","paired_with_product"
"/reviews/ultimate-direction-utility-bag","review","ultimate-direction-utility-bag","Ultimate Direction Utility Bag Review","assess Ultimate Direction Utility Bag as a buying decision","strengths, trade-offs, who should buy/skip","Should I buy Utility Bag after a deep assessment?","ultimate-direction-utility-bag","running","false","HIDDEN_404","review:prod-ud-utility-bag","hold","","Review held; Product remains buy/understand page","review_held_product_keeps"
"/reviews/ultraspire-alpha-6","review","ultraspire-alpha-6","UltrAspire Alpha 6.0 Race Vest Review","assess UltrAspire Alpha 6.0 Race Vest as a buying decision","strengths, trade-offs, who should buy/skip","Should I buy Alpha 6.0 after a deep assessment?","ultraspire-alpha-6","running","false","HIDDEN_404","review:prod-ultraspire-alpha-6","hold","","Review held; Product remains buy/understand page","review_held_product_keeps"
"/reviews/ultraspire-fitted-race-belt-2","review","ultraspire-fitted-race-belt-2","UltrAspire Fitted Race Belt 3.0 Review","assess UltrAspire Fitted Race Belt 3.0 as a buying decision","strengths, trade-offs, who should buy/skip","Should I buy Fitted Race Belt 3.0 after a deep assessment?","ultraspire-fitted-race-belt-2","running","false","HIDDEN_404","review:prod-ultraspire-fitted-race-belt","hold","","Review held; Product remains buy/understand page","review_held_product_keeps"
"/reviews/ultraspire-spry-5","review","ultraspire-spry-5","UltrAspire Spry 5.0 Review","assess UltrAspire Spry 5.0 as a buying decision","strengths, trade-offs, who should buy/skip","Should I buy Spry 5.0 after a deep assessment?","ultraspire-spry-5","running","false","HIDDEN_404","review:prod-ultraspire-spry-5","hold","","Review held; Product remains buy/understand page","review_held_product_keeps"
"/reviews/uswe-pace-8","review","uswe-pace-8","USWE Pace 8L Review","assess USWE Pace 8L as a buying decision","strengths, trade-offs, who should buy/skip","Should I buy Pace 8 after a deep assessment?","uswe-pace-8","running","false","HIDDEN_404","review:prod-uswe-pace-8","hold","","Review held; Product remains buy/understand page","review_held_product_keeps"
"/reviews/varlion-lw-carbon-difusor-2026","review","varlion-lw-carbon-difusor-2026","Varlion LW Carbon Difusor 2026 Review","assess Varlion LW Carbon Difusor 2026 as a buying decision","strengths, trade-offs, who should buy/skip","Should I buy LW Carbon Difusor 2026 after a deep assessment?","varlion-lw-carbon-difusor-2026","padel","false","HIDDEN_404","review:prod-varlion-lw-carbon-difusor","keep","","",""
"/reviews/veloforte-energy-bar","review","veloforte-energy-bar","Veloforte Energy Bar Review","assess Veloforte Energy Bar as a buying decision","strengths, trade-offs, who should buy/skip","Should I buy Energy Bar after a deep assessment?","veloforte-energy-bar","running","true","INDEXABLE","review:prod-veloforte-bar","keep","","","paired_with_product"
"/reviews/veloforte-energy-chews","review","veloforte-energy-chews","Veloforte Energy Chews Review","assess Veloforte Energy Chews as a buying decision","strengths, trade-offs, who should buy/skip","Should I buy Energy Chews after a deep assessment?","veloforte-energy-chews","running","false","HIDDEN_404","review:prod-veloforte-chews","hold","","Review held; Product remains buy/understand page","review_held_product_keeps"
"/reviews/vivobarefoot-primus-lite-iii","review","vivobarefoot-primus-lite-iii","Vivobarefoot Primus Lite III Review","assess Vivobarefoot Primus Lite III as a buying decision","strengths, trade-offs, who should buy/skip","Should I buy Primus Lite III after a deep assessment?","vivobarefoot-primus-lite-iii","fitness","false","HIDDEN_404","review:prod-vivobarefoot-primus-lite-iii","keep","","",""
"/reviews/wahoo-tickr","review","wahoo-tickr","Wahoo TICKR Review","assess Wahoo TICKR as a buying decision","strengths, trade-offs, who should buy/skip","Should I buy TICKR after a deep assessment?","wahoo-tickr","running","false","HIDDEN_404","review:prod-wahoo-tickr","hold","","Review held; Product remains buy/understand page","review_held_product_keeps"
"/reviews/wahoo-tickr-fit","review","wahoo-tickr-fit","Wahoo TICKR FIT Review","assess Wahoo TICKR FIT as a buying decision","strengths, trade-offs, who should buy/skip","Should I buy TICKR FIT after a deep assessment?","wahoo-tickr-fit","running","false","HIDDEN_404","review:prod-wahoo-tickr-fit","hold","","Review held; Product remains buy/understand page","review_held_product_keeps"
"/reviews/wahoo-tickr-x","review","wahoo-tickr-x","Wahoo TICKR X Review","assess Wahoo TICKR X as a buying decision","strengths, trade-offs, who should buy/skip","Should I buy TICKR X after a deep assessment?","wahoo-tickr-x","running","false","HIDDEN_404","review:prod-wahoo-tickr-x","hold","","Review held; Product remains buy/understand page","review_held_product_keeps"
"/reviews/wahoo-trackr","review","wahoo-trackr","Wahoo TRACKR Heart Rate Review","assess Wahoo TRACKR Heart Rate as a buying decision","strengths, trade-offs, who should buy/skip","Should I buy TRACKR Heart Rate after a deep assessment?","wahoo-trackr","running","false","HIDDEN_404","review:prod-wahoo-trackr","hold","","Review held; Product remains buy/understand page","review_held_product_keeps"
"/reviews/waterrower-a1","review","waterrower-a1","WaterRower A1 Home Review","assess WaterRower A1 Home as a buying decision","strengths, trade-offs, who should buy/skip","Should I buy A1 Home after a deep assessment?","waterrower-a1","fitness","false","HIDDEN_404","review:prod-waterrower-a1","keep","","",""
"/reviews/wilson-blade-100-v9","review","wilson-blade-100-v9","Wilson Blade 100 v9 Review","assess Wilson Blade 100 v9 as a buying decision","strengths, trade-offs, who should buy/skip","Should I buy Blade 100 v9 after a deep assessment?","wilson-blade-100-v9","tennis","false","HIDDEN_404","review:prod-wilson-blade-100-v9","keep","","",""
"/reviews/wilson-blade-98-v8","review","wilson-blade-98-v8","Wilson Blade 98 16x19 v8 Review","assess Wilson Blade 98 16x19 v8 as a buying decision","strengths, trade-offs, who should buy/skip","Should I buy Blade 98 16x19 v8 after a deep assessment?","wilson-blade-98-v8","tennis","false","HIDDEN_404","review:prod-wilson-blade-98-v8","keep","","",""
"/reviews/wilson-blade-98-v9","review","wilson-blade-98-v9","Wilson Blade 98 16x19 v9 Review","assess Wilson Blade 98 16x19 v9 as a buying decision","strengths, trade-offs, who should buy/skip","Should I buy Blade 98 16x19 v9 after a deep assessment?","wilson-blade-98-v9","tennis","false","HIDDEN_404","review:prod-wilson-blade-98-v9","keep","","",""
"/reviews/wilson-blade-pro-v2-padel-2026","review","wilson-blade-pro-v2-padel-2026","Wilson Blade Pro V2 Padel 2026 Review","assess Wilson Blade Pro V2 Padel 2026 as a buying decision","strengths, trade-offs, who should buy/skip","Should I buy Blade Pro V2 2026 after a deep assessment?","wilson-blade-pro-v2-padel-2026","padel","false","HIDDEN_404","review:prod-wilson-blade-pro-padel","keep","","",""
"/reviews/wilson-clash-100-v2","review","wilson-clash-100-v2","Wilson Clash 100 v2 Review","assess Wilson Clash 100 v2 as a buying decision","strengths, trade-offs, who should buy/skip","Should I buy Clash 100 v2 after a deep assessment?","wilson-clash-100-v2","tennis","false","HIDDEN_404","review:prod-wilson-clash-100-v2","keep","","",""
"/reviews/wilson-clash-100-v3","review","wilson-clash-100-v3","Wilson Clash 100 v3 Review","assess Wilson Clash 100 v3 as a buying decision","strengths, trade-offs, who should buy/skip","Should I buy Clash 100 v3 after a deep assessment?","wilson-clash-100-v3","tennis","false","HIDDEN_404","review:prod-wilson-clash-100-v3","keep","","",""
"/reviews/wilson-rush-pro-4-0","review","wilson-rush-pro-4-0","Wilson Rush Pro 4.0 Review","assess Wilson Rush Pro 4.0 as a buying decision","strengths, trade-offs, who should buy/skip","Should I buy Rush Pro 4.0 after a deep assessment?","wilson-rush-pro-4-0","tennis","false","HIDDEN_404","review:prod-wilson-rush-pro-4","keep","","",""
"/reviews/wilson-rush-pro-5-padel","review","wilson-rush-pro-5-padel","Wilson Rush Pro 5 Padel Review","assess Wilson Rush Pro 5 Padel as a buying decision","strengths, trade-offs, who should buy/skip","Should I buy Rush Pro 5 Padel after a deep assessment?","wilson-rush-pro-5-padel","padel","false","HIDDEN_404","review:prod-wilson-rush-pro-5-padel","keep","","",""
"/reviews/wilson-rush-pro-ace","review","wilson-rush-pro-ace","Wilson Rush Pro Ace Review","assess Wilson Rush Pro Ace as a buying decision","strengths, trade-offs, who should buy/skip","Should I buy Rush Pro Ace after a deep assessment?","wilson-rush-pro-ace","tennis","false","HIDDEN_404","review:prod-wilson-rush-pro-ace","keep","","",""
"/reviews/woodway-curve-trainer","review","woodway-curve-trainer","Woodway Curve Trainer Review","assess Woodway Curve Trainer as a buying decision","strengths, trade-offs, who should buy/skip","Should I buy Curve Trainer after a deep assessment?","woodway-curve-trainer","fitness","false","HIDDEN_404","review:prod-woodway-curve","keep","","",""
"/reviews/wrightsock-coolmesh-ii","review","wrightsock-coolmesh-ii","Wrightsock Coolmesh II Review","assess Wrightsock Coolmesh II as a buying decision","strengths, trade-offs, who should buy/skip","Should I buy Coolmesh II after a deep assessment?","wrightsock-coolmesh-ii","running","false","HIDDEN_404","review:prod-wrightsock-coolmesh-ii","hold","","Review held; Product remains buy/understand page","review_held_product_keeps"
"/reviews/xebex-ski-erg","review","xebex-ski-erg","Xebex Ski Erg Review","assess Xebex Ski Erg as a buying decision","strengths, trade-offs, who should buy/skip","Should I buy Ski Erg after a deep assessment?","xebex-ski-erg","fitness","false","HIDDEN_404","review:prod-xebex-skierg","keep","","",""
"/reviews/xero-prio","review","xero-prio","Xero Shoes Prio Review","assess Xero Shoes Prio as a buying decision","strengths, trade-offs, who should buy/skip","Should I buy Prio after a deep assessment?","xero-prio","fitness","false","HIDDEN_404","review:prod-xero-prio","keep","","",""
"/reviews/yonex-ezone-100-2025","review","yonex-ezone-100-2025","Yonex EZONE 100 8th Gen 2025 Review","assess Yonex EZONE 100 8th Gen 2025 as a buying decision","strengths, trade-offs, who should buy/skip","Should I buy EZONE 100 2025 after a deep assessment?","yonex-ezone-100-2025","tennis","false","HIDDEN_404","review:prod-yonex-ezone-100-2025","keep","","",""
"/reviews/yonex-ezone-98-2024","review","yonex-ezone-98-2024","Yonex EZONE 98 2024 Review","assess Yonex EZONE 98 2024 as a buying decision","strengths, trade-offs, who should buy/skip","Should I buy EZONE 98 2024 after a deep assessment?","yonex-ezone-98-2024","tennis","false","HIDDEN_404","review:prod-yonex-ezone-98-2024","keep","","",""
"/reviews/yonex-vcore-100-2023","review","yonex-vcore-100-2023","Yonex VCORE 100 2023 Review","assess Yonex VCORE 100 2023 as a buying decision","strengths, trade-offs, who should buy/skip","Should I buy VCORE 100 2023 after a deep assessment?","yonex-vcore-100-2023","tennis","false","HIDDEN_404","review:prod-yonex-vcore-100-2023","keep","","",""
"/reviews/yonex-vcore-98-2026","review","yonex-vcore-98-2026","Yonex VCORE 98 8th Gen 2026 Review","assess Yonex VCORE 98 8th Gen 2026 as a buying decision","strengths, trade-offs, who should buy/skip","Should I buy VCORE 98 2026 after a deep assessment?","yonex-vcore-98-2026","tennis","false","HIDDEN_404","review:prod-yonex-vcore-98-2026","keep","","",""
"/reviews/polar-h10","review","polar-h10","Polar H10 Review","assess Polar H10 as a buying decision","strengths, trade-offs, who should buy/skip","Should I buy H10 after a deep assessment?","polar-h10","running","true","INDEXABLE","review:prod-polar-h10","keep","","","paired_with_product"
"/reviews/garmin-hrm-600","review","garmin-hrm-600","Garmin HRM 600 Review","assess Garmin HRM 600 as a buying decision","strengths, trade-offs, who should buy/skip","Should I buy HRM 600 after a deep assessment?","garmin-hrm-600","running","true","INDEXABLE","review:prod-hrm-600","keep","","","paired_with_product"
"/reviews/polar-verity-sense","review","polar-verity-sense","Polar Verity Sense Review","assess Polar Verity Sense as a buying decision","strengths, trade-offs, who should buy/skip","Should I buy Verity Sense after a deep assessment?","polar-verity-sense","running","true","INDEXABLE","review:prod-polar-verity-sense","keep","","","paired_with_product"
"/reviews/scosche-rhythm-plus-2","review","scosche-rhythm-plus-2","Scosche Rhythm+ 2.0 Review","assess Scosche Rhythm+ 2.0 as a buying decision","strengths, trade-offs, who should buy/skip","Should I buy Rhythm+ 2.0 after a deep assessment?","scosche-rhythm-plus-2","running","true","INDEXABLE","review:prod-scosche-rhythm-plus-2","keep","","","paired_with_product"
"/reviews/garmin-fenix-8","review","garmin-fenix-8","Garmin Fenix 8 Review","assess Garmin Fenix 8 AMOLED 47mm as a buying decision","strengths, trade-offs, who should buy/skip","Should I buy Fenix 8 AMOLED 47mm after a deep assessment?","garmin-fenix-8","running","true","INDEXABLE","review:prod-fenix-8","keep","","","paired_with_product"
"/reviews/coros-apex-4","review","coros-apex-4","COROS Apex 4 Review","assess COROS Apex 4 as a buying decision","strengths, trade-offs, who should buy/skip","Should I buy Apex 4 after a deep assessment?","coros-apex-4","running","true","INDEXABLE","review:prod-coros-apex-4","keep","","","paired_with_product"
"/reviews/apple-watch-ultra-3","review","apple-watch-ultra-3","Apple Watch Ultra 3 Review","assess Apple Watch Ultra 3 as a buying decision","strengths, trade-offs, who should buy/skip","Should I buy Watch Ultra 3 after a deep assessment?","apple-watch-ultra-3","running","true","INDEXABLE","review:prod-apple-watch-ultra-3","keep","","","paired_with_product"
"/reviews/asics-novablast-5","review","asics-novablast-5","ASICS Novablast 5 Review","assess ASICS Novablast 5 as a buying decision","strengths, trade-offs, who should buy/skip","Should I buy Novablast 5 after a deep assessment?","asics-novablast-5","running","true","INDEXABLE","review:prod-novablast-5","keep","","","paired_with_product"
"/reviews/brooks-ghost-18","review","brooks-ghost-18","Brooks Ghost 18 Review","assess Brooks Ghost 18 as a buying decision","strengths, trade-offs, who should buy/skip","Should I buy Ghost 18 after a deep assessment?","brooks-ghost-18","running","true","INDEXABLE","review:prod-ghost-18","keep","","","paired_with_product"
"/reviews/hoka-clifton-10","review","hoka-clifton-10","HOKA Clifton 10 Review","assess HOKA Clifton 10 as a buying decision","strengths, trade-offs, who should buy/skip","Should I buy Clifton 10 after a deep assessment?","hoka-clifton-10","running","true","INDEXABLE","review:prod-clifton-10","keep","","","paired_with_product"
"/reviews/nike-pegasus-42","review","nike-pegasus-42","Nike Pegasus 42 Review","assess Nike Pegasus 42 as a buying decision","strengths, trade-offs, who should buy/skip","Should I buy Pegasus 42 after a deep assessment?","nike-pegasus-42","running","true","INDEXABLE","review:prod-pegasus-42","keep","","","paired_with_product"
"/reviews/brooks-glycerin-22","review","brooks-glycerin-22","Brooks Glycerin 22 Review","assess Brooks Glycerin 22 as a buying decision","strengths, trade-offs, who should buy/skip","Should I buy Glycerin 22 after a deep assessment?","brooks-glycerin-22","running","true","INDEXABLE","review:prod-glycerin-22","keep","","","paired_with_product"
"/reviews/asics-superblast-2","review","asics-superblast-2","ASICS SUPERBLAST 2 Review","assess ASICS SUPERBLAST 2 as a buying decision","strengths, trade-offs, who should buy/skip","Should I buy SUPERBLAST 2 after a deep assessment?","asics-superblast-2","running","true","INDEXABLE","review:prod-superblast-2","keep","","","paired_with_product"
"/reviews/nike-vomero-18","review","nike-vomero-18","Nike Vomero 18 Review","assess Nike Vomero 18 as a buying decision","strengths, trade-offs, who should buy/skip","Should I buy Vomero 18 after a deep assessment?","nike-vomero-18","running","true","INDEXABLE","review:prod-vomero-18","keep","","","paired_with_product"
"/reviews/saucony-endorphin-speed-5","review","saucony-endorphin-speed-5","Saucony Endorphin Speed 5 Review","assess Saucony Endorphin Speed 5 as a buying decision","strengths, trade-offs, who should buy/skip","Should I buy Endorphin Speed 5 after a deep assessment?","saucony-endorphin-speed-5","running","true","INDEXABLE","review:prod-endorphin-speed-5","keep","","","paired_with_product"
"/reviews/nike-vaporfly-4","review","nike-vaporfly-4","Nike Vaporfly 4 Review","assess Nike Vaporfly 4 as a buying decision","strengths, trade-offs, who should buy/skip","Should I buy Vaporfly 4 after a deep assessment?","nike-vaporfly-4","running","true","INDEXABLE","review:prod-vaporfly-4","keep","","","paired_with_product"
"/reviews/asics-gel-kayano-32","review","asics-gel-kayano-32","ASICS GEL-Kayano 32 Review","assess ASICS GEL-Kayano 32 as a buying decision","strengths, trade-offs, who should buy/skip","Should I buy GEL-Kayano 32 after a deep assessment?","asics-gel-kayano-32","running","true","INDEXABLE","review:prod-kayano-32","keep","","","paired_with_product"
"/reviews/hoka-bondi-9","review","hoka-bondi-9","HOKA Bondi 9 Review","assess HOKA Bondi 9 as a buying decision","strengths, trade-offs, who should buy/skip","Should I buy Bondi 9 after a deep assessment?","hoka-bondi-9","running","true","INDEXABLE","review:prod-bondi-9","keep","","","paired_with_product"
"/reviews/hoka-speedgoat-6","review","hoka-speedgoat-6","HOKA Speedgoat 6 Review","assess HOKA Speedgoat 6 as a buying decision","strengths, trade-offs, who should buy/skip","Should I buy Speedgoat 6 after a deep assessment?","hoka-speedgoat-6","running","true","INDEXABLE","review:prod-speedgoat-6","keep","","","paired_with_product"
"/reviews/nike-alphafly-3","review","nike-alphafly-3","Nike Alphafly 3 Review","assess Nike Alphafly 3 as a buying decision","strengths, trade-offs, who should buy/skip","Should I buy Alphafly 3 after a deep assessment?","nike-alphafly-3","running","true","INDEXABLE","review:prod-alphafly-3","keep","","","paired_with_product"
"/reviews/garmin-forerunner-970","review","garmin-forerunner-970","Garmin Forerunner 970 Review","assess Garmin Forerunner 970 as a buying decision","strengths, trade-offs, who should buy/skip","Should I buy Forerunner 970 after a deep assessment?","garmin-forerunner-970","running","true","INDEXABLE","review:prod-forerunner-970","keep","","","paired_with_product"
"/reviews/coros-pace-3","review","coros-pace-3","COROS Pace 3 Review","assess COROS Pace 3 as a buying decision","strengths, trade-offs, who should buy/skip","Should I buy Pace 3 after a deep assessment?","coros-pace-3","running","true","INDEXABLE","review:prod-coros-pace-3","keep","","","paired_with_product"
"/reviews/brooks-adrenaline-gts-25","review","brooks-adrenaline-gts-25","Brooks Adrenaline GTS 25 Review","assess Brooks Adrenaline GTS 25 as a buying decision","strengths, trade-offs, who should buy/skip","Should I buy Adrenaline GTS 25 after a deep assessment?","brooks-adrenaline-gts-25","running","true","INDEXABLE","review:prod-adrenaline-gts-25","keep","","","paired_with_product"
"/reviews/garmin-enduro-3","review","garmin-enduro-3","Garmin Enduro 3 Review","assess Garmin Enduro 3 as a buying decision","strengths, trade-offs, who should buy/skip","Should I buy Enduro 3 after a deep assessment?","garmin-enduro-3","running","true","INDEXABLE","review:prod-enduro-3","keep","","","paired_with_product"
"/reviews/garmin-instinct-3","review","garmin-instinct-3","Garmin Instinct 3 Review","assess Garmin Instinct 3 as a buying decision","strengths, trade-offs, who should buy/skip","Should I buy Instinct 3 after a deep assessment?","garmin-instinct-3","running","true","INDEXABLE","review:prod-instinct-3","keep","","","paired_with_product"
"/reviews/garmin-vivoactive-6","review","garmin-vivoactive-6","Garmin Vivoactive 6 Review","assess Garmin Vivoactive 6 as a buying decision","strengths, trade-offs, who should buy/skip","Should I buy Vivoactive 6 after a deep assessment?","garmin-vivoactive-6","running","true","INDEXABLE","review:prod-vivoactive-6","keep","","","paired_with_product"
"/reviews/garmin-forerunner-265s","review","garmin-forerunner-265s","Garmin Forerunner 265S Review","assess Garmin Forerunner 265S as a buying decision","strengths, trade-offs, who should buy/skip","Should I buy Forerunner 265S after a deep assessment?","garmin-forerunner-265s","running","true","INDEXABLE","review:prod-forerunner-265s","keep","","","paired_with_product"
"/reviews/garmin-epix-pro-gen-2","review","garmin-epix-pro-gen-2","Garmin Epix Pro (Gen 2) Review","assess Garmin Epix Pro (Gen 2) as a buying decision","strengths, trade-offs, who should buy/skip","Should I buy Epix Pro (Gen 2) after a deep assessment?","garmin-epix-pro-gen-2","running","true","INDEXABLE","review:prod-garmin-epix-pro-gen2","keep","","","paired_with_product"
"/reviews/coros-pace-4","review","coros-pace-4","COROS Pace 4 Review","assess COROS Pace 4 as a buying decision","strengths, trade-offs, who should buy/skip","Should I buy Pace 4 after a deep assessment?","coros-pace-4","running","true","INDEXABLE","review:prod-coros-pace-4","keep","","","paired_with_product"
"/reviews/coros-vertix-2s","review","coros-vertix-2s","COROS Vertix 2S Review","assess COROS Vertix 2S as a buying decision","strengths, trade-offs, who should buy/skip","Should I buy Vertix 2S after a deep assessment?","coros-vertix-2s","running","true","INDEXABLE","review:prod-coros-vertix-2s","keep","","","paired_with_product"
"/reviews/suunto-vertical-2","review","suunto-vertical-2","Suunto Vertical 2 Review","assess Suunto Vertical 2 as a buying decision","strengths, trade-offs, who should buy/skip","Should I buy Vertical 2 after a deep assessment?","suunto-vertical-2","running","true","INDEXABLE","review:prod-suunto-vertical-2","keep","","","paired_with_product"
"/reviews/suunto-run","review","suunto-run","Suunto Run Review","assess Suunto Run as a buying decision","strengths, trade-offs, who should buy/skip","Should I buy Run after a deep assessment?","suunto-run","running","true","INDEXABLE","review:prod-suunto-run","keep","","","paired_with_product"
"/reviews/polar-grit-x2","review","polar-grit-x2","Polar Grit X2 Review","assess Polar Grit X2 as a buying decision","strengths, trade-offs, who should buy/skip","Should I buy Grit X2 after a deep assessment?","polar-grit-x2","running","true","INDEXABLE","review:prod-polar-grit-x2","keep","","","paired_with_product"
"/reviews/polar-pacer","review","polar-pacer","Polar Pacer Review","assess Polar Pacer as a buying decision","strengths, trade-offs, who should buy/skip","Should I buy Pacer after a deep assessment?","polar-pacer","running","true","INDEXABLE","review:prod-polar-pacer","keep","","","paired_with_product"
"/reviews/apple-watch-series-10","review","apple-watch-series-10","Apple Watch Series 10 Review","assess Apple Watch Series 10 as a buying decision","strengths, trade-offs, who should buy/skip","Should I buy Watch Series 10 after a deep assessment?","apple-watch-series-10","running","true","INDEXABLE","review:prod-apple-watch-series-10","keep","","","paired_with_product"
"/reviews/samsung-galaxy-watch-ultra","review","samsung-galaxy-watch-ultra","Samsung Galaxy Watch Ultra Review","assess Samsung Galaxy Watch Ultra as a buying decision","strengths, trade-offs, who should buy/skip","Should I buy Galaxy Watch Ultra after a deep assessment?","samsung-galaxy-watch-ultra","running","true","INDEXABLE","review:prod-samsung-galaxy-watch-ultra","keep","","","paired_with_product"
"/reviews/amazfit-t-rex-3-pro","review","amazfit-t-rex-3-pro","Amazfit T-Rex 3 Pro Review","assess Amazfit T-Rex 3 Pro as a buying decision","strengths, trade-offs, who should buy/skip","Should I buy T-Rex 3 Pro after a deep assessment?","amazfit-t-rex-3-pro","running","true","INDEXABLE","review:prod-amazfit-t-rex-3-pro","keep","","","paired_with_product"
"/reviews/amazfit-active-2","review","amazfit-active-2","Amazfit Active 2 Review","assess Amazfit Active 2 as a buying decision","strengths, trade-offs, who should buy/skip","Should I buy Active 2 after a deep assessment?","amazfit-active-2","running","true","INDEXABLE","review:prod-amazfit-active-2","keep","","","paired_with_product"
"/reviews/head-padel-pro-s-balls","review","head-padel-pro-s-balls","Head Padel Pro S Balls Review","assess Head Padel Pro S Balls as a buying decision","strengths, trade-offs, who should buy/skip","Should I buy Padel Pro S after a deep assessment?","head-padel-pro-s-balls","padel","false","HIDDEN_404","review:prod-head-padel-pro-s","keep","","",""
"/reviews/wilson-bela-pro-v2-2026","review","wilson-bela-pro-v2-2026","Wilson Bela Pro V2 2026 Review","assess Wilson Bela Pro V2 2026 as a buying decision","strengths, trade-offs, who should buy/skip","Should I buy Bela Pro V2 2026 after a deep assessment?","wilson-bela-pro-v2-2026","padel","false","HIDDEN_404","review:prod-wilson-bela-pro","keep","","",""
"/reviews/wilson-padel-overgrip-pack","review","wilson-padel-overgrip-pack","Wilson Padel Overgrip Pack Review","assess Wilson Padel Overgrip Pack as a buying decision","strengths, trade-offs, who should buy/skip","Should I buy Padel Overgrip Pack after a deep assessment?","wilson-padel-overgrip-pack","padel","false","HIDDEN_404","review:prod-wilson-overgrip","keep","","",""
"/best/running-shoes","best","running-shoes","Best Running Shoes 2026","shortlist products for running shoes 2026","ranked roles / awards for a specific context","Which products should I shortlist for this job?","running-shoes","running","true","INDEXABLE","best:cat-running-shoes:affiliate-cases-evidence-generic-led-mapped-not-ranking","keep","","","best_peer:tempo-running-shoes;best_peer:race-shoes;best_peer:marathon-shoes;best_peer:stability-running-shoes;best_peer:trail-running-shoes;best_peer:running-shoes-beginners;near_category_browse"
"/best/daily-trainers","best","daily-trainers","Best Daily Trainers","shortlist products for daily trainers","ranked roles / awards for a specific context","Which products should I shortlist for this job?","running-shoes","running","true","INDEXABLE","best:cat-running-shoes:daily-easy-mixed-pace-road-scored-suitability-trainers","keep","","",""
"/best/running-shoes-long-runs","best","running-shoes-long-runs","Best Running Shoes for Long Runs","shortlist products for running shoes for long runs","ranked roles / awards for a specific context","Which products should I shortlist for this job?","running-shoes","running","true","INDEXABLE","best:cat-running-shoes:across-add-catalog-current-decision-distinct-evaluated-long","keep","","",""
"/best/max-cushion-running-shoes","best","max-cushion-running-shoes","Best Max Cushion Running Shoes","shortlist products for max cushion running shoes","ranked roles / awards for a specific context","Which products should I shortlist for this job?","running-shoes","running","true","INDEXABLE","best:cat-running-shoes:cushion-high-max-maximum-not-road-same-shoes","keep","","",""
"/best/tempo-running-shoes","best","tempo-running-shoes","Best Tempo Running Shoes","shortlist products for tempo running shoes","ranked roles / awards for a specific context","Which products should I shortlist for this job?","running-shoes","running","true","INDEXABLE","best:cat-running-shoes:alone-carbon-day-not-pure-race-shoes-speed","keep","","","best_peer:running-shoes"
"/best/race-shoes","best","race-shoes","Best Race Running Shoes","shortlist products for race running shoes","ranked roles / awards for a specific context","Which products should I shortlist for this job?","running-shoes","running","true","INDEXABLE","best:cat-running-shoes:carbon-contexts-oriented-race-racing-recommendation-selected-shoes","keep","","","best_peer:running-shoes"
"/best/carbon-plated-running-shoes","best","carbon-plated-running-shoes","Best Carbon-Plated Running Shoes","shortlist products for carbon-plated running shoes","ranked roles / awards for a specific context","Which products should I shortlist for this job?","running-shoes","running","true","INDEXABLE","best:cat-running-shoes:carbon-live-nylon-plated-road-shoes-tempo-trainers","keep","","",""
"/best/marathon-shoes","best","marathon-shoes","Best Marathon Running Shoes","shortlist products for marathon running shoes","ranked roles / awards for a specific context","Which products should I shortlist for this job?","running-shoes","running","true","INDEXABLE","best:cat-running-shoes:alone-contexts-duplicate-long-marathon-not-race-recommendations","keep","","","best_peer:running-shoes"
"/best/stability-running-shoes","best","stability-running-shoes","Best Stability Running Shoes","shortlist products for stability running shoes","ranked roles / awards for a specific context","Which products should I shortlist for this job?","running-shoes","running","true","INDEXABLE","best:cat-running-shoes:classifications-diagnosis-medical-not-overpronation-shoes-stability-structured","keep","","","best_peer:running-shoes"
"/best/trail-running-shoes","best","trail-running-shoes","Best Trail Running Shoes","shortlist products for trail running shoes","ranked roles / awards for a specific context","Which products should I shortlist for this job?","running-shoes","running","true","INDEXABLE","best:cat-running-shoes:classification-contexts-recommendation-shoes-terrain-trail","keep","","","best_peer:running-shoes"
"/best/running-shoes-heavy-runners","best","running-shoes-heavy-runners","Best Running Shoes for Heavier Runners","shortlist products for running shoes for heavier runners","ranked roles / awards for a specific context","Which products should I shortlist for this job?","running-shoes","running","true","INDEXABLE","best:cat-running-shoes:cushioning-durability-heavier-heavy-higher-medical-not-platform","keep","","",""
"/best/running-shoes-beginners","best","running-shoes-beginners","Best Running Shoes for Beginners","shortlist products for running shoes for beginners","ranked roles / awards for a specific context","Which products should I shortlist for this job?","running-shoes","running","true","INDEXABLE","best:cat-running-shoes:beginner-beginners-cheapest-comfort-merely-not-pairs-predictability","keep","","","best_peer:running-shoes"
"/best/running-shoes-wide-feet","best","running-shoes-wide-feet","Best Running Shoes for Wide Feet","shortlist products for running shoes for wide feet","ranked roles / awards for a specific context","Which products should I shortlist for this job?","running-shoes","running","true","INDEXABLE","best:cat-running-shoes:availability-feet-language-merely-not-official-picks-requiring","keep","","",""
"/best/running-watches","best","running-watches","Best Running Watches 2026","shortlist products for running watches 2026","ranked roles / awards for a specific context","Which products should I shortlist for this job?","gps-watches","running","true","INDEXABLE","best:cat-gps-watches:battery-gps-maps-metrics-needs-selected-training-value","keep","","","best_peer:running-watches-beginners;best_peer:running-watches-trail;best_peer:running-watches-ultra;best_peer:running-watches-budget;best_peer:running-watches-music;near_category_browse"
"/best/running-watches-beginners","best","running-watches-beginners","Best Running Watches for Beginners 2026","shortlist products for running watches for beginners 2026","ranked roles / awards for a specific context","Which products should I shortlist for this job?","gps-watches","running","true","INDEXABLE","best:cat-gps-watches:5ks-battery-beginners-building-clear-entry-feature-first","keep","","","best_peer:running-watches"
"/best/running-watches-marathon","best","running-watches-marathon","Best Running Watches for Marathon Training 2026","shortlist products for running watches for marathon training 2026","ranked roles / awards for a specific context","Which products should I shortlist for this job?","gps-watches","running","true","INDEXABLE","best:cat-gps-watches:battery-blocks-gps-handle-load-long-marathon-reliable","keep","","",""
"/best/running-watches-trail","best","running-watches-trail","Best Trail Running Watches 2026","shortlist products for trail running watches 2026","ranked roles / awards for a specific context","Which products should I shortlist for this job?","gps-watches","running","true","INDEXABLE","best:cat-gps-watches:battery-builds-days-durable-gps-long-maps-mountain","keep","","","best_peer:running-watches"
"/best/running-watches-ultra","best","running-watches-ultra","Best Ultra Running Watches 2026","shortlist products for ultra running watches 2026","ranked roles / awards for a specific context","Which products should I shortlist for this job?","gps-watches","running","true","INDEXABLE","best:cat-gps-watches:battery-builds-class-efforts-enough-focused-gps-leading","keep","","","best_peer:running-watches"
"/best/running-watches-budget","best","running-watches-budget","Best Budget Running Watches 2026","shortlist products for budget running watches 2026","ranked roles / awards for a specific context","Which products should I shortlist for this job?","gps-watches","running","true","INDEXABLE","best:cat-gps-watches:budget-cover-essentials-flagship-gps-spend-training-value","keep","","","best_peer:running-watches"
"/best/running-watches-music","best","running-watches-music","Best Running Watches with Music 2026","shortlist products for running watches with music 2026","ranked roles / awards for a specific context","Which products should I shortlist for this job?","gps-watches","running","true","INDEXABLE","best:cat-gps-watches:free-gps-music-phone-run-solid-storage-tools","keep","","","best_peer:running-watches"
"/best/running-watches-small-wrists","best","running-watches-small-wrists","Best Running Watches for Small Wrists 2026","shortlist products for running watches for small wrists 2026","ranked roles / awards for a specific context","Which products should I shortlist for this job?","gps-watches","running","true","INDEXABLE","best:cat-gps-watches:cases-compact-core-giving-gps-lighter-sizes-small","keep","","",""
"/best/heart-rate-monitors-running","best","heart-rate-monitors-running","Best Heart Rate Monitors for Running 2026","shortlist products for heart rate monitors for running 2026","ranked roles / awards for a specific context","Which products should I shortlist for this job?","heart-rate-monitors","running","true","INDEXABLE","best:cat-hrm:armband-ecg-enough-external-heart-monitors-optical-rate","keep","","","best_peer:heart-rate-monitors-chest-straps;best_peer:heart-rate-monitors-intervals;near_category_browse"
"/best/heart-rate-monitors-chest-straps","best","heart-rate-monitors-chest-straps","Best Chest Strap Heart Rate Monitors 2026","shortlist products for chest strap heart rate monitors 2026","ranked roles / awards for a specific context","Which products should I shortlist for this job?","heart-rate-monitors","running","true","INDEXABLE","best:cat-hrm:chest-faster-heart-hrms-monitors-more-need-optical","keep","","","best_peer:heart-rate-monitors-running"
"/best/heart-rate-monitors-intervals","best","heart-rate-monitors-intervals","Best HR Monitors for Interval Training 2026","shortlist products for hr monitors for interval training 2026","ranked roles / awards for a specific context","Which products should I shortlist for this job?","heart-rate-monitors","running","true","INDEXABLE","best:cat-hrm:heart-interval-intervals-lags-monitors-optical-rate-structured","keep","","","best_peer:heart-rate-monitors-running"
"/best/heart-rate-monitors-hyrox","best","heart-rate-monitors-hyrox","Best HR Monitors for HYROX 2026","shortlist products for hr monitors for hyrox 2026","ranked roles / awards for a specific context","Which products should I shortlist for this job?","heart-rate-monitors","hyrox","false","HIDDEN_404","best:cat-hrm:accuracy-armband-around-chest-comfort-get-heart-hyrox","keep","","",""
"/best/running-hydration-vests","best","running-hydration-vests","Best Running Hydration Vests","shortlist products for running hydration vests","ranked roles / awards for a specific context","Which products should I shortlist for this job?","running-packs-vests","running","true","INDEXABLE","best:cat-packs-vests:capacity-hydration-long-packs-product-specs-trail-training","keep","","","best_peer:hydration-vests-trail;best_peer:hydration-vests-ultra"
"/best/running-belts","best","running-belts","Best Running Belts","shortlist products for running belts","ranked roles / awards for a specific context","Which products should I shortlist for this job?","running-belts","running","true","INDEXABLE","best:cat-running-belts:belts-carry-more-need-than-vest-when","keep","","","near_category_browse"
"/best/running-packs","best","running-packs","Best Running Packs & Fastpacking Packs 2026","shortlist products for running packs & fastpacking packs 2026","ranked roles / awards for a specific context","Which products should I shortlist for this job?","running-packs-vests","running","true","INDEXABLE","best:cat-packs-vests:backpacks-big-carry-commute-days-distinct-fastpacking-hydration","keep","","",""
"/best/hydration-vests-trail","best","hydration-vests-trail","Best Hydration Vests for Trail Running","shortlist products for hydration vests for trail running","ranked roles / awards for a specific context","Which products should I shortlist for this job?","running-packs-vests","running","true","INDEXABLE","best:cat-packs-vests:days-dirt-focused-hydration-race-trail-training-vests","keep","","","best_peer:running-hydration-vests"
"/best/hydration-vests-ultra","best","hydration-vests-ultra","Best Hydration Vests for Ultras","shortlist products for hydration vests for ultras","ranked roles / awards for a specific context","Which products should I shortlist for this job?","running-packs-vests","running","true","INDEXABLE","best:cat-packs-vests:adventure-capacity-days-higher-hydration-long-ultra-ultras","keep","","","best_peer:running-hydration-vests"
"/best/handheld-running-bottles","best","handheld-running-bottles","Best Handheld Running Bottles","shortlist products for handheld running bottles","ranked roles / awards for a specific context","Which products should I shortlist for this job?","hydration","running","true","INDEXABLE","best:cat-hydration:bottles-flasks-handheld-longs-races-road-soft","keep","","",""
"/best/hydration-marathon-training","best","hydration-marathon-training","Best Hydration for Marathon Training","shortlist products for hydration for marathon training","ranked roles / awards for a specific context","Which products should I shortlist for this job?","running-packs-vests","running","true","INDEXABLE","best:cat-packs-vests:defaulting-hydration-marathon-packs-training-ultra-without","keep","","",""
"/best/running-headphones","best","running-headphones","Best Running Headphones","shortlist products for running headphones","ranked roles / awards for a specific context","Which products should I shortlist for this job?","headphones","running","true","INDEXABLE","best:cat-headphones:across-anc-awareness-bone-careful-clip-design-four","keep","","","near_category_browse"
"/best/running-socks","best","running-socks","Best Running Socks 2026","shortlist products for running socks 2026","ranked roles / awards for a specific context","Which products should I shortlist for this job?","running-socks","running","true","INDEXABLE","best:cat-running-socks:blister-builds-claims-cushion-daily-day-durability-focused","keep","","","near_category_browse"
"/best/running-shorts","best","running-shorts","Best Running Shorts 2026","shortlist products for running shorts 2026","ranked roles / awards for a specific context","Which products should I shortlist for this job?","running-clothing","running","true","INDEXABLE","best:cat-running-clothing:called-daily-explicitly-genderfit-liner-longs-men-miles","keep","","",""
"/best/running-jackets","best","running-jackets","Best Running Jackets 2026","shortlist products for running jackets 2026","ranked roles / awards for a specific context","Which products should I shortlist for this job?","running-clothing","running","true","INDEXABLE","best:cat-running-clothing:called-cool-daily-genderfit-jackets-light-out-packable","keep","","","best_peer:running-rain-jackets"
"/best/running-rain-jackets","best","running-rain-jackets","Best Running Rain Jackets 2026","shortlist products for running rain jackets 2026","ranked roles / awards for a specific context","Which products should I shortlist for this job?","running-clothing","running","true","INDEXABLE","best:cat-running-clothing:bonatti-jackets-men-noted-options-race-rain-road","keep","","","best_peer:running-jackets"
"/best/running-tights","best","running-tights","Best Running Tights 2026","shortlist products for running tights 2026","ranked roles / awards for a specific context","Which products should I shortlist for this job?","running-clothing","running","true","INDEXABLE","best:cat-running-clothing:called-cooler-coverage-full-genderfit-half-men-miles","keep","","",""
"/best/running-gear-winter","best","running-gear-winter","Best Winter Running Gear 2026","shortlist products for winter running gear 2026","ranked roles / awards for a specific context","Which products should I shortlist for this job?","running-clothing","running","true","INDEXABLE","best:cat-running-clothing:advice-base-clothing-cold-genderfit-gloves-layering-layers","keep","","",""
"/best/running-clothing-hot-weather","best","running-clothing-hot-weather","Best Hot-Weather Running Clothing 2026","shortlist products for hot-weather running clothing 2026","ranked roles / awards for a specific context","Which products should I shortlist for this job?","running-clothing","running","true","INDEXABLE","best:cat-running-clothing:apparel-breathable-clothing-genderfit-hot-men-picks-race","keep","","",""
"/best/running-headlamps","best","running-headlamps","Best Running Headlamps","shortlist products for running headlamps","ranked roles / awards for a specific context","Which products should I shortlist for this job?","running-lights","running","true","INDEXABLE","best:cat-running-lights:beam-bounce-control-headlamps-modes-night-pattern-reactive","keep","","",""
"/best/running-sunglasses","best","running-sunglasses","Best Running Sunglasses 2026","shortlist products for running sunglasses 2026","ranked roles / awards for a specific context","Which products should I shortlist for this job?","sunglasses","running","true","INDEXABLE","best:cat-sunglasses:bright-coverage-day-fit-lens-light-mixed-optics","keep","","","near_category_browse"
"/best/running-safety-visibility","best","running-safety-visibility","Best Running Safety & Visibility Gear 2026","shortlist products for running safety & visibility gear 2026","ranked roles / awards for a specific context","Which products should I shortlist for this job?","safety-gear","running","true","INDEXABLE","best:cat-safety:accessories-alarms-clip-commute-legal-lights-night-not","keep","","",""
"/best/running-race-fuel","best","running-race-fuel","Best Running Race Fuel 2026","shortlist products for running race fuel 2026","ranked roles / awards for a specific context","Which products should I shortlist for this job?","nutrition-fuel","running","true","INDEXABLE","best:cat-nutrition:bottle-chews-day-electrolytes-first-format-fuel-gels","keep","","",""
"/best/running-recovery-gear","best","running-recovery-gear","Best Running Recovery Gear 2026","shortlist products for running recovery gear 2026","ranked roles / awards for a specific context","Which products should I shortlist for this job?","recovery","running","true","INDEXABLE","best:cat-recovery-gear:adjuncts-comfort-medical-not-picks-portability-practical-recovery","keep","","",""
"/best/padel-rackets","best","padel-rackets","Best Padel Rackets","shortlist products for padel rackets","ranked roles / awards for a specific context","Which products should I shortlist for this job?","padel-rackets","padel","false","HIDDEN_404","best:cat-padel-rackets:padel-rackets","keep","","",""
"/best/tennis-rackets","best","tennis-rackets","Best Tennis Rackets","shortlist products for tennis rackets","ranked roles / awards for a specific context","Which products should I shortlist for this job?","tennis-rackets","tennis","false","HIDDEN_404","best:cat-tennis-rackets:rackets-tennis","keep","","",""
"/best/adjustable-dumbbells","best","adjustable-dumbbells","Best Adjustable Dumbbells","shortlist products for adjustable dumbbells","ranked roles / awards for a specific context","Which products should I shortlist for this job?","adjustable-dumbbells","fitness","false","HIDDEN_404","best:cat-adjustable-dumbbells:adjustable-dumbbells","keep","","",""
"/best/power-racks","best","power-racks","Best Power Racks","shortlist products for power racks","ranked roles / awards for a specific context","Which products should I shortlist for this job?","power-racks","fitness","false","HIDDEN_404","best:cat-power-racks:power-racks","keep","","",""
"/best/training-shoes","best","training-shoes","Best Training Shoes","shortlist products for training shoes","ranked roles / awards for a specific context","Which products should I shortlist for this job?","training-shoes","fitness","false","HIDDEN_404","best:cat-training-shoes:shoes-training","keep","","",""
"/best/hyrox-shoes","best","hyrox-shoes","Best HYROX Shoes","shortlist products for hyrox shoes","ranked roles / awards for a specific context","Which products should I shortlist for this job?","training-shoes","hyrox","false","HIDDEN_404","best:cat-training-shoes:hyrox-shoes","keep","","",""
"/best/rowing-machines","best","rowing-machines","Best Rowing Machines","shortlist products for rowing machines","ranked roles / awards for a specific context","Which products should I shortlist for this job?","rowing-machines","fitness","false","HIDDEN_404","best:cat-rowing-machines:machines-rowing","keep","","",""
"/best/pull-up-bars","best","pull-up-bars","Best Pull-Up Bars","shortlist products for pull-up bars","ranked roles / awards for a specific context","Which products should I shortlist for this job?","pull-up-bars","calisthenics","false","HIDDEN_404","best:cat-pull-up-bars:bars-pull","keep","","",""
"/best/home-gym-equipment","best","home-gym-equipment","Best Home Gym Equipment","shortlist products for home gym equipment","ranked roles / awards for a specific context","Which products should I shortlist for this job?","power-racks","fitness","false","HIDDEN_404","best:cat-power-racks:equipment-gym-home","keep","","",""
"/best/adjustable-benches","best","adjustable-benches","Best Adjustable Benches","shortlist products for adjustable benches","ranked roles / awards for a specific context","Which products should I shortlist for this job?","weight-benches","fitness","false","HIDDEN_404","best:cat-weight-benches:adjustable-benches","keep","","",""
"/best/air-bikes","best","air-bikes","Best Air Bikes","shortlist products for air bikes","ranked roles / awards for a specific context","Which products should I shortlist for this job?","air-bikes","fitness","false","HIDDEN_404","best:cat-air-bikes:air-bikes","keep","","",""
"/best/treadmills-for-home","best","treadmills-for-home","Best Treadmills for Home","shortlist products for treadmills for home","ranked roles / awards for a specific context","Which products should I shortlist for this job?","treadmills","fitness","false","HIDDEN_404","best:cat-treadmills:home-treadmills","keep","","",""
"/best/weight-plates","best","weight-plates","Best Weight Plates","shortlist products for weight plates","ranked roles / awards for a specific context","Which products should I shortlist for this job?","weight-plates","fitness","false","HIDDEN_404","best:cat-weight-plates:plates-weight","keep","","",""
"/guides/how-to-choose-running-shoes","guide","how-to-choose-running-shoes","How to Choose Running Shoes","learn: how to choose running shoes","explain concepts and decision framework","What do I need to understand before choosing?","running-shoes","running","true","INDEXABLE","guide:cat-running-shoes:add-choose-compare-correct-cushion-everyone-features-fit","keep","","",""
"/guides/running-shoe-drop","guide","running-shoe-drop","Running Shoe Drop Explained","learn: running shoe drop explained","explain concepts and decision framework","What do I need to understand before choosing?","running-shoes","running","true","INDEXABLE","guide:cat-running-shoes:better-changes-does-drop-forefoot-geometry-heel-millimetres","keep","","",""
"/guides/running-shoe-cushioning","guide","running-shoe-cushioning","Running Shoe Cushioning Explained","learn: running shoe cushioning explained","explain concepts and decision framework","What do I need to understand before choosing?","running-shoes","running","true","INDEXABLE","guide:cat-running-shoes:adjectives-character-compresses-cushioning-cushionlevel-energy-marketing-material","keep","","",""
"/guides/stability-shoes-explained","guide","stability-shoes-explained","Stability Running Shoes Explained","learn: stability running shoes explained","explain concepts and decision framework","What do I need to understand before choosing?","running-shoes","running","true","INDEXABLE","guide:cat-running-shoes:aggressive-automatically-better-create-designs-diagnose-does-footwear","keep","","",""
"/guides/carbon-vs-nylon-plates","guide","carbon-vs-nylon-plates","Carbon vs Nylon Plates","learn: carbon vs nylon plates","explain concepts and decision framework","What do I need to understand before choosing?","running-shoes","running","true","INDEXABLE","guide:cat-running-shoes:alone-carbon-day-does-faster-make-material-not","keep","","",""
"/guides/what-is-a-daily-trainer","guide","what-is-a-daily-trainer","What Is a Daily Trainer?","learn: what is a daily trainer?","explain concepts and decision framework","What do I need to understand before choosing?","running-shoes","running","true","INDEXABLE","guide:cat-running-shoes:absorb-built-cushion-daily-day-easy-favour-max","keep","","",""
"/guides/running-shoe-rotation","guide","running-shoe-rotation","Running Shoe Rotation Explained","learn: running shoe rotation explained","explain concepts and decision framework","What do I need to understand before choosing?","running-shoes","running","true","INDEXABLE","guide:cat-running-shoes:assigns-because-closet-conflict-daily-enough-every-full","keep","","",""
"/guides/running-shoe-terminology","guide","running-shoe-terminology","Running Shoe Terminology","learn: running shoe terminology","explain concepts and decision framework","What do I need to understand before choosing?","running-shoes","running","true","INDEXABLE","guide:cat-running-shoes:consistent-definitions-finders-instead-learn-let-marketing-once","keep","","",""
"/guides/road-vs-trail-running-shoes","guide","road-vs-trail-running-shoes","Road vs Trail Running Shoes","learn: road vs trail running shoes","explain concepts and decision framework","What do I need to understand before choosing?","running-shoes","running","true","INDEXABLE","guide:cat-running-shoes:both-but-compromise-durability-exist-extremes-grip-mixed","keep","","",""
"/guides/how-to-choose-running-watch","guide","how-to-choose-running-watch","How to Choose a Running Watch","learn: how to choose a running watch","explain concepts and decision framework","What do I need to understand before choosing?","gps-watches","running","true","INDEXABLE","guide:cat-gps-watches:battery-choose-ecosystem-efforts-gps-history-invest-lock","keep","","",""
"/guides/multi-band-gps-running-watches","guide","multi-band-gps-running-watches","Multi-Band GPS for Running Watches","learn: multi-band gps for running watches","explain concepts and decision framework","What do I need to understand before choosing?","gps-watches","running","true","INDEXABLE","guide:cat-gps-watches:band-battery-cities-costs-default-easy-every-forests","keep","","",""
"/guides/how-to-choose-heart-rate-monitor","guide","how-to-choose-heart-rate-monitor","How to Choose a Heart Rate Monitor","learn: how to choose a heart rate monitor","explain concepts and decision framework","What do I need to understand before choosing?","heart-rate-monitors","running","true","INDEXABLE","guide:cat-hrm:alternative-arm-but-chest-choose-convenient-default-during","keep","","",""
"/guides/how-to-choose-running-hydration-vest","guide","how-to-choose-running-hydration-vest","How to Choose a Running Hydration Vest","learn: how to choose a running hydration vest","explain concepts and decision framework","What do I need to understand before choosing?","running-packs-vests","running","true","INDEXABLE","guide:cat-packs-vests:aid-availability-bounce-capacity-choose-distance-fit-flask","keep","","",""
"/guides/hydration-vest-vs-running-belt","guide","hydration-vest-vs-running-belt","Hydration Vest vs Running Belt","learn: hydration vest vs running belt","explain concepts and decision framework","What do I need to understand before choosing?","running-packs-vests","running","true","INDEXABLE","guide:cat-packs-vests:belt-capacity-exceed-flasks-gels-hydration-layers-logistics","keep","","",""
"/guides/how-to-choose-running-headlamp","guide","how-to-choose-running-headlamp","How to Choose a Running Headlamp","learn: how to choose a running headlamp","explain concepts and decision framework","What do I need to understand before choosing?","running-lights","running","true","INDEXABLE","guide:cat-running-lights:beam-choose-dark-effort-headlamp-longest-prioritise-resistance","keep","","",""
"/guides/open-ear-vs-in-ear-running-headphones","guide","open-ear-vs-in-ear-running-headphones","Open-Ear vs In-Ear Running Headphones","learn: open-ear vs in-ear running headphones","explain concepts and decision framework","What do I need to understand before choosing?","headphones","running","true","INDEXABLE","guide:cat-headphones:awareness-deliberately-designs-ear-generally-headphone-headphones-inherently","keep","","",""
"/guides/running-gels-explained","guide","running-gels-explained","Running Gels Explained","learn: running gels explained","explain concepts and decision framework","What do I need to understand before choosing?","nutrition-fuel","running","true","INDEXABLE","guide:cat-nutrition:belt-caffeine-carbs-easily-fit-gels-label-late","keep","","",""
"/guides/how-to-carry-fuel-on-long-runs","guide","how-to-carry-fuel-on-long-runs","How to Carry Fuel on Long Runs","learn: how to carry fuel on long runs","explain concepts and decision framework","What do I need to understand before choosing?","nutrition-fuel","running","true","INDEXABLE","guide:cat-nutrition:access-belt-bottles-carry-fatigue-few-fuel-gels","keep","","",""
"/guides/gel-vs-drink-mix-vs-chews","guide","gel-vs-drink-mix-vs-chews","Gel vs Drink Mix vs Chews","learn: gel vs drink mix vs chews","explain concepts and decision framework","What do I need to understand before choosing?","nutrition-fuel","running","true","INDEXABLE","guide:cat-nutrition:after-between-bite-bottle-carbs-chews-combine-drink","keep","","",""
"/guides/caffeine-in-running-fuel-explained","guide","caffeine-in-running-fuel-explained","Caffeine in Running Fuel Explained","learn: caffeine in running fuel explained","explain concepts and decision framework","What do I need to understand before choosing?","nutrition-fuel","running","true","INDEXABLE","guide:cat-nutrition:already-attribute-avoid-caffeinated-caffeine-choose-compare-decide","keep","","",""
"/guides/massage-guns-explained","guide","massage-guns-explained","Massage Guns Explained","learn: massage guns explained","explain concepts and decision framework","What do I need to understand before choosing?","recovery","running","true","INDEXABLE","guide:cat-recovery-gear:actually-choose-circulation-claims-comfort-device-gun-guns","keep","","",""
"/guides/foam-rolling-for-runners","guide","foam-rolling-for-runners","Foam Rolling for Runners","learn: foam rolling for runners","explain concepts and decision framework","What do I need to understand before choosing?","recovery","running","true","INDEXABLE","guide:cat-recovery-gear:approachable-brand-consistency-density-firm-firmer-foam-guarantee","keep","","",""
"/guides/recovery-tools-what-evidence-shows","guide","recovery-tools-what-evidence-shows","Recovery Tools: What Evidence Shows (and Doesn't)","learn: recovery tools: what evidence shows (and doesn't)","explain concepts and decision framework","What do I need to understand before choosing?","recovery","running","true","INDEXABLE","guide:cat-recovery-gear:about-adjuncts-after-claims-clearly-comfort-days-doesn","keep","","",""
"/guides/optical-wrist-hr-vs-chest-strap","guide","optical-wrist-hr-vs-chest-strap","Optical Wrist HR vs Chest Strap for Runners","learn: optical wrist hr vs chest strap for runners","concept comparison / framework","What do I need to understand before choosing?","heart-rate-monitors","running","true","INDEXABLE","guide:cat-hrm:all-arm-bad-bands-beat-between-brand-chest","keep","","",""
"/guides/running-watch-battery-life-explained","guide","running-watch-battery-life-explained","Running Watch Battery Life Explained","learn: running watch battery life explained","explain concepts and decision framework","What do I need to understand before choosing?","gps-watches","running","true","INDEXABLE","guide:cat-gps-watches:always-assume-backlight-band-battery-brochure-case-cold","keep","","",""
"/guides/maps-navigation-running-watches","guide","maps-navigation-running-watches","Maps & Navigation on Running Watches","learn: maps & navigation on running watches","explain concepts and decision framework","What do I need to understand before choosing?","gps-watches","running","true","INDEXABLE","guide:cat-gps-watches:battery-breadcrumb-buy-cartography-city-complex-cost-course","keep","","",""
"/guides/beginner-vs-advanced-running-watch","guide","beginner-vs-advanced-running-watch","Beginner vs Advanced Running Watch Features","learn: beginner vs advanced running watch features","explain concepts and decision framework","What do I need to understand before choosing?","gps-watches","running","true","INDEXABLE","guide:cat-gps-watches:advanced-athletes-attention-battery-beginner-beginners-block-change","keep","","",""
"/guides/soft-flasks-vs-bladders-explained","guide","soft-flasks-vs-bladders-explained","Soft Flasks vs Hydration Bladders Explained","learn: soft flasks vs hydration bladders explained","concept comparison / framework","What do I need to understand before choosing?","hydration","running","true","INDEXABLE","guide:cat-hydration:actually-bladders-both-but-carry-centrally-cleaning-comparison","keep","","",""
"/guides/how-to-choose-running-belt","guide","how-to-choose-running-belt","How to Choose a Running Belt","learn: how to choose a running belt","explain concepts and decision framework","What do I need to understand before choosing?","running-belts","running","true","INDEXABLE","guide:cat-running-belts:already-beat-before-belt-bottle-bounce-buying-chafe","keep","","",""
"/guides/handheld-bottles-for-running","guide","handheld-bottles-for-running","Handheld Bottles for Running","learn: handheld bottles for running","explain concepts and decision framework","What do I need to understand before choosing?","hydration","running","true","INDEXABLE","guide:cat-hydration:before-belt-bottle-bottles-buying-comfort-day-drinking","keep","","",""
"/guides/hydration-for-marathon-training","guide","hydration-for-marathon-training","Hydration for Marathon Training","learn: hydration for marathon training","explain concepts and decision framework","What do I need to understand before choosing?","hydration","running","true","INDEXABLE","guide:cat-hydration:access-belong-belt-carry-change-city-day-debut","keep","","",""
"/guides/how-to-choose-running-socks","guide","how-to-choose-running-socks","How to Choose Running Socks","learn: how to choose running socks","explain concepts and decision framework","What do I need to understand before choosing?","running-socks","running","true","INDEXABLE","guide:cat-running-socks:achilles-before-bulky-buying-cause-choose-coverage-cushion","keep","","",""
"/guides/running-jackets-explained","guide","running-jackets-explained","Running Jackets Explained","learn: running jackets explained","explain concepts and decision framework","What do I need to understand before choosing?","running-clothing","running","true","INDEXABLE","guide:cat-running-clothing:actually-beat-breathability-buy-cool-dark-days-dry","keep","","",""
"/guides/hot-weather-running-apparel","guide","hot-weather-running-apparel","Hot-Weather Running Apparel","learn: hot-weather running apparel","explain concepts and decision framework","What do I need to understand before choosing?","running-clothing","running","true","INDEXABLE","guide:cat-running-clothing:airflow-apparel-colours-cotton-coverage-cuts-decision-even","keep","","",""
"/guides/winter-layering-for-runners","guide","winter-layering-for-runners","Winter Layering for Runners","learn: winter layering for runners","explain concepts and decision framework","What do I need to understand before choosing?","running-clothing","running","true","INDEXABLE","guide:cat-running-clothing:add-after-avoid-base-beat-cool-cotton-dark","keep","","",""
"/guides/shoe-jobs-by-session-type","guide","shoe-jobs-by-session-type","Shoe Jobs by Session Type","learn: shoe jobs by session type","explain concepts and decision framework","What do I need to understand before choosing?","running-shoes","running","true","INDEXABLE","guide:cat-running-shoes:before-bridge-daily-days-decision-dedicated-easy-efforts","keep","","",""
"/guides/first-marathon-gear-checklist","guide","first-marathon-gear-checklist","First Marathon Gear Checklist","learn: first marathon gear checklist","explain concepts and decision framework","What do I need to understand before choosing?","running-shoes","running","true","INDEXABLE","guide:cat-running-shoes:battery-beat-before-buys-carry-checklist-decision-dress","keep","","",""
"/guides/trail-race-kit-essentials","guide","trail-race-kit-essentials","Trail Race Kit Essentials","learn: trail race kit essentials","explain concepts and decision framework","What do I need to understand before choosing?","hydration","running","true","INDEXABLE","guide:cat-hydration:carry-darkness-essentials-full-just-layers-light-list","keep","","",""
"/guides/beginner-running-gear-stack","guide","beginner-running-gear-stack","Beginner Running Gear Stack","learn: beginner running gear stack","explain concepts and decision framework","What do I need to understand before choosing?","running-shoes","running","true","INDEXABLE","guide:cat-running-shoes:add-anti-appears-basic-beats-beginner-capacity-chafe","keep","","",""
"/guides/when-to-use-a-massage-gun","guide","when-to-use-a-massage-gun","When to Use a Massage Gun","learn: when to use a massage gun","explain concepts and decision framework","What do I need to understand before choosing?","recovery","running","true","INDEXABLE","guide:cat-recovery-gear:acute-after-attachment-battery-better-bony-brief-claims","keep","","",""
"/guides/recovery-sandals-for-runners","guide","recovery-sandals-for-runners","Recovery Sandals for Runners","learn: recovery sandals for runners","explain concepts and decision framework","What do I need to understand before choosing?","recovery","running","true","INDEXABLE","guide:cat-recovery-gear:after-another-break-buying-care-choose-clinical-day","keep","","",""
"/guides/how-to-choose-a-padel-racket","guide","how-to-choose-a-padel-racket","How to Choose a Padel Racket","learn: how to choose a padel racket","explain concepts and decision framework","What do I need to understand before choosing?","padel-rackets","padel","false","HIDDEN_404","guide:cat-padel-rackets:alone-balance-carbon-choose-control-count-filters-level","keep","","",""
"/guides/how-to-choose-padel-shoes","guide","how-to-choose-padel-shoes","How to Choose Padel Shoes","learn: how to choose padel shoes","explain concepts and decision framework","What do I need to understand before choosing?","padel-shoes","padel","false","HIDDEN_404","guide:cat-padel-shoes:choose-colourways-come-court-cushioning-fashion-fit-last","keep","","",""
"/guides/padel-grips-overgrips-explained","guide","padel-grips-overgrips-explained","Padel Grips & Overgrips Explained","learn: padel grips & overgrips explained","explain concepts and decision framework","What do I need to understand before choosing?","padel-grips","padel","false","HIDDEN_404","guide:cat-padel-grips:base-diameter-grip-grips-handle-most-often-overgrips","keep","","",""
"/guides/how-to-choose-a-tennis-racket","guide","how-to-choose-a-tennis-racket","How to Choose a Tennis Racket","learn: how to choose a tennis racket","explain concepts and decision framework","What do I need to understand before choosing?","tennis-rackets","tennis","false","HIDDEN_404","guide:cat-tennis-rackets:already-bias-choose-control-finish-first-grip-head","keep","","",""
"/guides/how-to-build-a-home-gym","guide","how-to-build-a-home-gym","How to Build a Home Gym","learn: how to build a home gym","explain concepts and decision framework","What do I need to understand before choosing?","power-racks","fitness","false","HIDDEN_404","guide:cat-power-racks:accessory-bar-basics-bench-build-buy-ceiling-clutter","keep","","",""
"/guides/how-to-choose-training-shoes","guide","how-to-choose-training-shoes","How to Choose Training Shoes","learn: how to choose training shoes","explain concepts and decision framework","What do I need to understand before choosing?","training-shoes","fitness","false","HIDDEN_404","guide:cat-training-shoes:choose-cross-days-gym-heavy-hyrox-legs-lifts","keep","","",""
"/guides/adjustable-vs-fixed-dumbbells","guide","adjustable-vs-fixed-dumbbells","Adjustable vs Fixed Dumbbells","learn: adjustable vs fixed dumbbells","explain concepts and decision framework","What do I need to understand before choosing?","adjustable-dumbbells","fitness","false","HIDDEN_404","guide:cat-adjustable-dumbbells:adjustable-changes-choose-commercial-dumbbells-durability-fastest-fit","keep","","",""
"/guides/hyrox-home-training-setup","guide","hyrox-home-training-setup","HYROX Home Training Setup","learn: hyrox home training setup","explain concepts and decision framework","What do I need to understand before choosing?","rowing-machines","hyrox","false","HIDDEN_404","guide:cat-rowing-machines:add-alternatives-ball-carries-home-hyrox-practice-prioritise","keep","","",""
"/guides/pull-up-bar-mounting-guide","guide","pull-up-bar-mounting-guide","Pull-Up Bar Mounting Guide","learn: pull-up bar mounting guide","explain concepts and decision framework","What do I need to understand before choosing?","pull-up-bars","calisthenics","false","HIDDEN_404","guide:cat-pull-up-bars:bar-building-cannot-constraints-doorway-drill-first-free","keep","","",""
"/guides/power-rack-sizing-and-hole-spacing","guide","power-rack-sizing-and-hole-spacing","Power Rack Sizing & Hole Spacing","learn: power rack sizing & hole spacing","explain concepts and decision framework","What do I need to understand before choosing?","power-racks","fitness","false","HIDDEN_404","guide:cat-power-racks:bar-bench-brand-ceiling-check-clearance-confirm-depth","keep","","",""
"/guides/how-to-choose-a-power-rack","guide","how-to-choose-a-power-rack","How to Choose a Power Rack","learn: how to choose a power rack","explain concepts and decision framework","What do I need to understand before choosing?","power-racks","fitness","false","HIDDEN_404","guide:cat-power-racks:adjustability-bench-capability-choose-cup-footprint-gives-height","keep","","",""
"/guides/how-to-choose-a-weight-bench","guide","how-to-choose-a-weight-bench","How to Choose a Weight Bench","learn: how to choose a weight bench","explain concepts and decision framework","What do I need to understand before choosing?","weight-benches","fitness","false","HIDDEN_404","guide:cat-weight-benches:bench-budget-choose-enough-fid-flat-gap-mainly","keep","","",""
"/guides/how-to-choose-adjustable-dumbbells","guide","how-to-choose-adjustable-dumbbells","How to Choose Adjustable Dumbbells","learn: how to choose adjustable dumbbells","explain concepts and decision framework","What do I need to understand before choosing?","adjustable-dumbbells","fitness","false","HIDDEN_404","guide:cat-adjustable-dumbbells:adjustable-change-check-choose-dumbbells-footprint-load-lock","keep","","",""
"/guides/how-to-choose-a-home-treadmill","guide","how-to-choose-a-home-treadmill","How to Choose a Home Treadmill","learn: how to choose a home treadmill","explain concepts and decision framework","What do I need to understand before choosing?","treadmills","fitness","false","HIDDEN_404","guide:cat-treadmills:choose-conditioning-curved-decide-dedicated-easy-first-folding","keep","","",""
"/guides/how-to-choose-a-rowing-machine","guide","how-to-choose-a-rowing-machine","How to Choose a Rowing Machine","learn: how to choose a rowing machine","explain concepts and decision framework","What do I need to understand before choosing?","rowing-machines","fitness","false","HIDDEN_404","guide:cat-rowing-machines:air-choose-class-concept2-dominate-familiar-fold-machine","keep","","",""
"/guides/how-much-space-do-you-need-for-a-home-gym","guide","how-much-space-do-you-need-for-a-home-gym","How Much Space Do You Need for a Home Gym?","learn: how much space do you need for a home gym?","explain concepts and decision framework","What do I need to understand before choosing?","","fitness","false","HIDDEN_404","guide:x:alone-around-bar-breaker-ceiling-clearance-common-deal","keep","","",""
"/guides/bumper-plates-vs-iron-plates","guide","bumper-plates-vs-iron-plates","Bumper Plates vs Iron Plates","learn: bumper plates vs iron plates","explain concepts and decision framework","What do I need to understand before choosing?","weight-plates","fitness","false","HIDDEN_404","guide:cat-weight-plates:bumper-bumpers-denser-drops-floors-home-iron-kilo","keep","","",""
"/guides/how-to-choose-hyrox-shoes","guide","how-to-choose-hyrox-shoes","How to Choose HYROX Shoes","learn: how to choose hyrox shoes","explain concepts and decision framework","What do I need to understand before choosing?","training-shoes","hyrox","false","HIDDEN_404","guide:cat-training-shoes:choose-decide-first-hyrox-legs-limit-only-pick","keep","","",""
"/guides/hyrox-race-shoes-vs-training-shoes","guide","hyrox-race-shoes-vs-training-shoes","HYROX Race Shoes vs Training Shoes","learn: hyrox race shoes vs training shoes","explain concepts and decision framework","What do I need to understand before choosing?","training-shoes","hyrox","false","HIDDEN_404","guide:cat-training-shoes:durability-gym-hyrox-lighter-mixed-prioritise-race-shoes","keep","","",""
"/guides/rowerg-vs-skierg-for-hyrox-training","guide","rowerg-vs-skierg-for-hyrox-training","RowErg vs SkiErg for HYROX Training","learn: rowerg vs skierg for hyrox training","explain concepts and decision framework","What do I need to understand before choosing?","rowing-machines","hyrox","false","HIDDEN_404","guide:cat-rowing-machines:access-buy-cannot-clear-elsewhere-floor-height-hyrox","keep","","",""
"/guides/how-to-choose-a-hyrox-training-sled","guide","how-to-choose-a-hyrox-training-sled","How to Choose a HYROX Training Sled","learn: how to choose a hyrox training sled","explain concepts and decision framework","What do I need to understand before choosing?","functional-fitness","hyrox","false","HIDDEN_404","guide:cat-functional-fitness:assume-choose-equals-equivalence-first-fits-hyrox-load","keep","","",""
"/guides/hyrox-equipment-standards","guide","hyrox-equipment-standards","HYROX Equipment Standards (Season 26/27)","learn: hyrox equipment standards (season 26/27)","explain concepts and decision framework","What do I need to understand before choosing?","","hyrox","false","HIDDEN_404","guide:x:against-broad-burpee-current-differ-division-equipment-expect","keep","","",""
"/guides/hyrox-race-day-gear-checklist","guide","hyrox-race-day-gear-checklist","HYROX Race Day Gear Checklist","learn: hyrox race day gear checklist","explain concepts and decision framework","What do I need to understand before choosing?","","hyrox","false","HIDDEN_404","guide:x:chafe-checklist-chest-day-event-first-free-hyrox","keep","","",""
"/guides/hyrox-heart-rate-monitor","guide","hyrox-heart-rate-monitor","Chest Strap vs Wrist Heart Rate for HYROX","learn: chest strap vs wrist heart rate for hyrox","explain concepts and decision framework","What do I need to understand before choosing?","cat-heart-rate-monitors","hyrox","false","HIDDEN_404","guide:cat-heart-rate-monitors:advice-burpees-carries-chest-consistent-convenient-correctly-during","keep","","",""
"/guides/what-gear-do-you-need-for-hyrox","guide","what-gear-do-you-need-for-hyrox","What Gear Do You Need for HYROX?","learn: what gear do you need for hyrox?","explain concepts and decision framework","What do I need to understand before choosing?","","hyrox","false","HIDDEN_404","guide:x:add-after-baseline-capable-clothing-event-first-home","keep","","",""
"/guides/how-to-build-a-hyrox-home-gym","guide","how-to-build-a-hyrox-home-gym","How to Build a HYROX Home Gym","learn: how to build a hyrox home gym","explain concepts and decision framework","What do I need to understand before choosing?","","hyrox","false","HIDDEN_404","guide:x:add-ball-build-builder-carries-constraints-fits-footprint","keep","","",""
"/guides/how-to-choose-a-hyrox-watch","guide","how-to-choose-a-hyrox-watch","How to Choose a HYROX Watch","learn: how to choose a hyrox watch","explain concepts and decision framework","What do I need to understand before choosing?","gps-watches","hyrox","false","HIDDEN_404","guide:cat-gps-watches:already-choose-days-device-gym-hyrox-marketing-matter","keep","","",""
"/compare/asics-novablast-6-vs-asics-gel-nimbus-27","comparison","asics-novablast-6-vs-asics-gel-nimbus-27","ASICS Novablast 6 vs GEL-Nimbus 27","choose between ASICS Novablast 6 vs GEL-Nimbus 27","A vs B decision with choose-neither","Which of these two (or neither) fits my need?","prod-nimbus-27|prod-novablast-6","","true","INDEXABLE","comparison:prod-nimbus-27|prod-novablast-6","keep","","","paired_alternatives;paired_alternatives"
"/compare/asics-novablast-6-vs-asics-novablast-5","comparison","asics-novablast-6-vs-asics-novablast-5","ASICS Novablast 6 vs Novablast 5","choose between ASICS Novablast 6 vs Novablast 5","A vs B decision with choose-neither","Which of these two (or neither) fits my need?","prod-novablast-5|prod-novablast-6","","true","INDEXABLE","comparison:prod-novablast-5|prod-novablast-6","keep","","","paired_alternatives;paired_alternatives"
"/compare/asics-novablast-6-vs-brooks-ghost-18","comparison","asics-novablast-6-vs-brooks-ghost-18","ASICS Novablast 6 vs Brooks Ghost 18","choose between ASICS Novablast 6 vs Brooks Ghost 18","A vs B decision with choose-neither","Which of these two (or neither) fits my need?","prod-ghost-18|prod-novablast-6","","true","INDEXABLE","comparison:prod-ghost-18|prod-novablast-6","keep","","","paired_alternatives;paired_alternatives"
"/compare/brooks-ghost-18-vs-nike-pegasus-42","comparison","brooks-ghost-18-vs-nike-pegasus-42","Brooks Ghost 18 vs Nike Pegasus 42","choose between Brooks Ghost 18 vs Nike Pegasus 42","A vs B decision with choose-neither","Which of these two (or neither) fits my need?","prod-ghost-18|prod-pegasus-42","","true","INDEXABLE","comparison:prod-ghost-18|prod-pegasus-42","keep","","","paired_alternatives;paired_alternatives"
"/compare/asics-novablast-6-vs-hoka-clifton-10","comparison","asics-novablast-6-vs-hoka-clifton-10","ASICS Novablast 6 vs HOKA Clifton 10","choose between ASICS Novablast 6 vs HOKA Clifton 10","A vs B decision with choose-neither","Which of these two (or neither) fits my need?","prod-clifton-10|prod-novablast-6","","true","INDEXABLE","comparison:prod-clifton-10|prod-novablast-6","keep","","","paired_alternatives;paired_alternatives"
"/compare/saucony-endorphin-speed-5-vs-adidas-adizero-boston-12","comparison","saucony-endorphin-speed-5-vs-adidas-adizero-boston-12","Saucony Endorphin Speed 5 vs Adidas Adizero Boston 12","choose between Saucony Endorphin Speed 5 vs Adidas Adizero Boston 12","A vs B decision with choose-neither","Which of these two (or neither) fits my need?","prod-boston-12|prod-endorphin-speed-5","","true","INDEXABLE","comparison:prod-boston-12|prod-endorphin-speed-5","keep","","","paired_alternatives;paired_alternatives"
"/compare/nike-vaporfly-4-vs-nike-alphafly-3","comparison","nike-vaporfly-4-vs-nike-alphafly-3","Nike Vaporfly 4 vs Nike Alphafly 3","choose between Nike Vaporfly 4 vs Nike Alphafly 3","A vs B decision with choose-neither","Which of these two (or neither) fits my need?","prod-alphafly-3|prod-vaporfly-4","","true","INDEXABLE","comparison:prod-alphafly-3|prod-vaporfly-4","keep","","","paired_alternatives;paired_alternatives"
"/compare/asics-gel-kayano-32-vs-brooks-adrenaline-gts-25","comparison","asics-gel-kayano-32-vs-brooks-adrenaline-gts-25","ASICS GEL-Kayano 32 vs Brooks Adrenaline GTS 25","choose between ASICS GEL-Kayano 32 vs Brooks Adrenaline GTS 25","A vs B decision with choose-neither","Which of these two (or neither) fits my need?","prod-adrenaline-gts-25|prod-kayano-32","","true","INDEXABLE","comparison:prod-adrenaline-gts-25|prod-kayano-32","keep","","","paired_alternatives;paired_alternatives"
"/compare/hoka-speedgoat-6-vs-saucony-peregrine-15","comparison","hoka-speedgoat-6-vs-saucony-peregrine-15","HOKA Speedgoat 6 vs Saucony Peregrine 15","choose between HOKA Speedgoat 6 vs Saucony Peregrine 15","A vs B decision with choose-neither","Which of these two (or neither) fits my need?","prod-peregrine-15|prod-speedgoat-6","","true","INDEXABLE","comparison:prod-peregrine-15|prod-speedgoat-6","keep","","","paired_alternatives;paired_alternatives"
"/compare/garmin-forerunner-970-vs-coros-pace-pro","comparison","garmin-forerunner-970-vs-coros-pace-pro","Garmin Forerunner 970 vs COROS Pace Pro","choose between Garmin Forerunner 970 vs COROS Pace Pro","A vs B decision with choose-neither","Which of these two (or neither) fits my need?","prod-coros-pace-pro|prod-forerunner-970","","true","INDEXABLE","comparison:prod-coros-pace-pro|prod-forerunner-970","keep","","","paired_alternatives;paired_alternatives"
"/compare/garmin-forerunner-970-vs-garmin-forerunner-965","comparison","garmin-forerunner-970-vs-garmin-forerunner-965","Garmin Forerunner 970 vs Forerunner 965","choose between Garmin Forerunner 970 vs Forerunner 965","A vs B decision with choose-neither","Which of these two (or neither) fits my need?","prod-forerunner-965|prod-forerunner-970","","true","INDEXABLE","comparison:prod-forerunner-965|prod-forerunner-970","keep","","","paired_alternatives;paired_alternatives"
"/compare/garmin-hrm-pro-plus-vs-polar-h10","comparison","garmin-hrm-pro-plus-vs-polar-h10","Garmin HRM-Pro Plus vs Polar H10","choose between Garmin HRM-Pro Plus vs Polar H10","A vs B decision with choose-neither","Which of these two (or neither) fits my need?","prod-hrm-pro-plus|prod-polar-h10","","true","INDEXABLE","comparison:prod-hrm-pro-plus|prod-polar-h10","keep","","","paired_alternatives;paired_alternatives"
"/compare/salomon-adv-skin-12-vs-nathan-vaporair-2","comparison","salomon-adv-skin-12-vs-nathan-vaporair-2","Salomon ADV Skin 12 vs Nathan VaporAir 2","choose between Salomon ADV Skin 12 vs Nathan VaporAir 2","A vs B decision with choose-neither","Which of these two (or neither) fits my need?","prod-adv-skin-12|prod-nathan-vaporair-2","","true","INDEXABLE","comparison:prod-adv-skin-12|prod-nathan-vaporair-2","keep","","","paired_alternatives;paired_alternatives"
"/compare/garmin-fenix-8-vs-garmin-forerunner-970","comparison","garmin-fenix-8-vs-garmin-forerunner-970","Garmin Fenix 8 vs Forerunner 970","choose between Garmin Fenix 8 vs Forerunner 970","A vs B decision with choose-neither","Which of these two (or neither) fits my need?","prod-fenix-8|prod-forerunner-970","","true","INDEXABLE","comparison:prod-fenix-8|prod-forerunner-970","keep","","","paired_alternatives;paired_alternatives"
"/compare/coros-apex-4-vs-garmin-fenix-8","comparison","coros-apex-4-vs-garmin-fenix-8","COROS Apex 4 vs Garmin Fenix 8","choose between COROS Apex 4 vs Garmin Fenix 8","A vs B decision with choose-neither","Which of these two (or neither) fits my need?","prod-coros-apex-4|prod-fenix-8","","true","INDEXABLE","comparison:prod-coros-apex-4|prod-fenix-8","keep","","","paired_alternatives;paired_alternatives"
"/compare/coros-pace-4-vs-garmin-forerunner-165","comparison","coros-pace-4-vs-garmin-forerunner-165","COROS Pace 4 vs Garmin Forerunner 165","choose between COROS Pace 4 vs Garmin Forerunner 165","A vs B decision with choose-neither","Which of these two (or neither) fits my need?","prod-coros-pace-4|prod-forerunner-165","","true","INDEXABLE","comparison:prod-coros-pace-4|prod-forerunner-165","keep","","","paired_alternatives;paired_alternatives"
"/compare/apple-watch-ultra-3-vs-apple-watch-ultra-2","comparison","apple-watch-ultra-3-vs-apple-watch-ultra-2","Apple Watch Ultra 3 vs Ultra 2","choose between Apple Watch Ultra 3 vs Ultra 2","A vs B decision with choose-neither","Which of these two (or neither) fits my need?","prod-apple-watch-ultra-2|prod-apple-watch-ultra-3","","true","INDEXABLE","comparison:prod-apple-watch-ultra-2|prod-apple-watch-ultra-3","keep","","","paired_alternatives"
"/compare/polar-grit-x2-vs-garmin-fenix-8","comparison","polar-grit-x2-vs-garmin-fenix-8","Polar Grit X2 vs Garmin Fenix 8","choose between Polar Grit X2 vs Garmin Fenix 8","A vs B decision with choose-neither","Which of these two (or neither) fits my need?","prod-fenix-8|prod-polar-grit-x2","","true","INDEXABLE","comparison:prod-fenix-8|prod-polar-grit-x2","keep","","","paired_alternatives;paired_alternatives"
"/compare/suunto-vertical-2-vs-garmin-enduro-3","comparison","suunto-vertical-2-vs-garmin-enduro-3","Suunto Vertical 2 vs Garmin Enduro 3","choose between Suunto Vertical 2 vs Garmin Enduro 3","A vs B decision with choose-neither","Which of these two (or neither) fits my need?","prod-enduro-3|prod-suunto-vertical-2","","true","INDEXABLE","comparison:prod-enduro-3|prod-suunto-vertical-2","keep","","","paired_alternatives;paired_alternatives"
"/compare/coros-pace-pro-vs-coros-pace-4","comparison","coros-pace-pro-vs-coros-pace-4","COROS Pace Pro vs Pace 4","choose between COROS Pace Pro vs Pace 4","A vs B decision with choose-neither","Which of these two (or neither) fits my need?","prod-coros-pace-4|prod-coros-pace-pro","","true","INDEXABLE","comparison:prod-coros-pace-4|prod-coros-pace-pro","keep","","","paired_alternatives;paired_alternatives"
"/compare/garmin-vivoactive-6-vs-garmin-forerunner-165","comparison","garmin-vivoactive-6-vs-garmin-forerunner-165","Garmin Vivoactive 6 vs Forerunner 165","choose between Garmin Vivoactive 6 vs Forerunner 165","A vs B decision with choose-neither","Which of these two (or neither) fits my need?","prod-forerunner-165|prod-vivoactive-6","","true","INDEXABLE","comparison:prod-forerunner-165|prod-vivoactive-6","keep","","","paired_alternatives;paired_alternatives"
"/compare/garmin-hrm-600-vs-polar-h10","comparison","garmin-hrm-600-vs-polar-h10","Garmin HRM 600 vs Polar H10","choose between Garmin HRM 600 vs Polar H10","A vs B decision with choose-neither","Which of these two (or neither) fits my need?","prod-hrm-600|prod-polar-h10","","true","INDEXABLE","comparison:prod-hrm-600|prod-polar-h10","keep","","","paired_alternatives;paired_alternatives"
"/compare/polar-h10-vs-polar-h9","comparison","polar-h10-vs-polar-h9","Polar H10 vs Polar H9","choose between Polar H10 vs Polar H9","A vs B decision with choose-neither","Which of these two (or neither) fits my need?","prod-polar-h10|prod-polar-h9","","true","INDEXABLE","comparison:prod-polar-h10|prod-polar-h9","keep","","","paired_alternatives;paired_alternatives"
"/compare/wahoo-trackr-vs-polar-h10","comparison","wahoo-trackr-vs-polar-h10","Wahoo TRACKR vs Polar H10","choose between Wahoo TRACKR vs Polar H10","A vs B decision with choose-neither","Which of these two (or neither) fits my need?","prod-polar-h10|prod-wahoo-trackr","","true","INDEXABLE","comparison:prod-polar-h10|prod-wahoo-trackr","keep","","","paired_alternatives;paired_alternatives"
"/compare/coros-hrm-vs-polar-verity-sense","comparison","coros-hrm-vs-polar-verity-sense","COROS Heart Rate Monitor vs Polar Verity Sense","choose between COROS Heart Rate Monitor vs Polar Verity Sense","A vs B decision with choose-neither","Which of these two (or neither) fits my need?","prod-coros-hrm|prod-polar-verity-sense","","true","INDEXABLE","comparison:prod-coros-hrm|prod-polar-verity-sense","keep","","","paired_alternatives;paired_alternatives"
"/compare/garmin-hrm-600-vs-hrm-pro-plus","comparison","garmin-hrm-600-vs-hrm-pro-plus","Garmin HRM 600 vs HRM-Pro Plus","choose between Garmin HRM 600 vs HRM-Pro Plus","A vs B decision with choose-neither","Which of these two (or neither) fits my need?","prod-hrm-600|prod-hrm-pro-plus","","true","INDEXABLE","comparison:prod-hrm-600|prod-hrm-pro-plus","keep","","","paired_alternatives;paired_alternatives"
"/compare/salomon-adv-skin-12-vs-salomon-adv-skin-5","comparison","salomon-adv-skin-12-vs-salomon-adv-skin-5","Salomon ADV Skin 12 vs ADV Skin 5","choose between Salomon ADV Skin 12 vs ADV Skin 5","A vs B decision with choose-neither","Which of these two (or neither) fits my need?","prod-adv-skin-12|prod-salomon-adv-skin-5","","true","INDEXABLE","comparison:prod-adv-skin-12|prod-salomon-adv-skin-5","keep","","","paired_alternatives;paired_alternatives"
"/compare/salomon-adv-skin-12-vs-ultimate-direction-race-vest-6","comparison","salomon-adv-skin-12-vs-ultimate-direction-race-vest-6","Salomon ADV Skin 12 vs UD Race Vest 6","choose between Salomon ADV Skin 12 vs UD Race Vest 6","A vs B decision with choose-neither","Which of these two (or neither) fits my need?","prod-adv-skin-12|prod-ud-race-vest-6","","true","INDEXABLE","comparison:prod-adv-skin-12|prod-ud-race-vest-6","keep","","","paired_alternatives;paired_alternatives"
"/compare/nathan-vaporair-4-vs-salomon-adv-skin-5","comparison","nathan-vaporair-4-vs-salomon-adv-skin-5","Nathan VaporAir 4 vs Salomon ADV Skin 5","choose between Nathan VaporAir 4 vs Salomon ADV Skin 5","A vs B decision with choose-neither","Which of these two (or neither) fits my need?","prod-nathan-vaporair-4|prod-salomon-adv-skin-5","","true","INDEXABLE","comparison:prod-nathan-vaporair-4|prod-salomon-adv-skin-5","keep","","","paired_alternatives;paired_alternatives"
"/compare/osprey-duro-6-vs-osprey-dyna-6","comparison","osprey-duro-6-vs-osprey-dyna-6","Osprey Duro 6 vs Dyna 6","choose between Osprey Duro 6 vs Dyna 6","A vs B decision with choose-neither","Which of these two (or neither) fits my need?","prod-osprey-duro-6|prod-osprey-dyna-6","","true","INDEXABLE","comparison:prod-osprey-duro-6|prod-osprey-dyna-6","keep","","","paired_alternatives;paired_alternatives"
"/compare/osprey-duro-lt-vs-ultimate-direction-race-vest-6","comparison","osprey-duro-lt-vs-ultimate-direction-race-vest-6","Osprey Duro LT vs UD Race Vest 6","choose between Osprey Duro LT vs UD Race Vest 6","A vs B decision with choose-neither","Which of these two (or neither) fits my need?","prod-osprey-duro-lt|prod-ud-race-vest-6","","true","INDEXABLE","comparison:prod-osprey-duro-lt|prod-ud-race-vest-6","keep","","","paired_alternatives;paired_alternatives"
"/compare/flipbelt-classic-vs-naked-running-band","comparison","flipbelt-classic-vs-naked-running-band","FlipBelt Classic vs Naked Running Band","choose between FlipBelt Classic vs Naked Running Band","A vs B decision with choose-neither","Which of these two (or neither) fits my need?","prod-flipbelt-classic|prod-naked-running-band","","true","INDEXABLE","comparison:prod-flipbelt-classic|prod-naked-running-band","keep","","","paired_alternatives;paired_alternatives"
"/compare/hydrapak-softflask-speed-500-vs-hydrapak-skyflask-speed-500","comparison","hydrapak-softflask-speed-500-vs-hydrapak-skyflask-speed-500","HydraPak SoftFlask Speed vs SkyFlask Speed","choose between HydraPak SoftFlask Speed vs SkyFlask Speed","A vs B decision with choose-neither","Which of these two (or neither) fits my need?","prod-hydrapak-skyflask-speed-500|prod-hydrapak-softflask-speed-500","","true","INDEXABLE","comparison:prod-hydrapak-skyflask-speed-500|prod-hydrapak-softflask-speed-500","keep","","","paired_alternatives;paired_alternatives"
"/compare/nathan-peak-vs-ultimate-direction-race-belt","comparison","nathan-peak-vs-ultimate-direction-race-belt","Nathan Peak vs UD Race Belt","choose between Nathan Peak vs UD Race Belt","A vs B decision with choose-neither","Which of these two (or neither) fits my need?","prod-nathan-peak|prod-ud-race-belt","","true","INDEXABLE","comparison:prod-nathan-peak|prod-ud-race-belt","keep","","","paired_alternatives;paired_alternatives"
"/compare/camelbak-zephyr-pro-vs-camelbak-apex-pro","comparison","camelbak-zephyr-pro-vs-camelbak-apex-pro","CamelBak Zephyr Pro vs Apex Pro","choose between CamelBak Zephyr Pro vs Apex Pro","A vs B decision with choose-neither","Which of these two (or neither) fits my need?","prod-camelbak-apex-pro|prod-camelbak-zephyr-pro","","true","INDEXABLE","comparison:prod-camelbak-apex-pro|prod-camelbak-zephyr-pro","keep","","","paired_alternatives"
"/compare/tracksmith-session-short-vs-janji-multi-short","comparison","tracksmith-session-short-vs-janji-multi-short","Tracksmith Session Short vs Janji Multi Short","choose between Tracksmith Session Short vs Janji Multi Short","A vs B decision with choose-neither","Which of these two (or neither) fits my need?","prod-janji-multi-short-men|prod-tracksmith-session-short-men","","true","INDEXABLE","comparison:prod-janji-multi-short-men|prod-tracksmith-session-short-men","keep","","","paired_alternatives;paired_alternatives"
"/compare/patagonia-strider-pro-vs-rabbit-fuel-n-fly","comparison","patagonia-strider-pro-vs-rabbit-fuel-n-fly","Patagonia Strider Pro vs Rabbit Fuel n' Fly","choose between Patagonia Strider Pro vs Rabbit Fuel n' Fly","A vs B decision with choose-neither","Which of these two (or neither) fits my need?","prod-patagonia-strider-pro-men|prod-rabbit-fuel-n-fly-men","","true","INDEXABLE","comparison:prod-patagonia-strider-pro-men|prod-rabbit-fuel-n-fly-men","keep","","","paired_alternatives;paired_alternatives"
"/compare/patagonia-houdini-vs-brooks-canopy","comparison","patagonia-houdini-vs-brooks-canopy","Patagonia Houdini vs Brooks Canopy Jacket","choose between Patagonia Houdini vs Brooks Canopy Jacket","A vs B decision with choose-neither","Which of these two (or neither) fits my need?","prod-brooks-canopy-jacket-unisex|prod-patagonia-houdini-men","","true","INDEXABLE","comparison:prod-brooks-canopy-jacket-unisex|prod-patagonia-houdini-men","keep","","","paired_alternatives;paired_alternatives"
"/compare/salomon-bonatti-vs-janji-rainrunner","comparison","salomon-bonatti-vs-janji-rainrunner","Salomon Bonatti WP vs Janji Rainrunner","choose between Salomon Bonatti WP vs Janji Rainrunner","A vs B decision with choose-neither","Which of these two (or neither) fits my need?","prod-janji-rainrunner-unisex|prod-salomon-bonatti-wp-men","","true","INDEXABLE","comparison:prod-janji-rainrunner-unisex|prod-salomon-bonatti-wp-men","keep","","",""
"/compare/tracksmith-twilight-half-vs-nike-fast-tight","comparison","tracksmith-twilight-half-vs-nike-fast-tight","Tracksmith Twilight Half vs Nike Fast Tight","choose between Tracksmith Twilight Half vs Nike Fast Tight","A vs B decision with choose-neither","Which of these two (or neither) fits my need?","prod-nike-fast-tight-men|prod-tracksmith-twilight-half-men","","true","INDEXABLE","comparison:prod-nike-fast-tight-men|prod-tracksmith-twilight-half-men","keep","","","paired_alternatives;paired_alternatives"
"/compare/nike-miler-vs-patagonia-capilene-cool","comparison","nike-miler-vs-patagonia-capilene-cool","Nike Miler vs Patagonia Capilene Cool Daily","choose between Nike Miler vs Patagonia Capilene Cool Daily","A vs B decision with choose-neither","Which of these two (or neither) fits my need?","prod-nike-dri-fit-miler-men|prod-patagonia-capilene-cool-daily-men","","true","INDEXABLE","comparison:prod-nike-dri-fit-miler-men|prod-patagonia-capilene-cool-daily-men","keep","","","paired_alternatives;paired_alternatives"
"/compare/feetures-elite-vs-darn-tough-run","comparison","feetures-elite-vs-darn-tough-run","Feetures Elite Light Cushion vs Darn Tough Run","choose between Feetures Elite Light Cushion vs Darn Tough Run","A vs B decision with choose-neither","Which of these two (or neither) fits my need?","prod-darn-tough-run-1-4|prod-feetures-elite-light-cushion","","true","INDEXABLE","comparison:prod-darn-tough-run-1-4|prod-feetures-elite-light-cushion","keep","","","paired_alternatives;paired_alternatives"
"/compare/ultimate-direction-fastpack-20-vs-salomon-adv-skin-12","comparison","ultimate-direction-fastpack-20-vs-salomon-adv-skin-12","Ultimate Direction Fastpack 20 vs Salomon ADV Skin 12","choose between Ultimate Direction Fastpack 20 vs Salomon ADV Skin 12","A vs B decision with choose-neither","Which of these two (or neither) fits my need?","prod-adv-skin-12|prod-ud-fastpack-20","","true","INDEXABLE","comparison:prod-adv-skin-12|prod-ud-fastpack-20","keep","","","paired_alternatives;paired_alternatives"
"/compare/ultimate-direction-fastpack-20-vs-osprey-talon-velocity-20","comparison","ultimate-direction-fastpack-20-vs-osprey-talon-velocity-20","Ultimate Direction Fastpack 20 vs Osprey Talon Velocity 20","choose between Ultimate Direction Fastpack 20 vs Osprey Talon Velocity 20","A vs B decision with choose-neither","Which of these two (or neither) fits my need?","prod-osprey-talon-velocity-20|prod-ud-fastpack-20","","true","INDEXABLE","comparison:prod-osprey-talon-velocity-20|prod-ud-fastpack-20","keep","","","paired_alternatives;paired_alternatives"
"/compare/black-diamond-distance-22-vs-ultimate-direction-fastpack-20","comparison","black-diamond-distance-22-vs-ultimate-direction-fastpack-20","Black Diamond Distance 22 vs Ultimate Direction Fastpack 20","choose between Black Diamond Distance 22 vs Ultimate Direction Fastpack 20","A vs B decision with choose-neither","Which of these two (or neither) fits my need?","prod-black-diamond-distance-22|prod-ud-fastpack-20","","true","INDEXABLE","comparison:prod-black-diamond-distance-22|prod-ud-fastpack-20","keep","","","paired_alternatives;paired_alternatives"
"/compare/salomon-xa-15-vs-osprey-duro-15","comparison","salomon-xa-15-vs-osprey-duro-15","Salomon XA 15 vs Osprey Duro 15","choose between Salomon XA 15 vs Osprey Duro 15","A vs B decision with choose-neither","Which of these two (or neither) fits my need?","prod-osprey-duro-15|prod-salomon-xa-15","","true","INDEXABLE","comparison:prod-osprey-duro-15|prod-salomon-xa-15","keep","","","paired_alternatives;paired_alternatives"
"/compare/shokz-openrun-pro-2-vs-bose-ultra-open","comparison","shokz-openrun-pro-2-vs-bose-ultra-open","Shokz OpenRun Pro 2 vs Bose Ultra Open","choose between Shokz OpenRun Pro 2 vs Bose Ultra Open","A vs B decision with choose-neither","Which of these two (or neither) fits my need?","prod-bose-ultra-open|prod-shokz-openrun-pro-2","","true","INDEXABLE","comparison:prod-bose-ultra-open|prod-shokz-openrun-pro-2","keep","","","paired_alternatives;paired_alternatives"
"/compare/shokz-openrun-pro-2-vs-airpods-pro-2","comparison","shokz-openrun-pro-2-vs-airpods-pro-2","Shokz OpenRun Pro 2 vs AirPods Pro 2","choose between Shokz OpenRun Pro 2 vs AirPods Pro 2","A vs B decision with choose-neither","Which of these two (or neither) fits my need?","prod-airpods-pro-2|prod-shokz-openrun-pro-2","","true","INDEXABLE","comparison:prod-airpods-pro-2|prod-shokz-openrun-pro-2","keep","","","paired_alternatives;paired_alternatives"
"/compare/oakley-encoder-vs-oakley-radar-ev-path","comparison","oakley-encoder-vs-oakley-radar-ev-path","Oakley Encoder vs Oakley Radar EV Path","choose between Oakley Encoder vs Oakley Radar EV Path","A vs B decision with choose-neither","Which of these two (or neither) fits my need?","prod-oakley-encoder|prod-oakley-radar-ev-path","","true","INDEXABLE","comparison:prod-oakley-encoder|prod-oakley-radar-ev-path","keep","","","paired_alternatives;paired_alternatives"
"/compare/julbo-ultimate-vs-smith-shift-mag","comparison","julbo-ultimate-vs-smith-shift-mag","Julbo Ultimate vs Smith Shift MAG","choose between Julbo Ultimate vs Smith Shift MAG","A vs B decision with choose-neither","Which of these two (or neither) fits my need?","prod-julbo-ultimate|prod-smith-shift-mag","","true","INDEXABLE","comparison:prod-julbo-ultimate|prod-smith-shift-mag","keep","","","paired_alternatives;paired_alternatives"
"/compare/petzl-swift-rl-vs-petzl-nao-rl","comparison","petzl-swift-rl-vs-petzl-nao-rl","Petzl Swift RL vs Petzl NAO RL","choose between Petzl Swift RL vs Petzl NAO RL","A vs B decision with choose-neither","Which of these two (or neither) fits my need?","prod-petzl-nao-rl|prod-petzl-swift-rl","","true","INDEXABLE","comparison:prod-petzl-nao-rl|prod-petzl-swift-rl","keep","","","paired_alternatives;paired_alternatives"
"/compare/petzl-swift-rl-vs-biolite-headlamp-800","comparison","petzl-swift-rl-vs-biolite-headlamp-800","Petzl Swift RL vs BioLite HeadLamp 800","choose between Petzl Swift RL vs BioLite HeadLamp 800","A vs B decision with choose-neither","Which of these two (or neither) fits my need?","prod-biolite-headlamp-800|prod-petzl-swift-rl","","true","INDEXABLE","comparison:prod-biolite-headlamp-800|prod-petzl-swift-rl","keep","","","paired_alternatives;paired_alternatives"
"/compare/black-diamond-spot-400-r-vs-petzl-actik-core","comparison","black-diamond-spot-400-r-vs-petzl-actik-core","Black Diamond Spot 400-R vs Petzl Actik Core","choose between Black Diamond Spot 400-R vs Petzl Actik Core","A vs B decision with choose-neither","Which of these two (or neither) fits my need?","prod-bd-spot-400-r|prod-petzl-actik-core","","true","INDEXABLE","comparison:prod-bd-spot-400-r|prod-petzl-actik-core","keep","","",""
"/compare/nathan-streak-vs-proviz-reflect360","comparison","nathan-streak-vs-proviz-reflect360","Nathan Streak vs Proviz Reflect360","choose between Nathan Streak vs Proviz Reflect360","A vs B decision with choose-neither","Which of these two (or neither) fits my need?","prod-nathan-reflective-vest|prod-proviz-reflect360-vest","","true","INDEXABLE","comparison:prod-nathan-reflective-vest|prod-proviz-reflect360-vest","keep","","","paired_alternatives"
"/compare/maurten-gel-100-vs-sis-go-isotonic-gel","comparison","maurten-gel-100-vs-sis-go-isotonic-gel","Maurten Gel 100 vs SIS GO Isotonic Gel","choose between Maurten Gel 100 vs SIS GO Isotonic Gel","A vs B decision with choose-neither","Which of these two (or neither) fits my need?","prod-maurten-gel-100|prod-sis-go-isotonic-gel","","true","INDEXABLE","comparison:prod-maurten-gel-100|prod-sis-go-isotonic-gel","keep","","","paired_alternatives;paired_alternatives"
"/compare/maurten-gel-100-vs-precision-pf30-gel","comparison","maurten-gel-100-vs-precision-pf30-gel","Maurten Gel 100 vs Precision PF30 Gel","choose between Maurten Gel 100 vs Precision PF30 Gel","A vs B decision with choose-neither","Which of these two (or neither) fits my need?","prod-maurten-gel-100|prod-precision-pf30-gel","","true","INDEXABLE","comparison:prod-maurten-gel-100|prod-precision-pf30-gel","keep","","","paired_alternatives;paired_alternatives"
"/compare/maurten-drink-mix-320-vs-tailwind-endurance","comparison","maurten-drink-mix-320-vs-tailwind-endurance","Maurten Drink Mix 320 vs Tailwind Endurance","choose between Maurten Drink Mix 320 vs Tailwind Endurance","A vs B decision with choose-neither","Which of these two (or neither) fits my need?","prod-maurten-drink-mix-320|prod-tailwind-endurance","","true","INDEXABLE","comparison:prod-maurten-drink-mix-320|prod-tailwind-endurance","keep","","","paired_alternatives"
"/compare/sis-beta-fuel-gel-vs-neversecond-c30-gel","comparison","sis-beta-fuel-gel-vs-neversecond-c30-gel","SIS Beta Fuel Gel vs Neversecond C30 Gel","choose between SIS Beta Fuel Gel vs Neversecond C30 Gel","A vs B decision with choose-neither","Which of these two (or neither) fits my need?","prod-neversecond-c30-gel|prod-sis-beta-fuel-gel","","true","INDEXABLE","comparison:prod-neversecond-c30-gel|prod-sis-beta-fuel-gel","keep","","","paired_alternatives;paired_alternatives"
"/compare/clif-bloks-vs-gu-chews","comparison","clif-bloks-vs-gu-chews","Clif Bloks vs GU Chews","choose between Clif Bloks vs GU Chews","A vs B decision with choose-neither","Which of these two (or neither) fits my need?","prod-clif-bloks|prod-gu-chews","","true","INDEXABLE","comparison:prod-clif-bloks|prod-gu-chews","keep","","","paired_alternatives"
"/compare/nuun-sport-vs-precision-ph1500","comparison","nuun-sport-vs-precision-ph1500","Nuun Sport vs Precision PH 1500","choose between Nuun Sport vs Precision PH 1500","A vs B decision with choose-neither","Which of these two (or neither) fits my need?","prod-nuun-sport|prod-precision-ph1500","","true","INDEXABLE","comparison:prod-nuun-sport|prod-precision-ph1500","keep","","","paired_alternatives;paired_alternatives"
"/compare/theragun-mini-vs-hypervolt-go-2","comparison","theragun-mini-vs-hypervolt-go-2","Theragun mini vs Hypervolt Go 2","choose between Theragun mini vs Hypervolt Go 2","A vs B decision with choose-neither","Which of these two (or neither) fits my need?","prod-hypervolt-go-2|prod-theragun-mini","","true","INDEXABLE","comparison:prod-hypervolt-go-2|prod-theragun-mini","keep","","",""
"/compare/normatec-3-vs-normatec-go","comparison","normatec-3-vs-normatec-go","Normatec 3 vs Normatec Go","choose between Normatec 3 vs Normatec Go","A vs B decision with choose-neither","Which of these two (or neither) fits my need?","prod-normatec-3|prod-normatec-go","","true","INDEXABLE","comparison:prod-normatec-3|prod-normatec-go","keep","","",""
"/compare/asics-novablast-5-vs-asics-gel-nimbus-27","comparison","asics-novablast-5-vs-asics-gel-nimbus-27","ASICS Novablast 5 vs ASICS GEL-Nimbus 27","choose between ASICS Novablast 5 vs ASICS GEL-Nimbus 27","A vs B decision with choose-neither","Which of these two (or neither) fits my need?","prod-nimbus-27|prod-novablast-5","","true","INDEXABLE","comparison:prod-nimbus-27|prod-novablast-5","keep","","","paired_alternatives;paired_alternatives"
"/compare/asics-novablast-5-vs-brooks-ghost-16","comparison","asics-novablast-5-vs-brooks-ghost-16","ASICS Novablast 5 vs Brooks Ghost 16","choose between ASICS Novablast 5 vs Brooks Ghost 16","A vs B decision with choose-neither","Which of these two (or neither) fits my need?","prod-ghost-16|prod-novablast-5","","true","INDEXABLE","comparison:prod-ghost-16|prod-novablast-5","keep","","","paired_alternatives;paired_alternatives"
"/compare/asics-novablast-4-vs-asics-novablast-5","comparison","asics-novablast-4-vs-asics-novablast-5","ASICS Novablast 4 vs ASICS Novablast 5","choose between ASICS Novablast 4 vs ASICS Novablast 5","A vs B decision with choose-neither","Which of these two (or neither) fits my need?","prod-novablast-4|prod-novablast-5","","true","INDEXABLE","comparison:prod-novablast-4|prod-novablast-5","keep","","","paired_alternatives"
"/compare/nox-at10-genius-18k-2026-vs-bullpadel-vertex-04-2026","comparison","nox-at10-genius-18k-2026-vs-bullpadel-vertex-04-2026","Nox AT10 Genius 18K 2026 vs Bullpadel Vertex 04 2026","choose between Nox AT10 Genius 18K 2026 vs Bullpadel Vertex 04 2026","A vs B decision with choose-neither","Which of these two (or neither) fits my need?","prod-bullpadel-vertex-04|prod-nox-at10-18k-2026","","false","HIDDEN_404","comparison:prod-bullpadel-vertex-04|prod-nox-at10-18k-2026","keep","","",""
"/compare/babolat-technical-viper-2026-vs-wilson-bela-pro-v2-2026","comparison","babolat-technical-viper-2026-vs-wilson-bela-pro-v2-2026","Babolat Technical Viper 2026 vs Wilson Bela Pro V2 2026","choose between Babolat Technical Viper 2026 vs Wilson Bela Pro V2 2026","A vs B decision with choose-neither","Which of these two (or neither) fits my need?","prod-babolat-technical-viper|prod-wilson-bela-pro","","false","HIDDEN_404","comparison:prod-babolat-technical-viper|prod-wilson-bela-pro","keep","","",""
"/compare/head-coello-pro-2026-vs-siux-diablo-revolution-2026","comparison","head-coello-pro-2026-vs-siux-diablo-revolution-2026","Head Coello Pro 2026 vs Siux Diablo Revolution 2026","choose between Head Coello Pro 2026 vs Siux Diablo Revolution 2026","A vs B decision with choose-neither","Which of these two (or neither) fits my need?","prod-head-coello-pro|prod-siux-diablo","","false","HIDDEN_404","comparison:prod-head-coello-pro|prod-siux-diablo","keep","","",""
"/compare/nox-at10-genius-18k-2026-vs-babolat-technical-viper-2026","comparison","nox-at10-genius-18k-2026-vs-babolat-technical-viper-2026","Nox AT10 Genius 18K 2026 vs Babolat Technical Viper 2026","choose between Nox AT10 Genius 18K 2026 vs Babolat Technical Viper 2026","A vs B decision with choose-neither","Which of these two (or neither) fits my need?","prod-babolat-technical-viper|prod-nox-at10-18k-2026","","false","HIDDEN_404","comparison:prod-babolat-technical-viper|prod-nox-at10-18k-2026","keep","","",""
"/compare/bullpadel-vertex-05-vs-hack-04-2026","comparison","bullpadel-vertex-05-vs-hack-04-2026","Bullpadel Vertex 05 vs Hack 04 2026","choose between Bullpadel Vertex 05 vs Hack 04 2026","A vs B decision with choose-neither","Which of these two (or neither) fits my need?","prod-bullpadel-hack-04|prod-bullpadel-vertex-05","","false","HIDDEN_404","comparison:prod-bullpadel-hack-04|prod-bullpadel-vertex-05","keep","","",""
"/compare/nox-at10-12k-vs-adidas-metalbone-2026","comparison","nox-at10-12k-vs-adidas-metalbone-2026","Nox AT10 12K Alum Xtrem vs Adidas Metalbone 2026","choose between Nox AT10 12K Alum Xtrem vs Adidas Metalbone 2026","A vs B decision with choose-neither","Which of these two (or neither) fits my need?","prod-adidas-metalbone-3-3-2026|prod-nox-at10-12k-2026","","false","HIDDEN_404","comparison:prod-adidas-metalbone-3-3-2026|prod-nox-at10-12k-2026","keep","","",""
"/compare/bullpadel-vertex-05-vs-nox-at10-12k-2026","comparison","bullpadel-vertex-05-vs-nox-at10-12k-2026","Bullpadel Vertex 05 vs Nox AT10 12K Alum Xtrem 2026","choose between Bullpadel Vertex 05 vs Nox AT10 12K Alum Xtrem 2026","A vs B decision with choose-neither","Which of these two (or neither) fits my need?","prod-bullpadel-vertex-05|prod-nox-at10-12k-2026","","false","HIDDEN_404","comparison:prod-bullpadel-vertex-05|prod-nox-at10-12k-2026","keep","","",""
"/compare/babolat-pure-drive-2025-vs-wilson-clash-100-v2","comparison","babolat-pure-drive-2025-vs-wilson-clash-100-v2","Babolat Pure Drive 2025 vs Wilson Clash 100 v2","choose between Babolat Pure Drive 2025 vs Wilson Clash 100 v2","A vs B decision with choose-neither","Which of these two (or neither) fits my need?","prod-babolat-pure-drive-2025|prod-wilson-clash-100-v2","","false","HIDDEN_404","comparison:prod-babolat-pure-drive-2025|prod-wilson-clash-100-v2","keep","","",""
"/compare/wilson-blade-98-v8-vs-yonex-ezone-98-2024","comparison","wilson-blade-98-v8-vs-yonex-ezone-98-2024","Wilson Blade 98 v8 vs Yonex EZONE 98 2024","choose between Wilson Blade 98 v8 vs Yonex EZONE 98 2024","A vs B decision with choose-neither","Which of these two (or neither) fits my need?","prod-wilson-blade-98-v8|prod-yonex-ezone-98-2024","","false","HIDDEN_404","comparison:prod-wilson-blade-98-v8|prod-yonex-ezone-98-2024","keep","","",""
"/compare/wilson-blade-98-v9-vs-babolat-pure-drive-gen11","comparison","wilson-blade-98-v9-vs-babolat-pure-drive-gen11","Wilson Blade 98 v9 vs Babolat Pure Drive Gen11","choose between Wilson Blade 98 v9 vs Babolat Pure Drive Gen11","A vs B decision with choose-neither","Which of these two (or neither) fits my need?","prod-babolat-pure-drive-gen11|prod-wilson-blade-98-v9","","false","HIDDEN_404","comparison:prod-babolat-pure-drive-gen11|prod-wilson-blade-98-v9","keep","","",""
"/compare/yonex-ezone-100-2025-vs-wilson-clash-100-v3","comparison","yonex-ezone-100-2025-vs-wilson-clash-100-v3","Yonex EZONE 100 2025 vs Wilson Clash 100 v3","choose between Yonex EZONE 100 2025 vs Wilson Clash 100 v3","A vs B decision with choose-neither","Which of these two (or neither) fits my need?","prod-wilson-clash-100-v3|prod-yonex-ezone-100-2025","","false","HIDDEN_404","comparison:prod-wilson-clash-100-v3|prod-yonex-ezone-100-2025","keep","","",""
"/compare/babolat-pure-aero-2026-vs-yonex-vcore-100-2023","comparison","babolat-pure-aero-2026-vs-yonex-vcore-100-2023","Babolat Pure Aero 2026 vs Yonex VCORE 100","choose between Babolat Pure Aero 2026 vs Yonex VCORE 100","A vs B decision with choose-neither","Which of these two (or neither) fits my need?","prod-babolat-pure-aero-2026|prod-yonex-vcore-100-2023","","false","HIDDEN_404","comparison:prod-babolat-pure-aero-2026|prod-yonex-vcore-100-2023","keep","","",""
"/compare/nuobell-80-vs-powerblock-pro-100","comparison","nuobell-80-vs-powerblock-pro-100","NÜOBELL 80 vs PowerBlock Pro Series 100","choose between NÜOBELL 80 vs PowerBlock Pro Series 100","A vs B decision with choose-neither","Which of these two (or neither) fits my need?","prod-nuobell-80|prod-powerblock-pro-100","","false","HIDDEN_404","comparison:prod-nuobell-80|prod-powerblock-pro-100","keep","","",""
"/compare/rogue-rml-390f-vs-rep-pr-4000","comparison","rogue-rml-390f-vs-rep-pr-4000","Rogue RML-390F vs REP PR-4000","choose between Rogue RML-390F vs REP PR-4000","A vs B decision with choose-neither","Which of these two (or neither) fits my need?","prod-rep-pr-4000|prod-rogue-rml-390f","","false","HIDDEN_404","comparison:prod-rep-pr-4000|prod-rogue-rml-390f","keep","","",""
"/compare/nike-metcon-9-vs-reebok-nano-x4","comparison","nike-metcon-9-vs-reebok-nano-x4","Nike Metcon 9 vs Reebok Nano X4","choose between Nike Metcon 9 vs Reebok Nano X4","A vs B decision with choose-neither","Which of these two (or neither) fits my need?","prod-nike-metcon-9|prod-reebok-nano-x4","","false","HIDDEN_404","comparison:prod-nike-metcon-9|prod-reebok-nano-x4","keep","","",""
"/compare/nike-metcon-9-vs-adidas-dropset-3","comparison","nike-metcon-9-vs-adidas-dropset-3","Nike Metcon 9 vs adidas Dropset 3","choose between Nike Metcon 9 vs adidas Dropset 3","A vs B decision with choose-neither","Which of these two (or neither) fits my need?","prod-adidas-dropset-3|prod-nike-metcon-9","","false","HIDDEN_404","comparison:prod-adidas-dropset-3|prod-nike-metcon-9","keep","","",""
"/compare/reebok-nano-x4-vs-tyr-cxt-2","comparison","reebok-nano-x4-vs-tyr-cxt-2","Reebok Nano X4 vs TYR CXT-2","choose between Reebok Nano X4 vs TYR CXT-2","A vs B decision with choose-neither","Which of these two (or neither) fits my need?","prod-reebok-nano-x4|prod-tyr-cxt-2","","false","HIDDEN_404","comparison:prod-reebok-nano-x4|prod-tyr-cxt-2","keep","","",""
"/compare/nobull-trainer-vs-nike-metcon-9","comparison","nobull-trainer-vs-nike-metcon-9","NOBULL Trainer vs Nike Metcon 9","choose between NOBULL Trainer vs Nike Metcon 9","A vs B decision with choose-neither","Which of these two (or neither) fits my need?","prod-nike-metcon-9|prod-nobull-trainer","","false","HIDDEN_404","comparison:prod-nike-metcon-9|prod-nobull-trainer","keep","","",""
"/compare/inov8-f-lite-235-v3-vs-reebok-nano-x4","comparison","inov8-f-lite-235-v3-vs-reebok-nano-x4","inov-8 F-Lite 235 V3 vs Reebok Nano X4","choose between inov-8 F-Lite 235 V3 vs Reebok Nano X4","A vs B decision with choose-neither","Which of these two (or neither) fits my need?","prod-inov8-flite-235-v3|prod-reebok-nano-x4","","false","HIDDEN_404","comparison:prod-inov8-flite-235-v3|prod-reebok-nano-x4","keep","","",""
"/compare/nike-romaleos-5-vs-adidas-adipower-3","comparison","nike-romaleos-5-vs-adidas-adipower-3","Nike Romaleos 5 vs adidas Adipower Weightlifting 3","choose between Nike Romaleos 5 vs adidas Adipower Weightlifting 3","A vs B decision with choose-neither","Which of these two (or neither) fits my need?","prod-adidas-adipower-3|prod-nike-romaleos-5","","false","HIDDEN_404","comparison:prod-adidas-adipower-3|prod-nike-romaleos-5","keep","","",""
"/compare/adidas-powerlift-5-vs-nike-romaleos-5","comparison","adidas-powerlift-5-vs-nike-romaleos-5","adidas Powerlift 5 vs Nike Romaleos 5","choose between adidas Powerlift 5 vs Nike Romaleos 5","A vs B decision with choose-neither","Which of these two (or neither) fits my need?","prod-adidas-powerlift-5|prod-nike-romaleos-5","","false","HIDDEN_404","comparison:prod-adidas-powerlift-5|prod-nike-romaleos-5","keep","","",""
"/compare/nike-free-metcon-6-vs-reebok-nano-x4","comparison","nike-free-metcon-6-vs-reebok-nano-x4","Nike Free Metcon 6 vs Reebok Nano X4","choose between Nike Free Metcon 6 vs Reebok Nano X4","A vs B decision with choose-neither","Which of these two (or neither) fits my need?","prod-nike-free-metcon-6|prod-reebok-nano-x4","","false","HIDDEN_404","comparison:prod-nike-free-metcon-6|prod-reebok-nano-x4","keep","","",""
"/compare/adidas-dropset-3-vs-adidas-the-total","comparison","adidas-dropset-3-vs-adidas-the-total","adidas Dropset 3 vs adidas The Total","choose between adidas Dropset 3 vs adidas The Total","A vs B decision with choose-neither","Which of these two (or neither) fits my need?","prod-adidas-dropset-3|prod-adidas-the-total","","false","HIDDEN_404","comparison:prod-adidas-dropset-3|prod-adidas-the-total","keep","","",""
"/compare/puma-fuse-3-vs-ua-tribase-reign-6","comparison","puma-fuse-3-vs-ua-tribase-reign-6","PUMA Fuse 3 vs Under Armour TriBase Reign 6","choose between PUMA Fuse 3 vs Under Armour TriBase Reign 6","A vs B decision with choose-neither","Which of these two (or neither) fits my need?","prod-puma-fuse-3|prod-ua-tribase-reign-6","","false","HIDDEN_404","comparison:prod-puma-fuse-3|prod-ua-tribase-reign-6","keep","","",""
"/compare/tyr-cxt-1-vs-tyr-cxt-2","comparison","tyr-cxt-1-vs-tyr-cxt-2","TYR CXT-1 vs TYR CXT-2","choose between TYR CXT-1 vs TYR CXT-2","A vs B decision with choose-neither","Which of these two (or neither) fits my need?","prod-tyr-cxt-1|prod-tyr-cxt-2","","false","HIDDEN_404","comparison:prod-tyr-cxt-1|prod-tyr-cxt-2","keep","","",""
"/compare/concept2-rowerg-vs-mirafit-magnetic-rower","comparison","concept2-rowerg-vs-mirafit-magnetic-rower","Concept2 RowErg vs Mirafit Magnetic Rower","choose between Concept2 RowErg vs Mirafit Magnetic Rower","A vs B decision with choose-neither","Which of these two (or neither) fits my need?","prod-concept2-rowerg|prod-mirafit-rower","","false","HIDDEN_404","comparison:prod-concept2-rowerg|prod-mirafit-rower","keep","","",""
"/compare/rogue-echo-bike-vs-assaultbike-elite","comparison","rogue-echo-bike-vs-assaultbike-elite","Rogue Echo Bike vs AssaultBike Elite","choose between Rogue Echo Bike vs AssaultBike Elite","A vs B decision with choose-neither","Which of these two (or neither) fits my need?","prod-assault-elite|prod-rogue-echo-bike","","false","HIDDEN_404","comparison:prod-assault-elite|prod-rogue-echo-bike","keep","","",""
"/compare/sole-f80-vs-horizon-t202","comparison","sole-f80-vs-horizon-t202","Sole F80 vs Horizon T202","choose between Sole F80 vs Horizon T202","A vs B decision with choose-neither","Which of these two (or neither) fits my need?","prod-horizon-t202|prod-sole-f80","","false","HIDDEN_404","comparison:prod-horizon-t202|prod-sole-f80","keep","","","paired_alternatives"
"/compare/concept2-rowerg-vs-hydrow-wave","comparison","concept2-rowerg-vs-hydrow-wave","Concept2 RowErg vs Hydrow Wave","choose between Concept2 RowErg vs Hydrow Wave","A vs B decision with choose-neither","Which of these two (or neither) fits my need?","prod-concept2-rowerg|prod-hydrow-wave","","false","HIDDEN_404","comparison:prod-concept2-rowerg|prod-hydrow-wave","keep","","",""
"/products/asics-novablast-5/alternatives","alternatives","asics-novablast-5-alternatives","Alternatives to ASICS Novablast 5","replace ASICS Novablast 5 with a peer","why switch / stay / better / worse","What should replace Novablast 5 if it is wrong for me?","asics-novablast-5","running","false","PUBLIC_NOINDEX","alternatives:prod-novablast-5","keep","","","paired_comparison;paired_comparison;paired_comparison;paired_comparison"
"/products/asics-gel-nimbus-27/alternatives","alternatives","asics-gel-nimbus-27-alternatives","Alternatives to ASICS GEL-Nimbus 27","replace ASICS GEL-Nimbus 27 with a peer","why switch / stay / better / worse","What should replace GEL-Nimbus 27 if it is wrong for me?","asics-gel-nimbus-27","running","false","PUBLIC_NOINDEX","alternatives:prod-nimbus-27","keep","","","paired_comparison;paired_comparison"
"/products/nike-pegasus-41/alternatives","alternatives","nike-pegasus-41-alternatives","Alternatives to Nike Pegasus 41","replace Nike Pegasus 41 with a peer","why switch / stay / better / worse","What should replace Pegasus 41 if it is wrong for me?","nike-pegasus-41","running","true","INDEXABLE","alternatives:prod-pegasus-41","keep","","",""
"/products/brooks-ghost-16/alternatives","alternatives","brooks-ghost-16-alternatives","Alternatives to Brooks Ghost 16","replace Brooks Ghost 16 with a peer","why switch / stay / better / worse","What should replace Ghost 16 if it is wrong for me?","brooks-ghost-16","running","false","PUBLIC_NOINDEX","alternatives:prod-ghost-16","keep","","","paired_comparison"
"/products/saucony-endorphin-speed-4/alternatives","alternatives","saucony-endorphin-speed-4-alternatives","Alternatives to Saucony Endorphin Speed 4","replace Saucony Endorphin Speed 4 with a peer","why switch / stay / better / worse","What should replace Endorphin Speed 4 if it is wrong for me?","saucony-endorphin-speed-4","running","false","PUBLIC_NOINDEX","alternatives:prod-endorphin-speed-4","keep","","",""
"/products/adidas-adizero-boston-12/alternatives","alternatives","adidas-adizero-boston-12-alternatives","Alternatives to Adidas Adizero Boston 12","replace Adidas Adizero Boston 12 with a peer","why switch / stay / better / worse","What should replace Adizero Boston 12 if it is wrong for me?","adidas-adizero-boston-12","running","true","INDEXABLE","alternatives:prod-boston-12","keep","","","paired_comparison"
"/products/garmin-forerunner-965/alternatives","alternatives","garmin-forerunner-965-alternatives","Alternatives to Garmin Forerunner 965","replace Garmin Forerunner 965 with a peer","why switch / stay / better / worse","What should replace Forerunner 965 if it is wrong for me?","garmin-forerunner-965","running","false","PUBLIC_NOINDEX","alternatives:prod-forerunner-965","keep","","","paired_comparison"
"/products/coros-pace-3/alternatives","alternatives","coros-pace-3-alternatives","Alternatives to COROS Pace 3","replace COROS Pace 3 with a peer","why switch / stay / better / worse","What should replace Pace 3 if it is wrong for me?","coros-pace-3","running","false","PUBLIC_NOINDEX","alternatives:prod-coros-pace-3","keep","","",""
"/products/garmin-hrm-pro-plus/alternatives","alternatives","garmin-hrm-pro-plus-alternatives","Alternatives to Garmin HRM-Pro Plus","replace Garmin HRM-Pro Plus with a peer","why switch / stay / better / worse","What should replace HRM-Pro Plus if it is wrong for me?","garmin-hrm-pro-plus","running","true","INDEXABLE","alternatives:prod-hrm-pro-plus","keep","","","paired_comparison;paired_comparison"
"/products/salomon-adv-skin-12/alternatives","alternatives","salomon-adv-skin-12-alternatives","Alternatives to Salomon ADV Skin 12","replace Salomon ADV Skin 12 with a peer","why switch / stay / better / worse","What should replace ADV Skin 12 if it is wrong for me?","salomon-adv-skin-12","running","false","PUBLIC_NOINDEX","alternatives:prod-adv-skin-12","keep","","","paired_comparison;paired_comparison;paired_comparison;paired_comparison"
"/products/asics-novablast-6/alternatives","alternatives","asics-novablast-6-alternatives","Alternatives to ASICS Novablast 6","replace ASICS Novablast 6 with a peer","why switch / stay / better / worse","What should replace Novablast 6 if it is wrong for me?","asics-novablast-6","running","true","INDEXABLE","alternatives:prod-novablast-6","keep","","","paired_comparison;paired_comparison;paired_comparison;paired_comparison"
"/products/asics-superblast-2/alternatives","alternatives","asics-superblast-2-alternatives","Alternatives to ASICS SUPERBLAST 2","replace ASICS SUPERBLAST 2 with a peer","why switch / stay / better / worse","What should replace SUPERBLAST 2 if it is wrong for me?","asics-superblast-2","running","true","INDEXABLE","alternatives:prod-superblast-2","keep","","",""
"/products/asics-gel-kayano-32/alternatives","alternatives","asics-gel-kayano-32-alternatives","Alternatives to ASICS GEL-Kayano 32","replace ASICS GEL-Kayano 32 with a peer","why switch / stay / better / worse","What should replace GEL-Kayano 32 if it is wrong for me?","asics-gel-kayano-32","running","false","PUBLIC_NOINDEX","alternatives:prod-kayano-32","keep","","","paired_comparison"
"/products/asics-gel-cumulus-27/alternatives","alternatives","asics-gel-cumulus-27-alternatives","Alternatives to ASICS GEL-Cumulus 27","replace ASICS GEL-Cumulus 27 with a peer","why switch / stay / better / worse","What should replace GEL-Cumulus 27 if it is wrong for me?","asics-gel-cumulus-27","running","false","PUBLIC_NOINDEX","alternatives:prod-cumulus-27","keep","","",""
"/products/asics-metaspeed-sky-paris/alternatives","alternatives","asics-metaspeed-sky-paris-alternatives","Alternatives to ASICS METASPEED Sky Paris","replace ASICS METASPEED Sky Paris with a peer","why switch / stay / better / worse","What should replace METASPEED Sky Paris if it is wrong for me?","asics-metaspeed-sky-paris","running","true","INDEXABLE","alternatives:prod-metaspeed-sky-paris","keep","","",""
"/products/asics-gt-2000-14/alternatives","alternatives","asics-gt-2000-14-alternatives","Alternatives to ASICS GT-2000 14","replace ASICS GT-2000 14 with a peer","why switch / stay / better / worse","What should replace GT-2000 14 if it is wrong for me?","asics-gt-2000-14","running","false","PUBLIC_NOINDEX","alternatives:prod-gt-2000-14","keep","","",""
"/products/nike-pegasus-42/alternatives","alternatives","nike-pegasus-42-alternatives","Alternatives to Nike Pegasus 42","replace Nike Pegasus 42 with a peer","why switch / stay / better / worse","What should replace Pegasus 42 if it is wrong for me?","nike-pegasus-42","running","true","INDEXABLE","alternatives:prod-pegasus-42","keep","","","paired_comparison"
"/products/nike-vomero-18/alternatives","alternatives","nike-vomero-18-alternatives","Alternatives to Nike Vomero 18","replace Nike Vomero 18 with a peer","why switch / stay / better / worse","What should replace Vomero 18 if it is wrong for me?","nike-vomero-18","running","true","INDEXABLE","alternatives:prod-vomero-18","keep","","",""
"/products/nike-vaporfly-4/alternatives","alternatives","nike-vaporfly-4-alternatives","Alternatives to Nike Vaporfly 4","replace Nike Vaporfly 4 with a peer","why switch / stay / better / worse","What should replace Vaporfly 4 if it is wrong for me?","nike-vaporfly-4","running","true","INDEXABLE","alternatives:prod-vaporfly-4","keep","","","paired_comparison"
"/products/nike-alphafly-3/alternatives","alternatives","nike-alphafly-3-alternatives","Alternatives to Nike Alphafly 3","replace Nike Alphafly 3 with a peer","why switch / stay / better / worse","What should replace Alphafly 3 if it is wrong for me?","nike-alphafly-3","running","true","INDEXABLE","alternatives:prod-alphafly-3","keep","","","paired_comparison"
"/products/brooks-ghost-18/alternatives","alternatives","brooks-ghost-18-alternatives","Alternatives to Brooks Ghost 18","replace Brooks Ghost 18 with a peer","why switch / stay / better / worse","What should replace Ghost 18 if it is wrong for me?","brooks-ghost-18","running","true","INDEXABLE","alternatives:prod-ghost-18","keep","","","paired_comparison;paired_comparison"
"/products/brooks-glycerin-22/alternatives","alternatives","brooks-glycerin-22-alternatives","Alternatives to Brooks Glycerin 22","replace Brooks Glycerin 22 with a peer","why switch / stay / better / worse","What should replace Glycerin 22 if it is wrong for me?","brooks-glycerin-22","running","true","INDEXABLE","alternatives:prod-glycerin-22","keep","","",""
"/products/brooks-adrenaline-gts-25/alternatives","alternatives","brooks-adrenaline-gts-25-alternatives","Alternatives to Brooks Adrenaline GTS 25","replace Brooks Adrenaline GTS 25 with a peer","why switch / stay / better / worse","What should replace Adrenaline GTS 25 if it is wrong for me?","brooks-adrenaline-gts-25","running","false","PUBLIC_NOINDEX","alternatives:prod-adrenaline-gts-25","keep","","","paired_comparison"
"/products/brooks-hyperion-max-2/alternatives","alternatives","brooks-hyperion-max-2-alternatives","Alternatives to Brooks Hyperion Max 2","replace Brooks Hyperion Max 2 with a peer","why switch / stay / better / worse","What should replace Hyperion Max 2 if it is wrong for me?","brooks-hyperion-max-2","running","true","INDEXABLE","alternatives:prod-hyperion-max-2","keep","","",""
"/products/hoka-clifton-10/alternatives","alternatives","hoka-clifton-10-alternatives","Alternatives to HOKA Clifton 10","replace HOKA Clifton 10 with a peer","why switch / stay / better / worse","What should replace Clifton 10 if it is wrong for me?","hoka-clifton-10","running","true","INDEXABLE","alternatives:prod-clifton-10","keep","","","paired_comparison"
"/products/hoka-bondi-9/alternatives","alternatives","hoka-bondi-9-alternatives","Alternatives to HOKA Bondi 9","replace HOKA Bondi 9 with a peer","why switch / stay / better / worse","What should replace Bondi 9 if it is wrong for me?","hoka-bondi-9","running","true","INDEXABLE","alternatives:prod-bondi-9","keep","","",""
"/products/hoka-mach-6/alternatives","alternatives","hoka-mach-6-alternatives","Alternatives to HOKA Mach 6","replace HOKA Mach 6 with a peer","why switch / stay / better / worse","What should replace Mach 6 if it is wrong for me?","hoka-mach-6","running","true","INDEXABLE","alternatives:prod-mach-6","keep","","",""
"/products/hoka-speedgoat-6/alternatives","alternatives","hoka-speedgoat-6-alternatives","Alternatives to HOKA Speedgoat 6","replace HOKA Speedgoat 6 with a peer","why switch / stay / better / worse","What should replace Speedgoat 6 if it is wrong for me?","hoka-speedgoat-6","running","false","PUBLIC_NOINDEX","alternatives:prod-speedgoat-6","keep","","","paired_comparison"
"/products/saucony-endorphin-speed-5/alternatives","alternatives","saucony-endorphin-speed-5-alternatives","Alternatives to Saucony Endorphin Speed 5","replace Saucony Endorphin Speed 5 with a peer","why switch / stay / better / worse","What should replace Endorphin Speed 5 if it is wrong for me?","saucony-endorphin-speed-5","running","true","INDEXABLE","alternatives:prod-endorphin-speed-5","keep","","","paired_comparison"
"/products/saucony-endorphin-pro-4/alternatives","alternatives","saucony-endorphin-pro-4-alternatives","Alternatives to Saucony Endorphin Pro 4","replace Saucony Endorphin Pro 4 with a peer","why switch / stay / better / worse","What should replace Endorphin Pro 4 if it is wrong for me?","saucony-endorphin-pro-4","running","false","PUBLIC_NOINDEX","alternatives:prod-endorphin-pro-4","keep","","",""
"/products/saucony-endorphin-pro-3/alternatives","alternatives","saucony-endorphin-pro-3-alternatives","Alternatives to Saucony Endorphin Pro 3","replace Saucony Endorphin Pro 3 with a peer","why switch / stay / better / worse","What should replace Endorphin Pro 3 if it is wrong for me?","saucony-endorphin-pro-3","running","false","PUBLIC_NOINDEX","alternatives:prod-endorphin-pro-3","keep","","",""
"/products/saucony-ride-18/alternatives","alternatives","saucony-ride-18-alternatives","Alternatives to Saucony Ride 18","replace Saucony Ride 18 with a peer","why switch / stay / better / worse","What should replace Ride 18 if it is wrong for me?","saucony-ride-18","running","false","PUBLIC_NOINDEX","alternatives:prod-ride-18","keep","","",""
"/products/saucony-triumph-22/alternatives","alternatives","saucony-triumph-22-alternatives","Alternatives to Saucony Triumph 22","replace Saucony Triumph 22 with a peer","why switch / stay / better / worse","What should replace Triumph 22 if it is wrong for me?","saucony-triumph-22","running","true","INDEXABLE","alternatives:prod-triumph-22","keep","","",""
"/products/saucony-peregrine-15/alternatives","alternatives","saucony-peregrine-15-alternatives","Alternatives to Saucony Peregrine 15","replace Saucony Peregrine 15 with a peer","why switch / stay / better / worse","What should replace Peregrine 15 if it is wrong for me?","saucony-peregrine-15","running","true","INDEXABLE","alternatives:prod-peregrine-15","keep","","","paired_comparison"
"/products/new-balance-fresh-foam-x-1080-v14/alternatives","alternatives","new-balance-fresh-foam-x-1080-v14-alternatives","Alternatives to New Balance Fresh Foam X 1080 v14","replace New Balance Fresh Foam X 1080 v14 with a peer","why switch / stay / better / worse","What should replace Fresh Foam X 1080 v14 if it is wrong for me?","new-balance-fresh-foam-x-1080-v14","running","true","INDEXABLE","alternatives:prod-1080-v14","keep","","",""
"/products/adidas-adizero-adios-pro-4/alternatives","alternatives","adidas-adizero-adios-pro-4-alternatives","Alternatives to Adidas Adizero Adios Pro 4","replace Adidas Adizero Adios Pro 4 with a peer","why switch / stay / better / worse","What should replace Adizero Adios Pro 4 if it is wrong for me?","adidas-adizero-adios-pro-4","running","false","PUBLIC_NOINDEX","alternatives:prod-adios-pro-4","keep","","",""
"/products/on-cloudmonster-2/alternatives","alternatives","on-cloudmonster-2-alternatives","Alternatives to On Cloudmonster 2","replace On Cloudmonster 2 with a peer","why switch / stay / better / worse","What should replace Cloudmonster 2 if it is wrong for me?","on-cloudmonster-2","running","true","INDEXABLE","alternatives:prod-cloudmonster-2","keep","","",""
"/products/altra-lone-peak-8/alternatives","alternatives","altra-lone-peak-8-alternatives","Alternatives to Altra Lone Peak 8","replace Altra Lone Peak 8 with a peer","why switch / stay / better / worse","What should replace Lone Peak 8 if it is wrong for me?","altra-lone-peak-8","running","false","PUBLIC_NOINDEX","alternatives:prod-lone-peak-8","keep","","",""
"/products/salomon-aero-glide-2/alternatives","alternatives","salomon-aero-glide-2-alternatives","Alternatives to Salomon Aero Glide 2","replace Salomon Aero Glide 2 with a peer","why switch / stay / better / worse","What should replace Aero Glide 2 if it is wrong for me?","salomon-aero-glide-2","running","false","PUBLIC_NOINDEX","alternatives:prod-aero-glide-2","keep","","",""
"/products/salomon-sense-ride-5/alternatives","alternatives","salomon-sense-ride-5-alternatives","Alternatives to Salomon Sense Ride 5","replace Salomon Sense Ride 5 with a peer","why switch / stay / better / worse","What should replace Sense Ride 5 if it is wrong for me?","salomon-sense-ride-5","running","false","PUBLIC_NOINDEX","alternatives:prod-sense-ride-5","keep","","",""
"/products/mizuno-wave-rider-28/alternatives","alternatives","mizuno-wave-rider-28-alternatives","Alternatives to Mizuno Wave Rider 28","replace Mizuno Wave Rider 28 with a peer","why switch / stay / better / worse","What should replace Wave Rider 28 if it is wrong for me?","mizuno-wave-rider-28","running","true","INDEXABLE","alternatives:prod-wave-rider-28","keep","","",""
"/products/brooks-cascadia-18/alternatives","alternatives","brooks-cascadia-18-alternatives","Alternatives to Brooks Cascadia 18","replace Brooks Cascadia 18 with a peer","why switch / stay / better / worse","What should replace Cascadia 18 if it is wrong for me?","brooks-cascadia-18","running","false","PUBLIC_NOINDEX","alternatives:prod-cascadia-18","keep","","",""
"/products/nike-pegasus-trail-5/alternatives","alternatives","nike-pegasus-trail-5-alternatives","Alternatives to Nike Pegasus Trail 5","replace Nike Pegasus Trail 5 with a peer","why switch / stay / better / worse","What should replace Pegasus Trail 5 if it is wrong for me?","nike-pegasus-trail-5","running","false","PUBLIC_NOINDEX","alternatives:prod-pegasus-trail-5","keep","","",""
"/products/asics-gel-trabuco-13/alternatives","alternatives","asics-gel-trabuco-13-alternatives","Alternatives to ASICS Gel-Trabuco 13","replace ASICS Gel-Trabuco 13 with a peer","why switch / stay / better / worse","What should replace Gel-Trabuco 13 if it is wrong for me?","asics-gel-trabuco-13","running","true","INDEXABLE","alternatives:prod-trabuco-13","keep","","",""
"/products/new-balance-fresh-foam-x-hierro-v9/alternatives","alternatives","new-balance-fresh-foam-x-hierro-v9-alternatives","Alternatives to New Balance Fresh Foam X Hierro v9","replace New Balance Fresh Foam X Hierro v9 with a peer","why switch / stay / better / worse","What should replace Fresh Foam X Hierro v9 if it is wrong for me?","new-balance-fresh-foam-x-hierro-v9","running","true","INDEXABLE","alternatives:prod-hierro-v9","keep","","",""
"/products/adidas-terrex-agravic-3/alternatives","alternatives","adidas-terrex-agravic-3-alternatives","Alternatives to Adidas Terrex Agravic 3","replace Adidas Terrex Agravic 3 with a peer","why switch / stay / better / worse","What should replace Terrex Agravic 3 if it is wrong for me?","adidas-terrex-agravic-3","running","false","PUBLIC_NOINDEX","alternatives:prod-terrex-agravic-3","keep","","",""
"/products/salomon-ultra-glide-2/alternatives","alternatives","salomon-ultra-glide-2-alternatives","Alternatives to Salomon Ultra Glide 2","replace Salomon Ultra Glide 2 with a peer","why switch / stay / better / worse","What should replace Ultra Glide 2 if it is wrong for me?","salomon-ultra-glide-2","running","false","PUBLIC_NOINDEX","alternatives:prod-ultra-glide-2","keep","","",""
"/products/topo-athletic-terraventure-5/alternatives","alternatives","topo-athletic-terraventure-5-alternatives","Alternatives to Topo Athletic Terraventure 5","replace Topo Athletic Terraventure 5 with a peer","why switch / stay / better / worse","What should replace Terraventure 5 if it is wrong for me?","topo-athletic-terraventure-5","running","true","INDEXABLE","alternatives:prod-terraventure-4","keep","","",""
"/products/saucony-guide-18/alternatives","alternatives","saucony-guide-18-alternatives","Alternatives to Saucony Guide 18","replace Saucony Guide 18 with a peer","why switch / stay / better / worse","What should replace Guide 18 if it is wrong for me?","saucony-guide-18","running","true","INDEXABLE","alternatives:prod-guide-18","keep","","",""
"/products/hoka-arahi-7/alternatives","alternatives","hoka-arahi-7-alternatives","Alternatives to HOKA Arahi 7","replace HOKA Arahi 7 with a peer","why switch / stay / better / worse","What should replace Arahi 7 if it is wrong for me?","hoka-arahi-7","running","true","INDEXABLE","alternatives:prod-arahi-7","keep","","",""
"/products/new-balance-fresh-foam-x-860-v14/alternatives","alternatives","new-balance-fresh-foam-x-860-v14-alternatives","Alternatives to New Balance Fresh Foam X 860 v14","replace New Balance Fresh Foam X 860 v14 with a peer","why switch / stay / better / worse","What should replace Fresh Foam X 860 v14 if it is wrong for me?","new-balance-fresh-foam-x-860-v14","running","true","INDEXABLE","alternatives:prod-860-v14","keep","","",""
"/products/altra-paradigm-7/alternatives","alternatives","altra-paradigm-7-alternatives","Alternatives to Altra Paradigm 7","replace Altra Paradigm 7 with a peer","why switch / stay / better / worse","What should replace Paradigm 7 if it is wrong for me?","altra-paradigm-7","running","false","PUBLIC_NOINDEX","alternatives:prod-paradigm-7","keep","","",""
"/products/altra-experience-flow/alternatives","alternatives","altra-experience-flow-alternatives","Alternatives to Altra Experience Flow","replace Altra Experience Flow with a peer","why switch / stay / better / worse","What should replace Experience Flow if it is wrong for me?","altra-experience-flow","running","false","PUBLIC_NOINDEX","alternatives:prod-experience-flow","keep","","",""
"/products/adidas-adizero-boston-13/alternatives","alternatives","adidas-adizero-boston-13-alternatives","Alternatives to Adidas Adizero Boston 13","replace Adidas Adizero Boston 13 with a peer","why switch / stay / better / worse","What should replace Adizero Boston 13 if it is wrong for me?","adidas-adizero-boston-13","running","false","PUBLIC_NOINDEX","alternatives:prod-adizero-boston-13","keep","","",""
"/products/adidas-ultraboost-5/alternatives","alternatives","adidas-ultraboost-5-alternatives","Alternatives to Adidas Ultraboost 5","replace Adidas Ultraboost 5 with a peer","why switch / stay / better / worse","What should replace Ultraboost 5 if it is wrong for me?","adidas-ultraboost-5","running","true","INDEXABLE","alternatives:prod-ultraboost-5","keep","","",""
"/products/on-cloudsurfer-2/alternatives","alternatives","on-cloudsurfer-2-alternatives","Alternatives to On Cloudsurfer 2","replace On Cloudsurfer 2 with a peer","why switch / stay / better / worse","What should replace Cloudsurfer 2 if it is wrong for me?","on-cloudsurfer-2","running","false","PUBLIC_NOINDEX","alternatives:prod-cloudsurfer-2","keep","","",""
"/products/on-cloudmonster-hyper/alternatives","alternatives","on-cloudmonster-hyper-alternatives","Alternatives to On Cloudmonster Hyper","replace On Cloudmonster Hyper with a peer","why switch / stay / better / worse","What should replace Cloudmonster Hyper if it is wrong for me?","on-cloudmonster-hyper","running","false","PUBLIC_NOINDEX","alternatives:prod-cloudmonster-hyper","keep","","",""
"/products/salomon-genesis/alternatives","alternatives","salomon-genesis-alternatives","Alternatives to Salomon Genesis","replace Salomon Genesis with a peer","why switch / stay / better / worse","What should replace Genesis if it is wrong for me?","salomon-genesis","running","false","PUBLIC_NOINDEX","alternatives:prod-genesis-salomon","keep","","",""
"/products/garmin-forerunner-970/alternatives","alternatives","garmin-forerunner-970-alternatives","Alternatives to Garmin Forerunner 970","replace Garmin Forerunner 970 with a peer","why switch / stay / better / worse","What should replace Forerunner 970 if it is wrong for me?","garmin-forerunner-970","running","true","INDEXABLE","alternatives:prod-forerunner-970","keep","","","paired_comparison;paired_comparison;paired_comparison"
"/products/garmin-forerunner-570/alternatives","alternatives","garmin-forerunner-570-alternatives","Alternatives to Garmin Forerunner 570","replace Garmin Forerunner 570 with a peer","why switch / stay / better / worse","What should replace Forerunner 570 if it is wrong for me?","garmin-forerunner-570","running","true","INDEXABLE","alternatives:prod-forerunner-570","keep","","",""
"/products/garmin-forerunner-165/alternatives","alternatives","garmin-forerunner-165-alternatives","Alternatives to Garmin Forerunner 165","replace Garmin Forerunner 165 with a peer","why switch / stay / better / worse","What should replace Forerunner 165 if it is wrong for me?","garmin-forerunner-165","running","false","PUBLIC_NOINDEX","alternatives:prod-forerunner-165","keep","","","paired_comparison;paired_comparison"
"/products/coros-pace-pro/alternatives","alternatives","coros-pace-pro-alternatives","Alternatives to COROS Pace Pro","replace COROS Pace Pro with a peer","why switch / stay / better / worse","What should replace Pace Pro if it is wrong for me?","coros-pace-pro","running","false","PUBLIC_NOINDEX","alternatives:prod-coros-pace-pro","keep","","","paired_comparison;paired_comparison"
"/products/polar-vantage-v3/alternatives","alternatives","polar-vantage-v3-alternatives","Alternatives to Polar Vantage V3","replace Polar Vantage V3 with a peer","why switch / stay / better / worse","What should replace Vantage V3 if it is wrong for me?","polar-vantage-v3","running","false","PUBLIC_NOINDEX","alternatives:prod-polar-vantage-v3","keep","","",""
"/products/suunto-race/alternatives","alternatives","suunto-race-alternatives","Alternatives to Suunto Race","replace Suunto Race with a peer","why switch / stay / better / worse","What should replace Race if it is wrong for me?","suunto-race","running","false","PUBLIC_NOINDEX","alternatives:prod-suunto-race","keep","","",""
"/products/garmin-hrm-600/alternatives","alternatives","garmin-hrm-600-alternatives","Alternatives to Garmin HRM 600","replace Garmin HRM 600 with a peer","why switch / stay / better / worse","What should replace HRM 600 if it is wrong for me?","garmin-hrm-600","running","true","INDEXABLE","alternatives:prod-hrm-600","keep","","","paired_comparison;paired_comparison"
"/products/polar-h10/alternatives","alternatives","polar-h10-alternatives","Alternatives to Polar H10","replace Polar H10 with a peer","why switch / stay / better / worse","What should replace H10 if it is wrong for me?","polar-h10","running","true","INDEXABLE","alternatives:prod-polar-h10","keep","","","paired_comparison;paired_comparison;paired_comparison;paired_comparison"
"/products/polar-verity-sense/alternatives","alternatives","polar-verity-sense-alternatives","Alternatives to Polar Verity Sense","replace Polar Verity Sense with a peer","why switch / stay / better / worse","What should replace Verity Sense if it is wrong for me?","polar-verity-sense","running","true","INDEXABLE","alternatives:prod-polar-verity-sense","keep","","","paired_comparison"
"/products/wahoo-tickr-x/alternatives","alternatives","wahoo-tickr-x-alternatives","Alternatives to Wahoo TICKR X","replace Wahoo TICKR X with a peer","why switch / stay / better / worse","What should replace TICKR X if it is wrong for me?","wahoo-tickr-x","running","true","INDEXABLE","alternatives:prod-wahoo-tickr-x","keep","","",""
"/products/coros-heart-rate-monitor/alternatives","alternatives","coros-heart-rate-monitor-alternatives","Alternatives to COROS Heart Rate Monitor","replace COROS Heart Rate Monitor with a peer","why switch / stay / better / worse","What should replace Heart Rate Monitor if it is wrong for me?","coros-heart-rate-monitor","running","false","PUBLIC_NOINDEX","alternatives:prod-coros-hrm","keep","","","paired_comparison"
"/products/garmin-fenix-8/alternatives","alternatives","garmin-fenix-8-alternatives","Alternatives to Garmin Fenix 8 AMOLED 47mm","replace Garmin Fenix 8 AMOLED 47mm with a peer","why switch / stay / better / worse","What should replace Fenix 8 AMOLED 47mm if it is wrong for me?","garmin-fenix-8","running","true","INDEXABLE","alternatives:prod-fenix-8","keep","","","paired_comparison;paired_comparison;paired_comparison"
"/products/garmin-enduro-3/alternatives","alternatives","garmin-enduro-3-alternatives","Alternatives to Garmin Enduro 3","replace Garmin Enduro 3 with a peer","why switch / stay / better / worse","What should replace Enduro 3 if it is wrong for me?","garmin-enduro-3","running","false","PUBLIC_NOINDEX","alternatives:prod-enduro-3","keep","","","paired_comparison"
"/products/garmin-instinct-3/alternatives","alternatives","garmin-instinct-3-alternatives","Alternatives to Garmin Instinct 3","replace Garmin Instinct 3 with a peer","why switch / stay / better / worse","What should replace Instinct 3 if it is wrong for me?","garmin-instinct-3","running","false","PUBLIC_NOINDEX","alternatives:prod-instinct-3","keep","","",""
"/products/garmin-vivoactive-6/alternatives","alternatives","garmin-vivoactive-6-alternatives","Alternatives to Garmin Vivoactive 6","replace Garmin Vivoactive 6 with a peer","why switch / stay / better / worse","What should replace Vivoactive 6 if it is wrong for me?","garmin-vivoactive-6","running","false","PUBLIC_NOINDEX","alternatives:prod-vivoactive-6","keep","","","paired_comparison"
"/products/garmin-forerunner-265s/alternatives","alternatives","garmin-forerunner-265s-alternatives","Alternatives to Garmin Forerunner 265S","replace Garmin Forerunner 265S with a peer","why switch / stay / better / worse","What should replace Forerunner 265S if it is wrong for me?","garmin-forerunner-265s","running","false","PUBLIC_NOINDEX","alternatives:prod-forerunner-265s","keep","","",""
"/products/garmin-epix-pro-gen-2/alternatives","alternatives","garmin-epix-pro-gen-2-alternatives","Alternatives to Garmin Epix Pro (Gen 2)","replace Garmin Epix Pro (Gen 2) with a peer","why switch / stay / better / worse","What should replace Epix Pro (Gen 2) if it is wrong for me?","garmin-epix-pro-gen-2","running","false","PUBLIC_NOINDEX","alternatives:prod-garmin-epix-pro-gen2","keep","","",""
"/products/coros-apex-4/alternatives","alternatives","coros-apex-4-alternatives","Alternatives to COROS Apex 4","replace COROS Apex 4 with a peer","why switch / stay / better / worse","What should replace Apex 4 if it is wrong for me?","coros-apex-4","running","false","PUBLIC_NOINDEX","alternatives:prod-coros-apex-4","keep","","","paired_comparison"
"/products/coros-pace-4/alternatives","alternatives","coros-pace-4-alternatives","Alternatives to COROS Pace 4","replace COROS Pace 4 with a peer","why switch / stay / better / worse","What should replace Pace 4 if it is wrong for me?","coros-pace-4","running","false","PUBLIC_NOINDEX","alternatives:prod-coros-pace-4","keep","","","paired_comparison;paired_comparison"
"/products/coros-vertix-2s/alternatives","alternatives","coros-vertix-2s-alternatives","Alternatives to COROS Vertix 2S","replace COROS Vertix 2S with a peer","why switch / stay / better / worse","What should replace Vertix 2S if it is wrong for me?","coros-vertix-2s","running","false","PUBLIC_NOINDEX","alternatives:prod-coros-vertix-2s","keep","","",""
"/products/suunto-vertical-2/alternatives","alternatives","suunto-vertical-2-alternatives","Alternatives to Suunto Vertical 2","replace Suunto Vertical 2 with a peer","why switch / stay / better / worse","What should replace Vertical 2 if it is wrong for me?","suunto-vertical-2","running","false","PUBLIC_NOINDEX","alternatives:prod-suunto-vertical-2","keep","","","paired_comparison"
"/products/suunto-run/alternatives","alternatives","suunto-run-alternatives","Alternatives to Suunto Run","replace Suunto Run with a peer","why switch / stay / better / worse","What should replace Run if it is wrong for me?","suunto-run","running","false","PUBLIC_NOINDEX","alternatives:prod-suunto-run","keep","","",""
"/products/polar-grit-x2/alternatives","alternatives","polar-grit-x2-alternatives","Alternatives to Polar Grit X2","replace Polar Grit X2 with a peer","why switch / stay / better / worse","What should replace Grit X2 if it is wrong for me?","polar-grit-x2","running","false","PUBLIC_NOINDEX","alternatives:prod-polar-grit-x2","keep","","","paired_comparison"
"/products/polar-pacer/alternatives","alternatives","polar-pacer-alternatives","Alternatives to Polar Pacer","replace Polar Pacer with a peer","why switch / stay / better / worse","What should replace Pacer if it is wrong for me?","polar-pacer","running","false","PUBLIC_NOINDEX","alternatives:prod-polar-pacer","keep","","",""
"/products/apple-watch-ultra-3/alternatives","alternatives","apple-watch-ultra-3-alternatives","Alternatives to Apple Watch Ultra 3","replace Apple Watch Ultra 3 with a peer","why switch / stay / better / worse","What should replace Watch Ultra 3 if it is wrong for me?","apple-watch-ultra-3","running","true","INDEXABLE","alternatives:prod-apple-watch-ultra-3","keep","","","paired_comparison"
"/products/apple-watch-series-10/alternatives","alternatives","apple-watch-series-10-alternatives","Alternatives to Apple Watch Series 10","replace Apple Watch Series 10 with a peer","why switch / stay / better / worse","What should replace Watch Series 10 if it is wrong for me?","apple-watch-series-10","running","false","PUBLIC_NOINDEX","alternatives:prod-apple-watch-series-10","keep","","",""
"/products/samsung-galaxy-watch-ultra/alternatives","alternatives","samsung-galaxy-watch-ultra-alternatives","Alternatives to Samsung Galaxy Watch Ultra","replace Samsung Galaxy Watch Ultra with a peer","why switch / stay / better / worse","What should replace Galaxy Watch Ultra if it is wrong for me?","samsung-galaxy-watch-ultra","running","true","INDEXABLE","alternatives:prod-samsung-galaxy-watch-ultra","keep","","",""
"/products/amazfit-t-rex-3-pro/alternatives","alternatives","amazfit-t-rex-3-pro-alternatives","Alternatives to Amazfit T-Rex 3 Pro","replace Amazfit T-Rex 3 Pro with a peer","why switch / stay / better / worse","What should replace T-Rex 3 Pro if it is wrong for me?","amazfit-t-rex-3-pro","running","false","PUBLIC_NOINDEX","alternatives:prod-amazfit-t-rex-3-pro","keep","","",""
"/products/amazfit-active-2/alternatives","alternatives","amazfit-active-2-alternatives","Alternatives to Amazfit Active 2","replace Amazfit Active 2 with a peer","why switch / stay / better / worse","What should replace Active 2 if it is wrong for me?","amazfit-active-2","running","false","PUBLIC_NOINDEX","alternatives:prod-amazfit-active-2","keep","","",""
"/products/garmin-hrm-200/alternatives","alternatives","garmin-hrm-200-alternatives","Alternatives to Garmin HRM 200","replace Garmin HRM 200 with a peer","why switch / stay / better / worse","What should replace HRM 200 if it is wrong for me?","garmin-hrm-200","running","true","INDEXABLE","alternatives:prod-garmin-hrm-200","keep","","",""
"/products/garmin-hrm-fit/alternatives","alternatives","garmin-hrm-fit-alternatives","Alternatives to Garmin HRM-Fit","replace Garmin HRM-Fit with a peer","why switch / stay / better / worse","What should replace HRM-Fit if it is wrong for me?","garmin-hrm-fit","running","true","INDEXABLE","alternatives:prod-garmin-hrm-fit","keep","","",""
"/products/polar-h9/alternatives","alternatives","polar-h9-alternatives","Alternatives to Polar H9","replace Polar H9 with a peer","why switch / stay / better / worse","What should replace H9 if it is wrong for me?","polar-h9","running","false","PUBLIC_NOINDEX","alternatives:prod-polar-h9","keep","","","paired_comparison"
"/products/wahoo-trackr/alternatives","alternatives","wahoo-trackr-alternatives","Alternatives to Wahoo TRACKR Heart Rate","replace Wahoo TRACKR Heart Rate with a peer","why switch / stay / better / worse","What should replace TRACKR Heart Rate if it is wrong for me?","wahoo-trackr","running","true","INDEXABLE","alternatives:prod-wahoo-trackr","keep","","","paired_comparison"
"/products/wahoo-tickr-fit/alternatives","alternatives","wahoo-tickr-fit-alternatives","Alternatives to Wahoo TICKR FIT","replace Wahoo TICKR FIT with a peer","why switch / stay / better / worse","What should replace TICKR FIT if it is wrong for me?","wahoo-tickr-fit","running","true","INDEXABLE","alternatives:prod-wahoo-tickr-fit","keep","","",""
"/products/suunto-smart-heart-rate-belt/alternatives","alternatives","suunto-smart-heart-rate-belt-alternatives","Alternatives to Suunto Smart Heart Rate Belt","replace Suunto Smart Heart Rate Belt with a peer","why switch / stay / better / worse","What should replace Smart Heart Rate Belt if it is wrong for me?","suunto-smart-heart-rate-belt","running","true","INDEXABLE","alternatives:prod-suunto-smart-hr-belt","keep","","",""
"/products/salomon-adv-skin-5/alternatives","alternatives","salomon-adv-skin-5-alternatives","Alternatives to Salomon ADV Skin 5","replace Salomon ADV Skin 5 with a peer","why switch / stay / better / worse","What should replace ADV Skin 5 if it is wrong for me?","salomon-adv-skin-5","running","false","PUBLIC_NOINDEX","alternatives:prod-salomon-adv-skin-5","keep","","","paired_comparison;paired_comparison"
"/products/nathan-vaporair-4/alternatives","alternatives","nathan-vaporair-4-alternatives","Alternatives to Nathan VaporAir 4.0 8L","replace Nathan VaporAir 4.0 8L with a peer","why switch / stay / better / worse","What should replace VaporAir 4.0 if it is wrong for me?","nathan-vaporair-4","running","false","PUBLIC_NOINDEX","alternatives:prod-nathan-vaporair-4","keep","","","paired_comparison"
"/products/nathan-pinnacle-12/alternatives","alternatives","nathan-pinnacle-12-alternatives","Alternatives to Nathan Pinnacle 12L","replace Nathan Pinnacle 12L with a peer","why switch / stay / better / worse","What should replace Pinnacle 12 if it is wrong for me?","nathan-pinnacle-12","running","false","PUBLIC_NOINDEX","alternatives:prod-nathan-pinnacle-12","keep","","",""
"/products/ultimate-direction-race-vest-6/alternatives","alternatives","ultimate-direction-race-vest-6-alternatives","Alternatives to Ultimate Direction Race Vest 6.0","replace Ultimate Direction Race Vest 6.0 with a peer","why switch / stay / better / worse","What should replace Race Vest 6.0 if it is wrong for me?","ultimate-direction-race-vest-6","running","false","PUBLIC_NOINDEX","alternatives:prod-ud-race-vest-6","keep","","","paired_comparison;paired_comparison"
"/products/camelbak-zephyr-pro/alternatives","alternatives","camelbak-zephyr-pro-alternatives","Alternatives to CamelBak Zephyr Pro","replace CamelBak Zephyr Pro with a peer","why switch / stay / better / worse","What should replace Zephyr Pro if it is wrong for me?","camelbak-zephyr-pro","running","false","PUBLIC_NOINDEX","alternatives:prod-camelbak-zephyr-pro","keep","","","paired_comparison"
"/products/camelbak-circuit-run-vest/alternatives","alternatives","camelbak-circuit-run-vest-alternatives","Alternatives to CamelBak Circuit Run Vest","replace CamelBak Circuit Run Vest with a peer","why switch / stay / better / worse","What should replace Circuit Run Vest if it is wrong for me?","camelbak-circuit-run-vest","running","false","PUBLIC_NOINDEX","alternatives:prod-camelbak-circuit","keep","","",""
"/products/osprey-duro-lt/alternatives","alternatives","osprey-duro-lt-alternatives","Alternatives to Osprey Duro LT","replace Osprey Duro LT with a peer","why switch / stay / better / worse","What should replace Duro LT if it is wrong for me?","osprey-duro-lt","running","false","PUBLIC_NOINDEX","alternatives:prod-osprey-duro-lt","keep","","","paired_comparison"
"/products/osprey-duro-15/alternatives","alternatives","osprey-duro-15-alternatives","Alternatives to Osprey Duro 15","replace Osprey Duro 15 with a peer","why switch / stay / better / worse","What should replace Duro 15 if it is wrong for me?","osprey-duro-15","running","false","PUBLIC_NOINDEX","alternatives:prod-osprey-duro-15","keep","","","paired_comparison"
"/products/uswe-pace-8/alternatives","alternatives","uswe-pace-8-alternatives","Alternatives to USWE Pace 8L","replace USWE Pace 8L with a peer","why switch / stay / better / worse","What should replace Pace 8 if it is wrong for me?","uswe-pace-8","running","false","PUBLIC_NOINDEX","alternatives:prod-uswe-pace-8","keep","","",""
"/products/ultraspire-alpha-6/alternatives","alternatives","ultraspire-alpha-6-alternatives","Alternatives to UltrAspire Alpha 6.0 Race Vest","replace UltrAspire Alpha 6.0 Race Vest with a peer","why switch / stay / better / worse","What should replace Alpha 6.0 if it is wrong for me?","ultraspire-alpha-6","running","false","PUBLIC_NOINDEX","alternatives:prod-ultraspire-alpha-6","keep","","",""
"/products/ultraspire-spry-5/alternatives","alternatives","ultraspire-spry-5-alternatives","Alternatives to UltrAspire Spry 5.0","replace UltrAspire Spry 5.0 with a peer","why switch / stay / better / worse","What should replace Spry 5.0 if it is wrong for me?","ultraspire-spry-5","running","false","PUBLIC_NOINDEX","alternatives:prod-ultraspire-spry-5","keep","","",""
"/products/compressport-ultrun-s-pack/alternatives","alternatives","compressport-ultrun-s-pack-alternatives","Alternatives to Compressport Ultrun S Pack","replace Compressport Ultrun S Pack with a peer","why switch / stay / better / worse","What should replace Ultrun S Pack if it is wrong for me?","compressport-ultrun-s-pack","running","false","PUBLIC_NOINDEX","alternatives:prod-compressport-ultrun-s-pack","keep","","",""
"/products/nnormal-race-vest/alternatives","alternatives","nnormal-race-vest-alternatives","Alternatives to NNormal Race Vest","replace NNormal Race Vest with a peer","why switch / stay / better / worse","What should replace Race Vest if it is wrong for me?","nnormal-race-vest","running","false","PUBLIC_NOINDEX","alternatives:prod-nnormal-race-vest","keep","","",""
"/products/on-ultra-vest-pro/alternatives","alternatives","on-ultra-vest-pro-alternatives","Alternatives to On Ultra Vest Pro","replace On Ultra Vest Pro with a peer","why switch / stay / better / worse","What should replace Ultra Vest Pro if it is wrong for me?","on-ultra-vest-pro","running","false","PUBLIC_NOINDEX","alternatives:prod-on-ultra-vest-pro","keep","","",""
"/products/black-diamond-distance-8/alternatives","alternatives","black-diamond-distance-8-alternatives","Alternatives to Black Diamond Distance 8","replace Black Diamond Distance 8 with a peer","why switch / stay / better / worse","What should replace Distance 8 if it is wrong for me?","black-diamond-distance-8","running","false","PUBLIC_NOINDEX","alternatives:prod-black-diamond-distance-8","keep","","",""
"/products/nathan-peak-hydration-waist-pack/alternatives","alternatives","nathan-peak-hydration-waist-pack-alternatives","Alternatives to Nathan Peak Hydration Waist Pack","replace Nathan Peak Hydration Waist Pack with a peer","why switch / stay / better / worse","What should replace Peak if it is wrong for me?","nathan-peak-hydration-waist-pack","running","false","PUBLIC_NOINDEX","alternatives:prod-nathan-peak","keep","","","paired_comparison"
"/products/ultimate-direction-race-belt/alternatives","alternatives","ultimate-direction-race-belt-alternatives","Alternatives to Ultimate Direction Race Belt","replace Ultimate Direction Race Belt with a peer","why switch / stay / better / worse","What should replace Race Belt if it is wrong for me?","ultimate-direction-race-belt","running","false","PUBLIC_NOINDEX","alternatives:prod-ud-race-belt","keep","","","paired_comparison"
"/products/ultimate-direction-ultra-belt/alternatives","alternatives","ultimate-direction-ultra-belt-alternatives","Alternatives to Ultimate Direction Ultra Belt","replace Ultimate Direction Ultra Belt with a peer","why switch / stay / better / worse","What should replace Ultra Belt if it is wrong for me?","ultimate-direction-ultra-belt","running","false","PUBLIC_NOINDEX","alternatives:prod-ud-ultra-belt","keep","","",""
"/products/naked-running-band/alternatives","alternatives","naked-running-band-alternatives","Alternatives to Naked Running Band","replace Naked Running Band with a peer","why switch / stay / better / worse","What should replace Running Band if it is wrong for me?","naked-running-band","running","false","PUBLIC_NOINDEX","alternatives:prod-naked-running-band","keep","","","paired_comparison"
"/products/ultraspire-fitted-race-belt-2/alternatives","alternatives","ultraspire-fitted-race-belt-2-alternatives","Alternatives to UltrAspire Fitted Race Belt 3.0","replace UltrAspire Fitted Race Belt 3.0 with a peer","why switch / stay / better / worse","What should replace Fitted Race Belt 3.0 if it is wrong for me?","ultraspire-fitted-race-belt-2","running","false","PUBLIC_NOINDEX","alternatives:prod-ultraspire-fitted-race-belt","keep","","",""
"/products/compressport-free-belt-pro/alternatives","alternatives","compressport-free-belt-pro-alternatives","Alternatives to Compressport Free Belt Pro","replace Compressport Free Belt Pro with a peer","why switch / stay / better / worse","What should replace Free Belt Pro if it is wrong for me?","compressport-free-belt-pro","running","false","PUBLIC_NOINDEX","alternatives:prod-compressport-free-belt-pro","keep","","",""
"/products/salomon-pulse-belt/alternatives","alternatives","salomon-pulse-belt-alternatives","Alternatives to Salomon Pulse Belt","replace Salomon Pulse Belt with a peer","why switch / stay / better / worse","What should replace Pulse Belt if it is wrong for me?","salomon-pulse-belt","running","false","PUBLIC_NOINDEX","alternatives:prod-salomon-pulse-belt","keep","","",""
"/products/hydrapak-softflask-speed-500/alternatives","alternatives","hydrapak-softflask-speed-500-alternatives","Alternatives to HydraPak SoftFlask Speed 500","replace HydraPak SoftFlask Speed 500 with a peer","why switch / stay / better / worse","What should replace SoftFlask Speed 500 if it is wrong for me?","hydrapak-softflask-speed-500","running","false","PUBLIC_NOINDEX","alternatives:prod-hydrapak-softflask-speed-500","keep","","","paired_comparison"
"/products/hydrapak-skyflask-speed-500/alternatives","alternatives","hydrapak-skyflask-speed-500-alternatives","Alternatives to HydraPak SkyFlask Speed 500","replace HydraPak SkyFlask Speed 500 with a peer","why switch / stay / better / worse","What should replace SkyFlask Speed 500 if it is wrong for me?","hydrapak-skyflask-speed-500","running","false","PUBLIC_NOINDEX","alternatives:prod-hydrapak-skyflask-speed-500","keep","","","paired_comparison"
"/products/nathan-speeddraw-plus-insulated-18oz/alternatives","alternatives","nathan-speeddraw-plus-insulated-18oz-alternatives","Alternatives to Nathan SpeedDraw Plus Insulated 18oz","replace Nathan SpeedDraw Plus Insulated 18oz with a peer","why switch / stay / better / worse","What should replace SpeedDraw Plus Insulated if it is wrong for me?","nathan-speeddraw-plus-insulated-18oz","running","false","PUBLIC_NOINDEX","alternatives:prod-nathan-speeddraw-insulated","keep","","",""
"/products/camelbak-crux-15/alternatives","alternatives","camelbak-crux-15-alternatives","Alternatives to CamelBak Crux 1.5L Reservoir","replace CamelBak Crux 1.5L Reservoir with a peer","why switch / stay / better / worse","What should replace Crux 1.5L if it is wrong for me?","camelbak-crux-15","running","false","PUBLIC_NOINDEX","alternatives:prod-camelbak-crux-15","keep","","",""
"/products/hydrapak-softflask-250/alternatives","alternatives","hydrapak-softflask-250-alternatives","Alternatives to HydraPak SoftFlask 250 ml","replace HydraPak SoftFlask 250 ml with a peer","why switch / stay / better / worse","What should replace SoftFlask 250 if it is wrong for me?","hydrapak-softflask-250","running","false","PUBLIC_NOINDEX","alternatives:prod-hydrapak-softflask-250","keep","","",""
"/products/camelbak-quick-grip-chill/alternatives","alternatives","camelbak-quick-grip-chill-alternatives","Alternatives to CamelBak Quick Grip Chill Handheld","replace CamelBak Quick Grip Chill Handheld with a peer","why switch / stay / better / worse","What should replace Quick Grip Chill if it is wrong for me?","camelbak-quick-grip-chill","running","false","PUBLIC_NOINDEX","alternatives:prod-camelbak-quick-grip-chill","keep","","",""
"/products/swiftwick-aspire-four/alternatives","alternatives","swiftwick-aspire-four-alternatives","Alternatives to Swiftwick Aspire Four","replace Swiftwick Aspire Four with a peer","why switch / stay / better / worse","What should replace Aspire Four if it is wrong for me?","swiftwick-aspire-four","running","false","PUBLIC_NOINDEX","alternatives:prod-swiftwick-aspire-four","keep","","",""
"/products/amphipod-airflow-lite-belt/alternatives","alternatives","amphipod-airflow-lite-belt-alternatives","Alternatives to Amphipod AirFlow Lite Belt","replace Amphipod AirFlow Lite Belt with a peer","why switch / stay / better / worse","What should replace AirFlow Lite if it is wrong for me?","amphipod-airflow-lite-belt","running","false","PUBLIC_NOINDEX","alternatives:prod-amphipod-airflow-lite-belt","keep","","",""
"/products/nathan-zipster-lite/alternatives","alternatives","nathan-zipster-lite-alternatives","Alternatives to Nathan ZipSter Lite","replace Nathan ZipSter Lite with a peer","why switch / stay / better / worse","What should replace ZipSter Lite if it is wrong for me?","nathan-zipster-lite","running","false","PUBLIC_NOINDEX","alternatives:prod-nathan-zipster-lite","keep","","",""
"/products/ultimate-direction-fastpack-20/alternatives","alternatives","ultimate-direction-fastpack-20-alternatives","Alternatives to Ultimate Direction Fastpack 20","replace Ultimate Direction Fastpack 20 with a peer","why switch / stay / better / worse","What should replace Fastpack 20 if it is wrong for me?","ultimate-direction-fastpack-20","running","false","PUBLIC_NOINDEX","alternatives:prod-ud-fastpack-20","keep","","","paired_comparison;paired_comparison;paired_comparison"
"/products/ultimate-direction-fastpack-her-20/alternatives","alternatives","ultimate-direction-fastpack-her-20-alternatives","Alternatives to Ultimate Direction FastpackHer 20","replace Ultimate Direction FastpackHer 20 with a peer","why switch / stay / better / worse","What should replace FastpackHer 20 if it is wrong for me?","ultimate-direction-fastpack-her-20","running","false","PUBLIC_NOINDEX","alternatives:prod-ud-fastpack-her-20","keep","","",""
"/products/ultimate-direction-fastpack-30/alternatives","alternatives","ultimate-direction-fastpack-30-alternatives","Alternatives to Ultimate Direction Fastpack 30","replace Ultimate Direction Fastpack 30 with a peer","why switch / stay / better / worse","What should replace Fastpack 30 if it is wrong for me?","ultimate-direction-fastpack-30","running","false","PUBLIC_NOINDEX","alternatives:prod-ud-fastpack-30","keep","","",""
"/products/osprey-talon-velocity-20/alternatives","alternatives","osprey-talon-velocity-20-alternatives","Alternatives to Osprey Talon Velocity 20","replace Osprey Talon Velocity 20 with a peer","why switch / stay / better / worse","What should replace Talon Velocity 20 if it is wrong for me?","osprey-talon-velocity-20","running","false","PUBLIC_NOINDEX","alternatives:prod-osprey-talon-velocity-20","keep","","","paired_comparison"
"/products/osprey-tempest-velocity-20/alternatives","alternatives","osprey-tempest-velocity-20-alternatives","Alternatives to Osprey Tempest Velocity 20","replace Osprey Tempest Velocity 20 with a peer","why switch / stay / better / worse","What should replace Tempest Velocity 20 if it is wrong for me?","osprey-tempest-velocity-20","running","false","PUBLIC_NOINDEX","alternatives:prod-osprey-tempest-velocity-20","keep","","",""
"/products/osprey-talon-velocity-30/alternatives","alternatives","osprey-talon-velocity-30-alternatives","Alternatives to Osprey Talon Velocity 30","replace Osprey Talon Velocity 30 with a peer","why switch / stay / better / worse","What should replace Talon Velocity 30 if it is wrong for me?","osprey-talon-velocity-30","running","false","PUBLIC_NOINDEX","alternatives:prod-osprey-talon-velocity-30","keep","","",""
"/products/black-diamond-distance-15/alternatives","alternatives","black-diamond-distance-15-alternatives","Alternatives to Black Diamond Distance 15 Backpack","replace Black Diamond Distance 15 Backpack with a peer","why switch / stay / better / worse","What should replace Distance 15 if it is wrong for me?","black-diamond-distance-15","running","false","PUBLIC_NOINDEX","alternatives:prod-black-diamond-distance-15","keep","","",""
"/products/black-diamond-distance-22/alternatives","alternatives","black-diamond-distance-22-alternatives","Alternatives to Black Diamond Distance 22 Backpack","replace Black Diamond Distance 22 Backpack with a peer","why switch / stay / better / worse","What should replace Distance 22 if it is wrong for me?","black-diamond-distance-22","running","false","PUBLIC_NOINDEX","alternatives:prod-black-diamond-distance-22","keep","","","paired_comparison"
"/products/salomon-xa-15/alternatives","alternatives","salomon-xa-15-alternatives","Alternatives to Salomon XA 15","replace Salomon XA 15 with a peer","why switch / stay / better / worse","What should replace XA 15 if it is wrong for me?","salomon-xa-15","running","false","PUBLIC_NOINDEX","alternatives:prod-salomon-xa-15","keep","","","paired_comparison"
"/products/ultimate-direction-utility-bag/alternatives","alternatives","ultimate-direction-utility-bag-alternatives","Alternatives to Ultimate Direction Utility Bag","replace Ultimate Direction Utility Bag with a peer","why switch / stay / better / worse","What should replace Utility Bag if it is wrong for me?","ultimate-direction-utility-bag","running","false","PUBLIC_NOINDEX","alternatives:prod-ud-utility-bag","keep","","",""
"/products/shokz-openrun/alternatives","alternatives","shokz-openrun-alternatives","Alternatives to Shokz OpenRun","replace Shokz OpenRun with a peer","why switch / stay / better / worse","What should replace OpenRun if it is wrong for me?","shokz-openrun","running","false","PUBLIC_NOINDEX","alternatives:prod-shokz-openrun","keep","","",""
"/products/shokz-openfit-2/alternatives","alternatives","shokz-openfit-2-alternatives","Alternatives to Shokz OpenFit 2","replace Shokz OpenFit 2 with a peer","why switch / stay / better / worse","What should replace OpenFit 2 if it is wrong for me?","shokz-openfit-2","running","false","PUBLIC_NOINDEX","alternatives:prod-shokz-openfit-2","keep","","",""
"/products/shokz-opendots-one/alternatives","alternatives","shokz-opendots-one-alternatives","Alternatives to Shokz OpenDots One","replace Shokz OpenDots One with a peer","why switch / stay / better / worse","What should replace OpenDots One if it is wrong for me?","shokz-opendots-one","running","false","PUBLIC_NOINDEX","alternatives:prod-shokz-opendots-one","keep","","",""
"/products/beats-fit-pro/alternatives","alternatives","beats-fit-pro-alternatives","Alternatives to Beats Fit Pro","replace Beats Fit Pro with a peer","why switch / stay / better / worse","What should replace Fit Pro if it is wrong for me?","beats-fit-pro","running","false","PUBLIC_NOINDEX","alternatives:prod-beats-fit-pro","keep","","",""
"/products/soundcore-aerofit-2/alternatives","alternatives","soundcore-aerofit-2-alternatives","Alternatives to soundcore AeroFit 2","replace soundcore AeroFit 2 with a peer","why switch / stay / better / worse","What should replace AeroFit 2 if it is wrong for me?","soundcore-aerofit-2","running","false","PUBLIC_NOINDEX","alternatives:prod-soundcore-aerofit-2","keep","","",""
"/products/suunto-wing/alternatives","alternatives","suunto-wing-alternatives","Alternatives to Suunto Wing","replace Suunto Wing with a peer","why switch / stay / better / worse","What should replace Wing if it is wrong for me?","suunto-wing","running","false","PUBLIC_NOINDEX","alternatives:prod-suunto-wing","keep","","",""
"/products/oakley-radar-ev-path/alternatives","alternatives","oakley-radar-ev-path-alternatives","Alternatives to Oakley Radar EV Path","replace Oakley Radar EV Path with a peer","why switch / stay / better / worse","What should replace Radar EV Path if it is wrong for me?","oakley-radar-ev-path","running","false","PUBLIC_NOINDEX","alternatives:prod-oakley-radar-ev-path","keep","","","paired_comparison"
"/products/oakley-sutro-lite/alternatives","alternatives","oakley-sutro-lite-alternatives","Alternatives to Oakley Sutro Lite","replace Oakley Sutro Lite with a peer","why switch / stay / better / worse","What should replace Sutro Lite if it is wrong for me?","oakley-sutro-lite","running","false","PUBLIC_NOINDEX","alternatives:prod-oakley-sutro-lite","keep","","",""
"/products/oakley-kato/alternatives","alternatives","oakley-kato-alternatives","Alternatives to Oakley Kato","replace Oakley Kato with a peer","why switch / stay / better / worse","What should replace Kato if it is wrong for me?","oakley-kato","running","false","PUBLIC_NOINDEX","alternatives:prod-oakley-kato","keep","","",""
"/products/oakley-flak-2-0-xl/alternatives","alternatives","oakley-flak-2-0-xl-alternatives","Alternatives to Oakley Flak 2.0 XL","replace Oakley Flak 2.0 XL with a peer","why switch / stay / better / worse","What should replace Flak 2.0 XL if it is wrong for me?","oakley-flak-2-0-xl","running","false","PUBLIC_NOINDEX","alternatives:prod-oakley-flak-2xl","keep","","",""
"/products/smith-shift-mag/alternatives","alternatives","smith-shift-mag-alternatives","Alternatives to Smith Shift MAG","replace Smith Shift MAG with a peer","why switch / stay / better / worse","What should replace Shift MAG if it is wrong for me?","smith-shift-mag","running","false","PUBLIC_NOINDEX","alternatives:prod-smith-shift-mag","keep","","","paired_comparison"
"/products/smith-attack-mag/alternatives","alternatives","smith-attack-mag-alternatives","Alternatives to Smith Attack MAG","replace Smith Attack MAG with a peer","why switch / stay / better / worse","What should replace Attack MAG if it is wrong for me?","smith-attack-mag","running","false","PUBLIC_NOINDEX","alternatives:prod-smith-attack-mag","keep","","",""
"/products/julbo-ultimate/alternatives","alternatives","julbo-ultimate-alternatives","Alternatives to Julbo Ultimate","replace Julbo Ultimate with a peer","why switch / stay / better / worse","What should replace Ultimate if it is wrong for me?","julbo-ultimate","running","false","PUBLIC_NOINDEX","alternatives:prod-julbo-ultimate","keep","","","paired_comparison"
"/products/julbo-rush/alternatives","alternatives","julbo-rush-alternatives","Alternatives to Julbo Rush","replace Julbo Rush with a peer","why switch / stay / better / worse","What should replace Rush if it is wrong for me?","julbo-rush","running","false","PUBLIC_NOINDEX","alternatives:prod-julbo-rush","keep","","",""
"/products/rudy-project-cutline/alternatives","alternatives","rudy-project-cutline-alternatives","Alternatives to Rudy Project Cutline","replace Rudy Project Cutline with a peer","why switch / stay / better / worse","What should replace Cutline if it is wrong for me?","rudy-project-cutline","running","false","PUBLIC_NOINDEX","alternatives:prod-rudy-cutline","keep","","",""
"/products/100-percent-s3/alternatives","alternatives","100-percent-s3-alternatives","Alternatives to 100% S3","replace 100% S3 with a peer","why switch / stay / better / worse","What should replace S3 if it is wrong for me?","100-percent-s3","running","false","PUBLIC_NOINDEX","alternatives:prod-100-s3","keep","","",""
"/products/roka-phantom-air/alternatives","alternatives","roka-phantom-air-alternatives","Alternatives to ROKA Phantom Air","replace ROKA Phantom Air with a peer","why switch / stay / better / worse","What should replace Phantom Air if it is wrong for me?","roka-phantom-air","running","false","PUBLIC_NOINDEX","alternatives:prod-roka-phantom-air","keep","","",""
"/products/tifosi-rail/alternatives","alternatives","tifosi-rail-alternatives","Alternatives to Tifosi Rail","replace Tifosi Rail with a peer","why switch / stay / better / worse","What should replace Rail if it is wrong for me?","tifosi-rail","running","false","PUBLIC_NOINDEX","alternatives:prod-tifosi-rail","keep","","",""
"/products/tifosi-vogel/alternatives","alternatives","tifosi-vogel-alternatives","Alternatives to Tifosi Vogel","replace Tifosi Vogel with a peer","why switch / stay / better / worse","What should replace Vogel if it is wrong for me?","tifosi-vogel","running","false","PUBLIC_NOINDEX","alternatives:prod-tifosi-vogel","keep","","",""
"/products/goodr-circle-gs/alternatives","alternatives","goodr-circle-gs-alternatives","Alternatives to Goodr Circle Gs","replace Goodr Circle Gs with a peer","why switch / stay / better / worse","What should replace Circle Gs if it is wrong for me?","goodr-circle-gs","running","false","PUBLIC_NOINDEX","alternatives:prod-goodr-circle-gs","keep","","",""
"/products/petzl-nao-rl/alternatives","alternatives","petzl-nao-rl-alternatives","Alternatives to Petzl NAO RL","replace Petzl NAO RL with a peer","why switch / stay / better / worse","What should replace NAO RL if it is wrong for me?","petzl-nao-rl","running","false","PUBLIC_NOINDEX","alternatives:prod-petzl-nao-rl","keep","","","paired_comparison"
"/products/black-diamond-distance-1500/alternatives","alternatives","black-diamond-distance-1500-alternatives","Alternatives to Black Diamond Distance 1500","replace Black Diamond Distance 1500 with a peer","why switch / stay / better / worse","What should replace Distance 1500 if it is wrong for me?","black-diamond-distance-1500","running","false","PUBLIC_NOINDEX","alternatives:prod-bd-distance-1500","keep","","",""
"/products/ledlenser-neo9r/alternatives","alternatives","ledlenser-neo9r-alternatives","Alternatives to Ledlenser NEO9R","replace Ledlenser NEO9R with a peer","why switch / stay / better / worse","What should replace NEO9R if it is wrong for me?","ledlenser-neo9r","running","false","PUBLIC_NOINDEX","alternatives:prod-ledlenser-neo9r","keep","","",""
"/products/biolite-headlamp-800-pro/alternatives","alternatives","biolite-headlamp-800-pro-alternatives","Alternatives to BioLite HeadLamp 800 Pro","replace BioLite HeadLamp 800 Pro with a peer","why switch / stay / better / worse","What should replace HeadLamp 800 Pro if it is wrong for me?","biolite-headlamp-800-pro","running","false","PUBLIC_NOINDEX","alternatives:prod-biolite-headlamp-800","keep","","","paired_comparison"
"/products/nitecore-nu43/alternatives","alternatives","nitecore-nu43-alternatives","Alternatives to NITECORE NU43","replace NITECORE NU43 with a peer","why switch / stay / better / worse","What should replace NU43 if it is wrong for me?","nitecore-nu43","running","false","PUBLIC_NOINDEX","alternatives:prod-nitecore-nu43","keep","","",""
"/products/maurten-gel-100/alternatives","alternatives","maurten-gel-100-alternatives","Alternatives to Maurten Gel 100","replace Maurten Gel 100 with a peer","why switch / stay / better / worse","What should replace Gel 100 if it is wrong for me?","maurten-gel-100","running","false","PUBLIC_NOINDEX","alternatives:prod-maurten-gel-100","keep","","","paired_comparison;paired_comparison"
"/products/maurten-gel-100-caf-100/alternatives","alternatives","maurten-gel-100-caf-100-alternatives","Alternatives to Maurten Gel 100 Caf 100","replace Maurten Gel 100 Caf 100 with a peer","why switch / stay / better / worse","What should replace Gel 100 Caf 100 if it is wrong for me?","maurten-gel-100-caf-100","running","false","PUBLIC_NOINDEX","alternatives:prod-maurten-gel-100-caf","keep","","",""
"/products/maurten-gel-160/alternatives","alternatives","maurten-gel-160-alternatives","Alternatives to Maurten Gel 160","replace Maurten Gel 160 with a peer","why switch / stay / better / worse","What should replace Gel 160 if it is wrong for me?","maurten-gel-160","running","false","PUBLIC_NOINDEX","alternatives:prod-maurten-gel-160","keep","","",""
"/products/sis-go-isotonic-gel/alternatives","alternatives","sis-go-isotonic-gel-alternatives","Alternatives to Science in Sport GO Isotonic Energy Gel","replace Science in Sport GO Isotonic Energy Gel with a peer","why switch / stay / better / worse","What should replace GO Isotonic Gel if it is wrong for me?","sis-go-isotonic-gel","running","false","PUBLIC_NOINDEX","alternatives:prod-sis-go-isotonic-gel","keep","","","paired_comparison"
"/products/sis-beta-fuel-gel/alternatives","alternatives","sis-beta-fuel-gel-alternatives","Alternatives to Science in Sport Beta Fuel Dual Source Energy Gel","replace Science in Sport Beta Fuel Dual Source Energy Gel with a peer","why switch / stay / better / worse","What should replace Beta Fuel Gel if it is wrong for me?","sis-beta-fuel-gel","running","false","PUBLIC_NOINDEX","alternatives:prod-sis-beta-fuel-gel","keep","","","paired_comparison"
"/products/gu-energy-gel/alternatives","alternatives","gu-energy-gel-alternatives","Alternatives to GU Energy Gel","replace GU Energy Gel with a peer","why switch / stay / better / worse","What should replace Energy Gel if it is wrong for me?","gu-energy-gel","running","false","PUBLIC_NOINDEX","alternatives:prod-gu-energy-gel","keep","","",""
"/products/gu-roctane-gel/alternatives","alternatives","gu-roctane-gel-alternatives","Alternatives to GU Roctane Energy Gel","replace GU Roctane Energy Gel with a peer","why switch / stay / better / worse","What should replace Roctane Energy Gel if it is wrong for me?","gu-roctane-gel","running","false","PUBLIC_NOINDEX","alternatives:prod-gu-roctane-gel","keep","","",""
"/products/precision-pf30-gel/alternatives","alternatives","precision-pf30-gel-alternatives","Alternatives to Precision Fuel & Hydration PF 30 Gel","replace Precision Fuel & Hydration PF 30 Gel with a peer","why switch / stay / better / worse","What should replace PF 30 Gel if it is wrong for me?","precision-pf30-gel","running","false","PUBLIC_NOINDEX","alternatives:prod-precision-pf30-gel","keep","","","paired_comparison"
"/products/neversecond-c30-gel/alternatives","alternatives","neversecond-c30-gel-alternatives","Alternatives to Neversecond C30 Energy Gel","replace Neversecond C30 Energy Gel with a peer","why switch / stay / better / worse","What should replace C30 Gel if it is wrong for me?","neversecond-c30-gel","running","false","PUBLIC_NOINDEX","alternatives:prod-neversecond-c30-gel","keep","","","paired_comparison"
"/products/spring-energy-awesome-sauce/alternatives","alternatives","spring-energy-awesome-sauce-alternatives","Alternatives to Spring Energy Awesome Sauce","replace Spring Energy Awesome Sauce with a peer","why switch / stay / better / worse","What should replace Awesome Sauce if it is wrong for me?","spring-energy-awesome-sauce","running","false","PUBLIC_NOINDEX","alternatives:prod-spring-awesome-sauce","keep","","",""
"/products/huma-gel-original/alternatives","alternatives","huma-gel-original-alternatives","Alternatives to Hüma Original Energy Gel","replace Hüma Original Energy Gel with a peer","why switch / stay / better / worse","What should replace Original Gel if it is wrong for me?","huma-gel-original","running","false","PUBLIC_NOINDEX","alternatives:prod-huma-gel-original","keep","","",""
"/products/honey-stinger-organic-energy-gel/alternatives","alternatives","honey-stinger-organic-energy-gel-alternatives","Alternatives to Honey Stinger Organic Energy Gel","replace Honey Stinger Organic Energy Gel with a peer","why switch / stay / better / worse","What should replace Organic Energy Gel if it is wrong for me?","honey-stinger-organic-energy-gel","running","false","PUBLIC_NOINDEX","alternatives:prod-honey-stinger-gel","keep","","",""
"/products/gu-energy-chews/alternatives","alternatives","gu-energy-chews-alternatives","Alternatives to GU Energy Chews","replace GU Energy Chews with a peer","why switch / stay / better / worse","What should replace Energy Chews if it is wrong for me?","gu-energy-chews","running","false","PUBLIC_NOINDEX","alternatives:prod-gu-chews","keep","","","paired_comparison"
"/products/skratch-sport-energy-chews/alternatives","alternatives","skratch-sport-energy-chews-alternatives","Alternatives to Skratch Labs Sport Energy Chews","replace Skratch Labs Sport Energy Chews with a peer","why switch / stay / better / worse","What should replace Sport Energy Chews if it is wrong for me?","skratch-sport-energy-chews","running","false","PUBLIC_NOINDEX","alternatives:prod-skratch-chews","keep","","",""
"/products/veloforte-energy-chews/alternatives","alternatives","veloforte-energy-chews-alternatives","Alternatives to Veloforte Energy Chews","replace Veloforte Energy Chews with a peer","why switch / stay / better / worse","What should replace Energy Chews if it is wrong for me?","veloforte-energy-chews","running","false","PUBLIC_NOINDEX","alternatives:prod-veloforte-chews","keep","","",""
"/products/saltstick-fastchews/alternatives","alternatives","saltstick-fastchews-alternatives","Alternatives to SaltStick Fastchews","replace SaltStick Fastchews with a peer","why switch / stay / better / worse","What should replace Fastchews if it is wrong for me?","saltstick-fastchews","running","false","PUBLIC_NOINDEX","alternatives:prod-saltstick-fastchews","keep","","",""
"/products/clif-bar-original/alternatives","alternatives","clif-bar-original-alternatives","Alternatives to CLIF Bar Original","replace CLIF Bar Original with a peer","why switch / stay / better / worse","What should replace Clif Bar if it is wrong for me?","clif-bar-original","running","false","PUBLIC_NOINDEX","alternatives:prod-clif-bar-original","keep","","",""
"/products/naak-ultra-energy-bar/alternatives","alternatives","naak-ultra-energy-bar-alternatives","Alternatives to Näak Ultra Energy Bar","replace Näak Ultra Energy Bar with a peer","why switch / stay / better / worse","What should replace Ultra Energy Bar if it is wrong for me?","naak-ultra-energy-bar","running","false","PUBLIC_NOINDEX","alternatives:prod-naak-ultra-energy-bar","keep","","",""
"/products/powerbar-energize/alternatives","alternatives","powerbar-energize-alternatives","Alternatives to PowerBar Energize","replace PowerBar Energize with a peer","why switch / stay / better / worse","What should replace Energize if it is wrong for me?","powerbar-energize","running","false","PUBLIC_NOINDEX","alternatives:prod-powerbar-energize","keep","","",""
"/products/maurten-drink-mix-320/alternatives","alternatives","maurten-drink-mix-320-alternatives","Alternatives to Maurten Drink Mix 320","replace Maurten Drink Mix 320 with a peer","why switch / stay / better / worse","What should replace Drink Mix 320 if it is wrong for me?","maurten-drink-mix-320","running","false","PUBLIC_NOINDEX","alternatives:prod-maurten-drink-mix-320","keep","","","paired_comparison"
"/products/sis-beta-fuel-drink/alternatives","alternatives","sis-beta-fuel-drink-alternatives","Alternatives to Science in Sport Beta Fuel Energy Drink Mix","replace Science in Sport Beta Fuel Energy Drink Mix with a peer","why switch / stay / better / worse","What should replace Beta Fuel Drink if it is wrong for me?","sis-beta-fuel-drink","running","false","PUBLIC_NOINDEX","alternatives:prod-sis-beta-fuel-drink","keep","","",""
"/products/precision-pf30-drink-mix/alternatives","alternatives","precision-pf30-drink-mix-alternatives","Alternatives to Precision Fuel & Hydration PF 30 Drink Mix","replace Precision Fuel & Hydration PF 30 Drink Mix with a peer","why switch / stay / better / worse","What should replace PF 30 Drink Mix if it is wrong for me?","precision-pf30-drink-mix","running","false","PUBLIC_NOINDEX","alternatives:prod-precision-pf30-drink","keep","","",""
"/products/neversecond-c30-sports-drink/alternatives","alternatives","neversecond-c30-sports-drink-alternatives","Alternatives to Neversecond C30 Sports Drink","replace Neversecond C30 Sports Drink with a peer","why switch / stay / better / worse","What should replace C30 Sports Drink if it is wrong for me?","neversecond-c30-sports-drink","running","false","PUBLIC_NOINDEX","alternatives:prod-neversecond-c30-drink","keep","","",""
"/products/styrkr-mix90/alternatives","alternatives","styrkr-mix90-alternatives","Alternatives to STYRKR MIX90 Dual-Carb Drink Mix","replace STYRKR MIX90 Dual-Carb Drink Mix with a peer","why switch / stay / better / worse","What should replace MIX90 if it is wrong for me?","styrkr-mix90","running","false","PUBLIC_NOINDEX","alternatives:prod-styrkr-mix90","keep","","",""
"/products/skratch-sport-hydration-mix/alternatives","alternatives","skratch-sport-hydration-mix-alternatives","Alternatives to Skratch Labs Sport Hydration Drink Mix","replace Skratch Labs Sport Hydration Drink Mix with a peer","why switch / stay / better / worse","What should replace Sport Hydration Drink Mix if it is wrong for me?","skratch-sport-hydration-mix","running","false","PUBLIC_NOINDEX","alternatives:prod-skratch-sport-hydration","keep","","",""
"/products/precision-ph1500/alternatives","alternatives","precision-ph1500-alternatives","Alternatives to Precision Fuel & Hydration PH 1500","replace Precision Fuel & Hydration PH 1500 with a peer","why switch / stay / better / worse","What should replace PH 1500 if it is wrong for me?","precision-ph1500","running","false","PUBLIC_NOINDEX","alternatives:prod-precision-ph1500","keep","","","paired_comparison"
"/products/nuun-sport/alternatives","alternatives","nuun-sport-alternatives","Alternatives to Nuun Sport Electrolyte Tablets","replace Nuun Sport Electrolyte Tablets with a peer","why switch / stay / better / worse","What should replace Sport if it is wrong for me?","nuun-sport","running","false","PUBLIC_NOINDEX","alternatives:prod-nuun-sport","keep","","","paired_comparison"
"/products/high5-zero/alternatives","alternatives","high5-zero-alternatives","Alternatives to High5 ZERO Electrolyte Tablets","replace High5 ZERO Electrolyte Tablets with a peer","why switch / stay / better / worse","What should replace ZERO if it is wrong for me?","high5-zero","running","false","PUBLIC_NOINDEX","alternatives:prod-high5-zero","keep","","",""
"/products/saltstick-caps/alternatives","alternatives","saltstick-caps-alternatives","Alternatives to SaltStick Caps","replace SaltStick Caps with a peer","why switch / stay / better / worse","What should replace Caps if it is wrong for me?","saltstick-caps","running","false","PUBLIC_NOINDEX","alternatives:prod-saltstick-caps","keep","","",""
"/products/high5-energy-gel/alternatives","alternatives","high5-energy-gel-alternatives","Alternatives to High5 Energy Gel","replace High5 Energy Gel with a peer","why switch / stay / better / worse","What should replace Energy Gel if it is wrong for me?","high5-energy-gel","running","false","PUBLIC_NOINDEX","alternatives:prod-high5-energy-gel","keep","","",""
"/products/enervit-c2-1-carbo-gel/alternatives","alternatives","enervit-c2-1-carbo-gel-alternatives","Alternatives to Enervit C2:1 Carbo Gel","replace Enervit C2:1 Carbo Gel with a peer","why switch / stay / better / worse","What should replace C2:1 Carbo Gel if it is wrong for me?","enervit-c2-1-carbo-gel","running","false","PUBLIC_NOINDEX","alternatives:prod-enervit-carbo-gel","keep","","",""
"/products/veloforte-energy-bar/alternatives","alternatives","veloforte-energy-bar-alternatives","Alternatives to Veloforte Energy Bar","replace Veloforte Energy Bar with a peer","why switch / stay / better / worse","What should replace Energy Bar if it is wrong for me?","veloforte-energy-bar","running","false","PUBLIC_NOINDEX","alternatives:prod-veloforte-bar","keep","","",""
"/products/tracksmith-session-short-men/alternatives","alternatives","tracksmith-session-short-men-alternatives","Alternatives to Tracksmith Session Short (Men)","replace Tracksmith Session Short (Men) with a peer","why switch / stay / better / worse","What should replace Session Short if it is wrong for me?","tracksmith-session-short-men","running","false","PUBLIC_NOINDEX","alternatives:prod-tracksmith-session-short-men","keep","","","paired_comparison"
"/products/janji-multi-short-men/alternatives","alternatives","janji-multi-short-men-alternatives","Alternatives to Janji Multi Short 2-in-1 7"" (Men)","replace Janji Multi Short 2-in-1 7"" (Men) with a peer","why switch / stay / better / worse","What should replace Multi Short 2-in-1 7"" if it is wrong for me?","janji-multi-short-men","running","false","PUBLIC_NOINDEX","alternatives:prod-janji-multi-short-men","keep","","","paired_comparison"
"/products/janji-pace-short-women/alternatives","alternatives","janji-pace-short-women-alternatives","Alternatives to Janji Pace Short 5"" (Women)","replace Janji Pace Short 5"" (Women) with a peer","why switch / stay / better / worse","What should replace Pace Short 5"" if it is wrong for me?","janji-pace-short-women","running","false","PUBLIC_NOINDEX","alternatives:prod-janji-pace-short-women","keep","","",""
"/products/patagonia-strider-pro-men/alternatives","alternatives","patagonia-strider-pro-men-alternatives","Alternatives to Patagonia Strider Pro Shorts (Men)","replace Patagonia Strider Pro Shorts (Men) with a peer","why switch / stay / better / worse","What should replace Strider Pro Shorts if it is wrong for me?","patagonia-strider-pro-men","running","false","PUBLIC_NOINDEX","alternatives:prod-patagonia-strider-pro-men","keep","","","paired_comparison"
"/products/rabbit-fuel-n-fly-men/alternatives","alternatives","rabbit-fuel-n-fly-men-alternatives","Alternatives to rabbit Fuel n' Fly 5"" Short (Men)","replace rabbit Fuel n' Fly 5"" Short (Men) with a peer","why switch / stay / better / worse","What should replace Fuel n' Fly 5"" if it is wrong for me?","rabbit-fuel-n-fly-men","running","false","PUBLIC_NOINDEX","alternatives:prod-rabbit-fuel-n-fly-men","keep","","","paired_comparison"
"/products/brooks-chaser-5-women/alternatives","alternatives","brooks-chaser-5-women-alternatives","Alternatives to Brooks Chaser 5"" Short Tight (Women)","replace Brooks Chaser 5"" Short Tight (Women) with a peer","why switch / stay / better / worse","What should replace Chaser 5"" Short Tight if it is wrong for me?","brooks-chaser-5-women","running","false","PUBLIC_NOINDEX","alternatives:prod-brooks-chaser-5-women","keep","","",""
"/products/nb-rc-essential-short-men/alternatives","alternatives","nb-rc-essential-short-men-alternatives","Alternatives to New Balance RC Essential Short (Men)","replace New Balance RC Essential Short (Men) with a peer","why switch / stay / better / worse","What should replace RC Essential Short if it is wrong for me?","nb-rc-essential-short-men","running","false","PUBLIC_NOINDEX","alternatives:prod-nb-rc-essential-short-men","keep","","",""
"/products/adidas-own-the-run-short-men/alternatives","alternatives","adidas-own-the-run-short-men-alternatives","Alternatives to adidas Own the Run Short (Men)","replace adidas Own the Run Short (Men) with a peer","why switch / stay / better / worse","What should replace Own the Run Short if it is wrong for me?","adidas-own-the-run-short-men","running","false","PUBLIC_NOINDEX","alternatives:prod-adidas-own-the-run-short-men","keep","","",""
"/products/on-performance-short-men/alternatives","alternatives","on-performance-short-men-alternatives","Alternatives to On Performance Shorts / Hybrid (Men)","replace On Performance Shorts / Hybrid (Men) with a peer","why switch / stay / better / worse","What should replace Performance Shorts if it is wrong for me?","on-performance-short-men","running","false","PUBLIC_NOINDEX","alternatives:prod-on-performance-short-men","keep","","",""
"/products/tracksmith-twilight-half-men/alternatives","alternatives","tracksmith-twilight-half-men-alternatives","Alternatives to Tracksmith Twilight Half Tights (Men)","replace Tracksmith Twilight Half Tights (Men) with a peer","why switch / stay / better / worse","What should replace Twilight Half Tights if it is wrong for me?","tracksmith-twilight-half-men","running","false","PUBLIC_NOINDEX","alternatives:prod-tracksmith-twilight-half-men","keep","","","paired_comparison"
"/products/tracksmith-turnover-tight-women/alternatives","alternatives","tracksmith-turnover-tight-women-alternatives","Alternatives to Tracksmith Turnover Lined Tight (Women)","replace Tracksmith Turnover Lined Tight (Women) with a peer","why switch / stay / better / worse","What should replace Turnover Lined Tight if it is wrong for me?","tracksmith-turnover-tight-women","running","false","PUBLIC_NOINDEX","alternatives:prod-tracksmith-turnover-tight-women","keep","","",""
"/products/brooks-method-tight-women/alternatives","alternatives","brooks-method-tight-women-alternatives","Alternatives to Brooks Method 7/8 Tight (Women)","replace Brooks Method 7/8 Tight (Women) with a peer","why switch / stay / better / worse","What should replace Method 7/8 Tight if it is wrong for me?","brooks-method-tight-women","running","false","PUBLIC_NOINDEX","alternatives:prod-brooks-method-tight-women","keep","","",""
"/products/nike-fast-tight-men/alternatives","alternatives","nike-fast-tight-men-alternatives","Alternatives to Nike Dri-FIT Fast Tights (Men)","replace Nike Dri-FIT Fast Tights (Men) with a peer","why switch / stay / better / worse","What should replace Dri-FIT Fast Tights if it is wrong for me?","nike-fast-tight-men","running","false","PUBLIC_NOINDEX","alternatives:prod-nike-fast-tight-men","keep","","","paired_comparison"
"/products/on-performance-tight-women/alternatives","alternatives","on-performance-tight-women-alternatives","Alternatives to On Performance Tights (Women)","replace On Performance Tights (Women) with a peer","why switch / stay / better / worse","What should replace Performance Tights if it is wrong for me?","on-performance-tight-women","running","false","PUBLIC_NOINDEX","alternatives:prod-on-performance-tight-women","keep","","",""
"/products/brooks-canopy-jacket-men/alternatives","alternatives","brooks-canopy-jacket-men-alternatives","Alternatives to Brooks Canopy Jacket (Men)","replace Brooks Canopy Jacket (Men) with a peer","why switch / stay / better / worse","What should replace Canopy Jacket if it is wrong for me?","brooks-canopy-jacket-men","running","false","PUBLIC_NOINDEX","alternatives:prod-brooks-canopy-jacket-unisex","keep","","","paired_comparison"
"/products/patagonia-houdini-men/alternatives","alternatives","patagonia-houdini-men-alternatives","Alternatives to Patagonia Houdini Jacket (Men)","replace Patagonia Houdini Jacket (Men) with a peer","why switch / stay / better / worse","What should replace Houdini Jacket if it is wrong for me?","patagonia-houdini-men","running","false","PUBLIC_NOINDEX","alternatives:prod-patagonia-houdini-men","keep","","","paired_comparison"
"/products/nike-impossibly-light-men/alternatives","alternatives","nike-impossibly-light-men-alternatives","Alternatives to Nike Impossibly Light / Windrunner Light Shell (Men)","replace Nike Impossibly Light / Windrunner Light Shell (Men) with a peer","why switch / stay / better / worse","What should replace Impossibly Light Jacket if it is wrong for me?","nike-impossibly-light-men","running","false","PUBLIC_NOINDEX","alternatives:prod-nike-impossibly-light-men","keep","","",""
"/products/on-weather-jacket-men/alternatives","alternatives","on-weather-jacket-men-alternatives","Alternatives to On Weather Jacket (Men)","replace On Weather Jacket (Men) with a peer","why switch / stay / better / worse","What should replace Weather Jacket if it is wrong for me?","on-weather-jacket-men","running","false","PUBLIC_NOINDEX","alternatives:prod-on-weather-jacket-men","keep","","",""
"/products/craft-adv-essence-light-wind-men/alternatives","alternatives","craft-adv-essence-light-wind-men-alternatives","Alternatives to Craft ADV Essence Light Wind Jacket (Men)","replace Craft ADV Essence Light Wind Jacket (Men) with a peer","why switch / stay / better / worse","What should replace ADV Essence Light Wind if it is wrong for me?","craft-adv-essence-light-wind-men","running","false","PUBLIC_NOINDEX","alternatives:prod-craft-adv-essence-light-wind-men","keep","","",""
"/products/nike-dri-fit-miler-men/alternatives","alternatives","nike-dri-fit-miler-men-alternatives","Alternatives to Nike Dri-FIT Miler Tee (Men)","replace Nike Dri-FIT Miler Tee (Men) with a peer","why switch / stay / better / worse","What should replace Dri-FIT Miler if it is wrong for me?","nike-dri-fit-miler-men","running","false","PUBLIC_NOINDEX","alternatives:prod-nike-dri-fit-miler-men","keep","","","paired_comparison"
"/products/janji-run-tee-men/alternatives","alternatives","janji-run-tee-men-alternatives","Alternatives to Janji Run Tee / AFO Tee (Men)","replace Janji Run Tee / AFO Tee (Men) with a peer","why switch / stay / better / worse","What should replace Run Tee if it is wrong for me?","janji-run-tee-men","running","false","PUBLIC_NOINDEX","alternatives:prod-janji-run-tee-men","keep","","",""
"/products/patagonia-capilene-cool-daily-men/alternatives","alternatives","patagonia-capilene-cool-daily-men-alternatives","Alternatives to Patagonia Capilene Cool Daily Shirt (Men)","replace Patagonia Capilene Cool Daily Shirt (Men) with a peer","why switch / stay / better / worse","What should replace Capilene Cool Daily if it is wrong for me?","patagonia-capilene-cool-daily-men","running","false","PUBLIC_NOINDEX","alternatives:prod-patagonia-capilene-cool-daily-men","keep","","","paired_comparison"
"/products/adidas-own-the-run-tee-men/alternatives","alternatives","adidas-own-the-run-tee-men-alternatives","Alternatives to adidas Own the Run Tee (Men)","replace adidas Own the Run Tee (Men) with a peer","why switch / stay / better / worse","What should replace Own the Run Tee if it is wrong for me?","adidas-own-the-run-tee-men","running","false","PUBLIC_NOINDEX","alternatives:prod-adidas-own-the-run-tee-men","keep","","",""
"/products/odlo-active-warm-eco-men/alternatives","alternatives","odlo-active-warm-eco-men-alternatives","Alternatives to Odlo Active Warm Eco Long Sleeve (Men)","replace Odlo Active Warm Eco Long Sleeve (Men) with a peer","why switch / stay / better / worse","What should replace Active Warm Eco LS if it is wrong for me?","odlo-active-warm-eco-men","running","false","PUBLIC_NOINDEX","alternatives:prod-odlo-active-warm-eco-men","keep","","",""
"/products/craft-adv-essence-light-wind-vest-men/alternatives","alternatives","craft-adv-essence-light-wind-vest-men-alternatives","Alternatives to Craft ADV Essence Light Wind Vest (Men)","replace Craft ADV Essence Light Wind Vest (Men) with a peer","why switch / stay / better / worse","What should replace ADV Essence Light Wind Vest if it is wrong for me?","craft-adv-essence-light-wind-vest-men","running","false","PUBLIC_NOINDEX","alternatives:prod-craft-adv-essence-light-wind-vest-men","keep","","",""
"/products/nike-aerobill-cap/alternatives","alternatives","nike-aerobill-cap-alternatives","Alternatives to Nike AeroBill / Dri-FIT Advantage Cap","replace Nike AeroBill / Dri-FIT Advantage Cap with a peer","why switch / stay / better / worse","What should replace AeroBill / Dri-FIT Advantage Cap if it is wrong for me?","nike-aerobill-cap","running","false","PUBLIC_NOINDEX","alternatives:prod-nike-aerobill-cap","keep","","",""
"/products/darn-tough-run-1-4/alternatives","alternatives","darn-tough-run-1-4-alternatives","Alternatives to Darn Tough Run 1/4 Ultra-Lightweight","replace Darn Tough Run 1/4 Ultra-Lightweight with a peer","why switch / stay / better / worse","What should replace Run 1/4 Ultra-Lightweight if it is wrong for me?","darn-tough-run-1-4","running","false","PUBLIC_NOINDEX","alternatives:prod-darn-tough-run-1-4","keep","","","paired_comparison"
"/products/balega-blister-resist/alternatives","alternatives","balega-blister-resist-alternatives","Alternatives to Balega Blister Resist Quarter","replace Balega Blister Resist Quarter with a peer","why switch / stay / better / worse","What should replace Blister Resist Quarter if it is wrong for me?","balega-blister-resist","running","false","PUBLIC_NOINDEX","alternatives:prod-balega-blister-resist","keep","","",""
"/products/nathan-vaporair-2/alternatives","alternatives","nathan-vaporair-2-alternatives","Alternatives to Nathan VaporAir 2","replace Nathan VaporAir 2 with a peer","why switch / stay / better / worse","What should replace VaporAir 2 if it is wrong for me?","nathan-vaporair-2","running","false","PUBLIC_NOINDEX","alternatives:prod-nathan-vaporair-2","keep","","","paired_comparison"
"/products/ultimate-direction-adventure-vest/alternatives","alternatives","ultimate-direction-adventure-vest-alternatives","Alternatives to Ultimate Direction Adventure Vest","replace Ultimate Direction Adventure Vest with a peer","why switch / stay / better / worse","What should replace Adventure Vest if it is wrong for me?","ultimate-direction-adventure-vest","running","false","PUBLIC_NOINDEX","alternatives:prod-ud-adventure-vest","keep","","",""
"/products/camelbak-zephyr/alternatives","alternatives","camelbak-zephyr-alternatives","Alternatives to CamelBak Zephyr","replace CamelBak Zephyr with a peer","why switch / stay / better / worse","What should replace Zephyr if it is wrong for me?","camelbak-zephyr","running","false","PUBLIC_NOINDEX","alternatives:prod-camelbak-zephyr","keep","","",""
"/products/osprey-duro-6/alternatives","alternatives","osprey-duro-6-alternatives","Alternatives to Osprey Duro 6","replace Osprey Duro 6 with a peer","why switch / stay / better / worse","What should replace Duro 6 if it is wrong for me?","osprey-duro-6","running","false","PUBLIC_NOINDEX","alternatives:prod-osprey-duro-6","keep","","","paired_comparison"
"/products/osprey-dyna-6/alternatives","alternatives","osprey-dyna-6-alternatives","Alternatives to Osprey Dyna 6","replace Osprey Dyna 6 with a peer","why switch / stay / better / worse","What should replace Dyna 6 if it is wrong for me?","osprey-dyna-6","running","false","PUBLIC_NOINDEX","alternatives:prod-osprey-dyna-6","keep","","","paired_comparison"
"/products/flipbelt-classic/alternatives","alternatives","flipbelt-classic-alternatives","Alternatives to FlipBelt Classic","replace FlipBelt Classic with a peer","why switch / stay / better / worse","What should replace Classic if it is wrong for me?","flipbelt-classic","running","false","PUBLIC_NOINDEX","alternatives:prod-flipbelt-classic","keep","","","paired_comparison"
"/products/nathan-mirage-pak/alternatives","alternatives","nathan-mirage-pak-alternatives","Alternatives to Nathan Mirage Pak","replace Nathan Mirage Pak with a peer","why switch / stay / better / worse","What should replace Mirage Pak if it is wrong for me?","nathan-mirage-pak","running","false","PUBLIC_NOINDEX","alternatives:prod-nathan-mirage","keep","","",""
"/products/spibelt-original/alternatives","alternatives","spibelt-original-alternatives","Alternatives to SPIbelt Original","replace SPIbelt Original with a peer","why switch / stay / better / worse","What should replace Original if it is wrong for me?","spibelt-original","running","false","PUBLIC_NOINDEX","alternatives:prod-spibelt-original","keep","","",""
"/products/nathan-exoshot-2/alternatives","alternatives","nathan-exoshot-2-alternatives","Alternatives to Nathan ExoShot 2","replace Nathan ExoShot 2 with a peer","why switch / stay / better / worse","What should replace ExoShot 2 if it is wrong for me?","nathan-exoshot-2","running","false","PUBLIC_NOINDEX","alternatives:prod-nathan-exoshot","keep","","",""
"/products/salomon-soft-flask-500/alternatives","alternatives","salomon-soft-flask-500-alternatives","Alternatives to Salomon Soft Flask 500 ml","replace Salomon Soft Flask 500 ml with a peer","why switch / stay / better / worse","What should replace Soft Flask 500 if it is wrong for me?","salomon-soft-flask-500","running","false","PUBLIC_NOINDEX","alternatives:prod-soft-flask-500","keep","","",""
"/products/hydrapak-softflask-500/alternatives","alternatives","hydrapak-softflask-500-alternatives","Alternatives to HydraPak SoftFlask 500 ml","replace HydraPak SoftFlask 500 ml with a peer","why switch / stay / better / worse","What should replace SoftFlask 500 if it is wrong for me?","hydrapak-softflask-500","running","false","PUBLIC_NOINDEX","alternatives:prod-hydrapak-softflask-500","keep","","",""
"/products/nike-dri-fit-stride-short/alternatives","alternatives","nike-dri-fit-stride-short-alternatives","Alternatives to Nike Dri-FIT Stride Short","replace Nike Dri-FIT Stride Short with a peer","why switch / stay / better / worse","What should replace Dri-FIT Stride Short if it is wrong for me?","nike-dri-fit-stride-short","running","false","PUBLIC_NOINDEX","alternatives:prod-nike-stride-short","keep","","",""
"/products/craft-adv-essence-short/alternatives","alternatives","craft-adv-essence-short-alternatives","Alternatives to Craft ADV Essence Short","replace Craft ADV Essence Short with a peer","why switch / stay / better / worse","What should replace ADV Essence Short if it is wrong for me?","craft-adv-essence-short","running","false","PUBLIC_NOINDEX","alternatives:prod-craft-adv-essence-short","keep","","",""
"/products/feetures-elite-light-cushion/alternatives","alternatives","feetures-elite-light-cushion-alternatives","Alternatives to Feetures Elite Light Cushion","replace Feetures Elite Light Cushion with a peer","why switch / stay / better / worse","What should replace Elite Light Cushion if it is wrong for me?","feetures-elite-light-cushion","running","false","PUBLIC_NOINDEX","alternatives:prod-feetures-elite-light-cushion","keep","","","paired_comparison"
"/products/balega-hidden-comfort/alternatives","alternatives","balega-hidden-comfort-alternatives","Alternatives to Balega Hidden Comfort","replace Balega Hidden Comfort with a peer","why switch / stay / better / worse","What should replace Hidden Comfort if it is wrong for me?","balega-hidden-comfort","running","false","PUBLIC_NOINDEX","alternatives:prod-balega-hidden-comfort","keep","","",""
"/products/shokz-openrun-pro-2/alternatives","alternatives","shokz-openrun-pro-2-alternatives","Alternatives to Shokz OpenRun Pro 2","replace Shokz OpenRun Pro 2 with a peer","why switch / stay / better / worse","What should replace OpenRun Pro 2 if it is wrong for me?","shokz-openrun-pro-2","running","false","PUBLIC_NOINDEX","alternatives:prod-shokz-openrun-pro-2","keep","","","paired_comparison;paired_comparison"
"/products/apple-airpods-pro-2/alternatives","alternatives","apple-airpods-pro-2-alternatives","Alternatives to Apple AirPods Pro 2","replace Apple AirPods Pro 2 with a peer","why switch / stay / better / worse","What should replace AirPods Pro 2 if it is wrong for me?","apple-airpods-pro-2","running","false","PUBLIC_NOINDEX","alternatives:prod-airpods-pro-2","keep","","","paired_comparison"
"/products/bose-ultra-open-earbuds/alternatives","alternatives","bose-ultra-open-earbuds-alternatives","Alternatives to Bose Ultra Open Earbuds","replace Bose Ultra Open Earbuds with a peer","why switch / stay / better / worse","What should replace Ultra Open Earbuds if it is wrong for me?","bose-ultra-open-earbuds","running","false","PUBLIC_NOINDEX","alternatives:prod-bose-ultra-open","keep","","","paired_comparison"
"/products/oakley-encoder/alternatives","alternatives","oakley-encoder-alternatives","Alternatives to Oakley Encoder","replace Oakley Encoder with a peer","why switch / stay / better / worse","What should replace Encoder if it is wrong for me?","oakley-encoder","running","false","PUBLIC_NOINDEX","alternatives:prod-oakley-encoder","keep","","","paired_comparison"
"/products/goodr-ogs/alternatives","alternatives","goodr-ogs-alternatives","Alternatives to Goodr OGs","replace Goodr OGs with a peer","why switch / stay / better / worse","What should replace OGs if it is wrong for me?","goodr-ogs","running","false","PUBLIC_NOINDEX","alternatives:prod-goodr-ogs","keep","","",""
"/products/julbo-aerolite/alternatives","alternatives","julbo-aerolite-alternatives","Alternatives to Julbo Aerolite","replace Julbo Aerolite with a peer","why switch / stay / better / worse","What should replace Aerolite if it is wrong for me?","julbo-aerolite","running","false","PUBLIC_NOINDEX","alternatives:prod-julbo-aerolite","keep","","",""
"/products/petzl-swift-rl/alternatives","alternatives","petzl-swift-rl-alternatives","Alternatives to Petzl Swift RL","replace Petzl Swift RL with a peer","why switch / stay / better / worse","What should replace Swift RL if it is wrong for me?","petzl-swift-rl","running","false","PUBLIC_NOINDEX","alternatives:prod-petzl-swift-rl","keep","","","paired_comparison;paired_comparison"
"/products/nathan-streak-reflective-vest/alternatives","alternatives","nathan-streak-reflective-vest-alternatives","Alternatives to Nathan Streak Reflective Vest","replace Nathan Streak Reflective Vest with a peer","why switch / stay / better / worse","What should replace Streak Reflective Vest if it is wrong for me?","nathan-streak-reflective-vest","running","false","PUBLIC_NOINDEX","alternatives:prod-nathan-reflective-vest","keep","","","paired_comparison"
"/products/buff-original/alternatives","alternatives","buff-original-alternatives","Alternatives to Buff Original Multifunctional Headwear","replace Buff Original Multifunctional Headwear with a peer","why switch / stay / better / worse","What should replace Original if it is wrong for me?","buff-original","running","false","PUBLIC_NOINDEX","alternatives:prod-buff-original","keep","","",""
"/products/buff-polar/alternatives","alternatives","buff-polar-alternatives","Alternatives to BUFF Polar Multifunctional Neckwear","replace BUFF Polar Multifunctional Neckwear with a peer","why switch / stay / better / worse","What should replace Polar if it is wrong for me?","buff-polar","running","false","PUBLIC_NOINDEX","alternatives:prod-buff-polar","keep","","",""
"/products/assaultrunner-pro/alternatives","alternatives","assaultrunner-pro-alternatives","Alternatives to Assault Fitness AssaultRunner Pro","replace Assault Fitness AssaultRunner Pro with a peer","why switch / stay / better / worse","What should replace AssaultRunner Pro if it is wrong for me?","assaultrunner-pro","fitness","false","PUBLIC_NOINDEX","alternatives:prod-assault-runner","keep","","",""
"/products/mirafit-folding-treadmill/alternatives","alternatives","mirafit-folding-treadmill-alternatives","Alternatives to Mirafit Folding Treadmill","replace Mirafit Folding Treadmill with a peer","why switch / stay / better / worse","What should replace Folding Treadmill if it is wrong for me?","mirafit-folding-treadmill","fitness","false","PUBLIC_NOINDEX","alternatives:prod-mirafit-treadmill","keep","","",""
"/products/assaultrunner-elite/alternatives","alternatives","assaultrunner-elite-alternatives","Alternatives to Assault Fitness AssaultRunner Elite","replace Assault Fitness AssaultRunner Elite with a peer","why switch / stay / better / worse","What should replace AssaultRunner Elite if it is wrong for me?","assaultrunner-elite","fitness","false","PUBLIC_NOINDEX","alternatives:prod-assault-runner-elite","keep","","",""
"/products/sole-f80-treadmill/alternatives","alternatives","sole-f80-treadmill-alternatives","Alternatives to Sole F80 Treadmill","replace Sole F80 Treadmill with a peer","why switch / stay / better / worse","What should replace F80 Treadmill if it is wrong for me?","sole-f80-treadmill","fitness","false","PUBLIC_NOINDEX","alternatives:prod-sole-f80","keep","","","paired_comparison"
"/running/shoes","category","running-shoes","Running Shoes","browse Running Shoes catalog","filter, compare entry, decision scaffolding","Which products in Running Shoes should I explore?","running-shoes","running","true","INDEXABLE","category:cat-running-shoes","keep","","","near_best_shortlist"
"/padel/rackets","category","padel-rackets","Padel Rackets","browse Padel Rackets catalog","filter, compare entry, decision scaffolding","Which products in Padel Rackets should I explore?","padel-rackets","padel","true","INDEXABLE","category:cat-padel-rackets","keep","","",""
"/tennis/rackets","category","tennis-rackets","Tennis Rackets","browse Tennis Rackets catalog","filter, compare entry, decision scaffolding","Which products in Tennis Rackets should I explore?","tennis-rackets","tennis","true","INDEXABLE","category:cat-tennis-rackets","keep","","",""
"/fitness/training-shoes","category","training-shoes","Training Shoes","browse Training Shoes catalog","filter, compare entry, decision scaffolding","Which products in Training Shoes should I explore?","training-shoes","fitness","true","INDEXABLE","category:cat-training-shoes","keep","","",""
"/running/watches","category","gps-watches","GPS Watches","browse GPS Watches catalog","filter, compare entry, decision scaffolding","Which products in GPS Watches should I explore?","gps-watches","running","true","INDEXABLE","category:cat-gps-watches","keep","","","near_best_shortlist"
"/padel/shoes","category","padel-shoes","Padel Shoes","browse Padel Shoes catalog","filter, compare entry, decision scaffolding","Which products in Padel Shoes should I explore?","padel-shoes","padel","true","INDEXABLE","category:cat-padel-shoes","keep","","",""
"/tennis/shoes","category","tennis-shoes","Tennis Shoes","browse Tennis Shoes catalog","filter, compare entry, decision scaffolding","Which products in Tennis Shoes should I explore?","tennis-shoes","tennis","true","INDEXABLE","category:cat-tennis-shoes","keep","","",""
"/fitness/adjustable-dumbbells","category","adjustable-dumbbells","Adjustable Dumbbells","browse Adjustable Dumbbells catalog","filter, compare entry, decision scaffolding","Which products in Adjustable Dumbbells should I explore?","adjustable-dumbbells","fitness","true","INDEXABLE","category:cat-adjustable-dumbbells","keep","","",""
"/running/heart-rate-monitors","category","heart-rate-monitors","Heart Rate Monitors","browse Heart Rate Monitors catalog","filter, compare entry, decision scaffolding","Which products in Heart Rate Monitors should I explore?","heart-rate-monitors","running","true","INDEXABLE","category:cat-hrm","keep","","","near_best_shortlist"
"/padel/bags","category","padel-bags","Padel Bags","browse Padel Bags catalog","filter, compare entry, decision scaffolding","Which products in Padel Bags should I explore?","padel-bags","padel","true","INDEXABLE","category:cat-padel-bags","keep","","",""
"/tennis/strings","category","tennis-strings","Tennis Strings","browse Tennis Strings catalog","filter, compare entry, decision scaffolding","Which products in Tennis Strings should I explore?","tennis-strings","tennis","true","INDEXABLE","category:cat-tennis-strings","keep","","",""
"/fitness/power-racks","category","power-racks","Power Racks","browse Power Racks catalog","filter, compare entry, decision scaffolding","Which products in Power Racks should I explore?","power-racks","fitness","true","INDEXABLE","category:cat-power-racks","keep","","",""
"/running/clothing","category","running-clothing","Running Clothing","browse Running Clothing catalog","filter, compare entry, decision scaffolding","Which products in Running Clothing should I explore?","running-clothing","running","true","INDEXABLE","category:cat-running-clothing","keep","","",""
"/padel/balls","category","padel-balls","Padel Balls","browse Padel Balls catalog","filter, compare entry, decision scaffolding","Which products in Padel Balls should I explore?","padel-balls","padel","true","INDEXABLE","category:cat-padel-balls","keep","","",""
"/pickleball/paddles","category","pickleball-paddles","Pickleball Paddles","browse Pickleball Paddles catalog","filter, compare entry, decision scaffolding","Which products in Pickleball Paddles should I explore?","pickleball-paddles","pickleball","true","INDEXABLE","category:cat-pickleball-paddles","keep","","",""
"/fitness/weight-benches","category","weight-benches","Weight Benches","browse Weight Benches catalog","filter, compare entry, decision scaffolding","Which products in Weight Benches should I explore?","weight-benches","fitness","true","INDEXABLE","category:cat-weight-benches","keep","","",""
"/running/socks","category","running-socks","Running Socks","browse Running Socks catalog","filter, compare entry, decision scaffolding","Which products in Running Socks should I explore?","running-socks","running","true","INDEXABLE","category:cat-running-socks","keep","","","near_best_shortlist"
"/padel/grips","category","padel-grips","Grips & Overgrips","browse Grips & Overgrips catalog","filter, compare entry, decision scaffolding","Which products in Grips & Overgrips should I explore?","padel-grips","padel","true","INDEXABLE","category:cat-padel-grips","keep","","",""
"/badminton/rackets","category","badminton-rackets","Badminton Rackets","browse Badminton Rackets catalog","filter, compare entry, decision scaffolding","Which products in Badminton Rackets should I explore?","badminton-rackets","badminton","true","INDEXABLE","category:cat-badminton-rackets","keep","","",""
"/fitness/barbells","category","barbells","Barbells","browse Barbells catalog","filter, compare entry, decision scaffolding","Which products in Barbells should I explore?","barbells","fitness","true","INDEXABLE","category:cat-barbells","keep","","",""
"/running/hydration","category","hydration","Hydration","browse Hydration catalog","filter, compare entry, decision scaffolding","Which products in Hydration should I explore?","hydration","running","true","INDEXABLE","category:cat-hydration","keep","","",""
"/padel/accessories","category","padel-accessories","Accessories","browse Accessories catalog","filter, compare entry, decision scaffolding","Which products in Accessories should I explore?","padel-accessories","padel","false","PUBLIC_NOINDEX","category:cat-padel-accessories","hold","","Soft-gated thin category","soft_gated"
"/squash/rackets","category","squash-rackets","Squash Rackets","browse Squash Rackets catalog","filter, compare entry, decision scaffolding","Which products in Squash Rackets should I explore?","squash-rackets","squash","true","INDEXABLE","category:cat-squash-rackets","keep","","",""
"/fitness/weight-plates","category","weight-plates","Weight Plates","browse Weight Plates catalog","filter, compare entry, decision scaffolding","Which products in Weight Plates should I explore?","weight-plates","fitness","true","INDEXABLE","category:cat-weight-plates","keep","","",""
"/running/packs","category","running-packs-vests","Running Packs & Vests","browse Running Packs & Vests catalog","filter, compare entry, decision scaffolding","Which products in Running Packs & Vests should I explore?","running-packs-vests","running","true","INDEXABLE","category:cat-packs-vests","keep","","",""
"/padel/clothing","category","padel-clothing","Clothing","browse Clothing catalog","filter, compare entry, decision scaffolding","Which products in Clothing should I explore?","padel-clothing","padel","false","PUBLIC_NOINDEX","category:cat-padel-clothing","hold","","Soft-gated thin category","soft_gated"
"/fitness/kettlebells","category","kettlebells","Kettlebells","browse Kettlebells catalog","filter, compare entry, decision scaffolding","Which products in Kettlebells should I explore?","kettlebells","fitness","true","INDEXABLE","category:cat-kettlebells","keep","","",""
"/running/headphones","category","headphones","Headphones","browse Headphones catalog","filter, compare entry, decision scaffolding","Which products in Headphones should I explore?","headphones","running","true","INDEXABLE","category:cat-headphones","keep","","","near_best_shortlist"
"/fitness/rowing-machines","category","rowing-machines","Rowing Machines","browse Rowing Machines catalog","filter, compare entry, decision scaffolding","Which products in Rowing Machines should I explore?","rowing-machines","fitness","true","INDEXABLE","category:cat-rowing-machines","keep","","",""
"/running/sunglasses","category","sunglasses","Sunglasses","browse Sunglasses catalog","filter, compare entry, decision scaffolding","Which products in Sunglasses should I explore?","sunglasses","running","true","INDEXABLE","category:cat-sunglasses","keep","","","near_best_shortlist"
"/fitness/air-bikes","category","air-bikes","Air Bikes","browse Air Bikes catalog","filter, compare entry, decision scaffolding","Which products in Air Bikes should I explore?","air-bikes","fitness","true","INDEXABLE","category:cat-air-bikes","keep","","",""
"/running/lights","category","running-lights","Running Lights","browse Running Lights catalog","filter, compare entry, decision scaffolding","Which products in Running Lights should I explore?","running-lights","running","true","INDEXABLE","category:cat-running-lights","keep","","",""
"/fitness/treadmills","category","treadmills","Treadmills","browse Treadmills catalog","filter, compare entry, decision scaffolding","Which products in Treadmills should I explore?","treadmills","fitness","true","INDEXABLE","category:cat-treadmills","keep","","",""
"/running/safety","category","safety-gear","Safety Gear","browse Safety Gear catalog","filter, compare entry, decision scaffolding","Which products in Safety Gear should I explore?","safety-gear","running","true","INDEXABLE","category:cat-safety","keep","","",""
"/fitness/ski-ergs","category","ski-ergs","SkiErgs","browse SkiErgs catalog","filter, compare entry, decision scaffolding","Which products in SkiErgs should I explore?","ski-ergs","fitness","true","INDEXABLE","category:cat-ski-ergs","keep","","",""
"/running/belts","category","running-belts","Running Belts","browse Running Belts catalog","filter, compare entry, decision scaffolding","Which products in Running Belts should I explore?","running-belts","running","true","INDEXABLE","category:cat-running-belts","keep","","","near_best_shortlist"
"/fitness/pull-up-bars","category","pull-up-bars","Pull-Up Bars","browse Pull-Up Bars catalog","filter, compare entry, decision scaffolding","Which products in Pull-Up Bars should I explore?","pull-up-bars","fitness","true","INDEXABLE","category:cat-pull-up-bars","keep","","",""
"/recovery/recovery","category","recovery","Recovery","browse Recovery catalog","filter, compare entry, decision scaffolding","Which products in Recovery should I explore?","recovery","recovery","true","INDEXABLE","category:cat-recovery-gear","keep","","",""
"/fitness/parallettes","category","parallettes","Parallettes","browse Parallettes catalog","filter, compare entry, decision scaffolding","Which products in Parallettes should I explore?","parallettes","fitness","true","INDEXABLE","category:cat-parallettes","keep","","",""
"/running/accessories","category","accessories","Accessories","browse Accessories catalog","filter, compare entry, decision scaffolding","Which products in Accessories should I explore?","accessories","running","false","PUBLIC_NOINDEX","category:cat-accessories","hold","","Soft-gated thin category","soft_gated"
"/fitness/gymnastic-rings","category","gymnastic-rings","Gymnastic Rings","browse Gymnastic Rings catalog","filter, compare entry, decision scaffolding","Which products in Gymnastic Rings should I explore?","gymnastic-rings","fitness","true","INDEXABLE","category:cat-gymnastic-rings","keep","","",""
"/running/nutrition","category","nutrition-fuel","Nutrition & Fuel","browse Nutrition & Fuel catalog","filter, compare entry, decision scaffolding","Which products in Nutrition & Fuel should I explore?","nutrition-fuel","running","true","INDEXABLE","category:cat-nutrition","keep","","",""
"/fitness/weighted-vests","category","weighted-vests","Weighted Vests","browse Weighted Vests catalog","filter, compare entry, decision scaffolding","Which products in Weighted Vests should I explore?","weighted-vests","fitness","true","INDEXABLE","category:cat-weighted-vests","keep","","",""
"/fitness/functional-fitness","category","functional-fitness","Functional Fitness","browse Functional Fitness catalog","filter, compare entry, decision scaffolding","Which products in Functional Fitness should I explore?","functional-fitness","fitness","true","INDEXABLE","category:cat-functional-fitness","keep","","",""
"/fitness/gym-flooring","category","gym-flooring","Gym Flooring","browse Gym Flooring catalog","filter, compare entry, decision scaffolding","Which products in Gym Flooring should I explore?","gym-flooring","fitness","true","INDEXABLE","category:cat-gym-flooring","keep","","",""
"/fitness/gym-storage","category","gym-storage","Gym Storage","browse Gym Storage catalog","filter, compare entry, decision scaffolding","Which products in Gym Storage should I explore?","gym-storage","fitness","true","INDEXABLE","category:cat-gym-storage","keep","","",""
"/fitness/lifting-accessories","category","lifting-accessories","Lifting Accessories","browse Lifting Accessories catalog","filter, compare entry, decision scaffolding","Which products in Lifting Accessories should I explore?","lifting-accessories","fitness","true","INDEXABLE","category:cat-lifting-accessories","keep","","",""
"/running/shoes/daily-trainers","listing","daily-trainers","Daily Trainers","browse Daily Trainers within category","type-specific selection education","Which daily trainers fit my need?","cat-running-shoes","running","true","INDEXABLE","listing:cat-running-shoes:daily-trainers","keep","","",""
"/running/shoes/race","listing","race","Race Shoes","browse Race Shoes within category","type-specific selection education","Which race shoes fit my need?","cat-running-shoes","running","true","INDEXABLE","listing:cat-running-shoes:race","keep","","",""
"/running/shoes/stability","listing","stability","Stability Shoes","browse Stability Shoes within category","type-specific selection education","Which stability shoes fit my need?","cat-running-shoes","running","true","INDEXABLE","listing:cat-running-shoes:stability","keep","","",""
"/running/shoes/trail","listing","trail","Trail Shoes","browse Trail Shoes within category","type-specific selection education","Which trail shoes fit my need?","cat-running-shoes","running","true","INDEXABLE","listing:cat-running-shoes:trail","keep","","",""
"/running/shoes/heavy-runners","listing","heavy-runners","Running Shoes for Heavier Runners","browse Running Shoes for Heavier Runners within category","type-specific selection education","Which running shoes for heavier runners fit my need?","cat-running-shoes","running","true","INDEXABLE","listing:cat-running-shoes:heavy-runners","keep","","",""
"/setups/first-marathon-kit","setup","first-marathon-kit","First Marathon Kit","assemble kit for scenario: 16–20 week first marathon build: most weeks are easy/long miles, with a few cont","system roles + compatibility","What full kit do I need for this scenario?","prod-novablast-6|prod-endorphin-speed-5|prod-forerunner-570|prod-hrm-pro-plus|prod-feetures-elite-light-cushion","running","true","INDEXABLE","setup:first-marathon-kit","keep","","",""
"/setups/marathon-race-day-kit","setup","marathon-race-day-kit","Marathon Race-Day Kit","assemble kit for scenario: Road marathon morning: plated race shoes you’ve already raced or workout-tested,","system roles + compatibility","What full kit do I need for this scenario?","prod-vaporfly-4|prod-forerunner-970|prod-goodr-ogs|prod-asics-race-short|prod-feetures-elite-light-cushion|prod-spibelt-original|prod-hrm-pro-plus","running","true","INDEXABLE","setup:marathon-race-day-kit","keep","","",""
"/setups/beginner-running-setup","setup","beginner-running-setup","Beginner Running Setup","assemble kit for scenario: First 8–12 weeks of consistent running: 2–4 easy sessions a week toward a first ","system roles + compatibility","What full kit do I need for this scenario?","prod-ghost-18|prod-feetures-elite-light-cushion|prod-forerunner-165|prod-flipbelt-classic","running","true","INDEXABLE","setup:beginner-running-setup","keep","","",""
"/setups/half-marathon-kit","setup","half-marathon-kit","Half Marathon Kit","assemble kit for scenario: 10–14 week half-marathon block: weekday easy miles in a daily trainer, one faste","system roles + compatibility","What full kit do I need for this scenario?","prod-pegasus-42|prod-endorphin-speed-5|prod-forerunner-570","running","true","INDEXABLE","setup:half-marathon-kit","keep","","",""
"/setups/trail-running-starter-kit","setup","trail-running-starter-kit","Trail Running Starter Kit","assemble kit for scenario: First season of local trail loops and unsupported 10–20 km days: trail shoe with","system roles + compatibility","What full kit do I need for this scenario?","prod-speedgoat-6|prod-adv-skin-12|prod-soft-flask-500|prod-coros-pace-pro|prod-petzl-swift-rl","running","true","INDEXABLE","setup:trail-running-starter-kit","keep","","",""
"/setups/padel-starter-kit","setup","padel-starter-kit","Padel Starter Kit","assemble kit for scenario: First 2–3 months on court: club nights and social matches. One current racket, p","system roles + compatibility","What full kit do I need for this scenario?","prod-head-coello-pro|prod-adidas-courtstabil|prod-head-padel-pro-s|prod-wilson-overgrip","padel","false","HIDDEN_404","setup:padel-starter-kit","keep","","",""
"/setups/tennis-starter-kit","setup","tennis-starter-kit","Tennis Starter Kit","assemble kit for scenario: Returning to tennis or starting lessons: a forgiving 100 sq in frame, stable cla","system roles + compatibility","What full kit do I need for this scenario?","prod-wilson-clash-100-v2|prod-asics-gel-resolution-9|prod-babolat-rpm-blast","tennis","false","HIDDEN_404","setup:tennis-starter-kit","keep","","",""
"/setups/beginner-home-gym","setup","beginner-home-gym","Beginner Home Gym","assemble kit for scenario: First strength block at home with space for a bench: learn squats, hinges, press","system roles + compatibility","What full kit do I need for this scenario?","prod-bowflex-552|prod-mirafit-fid-bench|prod-mirafit-flooring|prod-blackroll-standard","fitness","false","HIDDEN_404","setup:beginner-home-gym","keep","","",""
"/setups/garage-strength-gym","setup","garage-strength-gym","Garage Strength Gym","assemble kit for scenario: Dedicated garage bay for barbell strength: squat, bench, hinge and Olympic lifts","system roles + compatibility","What full kit do I need for this scenario?","prod-rep-pr-4000|prod-rep-ab-5000|prod-rogue-ohio|prod-rep-bumper-black|prod-rogue-flooring","fitness","false","HIDDEN_404","setup:garage-strength-gym","keep","","",""
"/setups/apartment-fitness-setup","setup","apartment-fitness-setup","Apartment Fitness Setup","assemble kit for scenario: Strength and pull-up work in a flat with noise and footprint limits: compact adj","system roles + compatibility","What full kit do I need for this scenario?","prod-nuobell-50|prod-pullup-dip-doorway|prod-mirafit-flooring|prod-blackroll-ball","fitness","false","HIDDEN_404","setup:apartment-fitness-setup","keep","","",""
"/setups/hyrox-home-conditioning","setup","hyrox-home-conditioning","HYROX Home Conditioning","assemble kit for scenario: Serious home HYROX conditioning with space and budget for a full erg triad: RowE","system roles + compatibility","What full kit do I need for this scenario?","prod-concept2-rowerg|prod-concept2-skierg|prod-rogue-echo-bike|prod-tyr-cxt-2|prod-rogue-wall-ball","hyrox","false","HIDDEN_404","setup:hyrox-home-conditioning","keep","","",""
"/setups/calisthenics-home-setup","setup","calisthenics-home-setup","Calisthenics Home Setup","assemble kit for scenario: Bodyweight strength progression at home: wall bar for pulls, rings for rows/dips","system roles + compatibility","What full kit do I need for this scenario?","prod-pullup-dip-wall|prod-gornation-rings|prod-gornation-parallettes-pro|prod-gravity-weighted-vest","calisthenics","false","HIDDEN_404","setup:calisthenics-home-setup","keep","","",""
"/setups/hyrox-race-day-kit","setup","hyrox-race-day-kit","HYROX Race Day Kit","assemble kit for scenario: HYROX race morning: primary race shoes you have already station-tested, a recomm","system roles + compatibility","What full kit do I need for this scenario?","prod-tyr-cxt-2|prod-nobull-trainer|prod-blackroll-ball","hyrox","false","HIDDEN_404","setup:hyrox-race-day-kit","keep","","",""
"/setups/first-hyrox-setup","setup","first-hyrox-setup","First HYROX Setup","assemble kit for scenario: Signing up for a first HYROX: buy race-capable training shoes first, add a recom","system roles + compatibility","What full kit do I need for this scenario?","prod-reebok-nano-x4|prod-forerunner-965|prod-hrm-pro-plus","hyrox","false","HIDDEN_404","setup:first-hyrox-setup","keep","","",""
"/setups/budget-home-gym","setup","budget-home-gym","Budget Home Gym","assemble kit for scenario: Strength on a tight budget and tiny footprint: adjustable bells, doorway pull-up","system roles + compatibility","What full kit do I need for this scenario?","prod-nuobell-50|prod-pullup-dip-doorway|prod-mirafit-flooring|prod-atx-fid-bench","fitness","false","HIDDEN_404","setup:budget-home-gym","keep","","",""
"/setups/hyrox-home-training","setup","hyrox-home-training","HYROX Home Training Setup","assemble kit for scenario: Capability-based HYROX practice at home when you cannot fund the full erg triad:","system roles + compatibility","What full kit do I need for this scenario?","prod-concept2-rowerg|prod-concept2-skierg-pm5-bundle|prod-tyr-cxt-2|prod-rogue-wall-ball","hyrox","false","HIDDEN_404","setup:hyrox-home-training","keep","","",""
"/tools/running-shoe-finder","finder","running-shoe-finder","Running Shoe Finder","personalized recommendation via Running Shoe Finder","interactive shortlist","Which products match my answers?","cat-running-shoes","running","true","INDEXABLE","finder:running-shoe-finder","keep","","",""
"/tools/fitness-watch-finder","finder","fitness-watch-finder","Fitness Watch Finder","personalized recommendation via Fitness Watch Finder","interactive shortlist","Which products match my answers?","cat-gps-watches","running","true","INDEXABLE","finder:fitness-watch-finder","keep","","",""
"/tools/running-hydration-finder","finder","running-hydration-finder","Running Hydration Finder","personalized recommendation via Running Hydration Finder","interactive shortlist","Which products match my answers?","cat-packs-vests|cat-running-belts|cat-hydration","running","true","INDEXABLE","finder:running-hydration-finder","keep","","",""
"/tools/running-hrm-finder","finder","running-hrm-finder","Running Heart Rate Monitor Finder","personalized recommendation via Running Heart Rate Monitor Finder","interactive shortlist","Which products match my answers?","cat-hrm","running","true","INDEXABLE","finder:running-hrm-finder","keep","","",""
"/tools/running-clothing-finder","finder","running-clothing-finder","Running Apparel Finder","personalized recommendation via Running Apparel Finder","interactive shortlist","Which products match my answers?","cat-running-clothing|cat-running-socks","running","true","INDEXABLE","finder:running-clothing-finder","keep","","",""
"/tools/running-fuel-finder","finder","running-fuel-finder","Running Fuel Finder","personalized recommendation via Running Fuel Finder","interactive shortlist","Which products match my answers?","cat-nutrition","running","true","INDEXABLE","finder:running-fuel-finder","keep","","",""
"/tools/running-recovery-finder","finder","running-recovery-finder","Running Recovery Finder","personalized recommendation via Running Recovery Finder","interactive shortlist","Which products match my answers?","cat-recovery-gear","running","true","INDEXABLE","finder:running-recovery-finder","keep","","",""
"/tools/running-accessories-finder","finder","running-accessories-finder","Running Accessories Finder","personalized recommendation via Running Accessories Finder","interactive shortlist","Which products match my answers?","cat-headphones|cat-sunglasses|cat-running-lights|cat-safety|cat-accessories","running","true","INDEXABLE","finder:running-accessories-finder","keep","","",""
"/tools/hyrox-shoe-finder","finder","hyrox-shoe-finder","HYROX Shoe Finder","personalized recommendation via HYROX Shoe Finder","interactive shortlist","Which products match my answers?","cat-training-shoes","fitness","false","HIDDEN_404","finder:hyrox-shoe-finder","keep","","",""
"/tools/training-shoe-finder","finder","training-shoe-finder","Training Shoe Finder","personalized recommendation via Training Shoe Finder","interactive shortlist","Which products match my answers?","cat-training-shoes","fitness","false","HIDDEN_404","finder:training-shoe-finder","keep","","",""
"/tools/adjustable-dumbbell-finder","finder","adjustable-dumbbell-finder","Adjustable Dumbbell Finder","personalized recommendation via Adjustable Dumbbell Finder","interactive shortlist","Which products match my answers?","cat-adjustable-dumbbells","fitness","false","HIDDEN_404","finder:adjustable-dumbbell-finder","keep","","",""
"/tools/power-rack-finder","finder","power-rack-finder","Power Rack Finder","personalized recommendation via Power Rack Finder","interactive shortlist","Which products match my answers?","cat-power-racks","fitness","false","HIDDEN_404","finder:power-rack-finder","keep","","",""
"/tools/pull-up-bar-finder","finder","pull-up-bar-finder","Pull-Up Bar Finder","personalized recommendation via Pull-Up Bar Finder","interactive shortlist","Which products match my answers?","cat-pull-up-bars","fitness","false","HIDDEN_404","finder:pull-up-bar-finder","keep","","",""
"/tools/treadmill-finder","finder","treadmill-finder","Treadmill Finder","personalized recommendation via Treadmill Finder","interactive shortlist","Which products match my answers?","cat-treadmills","fitness","false","HIDDEN_404","finder:treadmill-finder","keep","","",""
"/tools/padel-racket-finder","finder","padel-racket-finder","Padel Racket Finder","personalized recommendation via Padel Racket Finder","interactive shortlist","Which products match my answers?","cat-padel-rackets","padel","false","HIDDEN_404","finder:padel-racket-finder","keep","","",""
"/tools/tennis-racket-finder","finder","tennis-racket-finder","Tennis Racket Finder","personalized recommendation via Tennis Racket Finder","interactive shortlist","Which products match my answers?","cat-tennis-rackets","tennis","false","HIDDEN_404","finder:tennis-racket-finder","keep","","",""