priority,workState,type,sport,slug,route,status,qualityClassification,uniquenessClassification,indexability,reasonHeld,evidenceCoverage,internalLinks,productRelationships,workStateReasons,title
P0,NEEDS_UNIQUE_REWRITE,review,running,100-percent-s3,/reviews/100-percent-s3,published,DUPLICATIVE,DUPLICATIVE,HIDDEN_404,content_uniqueness_hold|decisionScore=100|words=3923|quality_not_launch_ready,thin (1),alts:3,product:100-percent-s3,uniqueness_duplicative,100% S3 Review
P0,NEEDS_UNIQUE_REWRITE,review,running,226ers-high-energy-gel,/reviews/226ers-high-energy-gel,published,DUPLICATIVE,DUPLICATIVE,HIDDEN_404,content_uniqueness_hold|decisionScore=100|words=4023|quality_not_launch_ready,moderate (2),alts:3,product:226ers-high-energy-gel,uniqueness_duplicative,226ERS High Energy Gel Review
P0,NEEDS_UNIQUE_REWRITE,review,running,2toms-sportshield,/reviews/2toms-sportshield,published,DUPLICATIVE,DUPLICATIVE,HIDDEN_404,content_uniqueness_hold|decisionScore=100|words=4015|quality_not_launch_ready,thin (1),alts:2,product:2toms-sportshield,uniqueness_duplicative,2Toms SportShield Anti-Chafe Roll-On Review
P0,NEEDS_UNIQUE_REWRITE,review,running,adidas-adizero-adios-pro-4,/reviews/adidas-adizero-adios-pro-4,published,DUPLICATIVE,DUPLICATIVE,HIDDEN_404,content_uniqueness_hold|decisionScore=100|words=3927|quality_not_launch_ready,moderate (2),alts:4,product:adidas-adizero-adios-pro-4,uniqueness_duplicative,Adidas Adizero Adios Pro 4 Review
P0,NEEDS_UNIQUE_REWRITE,review,running,adidas-adizero-boston-13,/reviews/adidas-adizero-boston-13,published,DUPLICATIVE,DUPLICATIVE,HIDDEN_404,content_uniqueness_hold|decisionScore=100|words=3964|quality_not_launch_ready,moderate (2),alts:4,product:adidas-adizero-boston-13,uniqueness_duplicative,Adidas Adizero Boston 13 Review
P0,NEEDS_UNIQUE_REWRITE,review,running,adidas-adizero-evo-sl,/reviews/adidas-adizero-evo-sl,published,DUPLICATIVE,DUPLICATIVE,HIDDEN_404,content_uniqueness_hold|decisionScore=100|words=3924|quality_not_launch_ready,moderate (2),alts:3,product:adidas-adizero-evo-sl,uniqueness_duplicative,Adidas Adizero Evo SL Review
P0,NEEDS_UNIQUE_REWRITE,review,running,adidas-own-the-run-short-men,/reviews/adidas-own-the-run-short-men,published,DUPLICATIVE,DUPLICATIVE,HIDDEN_404,content_uniqueness_hold|decisionScore=100|words=3986|quality_not_launch_ready,moderate (2),alts:3,product:adidas-own-the-run-short-men,uniqueness_duplicative,adidas Own the Run Short (Men) Review
P0,NEEDS_UNIQUE_REWRITE,review,running,adidas-own-the-run-tee-men,/reviews/adidas-own-the-run-tee-men,published,DUPLICATIVE,DUPLICATIVE,HIDDEN_404,content_uniqueness_hold|decisionScore=100|words=3920|quality_not_launch_ready,moderate (2),alts:3,product:adidas-own-the-run-tee-men,uniqueness_duplicative,adidas Own the Run Tee (Men) Review
P0,NEEDS_UNIQUE_REWRITE,review,running,adidas-terrex-agravic-3,/reviews/adidas-terrex-agravic-3,published,DUPLICATIVE,DUPLICATIVE,HIDDEN_404,content_uniqueness_hold|decisionScore=100|words=4004|quality_not_launch_ready,moderate (2),alts:4,product:adidas-terrex-agravic-3,uniqueness_duplicative,Adidas Terrex Agravic 3 Review
P0,NEEDS_UNIQUE_REWRITE,review,running,adidas-ultraboost-5,/reviews/adidas-ultraboost-5,published,DUPLICATIVE,DUPLICATIVE,HIDDEN_404,content_uniqueness_hold|decisionScore=100|words=3922|quality_not_launch_ready,moderate (2),alts:4,product:adidas-ultraboost-5,uniqueness_duplicative,Adidas Ultraboost 5 Review
P0,NEEDS_UNIQUE_REWRITE,review,running,altra-escalante-4,/reviews/altra-escalante-4,published,DUPLICATIVE,DUPLICATIVE,HIDDEN_404,content_uniqueness_hold|decisionScore=100|words=3991|quality_not_launch_ready,moderate (2),alts:2,product:altra-escalante-4,uniqueness_duplicative,Altra Escalante 4 Review
P0,NEEDS_UNIQUE_REWRITE,review,running,altra-experience-flow,/reviews/altra-experience-flow,published,DUPLICATIVE,DUPLICATIVE,HIDDEN_404,content_uniqueness_hold|decisionScore=100|words=3932|quality_not_launch_ready,moderate (2),alts:4,product:altra-experience-flow,uniqueness_duplicative,Altra Experience Flow Review
P0,NEEDS_UNIQUE_REWRITE,review,running,altra-lone-peak-8,/reviews/altra-lone-peak-8,published,DUPLICATIVE,DUPLICATIVE,HIDDEN_404,content_uniqueness_hold|decisionScore=100|words=3973|quality_not_launch_ready,moderate (2),alts:3,product:altra-lone-peak-8,uniqueness_duplicative,Altra Lone Peak 8 Review
P0,NEEDS_UNIQUE_REWRITE,review,running,altra-paradigm-7,/reviews/altra-paradigm-7,published,DUPLICATIVE,DUPLICATIVE,HIDDEN_404,content_uniqueness_hold|decisionScore=100|words=3980|quality_not_launch_ready,moderate (2),alts:4,product:altra-paradigm-7,uniqueness_duplicative,Altra Paradigm 7 Review
P0,NEEDS_UNIQUE_REWRITE,review,running,altra-torin-8,/reviews/altra-torin-8,published,DUPLICATIVE,DUPLICATIVE,HIDDEN_404,content_uniqueness_hold|decisionScore=100|words=3918|quality_not_launch_ready,moderate (2),alts:3,product:altra-torin-8,uniqueness_duplicative,Altra Torin 8 Review
P0,NEEDS_UNIQUE_REWRITE,review,running,amphipod-airflow-lite-belt,/reviews/amphipod-airflow-lite-belt,published,DUPLICATIVE,DUPLICATIVE,HIDDEN_404,content_uniqueness_hold|decisionScore=100|words=3962|quality_not_launch_ready,thin (1),alts:3,product:amphipod-airflow-lite-belt,uniqueness_duplicative,Amphipod AirFlow Lite Belt Review
P0,NEEDS_UNIQUE_REWRITE,review,running,amphipod-hydraform-ergo-lite-handheld,/reviews/amphipod-hydraform-ergo-lite-handheld,published,DUPLICATIVE,DUPLICATIVE,HIDDEN_404,content_uniqueness_hold|decisionScore=100|words=4051|quality_not_launch_ready,thin (1),alts:3,product:amphipod-hydraform-ergo-lite-handheld,uniqueness_duplicative,Amphipod Hydraform Ergo-Lite Handheld Review
P0,NEEDS_UNIQUE_REWRITE,review,running,amphipod-vizlet-led,/reviews/amphipod-vizlet-led,published,DUPLICATIVE,DUPLICATIVE,HIDDEN_404,content_uniqueness_hold|decisionScore=100|words=3962|quality_not_launch_ready,thin (1),alts:3,product:amphipod-vizlet-led,uniqueness_duplicative,Amphipod Vizlet LED Reflector Review
P0,NEEDS_UNIQUE_REWRITE,review,running,amphipod-xinglet,/reviews/amphipod-xinglet,published,DUPLICATIVE,DUPLICATIVE,HIDDEN_404,content_uniqueness_hold|decisionScore=100|words=4014|quality_not_launch_ready,thin (1),alts:3,product:amphipod-xinglet,uniqueness_duplicative,Amphipod Xinglet Reflective Sash Review
P0,NEEDS_UNIQUE_REWRITE,review,running,amphipod-xinglet-optic-beam,/reviews/amphipod-xinglet-optic-beam,published,DUPLICATIVE,DUPLICATIVE,HIDDEN_404,content_uniqueness_hold|decisionScore=100|words=3948|quality_not_launch_ready,thin (1),alts:3,product:amphipod-xinglet-optic-beam,uniqueness_duplicative,Amphipod Xinglet Optic Beam Rechargeable Vest Review
P0,NEEDS_UNIQUE_REWRITE,review,running,apple-airpods-4,/reviews/apple-airpods-4,published,DUPLICATIVE,DUPLICATIVE,HIDDEN_404,content_uniqueness_hold|decisionScore=100|words=4060|quality_not_launch_ready,thin (1),alts:3,product:apple-airpods-4,uniqueness_duplicative,Apple AirPods 4 Review
P0,NEEDS_UNIQUE_REWRITE,review,running,apple-airpods-pro-2,/reviews/apple-airpods-pro-2,published,DUPLICATIVE,DUPLICATIVE,HIDDEN_404,content_uniqueness_hold|decisionScore=100|words=3971|quality_not_launch_ready,thin (1),alts:3|comps:1,product:apple-airpods-pro-2,uniqueness_duplicative,Apple AirPods Pro 2 Review
P0,NEEDS_UNIQUE_REWRITE,review,running,apple-watch-ultra-2,/reviews/apple-watch-ultra-2,published,DUPLICATIVE,DUPLICATIVE,HIDDEN_404,content_uniqueness_hold|decisionScore=100|words=3904|quality_not_launch_ready,moderate (2),alts:3|comps:1,product:apple-watch-ultra-2,uniqueness_duplicative,Apple Watch Ultra 2 Review
P0,NEEDS_UNIQUE_REWRITE,review,running,asics-core-split-short,/reviews/asics-core-split-short,published,DUPLICATIVE,DUPLICATIVE,HIDDEN_404,content_uniqueness_hold|decisionScore=100|words=3907|quality_not_launch_ready,moderate (2),alts:3,product:asics-core-split-short,uniqueness_duplicative,ASICS Core Split Short Review
P0,NEEDS_UNIQUE_REWRITE,review,running,asics-gel-cumulus-27,/reviews/asics-gel-cumulus-27,published,DUPLICATIVE,DUPLICATIVE,HIDDEN_404,content_uniqueness_hold|decisionScore=100|words=3888|quality_not_launch_ready,moderate (2),alts:4,product:asics-gel-cumulus-27,uniqueness_duplicative,ASICS GEL-Cumulus 27 Review
P0,NEEDS_UNIQUE_REWRITE,review,running,asics-gel-nimbus-27,/reviews/asics-gel-nimbus-27,published,DUPLICATIVE,DUPLICATIVE,HIDDEN_404,content_uniqueness_hold|decisionScore=100|words=3951|quality_not_launch_ready,moderate (2),alts:3|comps:2,product:asics-gel-nimbus-27,uniqueness_duplicative,ASICS GEL-Nimbus 27 Review
P0,NEEDS_UNIQUE_REWRITE,review,running,asics-gel-trabuco-13,/reviews/asics-gel-trabuco-13,published,DUPLICATIVE,DUPLICATIVE,HIDDEN_404,content_uniqueness_hold|decisionScore=100|words=3976|quality_not_launch_ready,moderate (2),alts:4,product:asics-gel-trabuco-13,uniqueness_duplicative,ASICS Gel-Trabuco 13 Review
P0,NEEDS_UNIQUE_REWRITE,review,running,asics-gt-1000-13,/reviews/asics-gt-1000-13,published,DUPLICATIVE,DUPLICATIVE,HIDDEN_404,content_uniqueness_hold|decisionScore=100|words=3998|quality_not_launch_ready,moderate (2),alts:4,product:asics-gt-1000-13,uniqueness_duplicative,ASICS GT-1000 13 Review
P0,NEEDS_UNIQUE_REWRITE,review,running,asics-gt-2000-14,/reviews/asics-gt-2000-14,published,DUPLICATIVE,DUPLICATIVE,HIDDEN_404,content_uniqueness_hold|decisionScore=100|words=3983|quality_not_launch_ready,moderate (2),alts:3,product:asics-gt-2000-14,uniqueness_duplicative,ASICS GT-2000 14 Review
P0,NEEDS_UNIQUE_REWRITE,review,running,asics-metaspeed-sky-paris,/reviews/asics-metaspeed-sky-paris,published,DUPLICATIVE,DUPLICATIVE,HIDDEN_404,content_uniqueness_hold|decisionScore=100|words=3937|quality_not_launch_ready,moderate (2),alts:4,product:asics-metaspeed-sky-paris,uniqueness_duplicative,ASICS METASPEED Sky Paris Review
P0,NEEDS_UNIQUE_REWRITE,review,running,asics-novablast-4,/reviews/asics-novablast-4,published,DUPLICATIVE,DUPLICATIVE,HIDDEN_404,content_uniqueness_hold|decisionScore=100|words=3910|quality_not_launch_ready,moderate (2),alts:1|comps:1,product:asics-novablast-4,uniqueness_duplicative,ASICS Novablast 4 Review
P0,NEEDS_UNIQUE_REWRITE,review,running,assaultrunner-elite,/reviews/assaultrunner-elite,published,DUPLICATIVE,DUPLICATIVE,HIDDEN_404,content_uniqueness_hold|decisionScore=100|words=3905|quality_not_launch_ready,moderate (3),sparse,product:assaultrunner-elite,uniqueness_duplicative,Assault Fitness AssaultRunner Elite Review
P0,NEEDS_UNIQUE_REWRITE,review,running,assaultrunner-pro,/reviews/assaultrunner-pro,published,DUPLICATIVE,DUPLICATIVE,HIDDEN_404,content_uniqueness_hold|decisionScore=100|words=3911|quality_not_launch_ready,moderate (3),sparse,product:assaultrunner-pro,uniqueness_duplicative,Assault Fitness AssaultRunner Pro Review
P0,NEEDS_UNIQUE_REWRITE,review,running,balega-blister-resist,/reviews/balega-blister-resist,published,DUPLICATIVE,DUPLICATIVE,HIDDEN_404,content_uniqueness_hold|decisionScore=100|words=3991|quality_not_launch_ready,moderate (2),alts:4,product:balega-blister-resist,uniqueness_duplicative,Balega Blister Resist Quarter Review
P0,NEEDS_UNIQUE_REWRITE,review,running,balega-hidden-comfort,/reviews/balega-hidden-comfort,published,DUPLICATIVE,DUPLICATIVE,HIDDEN_404,content_uniqueness_hold|decisionScore=100|words=3990|quality_not_launch_ready,thin (1),alts:3,product:balega-hidden-comfort,uniqueness_duplicative,Balega Hidden Comfort Review
P0,NEEDS_UNIQUE_REWRITE,review,running,beats-fit-pro,/reviews/beats-fit-pro,published,DUPLICATIVE,DUPLICATIVE,HIDDEN_404,content_uniqueness_hold|decisionScore=100|words=3939|quality_not_launch_ready,thin (1),alts:3,product:beats-fit-pro,uniqueness_duplicative,Beats Fit Pro Review
P0,NEEDS_UNIQUE_REWRITE,review,running,biolite-headlamp-800-pro,/reviews/biolite-headlamp-800-pro,published,DUPLICATIVE,DUPLICATIVE,HIDDEN_404,content_uniqueness_hold|decisionScore=100|words=4056|quality_not_launch_ready,thin (1),alts:3,product:biolite-headlamp-800-pro,uniqueness_duplicative,BioLite HeadLamp 800 Pro Review
P0,NEEDS_UNIQUE_REWRITE,review,running,black-diamond-distance-15,/reviews/black-diamond-distance-15,published,DUPLICATIVE,DUPLICATIVE,HIDDEN_404,content_uniqueness_hold|decisionScore=100|words=3968|quality_not_launch_ready,thin (1),alts:3,product:black-diamond-distance-15,uniqueness_duplicative,Black Diamond Distance 15 Review
P0,NEEDS_UNIQUE_REWRITE,review,running,black-diamond-distance-1500,/reviews/black-diamond-distance-1500,published,DUPLICATIVE,DUPLICATIVE,HIDDEN_404,content_uniqueness_hold|decisionScore=100|words=3954|quality_not_launch_ready,thin (1),alts:3,product:black-diamond-distance-1500,uniqueness_duplicative,Black Diamond Distance 1500 Review
P0,NEEDS_UNIQUE_REWRITE,review,running,black-diamond-distance-22,/reviews/black-diamond-distance-22,published,DUPLICATIVE,DUPLICATIVE,HIDDEN_404,content_uniqueness_hold|decisionScore=100|words=4062|quality_not_launch_ready,thin (1),alts:3,product:black-diamond-distance-22,uniqueness_duplicative,Black Diamond Distance 22 Review
P0,NEEDS_UNIQUE_REWRITE,review,running,black-diamond-distance-8,/reviews/black-diamond-distance-8,published,DUPLICATIVE,DUPLICATIVE,HIDDEN_404,content_uniqueness_hold|decisionScore=100|words=4035|quality_not_launch_ready,moderate (2),alts:4,product:black-diamond-distance-8,uniqueness_duplicative,Black Diamond Distance 8 Review
P0,NEEDS_UNIQUE_REWRITE,review,running,black-diamond-spot-400-r,/reviews/black-diamond-spot-400-r,published,DUPLICATIVE,DUPLICATIVE,HIDDEN_404,content_uniqueness_hold|decisionScore=100|words=3887|quality_not_launch_ready,thin (1),alts:2|comps:1,product:black-diamond-spot-400-r,uniqueness_duplicative,Black Diamond Spot 400-R Review
P0,NEEDS_UNIQUE_REWRITE,review,running,blackroll-pro,/reviews/blackroll-pro,published,DUPLICATIVE,DUPLICATIVE,HIDDEN_404,content_uniqueness_hold|decisionScore=100|words=4060|quality_not_launch_ready,thin (1),alts:3,product:blackroll-pro,uniqueness_duplicative,BLACKROLL PRO Foam Roller Review
P0,NEEDS_UNIQUE_REWRITE,review,running,body-glide-original,/reviews/body-glide-original,published,DUPLICATIVE,DUPLICATIVE,HIDDEN_404,content_uniqueness_hold|decisionScore=100|words=3900|quality_not_launch_ready,thin (1),sparse,product:body-glide-original,uniqueness_duplicative,Body Glide Original Anti-Chafe Balm Review
P0,NEEDS_UNIQUE_REWRITE,review,running,bose-ultra-open-earbuds,/reviews/bose-ultra-open-earbuds,published,DUPLICATIVE,DUPLICATIVE,HIDDEN_404,content_uniqueness_hold|decisionScore=100|words=3900|quality_not_launch_ready,thin (1),alts:2|comps:1,product:bose-ultra-open-earbuds,uniqueness_duplicative,Bose Ultra Open Earbuds Review
P0,NEEDS_UNIQUE_REWRITE,review,running,brazyn-morph,/reviews/brazyn-morph,published,DUPLICATIVE,DUPLICATIVE,HIDDEN_404,content_uniqueness_hold|decisionScore=100|words=3918|quality_not_launch_ready,thin (1),alts:3,product:brazyn-morph,uniqueness_duplicative,Brazyn Morph Collapsible Foam Roller Review
P0,NEEDS_UNIQUE_REWRITE,review,running,brooks-canopy-jacket-men,/reviews/brooks-canopy-jacket-men,published,DUPLICATIVE,DUPLICATIVE,HIDDEN_404,content_uniqueness_hold|decisionScore=100|words=3918|quality_not_launch_ready,moderate (2),alts:3,product:brooks-canopy-jacket-men,uniqueness_duplicative,Brooks Canopy Jacket (Men) Review
P0,NEEDS_UNIQUE_REWRITE,review,running,brooks-cascadia-18,/reviews/brooks-cascadia-18,published,DUPLICATIVE,DUPLICATIVE,HIDDEN_404,content_uniqueness_hold|decisionScore=100|words=4007|quality_not_launch_ready,moderate (2),alts:4,product:brooks-cascadia-18,uniqueness_duplicative,Brooks Cascadia 18 Review
P0,NEEDS_UNIQUE_REWRITE,review,running,brooks-chaser-5-women,/reviews/brooks-chaser-5-women,published,DUPLICATIVE,DUPLICATIVE,HIDDEN_404,content_uniqueness_hold|decisionScore=100|words=4036|quality_not_launch_ready,thin (1),alts:3,product:brooks-chaser-5-women,uniqueness_duplicative,"Brooks Chaser 5"" Short Tight (Women) Review"
P0,NEEDS_UNIQUE_REWRITE,review,running,brooks-ghost-16,/reviews/brooks-ghost-16,published,DUPLICATIVE,DUPLICATIVE,HIDDEN_404,content_uniqueness_hold|decisionScore=100|words=3873|quality_not_launch_ready,moderate (2),alts:2|comps:1,product:brooks-ghost-16,uniqueness_duplicative,Brooks Ghost 16 Review
P0,NEEDS_UNIQUE_REWRITE,review,running,brooks-glycerin-21,/reviews/brooks-glycerin-21,published,DUPLICATIVE,DUPLICATIVE,HIDDEN_404,content_uniqueness_hold|decisionScore=100|words=3977|quality_not_launch_ready,moderate (2),alts:1,product:brooks-glycerin-21,uniqueness_duplicative,Brooks Glycerin 21 Review
P0,NEEDS_UNIQUE_REWRITE,review,running,brooks-glycerin-gts-22,/reviews/brooks-glycerin-gts-22,published,DUPLICATIVE,DUPLICATIVE,HIDDEN_404,content_uniqueness_hold|decisionScore=100|words=3953|quality_not_launch_ready,moderate (2),alts:4,product:brooks-glycerin-gts-22,uniqueness_duplicative,Brooks Glycerin GTS 22 Review
P0,NEEDS_UNIQUE_REWRITE,review,running,brooks-hyperion-max-2,/reviews/brooks-hyperion-max-2,published,DUPLICATIVE,DUPLICATIVE,HIDDEN_404,content_uniqueness_hold|decisionScore=100|words=3914|quality_not_launch_ready,moderate (2),alts:3,product:brooks-hyperion-max-2,uniqueness_duplicative,Brooks Hyperion Max 2 Review
P0,NEEDS_UNIQUE_REWRITE,review,running,brooks-method-tight-women,/reviews/brooks-method-tight-women,published,DUPLICATIVE,DUPLICATIVE,HIDDEN_404,content_uniqueness_hold|decisionScore=100|words=3897|quality_not_launch_ready,thin (1),alts:3,product:brooks-method-tight-women,uniqueness_duplicative,Brooks Method 7/8 Tight (Women) Review
P0,NEEDS_UNIQUE_REWRITE,review,running,brooks-notch-thermal-beanie,/reviews/brooks-notch-thermal-beanie,published,DUPLICATIVE,DUPLICATIVE,HIDDEN_404,content_uniqueness_hold|decisionScore=100|words=3970|quality_not_launch_ready,moderate (2),alts:2,product:brooks-notch-thermal-beanie,uniqueness_duplicative,Brooks Notch Thermal Beanie Review
P0,NEEDS_UNIQUE_REWRITE,review,running,brooks-notch-thermal-men,/reviews/brooks-notch-thermal-men,published,DUPLICATIVE,DUPLICATIVE,HIDDEN_404,content_uniqueness_hold|decisionScore=100|words=3946|quality_not_launch_ready,moderate (2),alts:3,product:brooks-notch-thermal-men,uniqueness_duplicative,Brooks Notch Thermal Hoodie (Men) Review
P0,NEEDS_UNIQUE_REWRITE,review,running,brooks-sherpa-7-men,/reviews/brooks-sherpa-7-men,published,DUPLICATIVE,DUPLICATIVE,HIDDEN_404,content_uniqueness_hold|decisionScore=100|words=3909|quality_not_launch_ready,thin (1),alts:3,product:brooks-sherpa-7-men,uniqueness_duplicative,"Brooks Sherpa 7"" 2-in-1 Short (Men) Review"
P0,NEEDS_UNIQUE_REWRITE,review,running,buff-coolnet-uv,/reviews/buff-coolnet-uv,published,DUPLICATIVE,DUPLICATIVE,HIDDEN_404,content_uniqueness_hold|decisionScore=100|words=4016|quality_not_launch_ready,moderate (2),alts:2,product:buff-coolnet-uv,uniqueness_duplicative,BUFF CoolNet UV+ Multifunctional Neckwear Review
P0,NEEDS_UNIQUE_REWRITE,review,running,buff-merino-lightweight,/reviews/buff-merino-lightweight,published,DUPLICATIVE,DUPLICATIVE,HIDDEN_404,content_uniqueness_hold|decisionScore=100|words=3907|quality_not_launch_ready,moderate (2),alts:2,product:buff-merino-lightweight,uniqueness_duplicative,BUFF Lightweight Merino Wool Multifunctional Neckwear Review
P0,NEEDS_UNIQUE_REWRITE,review,running,buff-original,/reviews/buff-original,published,DUPLICATIVE,DUPLICATIVE,HIDDEN_404,content_uniqueness_hold|decisionScore=100|words=3915|quality_not_launch_ready,moderate (2),alts:3,product:buff-original,uniqueness_duplicative,Buff Original Multifunctional Headwear Review
P0,NEEDS_UNIQUE_REWRITE,review,running,buff-polar,/reviews/buff-polar,published,DUPLICATIVE,DUPLICATIVE,HIDDEN_404,content_uniqueness_hold|decisionScore=100|words=4048|quality_not_launch_ready,moderate (2),alts:3,product:buff-polar,uniqueness_duplicative,BUFF Polar Multifunctional Neckwear Review
P0,NEEDS_UNIQUE_REWRITE,review,running,camelbak-apex-pro,/reviews/camelbak-apex-pro,published,DUPLICATIVE,DUPLICATIVE,HIDDEN_404,content_uniqueness_hold|decisionScore=100|words=4040|quality_not_launch_ready,moderate (2),alts:4|comps:1,product:camelbak-apex-pro,uniqueness_duplicative,CamelBak Apex Pro Run Vest Review
P0,NEEDS_UNIQUE_REWRITE,review,running,camelbak-circuit-run-vest,/reviews/camelbak-circuit-run-vest,published,DUPLICATIVE,DUPLICATIVE,HIDDEN_404,content_uniqueness_hold|decisionScore=100|words=3931|quality_not_launch_ready,moderate (2),alts:4,product:camelbak-circuit-run-vest,uniqueness_duplicative,CamelBak Circuit Run Vest Review
P0,NEEDS_UNIQUE_REWRITE,review,running,camelbak-crux-15,/reviews/camelbak-crux-15,published,DUPLICATIVE,DUPLICATIVE,HIDDEN_404,content_uniqueness_hold|decisionScore=100|words=4058|quality_not_launch_ready,moderate (2),alts:4,product:camelbak-crux-15,uniqueness_duplicative,CamelBak Crux 1.5L Reservoir Review
P0,NEEDS_UNIQUE_REWRITE,review,running,camelbak-quick-grip-chill,/reviews/camelbak-quick-grip-chill,published,DUPLICATIVE,DUPLICATIVE,HIDDEN_404,content_uniqueness_hold|decisionScore=100|words=4039|quality_not_launch_ready,thin (1),alts:3,product:camelbak-quick-grip-chill,uniqueness_duplicative,CamelBak Quick Grip Chill Handheld Review
P0,NEEDS_UNIQUE_REWRITE,review,running,camelbak-zephyr,/reviews/camelbak-zephyr,published,DUPLICATIVE,DUPLICATIVE,HIDDEN_404,content_uniqueness_hold|decisionScore=100|words=3954|quality_not_launch_ready,thin (1),alts:3,product:camelbak-zephyr,uniqueness_duplicative,CamelBak Zephyr Review
P0,NEEDS_UNIQUE_REWRITE,review,running,camelbak-zephyr-pro,/reviews/camelbak-zephyr-pro,published,DUPLICATIVE,DUPLICATIVE,HIDDEN_404,content_uniqueness_hold|decisionScore=100|words=4060|quality_not_launch_ready,thin (1),alts:3,product:camelbak-zephyr-pro,uniqueness_duplicative,CamelBak Zephyr Pro Review
P0,NEEDS_UNIQUE_REWRITE,review,running,cep-calf-sleeves-3,/reviews/cep-calf-sleeves-3,published,DUPLICATIVE,DUPLICATIVE,HIDDEN_404,content_uniqueness_hold|decisionScore=100|words=3916|quality_not_launch_ready,thin (1),alts:1,product:cep-calf-sleeves-3,uniqueness_duplicative,CEP Calf Sleeves 3.0 Review
P0,NEEDS_UNIQUE_REWRITE,review,running,cep-run-compression-sock-3,/reviews/cep-run-compression-sock-3,published,DUPLICATIVE,DUPLICATIVE,HIDDEN_404,content_uniqueness_hold|decisionScore=100|words=3991|quality_not_launch_ready,thin (1),alts:2,product:cep-run-compression-sock-3,uniqueness_duplicative,CEP Run Compression Sock 3.0 Review
P0,NEEDS_UNIQUE_REWRITE,review,running,cep-the-run-calf-sleeves,/reviews/cep-the-run-calf-sleeves,published,DUPLICATIVE,DUPLICATIVE,HIDDEN_404,content_uniqueness_hold|decisionScore=100|words=3939|quality_not_launch_ready,thin (1),alts:3,product:cep-the-run-calf-sleeves,uniqueness_duplicative,CEP The Run Calf Sleeves Review
P0,NEEDS_UNIQUE_REWRITE,review,running,ciele-gocap-athletics,/reviews/ciele-gocap-athletics,published,DUPLICATIVE,DUPLICATIVE,HIDDEN_404,content_uniqueness_hold|decisionScore=100|words=3956|quality_not_launch_ready,thin (1),alts:1,product:ciele-gocap-athletics,uniqueness_duplicative,Ciele GOCap Athletics Review
P0,NEEDS_UNIQUE_REWRITE,review,running,clif-bar-original,/reviews/clif-bar-original,published,DUPLICATIVE,DUPLICATIVE,HIDDEN_404,content_uniqueness_hold|decisionScore=100|words=4027|quality_not_launch_ready,moderate (2),alts:3,product:clif-bar-original,uniqueness_duplicative,CLIF Bar Original Review
P0,NEEDS_UNIQUE_REWRITE,review,running,clif-bloks-energy-chews,/reviews/clif-bloks-energy-chews,published,DUPLICATIVE,DUPLICATIVE,HIDDEN_404,content_uniqueness_hold|decisionScore=100|words=4086|quality_not_launch_ready,moderate (2),alts:3,product:clif-bloks-energy-chews,uniqueness_duplicative,CLIF BLOKS Energy Chews Review
P0,NEEDS_UNIQUE_REWRITE,review,running,compressport-free-belt-pro,/reviews/compressport-free-belt-pro,published,DUPLICATIVE,DUPLICATIVE,HIDDEN_404,content_uniqueness_hold|decisionScore=100|words=3951|quality_not_launch_ready,thin (1),alts:3,product:compressport-free-belt-pro,uniqueness_duplicative,Compressport Free Belt Pro Review
P0,NEEDS_UNIQUE_REWRITE,review,running,compressport-ultrun-s-pack,/reviews/compressport-ultrun-s-pack,published,DUPLICATIVE,DUPLICATIVE,HIDDEN_404,content_uniqueness_hold|decisionScore=100|words=4039|quality_not_launch_ready,thin (1),alts:3,product:compressport-ultrun-s-pack,uniqueness_duplicative,Compressport Ultrun S Pack Review
P0,NEEDS_UNIQUE_REWRITE,review,running,coros-apex-2-pro,/reviews/coros-apex-2-pro,published,DUPLICATIVE,DUPLICATIVE,HIDDEN_404,content_uniqueness_hold|decisionScore=100|words=3954|quality_not_launch_ready,moderate (2),alts:3,product:coros-apex-2-pro,uniqueness_duplicative,COROS Apex 2 Pro Review
P0,NEEDS_UNIQUE_REWRITE,review,running,coros-heart-rate-monitor,/reviews/coros-heart-rate-monitor,published,DUPLICATIVE,DUPLICATIVE,HIDDEN_404,content_uniqueness_hold|decisionScore=100|words=3981|quality_not_launch_ready,moderate (2),alts:3|comps:1,product:coros-heart-rate-monitor,uniqueness_duplicative,COROS Heart Rate Monitor Review
P0,NEEDS_UNIQUE_REWRITE,review,running,coros-pace-pro,/reviews/coros-pace-pro,published,DUPLICATIVE,DUPLICATIVE,HIDDEN_404,content_uniqueness_hold|decisionScore=100|words=4029|quality_not_launch_ready,moderate (2),alts:4|comps:2,product:coros-pace-pro,uniqueness_duplicative,COROS Pace Pro Review
P0,NEEDS_UNIQUE_REWRITE,review,running,craft-active-extreme-x-men,/reviews/craft-active-extreme-x-men,published,DUPLICATIVE,DUPLICATIVE,HIDDEN_404,content_uniqueness_hold|decisionScore=100|words=3917|quality_not_launch_ready,moderate (2),alts:3,product:craft-active-extreme-x-men,uniqueness_duplicative,Craft Active Extreme X Windstop (Men) Review
P0,NEEDS_UNIQUE_REWRITE,review,running,craft-adv-essence-light-wind-men,/reviews/craft-adv-essence-light-wind-men,published,DUPLICATIVE,DUPLICATIVE,HIDDEN_404,content_uniqueness_hold|decisionScore=100|words=3983|quality_not_launch_ready,moderate (2),alts:3,product:craft-adv-essence-light-wind-men,uniqueness_duplicative,Craft ADV Essence Light Wind Jacket (Men) Review
P0,NEEDS_UNIQUE_REWRITE,review,running,craft-adv-essence-light-wind-vest-men,/reviews/craft-adv-essence-light-wind-vest-men,published,DUPLICATIVE,DUPLICATIVE,HIDDEN_404,content_uniqueness_hold|decisionScore=100|words=4041|quality_not_launch_ready,moderate (2),alts:3,product:craft-adv-essence-light-wind-vest-men,uniqueness_duplicative,Craft ADV Essence Light Wind Vest (Men) Review
P0,NEEDS_UNIQUE_REWRITE,review,running,craft-adv-essence-short,/reviews/craft-adv-essence-short,published,DUPLICATIVE,DUPLICATIVE,HIDDEN_404,content_uniqueness_hold|decisionScore=100|words=3942|quality_not_launch_ready,moderate (2),alts:3,product:craft-adv-essence-short,uniqueness_duplicative,Craft ADV Essence Short Review
P0,NEEDS_UNIQUE_REWRITE,review,running,craft-adv-essence-tight-men,/reviews/craft-adv-essence-tight-men,published,DUPLICATIVE,DUPLICATIVE,HIDDEN_404,content_uniqueness_hold|decisionScore=100|words=4030|quality_not_launch_ready,moderate (2),alts:3,product:craft-adv-essence-tight-men,uniqueness_duplicative,Craft ADV Essence Tights (Men) Review
P0,NEEDS_UNIQUE_REWRITE,review,running,craft-adv-lumen-glove,/reviews/craft-adv-lumen-glove,published,DUPLICATIVE,DUPLICATIVE,HIDDEN_404,content_uniqueness_hold|decisionScore=100|words=4016|quality_not_launch_ready,moderate (2),alts:2,product:craft-adv-lumen-glove,uniqueness_duplicative,Craft ADV Lumen Fleece Glove Review
P0,NEEDS_UNIQUE_REWRITE,review,running,darn-tough-run-1-4,/reviews/darn-tough-run-1-4,published,DUPLICATIVE,DUPLICATIVE,HIDDEN_404,content_uniqueness_hold|decisionScore=100|words=3978|quality_not_launch_ready,moderate (2),alts:4|comps:1,product:darn-tough-run-1-4,uniqueness_duplicative,Darn Tough Run 1/4 Ultra-Lightweight Review
P0,NEEDS_UNIQUE_REWRITE,review,running,drymax-run-lite-mesh,/reviews/drymax-run-lite-mesh,published,DUPLICATIVE,DUPLICATIVE,HIDDEN_404,content_uniqueness_hold|decisionScore=100|words=3975|quality_not_launch_ready,thin (1),alts:3,product:drymax-run-lite-mesh,uniqueness_duplicative,Drymax Run Lite-Mesh Review
P0,NEEDS_UNIQUE_REWRITE,review,running,enervit-c2-1-carbo-gel,/reviews/enervit-c2-1-carbo-gel,published,DUPLICATIVE,DUPLICATIVE,HIDDEN_404,content_uniqueness_hold|decisionScore=100|words=3931|quality_not_launch_ready,moderate (2),alts:3,product:enervit-c2-1-carbo-gel,uniqueness_duplicative,Enervit C2:1 Carbo Gel Review
P0,NEEDS_UNIQUE_REWRITE,review,running,fitletic-fully-loaded,/reviews/fitletic-fully-loaded,published,DUPLICATIVE,DUPLICATIVE,HIDDEN_404,content_uniqueness_hold|decisionScore=100|words=3913|quality_not_launch_ready,thin (1),alts:3,product:fitletic-fully-loaded,uniqueness_duplicative,Fitletic Fully Loaded Running Belt Review
P0,NEEDS_UNIQUE_REWRITE,review,running,flipbelt-classic,/reviews/flipbelt-classic,published,DUPLICATIVE,DUPLICATIVE,HIDDEN_404,content_uniqueness_hold|decisionScore=100|words=3886|quality_not_launch_ready,thin (1),alts:2|comps:1,product:flipbelt-classic,uniqueness_duplicative,FlipBelt Classic Review
P0,NEEDS_UNIQUE_REWRITE,review,running,garmin-forerunner-165,/reviews/garmin-forerunner-165,published,DUPLICATIVE,DUPLICATIVE,HIDDEN_404,content_uniqueness_hold|decisionScore=100|words=3950|quality_not_launch_ready,moderate (2),alts:3|comps:2,product:garmin-forerunner-165,uniqueness_duplicative,Garmin Forerunner 165 Review
P0,NEEDS_UNIQUE_REWRITE,review,running,garmin-forerunner-255,/reviews/garmin-forerunner-255,published,DUPLICATIVE,DUPLICATIVE,HIDDEN_404,content_uniqueness_hold|decisionScore=100|words=3912|quality_not_launch_ready,moderate (2),alts:2,product:garmin-forerunner-255,uniqueness_duplicative,Garmin Forerunner 255 Review
P0,NEEDS_UNIQUE_REWRITE,review,running,garmin-forerunner-265,/reviews/garmin-forerunner-265,published,DUPLICATIVE,DUPLICATIVE,HIDDEN_404,content_uniqueness_hold|decisionScore=100|words=3965|quality_not_launch_ready,moderate (2),alts:2,product:garmin-forerunner-265,uniqueness_duplicative,Garmin Forerunner 265 Review
P0,NEEDS_UNIQUE_REWRITE,review,running,garmin-forerunner-55,/reviews/garmin-forerunner-55,published,DUPLICATIVE,DUPLICATIVE,HIDDEN_404,content_uniqueness_hold|decisionScore=100|words=3954|quality_not_launch_ready,moderate (2),alts:1,product:garmin-forerunner-55,uniqueness_duplicative,Garmin Forerunner 55 Review
P0,NEEDS_UNIQUE_REWRITE,review,running,garmin-forerunner-570,/reviews/garmin-forerunner-570,published,DUPLICATIVE,DUPLICATIVE,HIDDEN_404,content_uniqueness_hold|decisionScore=100|words=3927|quality_not_launch_ready,moderate (2),alts:4,product:garmin-forerunner-570,uniqueness_duplicative,Garmin Forerunner 570 Review
P0,NEEDS_UNIQUE_REWRITE,review,running,garmin-forerunner-965,/reviews/garmin-forerunner-965,published,DUPLICATIVE,DUPLICATIVE,HIDDEN_404,content_uniqueness_hold|decisionScore=100|words=3940|quality_not_launch_ready,moderate (2),alts:2|comps:1,product:garmin-forerunner-965,uniqueness_duplicative,Garmin Forerunner 965 Review
P0,NEEDS_UNIQUE_REWRITE,review,running,garmin-hrm-200,/reviews/garmin-hrm-200,published,DUPLICATIVE,DUPLICATIVE,HIDDEN_404,content_uniqueness_hold|decisionScore=100|words=3927|quality_not_launch_ready,moderate (2),alts:4,product:garmin-hrm-200,uniqueness_duplicative,Garmin HRM 200 Review
P0,NEEDS_UNIQUE_REWRITE,review,running,garmin-hrm-fit,/reviews/garmin-hrm-fit,published,DUPLICATIVE,DUPLICATIVE,HIDDEN_404,content_uniqueness_hold|decisionScore=100|words=3969|quality_not_launch_ready,moderate (2),alts:4,product:garmin-hrm-fit,uniqueness_duplicative,Garmin HRM-Fit Review
P0,NEEDS_UNIQUE_REWRITE,review,running,garmin-hrm-pro-plus,/reviews/garmin-hrm-pro-plus,published,DUPLICATIVE,DUPLICATIVE,HIDDEN_404,content_uniqueness_hold|decisionScore=100|words=3956|quality_not_launch_ready,moderate (2),alts:4|comps:2,product:garmin-hrm-pro-plus,uniqueness_duplicative,Garmin HRM-Pro Plus Review
P0,NEEDS_UNIQUE_REWRITE,review,running,goodr-circle-gs,/reviews/goodr-circle-gs,published,DUPLICATIVE,DUPLICATIVE,HIDDEN_404,content_uniqueness_hold|decisionScore=100|words=3913|quality_not_launch_ready,moderate (2),alts:3,product:goodr-circle-gs,uniqueness_duplicative,Goodr Circle Gs Review
P0,NEEDS_UNIQUE_REWRITE,review,running,goodr-ogs,/reviews/goodr-ogs,published,DUPLICATIVE,DUPLICATIVE,HIDDEN_404,content_uniqueness_hold|decisionScore=100|words=3979|quality_not_launch_ready,moderate (2),alts:3,product:goodr-ogs,uniqueness_duplicative,Goodr OGs Review
P0,NEEDS_UNIQUE_REWRITE,review,running,gu-energy-chews,/reviews/gu-energy-chews,published,DUPLICATIVE,DUPLICATIVE,HIDDEN_404,content_uniqueness_hold|decisionScore=100|words=3943|quality_not_launch_ready,moderate (2),alts:3,product:gu-energy-chews,uniqueness_duplicative,GU Energy Chews Review
P0,NEEDS_UNIQUE_REWRITE,review,running,gu-energy-gel,/reviews/gu-energy-gel,published,DUPLICATIVE,DUPLICATIVE,HIDDEN_404,content_uniqueness_hold|decisionScore=100|words=3957|quality_not_launch_ready,moderate (2),alts:3,product:gu-energy-gel,uniqueness_duplicative,GU Energy Gel Review
P0,NEEDS_UNIQUE_REWRITE,review,running,gu-roctane-gel,/reviews/gu-roctane-gel,published,DUPLICATIVE,DUPLICATIVE,HIDDEN_404,content_uniqueness_hold|decisionScore=100|words=4040|quality_not_launch_ready,moderate (2),alts:3,product:gu-roctane-gel,uniqueness_duplicative,GU Roctane Energy Gel Review
P0,NEEDS_UNIQUE_REWRITE,review,running,high5-energy-gel,/reviews/high5-energy-gel,published,DUPLICATIVE,DUPLICATIVE,HIDDEN_404,content_uniqueness_hold|decisionScore=100|words=4013|quality_not_launch_ready,moderate (2),alts:3,product:high5-energy-gel,uniqueness_duplicative,High5 Energy Gel Review
P0,NEEDS_UNIQUE_REWRITE,review,running,high5-zero,/reviews/high5-zero,published,DUPLICATIVE,DUPLICATIVE,HIDDEN_404,content_uniqueness_hold|decisionScore=100|words=3980|quality_not_launch_ready,moderate (2),alts:3,product:high5-zero,uniqueness_duplicative,High5 ZERO Electrolyte Tablets Review
P0,NEEDS_UNIQUE_REWRITE,review,running,hoka-arahi-7,/reviews/hoka-arahi-7,published,DUPLICATIVE,DUPLICATIVE,HIDDEN_404,content_uniqueness_hold|decisionScore=100|words=3901|quality_not_launch_ready,moderate (2),alts:4,product:hoka-arahi-7,uniqueness_duplicative,HOKA Arahi 7 Review
P0,NEEDS_UNIQUE_REWRITE,review,running,hoka-bondi-8,/reviews/hoka-bondi-8,published,DUPLICATIVE,DUPLICATIVE,HIDDEN_404,content_uniqueness_hold|decisionScore=100|words=3892|quality_not_launch_ready,moderate (2),alts:1,product:hoka-bondi-8,uniqueness_duplicative,HOKA Bondi 8 Review
P0,NEEDS_UNIQUE_REWRITE,review,running,hoka-clifton-9,/reviews/hoka-clifton-9,published,DUPLICATIVE,DUPLICATIVE,HIDDEN_404,content_uniqueness_hold|decisionScore=100|words=3906|quality_not_launch_ready,moderate (2),alts:2,product:hoka-clifton-9,uniqueness_duplicative,HOKA Clifton 9 Review
P0,NEEDS_UNIQUE_REWRITE,review,running,hoka-clifton-pro,/reviews/hoka-clifton-pro,published,DUPLICATIVE,DUPLICATIVE,HIDDEN_404,content_uniqueness_hold|decisionScore=100|words=3926|quality_not_launch_ready,moderate (2),alts:2,product:hoka-clifton-pro,uniqueness_duplicative,HOKA Clifton Pro Review
P0,NEEDS_UNIQUE_REWRITE,review,running,hoka-gaviota-5,/reviews/hoka-gaviota-5,published,DUPLICATIVE,DUPLICATIVE,HIDDEN_404,content_uniqueness_hold|decisionScore=100|words=3937|quality_not_launch_ready,moderate (2),alts:4,product:hoka-gaviota-5,uniqueness_duplicative,HOKA Gaviota 5 Review
P0,NEEDS_UNIQUE_REWRITE,review,running,hoka-mach-6,/reviews/hoka-mach-6,published,DUPLICATIVE,DUPLICATIVE,HIDDEN_404,content_uniqueness_hold|decisionScore=100|words=4009|quality_not_launch_ready,moderate (2),alts:3,product:hoka-mach-6,uniqueness_duplicative,HOKA Mach 6 Review
P0,NEEDS_UNIQUE_REWRITE,review,running,honey-stinger-organic-energy-gel,/reviews/honey-stinger-organic-energy-gel,published,DUPLICATIVE,DUPLICATIVE,HIDDEN_404,content_uniqueness_hold|decisionScore=100|words=3969|quality_not_launch_ready,moderate (2),alts:3,product:honey-stinger-organic-energy-gel,uniqueness_duplicative,Honey Stinger Organic Energy Gel Review
P0,NEEDS_UNIQUE_REWRITE,review,running,huma-gel-original,/reviews/huma-gel-original,published,DUPLICATIVE,DUPLICATIVE,HIDDEN_404,content_uniqueness_hold|decisionScore=100|words=4006|quality_not_launch_ready,moderate (2),alts:3,product:huma-gel-original,uniqueness_duplicative,Hüma Original Energy Gel Review
P0,NEEDS_UNIQUE_REWRITE,review,running,hydrapak-contour-2l,/reviews/hydrapak-contour-2l,published,DUPLICATIVE,DUPLICATIVE,HIDDEN_404,content_uniqueness_hold|decisionScore=100|words=3989|quality_not_launch_ready,thin (1),alts:3,product:hydrapak-contour-2l,uniqueness_duplicative,HydraPak Contour 2L Soft Reservoir Review
P0,NEEDS_UNIQUE_REWRITE,review,running,hydrapak-skyflask-speed-500,/reviews/hydrapak-skyflask-speed-500,published,DUPLICATIVE,DUPLICATIVE,HIDDEN_404,content_uniqueness_hold|decisionScore=100|words=3968|quality_not_launch_ready,moderate (2),alts:4|comps:1,product:hydrapak-skyflask-speed-500,uniqueness_duplicative,HydraPak SkyFlask Speed 500 Review
P0,NEEDS_UNIQUE_REWRITE,review,running,hydrapak-softflask-250,/reviews/hydrapak-softflask-250,published,DUPLICATIVE,DUPLICATIVE,HIDDEN_404,content_uniqueness_hold|decisionScore=100|words=4044|quality_not_launch_ready,moderate (2),alts:4,product:hydrapak-softflask-250,uniqueness_duplicative,HydraPak SoftFlask 250 ml Review
P0,NEEDS_UNIQUE_REWRITE,review,running,hydrapak-softflask-500,/reviews/hydrapak-softflask-500,published,DUPLICATIVE,DUPLICATIVE,HIDDEN_404,content_uniqueness_hold|decisionScore=100|words=3995|quality_not_launch_ready,thin (1),alts:1,product:hydrapak-softflask-500,uniqueness_duplicative,HydraPak SoftFlask 500 ml Review
P0,NEEDS_UNIQUE_REWRITE,review,running,hydrapak-softflask-speed-500,/reviews/hydrapak-softflask-speed-500,published,DUPLICATIVE,DUPLICATIVE,HIDDEN_404,content_uniqueness_hold|decisionScore=100|words=4027|quality_not_launch_ready,moderate (2),alts:4|comps:1,product:hydrapak-softflask-speed-500,uniqueness_duplicative,HydraPak SoftFlask Speed 500 Review
P0,NEEDS_UNIQUE_REWRITE,review,running,hydrapak-tube-kit,/reviews/hydrapak-tube-kit,published,DUPLICATIVE,DUPLICATIVE,HIDDEN_404,content_uniqueness_hold|decisionScore=100|words=4023|quality_not_launch_ready,thin (1),alts:2,product:hydrapak-tube-kit,uniqueness_duplicative,HydraPak Tube Kit Review
P0,NEEDS_UNIQUE_REWRITE,review,running,hyperice-hypervolt-2,/reviews/hyperice-hypervolt-2,published,DUPLICATIVE,DUPLICATIVE,HIDDEN_404,content_uniqueness_hold|decisionScore=100|words=4033|quality_not_launch_ready,thin (1),alts:3,product:hyperice-hypervolt-2,uniqueness_duplicative,Hyperice Hypervolt 2 Review
P0,NEEDS_UNIQUE_REWRITE,review,running,hyperice-hypervolt-go-2,/reviews/hyperice-hypervolt-go-2,published,DUPLICATIVE,DUPLICATIVE,HIDDEN_404,content_uniqueness_hold|decisionScore=100|words=3939|quality_not_launch_ready,thin (1),alts:2|comps:1,product:hyperice-hypervolt-go-2,uniqueness_duplicative,Hyperice Hypervolt Go 2 Review
P0,NEEDS_UNIQUE_REWRITE,review,running,hyperice-normatec-3,/reviews/hyperice-normatec-3,published,DUPLICATIVE,DUPLICATIVE,HIDDEN_404,content_uniqueness_hold|decisionScore=100|words=3950|quality_not_launch_ready,thin (1),alts:2,product:hyperice-normatec-3,uniqueness_duplicative,Hyperice Normatec 3 Review
P0,NEEDS_UNIQUE_REWRITE,review,running,hyperice-normatec-go,/reviews/hyperice-normatec-go,published,DUPLICATIVE,DUPLICATIVE,HIDDEN_404,content_uniqueness_hold|decisionScore=100|words=3975|quality_not_launch_ready,moderate (2),alts:4|comps:1,product:hyperice-normatec-go,uniqueness_duplicative,Hyperice Normatec Go Review
P0,NEEDS_UNIQUE_REWRITE,review,running,hyperice-vyper-3,/reviews/hyperice-vyper-3,published,DUPLICATIVE,DUPLICATIVE,HIDDEN_404,content_uniqueness_hold|decisionScore=100|words=4058|quality_not_launch_ready,thin (1),alts:3,product:hyperice-vyper-3,uniqueness_duplicative,Hyperice Vyper 3 Review
P0,NEEDS_UNIQUE_REWRITE,review,running,injinji-run-midweight,/reviews/injinji-run-midweight,published,DUPLICATIVE,DUPLICATIVE,HIDDEN_404,content_uniqueness_hold|decisionScore=100|words=3899|quality_not_launch_ready,thin (1),alts:2,product:injinji-run-midweight,uniqueness_duplicative,Injinji Run Midweight Review
P0,NEEDS_UNIQUE_REWRITE,review,running,inov8-trailfly-ultra-g-300-max,/reviews/inov8-trailfly-ultra-g-300-max,published,DUPLICATIVE,DUPLICATIVE,HIDDEN_404,content_uniqueness_hold|decisionScore=100|words=3921|quality_not_launch_ready,moderate (2),alts:3,product:inov8-trailfly-ultra-g-300-max,uniqueness_duplicative,Inov8 Trailfly Ultra G 300 Max Review
P0,NEEDS_UNIQUE_REWRITE,review,running,janji-multi-short-men,/reviews/janji-multi-short-men,published,DUPLICATIVE,DUPLICATIVE,HIDDEN_404,content_uniqueness_hold|decisionScore=100|words=4058|quality_not_launch_ready,moderate (2),alts:4|comps:1,product:janji-multi-short-men,uniqueness_duplicative,"Janji Multi Short 2-in-1 7"" (Men) Review"
P0,NEEDS_UNIQUE_REWRITE,review,running,janji-pace-short-women,/reviews/janji-pace-short-women,published,DUPLICATIVE,DUPLICATIVE,HIDDEN_404,content_uniqueness_hold|decisionScore=100|words=3946|quality_not_launch_ready,moderate (2),alts:4|comps:1,product:janji-pace-short-women,uniqueness_duplicative,"Janji Pace Short 5"" (Women) Review"
P0,NEEDS_UNIQUE_REWRITE,review,running,janji-rainrunner-men,/reviews/janji-rainrunner-men,published,DUPLICATIVE,DUPLICATIVE,HIDDEN_404,content_uniqueness_hold|decisionScore=100|words=4015|quality_not_launch_ready,moderate (2),alts:3,product:janji-rainrunner-men,uniqueness_duplicative,Janji Rainrunner Jacket (Men) Review
P0,NEEDS_UNIQUE_REWRITE,review,running,janji-run-tee-men,/reviews/janji-run-tee-men,published,DUPLICATIVE,DUPLICATIVE,HIDDEN_404,content_uniqueness_hold|decisionScore=100|words=3924|quality_not_launch_ready,moderate (2),alts:3,product:janji-run-tee-men,uniqueness_duplicative,Janji Run Tee / AFO Tee (Men) Review
P0,NEEDS_UNIQUE_REWRITE,review,running,julbo-aerolite,/reviews/julbo-aerolite,published,DUPLICATIVE,DUPLICATIVE,HIDDEN_404,content_uniqueness_hold|decisionScore=100|words=3933|quality_not_launch_ready,moderate (2),alts:3,product:julbo-aerolite,uniqueness_duplicative,Julbo Aerolite Review
P0,NEEDS_UNIQUE_REWRITE,review,running,julbo-rush,/reviews/julbo-rush,published,DUPLICATIVE,DUPLICATIVE,HIDDEN_404,content_uniqueness_hold|decisionScore=100|words=3969|quality_not_launch_ready,moderate (2),alts:3,product:julbo-rush,uniqueness_duplicative,Julbo Rush Review
P0,NEEDS_UNIQUE_REWRITE,review,running,julbo-ultimate,/reviews/julbo-ultimate,published,DUPLICATIVE,DUPLICATIVE,HIDDEN_404,content_uniqueness_hold|decisionScore=100|words=4058|quality_not_launch_ready,thin (1),alts:3,product:julbo-ultimate,uniqueness_duplicative,Julbo Ultimate Review
P0,NEEDS_UNIQUE_REWRITE,review,running,kiprun-running-belt,/reviews/kiprun-running-belt,published,DUPLICATIVE,DUPLICATIVE,HIDDEN_404,content_uniqueness_hold|decisionScore=100|words=3943|quality_not_launch_ready,thin (1),alts:3,product:kiprun-running-belt,uniqueness_duplicative,Kiprun Running Belt Review
P0,NEEDS_UNIQUE_REWRITE,review,running,ledlenser-neo9r,/reviews/ledlenser-neo9r,published,DUPLICATIVE,DUPLICATIVE,HIDDEN_404,content_uniqueness_hold|decisionScore=100|words=3997|quality_not_launch_ready,thin (1),alts:3,product:ledlenser-neo9r,uniqueness_duplicative,Ledlenser NEO9R Review
P0,NEEDS_UNIQUE_REWRITE,review,running,maurten-drink-mix-160,/reviews/maurten-drink-mix-160,published,DUPLICATIVE,DUPLICATIVE,HIDDEN_404,content_uniqueness_hold|decisionScore=100|words=4042|quality_not_launch_ready,thin (1),alts:3,product:maurten-drink-mix-160,uniqueness_duplicative,Maurten Drink Mix 160 Review
P0,NEEDS_UNIQUE_REWRITE,review,running,maurten-drink-mix-320,/reviews/maurten-drink-mix-320,published,DUPLICATIVE,DUPLICATIVE,HIDDEN_404,content_uniqueness_hold|decisionScore=100|words=4016|quality_not_launch_ready,thin (1),alts:3,product:maurten-drink-mix-320,uniqueness_duplicative,Maurten Drink Mix 320 Review
P0,NEEDS_UNIQUE_REWRITE,review,running,maurten-gel-100,/reviews/maurten-gel-100,published,DUPLICATIVE,DUPLICATIVE,HIDDEN_404,content_uniqueness_hold|decisionScore=100|words=4052|quality_not_launch_ready,thin (1),alts:3,product:maurten-gel-100,uniqueness_duplicative,Maurten Gel 100 Review
P0,NEEDS_UNIQUE_REWRITE,review,running,maurten-gel-100-caf-100,/reviews/maurten-gel-100-caf-100,published,DUPLICATIVE,DUPLICATIVE,HIDDEN_404,content_uniqueness_hold|decisionScore=100|words=4047|quality_not_launch_ready,thin (1),alts:3,product:maurten-gel-100-caf-100,uniqueness_duplicative,Maurten Gel 100 Caf 100 Review
P0,NEEDS_UNIQUE_REWRITE,review,running,maurten-gel-160,/reviews/maurten-gel-160,published,DUPLICATIVE,DUPLICATIVE,HIDDEN_404,content_uniqueness_hold|decisionScore=100|words=3967|quality_not_launch_ready,thin (1),alts:3,product:maurten-gel-160,uniqueness_duplicative,Maurten Gel 160 Review
P0,NEEDS_UNIQUE_REWRITE,review,running,mirafit-folding-treadmill,/reviews/mirafit-folding-treadmill,published,DUPLICATIVE,DUPLICATIVE,HIDDEN_404,content_uniqueness_hold|decisionScore=100|words=3958|quality_not_launch_ready,moderate (3),sparse,product:mirafit-folding-treadmill,uniqueness_duplicative,Mirafit Folding Treadmill Review
P0,NEEDS_UNIQUE_REWRITE,review,running,mizuno-wave-rebellion-pro-3,/reviews/mizuno-wave-rebellion-pro-3,published,DUPLICATIVE,DUPLICATIVE,HIDDEN_404,content_uniqueness_hold|decisionScore=100|words=3950|quality_not_launch_ready,moderate (2),alts:4,product:mizuno-wave-rebellion-pro-3,uniqueness_duplicative,Mizuno Wave Rebellion Pro 3 Review
P0,NEEDS_UNIQUE_REWRITE,review,running,mizuno-wave-rider-28,/reviews/mizuno-wave-rider-28,published,DUPLICATIVE,DUPLICATIVE,HIDDEN_404,content_uniqueness_hold|decisionScore=100|words=3966|quality_not_launch_ready,moderate (2),alts:4,product:mizuno-wave-rider-28,uniqueness_duplicative,Mizuno Wave Rider 28 Review
P0,NEEDS_UNIQUE_REWRITE,review,running,naak-ultra-energy-bar,/reviews/naak-ultra-energy-bar,published,DUPLICATIVE,DUPLICATIVE,HIDDEN_404,content_uniqueness_hold|decisionScore=100|words=4101|quality_not_launch_ready,moderate (2),alts:3,product:naak-ultra-energy-bar,uniqueness_duplicative,Näak Ultra Energy Bar Review
P0,NEEDS_UNIQUE_REWRITE,review,running,naak-ultra-energy-drink-mix,/reviews/naak-ultra-energy-drink-mix,published,DUPLICATIVE,DUPLICATIVE,HIDDEN_404,content_uniqueness_hold|decisionScore=100|words=3949|quality_not_launch_ready,moderate (2),alts:3,product:naak-ultra-energy-drink-mix,uniqueness_duplicative,Näak Ultra Energy Drink Mix Review
P0,NEEDS_UNIQUE_REWRITE,review,running,naked-running-band,/reviews/naked-running-band,published,DUPLICATIVE,DUPLICATIVE,HIDDEN_404,content_uniqueness_hold|decisionScore=100|words=3935|quality_not_launch_ready,moderate (2),alts:4|comps:1,product:naked-running-band,uniqueness_duplicative,Naked Running Band Review
P0,NEEDS_UNIQUE_REWRITE,review,running,nathan-exoshot-2,/reviews/nathan-exoshot-2,published,DUPLICATIVE,DUPLICATIVE,HIDDEN_404,content_uniqueness_hold|decisionScore=100|words=3996|quality_not_launch_ready,thin (1),alts:2,product:nathan-exoshot-2,uniqueness_duplicative,Nathan ExoShot 2 Review
P0,NEEDS_UNIQUE_REWRITE,review,running,nathan-lightbender-rx,/reviews/nathan-lightbender-rx,published,DUPLICATIVE,DUPLICATIVE,HIDDEN_404,content_uniqueness_hold|decisionScore=100|words=3979|quality_not_launch_ready,thin (1),alts:3,product:nathan-lightbender-rx,uniqueness_duplicative,Nathan LightBender RX Armband Light Review
P0,NEEDS_UNIQUE_REWRITE,review,running,nathan-mirage-pak,/reviews/nathan-mirage-pak,published,DUPLICATIVE,DUPLICATIVE,HIDDEN_404,content_uniqueness_hold|decisionScore=100|words=3938|quality_not_launch_ready,thin (1),alts:2,product:nathan-mirage-pak,uniqueness_duplicative,Nathan Mirage Pak Review
P0,NEEDS_UNIQUE_REWRITE,review,running,nathan-peak-hydration-waist-pack,/reviews/nathan-peak-hydration-waist-pack,published,DUPLICATIVE,DUPLICATIVE,HIDDEN_404,content_uniqueness_hold|decisionScore=100|words=4048|quality_not_launch_ready,moderate (2),alts:4|comps:1,product:nathan-peak-hydration-waist-pack,uniqueness_duplicative,Nathan Peak Hydration Waist Pack Review
P0,NEEDS_UNIQUE_REWRITE,review,running,nathan-pinnacle-12,/reviews/nathan-pinnacle-12,published,DUPLICATIVE,DUPLICATIVE,HIDDEN_404,content_uniqueness_hold|decisionScore=100|words=3992|quality_not_launch_ready,moderate (2),alts:4,product:nathan-pinnacle-12,uniqueness_duplicative,Nathan Pinnacle 12L Review
P0,NEEDS_UNIQUE_REWRITE,review,running,nathan-softflask-18oz,/reviews/nathan-softflask-18oz,published,DUPLICATIVE,DUPLICATIVE,HIDDEN_404,content_uniqueness_hold|decisionScore=100|words=4035|quality_not_launch_ready,thin (1),alts:3,product:nathan-softflask-18oz,uniqueness_duplicative,Nathan SoftFlask 18oz Review
P0,NEEDS_UNIQUE_REWRITE,review,running,nathan-speeddraw-plus-insulated-18oz,/reviews/nathan-speeddraw-plus-insulated-18oz,published,DUPLICATIVE,DUPLICATIVE,HIDDEN_404,content_uniqueness_hold|decisionScore=100|words=4046|quality_not_launch_ready,moderate (2),alts:4,product:nathan-speeddraw-plus-insulated-18oz,uniqueness_duplicative,Nathan SpeedDraw Plus Insulated 18oz Review
P0,NEEDS_UNIQUE_REWRITE,review,running,nathan-vaporair-2,/reviews/nathan-vaporair-2,published,DUPLICATIVE,DUPLICATIVE,HIDDEN_404,content_uniqueness_hold|decisionScore=100|words=3897|quality_not_launch_ready,thin (1),alts:4|comps:1,product:nathan-vaporair-2,uniqueness_duplicative,Nathan VaporAir 2 Review
P0,NEEDS_UNIQUE_REWRITE,review,running,nathan-vaporair-4,/reviews/nathan-vaporair-4,published,DUPLICATIVE,DUPLICATIVE,HIDDEN_404,content_uniqueness_hold|decisionScore=100|words=4072|quality_not_launch_ready,moderate (2),alts:4|comps:1,product:nathan-vaporair-4,uniqueness_duplicative,Nathan VaporAir 4.0 8L Review
P0,NEEDS_UNIQUE_REWRITE,review,running,nathan-zippered-stash,/reviews/nathan-zippered-stash,published,DUPLICATIVE,DUPLICATIVE,HIDDEN_404,content_uniqueness_hold|decisionScore=100|words=3942|quality_not_launch_ready,thin (1),alts:3,product:nathan-zippered-stash,uniqueness_duplicative,Nathan Zippered Stash Review
P0,NEEDS_UNIQUE_REWRITE,review,running,nathan-zipster-lite,/reviews/nathan-zipster-lite,published,DUPLICATIVE,DUPLICATIVE,HIDDEN_404,content_uniqueness_hold|decisionScore=100|words=3921|quality_not_launch_ready,thin (1),alts:3,product:nathan-zipster-lite,uniqueness_duplicative,Nathan ZipSter Lite Review
P0,NEEDS_UNIQUE_REWRITE,review,running,nb-rc-essential-short-men,/reviews/nb-rc-essential-short-men,published,DUPLICATIVE,DUPLICATIVE,HIDDEN_404,content_uniqueness_hold|decisionScore=100|words=3976|quality_not_launch_ready,moderate (2),alts:3,product:nb-rc-essential-short-men,uniqueness_duplicative,New Balance RC Essential Short (Men) Review
P0,NEEDS_UNIQUE_REWRITE,review,running,neversecond-c30-gel,/reviews/neversecond-c30-gel,published,DUPLICATIVE,DUPLICATIVE,HIDDEN_404,content_uniqueness_hold|decisionScore=100|words=4040|quality_not_launch_ready,thin (1),alts:3,product:neversecond-c30-gel,uniqueness_duplicative,Neversecond C30 Energy Gel Review
P0,NEEDS_UNIQUE_REWRITE,review,running,neversecond-c30-sports-drink,/reviews/neversecond-c30-sports-drink,published,DUPLICATIVE,DUPLICATIVE,HIDDEN_404,content_uniqueness_hold|decisionScore=100|words=4047|quality_not_launch_ready,thin (1),alts:3,product:neversecond-c30-sports-drink,uniqueness_duplicative,Neversecond C30 Sports Drink Review
P0,NEEDS_UNIQUE_REWRITE,review,running,new-balance-fresh-foam-x-1080-v13,/reviews/new-balance-fresh-foam-x-1080-v13,published,DUPLICATIVE,DUPLICATIVE,HIDDEN_404,content_uniqueness_hold|decisionScore=100|words=3895|quality_not_launch_ready,moderate (2),alts:1,product:new-balance-fresh-foam-x-1080-v13,uniqueness_duplicative,New Balance Fresh Foam X 1080 v13 Review
P0,NEEDS_UNIQUE_REWRITE,review,running,new-balance-fresh-foam-x-1080-v14,/reviews/new-balance-fresh-foam-x-1080-v14,published,DUPLICATIVE,DUPLICATIVE,HIDDEN_404,content_uniqueness_hold|decisionScore=100|words=3939|quality_not_launch_ready,moderate (2),alts:4,product:new-balance-fresh-foam-x-1080-v14,uniqueness_duplicative,New Balance Fresh Foam X 1080 v14 Review
P0,NEEDS_UNIQUE_REWRITE,review,running,new-balance-fresh-foam-x-860-v14,/reviews/new-balance-fresh-foam-x-860-v14,published,DUPLICATIVE,DUPLICATIVE,HIDDEN_404,content_uniqueness_hold|decisionScore=100|words=3960|quality_not_launch_ready,moderate (2),alts:4,product:new-balance-fresh-foam-x-860-v14,uniqueness_duplicative,New Balance Fresh Foam X 860 v14 Review
P0,NEEDS_UNIQUE_REWRITE,review,running,new-balance-fresh-foam-x-hierro-v9,/reviews/new-balance-fresh-foam-x-hierro-v9,published,DUPLICATIVE,DUPLICATIVE,HIDDEN_404,content_uniqueness_hold|decisionScore=100|words=3914|quality_not_launch_ready,moderate (2),alts:4,product:new-balance-fresh-foam-x-hierro-v9,uniqueness_duplicative,New Balance Fresh Foam X Hierro v9 Review
P0,NEEDS_UNIQUE_REWRITE,review,running,new-balance-fuelcell-rebel-v4,/reviews/new-balance-fuelcell-rebel-v4,published,DUPLICATIVE,DUPLICATIVE,HIDDEN_404,content_uniqueness_hold|decisionScore=100|words=3963|quality_not_launch_ready,moderate (2),alts:2,product:new-balance-fuelcell-rebel-v4,uniqueness_duplicative,New Balance FuelCell Rebel v4 Review
P0,NEEDS_UNIQUE_REWRITE,review,running,new-balance-fuelcell-rebel-v5,/reviews/new-balance-fuelcell-rebel-v5,published,DUPLICATIVE,DUPLICATIVE,HIDDEN_404,content_uniqueness_hold|decisionScore=100|words=3915|quality_not_launch_ready,moderate (2),alts:3,product:new-balance-fuelcell-rebel-v5,uniqueness_duplicative,New Balance FuelCell Rebel v5 Review
P0,NEEDS_UNIQUE_REWRITE,review,running,new-balance-fuelcell-supercomp-elite-v4,/reviews/new-balance-fuelcell-supercomp-elite-v4,published,DUPLICATIVE,DUPLICATIVE,HIDDEN_404,content_uniqueness_hold|decisionScore=100|words=3946|quality_not_launch_ready,moderate (2),alts:4,product:new-balance-fuelcell-supercomp-elite-v4,uniqueness_duplicative,New Balance FuelCell SuperComp Elite v4 Review
P0,NEEDS_UNIQUE_REWRITE,review,running,new-balance-fuelcell-supercomp-trainer-v3,/reviews/new-balance-fuelcell-supercomp-trainer-v3,published,DUPLICATIVE,DUPLICATIVE,HIDDEN_404,content_uniqueness_hold|decisionScore=100|words=3968|quality_not_launch_ready,moderate (2),alts:4,product:new-balance-fuelcell-supercomp-trainer-v3,uniqueness_duplicative,New Balance FuelCell SuperComp Trainer v3 Review
P0,NEEDS_UNIQUE_REWRITE,review,running,nike-aerobill-cap,/reviews/nike-aerobill-cap,published,DUPLICATIVE,DUPLICATIVE,HIDDEN_404,content_uniqueness_hold|decisionScore=100|words=3953|quality_not_launch_ready,moderate (2),alts:3,product:nike-aerobill-cap,uniqueness_duplicative,Nike AeroBill / Dri-FIT Advantage Cap Review
P0,NEEDS_UNIQUE_REWRITE,review,running,nike-aeroswift-singlet-men,/reviews/nike-aeroswift-singlet-men,published,DUPLICATIVE,DUPLICATIVE,HIDDEN_404,content_uniqueness_hold|decisionScore=100|words=3928|quality_not_launch_ready,moderate (2),alts:4,product:nike-aeroswift-singlet-men,uniqueness_duplicative,Nike AeroSwift Singlet (Men) Review
P0,NEEDS_UNIQUE_REWRITE,review,running,nike-dri-fit-miler-men,/reviews/nike-dri-fit-miler-men,published,DUPLICATIVE,DUPLICATIVE,HIDDEN_404,content_uniqueness_hold|decisionScore=100|words=3935|quality_not_launch_ready,moderate (2),alts:4|comps:1,product:nike-dri-fit-miler-men,uniqueness_duplicative,Nike Dri-FIT Miler Tee (Men) Review
P0,NEEDS_UNIQUE_REWRITE,review,running,nike-dri-fit-miler-women,/reviews/nike-dri-fit-miler-women,published,DUPLICATIVE,DUPLICATIVE,HIDDEN_404,content_uniqueness_hold|decisionScore=100|words=3921|quality_not_launch_ready,moderate (2),alts:3,product:nike-dri-fit-miler-women,uniqueness_duplicative,Nike Dri-FIT Miler Tee (Women) Review
P0,NEEDS_UNIQUE_REWRITE,review,running,nike-dri-fit-stride-short,/reviews/nike-dri-fit-stride-short,published,DUPLICATIVE,DUPLICATIVE,HIDDEN_404,content_uniqueness_hold|decisionScore=100|words=3965|quality_not_launch_ready,moderate (2),alts:2,product:nike-dri-fit-stride-short,uniqueness_duplicative,Nike Dri-FIT Stride Short Review
P0,NEEDS_UNIQUE_REWRITE,review,running,nike-fast-tight-men,/reviews/nike-fast-tight-men,published,DUPLICATIVE,DUPLICATIVE,HIDDEN_404,content_uniqueness_hold|decisionScore=100|words=4027|quality_not_launch_ready,moderate (2),alts:3,product:nike-fast-tight-men,uniqueness_duplicative,Nike Dri-FIT Fast Tights (Men) Review
P0,NEEDS_UNIQUE_REWRITE,review,running,nike-impossibly-light-men,/reviews/nike-impossibly-light-men,published,DUPLICATIVE,DUPLICATIVE,HIDDEN_404,content_uniqueness_hold|decisionScore=100|words=4062|quality_not_launch_ready,moderate (2),alts:3,product:nike-impossibly-light-men,uniqueness_duplicative,Nike Impossibly Light / Windrunner Light Shell (Men) Review
P0,NEEDS_UNIQUE_REWRITE,review,running,nike-invincible-3,/reviews/nike-invincible-3,published,DUPLICATIVE,DUPLICATIVE,HIDDEN_404,content_uniqueness_hold|decisionScore=100|words=3971|quality_not_launch_ready,moderate (2),alts:2,product:nike-invincible-3,uniqueness_duplicative,Nike Invincible 3 Review
P0,NEEDS_UNIQUE_REWRITE,review,running,nike-pegasus-41,/reviews/nike-pegasus-41,published,DUPLICATIVE,DUPLICATIVE,HIDDEN_404,content_uniqueness_hold|decisionScore=100|words=3947|quality_not_launch_ready,moderate (2),alts:3,product:nike-pegasus-41,uniqueness_duplicative,Nike Pegasus 41 Review
P0,NEEDS_UNIQUE_REWRITE,review,running,nike-pegasus-trail-5,/reviews/nike-pegasus-trail-5,published,DUPLICATIVE,DUPLICATIVE,HIDDEN_404,content_uniqueness_hold|decisionScore=100|words=3983|quality_not_launch_ready,moderate (2),alts:4,product:nike-pegasus-trail-5,uniqueness_duplicative,Nike Pegasus Trail 5 Review
P0,NEEDS_UNIQUE_REWRITE,review,running,nike-react-infinity-run-4,/reviews/nike-react-infinity-run-4,published,DUPLICATIVE,DUPLICATIVE,HIDDEN_404,content_uniqueness_hold|decisionScore=100|words=3979|quality_not_launch_ready,moderate (2),alts:4,product:nike-react-infinity-run-4,uniqueness_duplicative,Nike React Infinity Run 4 Review
P0,NEEDS_UNIQUE_REWRITE,review,running,nike-structure-26,/reviews/nike-structure-26,published,DUPLICATIVE,DUPLICATIVE,HIDDEN_404,content_uniqueness_hold|decisionScore=100|words=4001|quality_not_launch_ready,moderate (2),alts:3,product:nike-structure-26,uniqueness_duplicative,Nike Structure 26 Review
P0,NEEDS_UNIQUE_REWRITE,review,running,nike-structure-plus,/reviews/nike-structure-plus,published,DUPLICATIVE,DUPLICATIVE,HIDDEN_404,content_uniqueness_hold|decisionScore=100|words=3955|quality_not_launch_ready,moderate (2),alts:3,product:nike-structure-plus,uniqueness_duplicative,Nike Structure Plus Review
P0,NEEDS_UNIQUE_REWRITE,review,running,nike-swoosh-medium-support,/reviews/nike-swoosh-medium-support,published,DUPLICATIVE,DUPLICATIVE,HIDDEN_404,content_uniqueness_hold|decisionScore=100|words=3938|quality_not_launch_ready,moderate (2),alts:3,product:nike-swoosh-medium-support,uniqueness_duplicative,Nike Swoosh Medium Support Bra Review
P0,NEEDS_UNIQUE_REWRITE,review,running,nike-therma-fit-glove,/reviews/nike-therma-fit-glove,published,DUPLICATIVE,DUPLICATIVE,HIDDEN_404,content_uniqueness_hold|decisionScore=100|words=4001|quality_not_launch_ready,moderate (2),alts:2,product:nike-therma-fit-glove,uniqueness_duplicative,Nike Therma-FIT Run Gloves Review
P0,NEEDS_UNIQUE_REWRITE,review,running,nitecore-nu43,/reviews/nitecore-nu43,published,DUPLICATIVE,DUPLICATIVE,HIDDEN_404,content_uniqueness_hold|decisionScore=100|words=4011|quality_not_launch_ready,thin (1),alts:3,product:nitecore-nu43,uniqueness_duplicative,NITECORE NU43 Review
P0,NEEDS_UNIQUE_REWRITE,review,running,nnormal-race-vest,/reviews/nnormal-race-vest,published,DUPLICATIVE,DUPLICATIVE,HIDDEN_404,content_uniqueness_hold|decisionScore=100|words=4009|quality_not_launch_ready,moderate (2),alts:4,product:nnormal-race-vest,uniqueness_duplicative,NNormal Race Vest Review
P0,NEEDS_UNIQUE_REWRITE,review,running,nuun-sport,/reviews/nuun-sport,published,DUPLICATIVE,DUPLICATIVE,HIDDEN_404,content_uniqueness_hold|decisionScore=100|words=4033|quality_not_launch_ready,moderate (2),alts:3,product:nuun-sport,uniqueness_duplicative,Nuun Sport Electrolyte Tablets Review
P0,NEEDS_UNIQUE_REWRITE,review,running,oakley-encoder,/reviews/oakley-encoder,published,DUPLICATIVE,DUPLICATIVE,HIDDEN_404,content_uniqueness_hold|decisionScore=100|words=3873|quality_not_launch_ready,moderate (2),alts:2,product:oakley-encoder,uniqueness_duplicative,Oakley Encoder Review
P0,NEEDS_UNIQUE_REWRITE,review,running,oakley-flak-2-0-xl,/reviews/oakley-flak-2-0-xl,published,DUPLICATIVE,DUPLICATIVE,HIDDEN_404,content_uniqueness_hold|decisionScore=100|words=3939|quality_not_launch_ready,thin (1),alts:3,product:oakley-flak-2-0-xl,uniqueness_duplicative,Oakley Flak 2.0 XL Review
P0,NEEDS_UNIQUE_REWRITE,review,running,oakley-kato,/reviews/oakley-kato,published,DUPLICATIVE,DUPLICATIVE,HIDDEN_404,content_uniqueness_hold|decisionScore=100|words=3960|quality_not_launch_ready,thin (1),alts:3,product:oakley-kato,uniqueness_duplicative,Oakley Kato Review
P0,NEEDS_UNIQUE_REWRITE,review,running,oakley-radar-ev-path,/reviews/oakley-radar-ev-path,published,DUPLICATIVE,DUPLICATIVE,HIDDEN_404,content_uniqueness_hold|decisionScore=100|words=4058|quality_not_launch_ready,thin (1),alts:3,product:oakley-radar-ev-path,uniqueness_duplicative,Oakley Radar EV Path Review
P0,NEEDS_UNIQUE_REWRITE,review,running,oakley-sutro-lite,/reviews/oakley-sutro-lite,published,DUPLICATIVE,DUPLICATIVE,HIDDEN_404,content_uniqueness_hold|decisionScore=100|words=3926|quality_not_launch_ready,thin (1),alts:3,product:oakley-sutro-lite,uniqueness_duplicative,Oakley Sutro Lite Review
P0,NEEDS_UNIQUE_REWRITE,review,running,odlo-active-warm-eco-bottom-men,/reviews/odlo-active-warm-eco-bottom-men,published,DUPLICATIVE,DUPLICATIVE,HIDDEN_404,content_uniqueness_hold|decisionScore=100|words=3981|quality_not_launch_ready,moderate (2),alts:2,product:odlo-active-warm-eco-bottom-men,uniqueness_duplicative,Odlo Active Warm Eco Bottom (Men) Review
P0,NEEDS_UNIQUE_REWRITE,review,running,odlo-active-warm-eco-men,/reviews/odlo-active-warm-eco-men,published,DUPLICATIVE,DUPLICATIVE,HIDDEN_404,content_uniqueness_hold|decisionScore=100|words=3903|quality_not_launch_ready,moderate (2),alts:3,product:odlo-active-warm-eco-men,uniqueness_duplicative,Odlo Active Warm Eco Long Sleeve (Men) Review
P0,NEEDS_UNIQUE_REWRITE,review,running,on-cloudmonster-2,/reviews/on-cloudmonster-2,published,DUPLICATIVE,DUPLICATIVE,HIDDEN_404,content_uniqueness_hold|decisionScore=100|words=3887|quality_not_launch_ready,moderate (2),alts:4,product:on-cloudmonster-2,uniqueness_duplicative,On Cloudmonster 2 Review
P0,NEEDS_UNIQUE_REWRITE,review,running,on-cloudmonster-hyper,/reviews/on-cloudmonster-hyper,published,DUPLICATIVE,DUPLICATIVE,HIDDEN_404,content_uniqueness_hold|decisionScore=100|words=3940|quality_not_launch_ready,moderate (2),alts:4,product:on-cloudmonster-hyper,uniqueness_duplicative,On Cloudmonster Hyper Review
P0,NEEDS_UNIQUE_REWRITE,review,running,on-cloudsurfer-2,/reviews/on-cloudsurfer-2,published,DUPLICATIVE,DUPLICATIVE,HIDDEN_404,content_uniqueness_hold|decisionScore=100|words=3884|quality_not_launch_ready,moderate (2),alts:4,product:on-cloudsurfer-2,uniqueness_duplicative,On Cloudsurfer 2 Review
P0,NEEDS_UNIQUE_REWRITE,review,running,on-cloudsurfer-next,/reviews/on-cloudsurfer-next,published,DUPLICATIVE,DUPLICATIVE,HIDDEN_404,content_uniqueness_hold|decisionScore=100|words=3897|quality_not_launch_ready,moderate (2),alts:3,product:on-cloudsurfer-next,uniqueness_duplicative,On Cloudsurfer Next Review
P0,NEEDS_UNIQUE_REWRITE,review,running,on-performance-short-men,/reviews/on-performance-short-men,published,DUPLICATIVE,DUPLICATIVE,HIDDEN_404,content_uniqueness_hold|decisionScore=100|words=4069|quality_not_launch_ready,moderate (2),alts:3,product:on-performance-short-men,uniqueness_duplicative,On Performance Shorts / Hybrid (Men) Review
P0,NEEDS_UNIQUE_REWRITE,review,running,on-performance-tight-women,/reviews/on-performance-tight-women,published,DUPLICATIVE,DUPLICATIVE,HIDDEN_404,content_uniqueness_hold|decisionScore=100|words=3912|quality_not_launch_ready,moderate (2),alts:3,product:on-performance-tight-women,uniqueness_duplicative,On Performance Tights (Women) Review
P0,NEEDS_UNIQUE_REWRITE,review,running,on-ultra-vest-pro,/reviews/on-ultra-vest-pro,published,DUPLICATIVE,DUPLICATIVE,HIDDEN_404,content_uniqueness_hold|decisionScore=100|words=4025|quality_not_launch_ready,moderate (2),alts:4,product:on-ultra-vest-pro,uniqueness_duplicative,On Ultra Vest Pro Review
P0,NEEDS_UNIQUE_REWRITE,review,running,on-weather-jacket-men,/reviews/on-weather-jacket-men,published,DUPLICATIVE,DUPLICATIVE,HIDDEN_404,content_uniqueness_hold|decisionScore=100|words=4031|quality_not_launch_ready,moderate (2),alts:3,product:on-weather-jacket-men,uniqueness_duplicative,On Weather Jacket (Men) Review
P0,NEEDS_UNIQUE_REWRITE,review,running,oofos-oolala,/reviews/oofos-oolala,published,DUPLICATIVE,DUPLICATIVE,HIDDEN_404,content_uniqueness_hold|decisionScore=100|words=3976|quality_not_launch_ready,thin (1),alts:3,product:oofos-oolala,uniqueness_duplicative,OOFOS OOlala Review
P0,NEEDS_UNIQUE_REWRITE,review,running,oofos-ooriginal,/reviews/oofos-ooriginal,published,DUPLICATIVE,DUPLICATIVE,HIDDEN_404,content_uniqueness_hold|decisionScore=100|words=3965|quality_not_launch_ready,thin (1),alts:1|comps:1,product:oofos-ooriginal,uniqueness_duplicative,OOFOS OOriginal Review
P0,NEEDS_UNIQUE_REWRITE,review,running,osprey-duro-15,/reviews/osprey-duro-15,published,DUPLICATIVE,DUPLICATIVE,HIDDEN_404,content_uniqueness_hold|decisionScore=100|words=3989|quality_not_launch_ready,thin (1),alts:3,product:osprey-duro-15,uniqueness_duplicative,Osprey Duro 15 Review
P0,NEEDS_UNIQUE_REWRITE,review,running,osprey-duro-6,/reviews/osprey-duro-6,published,DUPLICATIVE,DUPLICATIVE,HIDDEN_404,content_uniqueness_hold|decisionScore=100|words=3882|quality_not_launch_ready,thin (1),alts:3|comps:1,product:osprey-duro-6,uniqueness_duplicative,Osprey Duro 6 Review
P0,NEEDS_UNIQUE_REWRITE,review,running,osprey-duro-lt,/reviews/osprey-duro-lt,published,DUPLICATIVE,DUPLICATIVE,HIDDEN_404,content_uniqueness_hold|decisionScore=100|words=4053|quality_not_launch_ready,moderate (2),alts:4|comps:1,product:osprey-duro-lt,uniqueness_duplicative,Osprey Duro LT Review
P0,NEEDS_UNIQUE_REWRITE,review,running,osprey-dyna-6,/reviews/osprey-dyna-6,published,DUPLICATIVE,DUPLICATIVE,HIDDEN_404,content_uniqueness_hold|decisionScore=100|words=3913|quality_not_launch_ready,thin (1),alts:2|comps:1,product:osprey-dyna-6,uniqueness_duplicative,Osprey Dyna 6 Review
P0,NEEDS_UNIQUE_REWRITE,review,running,osprey-dyna-lt,/reviews/osprey-dyna-lt,published,DUPLICATIVE,DUPLICATIVE,HIDDEN_404,content_uniqueness_hold|decisionScore=100|words=4060|quality_not_launch_ready,thin (1),alts:3,product:osprey-dyna-lt,uniqueness_duplicative,Osprey Dyna LT Review
P0,NEEDS_UNIQUE_REWRITE,review,running,osprey-hydraulics-lt-15,/reviews/osprey-hydraulics-lt-15,published,DUPLICATIVE,DUPLICATIVE,HIDDEN_404,content_uniqueness_hold|decisionScore=100|words=4035|quality_not_launch_ready,thin (1),alts:2,product:osprey-hydraulics-lt-15,uniqueness_duplicative,Osprey Hydraulics LT 1.5L Reservoir Review
P0,NEEDS_UNIQUE_REWRITE,review,running,osprey-talon-velocity-20,/reviews/osprey-talon-velocity-20,published,DUPLICATIVE,DUPLICATIVE,HIDDEN_404,content_uniqueness_hold|decisionScore=100|words=3951|quality_not_launch_ready,thin (1),alts:3,product:osprey-talon-velocity-20,uniqueness_duplicative,Osprey Talon Velocity 20 Review
P0,NEEDS_UNIQUE_REWRITE,review,running,osprey-talon-velocity-30,/reviews/osprey-talon-velocity-30,published,DUPLICATIVE,DUPLICATIVE,HIDDEN_404,content_uniqueness_hold|decisionScore=100|words=3944|quality_not_launch_ready,thin (1),alts:3,product:osprey-talon-velocity-30,uniqueness_duplicative,Osprey Talon Velocity 30 Review
P0,NEEDS_UNIQUE_REWRITE,review,running,osprey-tempest-velocity-20,/reviews/osprey-tempest-velocity-20,published,DUPLICATIVE,DUPLICATIVE,HIDDEN_404,content_uniqueness_hold|decisionScore=100|words=3933|quality_not_launch_ready,thin (1),alts:3,product:osprey-tempest-velocity-20,uniqueness_duplicative,Osprey Tempest Velocity 20 Review
P0,NEEDS_UNIQUE_REWRITE,review,running,patagonia-capilene-cool-daily-men,/reviews/patagonia-capilene-cool-daily-men,published,DUPLICATIVE,DUPLICATIVE,HIDDEN_404,content_uniqueness_hold|decisionScore=100|words=4002|quality_not_launch_ready,moderate (2),alts:3,product:patagonia-capilene-cool-daily-men,uniqueness_duplicative,Patagonia Capilene Cool Daily Shirt (Men) Review
P0,NEEDS_UNIQUE_REWRITE,review,running,patagonia-capilene-midweight-zip-men,/reviews/patagonia-capilene-midweight-zip-men,published,DUPLICATIVE,DUPLICATIVE,HIDDEN_404,content_uniqueness_hold|decisionScore=100|words=4004|quality_not_launch_ready,thin (1),alts:3,product:patagonia-capilene-midweight-zip-men,uniqueness_duplicative,Patagonia Capilene Midweight Zip-Neck (Men) Review
P0,NEEDS_UNIQUE_REWRITE,review,running,patagonia-capilene-thermal-crew-men,/reviews/patagonia-capilene-thermal-crew-men,published,DUPLICATIVE,DUPLICATIVE,HIDDEN_404,content_uniqueness_hold|decisionScore=100|words=3973|quality_not_launch_ready,moderate (2),alts:3,product:patagonia-capilene-thermal-crew-men,uniqueness_duplicative,Patagonia Capilene Thermal Weight Crew (Men) Review
P0,NEEDS_UNIQUE_REWRITE,review,running,patagonia-endless-run-tight-women,/reviews/patagonia-endless-run-tight-women,published,DUPLICATIVE,DUPLICATIVE,HIDDEN_404,content_uniqueness_hold|decisionScore=100|words=4012|quality_not_launch_ready,moderate (2),alts:3,product:patagonia-endless-run-tight-women,uniqueness_duplicative,Patagonia Endless Run Tights (Women) Review
P0,NEEDS_UNIQUE_REWRITE,review,running,patagonia-houdini-men,/reviews/patagonia-houdini-men,published,DUPLICATIVE,DUPLICATIVE,HIDDEN_404,content_uniqueness_hold|decisionScore=100|words=4012|quality_not_launch_ready,thin (1),alts:3,product:patagonia-houdini-men,uniqueness_duplicative,Patagonia Houdini Jacket (Men) Review
P0,NEEDS_UNIQUE_REWRITE,review,running,patagonia-nano-puff-vest-men,/reviews/patagonia-nano-puff-vest-men,published,DUPLICATIVE,DUPLICATIVE,HIDDEN_404,content_uniqueness_hold|decisionScore=100|words=4051|quality_not_launch_ready,moderate (2),alts:3,product:patagonia-nano-puff-vest-men,uniqueness_duplicative,Patagonia Nano-Puff Vest (Men) Review
P0,NEEDS_UNIQUE_REWRITE,review,running,patagonia-strider-pro-men,/reviews/patagonia-strider-pro-men,published,DUPLICATIVE,DUPLICATIVE,HIDDEN_404,content_uniqueness_hold|decisionScore=100|words=3980|quality_not_launch_ready,moderate (2),alts:3,product:patagonia-strider-pro-men,uniqueness_duplicative,Patagonia Strider Pro Shorts (Men) Review
P0,NEEDS_UNIQUE_REWRITE,review,running,patagonia-trailfarer-short-women,/reviews/patagonia-trailfarer-short-women,published,DUPLICATIVE,DUPLICATIVE,HIDDEN_404,content_uniqueness_hold|decisionScore=100|words=4025|quality_not_launch_ready,moderate (2),alts:3,product:patagonia-trailfarer-short-women,uniqueness_duplicative,Patagonia Trailfarer Shorts (Women) Review
P0,NEEDS_UNIQUE_REWRITE,review,running,petzl-actik-core,/reviews/petzl-actik-core,published,DUPLICATIVE,DUPLICATIVE,HIDDEN_404,content_uniqueness_hold|decisionScore=100|words=3983|quality_not_launch_ready,thin (1),alts:3,product:petzl-actik-core,uniqueness_duplicative,Petzl Actik Core Review
P0,NEEDS_UNIQUE_REWRITE,review,running,petzl-nao-rl,/reviews/petzl-nao-rl,published,DUPLICATIVE,DUPLICATIVE,HIDDEN_404,content_uniqueness_hold|decisionScore=100|words=4015|quality_not_launch_ready,thin (1),alts:3,product:petzl-nao-rl,uniqueness_duplicative,Petzl NAO RL Review
P0,NEEDS_UNIQUE_REWRITE,review,running,petzl-swift-rl,/reviews/petzl-swift-rl,published,DUPLICATIVE,DUPLICATIVE,HIDDEN_404,content_uniqueness_hold|decisionScore=100|words=3886|quality_not_launch_ready,thin (1),alts:2|comps:2,product:petzl-swift-rl,uniqueness_duplicative,Petzl Swift RL Review
P0,NEEDS_UNIQUE_REWRITE,review,running,polar-h9,/reviews/polar-h9,published,DUPLICATIVE,DUPLICATIVE,HIDDEN_404,content_uniqueness_hold|decisionScore=100|words=4013|quality_not_launch_ready,moderate (2),alts:4|comps:1,product:polar-h9,uniqueness_duplicative,Polar H9 Review
P0,NEEDS_UNIQUE_REWRITE,review,running,polar-pacer-pro,/reviews/polar-pacer-pro,published,DUPLICATIVE,DUPLICATIVE,HIDDEN_404,content_uniqueness_hold|decisionScore=100|words=3907|quality_not_launch_ready,moderate (2),alts:3,product:polar-pacer-pro,uniqueness_duplicative,Polar Pacer Pro Review
P0,NEEDS_UNIQUE_REWRITE,review,running,polar-vantage-v3,/reviews/polar-vantage-v3,published,DUPLICATIVE,DUPLICATIVE,HIDDEN_404,content_uniqueness_hold|decisionScore=100|words=3997|quality_not_launch_ready,moderate (2),alts:4,product:polar-vantage-v3,uniqueness_duplicative,Polar Vantage V3 Review
P0,NEEDS_UNIQUE_REWRITE,review,running,powerbar-energize,/reviews/powerbar-energize,published,DUPLICATIVE,DUPLICATIVE,HIDDEN_404,content_uniqueness_hold|decisionScore=100|words=4029|quality_not_launch_ready,moderate (2),alts:3,product:powerbar-energize,uniqueness_duplicative,PowerBar Energize Review
P0,NEEDS_UNIQUE_REWRITE,review,running,precision-pf30-drink-mix,/reviews/precision-pf30-drink-mix,published,DUPLICATIVE,DUPLICATIVE,HIDDEN_404,content_uniqueness_hold|decisionScore=100|words=3993|quality_not_launch_ready,moderate (2),alts:3,product:precision-pf30-drink-mix,uniqueness_duplicative,Precision Fuel & Hydration PF 30 Drink Mix Review
P0,NEEDS_UNIQUE_REWRITE,review,running,precision-pf30-gel,/reviews/precision-pf30-gel,published,DUPLICATIVE,DUPLICATIVE,HIDDEN_404,content_uniqueness_hold|decisionScore=100|words=4036|quality_not_launch_ready,thin (1),alts:3,product:precision-pf30-gel,uniqueness_duplicative,Precision Fuel & Hydration PF 30 Gel Review
P0,NEEDS_UNIQUE_REWRITE,review,running,precision-ph1500,/reviews/precision-ph1500,published,DUPLICATIVE,DUPLICATIVE,HIDDEN_404,content_uniqueness_hold|decisionScore=100|words=3973|quality_not_launch_ready,moderate (2),alts:3,product:precision-ph1500,uniqueness_duplicative,Precision Fuel & Hydration PH 1500 Review
P0,NEEDS_UNIQUE_REWRITE,review,running,proviz-reflect360-running-vest,/reviews/proviz-reflect360-running-vest,published,DUPLICATIVE,DUPLICATIVE,HIDDEN_404,content_uniqueness_hold|decisionScore=100|words=4039|quality_not_launch_ready,thin (1),alts:3,product:proviz-reflect360-running-vest,uniqueness_duplicative,Proviz Reflect360 Running Vest Review
P0,NEEDS_UNIQUE_REWRITE,review,running,puma-deviate-nitro-3,/reviews/puma-deviate-nitro-3,published,DUPLICATIVE,DUPLICATIVE,HIDDEN_404,content_uniqueness_hold|decisionScore=100|words=3931|quality_not_launch_ready,moderate (2),alts:4,product:puma-deviate-nitro-3,uniqueness_duplicative,PUMA Deviate NITRO 3 Review
P0,NEEDS_UNIQUE_REWRITE,review,running,puma-magnify-nitro-2,/reviews/puma-magnify-nitro-2,published,DUPLICATIVE,DUPLICATIVE,HIDDEN_404,content_uniqueness_hold|decisionScore=100|words=3884|quality_not_launch_ready,moderate (2),alts:4,product:puma-magnify-nitro-2,uniqueness_duplicative,PUMA Magnify NITRO 2 Review
P0,NEEDS_UNIQUE_REWRITE,review,running,rabbit-fuel-n-fly-men,/reviews/rabbit-fuel-n-fly-men,published,DUPLICATIVE,DUPLICATIVE,HIDDEN_404,content_uniqueness_hold|decisionScore=100|words=3978|quality_not_launch_ready,thin (1),alts:3,product:rabbit-fuel-n-fly-men,uniqueness_duplicative,"rabbit Fuel n' Fly 5"" Short (Men) Review"
P0,NEEDS_UNIQUE_REWRITE,review,running,roka-phantom-air,/reviews/roka-phantom-air,published,DUPLICATIVE,DUPLICATIVE,HIDDEN_404,content_uniqueness_hold|decisionScore=100|words=4005|quality_not_launch_ready,moderate (2),alts:3,product:roka-phantom-air,uniqueness_duplicative,ROKA Phantom Air Review
P0,NEEDS_UNIQUE_REWRITE,review,running,rudy-project-cutline,/reviews/rudy-project-cutline,published,DUPLICATIVE,DUPLICATIVE,HIDDEN_404,content_uniqueness_hold|decisionScore=100|words=4044|quality_not_launch_ready,moderate (2),alts:3,product:rudy-project-cutline,uniqueness_duplicative,Rudy Project Cutline Review
P0,NEEDS_UNIQUE_REWRITE,review,running,salomon-adv-skin-12,/reviews/salomon-adv-skin-12,published,DUPLICATIVE,DUPLICATIVE,HIDDEN_404,content_uniqueness_hold|decisionScore=100|words=3911|quality_not_launch_ready,moderate (2),comps:3,product:salomon-adv-skin-12,uniqueness_duplicative,Salomon ADV Skin 12 Review
P0,NEEDS_UNIQUE_REWRITE,review,running,salomon-adv-skin-5,/reviews/salomon-adv-skin-5,published,DUPLICATIVE,DUPLICATIVE,HIDDEN_404,content_uniqueness_hold|decisionScore=100|words=3997|quality_not_launch_ready,moderate (2),alts:4|comps:2,product:salomon-adv-skin-5,uniqueness_duplicative,Salomon ADV Skin 5 Review
P0,NEEDS_UNIQUE_REWRITE,review,running,salomon-aero-glide-2,/reviews/salomon-aero-glide-2,published,DUPLICATIVE,DUPLICATIVE,HIDDEN_404,content_uniqueness_hold|decisionScore=100|words=3970|quality_not_launch_ready,moderate (2),alts:4,product:salomon-aero-glide-2,uniqueness_duplicative,Salomon Aero Glide 2 Review
P0,NEEDS_UNIQUE_REWRITE,review,running,salomon-bonatti-wp-men,/reviews/salomon-bonatti-wp-men,published,DUPLICATIVE,DUPLICATIVE,HIDDEN_404,content_uniqueness_hold|decisionScore=100|words=4032|quality_not_launch_ready,thin (1),alts:3,product:salomon-bonatti-wp-men,uniqueness_duplicative,Salomon Bonatti Waterproof Jacket (Men) Review
P0,NEEDS_UNIQUE_REWRITE,review,running,salomon-bonatti-wp-women,/reviews/salomon-bonatti-wp-women,published,DUPLICATIVE,DUPLICATIVE,HIDDEN_404,content_uniqueness_hold|decisionScore=100|words=3912|quality_not_launch_ready,thin (1),alts:3,product:salomon-bonatti-wp-women,uniqueness_duplicative,Salomon Bonatti Waterproof Jacket (Women) Review
P0,NEEDS_UNIQUE_REWRITE,review,running,salomon-custom-quiver,/reviews/salomon-custom-quiver,published,DUPLICATIVE,DUPLICATIVE,HIDDEN_404,content_uniqueness_hold|decisionScore=100|words=4025|quality_not_launch_ready,thin (1),alts:3,product:salomon-custom-quiver,uniqueness_duplicative,Salomon Custom Quiver Review
P0,NEEDS_UNIQUE_REWRITE,review,running,salomon-genesis,/reviews/salomon-genesis,published,DUPLICATIVE,DUPLICATIVE,HIDDEN_404,content_uniqueness_hold|decisionScore=100|words=3937|quality_not_launch_ready,moderate (2),alts:4,product:salomon-genesis,uniqueness_duplicative,Salomon Genesis Review
P0,NEEDS_UNIQUE_REWRITE,review,running,salomon-pulsar-trail-2,/reviews/salomon-pulsar-trail-2,published,DUPLICATIVE,DUPLICATIVE,HIDDEN_404,content_uniqueness_hold|decisionScore=100|words=4011|quality_not_launch_ready,moderate (2),alts:3,product:salomon-pulsar-trail-2,uniqueness_duplicative,Salomon Pulsar Trail 2 Review
P0,NEEDS_UNIQUE_REWRITE,review,running,salomon-pulse-belt,/reviews/salomon-pulse-belt,published,DUPLICATIVE,DUPLICATIVE,HIDDEN_404,content_uniqueness_hold|decisionScore=100|words=4024|quality_not_launch_ready,moderate (2),alts:4,product:salomon-pulse-belt,uniqueness_duplicative,Salomon Pulse Belt Review
P0,NEEDS_UNIQUE_REWRITE,review,running,salomon-sense-ride-5,/reviews/salomon-sense-ride-5,published,DUPLICATIVE,DUPLICATIVE,HIDDEN_404,content_uniqueness_hold|decisionScore=100|words=3954|quality_not_launch_ready,moderate (2),alts:4,product:salomon-sense-ride-5,uniqueness_duplicative,Salomon Sense Ride 5 Review
P0,NEEDS_UNIQUE_REWRITE,review,running,salomon-soft-flask-500,/reviews/salomon-soft-flask-500,published,DUPLICATIVE,DUPLICATIVE,HIDDEN_404,content_uniqueness_hold|decisionScore=100|words=3930|quality_not_launch_ready,thin (1),alts:3,product:salomon-soft-flask-500,uniqueness_duplicative,Salomon Soft Flask 500 ml Review
P0,NEEDS_UNIQUE_REWRITE,review,running,salomon-soft-flask-speed-500,/reviews/salomon-soft-flask-speed-500,published,DUPLICATIVE,DUPLICATIVE,HIDDEN_404,content_uniqueness_hold|decisionScore=100|words=3978|quality_not_launch_ready,thin (1),alts:3,product:salomon-soft-flask-speed-500,uniqueness_duplicative,Salomon Soft Flask Speed 500 Review
P0,NEEDS_UNIQUE_REWRITE,review,running,salomon-soft-reservoir-15,/reviews/salomon-soft-reservoir-15,published,DUPLICATIVE,DUPLICATIVE,HIDDEN_404,content_uniqueness_hold|decisionScore=100|words=4062|quality_not_launch_ready,thin (1),alts:3,product:salomon-soft-reservoir-15,uniqueness_duplicative,Salomon Soft Reservoir 1.5L Review
P0,NEEDS_UNIQUE_REWRITE,review,running,salomon-ultra-glide-2,/reviews/salomon-ultra-glide-2,published,DUPLICATIVE,DUPLICATIVE,HIDDEN_404,content_uniqueness_hold|decisionScore=100|words=3907|quality_not_launch_ready,moderate (2),alts:4,product:salomon-ultra-glide-2,uniqueness_duplicative,Salomon Ultra Glide 2 Review
P0,NEEDS_UNIQUE_REWRITE,review,running,salomon-xa-15,/reviews/salomon-xa-15,published,DUPLICATIVE,DUPLICATIVE,HIDDEN_404,content_uniqueness_hold|decisionScore=100|words=3958|quality_not_launch_ready,thin (1),alts:3,product:salomon-xa-15,uniqueness_duplicative,Salomon XA 15 Review
P0,NEEDS_UNIQUE_REWRITE,review,running,saltstick-caps,/reviews/saltstick-caps,published,DUPLICATIVE,DUPLICATIVE,HIDDEN_404,content_uniqueness_hold|decisionScore=100|words=3989|quality_not_launch_ready,moderate (2),alts:3,product:saltstick-caps,uniqueness_duplicative,SaltStick Caps Review
P0,NEEDS_UNIQUE_REWRITE,review,running,saltstick-fastchews,/reviews/saltstick-fastchews,published,DUPLICATIVE,DUPLICATIVE,HIDDEN_404,content_uniqueness_hold|decisionScore=100|words=3970|quality_not_launch_ready,moderate (2),alts:3,product:saltstick-fastchews,uniqueness_duplicative,SaltStick Fastchews Review
P0,NEEDS_UNIQUE_REWRITE,review,running,saucony-endorphin-pro-3,/reviews/saucony-endorphin-pro-3,published,DUPLICATIVE,DUPLICATIVE,HIDDEN_404,content_uniqueness_hold|decisionScore=100|words=4006|quality_not_launch_ready,moderate (2),alts:1,product:saucony-endorphin-pro-3,uniqueness_duplicative,Saucony Endorphin Pro 3 Review
P0,NEEDS_UNIQUE_REWRITE,review,running,saucony-endorphin-pro-4,/reviews/saucony-endorphin-pro-4,published,DUPLICATIVE,DUPLICATIVE,HIDDEN_404,content_uniqueness_hold|decisionScore=100|words=3949|quality_not_launch_ready,moderate (2),alts:4,product:saucony-endorphin-pro-4,uniqueness_duplicative,Saucony Endorphin Pro 4 Review
P0,NEEDS_UNIQUE_REWRITE,review,running,saucony-endorphin-speed-4,/reviews/saucony-endorphin-speed-4,published,DUPLICATIVE,DUPLICATIVE,HIDDEN_404,content_uniqueness_hold|decisionScore=100|words=3960|quality_not_launch_ready,thin (1),alts:2,product:saucony-endorphin-speed-4,uniqueness_duplicative,Saucony Endorphin Speed 4 Review
P0,NEEDS_UNIQUE_REWRITE,review,running,saucony-guide-18,/reviews/saucony-guide-18,published,DUPLICATIVE,DUPLICATIVE,HIDDEN_404,content_uniqueness_hold|decisionScore=100|words=3939|quality_not_launch_ready,moderate (2),alts:4,product:saucony-guide-18,uniqueness_duplicative,Saucony Guide 18 Review
P0,NEEDS_UNIQUE_REWRITE,review,running,saucony-ride-18,/reviews/saucony-ride-18,published,DUPLICATIVE,DUPLICATIVE,HIDDEN_404,content_uniqueness_hold|decisionScore=100|words=3876|quality_not_launch_ready,moderate (2),alts:4,product:saucony-ride-18,uniqueness_duplicative,Saucony Ride 18 Review
P0,NEEDS_UNIQUE_REWRITE,review,running,saucony-triumph-22,/reviews/saucony-triumph-22,published,DUPLICATIVE,DUPLICATIVE,HIDDEN_404,content_uniqueness_hold|decisionScore=100|words=3965|quality_not_launch_ready,moderate (2),alts:4,product:saucony-triumph-22,uniqueness_duplicative,Saucony Triumph 22 Review
P0,NEEDS_UNIQUE_REWRITE,review,running,saucony-xodus-ultra-3,/reviews/saucony-xodus-ultra-3,published,DUPLICATIVE,DUPLICATIVE,HIDDEN_404,content_uniqueness_hold|decisionScore=100|words=3924|quality_not_launch_ready,moderate (2),alts:4,product:saucony-xodus-ultra-3,uniqueness_duplicative,Saucony Xodus Ultra 3 Review
P0,NEEDS_UNIQUE_REWRITE,review,running,scosche-rhythm24,/reviews/scosche-rhythm24,published,DUPLICATIVE,DUPLICATIVE,HIDDEN_404,content_uniqueness_hold|decisionScore=100|words=3970|quality_not_launch_ready,moderate (2),alts:4,product:scosche-rhythm24,uniqueness_duplicative,Scosche Rhythm24 Review
P0,NEEDS_UNIQUE_REWRITE,review,running,shokz-opendots-one,/reviews/shokz-opendots-one,published,DUPLICATIVE,DUPLICATIVE,HIDDEN_404,content_uniqueness_hold|decisionScore=100|words=4005|quality_not_launch_ready,thin (1),alts:3,product:shokz-opendots-one,uniqueness_duplicative,Shokz OpenDots One Review
P0,NEEDS_UNIQUE_REWRITE,review,running,shokz-openfit-2,/reviews/shokz-openfit-2,published,DUPLICATIVE,DUPLICATIVE,HIDDEN_404,content_uniqueness_hold|decisionScore=100|words=4005|quality_not_launch_ready,moderate (2),alts:4,product:shokz-openfit-2,uniqueness_duplicative,Shokz OpenFit 2 Review
P0,NEEDS_UNIQUE_REWRITE,review,running,shokz-openrun,/reviews/shokz-openrun,published,DUPLICATIVE,DUPLICATIVE,HIDDEN_404,content_uniqueness_hold|decisionScore=100|words=3983|quality_not_launch_ready,moderate (2),alts:4,product:shokz-openrun,uniqueness_duplicative,Shokz OpenRun Review
P0,NEEDS_UNIQUE_REWRITE,review,running,shokz-openrun-pro-2,/reviews/shokz-openrun-pro-2,published,DUPLICATIVE,DUPLICATIVE,HIDDEN_404,content_uniqueness_hold|decisionScore=100|words=3951|quality_not_launch_ready,thin (1),alts:2|comps:2,product:shokz-openrun-pro-2,uniqueness_duplicative,Shokz OpenRun Pro 2 Review
P0,NEEDS_UNIQUE_REWRITE,review,running,silva-trail-runner-free-2,/reviews/silva-trail-runner-free-2,published,DUPLICATIVE,DUPLICATIVE,HIDDEN_404,content_uniqueness_hold|decisionScore=100|words=3985|quality_not_launch_ready,thin (1),alts:2,product:silva-trail-runner-free-2,uniqueness_duplicative,Silva Trail Runner Free 2 Review
P0,NEEDS_UNIQUE_REWRITE,review,running,sis-beta-fuel-drink,/reviews/sis-beta-fuel-drink,published,DUPLICATIVE,DUPLICATIVE,HIDDEN_404,content_uniqueness_hold|decisionScore=100|words=4021|quality_not_launch_ready,moderate (2),alts:3,product:sis-beta-fuel-drink,uniqueness_duplicative,Science in Sport Beta Fuel Energy Drink Mix Review
P0,NEEDS_UNIQUE_REWRITE,review,running,sis-beta-fuel-gel,/reviews/sis-beta-fuel-gel,published,DUPLICATIVE,DUPLICATIVE,HIDDEN_404,content_uniqueness_hold|decisionScore=100|words=4025|quality_not_launch_ready,thin (1),alts:3,product:sis-beta-fuel-gel,uniqueness_duplicative,Science in Sport Beta Fuel Dual Source Energy Gel Review
P0,NEEDS_UNIQUE_REWRITE,review,running,sis-go-isotonic-gel,/reviews/sis-go-isotonic-gel,published,DUPLICATIVE,DUPLICATIVE,HIDDEN_404,content_uniqueness_hold|decisionScore=100|words=3981|quality_not_launch_ready,moderate (2),alts:3,product:sis-go-isotonic-gel,uniqueness_duplicative,Science in Sport GO Isotonic Energy Gel Review
P0,NEEDS_UNIQUE_REWRITE,review,running,skratch-sport-energy-chews,/reviews/skratch-sport-energy-chews,published,DUPLICATIVE,DUPLICATIVE,HIDDEN_404,content_uniqueness_hold|decisionScore=100|words=4045|quality_not_launch_ready,moderate (2),alts:3,product:skratch-sport-energy-chews,uniqueness_duplicative,Skratch Labs Sport Energy Chews Review
P0,NEEDS_UNIQUE_REWRITE,review,running,skratch-sport-hydration-mix,/reviews/skratch-sport-hydration-mix,published,DUPLICATIVE,DUPLICATIVE,HIDDEN_404,content_uniqueness_hold|decisionScore=100|words=4039|quality_not_launch_ready,moderate (2),alts:3,product:skratch-sport-hydration-mix,uniqueness_duplicative,Skratch Labs Sport Hydration Drink Mix Review
P0,NEEDS_UNIQUE_REWRITE,review,running,smartwool-run-targeted-cushion,/reviews/smartwool-run-targeted-cushion,published,DUPLICATIVE,DUPLICATIVE,HIDDEN_404,content_uniqueness_hold|decisionScore=100|words=3919|quality_not_launch_ready,moderate (2),alts:4,product:smartwool-run-targeted-cushion,uniqueness_duplicative,Smartwool Run Targeted Cushion Crew Review
P0,NEEDS_UNIQUE_REWRITE,review,running,smartwool-thermal-merino-glove,/reviews/smartwool-thermal-merino-glove,published,DUPLICATIVE,DUPLICATIVE,HIDDEN_404,content_uniqueness_hold|decisionScore=100|words=3915|quality_not_launch_ready,moderate (2),alts:2,product:smartwool-thermal-merino-glove,uniqueness_duplicative,Smartwool Thermal Merino Glove Review
P0,NEEDS_UNIQUE_REWRITE,review,running,smith-attack-mag,/reviews/smith-attack-mag,published,DUPLICATIVE,DUPLICATIVE,HIDDEN_404,content_uniqueness_hold|decisionScore=100|words=4030|quality_not_launch_ready,moderate (2),alts:3,product:smith-attack-mag,uniqueness_duplicative,Smith Attack MAG Review
P0,NEEDS_UNIQUE_REWRITE,review,running,smith-shift-mag,/reviews/smith-shift-mag,published,DUPLICATIVE,DUPLICATIVE,HIDDEN_404,content_uniqueness_hold|decisionScore=100|words=4025|quality_not_launch_ready,thin (1),alts:3,product:smith-shift-mag,uniqueness_duplicative,Smith Shift MAG Review
P0,NEEDS_UNIQUE_REWRITE,review,running,soundcore-aerofit-2,/reviews/soundcore-aerofit-2,published,DUPLICATIVE,DUPLICATIVE,HIDDEN_404,content_uniqueness_hold|decisionScore=100|words=4037|quality_not_launch_ready,thin (1),alts:3,product:soundcore-aerofit-2,uniqueness_duplicative,soundcore AeroFit 2 Review
P0,NEEDS_UNIQUE_REWRITE,review,running,soundcore-sport-x20,/reviews/soundcore-sport-x20,published,DUPLICATIVE,DUPLICATIVE,HIDDEN_404,content_uniqueness_hold|decisionScore=100|words=3954|quality_not_launch_ready,thin (1),alts:3,product:soundcore-sport-x20,uniqueness_duplicative,soundcore Sport X20 Review
P0,NEEDS_UNIQUE_REWRITE,review,running,spibelt-original,/reviews/spibelt-original,published,DUPLICATIVE,DUPLICATIVE,HIDDEN_404,content_uniqueness_hold|decisionScore=100|words=3916|quality_not_launch_ready,thin (1),alts:2,product:spibelt-original,uniqueness_duplicative,SPIbelt Original Review
P0,NEEDS_UNIQUE_REWRITE,review,running,spring-energy-awesome-sauce,/reviews/spring-energy-awesome-sauce,published,DUPLICATIVE,DUPLICATIVE,HIDDEN_404,content_uniqueness_hold|decisionScore=100|words=4068|quality_not_launch_ready,moderate (2),alts:3,product:spring-energy-awesome-sauce,uniqueness_duplicative,Spring Energy Awesome Sauce Review
P0,NEEDS_UNIQUE_REWRITE,review,running,squirrels-nut-butter,/reviews/squirrels-nut-butter,published,DUPLICATIVE,DUPLICATIVE,HIDDEN_404,content_uniqueness_hold|decisionScore=100|words=3970|quality_not_launch_ready,thin (1),alts:2,product:squirrels-nut-butter,uniqueness_duplicative,Squirrel's Nut Butter Original Anti-Chafe Balm Review
P0,NEEDS_UNIQUE_REWRITE,review,running,styrkr-gel30,/reviews/styrkr-gel30,published,DUPLICATIVE,DUPLICATIVE,HIDDEN_404,content_uniqueness_hold|decisionScore=100|words=3951|quality_not_launch_ready,moderate (2),alts:3,product:styrkr-gel30,uniqueness_duplicative,STYRKR GEL30 Review
P0,NEEDS_UNIQUE_REWRITE,review,running,styrkr-mix90,/reviews/styrkr-mix90,published,DUPLICATIVE,DUPLICATIVE,HIDDEN_404,content_uniqueness_hold|decisionScore=100|words=3950|quality_not_launch_ready,thin (1),alts:3,product:styrkr-mix90,uniqueness_duplicative,STYRKR MIX90 Dual-Carb Drink Mix Review
P0,NEEDS_UNIQUE_REWRITE,review,running,suunto-race,/reviews/suunto-race,published,DUPLICATIVE,DUPLICATIVE,HIDDEN_404,content_uniqueness_hold|decisionScore=100|words=3903|quality_not_launch_ready,moderate (2),alts:3,product:suunto-race,uniqueness_duplicative,Suunto Race Review
P0,NEEDS_UNIQUE_REWRITE,review,running,suunto-race-s,/reviews/suunto-race-s,published,DUPLICATIVE,DUPLICATIVE,HIDDEN_404,content_uniqueness_hold|decisionScore=100|words=3959|quality_not_launch_ready,moderate (2),alts:3,product:suunto-race-s,uniqueness_duplicative,Suunto Race S Review
P0,NEEDS_UNIQUE_REWRITE,review,running,suunto-smart-heart-rate-belt,/reviews/suunto-smart-heart-rate-belt,published,DUPLICATIVE,DUPLICATIVE,HIDDEN_404,content_uniqueness_hold|decisionScore=100|words=4026|quality_not_launch_ready,moderate (2),alts:4,product:suunto-smart-heart-rate-belt,uniqueness_duplicative,Suunto Smart Heart Rate Belt Review
P0,NEEDS_UNIQUE_REWRITE,review,running,suunto-wing,/reviews/suunto-wing,published,DUPLICATIVE,DUPLICATIVE,HIDDEN_404,content_uniqueness_hold|decisionScore=100|words=3970|quality_not_launch_ready,moderate (2),alts:4,product:suunto-wing,uniqueness_duplicative,Suunto Wing Review
P0,NEEDS_UNIQUE_REWRITE,review,running,swiftwick-aspire-four,/reviews/swiftwick-aspire-four,published,DUPLICATIVE,DUPLICATIVE,HIDDEN_404,content_uniqueness_hold|decisionScore=100|words=3915|quality_not_launch_ready,thin (1),alts:3,product:swiftwick-aspire-four,uniqueness_duplicative,Swiftwick Aspire Four Review
P0,NEEDS_UNIQUE_REWRITE,review,running,tailwind-endurance-fuel,/reviews/tailwind-endurance-fuel,published,DUPLICATIVE,DUPLICATIVE,HIDDEN_404,content_uniqueness_hold|decisionScore=100|words=3957|quality_not_launch_ready,moderate (2),alts:3,product:tailwind-endurance-fuel,uniqueness_duplicative,Tailwind Endurance Fuel Review
P0,NEEDS_UNIQUE_REWRITE,review,running,therabody-theragun-mini-2,/reviews/therabody-theragun-mini-2,published,DUPLICATIVE,DUPLICATIVE,HIDDEN_404,content_uniqueness_hold|decisionScore=100|words=3970|quality_not_launch_ready,thin (1),alts:2|comps:1,product:therabody-theragun-mini-2,uniqueness_duplicative,Therabody Theragun mini Review
P0,NEEDS_UNIQUE_REWRITE,review,running,therabody-theragun-prime,/reviews/therabody-theragun-prime,published,DUPLICATIVE,DUPLICATIVE,HIDDEN_404,content_uniqueness_hold|decisionScore=100|words=3942|quality_not_launch_ready,moderate (2),alts:4|comps:1,product:therabody-theragun-prime,uniqueness_duplicative,Therabody Theragun Prime Review
P0,NEEDS_UNIQUE_REWRITE,review,running,therabody-theragun-pro,/reviews/therabody-theragun-pro,published,DUPLICATIVE,DUPLICATIVE,HIDDEN_404,content_uniqueness_hold|decisionScore=100|words=4068|quality_not_launch_ready,thin (1),alts:3,product:therabody-theragun-pro,uniqueness_duplicative,Therabody Theragun Pro Review
P0,NEEDS_UNIQUE_REWRITE,review,running,tifosi-rail,/reviews/tifosi-rail,published,DUPLICATIVE,DUPLICATIVE,HIDDEN_404,content_uniqueness_hold|decisionScore=100|words=3938|quality_not_launch_ready,moderate (2),alts:3,product:tifosi-rail,uniqueness_duplicative,Tifosi Rail Review
P0,NEEDS_UNIQUE_REWRITE,review,running,tifosi-vogel,/reviews/tifosi-vogel,published,DUPLICATIVE,DUPLICATIVE,HIDDEN_404,content_uniqueness_hold|decisionScore=100|words=4034|quality_not_launch_ready,moderate (2),alts:3,product:tifosi-vogel,uniqueness_duplicative,Tifosi Vogel Review
P0,NEEDS_UNIQUE_REWRITE,review,running,topo-athletic-phantom-3,/reviews/topo-athletic-phantom-3,published,DUPLICATIVE,DUPLICATIVE,HIDDEN_404,content_uniqueness_hold|decisionScore=100|words=3885|quality_not_launch_ready,moderate (2),alts:4,product:topo-athletic-phantom-3,uniqueness_duplicative,Topo Athletic Phantom 3 Review
P0,NEEDS_UNIQUE_REWRITE,review,running,topo-athletic-specter-2,/reviews/topo-athletic-specter-2,published,DUPLICATIVE,DUPLICATIVE,HIDDEN_404,content_uniqueness_hold|decisionScore=100|words=3957|quality_not_launch_ready,moderate (2),alts:4,product:topo-athletic-specter-2,uniqueness_duplicative,Topo Athletic Specter 2 Review
P0,NEEDS_UNIQUE_REWRITE,review,running,topo-athletic-terraventure-5,/reviews/topo-athletic-terraventure-5,published,DUPLICATIVE,DUPLICATIVE,HIDDEN_404,content_uniqueness_hold|decisionScore=100|words=3964|quality_not_launch_ready,moderate (2),alts:4,product:topo-athletic-terraventure-5,uniqueness_duplicative,Topo Athletic Terraventure 5 Review
P0,NEEDS_UNIQUE_REWRITE,review,running,tracksmith-brighton-ls-men,/reviews/tracksmith-brighton-ls-men,published,DUPLICATIVE,DUPLICATIVE,HIDDEN_404,content_uniqueness_hold|decisionScore=100|words=4020|quality_not_launch_ready,moderate (2),alts:3,product:tracksmith-brighton-ls-men,uniqueness_duplicative,Tracksmith Brighton Long Sleeve (Men) Review
P0,NEEDS_UNIQUE_REWRITE,review,running,tracksmith-session-short-men,/reviews/tracksmith-session-short-men,published,DUPLICATIVE,DUPLICATIVE,HIDDEN_404,content_uniqueness_hold|decisionScore=100|words=4056|quality_not_launch_ready,moderate (2),alts:3,product:tracksmith-session-short-men,uniqueness_duplicative,Tracksmith Session Short (Men) Review
P0,NEEDS_UNIQUE_REWRITE,review,running,tracksmith-session-short-women,/reviews/tracksmith-session-short-women,published,DUPLICATIVE,DUPLICATIVE,HIDDEN_404,content_uniqueness_hold|decisionScore=100|words=3963|quality_not_launch_ready,moderate (2),alts:3,product:tracksmith-session-short-women,uniqueness_duplicative,Tracksmith Session Short (Women) Review
P0,NEEDS_UNIQUE_REWRITE,review,running,tracksmith-turnover-tight-women,/reviews/tracksmith-turnover-tight-women,published,DUPLICATIVE,DUPLICATIVE,HIDDEN_404,content_uniqueness_hold|decisionScore=100|words=3904|quality_not_launch_ready,moderate (2),alts:3,product:tracksmith-turnover-tight-women,uniqueness_duplicative,Tracksmith Turnover Lined Tight (Women) Review
P0,NEEDS_UNIQUE_REWRITE,review,running,tracksmith-twilight-half-men,/reviews/tracksmith-twilight-half-men,published,DUPLICATIVE,DUPLICATIVE,HIDDEN_404,content_uniqueness_hold|decisionScore=100|words=3974|quality_not_launch_ready,moderate (2),alts:3,product:tracksmith-twilight-half-men,uniqueness_duplicative,Tracksmith Twilight Half Tights (Men) Review
P0,NEEDS_UNIQUE_REWRITE,review,running,tracksmith-van-cortlandt-tee-men,/reviews/tracksmith-van-cortlandt-tee-men,published,DUPLICATIVE,DUPLICATIVE,HIDDEN_404,content_uniqueness_hold|decisionScore=100|words=3925|quality_not_launch_ready,moderate (2),alts:3,product:tracksmith-van-cortlandt-tee-men,uniqueness_duplicative,Tracksmith Van Cortlandt / Session Tee (Men) Review
P0,NEEDS_UNIQUE_REWRITE,review,running,triggerpoint-grid-travel,/reviews/triggerpoint-grid-travel,published,DUPLICATIVE,DUPLICATIVE,HIDDEN_404,content_uniqueness_hold|decisionScore=100|words=3980|quality_not_launch_ready,thin (1),alts:3,product:triggerpoint-grid-travel,uniqueness_duplicative,"TriggerPoint GRID Foam Roller 13"" Review"
P0,NEEDS_UNIQUE_REWRITE,review,running,triggerpoint-grid-x,/reviews/triggerpoint-grid-x,published,DUPLICATIVE,DUPLICATIVE,HIDDEN_404,content_uniqueness_hold|decisionScore=100|words=3909|quality_not_launch_ready,thin (1),alts:3,product:triggerpoint-grid-x,uniqueness_duplicative,TriggerPoint GRID X Foam Roller Review
P0,NEEDS_UNIQUE_REWRITE,review,running,ultimate-direction-adventure-vest,/reviews/ultimate-direction-adventure-vest,published,DUPLICATIVE,DUPLICATIVE,HIDDEN_404,content_uniqueness_hold|decisionScore=100|words=3985|quality_not_launch_ready,thin (1),alts:3,product:ultimate-direction-adventure-vest,uniqueness_duplicative,Ultimate Direction Adventure Vest Review
P0,NEEDS_UNIQUE_REWRITE,review,running,ultimate-direction-body-bottle-500,/reviews/ultimate-direction-body-bottle-500,published,DUPLICATIVE,DUPLICATIVE,HIDDEN_404,content_uniqueness_hold|decisionScore=100|words=3924|quality_not_launch_ready,thin (1),alts:3,product:ultimate-direction-body-bottle-500,uniqueness_duplicative,Ultimate Direction Body Bottle 500 Review
P0,NEEDS_UNIQUE_REWRITE,review,running,ultimate-direction-fastpack-20,/reviews/ultimate-direction-fastpack-20,published,DUPLICATIVE,DUPLICATIVE,HIDDEN_404,content_uniqueness_hold|decisionScore=100|words=4021|quality_not_launch_ready,thin (1),alts:3,product:ultimate-direction-fastpack-20,uniqueness_duplicative,Ultimate Direction Fastpack 20 Review
P0,NEEDS_UNIQUE_REWRITE,review,running,ultimate-direction-fastpack-30,/reviews/ultimate-direction-fastpack-30,published,DUPLICATIVE,DUPLICATIVE,HIDDEN_404,content_uniqueness_hold|decisionScore=100|words=4070|quality_not_launch_ready,thin (1),alts:3,product:ultimate-direction-fastpack-30,uniqueness_duplicative,Ultimate Direction Fastpack 30 Review
P0,NEEDS_UNIQUE_REWRITE,review,running,ultimate-direction-fastpack-her-20,/reviews/ultimate-direction-fastpack-her-20,published,DUPLICATIVE,DUPLICATIVE,HIDDEN_404,content_uniqueness_hold|decisionScore=100|words=3946|quality_not_launch_ready,thin (1),alts:3,product:ultimate-direction-fastpack-her-20,uniqueness_duplicative,Ultimate Direction FastpackHer 20 Review
P0,NEEDS_UNIQUE_REWRITE,review,running,ultimate-direction-race-belt,/reviews/ultimate-direction-race-belt,published,DUPLICATIVE,DUPLICATIVE,HIDDEN_404,content_uniqueness_hold|decisionScore=100|words=3964|quality_not_launch_ready,moderate (2),alts:4|comps:1,product:ultimate-direction-race-belt,uniqueness_duplicative,Ultimate Direction Race Belt Review
P0,NEEDS_UNIQUE_REWRITE,review,running,ultimate-direction-race-vest-6,/reviews/ultimate-direction-race-vest-6,published,DUPLICATIVE,DUPLICATIVE,HIDDEN_404,content_uniqueness_hold|decisionScore=100|words=4017|quality_not_launch_ready,moderate (2),alts:4|comps:2,product:ultimate-direction-race-vest-6,uniqueness_duplicative,Ultimate Direction Race Vest 6.0 Review
P0,NEEDS_UNIQUE_REWRITE,review,running,ultimate-direction-ultra-belt,/reviews/ultimate-direction-ultra-belt,published,DUPLICATIVE,DUPLICATIVE,HIDDEN_404,content_uniqueness_hold|decisionScore=100|words=3982|quality_not_launch_ready,moderate (2),alts:4,product:ultimate-direction-ultra-belt,uniqueness_duplicative,Ultimate Direction Ultra Belt Review
P0,NEEDS_UNIQUE_REWRITE,review,running,ultimate-direction-utility-bag,/reviews/ultimate-direction-utility-bag,published,DUPLICATIVE,DUPLICATIVE,HIDDEN_404,content_uniqueness_hold|decisionScore=100|words=3978|quality_not_launch_ready,thin (1),alts:3,product:ultimate-direction-utility-bag,uniqueness_duplicative,Ultimate Direction Utility Bag Review
P0,NEEDS_UNIQUE_REWRITE,review,running,ultraspire-alpha-6,/reviews/ultraspire-alpha-6,published,DUPLICATIVE,DUPLICATIVE,HIDDEN_404,content_uniqueness_hold|decisionScore=100|words=3991|quality_not_launch_ready,moderate (2),alts:4,product:ultraspire-alpha-6,uniqueness_duplicative,UltrAspire Alpha 6.0 Race Vest Review
P0,NEEDS_UNIQUE_REWRITE,review,running,ultraspire-fitted-race-belt-2,/reviews/ultraspire-fitted-race-belt-2,published,DUPLICATIVE,DUPLICATIVE,HIDDEN_404,content_uniqueness_hold|decisionScore=100|words=3968|quality_not_launch_ready,moderate (2),alts:4,product:ultraspire-fitted-race-belt-2,uniqueness_duplicative,UltrAspire Fitted Race Belt 3.0 Review
P0,NEEDS_UNIQUE_REWRITE,review,running,ultraspire-spry-5,/reviews/ultraspire-spry-5,published,DUPLICATIVE,DUPLICATIVE,HIDDEN_404,content_uniqueness_hold|decisionScore=100|words=3991|quality_not_launch_ready,moderate (2),alts:4,product:ultraspire-spry-5,uniqueness_duplicative,UltrAspire Spry 5.0 Review
P0,NEEDS_UNIQUE_REWRITE,review,running,uswe-pace-8,/reviews/uswe-pace-8,published,DUPLICATIVE,DUPLICATIVE,HIDDEN_404,content_uniqueness_hold|decisionScore=100|words=4031|quality_not_launch_ready,moderate (2),alts:4,product:uswe-pace-8,uniqueness_duplicative,USWE Pace 8L Review
P0,NEEDS_UNIQUE_REWRITE,review,running,veloforte-energy-bar,/reviews/veloforte-energy-bar,published,DUPLICATIVE,DUPLICATIVE,HIDDEN_404,content_uniqueness_hold|decisionScore=100|words=3915|quality_not_launch_ready,moderate (2),alts:3,product:veloforte-energy-bar,uniqueness_duplicative,Veloforte Energy Bar Review
P0,NEEDS_UNIQUE_REWRITE,review,running,veloforte-energy-chews,/reviews/veloforte-energy-chews,published,DUPLICATIVE,DUPLICATIVE,HIDDEN_404,content_uniqueness_hold|decisionScore=100|words=3995|quality_not_launch_ready,moderate (2),alts:3,product:veloforte-energy-chews,uniqueness_duplicative,Veloforte Energy Chews Review
P0,NEEDS_UNIQUE_REWRITE,review,running,wahoo-tickr,/reviews/wahoo-tickr,published,DUPLICATIVE,DUPLICATIVE,HIDDEN_404,content_uniqueness_hold|decisionScore=100|words=3941|quality_not_launch_ready,moderate (2),alts:4,product:wahoo-tickr,uniqueness_duplicative,Wahoo TICKR Review
P0,NEEDS_UNIQUE_REWRITE,review,running,wahoo-tickr-fit,/reviews/wahoo-tickr-fit,published,DUPLICATIVE,DUPLICATIVE,HIDDEN_404,content_uniqueness_hold|decisionScore=100|words=3957|quality_not_launch_ready,moderate (2),alts:4,product:wahoo-tickr-fit,uniqueness_duplicative,Wahoo TICKR FIT Review
P0,NEEDS_UNIQUE_REWRITE,review,running,wahoo-tickr-x,/reviews/wahoo-tickr-x,published,DUPLICATIVE,DUPLICATIVE,HIDDEN_404,content_uniqueness_hold|decisionScore=100|words=3902|quality_not_launch_ready,moderate (2),alts:4,product:wahoo-tickr-x,uniqueness_duplicative,Wahoo TICKR X Review
P0,NEEDS_UNIQUE_REWRITE,review,running,wahoo-trackr,/reviews/wahoo-trackr,published,DUPLICATIVE,DUPLICATIVE,HIDDEN_404,content_uniqueness_hold|decisionScore=100|words=3947|quality_not_launch_ready,moderate (2),alts:4|comps:1,product:wahoo-trackr,uniqueness_duplicative,Wahoo TRACKR Heart Rate Review
P0,NEEDS_UNIQUE_REWRITE,review,running,wrightsock-coolmesh-ii,/reviews/wrightsock-coolmesh-ii,published,DUPLICATIVE,DUPLICATIVE,HIDDEN_404,content_uniqueness_hold|decisionScore=100|words=3961|quality_not_launch_ready,thin (1),alts:3,product:wrightsock-coolmesh-ii,uniqueness_duplicative,Wrightsock Coolmesh II Review
P0,NEEDS_RELATIONSHIP_FIX,alternatives,running,100-percent-s3,/products/100-percent-s3/alternatives,published,INELIGIBLE,N/A,HIDDEN_404,need ≥2 distinct alternative types,n/a,alts:4|types:1,source:100-percent-s3;alt:oakley-sutro-lite;alt:oakley-kato;alt:rudy-project-cutline;alt:oakley-encoder,need ≥2 distinct alternative types,100% S3 alternatives
P0,NEEDS_RELATIONSHIP_FIX,alternatives,running,226ers-high-energy-gel,/products/226ers-high-energy-gel/alternatives,published,INELIGIBLE,N/A,HIDDEN_404,need ≥2 distinct alternative types,n/a,alts:3|types:1,source:226ers-high-energy-gel;alt:sis-beta-fuel-gel;alt:maurten-gel-160;alt:precision-pf30-gel,need ≥2 distinct alternative types,226ERS High Energy Gel alternatives
P0,NEEDS_RELATIONSHIP_FIX,alternatives,running,2toms-sportshield,/products/2toms-sportshield/alternatives,published,INELIGIBLE,N/A,HIDDEN_404,need ≥3 alternatives (have 2)|need ≥2 distinct alternative types|need meaningful unique reasons on ≥3 alts,n/a,alts:2|types:1,source:2toms-sportshield;alt:body-glide-original;alt:squirrels-nut-butter,need ≥3 alternatives (have 2);need ≥2 distinct alternative types;need meaningful unique reasons on ≥3 alts,2Toms SportShield Anti-Chafe Roll-On alternatives
P0,NEEDS_RELATIONSHIP_FIX,alternatives,running,2xu-refresh-recovery-tights,/products/2xu-refresh-recovery-tights/alternatives,draft,INELIGIBLE,N/A,HIDDEN_404,parent_product_hidden|not_production_exposed,n/a,alts:0|types:0,source:2xu-refresh-recovery-tights,source product not published;need ≥3 alternatives (have 0);need ≥2 distinct alternative types;need meaningful unique reasons on ≥3 alts;field_alts_without_graph,2XU Refresh Recovery Tights alternatives
P0,NEEDS_RELATIONSHIP_FIX,alternatives,running,adidas-adizero-adios-pro-4,/products/adidas-adizero-adios-pro-4/alternatives,published,INELIGIBLE,N/A,HIDDEN_404,need ≥2 distinct alternative types,n/a,alts:5|types:1,source:adidas-adizero-adios-pro-4;alt:saucony-endorphin-pro-3;alt:nike-vaporfly-4;alt:nike-alphafly-3;alt:new-balance-fuelcell-supercomp-elite-v4;alt:saucony-endorphin-pro-4,need ≥2 distinct alternative types,Adidas Adizero Adios Pro 4 alternatives
P0,NEEDS_RELATIONSHIP_FIX,alternatives,running,adidas-adizero-boston-13,/products/adidas-adizero-boston-13/alternatives,published,INELIGIBLE,N/A,HIDDEN_404,need ≥3 alternatives (have 2)|need ≥2 distinct alternative types|need meaningful unique reasons on ≥3 alts,n/a,alts:2|types:1,source:adidas-adizero-boston-13;alt:saucony-endorphin-speed-5;alt:hoka-mach-6,need ≥3 alternatives (have 2);need ≥2 distinct alternative types;need meaningful unique reasons on ≥3 alts,Adidas Adizero Boston 13 alternatives
P0,NEEDS_RELATIONSHIP_FIX,alternatives,running,adidas-adizero-evo-sl,/products/adidas-adizero-evo-sl/alternatives,published,INELIGIBLE,N/A,HIDDEN_404,need ≥2 distinct alternative types,n/a,alts:3|types:1,source:adidas-adizero-evo-sl;alt:saucony-endorphin-speed-5;alt:hoka-mach-6;alt:topo-athletic-specter-2,need ≥2 distinct alternative types,Adidas Adizero Evo SL alternatives
P0,NEEDS_RELATIONSHIP_FIX,alternatives,running,adidas-own-the-run-short-men,/products/adidas-own-the-run-short-men/alternatives,published,INELIGIBLE,N/A,HIDDEN_404,need ≥2 distinct alternative types,n/a,alts:3|types:1,source:adidas-own-the-run-short-men;alt:nb-rc-essential-short-men;alt:nike-dri-fit-stride-short;alt:craft-adv-essence-short,need ≥2 distinct alternative types,adidas Own the Run Short (Men) alternatives
P0,NEEDS_RELATIONSHIP_FIX,alternatives,running,adidas-own-the-run-tee-men,/products/adidas-own-the-run-tee-men/alternatives,published,INELIGIBLE,N/A,HIDDEN_404,need ≥2 distinct alternative types,n/a,alts:3|types:1,source:adidas-own-the-run-tee-men;alt:nike-dri-fit-miler-men;alt:janji-run-tee-men;alt:patagonia-capilene-cool-daily-men,need ≥2 distinct alternative types,adidas Own the Run Tee (Men) alternatives
P0,NEEDS_RELATIONSHIP_FIX,alternatives,running,adidas-terrex-agravic-3,/products/adidas-terrex-agravic-3/alternatives,published,INELIGIBLE,N/A,HIDDEN_404,need ≥3 alternatives (have 2)|need ≥2 distinct alternative types|need meaningful unique reasons on ≥3 alts,n/a,alts:2|types:1,source:adidas-terrex-agravic-3;alt:brooks-cascadia-18;alt:salomon-sense-ride-5,need ≥3 alternatives (have 2);need ≥2 distinct alternative types;need meaningful unique reasons on ≥3 alts,Adidas Terrex Agravic 3 alternatives
P0,NEEDS_RELATIONSHIP_FIX,alternatives,running,adidas-ultraboost-5,/products/adidas-ultraboost-5/alternatives,published,INELIGIBLE,N/A,HIDDEN_404,need ≥2 distinct alternative types,n/a,alts:3|types:1,source:adidas-ultraboost-5;alt:hoka-bondi-9;alt:brooks-glycerin-22;alt:on-cloudsurfer-2,need ≥2 distinct alternative types,Adidas Ultraboost 5 alternatives
P0,NEEDS_RELATIONSHIP_FIX,alternatives,running,altra-escalante-4,/products/altra-escalante-4/alternatives,published,INELIGIBLE,N/A,HIDDEN_404,need ≥3 alternatives (have 2)|need ≥2 distinct alternative types|need meaningful unique reasons on ≥3 alts,n/a,alts:2|types:1,source:altra-escalante-4;alt:altra-torin-8;alt:topo-athletic-phantom-3,need ≥3 alternatives (have 2);need ≥2 distinct alternative types;need meaningful unique reasons on ≥3 alts,Altra Escalante 4 alternatives
P0,NEEDS_RELATIONSHIP_FIX,alternatives,running,altra-experience-flow,/products/altra-experience-flow/alternatives,published,INELIGIBLE,N/A,HIDDEN_404,need ≥3 alternatives (have 2)|need ≥2 distinct alternative types|need meaningful unique reasons on ≥3 alts,n/a,alts:2|types:1,source:altra-experience-flow;alt:topo-athletic-phantom-3;alt:saucony-ride-18,need ≥3 alternatives (have 2);need ≥2 distinct alternative types;need meaningful unique reasons on ≥3 alts,Altra Experience Flow alternatives
P0,NEEDS_RELATIONSHIP_FIX,alternatives,running,altra-lone-peak-8,/products/altra-lone-peak-8/alternatives,published,INELIGIBLE,N/A,HIDDEN_404,need ≥2 distinct alternative types,n/a,alts:5|types:1,source:altra-lone-peak-8;alt:saucony-peregrine-15;alt:hoka-speedgoat-6;alt:salomon-sense-ride-5;alt:inov8-trailfly-ultra-g-300-max;alt:brooks-cascadia-18,need ≥2 distinct alternative types,Altra Lone Peak 8 alternatives
P0,NEEDS_RELATIONSHIP_FIX,alternatives,running,altra-paradigm-7,/products/altra-paradigm-7/alternatives,published,INELIGIBLE,N/A,HIDDEN_404,need ≥2 distinct alternative types,n/a,alts:4|types:1,source:altra-paradigm-7;alt:altra-torin-8;alt:hoka-bondi-9;alt:hoka-gaviota-5;alt:topo-athletic-terraventure-5,need ≥2 distinct alternative types,Altra Paradigm 7 alternatives
P0,NEEDS_RELATIONSHIP_FIX,alternatives,running,altra-torin-8,/products/altra-torin-8/alternatives,published,INELIGIBLE,N/A,HIDDEN_404,need ≥2 distinct alternative types,n/a,alts:3|types:1,source:altra-torin-8;alt:altra-paradigm-7;alt:topo-athletic-phantom-3;alt:altra-escalante-4,need ≥2 distinct alternative types,Altra Torin 8 alternatives
P0,NEEDS_RELATIONSHIP_FIX,alternatives,running,amphipod-airflow-armband,/products/amphipod-airflow-armband/alternatives,draft,INELIGIBLE,N/A,HIDDEN_404,parent_product_hidden|not_production_exposed,n/a,alts:0|types:0,source:amphipod-airflow-armband,source product not published;need ≥3 alternatives (have 0);need ≥2 distinct alternative types;need meaningful unique reasons on ≥3 alts;field_alts_without_graph,Amphipod AirFlow Phone Armband alternatives
P0,NEEDS_RELATIONSHIP_FIX,alternatives,running,amphipod-airflow-lite-belt,/products/amphipod-airflow-lite-belt/alternatives,published,INELIGIBLE,N/A,HIDDEN_404,need ≥2 distinct alternative types,n/a,alts:4|types:1,source:amphipod-airflow-lite-belt;alt:spibelt-original;alt:flipbelt-classic;alt:nathan-zipster-lite;alt:kiprun-running-belt,need ≥2 distinct alternative types,Amphipod AirFlow Lite Belt alternatives
P0,NEEDS_RELATIONSHIP_FIX,alternatives,running,amphipod-hydraform-ergo-lite-handheld,/products/amphipod-hydraform-ergo-lite-handheld/alternatives,published,INELIGIBLE,N/A,HIDDEN_404,need ≥3 alternatives (have 2)|need ≥2 distinct alternative types|need meaningful unique reasons on ≥3 alts,n/a,alts:2|types:1,source:amphipod-hydraform-ergo-lite-handheld;alt:camelbak-quick-grip-chill;alt:hydrapak-skyflask-speed-500,need ≥3 alternatives (have 2);need ≥2 distinct alternative types;need meaningful unique reasons on ≥3 alts,Amphipod Hydraform Ergo-Lite Handheld alternatives
P0,NEEDS_RELATIONSHIP_FIX,alternatives,running,amphipod-reflective-armband,/products/amphipod-reflective-armband/alternatives,draft,INELIGIBLE,N/A,HIDDEN_404,parent_product_hidden|not_production_exposed,n/a,alts:0|types:0,source:amphipod-reflective-armband,source product not published;need ≥3 alternatives (have 0);need ≥2 distinct alternative types;need meaningful unique reasons on ≥3 alts;field_alts_without_graph,Amphipod Reflective Armband alternatives
P0,NEEDS_RELATIONSHIP_FIX,alternatives,running,amphipod-vizlet-led,/products/amphipod-vizlet-led/alternatives,published,INELIGIBLE,N/A,HIDDEN_404,need ≥3 alternatives (have 0)|need ≥2 distinct alternative types|need meaningful unique reasons on ≥3 alts,n/a,alts:0|types:0,source:amphipod-vizlet-led,need ≥3 alternatives (have 0);need ≥2 distinct alternative types;need meaningful unique reasons on ≥3 alts;field_alts_without_graph,Amphipod Vizlet LED Reflector alternatives
P0,NEEDS_RELATIONSHIP_FIX,alternatives,running,amphipod-xinglet-optic-beam,/products/amphipod-xinglet-optic-beam/alternatives,published,INELIGIBLE,N/A,HIDDEN_404,need ≥2 distinct alternative types,n/a,alts:3|types:1,source:amphipod-xinglet-optic-beam;alt:amphipod-xinglet;alt:proviz-reflect360-running-vest;alt:nathan-streak-reflective-vest,need ≥2 distinct alternative types,Amphipod Xinglet Optic Beam Rechargeable Vest alternatives
P0,NEEDS_RELATIONSHIP_FIX,alternatives,running,amphipod-xinglet,/products/amphipod-xinglet/alternatives,published,INELIGIBLE,N/A,HIDDEN_404,need ≥2 distinct alternative types,n/a,alts:3|types:1,source:amphipod-xinglet;alt:nathan-streak-reflective-vest;alt:proviz-reflect360-running-vest;alt:amphipod-xinglet-optic-beam,need ≥2 distinct alternative types,Amphipod Xinglet Reflective Sash alternatives
P0,NEEDS_RELATIONSHIP_FIX,alternatives,running,apple-airpods-4,/products/apple-airpods-4/alternatives,published,INELIGIBLE,N/A,HIDDEN_404,need ≥2 distinct alternative types,n/a,alts:4|types:1,source:apple-airpods-4;alt:apple-airpods-pro-2;alt:beats-fit-pro;alt:shokz-opendots-one;alt:bose-ultra-open-earbuds,need ≥2 distinct alternative types,Apple AirPods 4 alternatives
P0,NEEDS_RELATIONSHIP_FIX,alternatives,running,apple-airpods-pro-2,/products/apple-airpods-pro-2/alternatives,published,INELIGIBLE,N/A,HIDDEN_404,need ≥2 distinct alternative types,n/a,alts:4|types:1,source:apple-airpods-pro-2;alt:beats-fit-pro;alt:apple-airpods-4;alt:shokz-openrun-pro-2;alt:bose-ultra-open-earbuds,need ≥2 distinct alternative types,Apple AirPods Pro 2 alternatives
P0,NEEDS_RELATIONSHIP_FIX,alternatives,running,apple-watch-ultra-2,/products/apple-watch-ultra-2/alternatives,published,INELIGIBLE,N/A,HIDDEN_404,need ≥3 alternatives (have 2)|need ≥2 distinct alternative types|need meaningful unique reasons on ≥3 alts,n/a,alts:2|types:1,source:apple-watch-ultra-2;alt:garmin-forerunner-970;alt:coros-pace-pro,need ≥3 alternatives (have 2);need ≥2 distinct alternative types;need meaningful unique reasons on ≥3 alts,Apple Watch Ultra 2 alternatives
P0,NEEDS_RELATIONSHIP_FIX,alternatives,running,asics-core-split-short,/products/asics-core-split-short/alternatives,published,INELIGIBLE,N/A,HIDDEN_404,need ≥2 distinct alternative types,n/a,alts:4|types:1,source:asics-core-split-short;alt:nike-aeroswift-singlet-men;alt:nike-dri-fit-stride-short;alt:tracksmith-session-short-men;alt:tracksmith-session-short-women,need ≥2 distinct alternative types,ASICS Core Split Short alternatives
P0,NEEDS_RELATIONSHIP_FIX,alternatives,running,asics-gel-trabuco-13,/products/asics-gel-trabuco-13/alternatives,published,INELIGIBLE,N/A,HIDDEN_404,need ≥2 distinct alternative types,n/a,alts:3|types:1,source:asics-gel-trabuco-13;alt:saucony-peregrine-15;alt:new-balance-fresh-foam-x-hierro-v9;alt:saucony-xodus-ultra-3,need ≥2 distinct alternative types,ASICS Gel-Trabuco 13 alternatives
P0,NEEDS_RELATIONSHIP_FIX,alternatives,running,asics-gt-1000-13,/products/asics-gt-1000-13/alternatives,published,INELIGIBLE,N/A,HIDDEN_404,need ≥3 alternatives (have 2)|need ≥2 distinct alternative types|need meaningful unique reasons on ≥3 alts,n/a,alts:2|types:1,source:asics-gt-1000-13;alt:saucony-guide-18;alt:new-balance-fresh-foam-x-860-v14,need ≥3 alternatives (have 2);need ≥2 distinct alternative types;need meaningful unique reasons on ≥3 alts,ASICS GT-1000 13 alternatives
P0,NEEDS_RELATIONSHIP_FIX,alternatives,running,asics-novablast-4,/products/asics-novablast-4/alternatives,published,INELIGIBLE,N/A,HIDDEN_404,need ≥2 distinct alternative types,n/a,alts:4|types:1,source:asics-novablast-4;alt:brooks-ghost-18;alt:hoka-clifton-10;alt:asics-novablast-5;alt:asics-novablast-6,need ≥2 distinct alternative types,ASICS Novablast 4 alternatives
P0,NEEDS_RELATIONSHIP_FIX,alternatives,running,asics-race-singlet-men,/products/asics-race-singlet-men/alternatives,draft,INELIGIBLE,N/A,HIDDEN_404,parent_product_hidden|not_production_exposed,n/a,alts:0|types:0,source:asics-race-singlet-men,source product not published;need ≥3 alternatives (have 0);need ≥2 distinct alternative types;need meaningful unique reasons on ≥3 alts;field_alts_without_graph,ASICS Race Singlet (Men) alternatives
P0,NEEDS_RELATIONSHIP_FIX,alternatives,running,asics-superblast-2,/products/asics-superblast-2/alternatives,published,INELIGIBLE,N/A,HIDDEN_404,need ≥2 distinct alternative types,n/a,alts:6|types:1,source:asics-superblast-2;alt:on-cloudmonster-hyper;alt:asics-novablast-6;alt:new-balance-fuelcell-supercomp-trainer-v3;alt:hoka-bondi-9;alt:brooks-hyperion-max-2;alt:on-cloudmonster-2,need ≥2 distinct alternative types,ASICS SUPERBLAST 2 alternatives
P0,NEEDS_RELATIONSHIP_FIX,alternatives,running,assaultrunner-elite,/products/assaultrunner-elite/alternatives,published,INELIGIBLE,N/A,HIDDEN_404,need ≥2 distinct alternative types,n/a,alts:3|types:1,source:assaultrunner-elite;alt:assaultrunner-pro;alt:mirafit-folding-treadmill;alt:sole-f80-treadmill,need ≥2 distinct alternative types,Assault Fitness AssaultRunner Elite alternatives
P0,NEEDS_RELATIONSHIP_FIX,alternatives,running,assaultrunner-pro,/products/assaultrunner-pro/alternatives,published,INELIGIBLE,N/A,HIDDEN_404,need ≥2 distinct alternative types,n/a,alts:3|types:1,source:assaultrunner-pro;alt:mirafit-folding-treadmill;alt:assaultrunner-elite;alt:sole-f80-treadmill,need ≥2 distinct alternative types,Assault Fitness AssaultRunner Pro alternatives
P0,NEEDS_RELATIONSHIP_FIX,alternatives,running,balega-blister-resist,/products/balega-blister-resist/alternatives,published,INELIGIBLE,N/A,HIDDEN_404,need ≥2 distinct alternative types,n/a,alts:4|types:1,source:balega-blister-resist;alt:wrightsock-coolmesh-ii;alt:balega-hidden-comfort;alt:feetures-elite-light-cushion;alt:injinji-run-midweight,need ≥2 distinct alternative types,Balega Blister Resist Quarter alternatives
P0,NEEDS_RELATIONSHIP_FIX,alternatives,running,beats-fit-pro,/products/beats-fit-pro/alternatives,published,INELIGIBLE,N/A,HIDDEN_404,need ≥2 distinct alternative types,n/a,alts:4|types:1,source:beats-fit-pro;alt:beats-powerbeats-pro-2;alt:apple-airpods-pro-2;alt:soundcore-sport-x20;alt:apple-airpods-4,need ≥2 distinct alternative types,Beats Fit Pro alternatives
P0,NEEDS_RELATIONSHIP_FIX,alternatives,running,beats-powerbeats-pro-2,/products/beats-powerbeats-pro-2/alternatives,draft,INELIGIBLE,N/A,HIDDEN_404,parent_product_hidden|not_production_exposed,n/a,alts:1|types:1,source:beats-powerbeats-pro-2;alt:beats-fit-pro,source product not published;need ≥3 alternatives (have 1);need ≥2 distinct alternative types;need meaningful unique reasons on ≥3 alts,Beats Powerbeats Pro 2 alternatives
P0,NEEDS_RELATIONSHIP_FIX,alternatives,running,biolite-headlamp-425,/products/biolite-headlamp-425/alternatives,draft,INELIGIBLE,N/A,HIDDEN_404,parent_product_hidden|not_production_exposed,n/a,alts:0|types:0,source:biolite-headlamp-425,source product not published;need ≥3 alternatives (have 0);need ≥2 distinct alternative types;need meaningful unique reasons on ≥3 alts;field_alts_without_graph,BioLite HeadLamp 425 alternatives
P0,NEEDS_RELATIONSHIP_FIX,alternatives,running,biolite-headlamp-800-pro,/products/biolite-headlamp-800-pro/alternatives,published,INELIGIBLE,N/A,HIDDEN_404,need ≥2 distinct alternative types,n/a,alts:5|types:1,source:biolite-headlamp-800-pro;alt:petzl-nao-rl;alt:black-diamond-distance-1500;alt:petzl-swift-rl;alt:ledlenser-neo9r;alt:nitecore-nu43,need ≥2 distinct alternative types,BioLite HeadLamp 800 Pro alternatives
P0,NEEDS_RELATIONSHIP_FIX,alternatives,running,black-diamond-distance-15,/products/black-diamond-distance-15/alternatives,published,INELIGIBLE,N/A,HIDDEN_404,need ≥2 distinct alternative types,n/a,alts:7|types:1,source:black-diamond-distance-15;alt:ultimate-direction-fastpack-20;alt:black-diamond-distance-22;alt:salomon-custom-quiver;alt:osprey-talon-velocity-20;alt:black-diamond-distance-8;alt:salomon-xa-15;alt:salomon-adv-skin-12,need ≥2 distinct alternative types,Black Diamond Distance 15 Backpack alternatives
P0,NEEDS_RELATIONSHIP_FIX,alternatives,running,black-diamond-distance-1500,/products/black-diamond-distance-1500/alternatives,published,INELIGIBLE,N/A,HIDDEN_404,need ≥2 distinct alternative types,n/a,alts:3|types:1,source:black-diamond-distance-1500;alt:petzl-nao-rl;alt:ledlenser-neo9r;alt:biolite-headlamp-800-pro,need ≥2 distinct alternative types,Black Diamond Distance 1500 alternatives
P0,NEEDS_RELATIONSHIP_FIX,alternatives,running,black-diamond-distance-22,/products/black-diamond-distance-22/alternatives,published,INELIGIBLE,N/A,HIDDEN_404,need ≥2 distinct alternative types,n/a,alts:5|types:1,source:black-diamond-distance-22;alt:osprey-talon-velocity-30;alt:black-diamond-distance-15;alt:ultimate-direction-fastpack-30;alt:ultimate-direction-fastpack-20;alt:osprey-talon-velocity-20,need ≥2 distinct alternative types,Black Diamond Distance 22 Backpack alternatives
P0,NEEDS_RELATIONSHIP_FIX,alternatives,running,black-diamond-distance-8,/products/black-diamond-distance-8/alternatives,published,INELIGIBLE,N/A,HIDDEN_404,need ≥2 distinct alternative types,n/a,alts:5|types:1,source:black-diamond-distance-8;alt:uswe-pace-8;alt:nathan-vaporair-4;alt:ultimate-direction-race-vest-6;alt:salomon-adv-skin-5;alt:black-diamond-distance-15,need ≥2 distinct alternative types,Black Diamond Distance 8 alternatives
P0,NEEDS_RELATIONSHIP_FIX,alternatives,running,black-diamond-spot-400-r,/products/black-diamond-spot-400-r/alternatives,published,INELIGIBLE,N/A,HIDDEN_404,need ≥2 distinct alternative types,n/a,alts:3|types:1,source:black-diamond-spot-400-r;alt:petzl-actik-core;alt:petzl-swift-rl;alt:silva-trail-runner-free-2,need ≥2 distinct alternative types,Black Diamond Spot 400-R alternatives
P0,NEEDS_RELATIONSHIP_FIX,alternatives,running,black-diamond-storm-500-r,/products/black-diamond-storm-500-r/alternatives,draft,INELIGIBLE,N/A,HIDDEN_404,parent_product_hidden|not_production_exposed,n/a,alts:0|types:0,source:black-diamond-storm-500-r,source product not published;need ≥3 alternatives (have 0);need ≥2 distinct alternative types;need meaningful unique reasons on ≥3 alts;field_alts_without_graph,Black Diamond Storm 500-R alternatives
P0,NEEDS_RELATIONSHIP_FIX,alternatives,running,blackroll-pro,/products/blackroll-pro/alternatives,published,INELIGIBLE,N/A,HIDDEN_404,need ≥3 alternatives (have 1)|need ≥2 distinct alternative types|need meaningful unique reasons on ≥3 alts,n/a,alts:1|types:1,source:blackroll-pro;alt:triggerpoint-grid-x,need ≥3 alternatives (have 1);need ≥2 distinct alternative types;need meaningful unique reasons on ≥3 alts,BLACKROLL PRO Foam Roller alternatives
P0,NEEDS_RELATIONSHIP_FIX,alternatives,running,body-glide-original,/products/body-glide-original/alternatives,published,INELIGIBLE,N/A,HIDDEN_404,need ≥3 alternatives (have 2)|need ≥2 distinct alternative types|need meaningful unique reasons on ≥3 alts,n/a,alts:2|types:1,source:body-glide-original;alt:squirrels-nut-butter;alt:2toms-sportshield,need ≥3 alternatives (have 2);need ≥2 distinct alternative types;need meaningful unique reasons on ≥3 alts,Body Glide Original Anti-Chafe Balm alternatives
P0,NEEDS_RELATIONSHIP_FIX,alternatives,running,bombas-performance-running-quarter,/products/bombas-performance-running-quarter/alternatives,draft,INELIGIBLE,N/A,HIDDEN_404,parent_product_hidden|not_production_exposed,n/a,alts:0|types:0,source:bombas-performance-running-quarter,source product not published;need ≥3 alternatives (have 0);need ≥2 distinct alternative types;need meaningful unique reasons on ≥3 alts;field_alts_without_graph,Bombas Performance Running Quarter alternatives
P0,NEEDS_RELATIONSHIP_FIX,alternatives,running,bose-ultra-open-earbuds,/products/bose-ultra-open-earbuds/alternatives,published,INELIGIBLE,N/A,HIDDEN_404,need ≥2 distinct alternative types,n/a,alts:8|types:1,source:bose-ultra-open-earbuds;alt:shokz-opendots-one;alt:shokz-openrun;alt:shokz-openfit-2;alt:soundcore-aerofit-2;alt:suunto-wing;alt:apple-airpods-4;alt:shokz-openrun-pro-2;alt:apple-airpods-pro-2,need ≥2 distinct alternative types,Bose Ultra Open Earbuds alternatives
P0,NEEDS_RELATIONSHIP_FIX,alternatives,running,brazyn-morph,/products/brazyn-morph/alternatives,published,INELIGIBLE,N/A,HIDDEN_404,need ≥3 alternatives (have 2)|need ≥2 distinct alternative types|need meaningful unique reasons on ≥3 alts,n/a,alts:2|types:1,source:brazyn-morph;alt:triggerpoint-grid-travel;alt:hyperice-vyper-3,need ≥3 alternatives (have 2);need ≥2 distinct alternative types;need meaningful unique reasons on ≥3 alts,Brazyn Morph Collapsible Foam Roller alternatives
P0,NEEDS_RELATIONSHIP_FIX,alternatives,running,brooks-canopy-jacket-men,/products/brooks-canopy-jacket-men/alternatives,published,INELIGIBLE,N/A,HIDDEN_404,need ≥2 distinct alternative types,n/a,alts:3|types:1,source:brooks-canopy-jacket-men;alt:patagonia-houdini-men;alt:on-weather-jacket-men;alt:craft-adv-essence-light-wind-men,need ≥2 distinct alternative types,Brooks Canopy Jacket (Men) alternatives
P0,NEEDS_RELATIONSHIP_FIX,alternatives,running,brooks-cascadia-18,/products/brooks-cascadia-18/alternatives,published,INELIGIBLE,N/A,HIDDEN_404,need ≥2 distinct alternative types,n/a,alts:7|types:1,source:brooks-cascadia-18;alt:adidas-terrex-agravic-3;alt:salomon-sense-ride-5;alt:hoka-speedgoat-6;alt:salomon-genesis;alt:saucony-xodus-ultra-3;alt:topo-athletic-terraventure-5;alt:altra-lone-peak-8,need ≥2 distinct alternative types,Brooks Cascadia 18 alternatives
P0,NEEDS_RELATIONSHIP_FIX,alternatives,running,brooks-chaser-5-women,/products/brooks-chaser-5-women/alternatives,published,INELIGIBLE,N/A,HIDDEN_404,need ≥2 distinct alternative types,n/a,alts:4|types:1,source:brooks-chaser-5-women;alt:tracksmith-session-short-women;alt:janji-pace-short-women;alt:patagonia-trailfarer-short-women;alt:on-performance-tight-women,need ≥2 distinct alternative types,"Brooks Chaser 5"" Short Tight (Women) alternatives"
P0,NEEDS_RELATIONSHIP_FIX,alternatives,running,brooks-dare-crossback,/products/brooks-dare-crossback/alternatives,draft,INELIGIBLE,N/A,HIDDEN_404,parent_product_hidden|not_production_exposed,n/a,alts:2|types:2,source:brooks-dare-crossback;alt:lululemon-energy-bra;alt:lululemon-energy-bra,source product not published;need ≥3 alternatives (have 2);need meaningful unique reasons on ≥3 alts,Brooks Dare Crossback Run Bra alternatives
P0,NEEDS_RELATIONSHIP_FIX,alternatives,running,brooks-ghost-short-sleeve,/products/brooks-ghost-short-sleeve/alternatives,draft,INELIGIBLE,N/A,HIDDEN_404,parent_product_hidden|not_production_exposed,n/a,alts:0|types:0,source:brooks-ghost-short-sleeve,source product not published;need ≥3 alternatives (have 0);need ≥2 distinct alternative types;need meaningful unique reasons on ≥3 alts;field_alts_without_graph,Brooks Ghost Short Sleeve alternatives
P0,NEEDS_RELATIONSHIP_FIX,alternatives,running,brooks-glycerin-21,/products/brooks-glycerin-21/alternatives,published,INELIGIBLE,N/A,HIDDEN_404,need ≥3 alternatives (have 1)|need ≥2 distinct alternative types|need meaningful unique reasons on ≥3 alts,n/a,alts:1|types:1,source:brooks-glycerin-21;alt:brooks-glycerin-22,need ≥3 alternatives (have 1);need ≥2 distinct alternative types;need meaningful unique reasons on ≥3 alts,Brooks Glycerin 21 alternatives
P0,NEEDS_RELATIONSHIP_FIX,alternatives,running,brooks-glycerin-22,/products/brooks-glycerin-22/alternatives,published,INELIGIBLE,N/A,HIDDEN_404,need ≥2 distinct alternative types,n/a,alts:5|types:1,source:brooks-glycerin-22;alt:adidas-ultraboost-5;alt:nike-vomero-18;alt:hoka-bondi-9;alt:brooks-glycerin-21;alt:saucony-triumph-22,need ≥2 distinct alternative types,Brooks Glycerin 22 alternatives
P0,NEEDS_RELATIONSHIP_FIX,alternatives,running,brooks-glycerin-gts-22,/products/brooks-glycerin-gts-22/alternatives,published,INELIGIBLE,N/A,HIDDEN_404,need ≥3 alternatives (have 2)|need ≥2 distinct alternative types|need meaningful unique reasons on ≥3 alts,n/a,alts:2|types:1,source:brooks-glycerin-gts-22;alt:asics-gel-kayano-32;alt:hoka-gaviota-5,need ≥3 alternatives (have 2);need ≥2 distinct alternative types;need meaningful unique reasons on ≥3 alts,Brooks Glycerin GTS 22 alternatives
P0,NEEDS_RELATIONSHIP_FIX,alternatives,running,brooks-hyperion-max-2,/products/brooks-hyperion-max-2/alternatives,published,INELIGIBLE,N/A,HIDDEN_404,need ≥2 distinct alternative types,n/a,alts:4|types:1,source:brooks-hyperion-max-2;alt:saucony-endorphin-speed-5;alt:asics-superblast-2;alt:new-balance-fuelcell-supercomp-trainer-v3;alt:puma-deviate-nitro-3,need ≥2 distinct alternative types,Brooks Hyperion Max 2 alternatives
P0,NEEDS_RELATIONSHIP_FIX,alternatives,running,brooks-lsd-thermal-vest-men,/products/brooks-lsd-thermal-vest-men/alternatives,draft,INELIGIBLE,N/A,HIDDEN_404,parent_product_hidden|not_production_exposed,n/a,alts:0|types:0,source:brooks-lsd-thermal-vest-men,source product not published;need ≥3 alternatives (have 0);need ≥2 distinct alternative types;need meaningful unique reasons on ≥3 alts;field_alts_without_graph,Brooks LSD Thermal Vest (Men) alternatives
P0,NEEDS_RELATIONSHIP_FIX,alternatives,running,brooks-method-tight-women,/products/brooks-method-tight-women/alternatives,published,INELIGIBLE,N/A,HIDDEN_404,need ≥2 distinct alternative types,n/a,alts:4|types:1,source:brooks-method-tight-women;alt:tracksmith-twilight-half-men;alt:tracksmith-turnover-tight-women;alt:on-performance-tight-women;alt:patagonia-endless-run-tight-women,need ≥2 distinct alternative types,Brooks Method 7/8 Tight (Women) alternatives
P0,NEEDS_RELATIONSHIP_FIX,alternatives,running,brooks-notch-thermal-beanie,/products/brooks-notch-thermal-beanie/alternatives,published,INELIGIBLE,N/A,HIDDEN_404,need ≥3 alternatives (have 2)|need ≥2 distinct alternative types|need meaningful unique reasons on ≥3 alts,n/a,alts:2|types:1,source:brooks-notch-thermal-beanie;alt:ciele-gocap-athletics;alt:nike-aerobill-cap,need ≥3 alternatives (have 2);need ≥2 distinct alternative types;need meaningful unique reasons on ≥3 alts,Brooks Notch Thermal Beanie alternatives
P0,NEEDS_RELATIONSHIP_FIX,alternatives,running,brooks-notch-thermal-men,/products/brooks-notch-thermal-men/alternatives,published,INELIGIBLE,N/A,HIDDEN_404,need ≥3 alternatives (have 1)|need ≥2 distinct alternative types|need meaningful unique reasons on ≥3 alts,n/a,alts:1|types:1,source:brooks-notch-thermal-men;alt:patagonia-nano-puff-vest-men,need ≥3 alternatives (have 1);need ≥2 distinct alternative types;need meaningful unique reasons on ≥3 alts,Brooks Notch Thermal Hoodie (Men) alternatives
P0,NEEDS_RELATIONSHIP_FIX,alternatives,running,brooks-sherpa-7-men,/products/brooks-sherpa-7-men/alternatives,published,INELIGIBLE,N/A,HIDDEN_404,need ≥3 alternatives (have 2)|need ≥2 distinct alternative types|need meaningful unique reasons on ≥3 alts,n/a,alts:2|types:1,source:brooks-sherpa-7-men;alt:janji-multi-short-men;alt:rabbit-fuel-n-fly-men,need ≥3 alternatives (have 2);need ≥2 distinct alternative types;need meaningful unique reasons on ≥3 alts,"Brooks Sherpa 7"" 2-in-1 Short (Men) alternatives"
P0,NEEDS_RELATIONSHIP_FIX,alternatives,running,buff-coolnet-uv,/products/buff-coolnet-uv/alternatives,published,INELIGIBLE,N/A,HIDDEN_404,need ≥3 alternatives (have 2)|need ≥2 distinct alternative types|need meaningful unique reasons on ≥3 alts,n/a,alts:2|types:1,source:buff-coolnet-uv;alt:buff-original;alt:buff-merino-lightweight,need ≥3 alternatives (have 2);need ≥2 distinct alternative types;need meaningful unique reasons on ≥3 alts,BUFF CoolNet UV+ Multifunctional Neckwear alternatives
P0,NEEDS_RELATIONSHIP_FIX,alternatives,running,buff-merino-lightweight,/products/buff-merino-lightweight/alternatives,published,INELIGIBLE,N/A,HIDDEN_404,need ≥3 alternatives (have 2)|need ≥2 distinct alternative types|need meaningful unique reasons on ≥3 alts,n/a,alts:2|types:1,source:buff-merino-lightweight;alt:buff-coolnet-uv;alt:buff-polar,need ≥3 alternatives (have 2);need ≥2 distinct alternative types;need meaningful unique reasons on ≥3 alts,BUFF Lightweight Merino Wool Multifunctional Neckwear alternatives
P0,NEEDS_RELATIONSHIP_FIX,alternatives,running,buff-original,/products/buff-original/alternatives,published,INELIGIBLE,N/A,HIDDEN_404,need ≥2 distinct alternative types,n/a,alts:4|types:1,source:buff-original;alt:tracksmith-session-short-men;alt:tracksmith-session-short-women;alt:janji-multi-short-men;alt:buff-coolnet-uv,need ≥2 distinct alternative types,Buff Original Multifunctional Headwear alternatives
P0,NEEDS_RELATIONSHIP_FIX,alternatives,running,buff-polar,/products/buff-polar/alternatives,published,INELIGIBLE,N/A,HIDDEN_404,need ≥2 distinct alternative types,n/a,alts:3|types:1,source:buff-polar;alt:buff-merino-lightweight;alt:tracksmith-session-short-men;alt:tracksmith-session-short-women,need ≥2 distinct alternative types,BUFF Polar Multifunctional Neckwear alternatives
P0,NEEDS_RELATIONSHIP_FIX,alternatives,running,camelbak-apex-pro,/products/camelbak-apex-pro/alternatives,published,INELIGIBLE,N/A,HIDDEN_404,need ≥2 distinct alternative types,n/a,alts:3|types:1,source:camelbak-apex-pro;alt:camelbak-zephyr-pro;alt:on-ultra-vest-pro;alt:nathan-pinnacle-12,need ≥2 distinct alternative types,CamelBak Apex Pro Run Vest alternatives
P0,NEEDS_RELATIONSHIP_FIX,alternatives,running,camelbak-circuit-run-vest,/products/camelbak-circuit-run-vest/alternatives,published,INELIGIBLE,N/A,HIDDEN_404,need ≥2 distinct alternative types,n/a,alts:3|types:1,source:camelbak-circuit-run-vest;alt:camelbak-zephyr;alt:osprey-duro-6;alt:ultraspire-spry-5,need ≥2 distinct alternative types,CamelBak Circuit Run Vest alternatives
P0,NEEDS_RELATIONSHIP_FIX,alternatives,running,camelbak-octane-22,/products/camelbak-octane-22/alternatives,draft,INELIGIBLE,N/A,HIDDEN_404,parent_product_hidden|not_production_exposed,n/a,alts:0|types:0,source:camelbak-octane-22,source product not published;need ≥3 alternatives (have 0);need ≥2 distinct alternative types;need meaningful unique reasons on ≥3 alts;field_alts_without_graph,CamelBak Octane 22 alternatives
P0,NEEDS_RELATIONSHIP_FIX,alternatives,running,camelbak-quick-grip-chill,/products/camelbak-quick-grip-chill/alternatives,published,INELIGIBLE,N/A,HIDDEN_404,need ≥2 distinct alternative types,n/a,alts:3|types:1,source:camelbak-quick-grip-chill;alt:amphipod-hydraform-ergo-lite-handheld;alt:nathan-speeddraw-plus-insulated-18oz;alt:hydrapak-skyflask-speed-500,need ≥2 distinct alternative types,CamelBak Quick Grip Chill Handheld alternatives
P0,NEEDS_RELATIONSHIP_FIX,alternatives,running,cep-calf-sleeves-3,/products/cep-calf-sleeves-3/alternatives,published,INELIGIBLE,N/A,HIDDEN_404,need ≥3 alternatives (have 2)|need ≥2 distinct alternative types|need meaningful unique reasons on ≥3 alts,n/a,alts:2|types:1,source:cep-calf-sleeves-3;alt:cep-the-run-calf-sleeves;alt:cep-run-compression-sock-3,need ≥3 alternatives (have 2);need ≥2 distinct alternative types;need meaningful unique reasons on ≥3 alts,CEP Calf Sleeves 3.0 alternatives
P0,NEEDS_RELATIONSHIP_FIX,alternatives,running,cep-run-compression-sock-3,/products/cep-run-compression-sock-3/alternatives,published,INELIGIBLE,N/A,HIDDEN_404,need ≥3 alternatives (have 2)|need ≥2 distinct alternative types|need meaningful unique reasons on ≥3 alts,n/a,alts:2|types:1,source:cep-run-compression-sock-3;alt:feetures-elite-light-cushion;alt:cep-calf-sleeves-3,need ≥3 alternatives (have 2);need ≥2 distinct alternative types;need meaningful unique reasons on ≥3 alts,CEP Run Compression Sock 3.0 alternatives
P0,NEEDS_RELATIONSHIP_FIX,alternatives,running,cep-the-run-calf-sleeves,/products/cep-the-run-calf-sleeves/alternatives,published,INELIGIBLE,N/A,HIDDEN_404,need ≥3 alternatives (have 2)|need ≥2 distinct alternative types|need meaningful unique reasons on ≥3 alts,n/a,alts:2|types:1,source:cep-the-run-calf-sleeves;alt:hyperice-normatec-go;alt:cep-calf-sleeves-3,need ≥3 alternatives (have 2);need ≥2 distinct alternative types;need meaningful unique reasons on ≥3 alts,CEP The Run Calf Sleeves alternatives
P0,NEEDS_RELATIONSHIP_FIX,alternatives,running,ciele-gocap-athletics,/products/ciele-gocap-athletics/alternatives,published,INELIGIBLE,N/A,HIDDEN_404,need ≥3 alternatives (have 2)|need ≥2 distinct alternative types|need meaningful unique reasons on ≥3 alts,n/a,alts:2|types:1,source:ciele-gocap-athletics;alt:nike-aerobill-cap;alt:brooks-notch-thermal-beanie,need ≥3 alternatives (have 2);need ≥2 distinct alternative types;need meaningful unique reasons on ≥3 alts,Ciele GOCap Athletics alternatives
P0,NEEDS_RELATIONSHIP_FIX,alternatives,running,clif-bar-original,/products/clif-bar-original/alternatives,published,INELIGIBLE,N/A,HIDDEN_404,need ≥2 distinct alternative types,n/a,alts:5|types:1,source:clif-bar-original;alt:powerbar-energize;alt:naak-ultra-energy-bar;alt:clif-bloks-energy-chews;alt:spring-energy-awesome-sauce;alt:veloforte-energy-bar,need ≥2 distinct alternative types,CLIF Bar Original alternatives
P0,NEEDS_RELATIONSHIP_FIX,alternatives,running,clif-bloks-energy-chews,/products/clif-bloks-energy-chews/alternatives,published,INELIGIBLE,N/A,HIDDEN_404,need ≥2 distinct alternative types,n/a,alts:10|types:1,source:clif-bloks-energy-chews;alt:gu-energy-gel;alt:spring-energy-awesome-sauce;alt:huma-gel-original;alt:honey-stinger-organic-energy-gel;alt:gu-energy-chews;alt:skratch-sport-energy-chews;alt:veloforte-energy-chews;alt:clif-bar-original,need ≥2 distinct alternative types,CLIF BLOKS Energy Chews alternatives
P0,NEEDS_RELATIONSHIP_FIX,alternatives,running,compressport-armforce,/products/compressport-armforce/alternatives,draft,INELIGIBLE,N/A,HIDDEN_404,parent_product_hidden|not_production_exposed,n/a,alts:0|types:0,source:compressport-armforce,source product not published;need ≥3 alternatives (have 0);need ≥2 distinct alternative types;need meaningful unique reasons on ≥3 alts;field_alts_without_graph,Compressport ArmForce Ultralight Arm Sleeves alternatives
P0,NEEDS_RELATIONSHIP_FIX,alternatives,running,compressport-free-belt-pro,/products/compressport-free-belt-pro/alternatives,published,INELIGIBLE,N/A,HIDDEN_404,need ≥2 distinct alternative types,n/a,alts:4|types:1,source:compressport-free-belt-pro;alt:naked-running-band;alt:salomon-pulse-belt;alt:flipbelt-classic;alt:ultimate-direction-race-belt,need ≥2 distinct alternative types,Compressport Free Belt Pro alternatives
P0,NEEDS_RELATIONSHIP_FIX,alternatives,running,compressport-r2,/products/compressport-r2/alternatives,draft,INELIGIBLE,N/A,HIDDEN_404,parent_product_hidden|not_production_exposed,n/a,alts:0|types:0,source:compressport-r2,source product not published;need ≥3 alternatives (have 0);need ≥2 distinct alternative types;need meaningful unique reasons on ≥3 alts;field_alts_without_graph,Compressport R2 Calf Sleeves alternatives
P0,NEEDS_RELATIONSHIP_FIX,alternatives,running,compressport-ultrun-s-pack,/products/compressport-ultrun-s-pack/alternatives,published,INELIGIBLE,N/A,HIDDEN_404,need ≥2 distinct alternative types,n/a,alts:4|types:1,source:compressport-ultrun-s-pack;alt:salomon-adv-skin-5;alt:ultimate-direction-race-vest-6;alt:osprey-duro-lt;alt:nnormal-race-vest,need ≥2 distinct alternative types,Compressport Ultrun S Pack alternatives
P0,NEEDS_RELATIONSHIP_FIX,alternatives,running,coros-apex-2-pro,/products/coros-apex-2-pro/alternatives,published,INELIGIBLE,N/A,HIDDEN_404,need ≥3 alternatives (have 2)|need ≥2 distinct alternative types|need meaningful unique reasons on ≥3 alts,n/a,alts:2|types:1,source:coros-apex-2-pro;alt:garmin-forerunner-970;alt:suunto-race,need ≥3 alternatives (have 2);need ≥2 distinct alternative types;need meaningful unique reasons on ≥3 alts,COROS Apex 2 Pro alternatives
P0,NEEDS_RELATIONSHIP_FIX,alternatives,running,craft-active-extreme-x-men,/products/craft-active-extreme-x-men/alternatives,published,INELIGIBLE,N/A,HIDDEN_404,need ≥2 distinct alternative types,n/a,alts:3|types:1,source:craft-active-extreme-x-men;alt:patagonia-capilene-thermal-crew-men;alt:odlo-active-warm-eco-men;alt:patagonia-capilene-midweight-zip-men,need ≥2 distinct alternative types,Craft Active Extreme X Windstop (Men) alternatives
P0,NEEDS_RELATIONSHIP_FIX,alternatives,running,craft-adv-essence-light-wind-men,/products/craft-adv-essence-light-wind-men/alternatives,published,INELIGIBLE,N/A,HIDDEN_404,need ≥2 distinct alternative types,n/a,alts:4|types:1,source:craft-adv-essence-light-wind-men;alt:brooks-canopy-jacket-men;alt:patagonia-houdini-men;alt:nike-impossibly-light-men;alt:craft-adv-essence-light-wind-vest-men,need ≥2 distinct alternative types,Craft ADV Essence Light Wind Jacket (Men) alternatives
P0,NEEDS_RELATIONSHIP_FIX,alternatives,running,craft-adv-essence-light-wind-vest-men,/products/craft-adv-essence-light-wind-vest-men/alternatives,published,INELIGIBLE,N/A,HIDDEN_404,need ≥2 distinct alternative types,n/a,alts:3|types:1,source:craft-adv-essence-light-wind-vest-men;alt:patagonia-nano-puff-vest-men;alt:patagonia-houdini-men;alt:craft-adv-essence-light-wind-men,need ≥2 distinct alternative types,Craft ADV Essence Light Wind Vest (Men) alternatives
P0,NEEDS_RELATIONSHIP_FIX,alternatives,running,craft-adv-essence-short,/products/craft-adv-essence-short/alternatives,published,INELIGIBLE,N/A,HIDDEN_404,need ≥2 distinct alternative types,n/a,alts:5|types:1,source:craft-adv-essence-short;alt:tracksmith-session-short-men;alt:nb-rc-essential-short-men;alt:adidas-own-the-run-short-men;alt:nike-dri-fit-stride-short;alt:tracksmith-session-short-women,need ≥2 distinct alternative types,Craft ADV Essence Short alternatives
P0,NEEDS_RELATIONSHIP_FIX,alternatives,running,craft-adv-essence-tight-men,/products/craft-adv-essence-tight-men/alternatives,published,INELIGIBLE,N/A,HIDDEN_404,need ≥2 distinct alternative types,n/a,alts:4|types:1,source:craft-adv-essence-tight-men;alt:tracksmith-twilight-half-men;alt:nike-fast-tight-men;alt:on-performance-tight-women;alt:odlo-active-warm-eco-bottom-men,need ≥2 distinct alternative types,Craft ADV Essence Tights (Men) alternatives
P0,NEEDS_RELATIONSHIP_FIX,alternatives,running,craft-adv-lumen-glove,/products/craft-adv-lumen-glove/alternatives,published,INELIGIBLE,N/A,HIDDEN_404,need ≥3 alternatives (have 2)|need ≥2 distinct alternative types|need meaningful unique reasons on ≥3 alts,n/a,alts:2|types:1,source:craft-adv-lumen-glove;alt:smartwool-thermal-merino-glove;alt:nike-therma-fit-glove,need ≥3 alternatives (have 2);need ≥2 distinct alternative types;need meaningful unique reasons on ≥3 alts,Craft ADV Lumen Fleece Glove alternatives
P0,NEEDS_RELATIONSHIP_FIX,alternatives,running,darn-tough-run-1-4,/products/darn-tough-run-1-4/alternatives,published,INELIGIBLE,N/A,HIDDEN_404,need ≥2 distinct alternative types,n/a,alts:3|types:1,source:darn-tough-run-1-4;alt:feetures-elite-light-cushion;alt:smartwool-run-targeted-cushion;alt:balega-hidden-comfort,need ≥2 distinct alternative types,Darn Tough Run 1/4 Ultra-Lightweight alternatives
P0,NEEDS_RELATIONSHIP_FIX,alternatives,running,dirty-girl-gaiters,/products/dirty-girl-gaiters/alternatives,draft,INELIGIBLE,N/A,HIDDEN_404,parent_product_hidden|not_production_exposed,n/a,alts:0|types:0,source:dirty-girl-gaiters,source product not published;need ≥3 alternatives (have 0);need ≥2 distinct alternative types;need meaningful unique reasons on ≥3 alts;field_alts_without_graph,Dirty Girl Gaiters alternatives
P0,NEEDS_RELATIONSHIP_FIX,alternatives,running,drymax-run-lite-mesh,/products/drymax-run-lite-mesh/alternatives,published,INELIGIBLE,N/A,HIDDEN_404,need ≥2 distinct alternative types,n/a,alts:3|types:1,source:drymax-run-lite-mesh;alt:swiftwick-aspire-four;alt:wrightsock-coolmesh-ii;alt:injinji-run-midweight,need ≥2 distinct alternative types,Drymax Run Lite-Mesh alternatives
P0,NEEDS_RELATIONSHIP_FIX,alternatives,running,enervit-c2-1-carbo-gel,/products/enervit-c2-1-carbo-gel/alternatives,published,INELIGIBLE,N/A,HIDDEN_404,need ≥2 distinct alternative types,n/a,alts:3|types:1,source:enervit-c2-1-carbo-gel;alt:precision-pf30-gel;alt:neversecond-c30-gel;alt:sis-go-isotonic-gel,need ≥2 distinct alternative types,Enervit C2:1 Carbo Gel alternatives
P0,NEEDS_RELATIONSHIP_FIX,alternatives,running,fenix-hm65r-t,/products/fenix-hm65r-t/alternatives,draft,INELIGIBLE,N/A,HIDDEN_404,parent_product_hidden|not_production_exposed,n/a,alts:0|types:0,source:fenix-hm65r-t,source product not published;need ≥3 alternatives (have 0);need ≥2 distinct alternative types;need meaningful unique reasons on ≥3 alts;field_alts_without_graph,Fenix HM65R-T alternatives
P0,NEEDS_RELATIONSHIP_FIX,alternatives,running,fitletic-fully-loaded,/products/fitletic-fully-loaded/alternatives,published,INELIGIBLE,N/A,HIDDEN_404,need ≥2 distinct alternative types,n/a,alts:3|types:1,source:fitletic-fully-loaded;alt:nathan-zipster-lite;alt:ultraspire-fitted-race-belt-2;alt:spibelt-original,need ≥2 distinct alternative types,Fitletic Fully Loaded Running Belt alternatives
P0,NEEDS_RELATIONSHIP_FIX,alternatives,running,flipbelt-zipper-reflective,/products/flipbelt-zipper-reflective/alternatives,draft,INELIGIBLE,N/A,HIDDEN_404,parent_product_hidden|not_production_exposed,n/a,alts:0|types:0,source:flipbelt-zipper-reflective,source product not published;need ≥3 alternatives (have 0);need ≥2 distinct alternative types;need meaningful unique reasons on ≥3 alts;field_alts_without_graph,FlipBelt Zipper Reflective alternatives
P0,NEEDS_RELATIONSHIP_FIX,alternatives,running,garmin-forerunner-165,/products/garmin-forerunner-165/alternatives,published,INELIGIBLE,N/A,HIDDEN_404,need ≥2 distinct alternative types,n/a,alts:3|types:1,source:garmin-forerunner-165;alt:garmin-forerunner-55;alt:polar-pacer-pro;alt:garmin-vivoactive-6,need ≥2 distinct alternative types,Garmin Forerunner 165 alternatives
P0,NEEDS_RELATIONSHIP_FIX,alternatives,running,garmin-forerunner-255,/products/garmin-forerunner-255/alternatives,published,INELIGIBLE,N/A,HIDDEN_404,need ≥3 alternatives (have 2)|need ≥2 distinct alternative types|need meaningful unique reasons on ≥3 alts,n/a,alts:2|types:1,source:garmin-forerunner-255;alt:garmin-forerunner-965;alt:coros-pace-3,need ≥3 alternatives (have 2);need ≥2 distinct alternative types;need meaningful unique reasons on ≥3 alts,Garmin Forerunner 255 alternatives
P0,NEEDS_RELATIONSHIP_FIX,alternatives,running,garmin-forerunner-265,/products/garmin-forerunner-265/alternatives,published,INELIGIBLE,N/A,HIDDEN_404,need ≥2 distinct alternative types,n/a,alts:3|types:1,source:garmin-forerunner-265;alt:garmin-forerunner-570;alt:coros-pace-pro;alt:garmin-forerunner-265s,need ≥2 distinct alternative types,Garmin Forerunner 265 alternatives
P0,NEEDS_RELATIONSHIP_FIX,alternatives,running,garmin-forerunner-55,/products/garmin-forerunner-55/alternatives,published,INELIGIBLE,N/A,HIDDEN_404,need ≥3 alternatives (have 1)|need ≥2 distinct alternative types|need meaningful unique reasons on ≥3 alts,n/a,alts:1|types:1,source:garmin-forerunner-55;alt:garmin-forerunner-165,need ≥3 alternatives (have 1);need ≥2 distinct alternative types;need meaningful unique reasons on ≥3 alts,Garmin Forerunner 55 alternatives
P0,NEEDS_RELATIONSHIP_FIX,alternatives,running,goodr-circle-gs,/products/goodr-circle-gs/alternatives,published,INELIGIBLE,N/A,HIDDEN_404,need ≥2 distinct alternative types,n/a,alts:3|types:1,source:goodr-circle-gs;alt:tifosi-vogel;alt:goodr-ogs;alt:tifosi-rail,need ≥2 distinct alternative types,Goodr Circle Gs alternatives
P0,NEEDS_RELATIONSHIP_FIX,alternatives,running,goodr-ogs,/products/goodr-ogs/alternatives,published,INELIGIBLE,N/A,HIDDEN_404,need ≥2 distinct alternative types,n/a,alts:6|types:1,source:goodr-ogs;alt:tifosi-rail;alt:tifosi-vogel;alt:goodr-circle-gs;alt:oakley-encoder;alt:oakley-radar-ev-path;alt:oakley-sutro-lite,need ≥2 distinct alternative types,Goodr OGs alternatives
P0,NEEDS_RELATIONSHIP_FIX,alternatives,running,gu-energy-chews,/products/gu-energy-chews/alternatives,published,INELIGIBLE,N/A,HIDDEN_404,need ≥2 distinct alternative types,n/a,alts:4|types:1,source:gu-energy-chews;alt:clif-bloks-energy-chews;alt:skratch-sport-energy-chews;alt:veloforte-energy-chews;alt:gu-energy-gel,need ≥2 distinct alternative types,GU Energy Chews alternatives
P0,NEEDS_RELATIONSHIP_FIX,alternatives,running,gu-energy-gel,/products/gu-energy-gel/alternatives,published,INELIGIBLE,N/A,HIDDEN_404,need ≥2 distinct alternative types,n/a,alts:8|types:1,source:gu-energy-gel;alt:maurten-gel-100;alt:sis-go-isotonic-gel;alt:honey-stinger-organic-energy-gel;alt:gu-roctane-gel;alt:clif-bloks-energy-chews;alt:huma-gel-original;alt:gu-energy-chews;alt:high5-energy-gel,need ≥2 distinct alternative types,GU Energy Gel alternatives
P0,NEEDS_RELATIONSHIP_FIX,alternatives,running,gu-roctane-gel,/products/gu-roctane-gel/alternatives,published,INELIGIBLE,N/A,HIDDEN_404,need ≥2 distinct alternative types,n/a,alts:4|types:1,source:gu-roctane-gel;alt:maurten-gel-100-caf-100;alt:gu-energy-gel;alt:neversecond-c30-gel;alt:honey-stinger-organic-energy-gel,need ≥2 distinct alternative types,GU Roctane Energy Gel alternatives
P0,NEEDS_RELATIONSHIP_FIX,alternatives,running,high5-energy-gel,/products/high5-energy-gel/alternatives,published,INELIGIBLE,N/A,HIDDEN_404,need ≥2 distinct alternative types,n/a,alts:3|types:1,source:high5-energy-gel;alt:sis-go-isotonic-gel;alt:gu-energy-gel;alt:honey-stinger-organic-energy-gel,need ≥2 distinct alternative types,High5 Energy Gel alternatives
P0,NEEDS_RELATIONSHIP_FIX,alternatives,running,high5-zero,/products/high5-zero/alternatives,published,INELIGIBLE,N/A,HIDDEN_404,need ≥2 distinct alternative types,n/a,alts:5|types:1,source:high5-zero;alt:saltstick-fastchews;alt:skratch-sport-hydration-mix;alt:precision-ph1500;alt:nuun-sport;alt:saltstick-caps,need ≥2 distinct alternative types,High5 ZERO Electrolyte Tablets alternatives
P0,NEEDS_RELATIONSHIP_FIX,alternatives,running,hilly-marathon-fresh,/products/hilly-marathon-fresh/alternatives,draft,INELIGIBLE,N/A,HIDDEN_404,parent_product_hidden|not_production_exposed,n/a,alts:0|types:0,source:hilly-marathon-fresh,source product not published;need ≥3 alternatives (have 0);need ≥2 distinct alternative types;need meaningful unique reasons on ≥3 alts;field_alts_without_graph,Hilly Marathon Fresh Socks alternatives
P0,NEEDS_RELATIONSHIP_FIX,alternatives,running,hoka-arahi-7,/products/hoka-arahi-7/alternatives,published,INELIGIBLE,N/A,HIDDEN_404,need ≥2 distinct alternative types,n/a,alts:4|types:1,source:hoka-arahi-7;alt:saucony-guide-18;alt:brooks-adrenaline-gts-25;alt:nike-react-infinity-run-4;alt:hoka-gaviota-5,need ≥2 distinct alternative types,HOKA Arahi 7 alternatives
P0,NEEDS_RELATIONSHIP_FIX,alternatives,running,hoka-bondi-8,/products/hoka-bondi-8/alternatives,published,INELIGIBLE,N/A,HIDDEN_404,need ≥3 alternatives (have 1)|need ≥2 distinct alternative types|need meaningful unique reasons on ≥3 alts,n/a,alts:1|types:1,source:hoka-bondi-8;alt:hoka-bondi-9,need ≥3 alternatives (have 1);need ≥2 distinct alternative types;need meaningful unique reasons on ≥3 alts,HOKA Bondi 8 alternatives
P0,NEEDS_RELATIONSHIP_FIX,alternatives,running,hoka-clifton-9,/products/hoka-clifton-9/alternatives,published,INELIGIBLE,N/A,HIDDEN_404,need ≥2 distinct alternative types,n/a,alts:3|types:1,source:hoka-clifton-9;alt:hoka-clifton-10;alt:asics-gel-nimbus-27;alt:asics-novablast-5,need ≥2 distinct alternative types,HOKA Clifton 9 alternatives
P0,NEEDS_RELATIONSHIP_FIX,alternatives,running,hoka-clifton-pro,/products/hoka-clifton-pro/alternatives,published,INELIGIBLE,N/A,HIDDEN_404,need ≥3 alternatives (have 2)|need ≥2 distinct alternative types|need meaningful unique reasons on ≥3 alts,n/a,alts:2|types:1,source:hoka-clifton-pro;alt:hoka-clifton-10;alt:hoka-bondi-9,need ≥3 alternatives (have 2);need ≥2 distinct alternative types;need meaningful unique reasons on ≥3 alts,HOKA Clifton Pro alternatives
P0,NEEDS_RELATIONSHIP_FIX,alternatives,running,hoka-gaviota-5,/products/hoka-gaviota-5/alternatives,published,INELIGIBLE,N/A,HIDDEN_404,need ≥2 distinct alternative types,n/a,alts:5|types:1,source:hoka-gaviota-5;alt:brooks-glycerin-gts-22;alt:asics-gel-kayano-32;alt:hoka-arahi-7;alt:brooks-adrenaline-gts-25;alt:altra-paradigm-7,need ≥2 distinct alternative types,HOKA Gaviota 5 alternatives
P0,NEEDS_RELATIONSHIP_FIX,alternatives,running,hoka-mach-6,/products/hoka-mach-6/alternatives,published,INELIGIBLE,N/A,HIDDEN_404,need ≥2 distinct alternative types,n/a,alts:5|types:1,source:hoka-mach-6;alt:adidas-adizero-boston-13;alt:new-balance-fuelcell-rebel-v5;alt:saucony-endorphin-speed-5;alt:adidas-adizero-evo-sl;alt:topo-athletic-specter-2,need ≥2 distinct alternative types,HOKA Mach 6 alternatives
P0,NEEDS_RELATIONSHIP_FIX,alternatives,running,hoka-ora-recovery-slide,/products/hoka-ora-recovery-slide/alternatives,draft,INELIGIBLE,N/A,HIDDEN_404,parent_product_hidden|not_production_exposed,n/a,alts:0|types:0,source:hoka-ora-recovery-slide,source product not published;need ≥3 alternatives (have 0);need ≥2 distinct alternative types;need meaningful unique reasons on ≥3 alts;field_alts_without_graph,HOKA Ora Recovery Slide alternatives
P0,NEEDS_RELATIONSHIP_FIX,alternatives,running,honey-stinger-organic-energy-gel,/products/honey-stinger-organic-energy-gel/alternatives,published,INELIGIBLE,N/A,HIDDEN_404,need ≥2 distinct alternative types,n/a,alts:7|types:1,source:honey-stinger-organic-energy-gel;alt:sis-go-isotonic-gel;alt:gu-energy-gel;alt:gu-roctane-gel;alt:spring-energy-awesome-sauce;alt:huma-gel-original;alt:clif-bloks-energy-chews;alt:high5-energy-gel,need ≥2 distinct alternative types,Honey Stinger Organic Energy Gel alternatives
P0,NEEDS_RELATIONSHIP_FIX,alternatives,running,huawei-freeclip,/products/huawei-freeclip/alternatives,draft,INELIGIBLE,N/A,HIDDEN_404,parent_product_hidden|not_production_exposed,n/a,alts:0|types:0,source:huawei-freeclip,source product not published;need ≥3 alternatives (have 0);need ≥2 distinct alternative types;need meaningful unique reasons on ≥3 alts;field_alts_without_graph,HUAWEI FreeClip 2 alternatives
P0,NEEDS_RELATIONSHIP_FIX,alternatives,running,huma-gel-original,/products/huma-gel-original/alternatives,published,INELIGIBLE,N/A,HIDDEN_404,need ≥2 distinct alternative types,n/a,alts:6|types:1,source:huma-gel-original;alt:spring-energy-awesome-sauce;alt:honey-stinger-organic-energy-gel;alt:gu-energy-gel;alt:clif-bloks-energy-chews;alt:skratch-sport-energy-chews;alt:veloforte-energy-chews,need ≥2 distinct alternative types,Hüma Original Energy Gel alternatives
P0,NEEDS_RELATIONSHIP_FIX,alternatives,running,hydrapak-contour-2l,/products/hydrapak-contour-2l/alternatives,published,INELIGIBLE,N/A,HIDDEN_404,need ≥3 alternatives (have 2)|need ≥2 distinct alternative types|need meaningful unique reasons on ≥3 alts,n/a,alts:2|types:1,source:hydrapak-contour-2l;alt:camelbak-crux-15;alt:salomon-soft-reservoir-15,need ≥3 alternatives (have 2);need ≥2 distinct alternative types;need meaningful unique reasons on ≥3 alts,HydraPak Contour 2L Soft Reservoir alternatives
P0,NEEDS_RELATIONSHIP_FIX,alternatives,running,hydrapak-shape-shift-15,/products/hydrapak-shape-shift-15/alternatives,draft,INELIGIBLE,N/A,HIDDEN_404,parent_product_hidden|not_production_exposed,n/a,alts:0|types:0,source:hydrapak-shape-shift-15,source product not published;need ≥3 alternatives (have 0);need ≥2 distinct alternative types;need meaningful unique reasons on ≥3 alts;field_alts_without_graph,HydraPak Shape-Shift 1.5L alternatives
P0,NEEDS_RELATIONSHIP_FIX,alternatives,running,hydrapak-skyflask-speed-500,/products/hydrapak-skyflask-speed-500/alternatives,published,INELIGIBLE,N/A,HIDDEN_404,need ≥2 distinct alternative types,n/a,alts:5|types:1,source:hydrapak-skyflask-speed-500;alt:hydrapak-softflask-speed-500;alt:nathan-exoshot-2;alt:nathan-speeddraw-plus-insulated-18oz;alt:amphipod-hydraform-ergo-lite-handheld;alt:camelbak-quick-grip-chill,need ≥2 distinct alternative types,HydraPak SkyFlask Speed 500 alternatives
P0,NEEDS_RELATIONSHIP_FIX,alternatives,running,hydrapak-softflask-250,/products/hydrapak-softflask-250/alternatives,published,INELIGIBLE,N/A,HIDDEN_404,need ≥2 distinct alternative types,n/a,alts:3|types:1,source:hydrapak-softflask-250;alt:hydrapak-softflask-speed-500;alt:hydrapak-softflask-500;alt:salomon-soft-flask-500,need ≥2 distinct alternative types,HydraPak SoftFlask 250 ml alternatives
P0,NEEDS_RELATIONSHIP_FIX,alternatives,running,hydrapak-softflask-500,/products/hydrapak-softflask-500/alternatives,published,INELIGIBLE,N/A,HIDDEN_404,need ≥2 distinct alternative types,n/a,alts:3|types:1,source:hydrapak-softflask-500;alt:hydrapak-softflask-speed-500;alt:hydrapak-softflask-250;alt:salomon-soft-flask-500,need ≥2 distinct alternative types,HydraPak SoftFlask 500 ml alternatives
P0,NEEDS_RELATIONSHIP_FIX,alternatives,running,hydrapak-tube-kit,/products/hydrapak-tube-kit/alternatives,published,INELIGIBLE,N/A,HIDDEN_404,need ≥3 alternatives (have 1)|need ≥2 distinct alternative types|need meaningful unique reasons on ≥3 alts,n/a,alts:1|types:1,source:hydrapak-tube-kit;alt:hydrapak-softflask-speed-500,need ≥3 alternatives (have 1);need ≥2 distinct alternative types;need meaningful unique reasons on ≥3 alts,HydraPak Tube Kit alternatives
P0,NEEDS_RELATIONSHIP_FIX,alternatives,running,hyperice-hypervolt-2,/products/hyperice-hypervolt-2/alternatives,published,INELIGIBLE,N/A,HIDDEN_404,need ≥2 distinct alternative types,n/a,alts:3|types:1,source:hyperice-hypervolt-2;alt:therabody-theragun-prime;alt:therabody-theragun-pro;alt:hyperice-hypervolt-go-2,need ≥2 distinct alternative types,Hyperice Hypervolt 2 alternatives
P0,NEEDS_RELATIONSHIP_FIX,alternatives,running,hyperice-hypervolt-go-2,/products/hyperice-hypervolt-go-2/alternatives,published,INELIGIBLE,N/A,HIDDEN_404,need ≥3 alternatives (have 2)|need ≥2 distinct alternative types|need meaningful unique reasons on ≥3 alts,n/a,alts:2|types:1,source:hyperice-hypervolt-go-2;alt:hyperice-hypervolt-2;alt:therabody-theragun-mini-2,need ≥3 alternatives (have 2);need ≥2 distinct alternative types;need meaningful unique reasons on ≥3 alts,Hyperice Hypervolt Go 2 alternatives
P0,NEEDS_RELATIONSHIP_FIX,alternatives,running,hyperice-normatec-3,/products/hyperice-normatec-3/alternatives,published,INELIGIBLE,N/A,HIDDEN_404,need ≥3 alternatives (have 1)|need ≥2 distinct alternative types|need meaningful unique reasons on ≥3 alts,n/a,alts:1|types:1,source:hyperice-normatec-3;alt:hyperice-normatec-go,need ≥3 alternatives (have 1);need ≥2 distinct alternative types;need meaningful unique reasons on ≥3 alts,Hyperice Normatec 3 alternatives
P0,NEEDS_RELATIONSHIP_FIX,alternatives,running,hyperice-normatec-go,/products/hyperice-normatec-go/alternatives,published,INELIGIBLE,N/A,HIDDEN_404,need ≥3 alternatives (have 2)|need ≥2 distinct alternative types|need meaningful unique reasons on ≥3 alts,n/a,alts:2|types:1,source:hyperice-normatec-go;alt:hyperice-normatec-3;alt:cep-the-run-calf-sleeves,need ≥3 alternatives (have 2);need ≥2 distinct alternative types;need meaningful unique reasons on ≥3 alts,Hyperice Normatec Go alternatives
P0,NEEDS_RELATIONSHIP_FIX,alternatives,running,hyperice-vyper-3,/products/hyperice-vyper-3/alternatives,published,INELIGIBLE,N/A,HIDDEN_404,need ≥3 alternatives (have 1)|need ≥2 distinct alternative types|need meaningful unique reasons on ≥3 alts,n/a,alts:1|types:1,source:hyperice-vyper-3;alt:brazyn-morph,need ≥3 alternatives (have 1);need ≥2 distinct alternative types;need meaningful unique reasons on ≥3 alts,Hyperice Vyper 3 alternatives
P0,NEEDS_RELATIONSHIP_FIX,alternatives,running,injinji-run-midweight,/products/injinji-run-midweight/alternatives,published,INELIGIBLE,N/A,HIDDEN_404,need ≥2 distinct alternative types,n/a,alts:5|types:1,source:injinji-run-midweight;alt:drymax-run-lite-mesh;alt:wrightsock-coolmesh-ii;alt:smartwool-run-targeted-cushion;alt:balega-blister-resist;alt:feetures-elite-light-cushion,need ≥2 distinct alternative types,Injinji Run Midweight alternatives
P0,NEEDS_RELATIONSHIP_FIX,alternatives,running,inov8-trailfly-ultra-g-300-max,/products/inov8-trailfly-ultra-g-300-max/alternatives,published,INELIGIBLE,N/A,HIDDEN_404,need ≥3 alternatives (have 2)|need ≥2 distinct alternative types|need meaningful unique reasons on ≥3 alts,n/a,alts:2|types:1,source:inov8-trailfly-ultra-g-300-max;alt:hoka-speedgoat-6;alt:altra-lone-peak-8,need ≥3 alternatives (have 2);need ≥2 distinct alternative types;need meaningful unique reasons on ≥3 alts,Inov8 Trailfly Ultra G 300 Max alternatives
P0,NEEDS_RELATIONSHIP_FIX,alternatives,running,jabra-elite-10,/products/jabra-elite-10/alternatives,draft,INELIGIBLE,N/A,HIDDEN_404,parent_product_hidden|not_production_exposed,n/a,alts:0|types:0,source:jabra-elite-10,source product not published;need ≥3 alternatives (have 0);need ≥2 distinct alternative types;need meaningful unique reasons on ≥3 alts;field_alts_without_graph,Jabra Elite 10 Gen 2 alternatives
P0,NEEDS_RELATIONSHIP_FIX,alternatives,running,jabra-elite-8-active,/products/jabra-elite-8-active/alternatives,draft,INELIGIBLE,N/A,HIDDEN_404,parent_product_hidden|not_production_exposed,n/a,alts:1|types:1,source:jabra-elite-8-active;alt:soundcore-sport-x20,source product not published;need ≥3 alternatives (have 1);need ≥2 distinct alternative types;need meaningful unique reasons on ≥3 alts,Jabra Elite 8 Active Gen 2 alternatives
P0,NEEDS_RELATIONSHIP_FIX,alternatives,running,janji-multi-short-men,/products/janji-multi-short-men/alternatives,published,INELIGIBLE,N/A,HIDDEN_404,need ≥2 distinct alternative types,n/a,alts:5|types:1,source:janji-multi-short-men;alt:brooks-sherpa-7-men;alt:on-performance-short-men;alt:patagonia-strider-pro-men;alt:rabbit-fuel-n-fly-men;alt:buff-original,need ≥2 distinct alternative types,"Janji Multi Short 2-in-1 7"" (Men) alternatives"
P0,NEEDS_RELATIONSHIP_FIX,alternatives,running,janji-pace-short-women,/products/janji-pace-short-women/alternatives,published,INELIGIBLE,N/A,HIDDEN_404,need ≥2 distinct alternative types,n/a,alts:3|types:1,source:janji-pace-short-women;alt:tracksmith-session-short-women;alt:brooks-chaser-5-women;alt:patagonia-trailfarer-short-women,need ≥2 distinct alternative types,"Janji Pace Short 5"" (Women) alternatives"
P0,NEEDS_RELATIONSHIP_FIX,alternatives,running,janji-rainrunner-men,/products/janji-rainrunner-men/alternatives,published,INELIGIBLE,N/A,HIDDEN_404,need ≥3 alternatives (have 2)|need ≥2 distinct alternative types|need meaningful unique reasons on ≥3 alts,n/a,alts:2|types:1,source:janji-rainrunner-men;alt:salomon-bonatti-wp-men;alt:salomon-bonatti-wp-women,need ≥3 alternatives (have 2);need ≥2 distinct alternative types;need meaningful unique reasons on ≥3 alts,Janji Rainrunner Jacket (Men) alternatives
P0,NEEDS_RELATIONSHIP_FIX,alternatives,running,janji-run-tee-men,/products/janji-run-tee-men/alternatives,published,INELIGIBLE,N/A,HIDDEN_404,need ≥2 distinct alternative types,n/a,alts:5|types:1,source:janji-run-tee-men;alt:nike-dri-fit-miler-men;alt:nike-dri-fit-miler-women;alt:tracksmith-van-cortlandt-tee-men;alt:adidas-own-the-run-tee-men;alt:patagonia-capilene-cool-daily-men,need ≥2 distinct alternative types,Janji Run Tee / AFO Tee (Men) alternatives
P0,NEEDS_RELATIONSHIP_FIX,alternatives,running,julbo-aerolite,/products/julbo-aerolite/alternatives,published,INELIGIBLE,N/A,HIDDEN_404,need ≥2 distinct alternative types,n/a,alts:6|types:1,source:julbo-aerolite;alt:smith-attack-mag;alt:julbo-ultimate;alt:julbo-rush;alt:oakley-encoder;alt:oakley-radar-ev-path;alt:oakley-sutro-lite,need ≥2 distinct alternative types,Julbo Aerolite alternatives
P0,NEEDS_RELATIONSHIP_FIX,alternatives,running,julbo-rush,/products/julbo-rush/alternatives,published,INELIGIBLE,N/A,HIDDEN_404,need ≥2 distinct alternative types,n/a,alts:4|types:1,source:julbo-rush;alt:smith-attack-mag;alt:julbo-ultimate;alt:julbo-aerolite;alt:roka-phantom-air,need ≥2 distinct alternative types,Julbo Rush alternatives
P0,NEEDS_RELATIONSHIP_FIX,alternatives,running,julbo-ultimate,/products/julbo-ultimate/alternatives,published,INELIGIBLE,N/A,HIDDEN_404,need ≥2 distinct alternative types,n/a,alts:4|types:1,source:julbo-ultimate;alt:smith-shift-mag;alt:smith-attack-mag;alt:julbo-aerolite;alt:julbo-rush,need ≥2 distinct alternative types,Julbo Ultimate alternatives
P0,NEEDS_RELATIONSHIP_FIX,alternatives,running,kiprun-running-belt,/products/kiprun-running-belt/alternatives,published,INELIGIBLE,N/A,HIDDEN_404,need ≥2 distinct alternative types,n/a,alts:3|types:1,source:kiprun-running-belt;alt:spibelt-original;alt:ultraspire-fitted-race-belt-2;alt:amphipod-airflow-lite-belt,need ≥2 distinct alternative types,Kiprun Running Belt alternatives
P0,NEEDS_RELATIONSHIP_FIX,alternatives,running,kiprun-trail-10,/products/kiprun-trail-10/alternatives,draft,INELIGIBLE,N/A,HIDDEN_404,parent_product_hidden|not_production_exposed,n/a,alts:0|types:0,source:kiprun-trail-10,source product not published;need ≥3 alternatives (have 0);need ≥2 distinct alternative types;need meaningful unique reasons on ≥3 alts;field_alts_without_graph,Kiprun Trail 10L Running Vest alternatives
P0,NEEDS_RELATIONSHIP_FIX,alternatives,running,knog-cobber-mid,/products/knog-cobber-mid/alternatives,draft,INELIGIBLE,N/A,HIDDEN_404,parent_product_hidden|not_production_exposed,n/a,alts:0|types:0,source:knog-cobber-mid,source product not published;need ≥3 alternatives (have 0);need ≥2 distinct alternative types;need meaningful unique reasons on ≥3 alts;field_alts_without_graph,Knog Cobber Mid alternatives
P0,NEEDS_RELATIONSHIP_FIX,alternatives,running,knog-frog-v3,/products/knog-frog-v3/alternatives,draft,INELIGIBLE,N/A,HIDDEN_404,parent_product_hidden|not_production_exposed,n/a,alts:0|types:0,source:knog-frog-v3,source product not published;need ≥3 alternatives (have 0);need ≥2 distinct alternative types;need meaningful unique reasons on ≥3 alts;field_alts_without_graph,Knog Frog V3 Twin Pack alternatives
P0,NEEDS_RELATIONSHIP_FIX,alternatives,running,ledlenser-neo5r,/products/ledlenser-neo5r/alternatives,draft,INELIGIBLE,N/A,HIDDEN_404,parent_product_hidden|not_production_exposed,n/a,alts:0|types:0,source:ledlenser-neo5r,source product not published;need ≥3 alternatives (have 0);need ≥2 distinct alternative types;need meaningful unique reasons on ≥3 alts;field_alts_without_graph,Ledlenser NEO5R alternatives
P0,NEEDS_RELATIONSHIP_FIX,alternatives,running,ledlenser-neo9r,/products/ledlenser-neo9r/alternatives,published,INELIGIBLE,N/A,HIDDEN_404,need ≥2 distinct alternative types,n/a,alts:5|types:1,source:ledlenser-neo9r;alt:petzl-nao-rl;alt:black-diamond-distance-1500;alt:petzl-swift-rl;alt:biolite-headlamp-800-pro;alt:nitecore-nu43,need ≥2 distinct alternative types,Ledlenser NEO9R alternatives
P0,NEEDS_RELATIONSHIP_FIX,alternatives,running,leki-trail-running-quiver,/products/leki-trail-running-quiver/alternatives,draft,INELIGIBLE,N/A,HIDDEN_404,parent_product_hidden|not_production_exposed,n/a,alts:0|types:0,source:leki-trail-running-quiver,source product not published;need ≥3 alternatives (have 0);need ≥2 distinct alternative types;need meaningful unique reasons on ≥3 alts;field_alts_without_graph,LEKI Trail Running Quiver alternatives
P0,NEEDS_RELATIONSHIP_FIX,alternatives,running,lululemon-always-in-motion-men,/products/lululemon-always-in-motion-men/alternatives,draft,INELIGIBLE,N/A,HIDDEN_404,parent_product_hidden|not_production_exposed,n/a,alts:0|types:0,source:lululemon-always-in-motion-men,source product not published;need ≥3 alternatives (have 0);need ≥2 distinct alternative types;need meaningful unique reasons on ≥3 alts;field_alts_without_graph,lululemon Always In Motion Boxer (Men) alternatives
P0,NEEDS_RELATIONSHIP_FIX,alternatives,running,lululemon-energy-bra,/products/lululemon-energy-bra/alternatives,draft,INELIGIBLE,N/A,HIDDEN_404,parent_product_hidden|not_production_exposed,n/a,alts:0|types:0,source:lululemon-energy-bra,source product not published;need ≥3 alternatives (have 0);need ≥2 distinct alternative types;need meaningful unique reasons on ≥3 alts;field_alts_without_graph,lululemon Energy Bra alternatives
P0,NEEDS_RELATIONSHIP_FIX,alternatives,running,lululemon-fast-and-free-women,/products/lululemon-fast-and-free-women/alternatives,draft,INELIGIBLE,N/A,HIDDEN_404,parent_product_hidden|not_production_exposed,n/a,alts:0|types:0,source:lululemon-fast-and-free-women,source product not published;need ≥3 alternatives (have 0);need ≥2 distinct alternative types;need meaningful unique reasons on ≥3 alts;field_alts_without_graph,lululemon Fast and Free High-Rise Tight (Women) alternatives
P0,NEEDS_RELATIONSHIP_FIX,alternatives,running,lululemon-hotty-hot-women,/products/lululemon-hotty-hot-women/alternatives,draft,INELIGIBLE,N/A,HIDDEN_404,parent_product_hidden|not_production_exposed,n/a,alts:2|types:2,source:lululemon-hotty-hot-women;alt:janji-pace-short-women;alt:janji-pace-short-women,source product not published;need ≥3 alternatives (have 2);need meaningful unique reasons on ≥3 alts,lululemon Hotty Hot High-Rise Short (Women) alternatives
P0,NEEDS_RELATIONSHIP_FIX,alternatives,running,lululemon-pace-breaker-men,/products/lululemon-pace-breaker-men/alternatives,draft,INELIGIBLE,N/A,HIDDEN_404,parent_product_hidden|not_production_exposed,n/a,alts:0|types:0,source:lululemon-pace-breaker-men,source product not published;need ≥3 alternatives (have 0);need ≥2 distinct alternative types;need meaningful unique reasons on ≥3 alts;field_alts_without_graph,lululemon Pace Breaker Lined Short (Men) alternatives
P0,NEEDS_RELATIONSHIP_FIX,alternatives,running,maurten-drink-mix-160,/products/maurten-drink-mix-160/alternatives,published,INELIGIBLE,N/A,HIDDEN_404,need ≥2 distinct alternative types,n/a,alts:4|types:1,source:maurten-drink-mix-160;alt:sis-beta-fuel-drink;alt:tailwind-endurance-fuel;alt:precision-pf30-drink-mix;alt:neversecond-c30-sports-drink,need ≥2 distinct alternative types,Maurten Drink Mix 160 alternatives
P0,NEEDS_RELATIONSHIP_FIX,alternatives,running,maurten-drink-mix-320,/products/maurten-drink-mix-320/alternatives,published,INELIGIBLE,N/A,HIDDEN_404,need ≥2 distinct alternative types,n/a,alts:5|types:1,source:maurten-drink-mix-320;alt:maurten-gel-160;alt:sis-beta-fuel-drink;alt:styrkr-mix90;alt:tailwind-endurance-fuel;alt:precision-pf30-drink-mix,need ≥2 distinct alternative types,Maurten Drink Mix 320 alternatives
P0,NEEDS_RELATIONSHIP_FIX,alternatives,running,maurten-gel-100-caf-100,/products/maurten-gel-100-caf-100/alternatives,published,INELIGIBLE,N/A,HIDDEN_404,need ≥2 distinct alternative types,n/a,alts:4|types:1,source:maurten-gel-100-caf-100;alt:maurten-gel-100;alt:gu-roctane-gel;alt:sis-beta-fuel-gel;alt:neversecond-c30-gel,need ≥2 distinct alternative types,Maurten Gel 100 Caf 100 alternatives
P0,NEEDS_RELATIONSHIP_FIX,alternatives,running,maurten-gel-100,/products/maurten-gel-100/alternatives,published,INELIGIBLE,N/A,HIDDEN_404,need ≥2 distinct alternative types,n/a,alts:5|types:1,source:maurten-gel-100;alt:precision-pf30-gel;alt:sis-go-isotonic-gel;alt:gu-energy-gel;alt:neversecond-c30-gel;alt:maurten-gel-100-caf-100,need ≥2 distinct alternative types,Maurten Gel 100 alternatives
P0,NEEDS_RELATIONSHIP_FIX,alternatives,running,maurten-gel-160,/products/maurten-gel-160/alternatives,published,INELIGIBLE,N/A,HIDDEN_404,need ≥2 distinct alternative types,n/a,alts:6|types:1,source:maurten-gel-160;alt:sis-beta-fuel-gel;alt:maurten-drink-mix-320;alt:styrkr-mix90;alt:neversecond-c30-gel;alt:precision-pf30-gel;alt:226ers-high-energy-gel,need ≥2 distinct alternative types,Maurten Gel 160 alternatives
P0,NEEDS_RELATIONSHIP_FIX,alternatives,running,mirafit-folding-treadmill,/products/mirafit-folding-treadmill/alternatives,published,INELIGIBLE,N/A,HIDDEN_404,need ≥2 distinct alternative types,n/a,alts:3|types:1,source:mirafit-folding-treadmill;alt:assaultrunner-pro;alt:assaultrunner-elite;alt:sole-f80-treadmill,need ≥2 distinct alternative types,Mirafit Folding Treadmill alternatives
P0,NEEDS_RELATIONSHIP_FIX,alternatives,running,mizuno-wave-rebellion-pro-3,/products/mizuno-wave-rebellion-pro-3/alternatives,published,INELIGIBLE,N/A,HIDDEN_404,need ≥2 distinct alternative types,n/a,alts:3|types:1,source:mizuno-wave-rebellion-pro-3;alt:nike-vaporfly-4;alt:saucony-endorphin-pro-4;alt:asics-metaspeed-sky-paris,need ≥2 distinct alternative types,Mizuno Wave Rebellion Pro 3 alternatives
P0,NEEDS_RELATIONSHIP_FIX,alternatives,running,mizuno-wave-rider-28,/products/mizuno-wave-rider-28/alternatives,published,INELIGIBLE,N/A,HIDDEN_404,need ≥2 distinct alternative types,n/a,alts:3|types:1,source:mizuno-wave-rider-28;alt:brooks-ghost-18;alt:nike-pegasus-42;alt:saucony-ride-18,need ≥2 distinct alternative types,Mizuno Wave Rider 28 alternatives
P0,NEEDS_RELATIONSHIP_FIX,alternatives,running,naak-ultra-energy-bar,/products/naak-ultra-energy-bar/alternatives,published,INELIGIBLE,N/A,HIDDEN_404,need ≥2 distinct alternative types,n/a,alts:5|types:1,source:naak-ultra-energy-bar;alt:spring-energy-awesome-sauce;alt:clif-bar-original;alt:powerbar-energize;alt:clif-bloks-energy-chews;alt:veloforte-energy-bar,need ≥2 distinct alternative types,Näak Ultra Energy Bar alternatives
P0,NEEDS_RELATIONSHIP_FIX,alternatives,running,naak-ultra-energy-drink-mix,/products/naak-ultra-energy-drink-mix/alternatives,published,INELIGIBLE,N/A,HIDDEN_404,need ≥2 distinct alternative types,n/a,alts:3|types:1,source:naak-ultra-energy-drink-mix;alt:tailwind-endurance-fuel;alt:sis-beta-fuel-drink;alt:styrkr-mix90,need ≥2 distinct alternative types,Näak Ultra Energy Drink Mix alternatives
P0,NEEDS_RELATIONSHIP_FIX,alternatives,running,naked-running-band,/products/naked-running-band/alternatives,published,INELIGIBLE,N/A,HIDDEN_404,need ≥2 distinct alternative types,n/a,alts:6|types:1,source:naked-running-band;alt:ultimate-direction-race-belt;alt:ultimate-direction-ultra-belt;alt:flipbelt-classic;alt:compressport-free-belt-pro;alt:salomon-pulse-belt;alt:ultraspire-fitted-race-belt-2,need ≥2 distinct alternative types,Naked Running Band alternatives
P0,NEEDS_RELATIONSHIP_FIX,alternatives,running,nathan-exoshot-2,/products/nathan-exoshot-2/alternatives,published,INELIGIBLE,N/A,HIDDEN_404,need ≥2 distinct alternative types,n/a,alts:4|types:1,source:nathan-exoshot-2;alt:nathan-peak-hydration-waist-pack;alt:hydrapak-skyflask-speed-500;alt:nathan-speeddraw-plus-insulated-18oz;alt:salomon-soft-flask-500,need ≥2 distinct alternative types,Nathan ExoShot 2 alternatives
P0,NEEDS_RELATIONSHIP_FIX,alternatives,running,nathan-lightbender-rx,/products/nathan-lightbender-rx/alternatives,published,INELIGIBLE,N/A,HIDDEN_404,need ≥3 alternatives (have 0)|need ≥2 distinct alternative types|need meaningful unique reasons on ≥3 alts,n/a,alts:0|types:0,source:nathan-lightbender-rx,need ≥3 alternatives (have 0);need ≥2 distinct alternative types;need meaningful unique reasons on ≥3 alts;field_alts_without_graph,Nathan LightBender RX Armband Light alternatives
P0,NEEDS_RELATIONSHIP_FIX,alternatives,running,nathan-lux-strobe-rx,/products/nathan-lux-strobe-rx/alternatives,draft,INELIGIBLE,N/A,HIDDEN_404,parent_product_hidden|not_production_exposed,n/a,alts:0|types:0,source:nathan-lux-strobe-rx,source product not published;need ≥3 alternatives (have 0);need ≥2 distinct alternative types;need meaningful unique reasons on ≥3 alts;field_alts_without_graph,Nathan Lux Strobe RX alternatives
P0,NEEDS_RELATIONSHIP_FIX,alternatives,running,nathan-mirage-pak,/products/nathan-mirage-pak/alternatives,published,INELIGIBLE,N/A,HIDDEN_404,need ≥2 distinct alternative types,n/a,alts:5|types:1,source:nathan-mirage-pak;alt:ultraspire-fitted-race-belt-2;alt:nathan-zipster-lite;alt:nathan-zippered-stash;alt:flipbelt-classic;alt:spibelt-original,need ≥2 distinct alternative types,Nathan Mirage Pak alternatives
P0,NEEDS_RELATIONSHIP_FIX,alternatives,running,nathan-pinnacle-12,/products/nathan-pinnacle-12/alternatives,published,INELIGIBLE,N/A,HIDDEN_404,need ≥2 distinct alternative types,n/a,alts:6|types:1,source:nathan-pinnacle-12;alt:camelbak-zephyr-pro;alt:ultimate-direction-adventure-vest;alt:osprey-duro-15;alt:salomon-adv-skin-12;alt:camelbak-apex-pro;alt:on-ultra-vest-pro,need ≥2 distinct alternative types,Nathan Pinnacle 12L alternatives
P0,NEEDS_RELATIONSHIP_FIX,alternatives,running,nathan-quickdraw-plus-handheld,/products/nathan-quickdraw-plus-handheld/alternatives,draft,INELIGIBLE,N/A,HIDDEN_404,parent_product_hidden|not_production_exposed,n/a,alts:0|types:0,source:nathan-quickdraw-plus-handheld,source product not published;need ≥3 alternatives (have 0);need ≥2 distinct alternative types;need meaningful unique reasons on ≥3 alts;field_alts_without_graph,Nathan QuickDraw Plus Handheld alternatives
P0,NEEDS_RELATIONSHIP_FIX,alternatives,running,nathan-softflask-18oz,/products/nathan-softflask-18oz/alternatives,published,INELIGIBLE,N/A,HIDDEN_404,need ≥2 distinct alternative types,n/a,alts:3|types:1,source:nathan-softflask-18oz;alt:hydrapak-softflask-speed-500;alt:salomon-soft-flask-500;alt:ultimate-direction-body-bottle-500,need ≥2 distinct alternative types,Nathan SoftFlask 18oz alternatives
P0,NEEDS_RELATIONSHIP_FIX,alternatives,running,nathan-speeddraw-plus-insulated-18oz,/products/nathan-speeddraw-plus-insulated-18oz/alternatives,published,INELIGIBLE,N/A,HIDDEN_404,need ≥2 distinct alternative types,n/a,alts:4|types:1,source:nathan-speeddraw-plus-insulated-18oz;alt:hydrapak-skyflask-speed-500;alt:nathan-exoshot-2;alt:nathan-peak-hydration-waist-pack;alt:camelbak-quick-grip-chill,need ≥2 distinct alternative types,Nathan SpeedDraw Plus Insulated 18oz alternatives
P0,NEEDS_RELATIONSHIP_FIX,alternatives,running,nathan-streak-reflective-vest,/products/nathan-streak-reflective-vest/alternatives,published,INELIGIBLE,N/A,HIDDEN_404,need ≥2 distinct alternative types,n/a,alts:3|types:1,source:nathan-streak-reflective-vest;alt:amphipod-xinglet;alt:amphipod-xinglet-optic-beam;alt:proviz-reflect360-running-vest,need ≥2 distinct alternative types,Nathan Streak Reflective Vest alternatives
P0,NEEDS_RELATIONSHIP_FIX,alternatives,running,nathan-zippered-stash,/products/nathan-zippered-stash/alternatives,published,INELIGIBLE,N/A,HIDDEN_404,need ≥3 alternatives (have 2)|need ≥2 distinct alternative types|need meaningful unique reasons on ≥3 alts,n/a,alts:2|types:1,source:nathan-zippered-stash;alt:ultimate-direction-utility-bag;alt:nathan-mirage-pak,need ≥3 alternatives (have 2);need ≥2 distinct alternative types;need meaningful unique reasons on ≥3 alts,Nathan Zippered Stash / Phone Pouch alternatives
P0,NEEDS_RELATIONSHIP_FIX,alternatives,running,nathan-zipster-lite,/products/nathan-zipster-lite/alternatives,published,INELIGIBLE,N/A,HIDDEN_404,need ≥2 distinct alternative types,n/a,alts:4|types:1,source:nathan-zipster-lite;alt:amphipod-airflow-lite-belt;alt:fitletic-fully-loaded;alt:nathan-mirage-pak;alt:spibelt-original,need ≥2 distinct alternative types,Nathan ZipSter Lite alternatives
P0,NEEDS_RELATIONSHIP_FIX,alternatives,running,nb-rc-essential-short-men,/products/nb-rc-essential-short-men/alternatives,published,INELIGIBLE,N/A,HIDDEN_404,need ≥2 distinct alternative types,n/a,alts:4|types:1,source:nb-rc-essential-short-men;alt:patagonia-strider-pro-men;alt:nike-dri-fit-stride-short;alt:craft-adv-essence-short;alt:adidas-own-the-run-short-men,need ≥2 distinct alternative types,New Balance RC Essential Short (Men) alternatives
P0,NEEDS_RELATIONSHIP_FIX,alternatives,running,neversecond-c30-gel,/products/neversecond-c30-gel/alternatives,published,INELIGIBLE,N/A,HIDDEN_404,need ≥2 distinct alternative types,n/a,alts:8|types:1,source:neversecond-c30-gel;alt:maurten-gel-100;alt:maurten-gel-100-caf-100;alt:maurten-gel-160;alt:sis-beta-fuel-gel;alt:gu-roctane-gel;alt:precision-pf30-gel;alt:enervit-c2-1-carbo-gel;alt:styrkr-gel30,need ≥2 distinct alternative types,Neversecond C30 Energy Gel alternatives
P0,NEEDS_RELATIONSHIP_FIX,alternatives,running,neversecond-c30-sports-drink,/products/neversecond-c30-sports-drink/alternatives,published,INELIGIBLE,N/A,HIDDEN_404,need ≥2 distinct alternative types,n/a,alts:4|types:1,source:neversecond-c30-sports-drink;alt:maurten-drink-mix-160;alt:sis-beta-fuel-drink;alt:tailwind-endurance-fuel;alt:precision-pf30-drink-mix,need ≥2 distinct alternative types,Neversecond C30 Sports Drink alternatives
P0,NEEDS_RELATIONSHIP_FIX,alternatives,running,new-balance-fresh-foam-x-1080-v13,/products/new-balance-fresh-foam-x-1080-v13/alternatives,published,INELIGIBLE,N/A,HIDDEN_404,need ≥3 alternatives (have 1)|need ≥2 distinct alternative types|need meaningful unique reasons on ≥3 alts,n/a,alts:1|types:1,source:new-balance-fresh-foam-x-1080-v13;alt:new-balance-fresh-foam-x-1080-v14,need ≥3 alternatives (have 1);need ≥2 distinct alternative types;need meaningful unique reasons on ≥3 alts,New Balance Fresh Foam X 1080 v13 alternatives
P0,NEEDS_RELATIONSHIP_FIX,alternatives,running,new-balance-fresh-foam-x-860-v14,/products/new-balance-fresh-foam-x-860-v14/alternatives,published,INELIGIBLE,N/A,HIDDEN_404,need ≥2 distinct alternative types,n/a,alts:3|types:1,source:new-balance-fresh-foam-x-860-v14;alt:asics-gt-1000-13;alt:brooks-adrenaline-gts-25;alt:asics-gt-2000-14,need ≥2 distinct alternative types,New Balance Fresh Foam X 860 v14 alternatives
P0,NEEDS_RELATIONSHIP_FIX,alternatives,running,new-balance-fresh-foam-x-hierro-v9,/products/new-balance-fresh-foam-x-hierro-v9/alternatives,published,INELIGIBLE,N/A,HIDDEN_404,need ≥2 distinct alternative types,n/a,alts:3|types:1,source:new-balance-fresh-foam-x-hierro-v9;alt:asics-gel-trabuco-13;alt:hoka-speedgoat-6;alt:salomon-ultra-glide-2,need ≥2 distinct alternative types,New Balance Fresh Foam X Hierro v9 alternatives
P0,NEEDS_RELATIONSHIP_FIX,alternatives,running,new-balance-fuelcell-rebel-v4,/products/new-balance-fuelcell-rebel-v4/alternatives,published,INELIGIBLE,N/A,HIDDEN_404,need ≥3 alternatives (have 2)|need ≥2 distinct alternative types|need meaningful unique reasons on ≥3 alts,n/a,alts:2|types:1,source:new-balance-fuelcell-rebel-v4;alt:saucony-endorphin-speed-4;alt:nike-pegasus-41,need ≥3 alternatives (have 2);need ≥2 distinct alternative types;need meaningful unique reasons on ≥3 alts,New Balance FuelCell Rebel v4 alternatives
P0,NEEDS_RELATIONSHIP_FIX,alternatives,running,new-balance-fuelcell-rebel-v5,/products/new-balance-fuelcell-rebel-v5/alternatives,published,INELIGIBLE,N/A,HIDDEN_404,need ≥3 alternatives (have 2)|need ≥2 distinct alternative types|need meaningful unique reasons on ≥3 alts,n/a,alts:2|types:1,source:new-balance-fuelcell-rebel-v5;alt:hoka-mach-6;alt:saucony-endorphin-speed-5,need ≥3 alternatives (have 2);need ≥2 distinct alternative types;need meaningful unique reasons on ≥3 alts,New Balance FuelCell Rebel v5 alternatives
P0,NEEDS_RELATIONSHIP_FIX,alternatives,running,new-balance-fuelcell-supercomp-elite-v4,/products/new-balance-fuelcell-supercomp-elite-v4/alternatives,published,INELIGIBLE,N/A,HIDDEN_404,need ≥2 distinct alternative types,n/a,alts:3|types:1,source:new-balance-fuelcell-supercomp-elite-v4;alt:nike-vaporfly-4;alt:saucony-endorphin-pro-4;alt:adidas-adizero-adios-pro-4,need ≥2 distinct alternative types,New Balance FuelCell SuperComp Elite v4 alternatives
P0,NEEDS_RELATIONSHIP_FIX,alternatives,running,new-balance-fuelcell-supercomp-trainer-v3,/products/new-balance-fuelcell-supercomp-trainer-v3/alternatives,published,INELIGIBLE,N/A,HIDDEN_404,need ≥3 alternatives (have 2)|need ≥2 distinct alternative types|need meaningful unique reasons on ≥3 alts,n/a,alts:2|types:1,source:new-balance-fuelcell-supercomp-trainer-v3;alt:asics-superblast-2;alt:brooks-hyperion-max-2,need ≥3 alternatives (have 2);need ≥2 distinct alternative types;need meaningful unique reasons on ≥3 alts,New Balance FuelCell SuperComp Trainer v3 alternatives
P0,NEEDS_RELATIONSHIP_FIX,alternatives,running,night-runner-270,/products/night-runner-270/alternatives,draft,INELIGIBLE,N/A,HIDDEN_404,parent_product_hidden|not_production_exposed,n/a,alts:0|types:0,source:night-runner-270,source product not published;need ≥3 alternatives (have 0);need ≥2 distinct alternative types;need meaningful unique reasons on ≥3 alts;field_alts_without_graph,Night Runner 270 Shoe Lights alternatives
P0,NEEDS_RELATIONSHIP_FIX,alternatives,running,nike-aerobill-cap,/products/nike-aerobill-cap/alternatives,published,INELIGIBLE,N/A,HIDDEN_404,need ≥2 distinct alternative types,n/a,alts:4|types:1,source:nike-aerobill-cap;alt:ciele-gocap-athletics;alt:brooks-notch-thermal-beanie;alt:tracksmith-session-short-men;alt:tracksmith-session-short-women,need ≥2 distinct alternative types,Nike AeroBill / Dri-FIT Advantage Cap alternatives
P0,NEEDS_RELATIONSHIP_FIX,alternatives,running,nike-aeroswift-singlet-men,/products/nike-aeroswift-singlet-men/alternatives,published,INELIGIBLE,N/A,HIDDEN_404,need ≥3 alternatives (have 1)|need ≥2 distinct alternative types|need meaningful unique reasons on ≥3 alts,n/a,alts:1|types:1,source:nike-aeroswift-singlet-men;alt:asics-core-split-short,need ≥3 alternatives (have 1);need ≥2 distinct alternative types;need meaningful unique reasons on ≥3 alts,Nike AeroSwift Singlet (Men) alternatives
P0,NEEDS_RELATIONSHIP_FIX,alternatives,running,nike-dri-fit-miler-women,/products/nike-dri-fit-miler-women/alternatives,published,INELIGIBLE,N/A,HIDDEN_404,need ≥3 alternatives (have 2)|need ≥2 distinct alternative types|need meaningful unique reasons on ≥3 alts,n/a,alts:2|types:1,source:nike-dri-fit-miler-women;alt:janji-run-tee-men;alt:patagonia-capilene-cool-daily-men,need ≥3 alternatives (have 2);need ≥2 distinct alternative types;need meaningful unique reasons on ≥3 alts,Nike Dri-FIT Miler Tee (Women) alternatives
P0,NEEDS_RELATIONSHIP_FIX,alternatives,running,nike-dri-fit-stride-short,/products/nike-dri-fit-stride-short/alternatives,published,INELIGIBLE,N/A,HIDDEN_404,need ≥2 distinct alternative types,n/a,alts:6|types:1,source:nike-dri-fit-stride-short;alt:tracksmith-session-short-men;alt:nb-rc-essential-short-men;alt:adidas-own-the-run-short-men;alt:on-performance-short-men;alt:asics-core-split-short;alt:craft-adv-essence-short,need ≥2 distinct alternative types,Nike Dri-FIT Stride Short alternatives
P0,NEEDS_RELATIONSHIP_FIX,alternatives,running,nike-element-ls-men,/products/nike-element-ls-men/alternatives,draft,INELIGIBLE,N/A,HIDDEN_404,parent_product_hidden|not_production_exposed,n/a,alts:0|types:0,source:nike-element-ls-men,source product not published;need ≥3 alternatives (have 0);need ≥2 distinct alternative types;need meaningful unique reasons on ≥3 alts;field_alts_without_graph,Nike Element / Therma Long Sleeve (Men) alternatives
P0,NEEDS_RELATIONSHIP_FIX,alternatives,running,nike-fast-tight-men,/products/nike-fast-tight-men/alternatives,published,INELIGIBLE,N/A,HIDDEN_404,need ≥2 distinct alternative types,n/a,alts:4|types:1,source:nike-fast-tight-men;alt:tracksmith-twilight-half-men;alt:craft-adv-essence-tight-men;alt:on-performance-tight-women;alt:odlo-active-warm-eco-bottom-men,need ≥2 distinct alternative types,Nike Dri-FIT Fast Tights (Men) alternatives
P0,NEEDS_RELATIONSHIP_FIX,alternatives,running,nike-impossibly-light-men,/products/nike-impossibly-light-men/alternatives,published,INELIGIBLE,N/A,HIDDEN_404,need ≥2 distinct alternative types,n/a,alts:3|types:1,source:nike-impossibly-light-men;alt:patagonia-houdini-men;alt:craft-adv-essence-light-wind-men;alt:on-weather-jacket-men,need ≥2 distinct alternative types,Nike Impossibly Light / Windrunner Light Shell (Men) alternatives
P0,NEEDS_RELATIONSHIP_FIX,alternatives,running,nike-invincible-3,/products/nike-invincible-3/alternatives,published,INELIGIBLE,N/A,HIDDEN_404,need ≥3 alternatives (have 2)|need ≥2 distinct alternative types|need meaningful unique reasons on ≥3 alts,n/a,alts:2|types:1,source:nike-invincible-3;alt:nike-vomero-18;alt:hoka-bondi-9,need ≥3 alternatives (have 2);need ≥2 distinct alternative types;need meaningful unique reasons on ≥3 alts,Nike Invincible 3 alternatives
P0,NEEDS_RELATIONSHIP_FIX,alternatives,running,nike-pegasus-41,/products/nike-pegasus-41/alternatives,published,INELIGIBLE,N/A,HIDDEN_404,need ≥2 distinct alternative types,n/a,alts:6|types:1,source:nike-pegasus-41;alt:brooks-ghost-18;alt:asics-novablast-6;alt:brooks-ghost-16;alt:asics-novablast-5;alt:new-balance-fuelcell-rebel-v4;alt:adidas-adizero-boston-12,need ≥2 distinct alternative types,Nike Pegasus 41 alternatives
P0,NEEDS_RELATIONSHIP_FIX,alternatives,running,nike-pegasus-trail-5,/products/nike-pegasus-trail-5/alternatives,published,INELIGIBLE,N/A,HIDDEN_404,need ≥3 alternatives (have 2)|need ≥2 distinct alternative types|need meaningful unique reasons on ≥3 alts,n/a,alts:2|types:1,source:nike-pegasus-trail-5;alt:salomon-sense-ride-5;alt:salomon-aero-glide-2,need ≥3 alternatives (have 2);need ≥2 distinct alternative types;need meaningful unique reasons on ≥3 alts,Nike Pegasus Trail 5 alternatives
P0,NEEDS_RELATIONSHIP_FIX,alternatives,running,nike-react-infinity-run-4,/products/nike-react-infinity-run-4/alternatives,published,INELIGIBLE,N/A,HIDDEN_404,need ≥3 alternatives (have 2)|need ≥2 distinct alternative types|need meaningful unique reasons on ≥3 alts,n/a,alts:2|types:1,source:nike-react-infinity-run-4;alt:hoka-arahi-7;alt:saucony-guide-18,need ≥3 alternatives (have 2);need ≥2 distinct alternative types;need meaningful unique reasons on ≥3 alts,Nike React Infinity Run 4 alternatives
P0,NEEDS_RELATIONSHIP_FIX,alternatives,running,nike-structure-26,/products/nike-structure-26/alternatives,published,INELIGIBLE,N/A,HIDDEN_404,need ≥3 alternatives (have 2)|need ≥2 distinct alternative types|need meaningful unique reasons on ≥3 alts,n/a,alts:2|types:1,source:nike-structure-26;alt:asics-gt-2000-14;alt:brooks-adrenaline-gts-25,need ≥3 alternatives (have 2);need ≥2 distinct alternative types;need meaningful unique reasons on ≥3 alts,Nike Structure 26 alternatives
P0,NEEDS_RELATIONSHIP_FIX,alternatives,running,nike-structure-plus,/products/nike-structure-plus/alternatives,published,INELIGIBLE,N/A,HIDDEN_404,need ≥3 alternatives (have 2)|need ≥2 distinct alternative types|need meaningful unique reasons on ≥3 alts,n/a,alts:2|types:1,source:nike-structure-plus;alt:asics-gel-kayano-32;alt:brooks-adrenaline-gts-25,need ≥3 alternatives (have 2);need ≥2 distinct alternative types;need meaningful unique reasons on ≥3 alts,Nike Structure Plus alternatives
P0,NEEDS_RELATIONSHIP_FIX,alternatives,running,nike-swoosh-medium-support,/products/nike-swoosh-medium-support/alternatives,published,INELIGIBLE,N/A,HIDDEN_404,need ≥3 alternatives (have 0)|need ≥2 distinct alternative types|need meaningful unique reasons on ≥3 alts,n/a,alts:0|types:0,source:nike-swoosh-medium-support,need ≥3 alternatives (have 0);need ≥2 distinct alternative types;need meaningful unique reasons on ≥3 alts;field_alts_without_graph,Nike Swoosh Medium Support Bra alternatives
P0,NEEDS_RELATIONSHIP_FIX,alternatives,running,nike-therma-fit-glove,/products/nike-therma-fit-glove/alternatives,published,INELIGIBLE,N/A,HIDDEN_404,need ≥3 alternatives (have 2)|need ≥2 distinct alternative types|need meaningful unique reasons on ≥3 alts,n/a,alts:2|types:1,source:nike-therma-fit-glove;alt:smartwool-thermal-merino-glove;alt:craft-adv-lumen-glove,need ≥3 alternatives (have 2);need ≥2 distinct alternative types;need meaningful unique reasons on ≥3 alts,Nike Therma-FIT Run Gloves alternatives
P0,NEEDS_RELATIONSHIP_FIX,alternatives,running,nike-vomero-18,/products/nike-vomero-18/alternatives,published,INELIGIBLE,N/A,HIDDEN_404,need ≥2 distinct alternative types,n/a,alts:3|types:1,source:nike-vomero-18;alt:brooks-glycerin-22;alt:hoka-bondi-9;alt:nike-invincible-3,need ≥2 distinct alternative types,Nike Vomero 18 alternatives
P0,NEEDS_RELATIONSHIP_FIX,alternatives,running,nite-ize-radiant-rechargeable-clip-light,/products/nite-ize-radiant-rechargeable-clip-light/alternatives,draft,INELIGIBLE,N/A,HIDDEN_404,parent_product_hidden|not_production_exposed,n/a,alts:0|types:0,source:nite-ize-radiant-rechargeable-clip-light,source product not published;need ≥3 alternatives (have 0);need ≥2 distinct alternative types;need meaningful unique reasons on ≥3 alts;field_alts_without_graph,Nite Ize Radiant Rechargeable Clip Light alternatives
P0,NEEDS_RELATIONSHIP_FIX,alternatives,running,nitecore-nu25-ul,/products/nitecore-nu25-ul/alternatives,draft,INELIGIBLE,N/A,HIDDEN_404,parent_product_hidden|not_production_exposed,n/a,alts:0|types:0,source:nitecore-nu25-ul,source product not published;need ≥3 alternatives (have 0);need ≥2 distinct alternative types;need meaningful unique reasons on ≥3 alts;field_alts_without_graph,NITECORE NU25 UL alternatives
P0,NEEDS_RELATIONSHIP_FIX,alternatives,running,nitecore-nu43,/products/nitecore-nu43/alternatives,published,INELIGIBLE,N/A,HIDDEN_404,need ≥2 distinct alternative types,n/a,alts:3|types:1,source:nitecore-nu43;alt:petzl-swift-rl;alt:biolite-headlamp-800-pro;alt:ledlenser-neo9r,need ≥2 distinct alternative types,NITECORE NU43 alternatives
P0,NEEDS_RELATIONSHIP_FIX,alternatives,running,nnormal-race-vest,/products/nnormal-race-vest/alternatives,published,INELIGIBLE,N/A,HIDDEN_404,need ≥2 distinct alternative types,n/a,alts:4|types:1,source:nnormal-race-vest;alt:compressport-ultrun-s-pack;alt:salomon-adv-skin-5;alt:ultimate-direction-race-vest-6;alt:osprey-duro-lt,need ≥2 distinct alternative types,NNormal Race Vest alternatives
P0,NEEDS_RELATIONSHIP_FIX,alternatives,running,nuun-sport,/products/nuun-sport/alternatives,published,INELIGIBLE,N/A,HIDDEN_404,need ≥2 distinct alternative types,n/a,alts:5|types:1,source:nuun-sport;alt:saltstick-fastchews;alt:skratch-sport-hydration-mix;alt:precision-ph1500;alt:high5-zero;alt:saltstick-caps,need ≥2 distinct alternative types,Nuun Sport Electrolyte Tablets alternatives
P0,NEEDS_RELATIONSHIP_FIX,alternatives,running,oakley-encoder,/products/oakley-encoder/alternatives,published,INELIGIBLE,N/A,HIDDEN_404,need ≥2 distinct alternative types,n/a,alts:7|types:1,source:oakley-encoder;alt:oakley-radar-ev-path;alt:oakley-sutro-lite;alt:oakley-kato;alt:rudy-project-cutline;alt:100-percent-s3;alt:julbo-aerolite;alt:goodr-ogs,need ≥2 distinct alternative types,Oakley Encoder alternatives
P0,NEEDS_RELATIONSHIP_FIX,alternatives,running,oakley-flak-2-0-xl,/products/oakley-flak-2-0-xl/alternatives,published,INELIGIBLE,N/A,HIDDEN_404,need ≥2 distinct alternative types,n/a,alts:3|types:1,source:oakley-flak-2-0-xl;alt:oakley-radar-ev-path;alt:tifosi-rail;alt:smith-shift-mag,need ≥2 distinct alternative types,Oakley Flak 2.0 XL alternatives
P0,NEEDS_RELATIONSHIP_FIX,alternatives,running,oakley-kato,/products/oakley-kato/alternatives,published,INELIGIBLE,N/A,HIDDEN_404,need ≥2 distinct alternative types,n/a,alts:4|types:1,source:oakley-kato;alt:oakley-sutro-lite;alt:100-percent-s3;alt:rudy-project-cutline;alt:oakley-encoder,need ≥2 distinct alternative types,Oakley Kato alternatives
P0,NEEDS_RELATIONSHIP_FIX,alternatives,running,oakley-radar-ev-path,/products/oakley-radar-ev-path/alternatives,published,INELIGIBLE,N/A,HIDDEN_404,need ≥2 distinct alternative types,n/a,alts:7|types:1,source:oakley-radar-ev-path;alt:smith-shift-mag;alt:tifosi-rail;alt:oakley-flak-2-0-xl;alt:oakley-encoder;alt:roka-phantom-air;alt:goodr-ogs;alt:julbo-aerolite,need ≥2 distinct alternative types,Oakley Radar EV Path alternatives
P0,NEEDS_RELATIONSHIP_FIX,alternatives,running,oakley-sutro-lite,/products/oakley-sutro-lite/alternatives,published,INELIGIBLE,N/A,HIDDEN_404,need ≥2 distinct alternative types,n/a,alts:6|types:1,source:oakley-sutro-lite;alt:oakley-kato;alt:100-percent-s3;alt:rudy-project-cutline;alt:oakley-encoder;alt:goodr-ogs;alt:julbo-aerolite,need ≥2 distinct alternative types,Oakley Sutro Lite alternatives
P0,NEEDS_RELATIONSHIP_FIX,alternatives,running,odlo-active-warm-eco-bottom-men,/products/odlo-active-warm-eco-bottom-men/alternatives,published,INELIGIBLE,N/A,HIDDEN_404,need ≥3 alternatives (have 2)|need ≥2 distinct alternative types|need meaningful unique reasons on ≥3 alts,n/a,alts:2|types:1,source:odlo-active-warm-eco-bottom-men;alt:craft-adv-essence-tight-men;alt:nike-fast-tight-men,need ≥3 alternatives (have 2);need ≥2 distinct alternative types;need meaningful unique reasons on ≥3 alts,Odlo Active Warm Eco Bottom (Men) alternatives
P0,NEEDS_RELATIONSHIP_FIX,alternatives,running,odlo-active-warm-eco-men,/products/odlo-active-warm-eco-men/alternatives,published,INELIGIBLE,N/A,HIDDEN_404,need ≥2 distinct alternative types,n/a,alts:4|types:1,source:odlo-active-warm-eco-men;alt:tracksmith-brighton-ls-men;alt:patagonia-capilene-thermal-crew-men;alt:craft-active-extreme-x-men;alt:patagonia-capilene-midweight-zip-men,need ≥2 distinct alternative types,Odlo Active Warm Eco Long Sleeve (Men) alternatives
P0,NEEDS_RELATIONSHIP_FIX,alternatives,running,on-cloudmonster-2,/products/on-cloudmonster-2/alternatives,published,INELIGIBLE,N/A,HIDDEN_404,need ≥2 distinct alternative types,n/a,alts:3|types:1,source:on-cloudmonster-2;alt:asics-superblast-2;alt:asics-novablast-6;alt:salomon-aero-glide-2,need ≥2 distinct alternative types,On Cloudmonster 2 alternatives
P0,NEEDS_RELATIONSHIP_FIX,alternatives,running,on-cloudmonster-hyper,/products/on-cloudmonster-hyper/alternatives,published,INELIGIBLE,N/A,HIDDEN_404,need ≥3 alternatives (have 2)|need ≥2 distinct alternative types|need meaningful unique reasons on ≥3 alts,n/a,alts:2|types:1,source:on-cloudmonster-hyper;alt:asics-superblast-2;alt:saucony-endorphin-speed-5,need ≥3 alternatives (have 2);need ≥2 distinct alternative types;need meaningful unique reasons on ≥3 alts,On Cloudmonster Hyper alternatives
P0,NEEDS_RELATIONSHIP_FIX,alternatives,running,on-cloudsurfer-2,/products/on-cloudsurfer-2/alternatives,published,INELIGIBLE,N/A,HIDDEN_404,need ≥3 alternatives (have 2)|need ≥2 distinct alternative types|need meaningful unique reasons on ≥3 alts,n/a,alts:2|types:1,source:on-cloudsurfer-2;alt:hoka-clifton-10;alt:adidas-ultraboost-5,need ≥3 alternatives (have 2);need ≥2 distinct alternative types;need meaningful unique reasons on ≥3 alts,On Cloudsurfer 2 alternatives
P0,NEEDS_RELATIONSHIP_FIX,alternatives,running,on-cloudsurfer-next,/products/on-cloudsurfer-next/alternatives,published,INELIGIBLE,N/A,HIDDEN_404,need ≥3 alternatives (have 2)|need ≥2 distinct alternative types|need meaningful unique reasons on ≥3 alts,n/a,alts:2|types:1,source:on-cloudsurfer-next;alt:brooks-ghost-18;alt:hoka-clifton-10,need ≥3 alternatives (have 2);need ≥2 distinct alternative types;need meaningful unique reasons on ≥3 alts,On Cloudsurfer Next alternatives
P0,NEEDS_RELATIONSHIP_FIX,alternatives,running,on-performance-short-men,/products/on-performance-short-men/alternatives,published,INELIGIBLE,N/A,HIDDEN_404,need ≥2 distinct alternative types,n/a,alts:3|types:1,source:on-performance-short-men;alt:janji-multi-short-men;alt:tracksmith-session-short-men;alt:nike-dri-fit-stride-short,need ≥2 distinct alternative types,On Performance Shorts / Hybrid (Men) alternatives
P0,NEEDS_RELATIONSHIP_FIX,alternatives,running,on-performance-tight-women,/products/on-performance-tight-women/alternatives,published,INELIGIBLE,N/A,HIDDEN_404,need ≥2 distinct alternative types,n/a,alts:5|types:1,source:on-performance-tight-women;alt:brooks-chaser-5-women;alt:brooks-method-tight-women;alt:nike-fast-tight-men;alt:tracksmith-turnover-tight-women;alt:craft-adv-essence-tight-men,need ≥2 distinct alternative types,On Performance Tights (Women) alternatives
P0,NEEDS_RELATIONSHIP_FIX,alternatives,running,on-ultra-vest-pro,/products/on-ultra-vest-pro/alternatives,published,INELIGIBLE,N/A,HIDDEN_404,need ≥2 distinct alternative types,n/a,alts:3|types:1,source:on-ultra-vest-pro;alt:camelbak-apex-pro;alt:osprey-duro-15;alt:nathan-pinnacle-12,need ≥2 distinct alternative types,On Ultra Vest Pro alternatives
P0,NEEDS_RELATIONSHIP_FIX,alternatives,running,on-weather-jacket-men,/products/on-weather-jacket-men/alternatives,published,INELIGIBLE,N/A,HIDDEN_404,need ≥2 distinct alternative types,n/a,alts:3|types:1,source:on-weather-jacket-men;alt:brooks-canopy-jacket-men;alt:patagonia-houdini-men;alt:nike-impossibly-light-men,need ≥2 distinct alternative types,On Weather Jacket (Men) alternatives
P0,NEEDS_RELATIONSHIP_FIX,alternatives,running,oofos-oocandoo,/products/oofos-oocandoo/alternatives,draft,INELIGIBLE,N/A,HIDDEN_404,parent_product_hidden|not_production_exposed,n/a,alts:0|types:0,source:oofos-oocandoo,source product not published;need ≥3 alternatives (have 0);need ≥2 distinct alternative types;need meaningful unique reasons on ≥3 alts;field_alts_without_graph,OOFOS OOcandoo alternatives
P0,NEEDS_RELATIONSHIP_FIX,alternatives,running,oofos-oolala,/products/oofos-oolala/alternatives,published,INELIGIBLE,N/A,HIDDEN_404,need ≥3 alternatives (have 1)|need ≥2 distinct alternative types|need meaningful unique reasons on ≥3 alts,n/a,alts:1|types:1,source:oofos-oolala;alt:oofos-ooriginal,need ≥3 alternatives (have 1);need ≥2 distinct alternative types;need meaningful unique reasons on ≥3 alts,OOFOS OOlala alternatives
P0,NEEDS_RELATIONSHIP_FIX,alternatives,running,oofos-ooriginal,/products/oofos-ooriginal/alternatives,published,INELIGIBLE,N/A,HIDDEN_404,need ≥3 alternatives (have 1)|need ≥2 distinct alternative types|need meaningful unique reasons on ≥3 alts,n/a,alts:1|types:1,source:oofos-ooriginal;alt:oofos-oolala,need ≥3 alternatives (have 1);need ≥2 distinct alternative types;need meaningful unique reasons on ≥3 alts,OOFOS OOriginal alternatives
P0,NEEDS_RELATIONSHIP_FIX,alternatives,running,opove-m3-pro,/products/opove-m3-pro/alternatives,draft,INELIGIBLE,N/A,HIDDEN_404,parent_product_hidden|not_production_exposed,n/a,alts:0|types:0,source:opove-m3-pro,source product not published;need ≥3 alternatives (have 0);need ≥2 distinct alternative types;need meaningful unique reasons on ≥3 alts;field_alts_without_graph,OPOVE M3 Pro Massage Gun alternatives
P0,NEEDS_RELATIONSHIP_FIX,alternatives,running,osprey-duro-15,/products/osprey-duro-15/alternatives,published,INELIGIBLE,N/A,HIDDEN_404,need ≥2 distinct alternative types,n/a,alts:6|types:1,source:osprey-duro-15;alt:ultimate-direction-fastpack-20;alt:osprey-duro-6;alt:salomon-xa-15;alt:nathan-pinnacle-12;alt:on-ultra-vest-pro;alt:osprey-talon-velocity-20,need ≥2 distinct alternative types,Osprey Duro 15 alternatives
P0,NEEDS_RELATIONSHIP_FIX,alternatives,running,osprey-dyna-6,/products/osprey-dyna-6/alternatives,published,INELIGIBLE,N/A,HIDDEN_404,need ≥2 distinct alternative types,n/a,alts:3|types:1,source:osprey-dyna-6;alt:osprey-dyna-lt;alt:osprey-duro-6;alt:ultimate-direction-adventure-vest,need ≥2 distinct alternative types,Osprey Dyna 6 alternatives
P0,NEEDS_RELATIONSHIP_FIX,alternatives,running,osprey-dyna-lt,/products/osprey-dyna-lt/alternatives,published,INELIGIBLE,N/A,HIDDEN_404,need ≥2 distinct alternative types,n/a,alts:3|types:1,source:osprey-dyna-lt;alt:osprey-duro-lt;alt:salomon-adv-skin-5;alt:osprey-dyna-6,need ≥2 distinct alternative types,Osprey Dyna LT alternatives
P0,NEEDS_RELATIONSHIP_FIX,alternatives,running,osprey-hydraulics-lt-15,/products/osprey-hydraulics-lt-15/alternatives,published,INELIGIBLE,N/A,HIDDEN_404,need ≥3 alternatives (have 1)|need ≥2 distinct alternative types|need meaningful unique reasons on ≥3 alts,n/a,alts:1|types:1,source:osprey-hydraulics-lt-15;alt:camelbak-crux-15,need ≥3 alternatives (have 1);need ≥2 distinct alternative types;need meaningful unique reasons on ≥3 alts,Osprey Hydraulics LT 1.5L Reservoir alternatives
P0,NEEDS_RELATIONSHIP_FIX,alternatives,running,osprey-talon-velocity-30,/products/osprey-talon-velocity-30/alternatives,published,INELIGIBLE,N/A,HIDDEN_404,need ≥2 distinct alternative types,n/a,alts:3|types:1,source:osprey-talon-velocity-30;alt:ultimate-direction-fastpack-30;alt:black-diamond-distance-22;alt:osprey-talon-velocity-20,need ≥2 distinct alternative types,Osprey Talon Velocity 30 alternatives
P0,NEEDS_RELATIONSHIP_FIX,alternatives,running,osprey-tempest-velocity-20,/products/osprey-tempest-velocity-20/alternatives,published,INELIGIBLE,N/A,HIDDEN_404,need ≥2 distinct alternative types,n/a,alts:4|types:1,source:osprey-tempest-velocity-20;alt:ultimate-direction-fastpack-her-20;alt:osprey-talon-velocity-20;alt:salomon-adv-skin-12;alt:ultimate-direction-race-vest-6,need ≥2 distinct alternative types,Osprey Tempest Velocity 20 alternatives
P0,NEEDS_RELATIONSHIP_FIX,alternatives,running,outdoor-research-ferrosi-gaiters,/products/outdoor-research-ferrosi-gaiters/alternatives,draft,INELIGIBLE,N/A,HIDDEN_404,parent_product_hidden|not_production_exposed,n/a,alts:0|types:0,source:outdoor-research-ferrosi-gaiters,source product not published;need ≥3 alternatives (have 0);need ≥2 distinct alternative types;need meaningful unique reasons on ≥3 alts;field_alts_without_graph,Outdoor Research Ferrosi Thru Gaiters alternatives
P0,NEEDS_RELATIONSHIP_FIX,alternatives,running,patagonia-capilene-midweight-zip-men,/products/patagonia-capilene-midweight-zip-men/alternatives,published,INELIGIBLE,N/A,HIDDEN_404,need ≥2 distinct alternative types,n/a,alts:3|types:1,source:patagonia-capilene-midweight-zip-men;alt:odlo-active-warm-eco-men;alt:craft-active-extreme-x-men;alt:patagonia-capilene-thermal-crew-men,need ≥2 distinct alternative types,Patagonia Capilene Midweight Zip-Neck (Men) alternatives
P0,NEEDS_RELATIONSHIP_FIX,alternatives,running,patagonia-capilene-thermal-crew-men,/products/patagonia-capilene-thermal-crew-men/alternatives,published,INELIGIBLE,N/A,HIDDEN_404,need ≥2 distinct alternative types,n/a,alts:4|types:1,source:patagonia-capilene-thermal-crew-men;alt:tracksmith-brighton-ls-men;alt:odlo-active-warm-eco-men;alt:craft-active-extreme-x-men;alt:patagonia-capilene-midweight-zip-men,need ≥2 distinct alternative types,Patagonia Capilene Thermal Weight Crew (Men) alternatives
P0,NEEDS_RELATIONSHIP_FIX,alternatives,running,patagonia-endless-run-tight-women,/products/patagonia-endless-run-tight-women/alternatives,published,INELIGIBLE,N/A,HIDDEN_404,need ≥3 alternatives (have 2)|need ≥2 distinct alternative types|need meaningful unique reasons on ≥3 alts,n/a,alts:2|types:1,source:patagonia-endless-run-tight-women;alt:tracksmith-turnover-tight-women;alt:brooks-method-tight-women,need ≥3 alternatives (have 2);need ≥2 distinct alternative types;need meaningful unique reasons on ≥3 alts,Patagonia Endless Run Tights (Women) alternatives
P0,NEEDS_RELATIONSHIP_FIX,alternatives,running,patagonia-nano-puff-vest-men,/products/patagonia-nano-puff-vest-men/alternatives,published,INELIGIBLE,N/A,HIDDEN_404,need ≥3 alternatives (have 2)|need ≥2 distinct alternative types|need meaningful unique reasons on ≥3 alts,n/a,alts:2|types:1,source:patagonia-nano-puff-vest-men;alt:brooks-notch-thermal-men;alt:craft-adv-essence-light-wind-vest-men,need ≥3 alternatives (have 2);need ≥2 distinct alternative types;need meaningful unique reasons on ≥3 alts,Patagonia Nano-Puff Vest (Men) alternatives
P0,NEEDS_RELATIONSHIP_FIX,alternatives,running,patagonia-slope-runner-vest,/products/patagonia-slope-runner-vest/alternatives,draft,INELIGIBLE,N/A,HIDDEN_404,parent_product_hidden|not_production_exposed,n/a,alts:0|types:0,source:patagonia-slope-runner-vest,source product not published;need ≥3 alternatives (have 0);need ≥2 distinct alternative types;need meaningful unique reasons on ≥3 alts;field_alts_without_graph,Patagonia Slope Runner Vest alternatives
P0,NEEDS_RELATIONSHIP_FIX,alternatives,running,patagonia-trailfarer-short-women,/products/patagonia-trailfarer-short-women/alternatives,published,INELIGIBLE,N/A,HIDDEN_404,need ≥3 alternatives (have 2)|need ≥2 distinct alternative types|need meaningful unique reasons on ≥3 alts,n/a,alts:2|types:1,source:patagonia-trailfarer-short-women;alt:janji-pace-short-women;alt:brooks-chaser-5-women,need ≥3 alternatives (have 2);need ≥2 distinct alternative types;need meaningful unique reasons on ≥3 alts,Patagonia Trailfarer Shorts (Women) alternatives
P0,NEEDS_RELATIONSHIP_FIX,alternatives,running,petzl-actik-core,/products/petzl-actik-core/alternatives,published,INELIGIBLE,N/A,HIDDEN_404,need ≥3 alternatives (have 1)|need ≥2 distinct alternative types|need meaningful unique reasons on ≥3 alts,n/a,alts:1|types:1,source:petzl-actik-core;alt:black-diamond-spot-400-r,need ≥3 alternatives (have 1);need ≥2 distinct alternative types;need meaningful unique reasons on ≥3 alts,Petzl Actik Core alternatives
P0,NEEDS_RELATIONSHIP_FIX,alternatives,running,petzl-iko-core,/products/petzl-iko-core/alternatives,draft,INELIGIBLE,N/A,HIDDEN_404,parent_product_hidden|not_production_exposed,n/a,alts:0|types:0,source:petzl-iko-core,source product not published;need ≥3 alternatives (have 0);need ≥2 distinct alternative types;need meaningful unique reasons on ≥3 alts;field_alts_without_graph,Petzl IKO Core alternatives
P0,NEEDS_RELATIONSHIP_FIX,alternatives,running,petzl-nao-rl,/products/petzl-nao-rl/alternatives,published,INELIGIBLE,N/A,HIDDEN_404,need ≥2 distinct alternative types,n/a,alts:4|types:1,source:petzl-nao-rl;alt:petzl-swift-rl;alt:black-diamond-distance-1500;alt:ledlenser-neo9r;alt:biolite-headlamp-800-pro,need ≥2 distinct alternative types,Petzl NAO RL alternatives
P0,NEEDS_RELATIONSHIP_FIX,alternatives,running,petzl-swift-rl,/products/petzl-swift-rl/alternatives,published,INELIGIBLE,N/A,HIDDEN_404,need ≥2 distinct alternative types,n/a,alts:6|types:1,source:petzl-swift-rl;alt:petzl-nao-rl;alt:ledlenser-neo9r;alt:biolite-headlamp-800-pro;alt:nitecore-nu43;alt:black-diamond-spot-400-r;alt:silva-trail-runner-free-2,need ≥2 distinct alternative types,Petzl Swift RL alternatives
P0,NEEDS_RELATIONSHIP_FIX,alternatives,running,polar-pacer-pro,/products/polar-pacer-pro/alternatives,published,INELIGIBLE,N/A,HIDDEN_404,need ≥2 distinct alternative types,n/a,alts:4|types:1,source:polar-pacer-pro;alt:garmin-forerunner-570;alt:garmin-forerunner-165;alt:coros-pace-pro;alt:polar-pacer,need ≥2 distinct alternative types,Polar Pacer Pro alternatives
P0,NEEDS_RELATIONSHIP_FIX,alternatives,running,polar-vantage-v3,/products/polar-vantage-v3/alternatives,published,INELIGIBLE,N/A,HIDDEN_404,need ≥2 distinct alternative types,n/a,alts:3|types:1,source:polar-vantage-v3;alt:garmin-forerunner-970;alt:suunto-race;alt:polar-grit-x2,need ≥2 distinct alternative types,Polar Vantage V3 alternatives
P0,NEEDS_RELATIONSHIP_FIX,alternatives,running,powerbar-energize,/products/powerbar-energize/alternatives,published,INELIGIBLE,N/A,HIDDEN_404,need ≥2 distinct alternative types,n/a,alts:5|types:1,source:powerbar-energize;alt:clif-bar-original;alt:naak-ultra-energy-bar;alt:clif-bloks-energy-chews;alt:spring-energy-awesome-sauce;alt:veloforte-energy-bar,need ≥2 distinct alternative types,PowerBar Energize alternatives
P0,NEEDS_RELATIONSHIP_FIX,alternatives,running,precision-pf30-drink-mix,/products/precision-pf30-drink-mix/alternatives,published,INELIGIBLE,N/A,HIDDEN_404,need ≥2 distinct alternative types,n/a,alts:5|types:1,source:precision-pf30-drink-mix;alt:maurten-drink-mix-160;alt:maurten-drink-mix-320;alt:sis-beta-fuel-drink;alt:neversecond-c30-sports-drink;alt:tailwind-endurance-fuel,need ≥2 distinct alternative types,Precision Fuel & Hydration PF 30 Drink Mix alternatives
P0,NEEDS_RELATIONSHIP_FIX,alternatives,running,precision-pf30-gel,/products/precision-pf30-gel/alternatives,published,INELIGIBLE,N/A,HIDDEN_404,need ≥2 distinct alternative types,n/a,alts:8|types:1,source:precision-pf30-gel;alt:maurten-gel-100;alt:sis-go-isotonic-gel;alt:sis-beta-fuel-gel;alt:neversecond-c30-gel;alt:maurten-gel-160;alt:226ers-high-energy-gel;alt:enervit-c2-1-carbo-gel;alt:styrkr-gel30,need ≥2 distinct alternative types,Precision Fuel & Hydration PF 30 Gel alternatives
P0,NEEDS_RELATIONSHIP_FIX,alternatives,running,precision-ph1500,/products/precision-ph1500/alternatives,published,INELIGIBLE,N/A,HIDDEN_404,need ≥2 distinct alternative types,n/a,alts:5|types:1,source:precision-ph1500;alt:saltstick-fastchews;alt:skratch-sport-hydration-mix;alt:saltstick-caps;alt:nuun-sport;alt:high5-zero,need ≥2 distinct alternative types,Precision Fuel & Hydration PH 1500 alternatives
P0,NEEDS_RELATIONSHIP_FIX,alternatives,running,proviz-reflect360-running-vest,/products/proviz-reflect360-running-vest/alternatives,published,INELIGIBLE,N/A,HIDDEN_404,need ≥2 distinct alternative types,n/a,alts:3|types:1,source:proviz-reflect360-running-vest;alt:amphipod-xinglet;alt:amphipod-xinglet-optic-beam;alt:nathan-streak-reflective-vest,need ≥2 distinct alternative types,Proviz Reflect360 Running Vest alternatives
P0,NEEDS_RELATIONSHIP_FIX,alternatives,running,puma-deviate-nitro-3,/products/puma-deviate-nitro-3/alternatives,published,INELIGIBLE,N/A,HIDDEN_404,need ≥3 alternatives (have 2)|need ≥2 distinct alternative types|need meaningful unique reasons on ≥3 alts,n/a,alts:2|types:1,source:puma-deviate-nitro-3;alt:saucony-endorphin-speed-5;alt:brooks-hyperion-max-2,need ≥3 alternatives (have 2);need ≥2 distinct alternative types;need meaningful unique reasons on ≥3 alts,PUMA Deviate NITRO 3 alternatives
P0,NEEDS_RELATIONSHIP_FIX,alternatives,running,puma-magnify-nitro-2,/products/puma-magnify-nitro-2/alternatives,published,INELIGIBLE,N/A,HIDDEN_404,need ≥2 distinct alternative types,n/a,alts:3|types:1,source:puma-magnify-nitro-2;alt:brooks-ghost-18;alt:saucony-ride-18;alt:asics-gel-cumulus-27,need ≥2 distinct alternative types,PUMA Magnify NITRO 2 alternatives
P0,NEEDS_RELATIONSHIP_FIX,alternatives,running,rabbit-fuel-n-fly-men,/products/rabbit-fuel-n-fly-men/alternatives,published,INELIGIBLE,N/A,HIDDEN_404,need ≥2 distinct alternative types,n/a,alts:4|types:1,source:rabbit-fuel-n-fly-men;alt:tracksmith-session-short-men;alt:patagonia-strider-pro-men;alt:brooks-sherpa-7-men;alt:janji-multi-short-men,need ≥2 distinct alternative types,"rabbit Fuel n' Fly 5"" Short (Men) alternatives"
P0,NEEDS_RELATIONSHIP_FIX,alternatives,running,rad-atom,/products/rad-atom/alternatives,draft,INELIGIBLE,N/A,HIDDEN_404,parent_product_hidden|not_production_exposed,n/a,alts:0|types:0,source:rad-atom,source product not published;need ≥3 alternatives (have 0);need ≥2 distinct alternative types;need meaningful unique reasons on ≥3 alts;field_alts_without_graph,RAD Atom alternatives
P0,NEEDS_RELATIONSHIP_FIX,alternatives,running,raidlight-responsiv-12,/products/raidlight-responsiv-12/alternatives,draft,INELIGIBLE,N/A,HIDDEN_404,parent_product_hidden|not_production_exposed,n/a,alts:0|types:0,source:raidlight-responsiv-12,source product not published;need ≥3 alternatives (have 0);need ≥2 distinct alternative types;need meaningful unique reasons on ≥3 alts;field_alts_without_graph,RaidLight Responsiv 12L alternatives
P0,NEEDS_RELATIONSHIP_FIX,alternatives,running,renpho-r3,/products/renpho-r3/alternatives,draft,INELIGIBLE,N/A,HIDDEN_404,parent_product_hidden|not_production_exposed,n/a,alts:0|types:0,source:renpho-r3,source product not published;need ≥3 alternatives (have 0);need ≥2 distinct alternative types;need meaningful unique reasons on ≥3 alts;field_alts_without_graph,RENPHO R3 Massage Gun alternatives
P0,NEEDS_RELATIONSHIP_FIX,alternatives,running,road-id-wrist-id,/products/road-id-wrist-id/alternatives,draft,INELIGIBLE,N/A,HIDDEN_404,parent_product_hidden|not_production_exposed,n/a,alts:0|types:0,source:road-id-wrist-id,source product not published;need ≥3 alternatives (have 0);need ≥2 distinct alternative types;need meaningful unique reasons on ≥3 alts;field_alts_without_graph,Road ID Wrist ID alternatives
P0,NEEDS_RELATIONSHIP_FIX,alternatives,running,roka-phantom-air,/products/roka-phantom-air/alternatives,published,INELIGIBLE,N/A,HIDDEN_404,need ≥2 distinct alternative types,n/a,alts:3|types:1,source:roka-phantom-air;alt:oakley-radar-ev-path;alt:tifosi-rail;alt:julbo-rush,need ≥2 distinct alternative types,ROKA Phantom Air alternatives
P0,NEEDS_RELATIONSHIP_FIX,alternatives,running,rudy-project-cutline,/products/rudy-project-cutline/alternatives,published,INELIGIBLE,N/A,HIDDEN_404,need ≥2 distinct alternative types,n/a,alts:4|types:1,source:rudy-project-cutline;alt:oakley-sutro-lite;alt:oakley-kato;alt:100-percent-s3;alt:oakley-encoder,need ≥2 distinct alternative types,Rudy Project Cutline alternatives
P0,NEEDS_RELATIONSHIP_FIX,alternatives,running,rumbleroller-original,/products/rumbleroller-original/alternatives,draft,INELIGIBLE,N/A,HIDDEN_404,parent_product_hidden|not_production_exposed,n/a,alts:0|types:0,source:rumbleroller-original,source product not published;need ≥3 alternatives (have 0);need ≥2 distinct alternative types;need meaningful unique reasons on ≥3 alts;field_alts_without_graph,RumbleRoller Original alternatives
P0,NEEDS_RELATIONSHIP_FIX,alternatives,running,salomon-aero-glide-2,/products/salomon-aero-glide-2/alternatives,published,INELIGIBLE,N/A,HIDDEN_404,need ≥2 distinct alternative types,n/a,alts:3|types:1,source:salomon-aero-glide-2;alt:nike-pegasus-trail-5;alt:asics-novablast-6;alt:on-cloudmonster-2,need ≥2 distinct alternative types,Salomon Aero Glide 2 alternatives
P0,NEEDS_RELATIONSHIP_FIX,alternatives,running,salomon-bonatti-wp-women,/products/salomon-bonatti-wp-women/alternatives,published,INELIGIBLE,N/A,HIDDEN_404,need ≥3 alternatives (have 1)|need ≥2 distinct alternative types|need meaningful unique reasons on ≥3 alts,n/a,alts:1|types:1,source:salomon-bonatti-wp-women;alt:janji-rainrunner-men,need ≥3 alternatives (have 1);need ≥2 distinct alternative types;need meaningful unique reasons on ≥3 alts,Salomon Bonatti Waterproof Jacket (Women) alternatives
P0,NEEDS_RELATIONSHIP_FIX,alternatives,running,salomon-custom-quiver,/products/salomon-custom-quiver/alternatives,published,INELIGIBLE,N/A,HIDDEN_404,need ≥2 distinct alternative types,n/a,alts:3|types:1,source:salomon-custom-quiver;alt:black-diamond-distance-15;alt:salomon-adv-skin-12;alt:salomon-xa-15,need ≥2 distinct alternative types,Salomon Custom Quiver alternatives
P0,NEEDS_RELATIONSHIP_FIX,alternatives,running,salomon-genesis,/products/salomon-genesis/alternatives,published,INELIGIBLE,N/A,HIDDEN_404,need ≥3 alternatives (have 2)|need ≥2 distinct alternative types|need meaningful unique reasons on ≥3 alts,n/a,alts:2|types:1,source:salomon-genesis;alt:salomon-sense-ride-5;alt:brooks-cascadia-18,need ≥3 alternatives (have 2);need ≥2 distinct alternative types;need meaningful unique reasons on ≥3 alts,Salomon Genesis alternatives
P0,NEEDS_RELATIONSHIP_FIX,alternatives,running,salomon-pulsar-trail-2,/products/salomon-pulsar-trail-2/alternatives,published,INELIGIBLE,N/A,HIDDEN_404,need ≥3 alternatives (have 2)|need ≥2 distinct alternative types|need meaningful unique reasons on ≥3 alts,n/a,alts:2|types:1,source:salomon-pulsar-trail-2;alt:saucony-peregrine-15;alt:hoka-speedgoat-6,need ≥3 alternatives (have 2);need ≥2 distinct alternative types;need meaningful unique reasons on ≥3 alts,Salomon Pulsar Trail 2 alternatives
P0,NEEDS_RELATIONSHIP_FIX,alternatives,running,salomon-pulse-belt,/products/salomon-pulse-belt/alternatives,published,INELIGIBLE,N/A,HIDDEN_404,need ≥2 distinct alternative types,n/a,alts:4|types:1,source:salomon-pulse-belt;alt:ultimate-direction-race-belt;alt:naked-running-band;alt:compressport-free-belt-pro;alt:flipbelt-classic,need ≥2 distinct alternative types,Salomon Pulse Belt alternatives
P0,NEEDS_RELATIONSHIP_FIX,alternatives,running,salomon-sense-ride-5,/products/salomon-sense-ride-5/alternatives,published,INELIGIBLE,N/A,HIDDEN_404,need ≥2 distinct alternative types,n/a,alts:8|types:1,source:salomon-sense-ride-5;alt:adidas-terrex-agravic-3;alt:brooks-cascadia-18;alt:nike-pegasus-trail-5;alt:salomon-genesis;alt:topo-athletic-terraventure-5;alt:hoka-speedgoat-6;alt:saucony-peregrine-15;alt:altra-lone-peak-8,need ≥2 distinct alternative types,Salomon Sense Ride 5 alternatives
P0,NEEDS_RELATIONSHIP_FIX,alternatives,running,salomon-soft-flask-500,/products/salomon-soft-flask-500/alternatives,published,INELIGIBLE,N/A,HIDDEN_404,need ≥2 distinct alternative types,n/a,alts:7|types:1,source:salomon-soft-flask-500;alt:hydrapak-softflask-speed-500;alt:hydrapak-softflask-250;alt:salomon-soft-flask-speed-500;alt:ultimate-direction-body-bottle-500;alt:nathan-softflask-18oz;alt:nathan-exoshot-2;alt:hydrapak-softflask-500,need ≥2 distinct alternative types,Salomon Soft Flask 500 ml alternatives
P0,NEEDS_RELATIONSHIP_FIX,alternatives,running,salomon-soft-flask-speed-500,/products/salomon-soft-flask-speed-500/alternatives,published,INELIGIBLE,N/A,HIDDEN_404,need ≥2 distinct alternative types,n/a,alts:3|types:1,source:salomon-soft-flask-speed-500;alt:salomon-soft-flask-500;alt:hydrapak-softflask-speed-500;alt:ultimate-direction-body-bottle-500,need ≥2 distinct alternative types,Salomon Soft Flask Speed 500 alternatives
P0,NEEDS_RELATIONSHIP_FIX,alternatives,running,salomon-soft-flask-stash,/products/salomon-soft-flask-stash/alternatives,draft,INELIGIBLE,N/A,HIDDEN_404,parent_product_hidden|not_production_exposed,n/a,alts:0|types:0,source:salomon-soft-flask-stash,source product not published;need ≥3 alternatives (have 0);need ≥2 distinct alternative types;need meaningful unique reasons on ≥3 alts;field_alts_without_graph,Salomon Soft Flask Stash / Pocket alternatives
P0,NEEDS_RELATIONSHIP_FIX,alternatives,running,salomon-soft-reservoir-15,/products/salomon-soft-reservoir-15/alternatives,published,INELIGIBLE,N/A,HIDDEN_404,need ≥3 alternatives (have 2)|need ≥2 distinct alternative types|need meaningful unique reasons on ≥3 alts,n/a,alts:2|types:1,source:salomon-soft-reservoir-15;alt:hydrapak-contour-2l;alt:camelbak-crux-15,need ≥3 alternatives (have 2);need ≥2 distinct alternative types;need meaningful unique reasons on ≥3 alts,Salomon Soft Reservoir 1.5L alternatives
P0,NEEDS_RELATIONSHIP_FIX,alternatives,running,salomon-trailblazer-20,/products/salomon-trailblazer-20/alternatives,draft,INELIGIBLE,N/A,HIDDEN_404,parent_product_hidden|not_production_exposed,n/a,alts:0|types:0,source:salomon-trailblazer-20,source product not published;need ≥3 alternatives (have 0);need ≥2 distinct alternative types;need meaningful unique reasons on ≥3 alts;field_alts_without_graph,Salomon Trailblazer 20 alternatives
P0,NEEDS_RELATIONSHIP_FIX,alternatives,running,salomon-ultra-glide-2,/products/salomon-ultra-glide-2/alternatives,published,INELIGIBLE,N/A,HIDDEN_404,need ≥3 alternatives (have 2)|need ≥2 distinct alternative types|need meaningful unique reasons on ≥3 alts,n/a,alts:2|types:1,source:salomon-ultra-glide-2;alt:hoka-speedgoat-6;alt:new-balance-fresh-foam-x-hierro-v9,need ≥3 alternatives (have 2);need ≥2 distinct alternative types;need meaningful unique reasons on ≥3 alts,Salomon Ultra Glide 2 alternatives
P0,NEEDS_RELATIONSHIP_FIX,alternatives,running,salomon-xa-15,/products/salomon-xa-15/alternatives,published,INELIGIBLE,N/A,HIDDEN_404,need ≥2 distinct alternative types,n/a,alts:6|types:1,source:salomon-xa-15;alt:osprey-duro-15;alt:salomon-adv-skin-12;alt:black-diamond-distance-15;alt:ultimate-direction-fastpack-20;alt:osprey-talon-velocity-20;alt:salomon-custom-quiver,need ≥2 distinct alternative types,Salomon XA 15 alternatives
P0,NEEDS_RELATIONSHIP_FIX,alternatives,running,saltstick-caps,/products/saltstick-caps/alternatives,published,INELIGIBLE,N/A,HIDDEN_404,need ≥2 distinct alternative types,n/a,alts:4|types:1,source:saltstick-caps;alt:saltstick-fastchews;alt:precision-ph1500;alt:nuun-sport;alt:high5-zero,need ≥2 distinct alternative types,SaltStick Caps alternatives
P0,NEEDS_RELATIONSHIP_FIX,alternatives,running,saltstick-fastchews,/products/saltstick-fastchews/alternatives,published,INELIGIBLE,N/A,HIDDEN_404,need ≥2 distinct alternative types,n/a,alts:4|types:1,source:saltstick-fastchews;alt:saltstick-caps;alt:nuun-sport;alt:high5-zero;alt:precision-ph1500,need ≥2 distinct alternative types,SaltStick Fastchews alternatives
P0,NEEDS_RELATIONSHIP_FIX,alternatives,running,saucony-endorphin-pro-3,/products/saucony-endorphin-pro-3/alternatives,published,INELIGIBLE,N/A,HIDDEN_404,need ≥3 alternatives (have 2)|need ≥2 distinct alternative types|need meaningful unique reasons on ≥3 alts,n/a,alts:2|types:1,source:saucony-endorphin-pro-3;alt:saucony-endorphin-pro-4;alt:adidas-adizero-adios-pro-4,need ≥3 alternatives (have 2);need ≥2 distinct alternative types;need meaningful unique reasons on ≥3 alts,Saucony Endorphin Pro 3 alternatives
P0,NEEDS_RELATIONSHIP_FIX,alternatives,running,saucony-guide-18,/products/saucony-guide-18/alternatives,published,INELIGIBLE,N/A,HIDDEN_404,need ≥2 distinct alternative types,n/a,alts:5|types:1,source:saucony-guide-18;alt:asics-gt-1000-13;alt:hoka-arahi-7;alt:nike-react-infinity-run-4;alt:asics-gel-kayano-32;alt:asics-gt-2000-14,need ≥2 distinct alternative types,Saucony Guide 18 alternatives
P0,NEEDS_RELATIONSHIP_FIX,alternatives,running,saucony-triumph-22,/products/saucony-triumph-22/alternatives,published,INELIGIBLE,N/A,HIDDEN_404,need ≥2 distinct alternative types,n/a,alts:3|types:1,source:saucony-triumph-22;alt:asics-novablast-6;alt:brooks-glycerin-22;alt:new-balance-fresh-foam-x-1080-v14,need ≥2 distinct alternative types,Saucony Triumph 22 alternatives
P0,NEEDS_RELATIONSHIP_FIX,alternatives,running,saucony-xodus-ultra-3,/products/saucony-xodus-ultra-3/alternatives,published,INELIGIBLE,N/A,HIDDEN_404,need ≥3 alternatives (have 2)|need ≥2 distinct alternative types|need meaningful unique reasons on ≥3 alts,n/a,alts:2|types:1,source:saucony-xodus-ultra-3;alt:asics-gel-trabuco-13;alt:brooks-cascadia-18,need ≥3 alternatives (have 2);need ≥2 distinct alternative types;need meaningful unique reasons on ≥3 alts,Saucony Xodus Ultra 3 alternatives
P0,NEEDS_RELATIONSHIP_FIX,alternatives,running,saxx-kinetic-hd-men,/products/saxx-kinetic-hd-men/alternatives,draft,INELIGIBLE,N/A,HIDDEN_404,parent_product_hidden|not_production_exposed,n/a,alts:0|types:0,source:saxx-kinetic-hd-men,source product not published;need ≥3 alternatives (have 0);need ≥2 distinct alternative types;need meaningful unique reasons on ≥3 alts;field_alts_without_graph,SAXX Kinetic HD Boxer Brief (Men) alternatives
P0,NEEDS_RELATIONSHIP_FIX,alternatives,running,scosche-rhythm-plus-2,/products/scosche-rhythm-plus-2/alternatives,published,INELIGIBLE,N/A,HIDDEN_404,need ≥2 distinct alternative types,n/a,alts:5|types:1,source:scosche-rhythm-plus-2;alt:scosche-rhythm24;alt:polar-verity-sense;alt:coros-heart-rate-monitor;alt:wahoo-tickr-fit;alt:polar-h10,need ≥2 distinct alternative types,Scosche Rhythm+ 2.0 alternatives
P0,NEEDS_RELATIONSHIP_FIX,alternatives,running,scosche-rhythm24,/products/scosche-rhythm24/alternatives,published,INELIGIBLE,N/A,HIDDEN_404,need ≥2 distinct alternative types,n/a,alts:4|types:1,source:scosche-rhythm24;alt:wahoo-tickr-fit;alt:scosche-rhythm-plus-2;alt:polar-verity-sense;alt:coros-heart-rate-monitor,need ≥2 distinct alternative types,Scosche Rhythm24 alternatives
P0,NEEDS_RELATIONSHIP_FIX,alternatives,running,shes-birdie-personal-alarm,/products/shes-birdie-personal-alarm/alternatives,draft,INELIGIBLE,N/A,HIDDEN_404,parent_product_hidden|not_production_exposed,n/a,alts:0|types:0,source:shes-birdie-personal-alarm,source product not published;need ≥3 alternatives (have 0);need ≥2 distinct alternative types;need meaningful unique reasons on ≥3 alts;field_alts_without_graph,She's Birdie Personal Safety Alarm alternatives
P0,NEEDS_RELATIONSHIP_FIX,alternatives,running,shokz-opendots-one,/products/shokz-opendots-one/alternatives,published,INELIGIBLE,N/A,HIDDEN_404,need ≥2 distinct alternative types,n/a,alts:4|types:1,source:shokz-opendots-one;alt:bose-ultra-open-earbuds;alt:shokz-openfit-2;alt:soundcore-aerofit-2;alt:apple-airpods-4,need ≥2 distinct alternative types,Shokz OpenDots One alternatives
P0,NEEDS_RELATIONSHIP_FIX,alternatives,running,shokz-openfit-2,/products/shokz-openfit-2/alternatives,published,INELIGIBLE,N/A,HIDDEN_404,need ≥2 distinct alternative types,n/a,alts:3|types:1,source:shokz-openfit-2;alt:shokz-opendots-one;alt:soundcore-aerofit-2;alt:bose-ultra-open-earbuds,need ≥2 distinct alternative types,Shokz OpenFit 2 alternatives
P0,NEEDS_RELATIONSHIP_FIX,alternatives,running,shokz-openrun-pro-2,/products/shokz-openrun-pro-2/alternatives,published,INELIGIBLE,N/A,HIDDEN_404,need ≥2 distinct alternative types,n/a,alts:4|types:1,source:shokz-openrun-pro-2;alt:apple-airpods-pro-2;alt:shokz-openrun;alt:suunto-wing;alt:bose-ultra-open-earbuds,need ≥2 distinct alternative types,Shokz OpenRun Pro 2 alternatives
P0,NEEDS_RELATIONSHIP_FIX,alternatives,running,shokz-openrun,/products/shokz-openrun/alternatives,published,INELIGIBLE,N/A,HIDDEN_404,need ≥2 distinct alternative types,n/a,alts:4|types:1,source:shokz-openrun;alt:shokz-openrun-pro-2;alt:suunto-wing;alt:soundcore-aerofit-2;alt:bose-ultra-open-earbuds,need ≥2 distinct alternative types,Shokz OpenRun alternatives
P0,NEEDS_RELATIONSHIP_FIX,alternatives,running,silva-smini,/products/silva-smini/alternatives,draft,INELIGIBLE,N/A,HIDDEN_404,parent_product_hidden|not_production_exposed,n/a,alts:0|types:0,source:silva-smini,source product not published;need ≥3 alternatives (have 0);need ≥2 distinct alternative types;need meaningful unique reasons on ≥3 alts;field_alts_without_graph,Silva Smini alternatives
P0,NEEDS_RELATIONSHIP_FIX,alternatives,running,silva-trail-runner-free-2,/products/silva-trail-runner-free-2/alternatives,published,INELIGIBLE,N/A,HIDDEN_404,need ≥3 alternatives (have 2)|need ≥2 distinct alternative types|need meaningful unique reasons on ≥3 alts,n/a,alts:2|types:1,source:silva-trail-runner-free-2;alt:petzl-swift-rl;alt:black-diamond-spot-400-r,need ≥3 alternatives (have 2);need ≥2 distinct alternative types;need meaningful unique reasons on ≥3 alts,Silva Trail Runner Free 2 alternatives
P0,NEEDS_RELATIONSHIP_FIX,alternatives,running,sis-beta-fuel-drink,/products/sis-beta-fuel-drink/alternatives,published,INELIGIBLE,N/A,HIDDEN_404,need ≥2 distinct alternative types,n/a,alts:7|types:1,source:sis-beta-fuel-drink;alt:maurten-drink-mix-160;alt:maurten-drink-mix-320;alt:styrkr-mix90;alt:precision-pf30-drink-mix;alt:neversecond-c30-sports-drink;alt:tailwind-endurance-fuel;alt:naak-ultra-energy-drink-mix,need ≥2 distinct alternative types,Science in Sport Beta Fuel Energy Drink Mix alternatives
P0,NEEDS_RELATIONSHIP_FIX,alternatives,running,sis-beta-fuel-gel,/products/sis-beta-fuel-gel/alternatives,published,INELIGIBLE,N/A,HIDDEN_404,need ≥2 distinct alternative types,n/a,alts:7|types:1,source:sis-beta-fuel-gel;alt:maurten-gel-100-caf-100;alt:maurten-gel-160;alt:sis-go-isotonic-gel;alt:precision-pf30-gel;alt:neversecond-c30-gel;alt:226ers-high-energy-gel;alt:styrkr-gel30,need ≥2 distinct alternative types,Science in Sport Beta Fuel Dual Source Energy Gel alternatives
P0,NEEDS_RELATIONSHIP_FIX,alternatives,running,sis-go-isotonic-gel,/products/sis-go-isotonic-gel/alternatives,published,INELIGIBLE,N/A,HIDDEN_404,need ≥2 distinct alternative types,n/a,alts:7|types:1,source:sis-go-isotonic-gel;alt:maurten-gel-100;alt:gu-energy-gel;alt:honey-stinger-organic-energy-gel;alt:precision-pf30-gel;alt:sis-beta-fuel-gel;alt:high5-energy-gel;alt:enervit-c2-1-carbo-gel,need ≥2 distinct alternative types,Science in Sport GO Isotonic Energy Gel alternatives
P0,NEEDS_RELATIONSHIP_FIX,alternatives,running,skratch-sport-energy-chews,/products/skratch-sport-energy-chews/alternatives,published,INELIGIBLE,N/A,HIDDEN_404,need ≥2 distinct alternative types,n/a,alts:4|types:1,source:skratch-sport-energy-chews;alt:clif-bloks-energy-chews;alt:gu-energy-chews;alt:veloforte-energy-chews;alt:huma-gel-original,need ≥2 distinct alternative types,Skratch Labs Sport Energy Chews alternatives
P0,NEEDS_RELATIONSHIP_FIX,alternatives,running,skratch-sport-hydration-mix,/products/skratch-sport-hydration-mix/alternatives,published,INELIGIBLE,N/A,HIDDEN_404,need ≥2 distinct alternative types,n/a,alts:4|types:1,source:skratch-sport-hydration-mix;alt:tailwind-endurance-fuel;alt:nuun-sport;alt:high5-zero;alt:precision-ph1500,need ≥2 distinct alternative types,Skratch Labs Sport Hydration Drink Mix alternatives
P0,NEEDS_RELATIONSHIP_FIX,alternatives,running,smartwool-run-targeted-cushion,/products/smartwool-run-targeted-cushion/alternatives,published,INELIGIBLE,N/A,HIDDEN_404,need ≥3 alternatives (have 2)|need ≥2 distinct alternative types|need meaningful unique reasons on ≥3 alts,n/a,alts:2|types:1,source:smartwool-run-targeted-cushion;alt:darn-tough-run-1-4;alt:injinji-run-midweight,need ≥3 alternatives (have 2);need ≥2 distinct alternative types;need meaningful unique reasons on ≥3 alts,Smartwool Run Targeted Cushion Crew alternatives
P0,NEEDS_RELATIONSHIP_FIX,alternatives,running,smartwool-thermal-merino-glove,/products/smartwool-thermal-merino-glove/alternatives,published,INELIGIBLE,N/A,HIDDEN_404,need ≥3 alternatives (have 2)|need ≥2 distinct alternative types|need meaningful unique reasons on ≥3 alts,n/a,alts:2|types:1,source:smartwool-thermal-merino-glove;alt:nike-therma-fit-glove;alt:craft-adv-lumen-glove,need ≥3 alternatives (have 2);need ≥2 distinct alternative types;need meaningful unique reasons on ≥3 alts,Smartwool Thermal Merino Glove alternatives
P0,NEEDS_RELATIONSHIP_FIX,alternatives,running,smith-attack-mag,/products/smith-attack-mag/alternatives,published,INELIGIBLE,N/A,HIDDEN_404,need ≥2 distinct alternative types,n/a,alts:4|types:1,source:smith-attack-mag;alt:julbo-ultimate;alt:julbo-rush;alt:julbo-aerolite;alt:smith-shift-mag,need ≥2 distinct alternative types,Smith Attack MAG alternatives
P0,NEEDS_RELATIONSHIP_FIX,alternatives,running,smith-shift-mag,/products/smith-shift-mag/alternatives,published,INELIGIBLE,N/A,HIDDEN_404,need ≥2 distinct alternative types,n/a,alts:5|types:1,source:smith-shift-mag;alt:oakley-radar-ev-path;alt:oakley-flak-2-0-xl;alt:julbo-ultimate;alt:tifosi-rail;alt:smith-attack-mag,need ≥2 distinct alternative types,Smith Shift MAG alternatives
P0,NEEDS_RELATIONSHIP_FIX,alternatives,running,sockwell-compression-light-cushion,/products/sockwell-compression-light-cushion/alternatives,draft,INELIGIBLE,N/A,HIDDEN_404,parent_product_hidden|not_production_exposed,n/a,alts:0|types:0,source:sockwell-compression-light-cushion,source product not published;need ≥3 alternatives (have 0);need ≥2 distinct alternative types;need meaningful unique reasons on ≥3 alts;field_alts_without_graph,Sockwell Compression Light Cushion alternatives
P0,NEEDS_RELATIONSHIP_FIX,alternatives,running,sony-linkbuds-fit,/products/sony-linkbuds-fit/alternatives,draft,INELIGIBLE,N/A,HIDDEN_404,parent_product_hidden|not_production_exposed,n/a,alts:0|types:0,source:sony-linkbuds-fit,source product not published;need ≥3 alternatives (have 0);need ≥2 distinct alternative types;need meaningful unique reasons on ≥3 alts;field_alts_without_graph,Sony LinkBuds Fit alternatives
P0,NEEDS_RELATIONSHIP_FIX,alternatives,running,sony-linkbuds-open,/products/sony-linkbuds-open/alternatives,draft,INELIGIBLE,N/A,HIDDEN_404,parent_product_hidden|not_production_exposed,n/a,alts:0|types:0,source:sony-linkbuds-open,source product not published;need ≥3 alternatives (have 0);need ≥2 distinct alternative types;need meaningful unique reasons on ≥3 alts;field_alts_without_graph,Sony LinkBuds Open alternatives
P0,NEEDS_RELATIONSHIP_FIX,alternatives,running,soundcore-aerofit-2,/products/soundcore-aerofit-2/alternatives,published,INELIGIBLE,N/A,HIDDEN_404,need ≥2 distinct alternative types,n/a,alts:6|types:1,source:soundcore-aerofit-2;alt:shokz-openfit-2;alt:shokz-opendots-one;alt:shokz-openrun;alt:bose-ultra-open-earbuds;alt:soundcore-sport-x20;alt:suunto-wing,need ≥2 distinct alternative types,soundcore AeroFit 2 alternatives
P0,NEEDS_RELATIONSHIP_FIX,alternatives,running,soundcore-sport-x20,/products/soundcore-sport-x20/alternatives,published,INELIGIBLE,N/A,HIDDEN_404,need ≥2 distinct alternative types,n/a,alts:3|types:1,source:soundcore-sport-x20;alt:jabra-elite-8-active;alt:beats-fit-pro;alt:soundcore-aerofit-2,need ≥2 distinct alternative types,soundcore Sport X20 alternatives
P0,NEEDS_RELATIONSHIP_FIX,alternatives,running,spibelt-original,/products/spibelt-original/alternatives,published,INELIGIBLE,N/A,HIDDEN_404,need ≥2 distinct alternative types,n/a,alts:7|types:1,source:spibelt-original;alt:ultraspire-fitted-race-belt-2;alt:amphipod-airflow-lite-belt;alt:fitletic-fully-loaded;alt:nathan-zipster-lite;alt:kiprun-running-belt;alt:flipbelt-classic;alt:nathan-mirage-pak,need ≥2 distinct alternative types,SPIbelt Original alternatives
P0,NEEDS_RELATIONSHIP_FIX,alternatives,running,spring-energy-awesome-sauce,/products/spring-energy-awesome-sauce/alternatives,published,INELIGIBLE,N/A,HIDDEN_404,need ≥2 distinct alternative types,n/a,alts:6|types:1,source:spring-energy-awesome-sauce;alt:huma-gel-original;alt:honey-stinger-organic-energy-gel;alt:clif-bloks-energy-chews;alt:naak-ultra-energy-bar;alt:clif-bar-original;alt:powerbar-energize,need ≥2 distinct alternative types,Spring Energy Awesome Sauce alternatives
P0,NEEDS_RELATIONSHIP_FIX,alternatives,running,squirrels-nut-butter,/products/squirrels-nut-butter/alternatives,published,INELIGIBLE,N/A,HIDDEN_404,need ≥3 alternatives (have 2)|need ≥2 distinct alternative types|need meaningful unique reasons on ≥3 alts,n/a,alts:2|types:1,source:squirrels-nut-butter;alt:body-glide-original;alt:2toms-sportshield,need ≥3 alternatives (have 2);need ≥2 distinct alternative types;need meaningful unique reasons on ≥3 alts,Squirrel's Nut Butter Original Anti-Chafe Balm alternatives
P0,NEEDS_RELATIONSHIP_FIX,alternatives,running,stance-run-crew,/products/stance-run-crew/alternatives,draft,INELIGIBLE,N/A,HIDDEN_404,parent_product_hidden|not_production_exposed,n/a,alts:0|types:0,source:stance-run-crew,source product not published;need ≥3 alternatives (have 0);need ≥2 distinct alternative types;need meaningful unique reasons on ≥3 alts;field_alts_without_graph,Stance Run Crew alternatives
P0,NEEDS_RELATIONSHIP_FIX,alternatives,running,styrkr-gel30,/products/styrkr-gel30/alternatives,published,INELIGIBLE,N/A,HIDDEN_404,need ≥2 distinct alternative types,n/a,alts:3|types:1,source:styrkr-gel30;alt:precision-pf30-gel;alt:neversecond-c30-gel;alt:sis-beta-fuel-gel,need ≥2 distinct alternative types,STYRKR GEL30 alternatives
P0,NEEDS_RELATIONSHIP_FIX,alternatives,running,styrkr-mix90,/products/styrkr-mix90/alternatives,published,INELIGIBLE,N/A,HIDDEN_404,need ≥2 distinct alternative types,n/a,alts:5|types:1,source:styrkr-mix90;alt:maurten-gel-160;alt:maurten-drink-mix-320;alt:sis-beta-fuel-drink;alt:tailwind-endurance-fuel;alt:naak-ultra-energy-drink-mix,need ≥2 distinct alternative types,STYRKR MIX90 Dual-Carb Drink Mix alternatives
P0,NEEDS_RELATIONSHIP_FIX,alternatives,running,suunto-race-s,/products/suunto-race-s/alternatives,published,INELIGIBLE,N/A,HIDDEN_404,need ≥3 alternatives (have 2)|need ≥2 distinct alternative types|need meaningful unique reasons on ≥3 alts,n/a,alts:2|types:1,source:suunto-race-s;alt:coros-pace-pro;alt:garmin-forerunner-570,need ≥3 alternatives (have 2);need ≥2 distinct alternative types;need meaningful unique reasons on ≥3 alts,Suunto Race S alternatives
P0,NEEDS_RELATIONSHIP_FIX,alternatives,running,suunto-race,/products/suunto-race/alternatives,published,INELIGIBLE,N/A,HIDDEN_404,need ≥2 distinct alternative types,n/a,alts:4|types:1,source:suunto-race;alt:garmin-forerunner-970;alt:coros-apex-2-pro;alt:polar-vantage-v3;alt:polar-grit-x2,need ≥2 distinct alternative types,Suunto Race alternatives
P0,NEEDS_RELATIONSHIP_FIX,alternatives,running,suunto-wing,/products/suunto-wing/alternatives,published,INELIGIBLE,N/A,HIDDEN_404,need ≥2 distinct alternative types,n/a,alts:4|types:1,source:suunto-wing;alt:shokz-openrun;alt:shokz-openrun-pro-2;alt:soundcore-aerofit-2;alt:bose-ultra-open-earbuds,need ≥2 distinct alternative types,Suunto Wing alternatives
P0,NEEDS_RELATIONSHIP_FIX,alternatives,running,swiftwick-aspire-four,/products/swiftwick-aspire-four/alternatives,published,INELIGIBLE,N/A,HIDDEN_404,need ≥3 alternatives (have 2)|need ≥2 distinct alternative types|need meaningful unique reasons on ≥3 alts,n/a,alts:2|types:1,source:swiftwick-aspire-four;alt:feetures-elite-light-cushion;alt:drymax-run-lite-mesh,need ≥3 alternatives (have 2);need ≥2 distinct alternative types;need meaningful unique reasons on ≥3 alts,Swiftwick Aspire Four alternatives
P0,NEEDS_RELATIONSHIP_FIX,alternatives,running,tailwind-endurance-fuel,/products/tailwind-endurance-fuel/alternatives,published,INELIGIBLE,N/A,HIDDEN_404,need ≥2 distinct alternative types,n/a,alts:8|types:1,source:tailwind-endurance-fuel;alt:maurten-drink-mix-160;alt:maurten-drink-mix-320;alt:skratch-sport-hydration-mix;alt:sis-beta-fuel-drink;alt:neversecond-c30-sports-drink;alt:precision-pf30-drink-mix;alt:styrkr-mix90;alt:naak-ultra-energy-drink-mix,need ≥2 distinct alternative types,Tailwind Endurance Fuel alternatives
P0,NEEDS_RELATIONSHIP_FIX,alternatives,running,the-stick,/products/the-stick/alternatives,draft,INELIGIBLE,N/A,HIDDEN_404,parent_product_hidden|not_production_exposed,n/a,alts:0|types:0,source:the-stick,source product not published;need ≥3 alternatives (have 0);need ≥2 distinct alternative types;need meaningful unique reasons on ≥3 alts;field_alts_without_graph,The Stick alternatives
P0,NEEDS_RELATIONSHIP_FIX,alternatives,running,therabody-recoveryair,/products/therabody-recoveryair/alternatives,draft,INELIGIBLE,N/A,HIDDEN_404,parent_product_hidden|not_production_exposed,n/a,alts:0|types:0,source:therabody-recoveryair,source product not published;need ≥3 alternatives (have 0);need ≥2 distinct alternative types;need meaningful unique reasons on ≥3 alts;field_alts_without_graph,Therabody RecoveryAir alternatives
P0,NEEDS_RELATIONSHIP_FIX,alternatives,running,therabody-theragun-mini-2,/products/therabody-theragun-mini-2/alternatives,published,INELIGIBLE,N/A,HIDDEN_404,need ≥3 alternatives (have 2)|need ≥2 distinct alternative types|need meaningful unique reasons on ≥3 alts,n/a,alts:2|types:1,source:therabody-theragun-mini-2;alt:therabody-theragun-prime;alt:hyperice-hypervolt-go-2,need ≥3 alternatives (have 2);need ≥2 distinct alternative types;need meaningful unique reasons on ≥3 alts,Therabody Theragun mini alternatives
P0,NEEDS_RELATIONSHIP_FIX,alternatives,running,therabody-theragun-prime,/products/therabody-theragun-prime/alternatives,published,INELIGIBLE,N/A,HIDDEN_404,need ≥2 distinct alternative types,n/a,alts:3|types:1,source:therabody-theragun-prime;alt:therabody-theragun-mini-2;alt:hyperice-hypervolt-2;alt:therabody-theragun-pro,need ≥2 distinct alternative types,Therabody Theragun Prime alternatives
P0,NEEDS_RELATIONSHIP_FIX,alternatives,running,therabody-theragun-pro,/products/therabody-theragun-pro/alternatives,published,INELIGIBLE,N/A,HIDDEN_404,need ≥3 alternatives (have 2)|need ≥2 distinct alternative types|need meaningful unique reasons on ≥3 alts,n/a,alts:2|types:1,source:therabody-theragun-pro;alt:therabody-theragun-prime;alt:hyperice-hypervolt-2,need ≥3 alternatives (have 2);need ≥2 distinct alternative types;need meaningful unique reasons on ≥3 alts,Therabody Theragun Pro alternatives
P0,NEEDS_RELATIONSHIP_FIX,alternatives,running,therabody-theragun-relief,/products/therabody-theragun-relief/alternatives,draft,INELIGIBLE,N/A,HIDDEN_404,parent_product_hidden|not_production_exposed,n/a,alts:0|types:0,source:therabody-theragun-relief,source product not published;need ≥3 alternatives (have 0);need ≥2 distinct alternative types;need meaningful unique reasons on ≥3 alts;field_alts_without_graph,Therabody Theragun Relief alternatives
P0,NEEDS_RELATIONSHIP_FIX,alternatives,running,tifosi-rail,/products/tifosi-rail/alternatives,published,INELIGIBLE,N/A,HIDDEN_404,need ≥2 distinct alternative types,n/a,alts:7|types:1,source:tifosi-rail;alt:oakley-radar-ev-path;alt:oakley-flak-2-0-xl;alt:smith-shift-mag;alt:roka-phantom-air;alt:tifosi-vogel;alt:goodr-ogs;alt:goodr-circle-gs,need ≥2 distinct alternative types,Tifosi Rail alternatives
P0,NEEDS_RELATIONSHIP_FIX,alternatives,running,tifosi-vogel,/products/tifosi-vogel/alternatives,published,INELIGIBLE,N/A,HIDDEN_404,need ≥2 distinct alternative types,n/a,alts:3|types:1,source:tifosi-vogel;alt:tifosi-rail;alt:goodr-ogs;alt:goodr-circle-gs,need ≥2 distinct alternative types,Tifosi Vogel alternatives
P0,NEEDS_RELATIONSHIP_FIX,alternatives,running,timtam-power-massager-v3-7,/products/timtam-power-massager-v3-7/alternatives,draft,INELIGIBLE,N/A,HIDDEN_404,parent_product_hidden|not_production_exposed,n/a,alts:0|types:0,source:timtam-power-massager-v3-7,source product not published;need ≥3 alternatives (have 0);need ≥2 distinct alternative types;need meaningful unique reasons on ≥3 alts;field_alts_without_graph,TimTam Power Massager V3.7 alternatives
P0,NEEDS_RELATIONSHIP_FIX,alternatives,running,tnf-flight-series-jacket-men,/products/tnf-flight-series-jacket-men/alternatives,draft,INELIGIBLE,N/A,HIDDEN_404,parent_product_hidden|not_production_exposed,n/a,alts:0|types:0,source:tnf-flight-series-jacket-men,source product not published;need ≥3 alternatives (have 0);need ≥2 distinct alternative types;need meaningful unique reasons on ≥3 alts;field_alts_without_graph,The North Face Flight Series / Better Than Naked Rain Shell (Men) alternatives
P0,NEEDS_RELATIONSHIP_FIX,alternatives,running,topo-athletic-phantom-3,/products/topo-athletic-phantom-3/alternatives,published,INELIGIBLE,N/A,HIDDEN_404,need ≥2 distinct alternative types,n/a,alts:5|types:1,source:topo-athletic-phantom-3;alt:altra-experience-flow;alt:altra-torin-8;alt:altra-escalante-4;alt:new-balance-fresh-foam-x-1080-v14;alt:brooks-ghost-18,need ≥2 distinct alternative types,Topo Athletic Phantom 3 alternatives
P0,NEEDS_RELATIONSHIP_FIX,alternatives,running,topo-athletic-specter-2,/products/topo-athletic-specter-2/alternatives,published,INELIGIBLE,N/A,HIDDEN_404,need ≥3 alternatives (have 2)|need ≥2 distinct alternative types|need meaningful unique reasons on ≥3 alts,n/a,alts:2|types:1,source:topo-athletic-specter-2;alt:hoka-mach-6;alt:adidas-adizero-evo-sl,need ≥3 alternatives (have 2);need ≥2 distinct alternative types;need meaningful unique reasons on ≥3 alts,Topo Athletic Specter 2 alternatives
P0,NEEDS_RELATIONSHIP_FIX,alternatives,running,topo-athletic-terraventure-5,/products/topo-athletic-terraventure-5/alternatives,published,INELIGIBLE,N/A,HIDDEN_404,need ≥2 distinct alternative types,n/a,alts:3|types:1,source:topo-athletic-terraventure-5;alt:brooks-cascadia-18;alt:salomon-sense-ride-5;alt:altra-paradigm-7,need ≥2 distinct alternative types,Topo Athletic Terraventure 5 alternatives
P0,NEEDS_RELATIONSHIP_FIX,alternatives,running,tracksmith-brighton-bra,/products/tracksmith-brighton-bra/alternatives,draft,INELIGIBLE,N/A,HIDDEN_404,parent_product_hidden|not_production_exposed,n/a,alts:0|types:0,source:tracksmith-brighton-bra,source product not published;need ≥3 alternatives (have 0);need ≥2 distinct alternative types;need meaningful unique reasons on ≥3 alts;field_alts_without_graph,Tracksmith Brighton Bra alternatives
P0,NEEDS_RELATIONSHIP_FIX,alternatives,running,tracksmith-brighton-ls-men,/products/tracksmith-brighton-ls-men/alternatives,published,INELIGIBLE,N/A,HIDDEN_404,need ≥3 alternatives (have 2)|need ≥2 distinct alternative types|need meaningful unique reasons on ≥3 alts,n/a,alts:2|types:1,source:tracksmith-brighton-ls-men;alt:patagonia-capilene-thermal-crew-men;alt:odlo-active-warm-eco-men,need ≥3 alternatives (have 2);need ≥2 distinct alternative types;need meaningful unique reasons on ≥3 alts,Tracksmith Brighton Long Sleeve (Men) alternatives
P0,NEEDS_RELATIONSHIP_FIX,alternatives,running,tracksmith-harrier-singlet-men,/products/tracksmith-harrier-singlet-men/alternatives,draft,INELIGIBLE,N/A,HIDDEN_404,parent_product_hidden|not_production_exposed,n/a,alts:0|types:0,source:tracksmith-harrier-singlet-men,source product not published;need ≥3 alternatives (have 0);need ≥2 distinct alternative types;need meaningful unique reasons on ≥3 alts;field_alts_without_graph,Tracksmith Harrier Singlet (Men) alternatives
P0,NEEDS_RELATIONSHIP_FIX,alternatives,running,tracksmith-session-short-women,/products/tracksmith-session-short-women/alternatives,published,INELIGIBLE,N/A,HIDDEN_404,need ≥2 distinct alternative types,n/a,alts:7|types:1,source:tracksmith-session-short-women;alt:janji-pace-short-women;alt:brooks-chaser-5-women;alt:nike-aerobill-cap;alt:asics-core-split-short;alt:craft-adv-essence-short;alt:buff-original;alt:buff-polar,need ≥2 distinct alternative types,Tracksmith Session Short (Women) alternatives
P0,NEEDS_RELATIONSHIP_FIX,alternatives,running,tracksmith-turnover-tight-women,/products/tracksmith-turnover-tight-women/alternatives,published,INELIGIBLE,N/A,HIDDEN_404,need ≥2 distinct alternative types,n/a,alts:3|types:1,source:tracksmith-turnover-tight-women;alt:brooks-method-tight-women;alt:patagonia-endless-run-tight-women;alt:on-performance-tight-women,need ≥2 distinct alternative types,Tracksmith Turnover Lined Tight (Women) alternatives
P0,NEEDS_RELATIONSHIP_FIX,alternatives,running,tracksmith-van-cortlandt-tee-men,/products/tracksmith-van-cortlandt-tee-men/alternatives,published,INELIGIBLE,N/A,HIDDEN_404,need ≥2 distinct alternative types,n/a,alts:3|types:1,source:tracksmith-van-cortlandt-tee-men;alt:janji-run-tee-men;alt:nike-dri-fit-miler-men;alt:patagonia-capilene-cool-daily-men,need ≥2 distinct alternative types,Tracksmith Van Cortlandt / Session Tee (Men) alternatives
P0,NEEDS_RELATIONSHIP_FIX,alternatives,running,triggerpoint-grid-travel,/products/triggerpoint-grid-travel/alternatives,published,INELIGIBLE,N/A,HIDDEN_404,need ≥3 alternatives (have 1)|need ≥2 distinct alternative types|need meaningful unique reasons on ≥3 alts,n/a,alts:1|types:1,source:triggerpoint-grid-travel;alt:brazyn-morph,need ≥3 alternatives (have 1);need ≥2 distinct alternative types;need meaningful unique reasons on ≥3 alts,"TriggerPoint GRID Foam Roller 13"" alternatives"
P0,NEEDS_RELATIONSHIP_FIX,alternatives,running,triggerpoint-grid-x,/products/triggerpoint-grid-x/alternatives,published,INELIGIBLE,N/A,HIDDEN_404,need ≥3 alternatives (have 1)|need ≥2 distinct alternative types|need meaningful unique reasons on ≥3 alts,n/a,alts:1|types:1,source:triggerpoint-grid-x;alt:blackroll-pro,need ≥3 alternatives (have 1);need ≥2 distinct alternative types;need meaningful unique reasons on ≥3 alts,TriggerPoint GRID X Foam Roller alternatives
P0,NEEDS_RELATIONSHIP_FIX,alternatives,running,triggerpoint-mb1,/products/triggerpoint-mb1/alternatives,draft,INELIGIBLE,N/A,HIDDEN_404,parent_product_hidden|not_production_exposed,n/a,alts:0|types:0,source:triggerpoint-mb1,source product not published;need ≥3 alternatives (have 0);need ≥2 distinct alternative types;need meaningful unique reasons on ≥3 alts;field_alts_without_graph,TriggerPoint MB1 Massage Ball alternatives
P0,NEEDS_RELATIONSHIP_FIX,alternatives,running,triggerpoint-mbx,/products/triggerpoint-mbx/alternatives,draft,INELIGIBLE,N/A,HIDDEN_404,parent_product_hidden|not_production_exposed,n/a,alts:0|types:0,source:triggerpoint-mbx,source product not published;need ≥3 alternatives (have 0);need ≥2 distinct alternative types;need meaningful unique reasons on ≥3 alts;field_alts_without_graph,TriggerPoint MBX Massage Ball alternatives
P0,NEEDS_RELATIONSHIP_FIX,alternatives,running,triggerpoint-stp,/products/triggerpoint-stp/alternatives,draft,INELIGIBLE,N/A,HIDDEN_404,parent_product_hidden|not_production_exposed,n/a,alts:0|types:0,source:triggerpoint-stp,source product not published;need ≥3 alternatives (have 0);need ≥2 distinct alternative types;need meaningful unique reasons on ≥3 alts;field_alts_without_graph,TriggerPoint STP Massage Stick alternatives
P0,NEEDS_RELATIONSHIP_FIX,alternatives,running,ultimate-direction-adventure-vest,/products/ultimate-direction-adventure-vest/alternatives,published,INELIGIBLE,N/A,HIDDEN_404,need ≥2 distinct alternative types,n/a,alts:6|types:1,source:ultimate-direction-adventure-vest;alt:nathan-pinnacle-12;alt:ultimate-direction-race-vest-6;alt:camelbak-zephyr-pro;alt:nathan-vaporair-2;alt:camelbak-zephyr;alt:osprey-dyna-6,need ≥2 distinct alternative types,Ultimate Direction Adventure Vest alternatives
P0,NEEDS_RELATIONSHIP_FIX,alternatives,running,ultimate-direction-body-bottle-500,/products/ultimate-direction-body-bottle-500/alternatives,published,INELIGIBLE,N/A,HIDDEN_404,need ≥2 distinct alternative types,n/a,alts:4|types:1,source:ultimate-direction-body-bottle-500;alt:salomon-soft-flask-speed-500;alt:hydrapak-softflask-speed-500;alt:salomon-soft-flask-500;alt:nathan-softflask-18oz,need ≥2 distinct alternative types,Ultimate Direction Body Bottle 500 alternatives
P0,NEEDS_RELATIONSHIP_FIX,alternatives,running,ultimate-direction-fastpack-30,/products/ultimate-direction-fastpack-30/alternatives,published,INELIGIBLE,N/A,HIDDEN_404,need ≥2 distinct alternative types,n/a,alts:3|types:1,source:ultimate-direction-fastpack-30;alt:osprey-talon-velocity-30;alt:ultimate-direction-fastpack-20;alt:black-diamond-distance-22,need ≥2 distinct alternative types,Ultimate Direction Fastpack 30 alternatives
P0,NEEDS_RELATIONSHIP_FIX,alternatives,running,ultimate-direction-fastpack-her-20,/products/ultimate-direction-fastpack-her-20/alternatives,published,INELIGIBLE,N/A,HIDDEN_404,need ≥2 distinct alternative types,n/a,alts:4|types:1,source:ultimate-direction-fastpack-her-20;alt:osprey-tempest-velocity-20;alt:ultimate-direction-fastpack-20;alt:ultimate-direction-race-vest-6;alt:salomon-adv-skin-12,need ≥2 distinct alternative types,Ultimate Direction FastpackHer 20 alternatives
P0,NEEDS_RELATIONSHIP_FIX,alternatives,running,ultimate-direction-race-belt,/products/ultimate-direction-race-belt/alternatives,published,INELIGIBLE,N/A,HIDDEN_404,need ≥2 distinct alternative types,n/a,alts:5|types:1,source:ultimate-direction-race-belt;alt:nathan-peak-hydration-waist-pack;alt:ultimate-direction-ultra-belt;alt:salomon-pulse-belt;alt:naked-running-band;alt:compressport-free-belt-pro,need ≥2 distinct alternative types,Ultimate Direction Race Belt alternatives
P0,NEEDS_RELATIONSHIP_FIX,alternatives,running,ultimate-direction-race-vest-6,/products/ultimate-direction-race-vest-6/alternatives,published,INELIGIBLE,N/A,HIDDEN_404,need ≥2 distinct alternative types,n/a,alts:13|types:1,source:ultimate-direction-race-vest-6;alt:compressport-ultrun-s-pack;alt:salomon-adv-skin-5;alt:nathan-vaporair-4;alt:ultraspire-alpha-6;alt:ultimate-direction-adventure-vest;alt:uswe-pace-8;alt:nnormal-race-vest;alt:black-diamond-distance-8,need ≥2 distinct alternative types,Ultimate Direction Race Vest 6.0 alternatives
P0,NEEDS_RELATIONSHIP_FIX,alternatives,running,ultimate-direction-ultra-belt,/products/ultimate-direction-ultra-belt/alternatives,published,INELIGIBLE,N/A,HIDDEN_404,need ≥2 distinct alternative types,n/a,alts:4|types:1,source:ultimate-direction-ultra-belt;alt:nathan-peak-hydration-waist-pack;alt:ultimate-direction-race-belt;alt:ultimate-direction-race-vest-6;alt:naked-running-band,need ≥2 distinct alternative types,Ultimate Direction Ultra Belt alternatives
P0,NEEDS_RELATIONSHIP_FIX,alternatives,running,ultimate-direction-utility-bag,/products/ultimate-direction-utility-bag/alternatives,published,INELIGIBLE,N/A,HIDDEN_404,need ≥3 alternatives (have 2)|need ≥2 distinct alternative types|need meaningful unique reasons on ≥3 alts,n/a,alts:2|types:1,source:ultimate-direction-utility-bag;alt:nathan-zippered-stash;alt:ultimate-direction-race-vest-6,need ≥3 alternatives (have 2);need ≥2 distinct alternative types;need meaningful unique reasons on ≥3 alts,Ultimate Direction Utility Bag alternatives
P0,NEEDS_RELATIONSHIP_FIX,alternatives,running,ultraspire-fitted-race-belt-2,/products/ultraspire-fitted-race-belt-2/alternatives,published,INELIGIBLE,N/A,HIDDEN_404,need ≥2 distinct alternative types,n/a,alts:6|types:1,source:ultraspire-fitted-race-belt-2;alt:naked-running-band;alt:spibelt-original;alt:flipbelt-classic;alt:nathan-mirage-pak;alt:fitletic-fully-loaded;alt:kiprun-running-belt,need ≥2 distinct alternative types,UltrAspire Fitted Race Belt 3.0 alternatives
P0,NEEDS_RELATIONSHIP_FIX,alternatives,running,ultraspire-spry-5,/products/ultraspire-spry-5/alternatives,published,INELIGIBLE,N/A,HIDDEN_404,need ≥2 distinct alternative types,n/a,alts:3|types:1,source:ultraspire-spry-5;alt:camelbak-circuit-run-vest;alt:ultraspire-alpha-6;alt:salomon-adv-skin-5,need ≥2 distinct alternative types,UltrAspire Spry 5.0 alternatives
P0,NEEDS_RELATIONSHIP_FIX,alternatives,running,uswe-pace-8,/products/uswe-pace-8/alternatives,published,INELIGIBLE,N/A,HIDDEN_404,need ≥2 distinct alternative types,n/a,alts:4|types:1,source:uswe-pace-8;alt:nathan-vaporair-4;alt:black-diamond-distance-8;alt:salomon-adv-skin-5;alt:ultimate-direction-race-vest-6,need ≥2 distinct alternative types,USWE Pace 8L alternatives
P0,NEEDS_RELATIONSHIP_FIX,alternatives,running,veloforte-energy-bar,/products/veloforte-energy-bar/alternatives,published,INELIGIBLE,N/A,HIDDEN_404,need ≥2 distinct alternative types,n/a,alts:3|types:1,source:veloforte-energy-bar;alt:clif-bar-original;alt:powerbar-energize;alt:naak-ultra-energy-bar,need ≥2 distinct alternative types,Veloforte Energy Bar alternatives
P0,NEEDS_RELATIONSHIP_FIX,alternatives,running,veloforte-energy-chews,/products/veloforte-energy-chews/alternatives,published,INELIGIBLE,N/A,HIDDEN_404,need ≥2 distinct alternative types,n/a,alts:4|types:1,source:veloforte-energy-chews;alt:clif-bloks-energy-chews;alt:gu-energy-chews;alt:skratch-sport-energy-chews;alt:huma-gel-original,need ≥2 distinct alternative types,Veloforte Energy Chews alternatives
P0,NEEDS_RELATIONSHIP_FIX,alternatives,running,wahoo-tickr-x,/products/wahoo-tickr-x/alternatives,published,INELIGIBLE,N/A,HIDDEN_404,need ≥2 distinct alternative types,n/a,alts:3|types:1,source:wahoo-tickr-x;alt:garmin-hrm-600;alt:polar-h10;alt:wahoo-trackr,need ≥2 distinct alternative types,Wahoo TICKR X alternatives
P0,NEEDS_RELATIONSHIP_FIX,alternatives,running,wahoo-tickr,/products/wahoo-tickr/alternatives,published,INELIGIBLE,N/A,HIDDEN_404,need ≥2 distinct alternative types,n/a,alts:3|types:1,source:wahoo-tickr;alt:polar-h10;alt:wahoo-trackr;alt:polar-h9,need ≥2 distinct alternative types,Wahoo TICKR alternatives
P0,NEEDS_RELATIONSHIP_FIX,alternatives,running,wrightsock-coolmesh-ii,/products/wrightsock-coolmesh-ii/alternatives,published,INELIGIBLE,N/A,HIDDEN_404,need ≥2 distinct alternative types,n/a,alts:3|types:1,source:wrightsock-coolmesh-ii;alt:drymax-run-lite-mesh;alt:balega-blister-resist;alt:injinji-run-midweight,need ≥2 distinct alternative types,Wrightsock Coolmesh II alternatives
P0,NEEDS_EVIDENCE,long-form-guide,running,how-to-choose-running-shoes,/guides/how-to-choose-running-shoes,published,complete,GENUINELY_UNIQUE,INDEXABLE,,none,finder|best|compare|related,product:asics-novablast-6;product:brooks-ghost-18;product:nike-pegasus-42;product:asics-gel-kayano-32;product:nike-vaporfly-4;product:nike-pegasus-41;product:hoka-clifton-9;product:adidas-adizero-boston-13,weak_evidence;guide_complete,How to Choose Running Shoes
P0,NEEDS_RESEARCH,brand-hub,running,100-percent,/brands/100-percent,published,THIN,N/A,HIDDEN_404,brand_hub_not_indexable,n/a,products:1,product:100-percent-s3,thin_brand_description,100%
P0,NEEDS_RESEARCH,brand-hub,running,226ers,/brands/226ers,published,SHALLOW,N/A,HIDDEN_404,brand_hub_not_indexable,n/a,products:1,product:226ers-high-energy-gel,brand_copy_shallow,226ERS
P0,NEEDS_RESEARCH,brand-hub,running,2toms,/brands/2toms,published,SHALLOW,N/A,HIDDEN_404,brand_hub_not_indexable,n/a,products:1,product:2toms-sportshield,brand_copy_shallow,2Toms
P0,NEEDS_RESEARCH,brand-hub,running,adidas,/brands/adidas,published,THIN,N/A,INDEXABLE,,n/a,products:19,product:adidas-adizero-boston-12;product:adidas-adizero-evo-sl;product:adidas-adizero-adios-pro-4;product:adidas-terrex-agravic-3;product:adidas-adizero-boston-13;product:adidas-ultraboost-5;product:adidas-own-the-run-short-men;product:adidas-own-the-run-tee-men,thin_brand_description,Adidas
P0,NEEDS_RESEARCH,brand-hub,running,altra,/brands/altra,published,THIN,N/A,INDEXABLE,,n/a,products:5,product:altra-torin-8;product:altra-escalante-4;product:altra-lone-peak-8;product:altra-paradigm-7;product:altra-experience-flow,thin_brand_description,Altra
P0,NEEDS_RESEARCH,brand-hub,running,amazfit,/brands/amazfit,published,SHALLOW,N/A,INDEXABLE,,n/a,products:2,product:amazfit-t-rex-3-pro;product:amazfit-active-2,brand_copy_shallow,Amazfit
P0,NEEDS_RESEARCH,brand-hub,running,amphipod,/brands/amphipod,published,SHALLOW,N/A,INDEXABLE,,n/a,products:5,product:amphipod-hydraform-ergo-lite-handheld;product:amphipod-airflow-lite-belt;product:amphipod-xinglet;product:amphipod-xinglet-optic-beam;product:amphipod-vizlet-led,brand_copy_shallow,Amphipod
P0,NEEDS_RESEARCH,brand-hub,running,apple,/brands/apple,published,SHALLOW,N/A,INDEXABLE,,n/a,products:5,product:apple-watch-ultra-2;product:apple-watch-ultra-3;product:apple-watch-series-10;product:apple-airpods-4;product:apple-airpods-pro-2,brand_copy_shallow,Apple
P0,NEEDS_RESEARCH,brand-hub,running,assault-fitness,/brands/assault-fitness,published,SHALLOW,N/A,INDEXABLE,,n/a,products:4,product:assaultbike-classic;product:assaultbike-elite;product:assaultrunner-pro;product:assaultrunner-elite,brand_copy_shallow,Assault Fitness
P0,NEEDS_RESEARCH,brand-hub,running,balega,/brands/balega,published,THIN,N/A,INDEXABLE,,n/a,products:2,product:balega-blister-resist;product:balega-hidden-comfort,thin_brand_description,Balega
P0,NEEDS_RESEARCH,brand-hub,running,beats,/brands/beats,published,SHALLOW,N/A,HIDDEN_404,brand_hub_not_indexable,n/a,products:1,product:beats-fit-pro,brand_copy_shallow,Beats
P0,NEEDS_RESEARCH,brand-hub,running,biolite,/brands/biolite,published,THIN,N/A,HIDDEN_404,brand_hub_not_indexable,n/a,products:1,product:biolite-headlamp-800-pro,thin_brand_description,BioLite
P0,NEEDS_RESEARCH,brand-hub,running,black-diamond,/brands/black-diamond,published,THIN,N/A,INDEXABLE,,n/a,products:5,product:black-diamond-distance-8;product:black-diamond-distance-15;product:black-diamond-distance-22;product:black-diamond-distance-1500;product:black-diamond-spot-400-r,thin_brand_description,Black Diamond
P0,NEEDS_RESEARCH,brand-hub,running,blackroll,/brands/blackroll,published,SHALLOW,N/A,INDEXABLE,,n/a,products:5,product:blackroll-pro;product:blackroll-standard;product:blackroll-med;product:blackroll-ball;product:blackroll-duoball,brand_copy_shallow,BLACKROLL
P0,NEEDS_RESEARCH,brand-hub,running,body-glide,/brands/body-glide,published,THIN,N/A,HIDDEN_404,brand_hub_not_indexable,n/a,products:1,product:body-glide-original,thin_brand_description,Body Glide
P0,NEEDS_RESEARCH,brand-hub,running,bose,/brands/bose,published,THIN,N/A,HIDDEN_404,brand_hub_not_indexable,n/a,products:1,product:bose-ultra-open-earbuds,thin_brand_description,Bose
P0,NEEDS_RESEARCH,brand-hub,running,brazyn,/brands/brazyn,published,SHALLOW,N/A,HIDDEN_404,brand_hub_not_indexable,n/a,products:1,product:brazyn-morph,brand_copy_shallow,Brazyn
P0,NEEDS_RESEARCH,brand-hub,running,brooks,/brands/brooks,published,THIN,N/A,INDEXABLE,,n/a,products:14,product:brooks-ghost-16;product:brooks-ghost-18;product:brooks-glycerin-22;product:brooks-glycerin-21;product:brooks-adrenaline-gts-25;product:brooks-hyperion-max-2;product:brooks-cascadia-18;product:brooks-glycerin-gts-22,thin_brand_description,Brooks
P0,NEEDS_RESEARCH,brand-hub,running,buff,/brands/buff,published,THIN,N/A,INDEXABLE,,n/a,products:4,product:buff-original;product:buff-coolnet-uv;product:buff-merino-lightweight;product:buff-polar,thin_brand_description,BUFF
P0,NEEDS_RESEARCH,brand-hub,running,camelbak,/brands/camelbak,published,THIN,N/A,INDEXABLE,,n/a,products:6,product:camelbak-zephyr-pro;product:camelbak-circuit-run-vest;product:camelbak-apex-pro;product:camelbak-crux-15;product:camelbak-quick-grip-chill;product:camelbak-zephyr,thin_brand_description,CamelBak
P0,NEEDS_RESEARCH,brand-hub,running,cep,/brands/cep,published,THIN,N/A,INDEXABLE,,n/a,products:3,product:cep-the-run-calf-sleeves;product:cep-run-compression-sock-3;product:cep-calf-sleeves-3,thin_brand_description,CEP
P0,NEEDS_RESEARCH,brand-hub,running,ciele,/brands/ciele,published,THIN,N/A,HIDDEN_404,brand_hub_not_indexable,n/a,products:1,product:ciele-gocap-athletics,thin_brand_description,Ciele
P0,NEEDS_RESEARCH,brand-hub,running,clif-bar,/brands/clif-bar,published,THIN,N/A,INDEXABLE,,n/a,products:2,product:clif-bloks-energy-chews;product:clif-bar-original,thin_brand_description,Clif Bar
P0,NEEDS_RESEARCH,brand-hub,running,compressport,/brands/compressport,published,SHALLOW,N/A,INDEXABLE,,n/a,products:2,product:compressport-ultrun-s-pack;product:compressport-free-belt-pro,brand_copy_shallow,Compressport
P0,NEEDS_RESEARCH,brand-hub,running,coros,/brands/coros,published,SHALLOW,N/A,INDEXABLE,,n/a,products:7,product:coros-pace-3;product:coros-pace-pro;product:coros-apex-2-pro;product:coros-heart-rate-monitor;product:coros-apex-4;product:coros-pace-4;product:coros-vertix-2s,brand_copy_shallow,COROS
P0,NEEDS_RESEARCH,brand-hub,running,craft,/brands/craft,published,THIN,N/A,INDEXABLE,,n/a,products:6,product:craft-adv-essence-tight-men;product:craft-adv-essence-light-wind-men;product:craft-active-extreme-x-men;product:craft-adv-essence-light-wind-vest-men;product:craft-adv-lumen-glove;product:craft-adv-essence-short,thin_brand_description,Craft
P0,NEEDS_RESEARCH,brand-hub,running,darn-tough,/brands/darn-tough,published,THIN,N/A,HIDDEN_404,brand_hub_not_indexable,n/a,products:1,product:darn-tough-run-1-4,thin_brand_description,Darn Tough
P0,NEEDS_RESEARCH,brand-hub,running,decathlon,/brands/decathlon,published,SHALLOW,N/A,HIDDEN_404,brand_hub_not_indexable,n/a,products:1,product:kiprun-running-belt,brand_copy_shallow,Decathlon
P0,NEEDS_RESEARCH,brand-hub,running,drymax,/brands/drymax,published,SHALLOW,N/A,HIDDEN_404,brand_hub_not_indexable,n/a,products:1,product:drymax-run-lite-mesh,brand_copy_shallow,Drymax
P0,NEEDS_RESEARCH,brand-hub,running,enervit,/brands/enervit,published,SHALLOW,N/A,HIDDEN_404,brand_hub_not_indexable,n/a,products:1,product:enervit-c2-1-carbo-gel,brand_copy_shallow,Enervit
P0,NEEDS_RESEARCH,brand-hub,running,feetures,/brands/feetures,published,THIN,N/A,HIDDEN_404,brand_hub_not_indexable,n/a,products:1,product:feetures-elite-light-cushion,thin_brand_description,Feetures
P0,NEEDS_RESEARCH,brand-hub,running,fitletic,/brands/fitletic,published,THIN,N/A,HIDDEN_404,brand_hub_not_indexable,n/a,products:1,product:fitletic-fully-loaded,thin_brand_description,Fitletic
P0,NEEDS_RESEARCH,brand-hub,running,flipbelt,/brands/flipbelt,published,THIN,N/A,HIDDEN_404,brand_hub_not_indexable,n/a,products:1,product:flipbelt-classic,thin_brand_description,FlipBelt
P0,NEEDS_RESEARCH,brand-hub,running,garmin,/brands/garmin,published,SHALLOW,N/A,INDEXABLE,,n/a,products:17,product:garmin-forerunner-965;product:garmin-forerunner-255;product:garmin-hrm-pro-plus;product:garmin-forerunner-970;product:garmin-forerunner-570;product:garmin-forerunner-265;product:garmin-forerunner-165;product:garmin-forerunner-55,brand_copy_shallow,Garmin
P0,NEEDS_RESEARCH,brand-hub,running,goodr,/brands/goodr,published,THIN,N/A,INDEXABLE,,n/a,products:2,product:goodr-circle-gs;product:goodr-ogs,thin_brand_description,goodr
P0,NEEDS_RESEARCH,brand-hub,running,gu-energy,/brands/gu-energy,published,SHALLOW,N/A,INDEXABLE,,n/a,products:3,product:gu-energy-gel;product:gu-roctane-gel;product:gu-energy-chews,brand_copy_shallow,GU Energy
P0,NEEDS_RESEARCH,brand-hub,running,high5,/brands/high5,published,SHALLOW,N/A,INDEXABLE,,n/a,products:2,product:high5-zero;product:high5-energy-gel,brand_copy_shallow,High5
P0,NEEDS_RESEARCH,brand-hub,running,hoka,/brands/hoka,published,SHALLOW,N/A,INDEXABLE,,n/a,products:10,product:hoka-clifton-9;product:hoka-clifton-10;product:hoka-bondi-9;product:hoka-bondi-8;product:hoka-mach-6;product:hoka-speedgoat-6;product:hoka-clifton-pro;product:hoka-arahi-7,brand_copy_shallow,HOKA
P0,NEEDS_RESEARCH,brand-hub,running,honey-stinger,/brands/honey-stinger,published,SHALLOW,N/A,HIDDEN_404,brand_hub_not_indexable,n/a,products:1,product:honey-stinger-organic-energy-gel,brand_copy_shallow,Honey Stinger
P0,NEEDS_RESEARCH,brand-hub,running,huma,/brands/huma,published,THIN,N/A,HIDDEN_404,brand_hub_not_indexable,n/a,products:1,product:huma-gel-original,thin_brand_description,Hüma
P0,NEEDS_RESEARCH,brand-hub,running,hydrapak,/brands/hydrapak,published,THIN,N/A,INDEXABLE,,n/a,products:6,product:hydrapak-softflask-speed-500;product:hydrapak-skyflask-speed-500;product:hydrapak-softflask-250;product:hydrapak-tube-kit;product:hydrapak-contour-2l;product:hydrapak-softflask-500,thin_brand_description,HydraPak
P0,NEEDS_RESEARCH,brand-hub,running,hyperice,/brands/hyperice,published,SHALLOW,N/A,INDEXABLE,,n/a,products:5,product:hyperice-hypervolt-2;product:hyperice-normatec-3;product:hyperice-normatec-go;product:hyperice-vyper-3;product:hyperice-hypervolt-go-2,brand_copy_shallow,Hyperice
P0,NEEDS_RESEARCH,brand-hub,running,injinji,/brands/injinji,published,SHALLOW,N/A,HIDDEN_404,brand_hub_not_indexable,n/a,products:1,product:injinji-run-midweight,brand_copy_shallow,Injinji
P0,NEEDS_RESEARCH,brand-hub,running,inov-8,/brands/inov-8,published,THIN,N/A,INDEXABLE,,n/a,products:6,product:inov8-trailfly-ultra-g-300-max;product:inov8-f-lite-235-v3;product:inov8-fastlift-360;product:inov8-f-lite-260;product:inov8-fastlift-power-g-380;product:inov8-fastlift-400,thin_brand_description,Inov-8
P0,NEEDS_RESEARCH,brand-hub,running,janji,/brands/janji,published,SHALLOW,N/A,INDEXABLE,,n/a,products:4,product:janji-multi-short-men;product:janji-pace-short-women;product:janji-rainrunner-men;product:janji-run-tee-men,brand_copy_shallow,Janji
P0,NEEDS_RESEARCH,brand-hub,running,julbo,/brands/julbo,published,THIN,N/A,INDEXABLE,,n/a,products:3,product:julbo-ultimate;product:julbo-rush;product:julbo-aerolite,thin_brand_description,Julbo
P0,NEEDS_RESEARCH,brand-hub,running,ledlenser,/brands/ledlenser,published,THIN,N/A,HIDDEN_404,brand_hub_not_indexable,n/a,products:1,product:ledlenser-neo9r,thin_brand_description,Ledlenser
P0,NEEDS_RESEARCH,brand-hub,running,maurten,/brands/maurten,published,SHALLOW,N/A,INDEXABLE,,n/a,products:5,product:maurten-gel-100;product:maurten-gel-100-caf-100;product:maurten-gel-160;product:maurten-drink-mix-160;product:maurten-drink-mix-320,brand_copy_shallow,Maurten
P0,NEEDS_RESEARCH,brand-hub,running,mirafit,/brands/mirafit,published,SHALLOW,N/A,INDEXABLE,,n/a,products:14,product:mirafit-m3-power-rack;product:mirafit-m4-cage;product:mirafit-fid-adjustable-bench;product:mirafit-olympic-barbell;product:mirafit-cast-iron-kettlebell;product:mirafit-magnetic-rower;product:mirafit-folding-rower;product:mirafit-folding-treadmill,brand_copy_shallow,Mirafit
P0,NEEDS_RESEARCH,brand-hub,running,mizuno,/brands/mizuno,published,THIN,N/A,INDEXABLE,,n/a,products:3,product:mizuno-wave-rider-28;product:mizuno-wave-rebellion-pro-3;product:mizuno-wave-exceed-tour-5,thin_brand_description,Mizuno
P0,NEEDS_RESEARCH,brand-hub,running,naak,/brands/naak,published,SHALLOW,N/A,INDEXABLE,,n/a,products:2,product:naak-ultra-energy-bar;product:naak-ultra-energy-drink-mix,brand_copy_shallow,Näak
P0,NEEDS_RESEARCH,brand-hub,running,naked,/brands/naked,published,SHALLOW,N/A,HIDDEN_404,brand_hub_not_indexable,n/a,products:1,product:naked-running-band,brand_copy_shallow,Naked
P0,NEEDS_RESEARCH,brand-hub,running,nathan,/brands/nathan,published,SHALLOW,N/A,INDEXABLE,,n/a,products:12,product:nathan-vaporair-4;product:nathan-pinnacle-12;product:nathan-peak-hydration-waist-pack;product:nathan-speeddraw-plus-insulated-18oz;product:nathan-softflask-18oz;product:nathan-zipster-lite;product:nathan-zippered-stash;product:nathan-lightbender-rx,brand_copy_shallow,Nathan
P0,NEEDS_RESEARCH,brand-hub,running,neversecond,/brands/neversecond,published,SHALLOW,N/A,INDEXABLE,,n/a,products:2,product:neversecond-c30-gel;product:neversecond-c30-sports-drink,brand_copy_shallow,Neversecond
P0,NEEDS_RESEARCH,brand-hub,running,new-balance,/brands/new-balance,published,THIN,N/A,INDEXABLE,,n/a,products:11,product:new-balance-fuelcell-rebel-v4;product:new-balance-fresh-foam-x-1080-v14;product:new-balance-fresh-foam-x-1080-v13;product:new-balance-fuelcell-supercomp-elite-v4;product:new-balance-fuelcell-rebel-v5;product:new-balance-fuelcell-supercomp-trainer-v3;product:new-balance-fresh-foam-x-hierro-v9;product:new-balance-fresh-foam-x-860-v14,thin_brand_description,New Balance
P0,NEEDS_RESEARCH,brand-hub,running,nike,/brands/nike,published,SHALLOW,N/A,INDEXABLE,,n/a,products:28,product:nike-pegasus-41;product:nike-pegasus-42;product:nike-vomero-18;product:nike-invincible-3;product:nike-vaporfly-4;product:nike-alphafly-3;product:nike-structure-26;product:nike-structure-plus,brand_copy_shallow,Nike
P0,NEEDS_RESEARCH,brand-hub,running,nitecore,/brands/nitecore,published,SHALLOW,N/A,HIDDEN_404,brand_hub_not_indexable,n/a,products:1,product:nitecore-nu43,brand_copy_shallow,NITECORE
P0,NEEDS_RESEARCH,brand-hub,running,nnormal,/brands/nnormal,published,SHALLOW,N/A,HIDDEN_404,brand_hub_not_indexable,n/a,products:1,product:nnormal-race-vest,brand_copy_shallow,NNormal
P0,NEEDS_RESEARCH,brand-hub,running,nuun,/brands/nuun,published,SHALLOW,N/A,HIDDEN_404,brand_hub_not_indexable,n/a,products:1,product:nuun-sport,brand_copy_shallow,Nuun
P0,NEEDS_RESEARCH,brand-hub,running,oakley,/brands/oakley,published,THIN,N/A,INDEXABLE,,n/a,products:5,product:oakley-radar-ev-path;product:oakley-sutro-lite;product:oakley-kato;product:oakley-flak-2-0-xl;product:oakley-encoder,thin_brand_description,Oakley
P0,NEEDS_RESEARCH,brand-hub,running,odlo,/brands/odlo,published,SHALLOW,N/A,INDEXABLE,,n/a,products:2,product:odlo-active-warm-eco-men;product:odlo-active-warm-eco-bottom-men,brand_copy_shallow,Odlo
P0,NEEDS_RESEARCH,brand-hub,running,on,/brands/on,published,THIN,N/A,INDEXABLE,,n/a,products:8,product:on-cloudmonster-2;product:on-cloudsurfer-next;product:on-cloudsurfer-2;product:on-cloudmonster-hyper;product:on-ultra-vest-pro;product:on-performance-short-men;product:on-performance-tight-women;product:on-weather-jacket-men,thin_brand_description,On
P0,NEEDS_RESEARCH,brand-hub,running,oofos,/brands/oofos,published,SHALLOW,N/A,INDEXABLE,,n/a,products:2,product:oofos-oolala;product:oofos-ooriginal,brand_copy_shallow,OOFOS
P0,NEEDS_RESEARCH,brand-hub,running,osprey,/brands/osprey,published,SHALLOW,N/A,INDEXABLE,,n/a,products:9,product:osprey-duro-lt;product:osprey-dyna-lt;product:osprey-duro-15;product:osprey-hydraulics-lt-15;product:osprey-talon-velocity-20;product:osprey-tempest-velocity-20;product:osprey-talon-velocity-30;product:osprey-duro-6,brand_copy_shallow,Osprey
P0,NEEDS_RESEARCH,brand-hub,running,patagonia,/brands/patagonia,published,SHALLOW,N/A,INDEXABLE,,n/a,products:8,product:patagonia-strider-pro-men;product:patagonia-trailfarer-short-women;product:patagonia-endless-run-tight-women;product:patagonia-houdini-men;product:patagonia-capilene-cool-daily-men;product:patagonia-capilene-thermal-crew-men;product:patagonia-capilene-midweight-zip-men;product:patagonia-nano-puff-vest-men,brand_copy_shallow,Patagonia
P0,NEEDS_RESEARCH,brand-hub,running,petzl,/brands/petzl,published,THIN,N/A,INDEXABLE,,n/a,products:3,product:petzl-nao-rl;product:petzl-actik-core;product:petzl-swift-rl,thin_brand_description,Petzl
P0,NEEDS_RESEARCH,brand-hub,running,polar,/brands/polar,published,SHALLOW,N/A,INDEXABLE,,n/a,products:7,product:polar-vantage-v3;product:polar-pacer-pro;product:polar-h10;product:polar-verity-sense;product:polar-grit-x2;product:polar-pacer;product:polar-h9,brand_copy_shallow,Polar
P0,NEEDS_RESEARCH,brand-hub,running,powerbar,/brands/powerbar,published,SHALLOW,N/A,HIDDEN_404,brand_hub_not_indexable,n/a,products:1,product:powerbar-energize,brand_copy_shallow,PowerBar
P0,NEEDS_RESEARCH,brand-hub,running,precision-fuel-hydration,/brands/precision-fuel-hydration,published,SHALLOW,N/A,INDEXABLE,,n/a,products:3,product:precision-pf30-gel;product:precision-pf30-drink-mix;product:precision-ph1500,brand_copy_shallow,Precision Fuel & Hydration
P0,NEEDS_RESEARCH,brand-hub,running,proviz,/brands/proviz,published,SHALLOW,N/A,HIDDEN_404,brand_hub_not_indexable,n/a,products:1,product:proviz-reflect360-running-vest,brand_copy_shallow,Proviz
P0,NEEDS_RESEARCH,brand-hub,running,puma,/brands/puma,published,SHALLOW,N/A,INDEXABLE,,n/a,products:4,product:puma-deviate-nitro-3;product:puma-magnify-nitro-2;product:puma-fuse-3;product:puma-fuse-fasted,brand_copy_shallow,PUMA
P0,NEEDS_RESEARCH,brand-hub,running,rabbit,/brands/rabbit,published,SHALLOW,N/A,HIDDEN_404,brand_hub_not_indexable,n/a,products:1,product:rabbit-fuel-n-fly-men,brand_copy_shallow,Rabbit
P0,NEEDS_RESEARCH,brand-hub,running,roka,/brands/roka,published,SHALLOW,N/A,HIDDEN_404,brand_hub_not_indexable,n/a,products:1,product:roka-phantom-air,brand_copy_shallow,ROKA
P0,NEEDS_RESEARCH,brand-hub,running,rudy-project,/brands/rudy-project,published,THIN,N/A,HIDDEN_404,brand_hub_not_indexable,n/a,products:1,product:rudy-project-cutline,thin_brand_description,Rudy Project
P0,NEEDS_RESEARCH,brand-hub,running,salomon,/brands/salomon,published,THIN,N/A,INDEXABLE,,n/a,products:15,product:salomon-adv-skin-12;product:salomon-aero-glide-2;product:salomon-sense-ride-5;product:salomon-pulsar-trail-2;product:salomon-ultra-glide-2;product:salomon-genesis;product:salomon-adv-skin-5;product:salomon-pulse-belt,thin_brand_description,Salomon
P0,NEEDS_RESEARCH,brand-hub,running,saltstick,/brands/saltstick,published,SHALLOW,N/A,INDEXABLE,,n/a,products:2,product:saltstick-fastchews;product:saltstick-caps,brand_copy_shallow,SaltStick
P0,NEEDS_RESEARCH,brand-hub,running,samsung,/brands/samsung,published,SHALLOW,N/A,HIDDEN_404,brand_hub_not_indexable,n/a,products:1,product:samsung-galaxy-watch-ultra,brand_copy_shallow,Samsung
P0,NEEDS_RESEARCH,brand-hub,running,saucony,/brands/saucony,published,SHALLOW,N/A,INDEXABLE,,n/a,products:9,product:saucony-endorphin-speed-4;product:saucony-endorphin-speed-5;product:saucony-endorphin-pro-4;product:saucony-endorphin-pro-3;product:saucony-ride-18;product:saucony-triumph-22;product:saucony-peregrine-15;product:saucony-xodus-ultra-3,brand_copy_shallow,Saucony
P0,NEEDS_RESEARCH,brand-hub,running,science-in-sport,/brands/science-in-sport,published,SHALLOW,N/A,INDEXABLE,,n/a,products:3,product:sis-go-isotonic-gel;product:sis-beta-fuel-gel;product:sis-beta-fuel-drink,brand_copy_shallow,Science in Sport
P0,NEEDS_RESEARCH,brand-hub,running,scosche,/brands/scosche,published,SHALLOW,N/A,INDEXABLE,,n/a,products:2,product:scosche-rhythm-plus-2;product:scosche-rhythm24,brand_copy_shallow,Scosche
P0,NEEDS_RESEARCH,brand-hub,running,shokz,/brands/shokz,published,SHALLOW,N/A,INDEXABLE,,n/a,products:4,product:shokz-openrun;product:shokz-openfit-2;product:shokz-opendots-one;product:shokz-openrun-pro-2,brand_copy_shallow,Shokz
P0,NEEDS_RESEARCH,brand-hub,running,silva,/brands/silva,published,SHALLOW,N/A,HIDDEN_404,brand_hub_not_indexable,n/a,products:1,product:silva-trail-runner-free-2,brand_copy_shallow,Silva
P0,NEEDS_RESEARCH,brand-hub,running,skratch-labs,/brands/skratch-labs,published,SHALLOW,N/A,INDEXABLE,,n/a,products:2,product:skratch-sport-energy-chews;product:skratch-sport-hydration-mix,brand_copy_shallow,Skratch Labs
P0,NEEDS_RESEARCH,brand-hub,running,smartwool,/brands/smartwool,published,SHALLOW,N/A,INDEXABLE,,n/a,products:2,product:smartwool-thermal-merino-glove;product:smartwool-run-targeted-cushion,brand_copy_shallow,Smartwool
P0,NEEDS_RESEARCH,brand-hub,running,smith,/brands/smith,published,SHALLOW,N/A,INDEXABLE,,n/a,products:2,product:smith-shift-mag;product:smith-attack-mag,brand_copy_shallow,Smith
P0,NEEDS_RESEARCH,brand-hub,running,soundcore,/brands/soundcore,published,SHALLOW,N/A,INDEXABLE,,n/a,products:2,product:soundcore-aerofit-2;product:soundcore-sport-x20,brand_copy_shallow,soundcore
P0,NEEDS_RESEARCH,brand-hub,running,spibelt,/brands/spibelt,published,THIN,N/A,HIDDEN_404,brand_hub_not_indexable,n/a,products:1,product:spibelt-original,thin_brand_description,SPIbelt
P0,NEEDS_RESEARCH,brand-hub,running,spring-energy,/brands/spring-energy,published,SHALLOW,N/A,HIDDEN_404,brand_hub_not_indexable,n/a,products:1,product:spring-energy-awesome-sauce,brand_copy_shallow,Spring Energy
P0,NEEDS_RESEARCH,brand-hub,running,squirrels-nut-butter,/brands/squirrels-nut-butter,published,SHALLOW,N/A,HIDDEN_404,brand_hub_not_indexable,n/a,products:1,product:squirrels-nut-butter,brand_copy_shallow,Squirrel's Nut Butter
P0,NEEDS_RESEARCH,brand-hub,running,styrkr,/brands/styrkr,published,SHALLOW,N/A,INDEXABLE,,n/a,products:2,product:styrkr-mix90;product:styrkr-gel30,brand_copy_shallow,STYRKR
P0,NEEDS_RESEARCH,brand-hub,running,suunto,/brands/suunto,published,SHALLOW,N/A,INDEXABLE,,n/a,products:6,product:suunto-race;product:suunto-race-s;product:suunto-vertical-2;product:suunto-run;product:suunto-smart-heart-rate-belt;product:suunto-wing,brand_copy_shallow,Suunto
P0,NEEDS_RESEARCH,brand-hub,running,swiftwick,/brands/swiftwick,published,SHALLOW,N/A,HIDDEN_404,brand_hub_not_indexable,n/a,products:1,product:swiftwick-aspire-four,brand_copy_shallow,Swiftwick
P0,NEEDS_RESEARCH,brand-hub,running,tailwind,/brands/tailwind,published,THIN,N/A,HIDDEN_404,brand_hub_not_indexable,n/a,products:1,product:tailwind-endurance-fuel,thin_brand_description,Tailwind
P0,NEEDS_RESEARCH,brand-hub,running,therabody,/brands/therabody,published,THIN,N/A,INDEXABLE,,n/a,products:3,product:therabody-theragun-prime;product:therabody-theragun-pro;product:therabody-theragun-mini-2,thin_brand_description,Therabody
P0,NEEDS_RESEARCH,brand-hub,running,tifosi,/brands/tifosi,published,SHALLOW,N/A,INDEXABLE,,n/a,products:2,product:tifosi-rail;product:tifosi-vogel,brand_copy_shallow,Tifosi
P0,NEEDS_RESEARCH,brand-hub,running,topo-athletic,/brands/topo-athletic,published,THIN,N/A,INDEXABLE,,n/a,products:3,product:topo-athletic-specter-2;product:topo-athletic-phantom-3;product:topo-athletic-terraventure-5,thin_brand_description,Topo Athletic
P0,NEEDS_RESEARCH,brand-hub,running,tracksmith,/brands/tracksmith,published,SHALLOW,N/A,INDEXABLE,,n/a,products:6,product:tracksmith-session-short-men;product:tracksmith-session-short-women;product:tracksmith-twilight-half-men;product:tracksmith-turnover-tight-women;product:tracksmith-van-cortlandt-tee-men;product:tracksmith-brighton-ls-men,brand_copy_shallow,Tracksmith
P0,NEEDS_RESEARCH,brand-hub,running,triggerpoint,/brands/triggerpoint,published,THIN,N/A,INDEXABLE,,n/a,products:2,product:triggerpoint-grid-x;product:triggerpoint-grid-travel,thin_brand_description,TriggerPoint
P0,NEEDS_RESEARCH,brand-hub,running,ultimate-direction,/brands/ultimate-direction,published,THIN,N/A,INDEXABLE,,n/a,products:9,product:ultimate-direction-race-vest-6;product:ultimate-direction-race-belt;product:ultimate-direction-ultra-belt;product:ultimate-direction-body-bottle-500;product:ultimate-direction-fastpack-20;product:ultimate-direction-fastpack-her-20;product:ultimate-direction-fastpack-30;product:ultimate-direction-utility-bag,thin_brand_description,Ultimate Direction
P0,NEEDS_RESEARCH,brand-hub,running,ultraspire,/brands/ultraspire,published,SHALLOW,N/A,INDEXABLE,,n/a,products:3,product:ultraspire-alpha-6;product:ultraspire-spry-5;product:ultraspire-fitted-race-belt-2,brand_copy_shallow,UltrAspire
P0,NEEDS_RESEARCH,brand-hub,running,uswe,/brands/uswe,published,SHALLOW,N/A,HIDDEN_404,brand_hub_not_indexable,n/a,products:1,product:uswe-pace-8,brand_copy_shallow,USWE
P0,NEEDS_RESEARCH,brand-hub,running,veloforte,/brands/veloforte,published,SHALLOW,N/A,INDEXABLE,,n/a,products:2,product:veloforte-energy-chews;product:veloforte-energy-bar,brand_copy_shallow,Veloforte
P0,NEEDS_RESEARCH,brand-hub,running,wahoo,/brands/wahoo,published,SHALLOW,N/A,INDEXABLE,,n/a,products:4,product:wahoo-tickr;product:wahoo-tickr-x;product:wahoo-trackr;product:wahoo-tickr-fit,brand_copy_shallow,Wahoo
P0,NEEDS_RESEARCH,brand-hub,running,wrightsock,/brands/wrightsock,published,THIN,N/A,HIDDEN_404,brand_hub_not_indexable,n/a,products:1,product:wrightsock-coolmesh-ii,thin_brand_description,Wrightsock
P0,NEEDS_RESEARCH,review,running,asics-novablast-5-deep-dive,/reviews/asics-novablast-5-deep-dive,scheduled,BLOCKED,UNKNOWN,HIDDEN_404,not_production_exposed|status=scheduled,thin (1),sparse,product:asics-novablast-5,not_ready_default,ASICS Novablast 5 Deep Dive
P0,NEEDS_RESEARCH,category-decision,running,treadmills,/running/treadmills,published,MISSING_CONFIG,N/A,N/A,,n/a,none,,missing_category_decision_config,Treadmills
P0,READY,best-guide,running,carbon-plated-running-shoes,/best/carbon-plated-running-shoes,published,LAUNCH_READY,TEMPLATE_SIMILAR_ACCEPTABLE,INDEXABLE,,thin (1),methodology,product:nike-vaporfly-4;product:nike-alphafly-3;product:saucony-endorphin-pro-4;product:asics-metaspeed-sky-paris;product:adidas-adizero-adios-pro-4;product:new-balance-fuelcell-supercomp-trainer-v3;product:puma-deviate-nitro-3,launch_ready,Best Carbon-Plated Running Shoes
P0,READY,best-guide,running,daily-trainers,/best/daily-trainers,published,LAUNCH_READY,GENUINELY_UNIQUE,INDEXABLE,,thin (1),methodology,product:asics-novablast-6;product:brooks-ghost-18;product:nike-pegasus-42;product:hoka-clifton-10;product:asics-gel-cumulus-27;product:saucony-ride-18;product:brooks-glycerin-22;product:nike-vomero-18;product:asics-superblast-2,launch_ready,Best Daily Trainers
P0,READY,best-guide,running,handheld-running-bottles,/best/handheld-running-bottles,published,LAUNCH_READY,TEMPLATE_SIMILAR_ACCEPTABLE,INDEXABLE,,thin (1),methodology,product:hydrapak-skyflask-speed-500;product:nathan-exoshot-2;product:nathan-speeddraw-plus-insulated-18oz;product:hydrapak-softflask-speed-500,launch_ready,Best Handheld Running Bottles
P0,READY,best-guide,running,heart-rate-monitors-chest-straps,/best/heart-rate-monitors-chest-straps,published,LAUNCH_READY,TEMPLATE_SIMILAR_ACCEPTABLE,INDEXABLE,,thin (1),methodology,product:polar-h10;product:garmin-hrm-600;product:wahoo-trackr;product:polar-h9;product:garmin-hrm-200,launch_ready,Best Chest Strap Heart Rate Monitors 2026
P0,READY,best-guide,running,heart-rate-monitors-intervals,/best/heart-rate-monitors-intervals,published,LAUNCH_READY,TEMPLATE_SIMILAR_ACCEPTABLE,INDEXABLE,,thin (1),methodology,product:polar-h10;product:garmin-hrm-600;product:wahoo-trackr;product:polar-verity-sense,launch_ready,Best HR Monitors for Interval Training 2026
P0,READY,best-guide,running,heart-rate-monitors-running,/best/heart-rate-monitors-running,published,LAUNCH_READY,GENUINELY_UNIQUE,INDEXABLE,,moderate (2),methodology,product:polar-h10;product:garmin-hrm-600;product:coros-heart-rate-monitor;product:wahoo-trackr;product:polar-h9,launch_ready,Best Heart Rate Monitors for Running 2026
P0,READY,best-guide,running,hydration-marathon-training,/best/hydration-marathon-training,published,LAUNCH_READY,TEMPLATE_SIMILAR_ACCEPTABLE,INDEXABLE,,thin (1),methodology,product:osprey-duro-lt;product:nathan-vaporair-4;product:flipbelt-classic;product:hydrapak-skyflask-speed-500,launch_ready,Best Hydration for Marathon Training
P0,READY,best-guide,running,hydration-vests-trail,/best/hydration-vests-trail,published,LAUNCH_READY,TEMPLATE_SIMILAR_ACCEPTABLE,INDEXABLE,,thin (1),methodology,product:salomon-adv-skin-5;product:ultimate-direction-race-vest-6;product:black-diamond-distance-8;product:salomon-adv-skin-12,launch_ready,Best Hydration Vests for Trail Running
P0,READY,best-guide,running,hydration-vests-ultra,/best/hydration-vests-ultra,published,LAUNCH_READY,TEMPLATE_SIMILAR_ACCEPTABLE,INDEXABLE,,thin (1),methodology,product:salomon-adv-skin-12;product:nathan-pinnacle-12;product:osprey-duro-15;product:salomon-adv-skin-5,launch_ready,Best Hydration Vests for Ultras
P0,READY,best-guide-use-case,running,marathon-shoes,/best/marathon-shoes,published,LAUNCH_READY,GENUINELY_UNIQUE,INDEXABLE,,thin (1),methodology,product:nike-vaporfly-4;product:saucony-endorphin-speed-5;product:hoka-clifton-10;product:asics-novablast-6;product:nike-alphafly-3;product:adidas-adizero-adios-pro-4;product:asics-superblast-2;product:new-balance-fuelcell-supercomp-trainer-v3,launch_ready,Best Marathon Running Shoes
P0,READY,best-guide,running,max-cushion-running-shoes,/best/max-cushion-running-shoes,published,LAUNCH_READY,TEMPLATE_SIMILAR_ACCEPTABLE,INDEXABLE,,thin (1),methodology,product:hoka-bondi-9;product:asics-gel-nimbus-27;product:hoka-clifton-10;product:nike-vomero-18;product:brooks-glycerin-22;product:new-balance-fresh-foam-x-1080-v14;product:saucony-triumph-22;product:on-cloudmonster-2,launch_ready,Best Max Cushion Running Shoes
P0,READY,best-guide,running,race-shoes,/best/race-shoes,published,LAUNCH_READY,TEMPLATE_SIMILAR_ACCEPTABLE,INDEXABLE,,thin (1),methodology,product:nike-vaporfly-4;product:nike-alphafly-3;product:saucony-endorphin-pro-4;product:asics-metaspeed-sky-paris;product:adidas-adizero-adios-pro-4;product:saucony-endorphin-speed-5;product:new-balance-fuelcell-supercomp-trainer-v3,launch_ready,Best Race Running Shoes
P0,READY,best-guide,running,running-belts,/best/running-belts,published,LAUNCH_READY,GENUINELY_UNIQUE,INDEXABLE,,thin (1),methodology,product:flipbelt-classic;product:naked-running-band;product:spibelt-original;product:nathan-peak-hydration-waist-pack;product:ultimate-direction-race-belt,launch_ready,Best Running Belts
P0,READY,best-guide,running,running-clothing-hot-weather,/best/running-clothing-hot-weather,published,LAUNCH_READY,GENUINELY_UNIQUE,INDEXABLE,,thin (1),methodology,product:nike-dri-fit-miler-men;product:patagonia-capilene-cool-daily-men;product:nike-aeroswift-singlet-men;product:janji-pace-short-women;product:janji-multi-short-men;product:ciele-gocap-athletics,launch_ready,Best Hot-Weather Running Clothing 2026
P0,READY,best-guide,running,running-gear-winter,/best/running-gear-winter,published,LAUNCH_READY,TEMPLATE_SIMILAR_ACCEPTABLE,INDEXABLE,,thin (1),methodology,product:patagonia-capilene-midweight-zip-men;product:brooks-notch-thermal-men;product:craft-adv-lumen-glove;product:odlo-active-warm-eco-men;product:patagonia-nano-puff-vest-men;product:patagonia-houdini-men,launch_ready,Best Winter Running Gear 2026
P0,READY,best-guide,running,running-headlamps,/best/running-headlamps,published,LAUNCH_READY,GENUINELY_UNIQUE,INDEXABLE,,thin (1),methodology,product:petzl-swift-rl;product:petzl-nao-rl;product:petzl-actik-core;product:black-diamond-spot-400-r;product:ledlenser-neo9r;product:biolite-headlamp-800-pro;product:black-diamond-distance-1500;product:nitecore-nu43;product:silva-trail-runner-free-2,launch_ready,Best Running Headlamps
P0,READY,best-guide,running,running-headphones,/best/running-headphones,published,LAUNCH_READY,GENUINELY_UNIQUE,INDEXABLE,,thin (1),methodology,product:shokz-openrun-pro-2;product:shokz-openrun;product:suunto-wing;product:shokz-openfit-2;product:bose-ultra-open-earbuds;product:soundcore-sport-x20;product:apple-airpods-pro-2;product:shokz-opendots-one;product:soundcore-aerofit-2;product:beats-fit-pro;product:apple-airpods-4,launch_ready,Best Running Headphones
P0,READY,best-guide,running,running-hydration-vests,/best/running-hydration-vests,published,LAUNCH_READY,GENUINELY_UNIQUE,INDEXABLE,,thin (1),methodology,product:salomon-adv-skin-12;product:salomon-adv-skin-5;product:ultimate-direction-race-vest-6;product:nathan-vaporair-4;product:osprey-duro-6,launch_ready,Best Running Hydration Vests
P0,READY,best-guide,running,running-jackets,/best/running-jackets,published,LAUNCH_READY,GENUINELY_UNIQUE,INDEXABLE,,thin (1),methodology,product:patagonia-houdini-men;product:brooks-canopy-jacket-men;product:nike-impossibly-light-men;product:on-weather-jacket-men;product:craft-adv-essence-light-wind-men,launch_ready,Best Running Jackets 2026
P0,READY,best-guide,running,running-packs,/best/running-packs,published,LAUNCH_READY,TEMPLATE_SIMILAR_ACCEPTABLE,INDEXABLE,,thin (1),methodology,product:ultimate-direction-fastpack-20;product:ultimate-direction-fastpack-30;product:osprey-talon-velocity-20;product:osprey-talon-velocity-30;product:black-diamond-distance-22;product:salomon-xa-15;product:osprey-duro-15;product:on-ultra-vest-pro;product:salomon-adv-skin-12,launch_ready,Best Running Packs & Fastpacking Packs 2026
P0,READY,best-guide,running,running-race-fuel,/best/running-race-fuel,published,LAUNCH_READY,GENUINELY_UNIQUE,INDEXABLE,,thin (1),methodology,product:maurten-gel-100;product:sis-go-isotonic-gel;product:sis-beta-fuel-gel;product:precision-pf30-gel;product:neversecond-c30-gel;product:maurten-drink-mix-320;product:tailwind-endurance-fuel;product:clif-bloks-energy-chews;product:spring-energy-awesome-sauce;product:skratch-sport-hydration-mix;product:nuun-sport,launch_ready,Best Running Race Fuel 2026
P0,READY,best-guide,running,running-rain-jackets,/best/running-rain-jackets,published,LAUNCH_READY,TEMPLATE_SIMILAR_ACCEPTABLE,INDEXABLE,,thin (1),methodology,product:salomon-bonatti-wp-men;product:janji-rainrunner-men;product:salomon-bonatti-wp-women;product:patagonia-houdini-men,launch_ready,Best Running Rain Jackets 2026
P0,READY,best-guide,running,running-recovery-gear,/best/running-recovery-gear,published,LAUNCH_READY,GENUINELY_UNIQUE,INDEXABLE,,thin (1),methodology,product:therabody-theragun-mini-2;product:therabody-theragun-prime;product:hyperice-normatec-go;product:oofos-ooriginal;product:cep-calf-sleeves-3;product:hyperice-hypervolt-go-2;product:hyperice-hypervolt-2;product:therabody-theragun-pro;product:triggerpoint-grid-x;product:brazyn-morph,launch_ready,Best Running Recovery Gear 2026
P0,READY,best-guide,running,running-safety-visibility,/best/running-safety-visibility,published,LAUNCH_READY,GENUINELY_UNIQUE,INDEXABLE,,thin (1),methodology,product:nathan-streak-reflective-vest;product:proviz-reflect360-running-vest;product:amphipod-xinglet;product:nathan-lightbender-rx;product:amphipod-xinglet-optic-beam;product:amphipod-vizlet-led,launch_ready,Best Running Safety & Visibility Gear 2026
P0,READY,best-guide,running,running-shoes,/best/running-shoes,published,LAUNCH_READY,GENUINELY_UNIQUE,INDEXABLE,,moderate (3),methodology,product:asics-novablast-6;product:brooks-ghost-18;product:nike-pegasus-42;product:hoka-clifton-10;product:hoka-bondi-9;product:saucony-endorphin-speed-5;product:nike-vaporfly-4;product:asics-gel-kayano-32;product:hoka-speedgoat-6,launch_ready,Best Running Shoes 2026
P0,READY,best-guide-use-case,running,running-shoes-beginners,/best/running-shoes-beginners,published,LAUNCH_READY,GENUINELY_UNIQUE,INDEXABLE,,thin (1),methodology,product:brooks-ghost-18;product:nike-pegasus-42;product:asics-novablast-6;product:saucony-ride-18;product:asics-gel-cumulus-27;product:hoka-clifton-10;product:brooks-adrenaline-gts-25;product:mizuno-wave-rider-28,launch_ready,Best Running Shoes for Beginners
P0,READY,best-guide-use-case,running,running-shoes-heavy-runners,/best/running-shoes-heavy-runners,published,LAUNCH_READY,TEMPLATE_SIMILAR_ACCEPTABLE,INDEXABLE,,thin (1),methodology,product:asics-gel-nimbus-27;product:hoka-bondi-9;product:asics-gel-kayano-32;product:brooks-glycerin-22;product:hoka-clifton-10;product:asics-novablast-6,launch_ready,Best Running Shoes for Heavier Runners
P0,READY,best-guide,running,running-shoes-long-runs,/best/running-shoes-long-runs,published,LAUNCH_READY,GENUINELY_UNIQUE,INDEXABLE,,thin (1),methodology,product:hoka-clifton-10;product:asics-novablast-6;product:hoka-bondi-9;product:asics-gel-nimbus-27;product:asics-superblast-2;product:asics-gel-kayano-32;product:brooks-glycerin-22,launch_ready,Best Running Shoes for Long Runs
P0,READY,best-guide-use-case,running,running-shoes-wide-feet,/best/running-shoes-wide-feet,published,LAUNCH_READY,TEMPLATE_SIMILAR_ACCEPTABLE,INDEXABLE,,thin (1),methodology,product:brooks-ghost-18;product:asics-gel-nimbus-27;product:brooks-adrenaline-gts-25;product:brooks-glycerin-22;product:new-balance-fresh-foam-x-1080-v14;product:asics-gel-kayano-32;product:altra-torin-8;product:asics-gel-cumulus-27,launch_ready,Best Running Shoes for Wide Feet
P0,READY,best-guide,running,running-shorts,/best/running-shorts,published,LAUNCH_READY,TEMPLATE_SIMILAR_ACCEPTABLE,INDEXABLE,,thin (1),methodology,product:janji-multi-short-men;product:janji-pace-short-women;product:patagonia-strider-pro-men;product:rabbit-fuel-n-fly-men;product:brooks-sherpa-7-men;product:patagonia-houdini-men,launch_ready,Best Running Shorts 2026
P0,READY,best-guide,running,running-socks,/best/running-socks,published,LAUNCH_READY,GENUINELY_UNIQUE,INDEXABLE,,thin (1),methodology,product:feetures-elite-light-cushion;product:darn-tough-run-1-4;product:balega-blister-resist;product:smartwool-run-targeted-cushion;product:injinji-run-midweight;product:cep-run-compression-sock-3;product:balega-hidden-comfort;product:swiftwick-aspire-four,launch_ready,Best Running Socks 2026
P0,READY,best-guide,running,running-sunglasses,/best/running-sunglasses,published,LAUNCH_READY,GENUINELY_UNIQUE,INDEXABLE,,thin (1),methodology,product:oakley-encoder;product:oakley-radar-ev-path;product:oakley-kato;product:smith-shift-mag;product:julbo-ultimate;product:julbo-aerolite;product:roka-phantom-air;product:tifosi-rail;product:goodr-ogs;product:100-percent-s3,launch_ready,Best Running Sunglasses 2026
P0,READY,best-guide,running,running-tights,/best/running-tights,published,LAUNCH_READY,TEMPLATE_SIMILAR_ACCEPTABLE,INDEXABLE,,thin (1),methodology,product:nike-fast-tight-men;product:tracksmith-twilight-half-men;product:brooks-method-tight-women;product:patagonia-endless-run-tight-women;product:patagonia-houdini-men,launch_ready,Best Running Tights 2026
P0,READY,best-guide,running,running-watches,/best/running-watches,published,LAUNCH_READY,GENUINELY_UNIQUE,INDEXABLE,,moderate (2),methodology,product:garmin-forerunner-970;product:garmin-fenix-8;product:coros-apex-4;product:coros-pace-4;product:apple-watch-ultra-3;product:garmin-forerunner-165,launch_ready,Best Running Watches 2026
P0,READY,best-guide,running,running-watches-beginners,/best/running-watches-beginners,published,LAUNCH_READY,TEMPLATE_SIMILAR_ACCEPTABLE,INDEXABLE,,moderate (2),methodology,product:garmin-forerunner-165;product:suunto-run;product:coros-pace-4;product:amazfit-active-2;product:garmin-vivoactive-6,launch_ready,Best Running Watches for Beginners 2026
P0,READY,best-guide,running,running-watches-budget,/best/running-watches-budget,published,LAUNCH_READY,TEMPLATE_SIMILAR_ACCEPTABLE,INDEXABLE,,thin (1),methodology,product:coros-pace-4;product:suunto-run;product:garmin-forerunner-165;product:amazfit-active-2;product:garmin-forerunner-265s,launch_ready,Best Budget Running Watches 2026
P0,READY,best-guide,running,running-watches-marathon,/best/running-watches-marathon,published,LAUNCH_READY,TEMPLATE_SIMILAR_ACCEPTABLE,INDEXABLE,,moderate (2),methodology,product:garmin-forerunner-970;product:coros-pace-4;product:garmin-forerunner-570;product:coros-pace-pro;product:apple-watch-ultra-3,launch_ready,Best Running Watches for Marathon Training 2026
P0,READY,best-guide,running,running-watches-music,/best/running-watches-music,published,LAUNCH_READY,TEMPLATE_SIMILAR_ACCEPTABLE,INDEXABLE,,thin (1),methodology,product:garmin-forerunner-970;product:garmin-fenix-8;product:garmin-forerunner-570;product:apple-watch-ultra-3;product:garmin-vivoactive-6;product:garmin-enduro-3,launch_ready,Best Running Watches with Music 2026
P0,READY,best-guide,running,running-watches-small-wrists,/best/running-watches-small-wrists,published,LAUNCH_READY,TEMPLATE_SIMILAR_ACCEPTABLE,INDEXABLE,,thin (1),methodology,product:coros-pace-4;product:garmin-forerunner-265s;product:garmin-forerunner-165;product:garmin-vivoactive-6;product:suunto-run,launch_ready,Best Running Watches for Small Wrists 2026
P0,READY,best-guide,running,running-watches-trail,/best/running-watches-trail,published,LAUNCH_READY,TEMPLATE_SIMILAR_ACCEPTABLE,INDEXABLE,,thin (1),methodology,product:coros-apex-4;product:garmin-fenix-8;product:suunto-vertical-2;product:polar-grit-x2;product:garmin-instinct-3,launch_ready,Best Trail Running Watches 2026
P0,READY,best-guide,running,running-watches-ultra,/best/running-watches-ultra,published,LAUNCH_READY,TEMPLATE_SIMILAR_ACCEPTABLE,INDEXABLE,,thin (1),methodology,product:garmin-enduro-3;product:coros-vertix-2s;product:coros-apex-4;product:suunto-vertical-2;product:garmin-fenix-8,launch_ready,Best Ultra Running Watches 2026
P0,READY,best-guide,running,stability-running-shoes,/best/stability-running-shoes,published,LAUNCH_READY,GENUINELY_UNIQUE,INDEXABLE,,thin (1),methodology,product:asics-gel-kayano-32;product:brooks-adrenaline-gts-25;product:asics-gt-2000-14;product:nike-structure-plus;product:nike-structure-26;product:brooks-ghost-18;product:hoka-clifton-10,launch_ready,Best Stability Running Shoes
P0,READY,best-guide-use-case,running,tempo-running-shoes,/best/tempo-running-shoes,published,LAUNCH_READY,TEMPLATE_SIMILAR_ACCEPTABLE,INDEXABLE,,thin (1),methodology,product:saucony-endorphin-speed-5;product:adidas-adizero-boston-12;product:hoka-mach-6;product:new-balance-fuelcell-rebel-v5;product:brooks-hyperion-max-2;product:adidas-adizero-evo-sl;product:new-balance-fuelcell-supercomp-trainer-v3;product:asics-novablast-6,launch_ready,Best Tempo Running Shoes
P0,READY,best-guide,running,trail-running-shoes,/best/trail-running-shoes,published,LAUNCH_READY,GENUINELY_UNIQUE,INDEXABLE,,thin (1),methodology,product:hoka-speedgoat-6;product:saucony-peregrine-15;product:altra-lone-peak-8;product:salomon-sense-ride-5;product:salomon-pulsar-trail-2;product:inov8-trailfly-ultra-g-300-max;product:altra-torin-8,launch_ready,Best Trail Running Shoes
P0,READY,brand-hub,running,asics,/brands/asics,published,ADEQUATE,N/A,INDEXABLE,,n/a,products:20,product:asics-novablast-5;product:asics-novablast-4;product:asics-gel-nimbus-27;product:asics-novablast-6;product:asics-superblast-2;product:asics-gel-kayano-32;product:asics-gel-cumulus-27;product:asics-metaspeed-sky-paris,brand_copy_ok,ASICS
P0,READY,comparison,running,apple-watch-ultra-3-vs-apple-watch-ultra-2,/compare/apple-watch-ultra-3-vs-apple-watch-ultra-2,published,MEANINGFUL,GENUINELY_UNIQUE,INDEXABLE,,n/a,pairwise,product:apple-watch-ultra-3;product:apple-watch-ultra-2,meaningful_comparison,Apple Watch Ultra 3 vs Ultra 2
P0,READY,comparison,running,asics-gel-kayano-32-vs-brooks-adrenaline-gts-25,/compare/asics-gel-kayano-32-vs-brooks-adrenaline-gts-25,published,MEANINGFUL,GENUINELY_UNIQUE,INDEXABLE,,n/a,pairwise,product:asics-gel-kayano-32;product:brooks-adrenaline-gts-25,meaningful_comparison,ASICS GEL-Kayano 32 vs Brooks Adrenaline GTS 25
P0,READY,comparison,running,asics-novablast-4-vs-asics-novablast-5,/compare/asics-novablast-4-vs-asics-novablast-5,published,MEANINGFUL,GENUINELY_UNIQUE,INDEXABLE,,n/a,pairwise,product:asics-novablast-4;product:asics-novablast-5,meaningful_comparison,ASICS Novablast 4 vs ASICS Novablast 5
P0,READY,comparison,running,asics-novablast-5-vs-asics-gel-nimbus-27,/compare/asics-novablast-5-vs-asics-gel-nimbus-27,published,MEANINGFUL,GENUINELY_UNIQUE,INDEXABLE,,n/a,pairwise,product:asics-novablast-5;product:asics-gel-nimbus-27,meaningful_comparison,ASICS Novablast 5 vs ASICS GEL-Nimbus 27
P0,READY,comparison,running,asics-novablast-5-vs-brooks-ghost-16,/compare/asics-novablast-5-vs-brooks-ghost-16,published,MEANINGFUL,GENUINELY_UNIQUE,INDEXABLE,,n/a,pairwise,product:asics-novablast-5;product:brooks-ghost-16,meaningful_comparison,ASICS Novablast 5 vs Brooks Ghost 16
P0,READY,comparison,running,asics-novablast-6-vs-asics-gel-nimbus-27,/compare/asics-novablast-6-vs-asics-gel-nimbus-27,published,MEANINGFUL,GENUINELY_UNIQUE,INDEXABLE,,n/a,pairwise,product:asics-novablast-6;product:asics-gel-nimbus-27,meaningful_comparison,ASICS Novablast 6 vs GEL-Nimbus 27
P0,READY,comparison,running,asics-novablast-6-vs-asics-novablast-5,/compare/asics-novablast-6-vs-asics-novablast-5,published,MEANINGFUL,GENUINELY_UNIQUE,INDEXABLE,,n/a,pairwise,product:asics-novablast-6;product:asics-novablast-5,meaningful_comparison,ASICS Novablast 6 vs Novablast 5
P0,READY,comparison,running,asics-novablast-6-vs-brooks-ghost-18,/compare/asics-novablast-6-vs-brooks-ghost-18,published,MEANINGFUL,GENUINELY_UNIQUE,INDEXABLE,,n/a,pairwise,product:asics-novablast-6;product:brooks-ghost-18,meaningful_comparison,ASICS Novablast 6 vs Brooks Ghost 18
P0,READY,comparison,running,asics-novablast-6-vs-hoka-clifton-10,/compare/asics-novablast-6-vs-hoka-clifton-10,published,MEANINGFUL,GENUINELY_UNIQUE,INDEXABLE,,n/a,pairwise,product:asics-novablast-6;product:hoka-clifton-10,meaningful_comparison,ASICS Novablast 6 vs HOKA Clifton 10
P0,READY,comparison,running,black-diamond-distance-22-vs-ultimate-direction-fastpack-20,/compare/black-diamond-distance-22-vs-ultimate-direction-fastpack-20,published,MEANINGFUL,GENUINELY_UNIQUE,INDEXABLE,,n/a,pairwise,product:black-diamond-distance-22;product:ultimate-direction-fastpack-20,meaningful_comparison,Black Diamond Distance 22 vs Ultimate Direction Fastpack 20
P0,READY,comparison,running,black-diamond-spot-400-r-vs-petzl-actik-core,/compare/black-diamond-spot-400-r-vs-petzl-actik-core,published,MEANINGFUL,GENUINELY_UNIQUE,INDEXABLE,,n/a,pairwise,product:black-diamond-spot-400-r;product:petzl-actik-core,meaningful_comparison,Black Diamond Spot 400-R vs Petzl Actik Core
P0,READY,comparison,running,brooks-dare-crossback-vs-lululemon-energy-bra,/compare/brooks-dare-crossback-vs-lululemon-energy-bra,published,MEANINGFUL,GENUINELY_UNIQUE,HIDDEN_404,missing_comparison_product,n/a,pairwise,product:brooks-dare-crossback;product:lululemon-energy-bra,meaningful_comparison,Brooks Dare Crossback vs lululemon Energy Bra
P0,READY,comparison,running,brooks-ghost-18-vs-nike-pegasus-42,/compare/brooks-ghost-18-vs-nike-pegasus-42,published,MEANINGFUL,GENUINELY_UNIQUE,INDEXABLE,,n/a,pairwise,product:brooks-ghost-18;product:nike-pegasus-42,meaningful_comparison,Brooks Ghost 18 vs Nike Pegasus 42
P0,READY,comparison,running,camelbak-zephyr-pro-vs-camelbak-apex-pro,/compare/camelbak-zephyr-pro-vs-camelbak-apex-pro,published,MEANINGFUL,GENUINELY_UNIQUE,INDEXABLE,,n/a,pairwise,product:camelbak-zephyr-pro;product:camelbak-apex-pro,meaningful_comparison,CamelBak Zephyr Pro vs Apex Pro
P0,READY,comparison,running,clif-bloks-vs-gu-chews,/compare/clif-bloks-vs-gu-chews,published,MEANINGFUL,GENUINELY_UNIQUE,PUBLIC_NOINDEX,soft_gated_comparison_products,n/a,pairwise,product:clif-bloks-energy-chews;product:gu-energy-chews,meaningful_comparison,Clif Bloks vs GU Chews
P0,READY,comparison,running,coros-apex-4-vs-garmin-fenix-8,/compare/coros-apex-4-vs-garmin-fenix-8,published,MEANINGFUL,GENUINELY_UNIQUE,INDEXABLE,,n/a,pairwise,product:coros-apex-4;product:garmin-fenix-8,meaningful_comparison,COROS Apex 4 vs Garmin Fenix 8
P0,READY,comparison,running,coros-hrm-vs-polar-verity-sense,/compare/coros-hrm-vs-polar-verity-sense,published,MEANINGFUL,GENUINELY_UNIQUE,INDEXABLE,,n/a,pairwise,product:coros-heart-rate-monitor;product:polar-verity-sense,meaningful_comparison,COROS Heart Rate Monitor vs Polar Verity Sense
P0,READY,comparison,running,coros-pace-4-vs-garmin-forerunner-165,/compare/coros-pace-4-vs-garmin-forerunner-165,published,MEANINGFUL,GENUINELY_UNIQUE,INDEXABLE,,n/a,pairwise,product:coros-pace-4;product:garmin-forerunner-165,meaningful_comparison,COROS Pace 4 vs Garmin Forerunner 165
P0,READY,comparison,running,coros-pace-pro-vs-coros-pace-4,/compare/coros-pace-pro-vs-coros-pace-4,published,MEANINGFUL,GENUINELY_UNIQUE,INDEXABLE,,n/a,pairwise,product:coros-pace-pro;product:coros-pace-4,meaningful_comparison,COROS Pace Pro vs Pace 4
P0,READY,comparison,running,feetures-elite-vs-darn-tough-run,/compare/feetures-elite-vs-darn-tough-run,published,MEANINGFUL,GENUINELY_UNIQUE,INDEXABLE,,n/a,pairwise,product:feetures-elite-light-cushion;product:darn-tough-run-1-4,meaningful_comparison,Feetures Elite Light Cushion vs Darn Tough Run
P0,READY,comparison,running,flipbelt-classic-vs-naked-running-band,/compare/flipbelt-classic-vs-naked-running-band,published,MEANINGFUL,GENUINELY_UNIQUE,INDEXABLE,,n/a,pairwise,product:flipbelt-classic;product:naked-running-band,meaningful_comparison,FlipBelt Classic vs Naked Running Band
P0,READY,comparison,running,garmin-fenix-8-vs-garmin-forerunner-970,/compare/garmin-fenix-8-vs-garmin-forerunner-970,published,MEANINGFUL,GENUINELY_UNIQUE,INDEXABLE,,n/a,pairwise,product:garmin-fenix-8;product:garmin-forerunner-970,meaningful_comparison,Garmin Fenix 8 vs Forerunner 970
P0,READY,comparison,running,garmin-forerunner-970-vs-coros-pace-pro,/compare/garmin-forerunner-970-vs-coros-pace-pro,published,MEANINGFUL,GENUINELY_UNIQUE,INDEXABLE,,n/a,pairwise,product:garmin-forerunner-970;product:coros-pace-pro,meaningful_comparison,Garmin Forerunner 970 vs COROS Pace Pro
P0,READY,comparison,running,garmin-forerunner-970-vs-garmin-forerunner-965,/compare/garmin-forerunner-970-vs-garmin-forerunner-965,published,MEANINGFUL,GENUINELY_UNIQUE,INDEXABLE,,n/a,pairwise,product:garmin-forerunner-970;product:garmin-forerunner-965,meaningful_comparison,Garmin Forerunner 970 vs Forerunner 965
P0,READY,comparison,running,garmin-hrm-600-vs-hrm-pro-plus,/compare/garmin-hrm-600-vs-hrm-pro-plus,published,MEANINGFUL,GENUINELY_UNIQUE,INDEXABLE,,n/a,pairwise,product:garmin-hrm-600;product:garmin-hrm-pro-plus,meaningful_comparison,Garmin HRM 600 vs HRM-Pro Plus
P0,READY,comparison,running,garmin-hrm-600-vs-polar-h10,/compare/garmin-hrm-600-vs-polar-h10,published,MEANINGFUL,GENUINELY_UNIQUE,INDEXABLE,,n/a,pairwise,product:garmin-hrm-600;product:polar-h10,meaningful_comparison,Garmin HRM 600 vs Polar H10
P0,READY,comparison,running,garmin-hrm-pro-plus-vs-polar-h10,/compare/garmin-hrm-pro-plus-vs-polar-h10,published,MEANINGFUL,GENUINELY_UNIQUE,INDEXABLE,,n/a,pairwise,product:garmin-hrm-pro-plus;product:polar-h10,meaningful_comparison,Garmin HRM-Pro Plus vs Polar H10
P0,READY,comparison,running,garmin-vivoactive-6-vs-garmin-forerunner-165,/compare/garmin-vivoactive-6-vs-garmin-forerunner-165,published,MEANINGFUL,GENUINELY_UNIQUE,INDEXABLE,,n/a,pairwise,product:garmin-vivoactive-6;product:garmin-forerunner-165,meaningful_comparison,Garmin Vivoactive 6 vs Forerunner 165
P0,READY,comparison,running,hoka-speedgoat-6-vs-saucony-peregrine-15,/compare/hoka-speedgoat-6-vs-saucony-peregrine-15,published,MEANINGFUL,GENUINELY_UNIQUE,INDEXABLE,,n/a,pairwise,product:hoka-speedgoat-6;product:saucony-peregrine-15,meaningful_comparison,HOKA Speedgoat 6 vs Saucony Peregrine 15
P0,READY,comparison,running,hydrapak-softflask-speed-500-vs-hydrapak-skyflask-speed-500,/compare/hydrapak-softflask-speed-500-vs-hydrapak-skyflask-speed-500,published,MEANINGFUL,GENUINELY_UNIQUE,INDEXABLE,,n/a,pairwise,product:hydrapak-softflask-speed-500;product:hydrapak-skyflask-speed-500,meaningful_comparison,HydraPak SoftFlask Speed vs SkyFlask Speed
P0,READY,comparison,running,jabra-elite-8-active-vs-beats-powerbeats-pro-2,/compare/jabra-elite-8-active-vs-beats-powerbeats-pro-2,published,MEANINGFUL,GENUINELY_UNIQUE,HIDDEN_404,missing_comparison_product,n/a,pairwise,product:jabra-elite-8-active;product:beats-powerbeats-pro-2,meaningful_comparison,Jabra Elite 8 Active vs Beats Powerbeats Pro 2
P0,READY,comparison,running,julbo-ultimate-vs-smith-shift-mag,/compare/julbo-ultimate-vs-smith-shift-mag,published,MEANINGFUL,GENUINELY_UNIQUE,PUBLIC_NOINDEX,soft_gated_comparison_products,n/a,pairwise,product:julbo-ultimate;product:smith-shift-mag,meaningful_comparison,Julbo Ultimate vs Smith Shift MAG
P0,READY,comparison,running,knog-frog-v3-vs-nite-ize-radiant-clip,/compare/knog-frog-v3-vs-nite-ize-radiant-clip,published,MEANINGFUL,GENUINELY_UNIQUE,HIDDEN_404,missing_comparison_product,n/a,pairwise,product:knog-frog-v3;product:nite-ize-radiant-rechargeable-clip-light,meaningful_comparison,Knog Frog V3 vs Nite Ize Radiant Clip
P0,READY,comparison,running,lululemon-hotty-hot-vs-janji-pace-short,/compare/lululemon-hotty-hot-vs-janji-pace-short,published,MEANINGFUL,GENUINELY_UNIQUE,HIDDEN_404,missing_comparison_product,n/a,pairwise,product:lululemon-hotty-hot-women;product:janji-pace-short-women,meaningful_comparison,lululemon Hotty Hot vs Janji Pace Short
P0,READY,comparison,running,maurten-drink-mix-320-vs-tailwind-endurance,/compare/maurten-drink-mix-320-vs-tailwind-endurance,published,MEANINGFUL,GENUINELY_UNIQUE,PUBLIC_NOINDEX,soft_gated_comparison_products,n/a,pairwise,product:maurten-drink-mix-320;product:tailwind-endurance-fuel,meaningful_comparison,Maurten Drink Mix 320 vs Tailwind Endurance
P0,READY,comparison,running,maurten-gel-100-vs-precision-pf30-gel,/compare/maurten-gel-100-vs-precision-pf30-gel,published,MEANINGFUL,GENUINELY_UNIQUE,PUBLIC_NOINDEX,soft_gated_comparison_products,n/a,pairwise,product:maurten-gel-100;product:precision-pf30-gel,meaningful_comparison,Maurten Gel 100 vs Precision PF30 Gel
P0,READY,comparison,running,maurten-gel-100-vs-sis-go-isotonic-gel,/compare/maurten-gel-100-vs-sis-go-isotonic-gel,published,MEANINGFUL,GENUINELY_UNIQUE,PUBLIC_NOINDEX,soft_gated_comparison_products,n/a,pairwise,product:maurten-gel-100;product:sis-go-isotonic-gel,meaningful_comparison,Maurten Gel 100 vs SIS GO Isotonic Gel
P0,READY,comparison,running,nathan-peak-vs-ultimate-direction-race-belt,/compare/nathan-peak-vs-ultimate-direction-race-belt,published,MEANINGFUL,GENUINELY_UNIQUE,INDEXABLE,,n/a,pairwise,product:nathan-peak-hydration-waist-pack;product:ultimate-direction-race-belt,meaningful_comparison,Nathan Peak vs UD Race Belt
P0,READY,comparison,running,nathan-streak-vs-proviz-reflect360,/compare/nathan-streak-vs-proviz-reflect360,published,MEANINGFUL,GENUINELY_UNIQUE,INDEXABLE,,n/a,pairwise,product:nathan-streak-reflective-vest;product:proviz-reflect360-running-vest,meaningful_comparison,Nathan Streak vs Proviz Reflect360
P0,READY,comparison,running,nathan-vaporair-4-vs-salomon-adv-skin-5,/compare/nathan-vaporair-4-vs-salomon-adv-skin-5,published,MEANINGFUL,GENUINELY_UNIQUE,INDEXABLE,,n/a,pairwise,product:nathan-vaporair-4;product:salomon-adv-skin-5,meaningful_comparison,Nathan VaporAir 4 vs Salomon ADV Skin 5
P0,READY,comparison,running,nike-miler-vs-patagonia-capilene-cool,/compare/nike-miler-vs-patagonia-capilene-cool,published,MEANINGFUL,GENUINELY_UNIQUE,PUBLIC_NOINDEX,soft_gated_comparison_products,n/a,pairwise,product:nike-dri-fit-miler-men;product:patagonia-capilene-cool-daily-men,meaningful_comparison,Nike Miler vs Patagonia Capilene Cool Daily
P0,READY,comparison,running,nike-vaporfly-4-vs-nike-alphafly-3,/compare/nike-vaporfly-4-vs-nike-alphafly-3,published,MEANINGFUL,GENUINELY_UNIQUE,INDEXABLE,,n/a,pairwise,product:nike-vaporfly-4;product:nike-alphafly-3,meaningful_comparison,Nike Vaporfly 4 vs Nike Alphafly 3
P0,READY,comparison,running,normatec-3-vs-normatec-go,/compare/normatec-3-vs-normatec-go,published,MEANINGFUL,GENUINELY_UNIQUE,INDEXABLE,,n/a,pairwise,product:hyperice-normatec-3;product:hyperice-normatec-go,meaningful_comparison,Normatec 3 vs Normatec Go
P0,READY,comparison,running,nuun-sport-vs-precision-ph1500,/compare/nuun-sport-vs-precision-ph1500,published,MEANINGFUL,GENUINELY_UNIQUE,PUBLIC_NOINDEX,soft_gated_comparison_products,n/a,pairwise,product:nuun-sport;product:precision-ph1500,meaningful_comparison,Nuun Sport vs Precision PH 1500
P0,READY,comparison,running,oakley-encoder-vs-oakley-radar-ev-path,/compare/oakley-encoder-vs-oakley-radar-ev-path,published,MEANINGFUL,GENUINELY_UNIQUE,PUBLIC_NOINDEX,soft_gated_comparison_products,n/a,pairwise,product:oakley-encoder;product:oakley-radar-ev-path,meaningful_comparison,Oakley Encoder vs Oakley Radar EV Path
P0,READY,comparison,running,oofos-ooriginal-vs-hoka-ora-recovery-slide,/compare/oofos-ooriginal-vs-hoka-ora-recovery-slide,published,MEANINGFUL,GENUINELY_UNIQUE,HIDDEN_404,missing_comparison_product,n/a,pairwise,product:oofos-ooriginal;product:hoka-ora-recovery-slide,meaningful_comparison,OOFOS OOriginal vs HOKA Ora Recovery Slide
P0,READY,comparison,running,osprey-duro-6-vs-osprey-dyna-6,/compare/osprey-duro-6-vs-osprey-dyna-6,published,MEANINGFUL,GENUINELY_UNIQUE,INDEXABLE,,n/a,pairwise,product:osprey-duro-6;product:osprey-dyna-6,meaningful_comparison,Osprey Duro 6 vs Dyna 6
P0,READY,comparison,running,osprey-duro-lt-vs-ultimate-direction-race-vest-6,/compare/osprey-duro-lt-vs-ultimate-direction-race-vest-6,published,MEANINGFUL,GENUINELY_UNIQUE,INDEXABLE,,n/a,pairwise,product:osprey-duro-lt;product:ultimate-direction-race-vest-6,meaningful_comparison,Osprey Duro LT vs UD Race Vest 6
P0,READY,comparison,running,patagonia-houdini-vs-brooks-canopy,/compare/patagonia-houdini-vs-brooks-canopy,published,MEANINGFUL,GENUINELY_UNIQUE,PUBLIC_NOINDEX,soft_gated_comparison_products,n/a,pairwise,product:patagonia-houdini-men;product:brooks-canopy-jacket-men,meaningful_comparison,Patagonia Houdini vs Brooks Canopy Jacket
P0,READY,comparison,running,patagonia-strider-pro-vs-rabbit-fuel-n-fly,/compare/patagonia-strider-pro-vs-rabbit-fuel-n-fly,published,MEANINGFUL,GENUINELY_UNIQUE,PUBLIC_NOINDEX,soft_gated_comparison_products,n/a,pairwise,product:patagonia-strider-pro-men;product:rabbit-fuel-n-fly-men,meaningful_comparison,Patagonia Strider Pro vs Rabbit Fuel n' Fly
P0,READY,comparison,running,petzl-swift-rl-vs-biolite-headlamp-800,/compare/petzl-swift-rl-vs-biolite-headlamp-800,published,MEANINGFUL,GENUINELY_UNIQUE,INDEXABLE,,n/a,pairwise,product:petzl-swift-rl;product:biolite-headlamp-800-pro,meaningful_comparison,Petzl Swift RL vs BioLite HeadLamp 800
P0,READY,comparison,running,petzl-swift-rl-vs-petzl-nao-rl,/compare/petzl-swift-rl-vs-petzl-nao-rl,published,MEANINGFUL,GENUINELY_UNIQUE,INDEXABLE,,n/a,pairwise,product:petzl-swift-rl;product:petzl-nao-rl,meaningful_comparison,Petzl Swift RL vs Petzl NAO RL
P0,READY,comparison,running,polar-grit-x2-vs-garmin-fenix-8,/compare/polar-grit-x2-vs-garmin-fenix-8,published,MEANINGFUL,GENUINELY_UNIQUE,INDEXABLE,,n/a,pairwise,product:polar-grit-x2;product:garmin-fenix-8,meaningful_comparison,Polar Grit X2 vs Garmin Fenix 8
P0,READY,comparison,running,polar-h10-vs-polar-h9,/compare/polar-h10-vs-polar-h9,published,MEANINGFUL,GENUINELY_UNIQUE,INDEXABLE,,n/a,pairwise,product:polar-h10;product:polar-h9,meaningful_comparison,Polar H10 vs Polar H9
P0,READY,comparison,running,salomon-adv-skin-12-vs-nathan-vaporair-2,/compare/salomon-adv-skin-12-vs-nathan-vaporair-2,published,MEANINGFUL,GENUINELY_UNIQUE,INDEXABLE,,n/a,pairwise,product:salomon-adv-skin-12;product:nathan-vaporair-2,meaningful_comparison,Salomon ADV Skin 12 vs Nathan VaporAir 2
P0,READY,comparison,running,salomon-adv-skin-12-vs-salomon-adv-skin-5,/compare/salomon-adv-skin-12-vs-salomon-adv-skin-5,published,MEANINGFUL,GENUINELY_UNIQUE,INDEXABLE,,n/a,pairwise,product:salomon-adv-skin-12;product:salomon-adv-skin-5,meaningful_comparison,Salomon ADV Skin 12 vs ADV Skin 5
P0,READY,comparison,running,salomon-adv-skin-12-vs-ultimate-direction-race-vest-6,/compare/salomon-adv-skin-12-vs-ultimate-direction-race-vest-6,published,MEANINGFUL,GENUINELY_UNIQUE,INDEXABLE,,n/a,pairwise,product:salomon-adv-skin-12;product:ultimate-direction-race-vest-6,meaningful_comparison,Salomon ADV Skin 12 vs UD Race Vest 6
P0,READY,comparison,running,salomon-bonatti-vs-janji-rainrunner,/compare/salomon-bonatti-vs-janji-rainrunner,published,MEANINGFUL,GENUINELY_UNIQUE,PUBLIC_NOINDEX,soft_gated_comparison_products,n/a,pairwise,product:salomon-bonatti-wp-men;product:janji-rainrunner-men,meaningful_comparison,Salomon Bonatti WP vs Janji Rainrunner
P0,READY,comparison,running,salomon-xa-15-vs-osprey-duro-15,/compare/salomon-xa-15-vs-osprey-duro-15,published,MEANINGFUL,GENUINELY_UNIQUE,INDEXABLE,,n/a,pairwise,product:salomon-xa-15;product:osprey-duro-15,meaningful_comparison,Salomon XA 15 vs Osprey Duro 15
P0,READY,comparison,running,saucony-endorphin-speed-5-vs-adidas-adizero-boston-12,/compare/saucony-endorphin-speed-5-vs-adidas-adizero-boston-12,published,MEANINGFUL,GENUINELY_UNIQUE,INDEXABLE,,n/a,pairwise,product:saucony-endorphin-speed-5;product:adidas-adizero-boston-12,meaningful_comparison,Saucony Endorphin Speed 5 vs Adidas Adizero Boston 12
P0,READY,comparison,running,shokz-openrun-pro-2-vs-airpods-pro-2,/compare/shokz-openrun-pro-2-vs-airpods-pro-2,published,MEANINGFUL,GENUINELY_UNIQUE,INDEXABLE,,n/a,pairwise,product:shokz-openrun-pro-2;product:apple-airpods-pro-2,meaningful_comparison,Shokz OpenRun Pro 2 vs AirPods Pro 2
P0,READY,comparison,running,shokz-openrun-pro-2-vs-bose-ultra-open,/compare/shokz-openrun-pro-2-vs-bose-ultra-open,published,MEANINGFUL,GENUINELY_UNIQUE,INDEXABLE,,n/a,pairwise,product:shokz-openrun-pro-2;product:bose-ultra-open-earbuds,meaningful_comparison,Shokz OpenRun Pro 2 vs Bose Ultra Open
P0,READY,comparison,running,sis-beta-fuel-gel-vs-neversecond-c30-gel,/compare/sis-beta-fuel-gel-vs-neversecond-c30-gel,published,MEANINGFUL,GENUINELY_UNIQUE,PUBLIC_NOINDEX,soft_gated_comparison_products,n/a,pairwise,product:sis-beta-fuel-gel;product:neversecond-c30-gel,meaningful_comparison,SIS Beta Fuel Gel vs Neversecond C30 Gel
P0,READY,comparison,running,suunto-vertical-2-vs-garmin-enduro-3,/compare/suunto-vertical-2-vs-garmin-enduro-3,published,MEANINGFUL,GENUINELY_UNIQUE,INDEXABLE,,n/a,pairwise,product:suunto-vertical-2;product:garmin-enduro-3,meaningful_comparison,Suunto Vertical 2 vs Garmin Enduro 3
P0,READY,comparison,running,theragun-mini-vs-hypervolt-go-2,/compare/theragun-mini-vs-hypervolt-go-2,published,MEANINGFUL,GENUINELY_UNIQUE,INDEXABLE,,n/a,pairwise,product:therabody-theragun-mini-2;product:hyperice-hypervolt-go-2,meaningful_comparison,Theragun mini vs Hypervolt Go 2
P0,READY,comparison,running,theragun-prime-vs-renpho-r3,/compare/theragun-prime-vs-renpho-r3,published,MEANINGFUL,GENUINELY_UNIQUE,HIDDEN_404,missing_comparison_product,n/a,pairwise,product:therabody-theragun-prime;product:renpho-r3,meaningful_comparison,Theragun Prime vs RENPHO R3
P0,READY,comparison,running,tracksmith-session-short-vs-janji-multi-short,/compare/tracksmith-session-short-vs-janji-multi-short,published,MEANINGFUL,GENUINELY_UNIQUE,PUBLIC_NOINDEX,soft_gated_comparison_products,n/a,pairwise,product:tracksmith-session-short-men;product:janji-multi-short-men,meaningful_comparison,Tracksmith Session Short vs Janji Multi Short
P0,READY,comparison,running,tracksmith-twilight-half-vs-nike-fast-tight,/compare/tracksmith-twilight-half-vs-nike-fast-tight,published,MEANINGFUL,GENUINELY_UNIQUE,PUBLIC_NOINDEX,soft_gated_comparison_products,n/a,pairwise,product:tracksmith-twilight-half-men;product:nike-fast-tight-men,meaningful_comparison,Tracksmith Twilight Half vs Nike Fast Tight
P0,READY,comparison,running,triggerpoint-grid-vs-grid-x,/compare/triggerpoint-grid-vs-grid-x,published,MEANINGFUL,GENUINELY_UNIQUE,HIDDEN_404,missing_comparison_product,n/a,pairwise,product:triggerpoint-grid-foam-roller;product:triggerpoint-grid-x,meaningful_comparison,TriggerPoint GRID vs GRID X
P0,READY,comparison,running,triggerpoint-grid-vs-rumbleroller,/compare/triggerpoint-grid-vs-rumbleroller,published,MEANINGFUL,GENUINELY_UNIQUE,HIDDEN_404,missing_comparison_product,n/a,pairwise,product:triggerpoint-grid-foam-roller;product:rumbleroller-original,meaningful_comparison,TriggerPoint GRID vs RumbleRoller
P0,READY,comparison,running,ultimate-direction-fastpack-20-vs-osprey-talon-velocity-20,/compare/ultimate-direction-fastpack-20-vs-osprey-talon-velocity-20,published,MEANINGFUL,GENUINELY_UNIQUE,INDEXABLE,,n/a,pairwise,product:ultimate-direction-fastpack-20;product:osprey-talon-velocity-20,meaningful_comparison,Ultimate Direction Fastpack 20 vs Osprey Talon Velocity 20
P0,READY,comparison,running,ultimate-direction-fastpack-20-vs-salomon-adv-skin-12,/compare/ultimate-direction-fastpack-20-vs-salomon-adv-skin-12,published,MEANINGFUL,GENUINELY_UNIQUE,INDEXABLE,,n/a,pairwise,product:ultimate-direction-fastpack-20;product:salomon-adv-skin-12,meaningful_comparison,Ultimate Direction Fastpack 20 vs Salomon ADV Skin 12
P0,READY,comparison,running,wahoo-trackr-vs-polar-h10,/compare/wahoo-trackr-vs-polar-h10,published,MEANINGFUL,GENUINELY_UNIQUE,INDEXABLE,,n/a,pairwise,product:wahoo-trackr;product:polar-h10,meaningful_comparison,Wahoo TRACKR vs Polar H10
P0,READY,explainer,running,beginner-running-gear-stack,/guides/beginner-running-gear-stack,published,complete,GENUINELY_UNIQUE,INDEXABLE,,none,best|compare,product:brooks-ghost-18;product:garmin-forerunner-165;product:spibelt-original,guide_complete,Beginner Running Gear Stack
P0,READY,explainer,running,beginner-vs-advanced-running-watch,/guides/beginner-vs-advanced-running-watch,published,complete,GENUINELY_UNIQUE,INDEXABLE,,none,best|compare,product:garmin-forerunner-165;product:coros-pace-3;product:garmin-forerunner-970,guide_complete,Beginner vs Advanced Running Watch Features
P0,READY,explainer,running,caffeine-in-running-fuel-explained,/guides/caffeine-in-running-fuel-explained,published,complete,GENUINELY_UNIQUE,PUBLIC_NOINDEX,soft_gated_category,none,best|compare|related,product:maurten-gel-100-caf-100;product:gu-roctane-gel;product:sis-beta-fuel-gel;product:maurten-gel-100;product:precision-pf30-gel;product:nuun-sport,guide_complete,Caffeine in Running Fuel Explained
P0,READY,explainer,running,carbon-vs-nylon-plates,/guides/carbon-vs-nylon-plates,published,complete,GENUINELY_UNIQUE,INDEXABLE,,none,finder|best|compare|related,product:saucony-endorphin-speed-5;product:nike-vaporfly-4;product:adidas-adizero-boston-12;product:adidas-adizero-boston-13;product:saucony-endorphin-speed-4;product:saucony-endorphin-pro-3;product:on-cloudmonster-hyper;product:nike-alphafly-3,guide_complete,Carbon vs Nylon Plates
P0,READY,explainer,running,first-marathon-gear-checklist,/guides/first-marathon-gear-checklist,published,complete,GENUINELY_UNIQUE,INDEXABLE,,none,compare,product:nike-pegasus-42;product:garmin-forerunner-165;product:flipbelt-classic,guide_complete,First Marathon Gear Checklist
P0,READY,explainer,running,foam-rolling-for-runners,/guides/foam-rolling-for-runners,published,complete,GENUINELY_UNIQUE,INDEXABLE,,none,best|compare|related,product:triggerpoint-grid-foam-roller;product:triggerpoint-grid-x;product:rumbleroller-original;product:blackroll-standard;product:brazyn-morph;product:triggerpoint-mb1;product:the-stick,guide_complete,Foam Rolling for Runners
P0,READY,explainer,running,gel-vs-drink-mix-vs-chews,/guides/gel-vs-drink-mix-vs-chews,published,complete,GENUINELY_UNIQUE,PUBLIC_NOINDEX,soft_gated_category,none,best|compare|related,product:maurten-gel-100;product:maurten-drink-mix-320;product:tailwind-endurance-fuel;product:sis-beta-fuel-drink;product:clif-bloks-energy-chews;product:gu-energy-chews;product:skratch-sport-energy-chews;product:precision-pf30-gel,guide_complete,Gel vs Drink Mix vs Chews
P0,READY,explainer,running,handheld-bottles-for-running,/guides/handheld-bottles-for-running,published,complete,GENUINELY_UNIQUE,INDEXABLE,,none,compare,product:nathan-exoshot-2;product:hydrapak-skyflask-speed-500;product:nathan-speeddraw-plus-insulated-18oz,guide_complete,Handheld Bottles for Running
P0,READY,explainer,running,hot-weather-running-apparel,/guides/hot-weather-running-apparel,published,complete,GENUINELY_UNIQUE,PUBLIC_NOINDEX,soft_gated_category,none,compare,product:feetures-elite-light-cushion;product:flipbelt-classic,guide_complete,Hot-Weather Running Apparel
P0,READY,explainer,running,how-to-carry-fuel-on-long-runs,/guides/how-to-carry-fuel-on-long-runs,published,complete,GENUINELY_UNIQUE,PUBLIC_NOINDEX,soft_gated_category,none,finder|best|compare|related,product:maurten-gel-100;product:sis-go-isotonic-gel;product:clif-bloks-energy-chews;product:gu-energy-chews;product:salomon-adv-skin-12;product:flipbelt-classic;product:spibelt-original;product:ultimate-direction-race-belt,guide_complete,How to Carry Fuel on Long Runs
P0,READY,explainer,running,how-to-choose-heart-rate-monitor,/guides/how-to-choose-heart-rate-monitor,published,complete,GENUINELY_UNIQUE,INDEXABLE,,none,best|compare|related,product:garmin-hrm-pro-plus;product:polar-h10;product:polar-verity-sense,guide_complete,How to Choose a Heart Rate Monitor
P0,READY,explainer,running,how-to-choose-running-belt,/guides/how-to-choose-running-belt,published,complete,GENUINELY_UNIQUE,INDEXABLE,,none,best|compare,product:flipbelt-classic;product:spibelt-original;product:nathan-peak-hydration-waist-pack,guide_complete,How to Choose a Running Belt
P0,READY,explainer,running,how-to-choose-running-headlamp,/guides/how-to-choose-running-headlamp,published,complete,GENUINELY_UNIQUE,INDEXABLE,,none,best|compare|related,product:petzl-swift-rl;product:black-diamond-spot-400-r;product:silva-trail-runner-free-2,guide_complete,How to Choose a Running Headlamp
P0,READY,explainer,running,how-to-choose-running-hydration-vest,/guides/how-to-choose-running-hydration-vest,published,complete,GENUINELY_UNIQUE,INDEXABLE,,none,best|compare|related,product:salomon-adv-skin-12;product:nathan-vaporair-2;product:salomon-soft-flask-500;product:camelbak-zephyr-pro;product:osprey-duro-15;product:ultimate-direction-fastpack-20;product:osprey-dyna-lt;product:black-diamond-distance-15,guide_complete,How to Choose a Running Hydration Vest
P0,READY,explainer,running,how-to-choose-running-socks,/guides/how-to-choose-running-socks,published,complete,GENUINELY_UNIQUE,INDEXABLE,,none,best|compare,product:feetures-elite-light-cushion;product:balega-hidden-comfort;product:injinji-run-midweight,guide_complete,How to Choose Running Socks
P0,READY,explainer,running,how-to-choose-running-watch,/guides/how-to-choose-running-watch,published,complete,GENUINELY_UNIQUE,INDEXABLE,,none,finder|best|compare|related,product:garmin-forerunner-970;product:coros-pace-pro;product:garmin-forerunner-165,guide_complete,How to Choose a Running Watch
P0,READY,explainer,running,hydration-for-marathon-training,/guides/hydration-for-marathon-training,published,complete,GENUINELY_UNIQUE,INDEXABLE,,none,compare,product:flipbelt-classic;product:nathan-exoshot-2;product:salomon-adv-skin-12,guide_complete,Hydration for Marathon Training
P0,READY,explainer,running,hydration-vest-vs-running-belt,/guides/hydration-vest-vs-running-belt,published,complete,GENUINELY_UNIQUE,INDEXABLE,,none,best|compare|related,product:salomon-adv-skin-12;product:flipbelt-classic;product:spibelt-original,guide_complete,Hydration Vest vs Running Belt
P0,READY,explainer,running,maps-navigation-running-watches,/guides/maps-navigation-running-watches,published,complete,GENUINELY_UNIQUE,INDEXABLE,,none,best|compare,product:garmin-forerunner-970;product:coros-apex-4;product:coros-pace-4,guide_complete,Maps & Navigation on Running Watches
P0,READY,explainer,running,massage-guns-explained,/guides/massage-guns-explained,published,complete,GENUINELY_UNIQUE,INDEXABLE,,none,best|compare|related,product:therabody-theragun-mini-2;product:hyperice-hypervolt-go-2;product:therabody-theragun-prime;product:renpho-r3;product:opove-m3-pro;product:therabody-theragun-pro;product:hyperice-hypervolt-2;missing:prod-timtam-power-massager,guide_complete,Massage Guns Explained
P0,READY,explainer,running,multi-band-gps-running-watches,/guides/multi-band-gps-running-watches,published,complete,GENUINELY_UNIQUE,INDEXABLE,,none,finder|best|compare|related,product:garmin-forerunner-970;product:coros-pace-pro,guide_complete,Multi-Band GPS for Running Watches
P0,READY,explainer,running,open-ear-vs-in-ear-running-headphones,/guides/open-ear-vs-in-ear-running-headphones,published,complete,GENUINELY_UNIQUE,INDEXABLE,,none,best|compare|related,product:shokz-openrun-pro-2;product:bose-ultra-open-earbuds;product:apple-airpods-pro-2;product:shokz-opendots-one;product:soundcore-aerofit-2;product:beats-fit-pro;product:soundcore-sport-x20;product:apple-airpods-4,guide_complete,Open-Ear vs In-Ear Running Headphones
P0,READY,explainer,running,optical-wrist-hr-vs-chest-strap,/guides/optical-wrist-hr-vs-chest-strap,published,complete,GENUINELY_UNIQUE,INDEXABLE,,none,best|compare,product:garmin-forerunner-970;product:polar-h10;product:polar-verity-sense,guide_complete,Optical Wrist HR vs Chest Strap for Runners
P0,READY,explainer,running,recovery-sandals-for-runners,/guides/recovery-sandals-for-runners,published,complete,GENUINELY_UNIQUE,INDEXABLE,,none,compare,product:oofos-ooriginal,guide_complete,Recovery Sandals for Runners
P0,READY,explainer,running,recovery-tools-what-evidence-shows,/guides/recovery-tools-what-evidence-shows,published,complete,GENUINELY_UNIQUE,INDEXABLE,,none,best|compare|related,product:therabody-theragun-mini-2;product:triggerpoint-grid-foam-roller;product:hyperice-normatec-go;product:hyperice-normatec-3;product:oofos-ooriginal;product:cep-calf-sleeves-3;product:the-stick,guide_complete,Recovery Tools: What Evidence Shows (and Doesn't)
P0,READY,explainer,running,road-vs-trail-running-shoes,/guides/road-vs-trail-running-shoes,published,complete,GENUINELY_UNIQUE,INDEXABLE,,none,finder|best|compare|related,product:asics-novablast-6;product:hoka-speedgoat-6;product:saucony-peregrine-15;product:brooks-cascadia-18;product:asics-gel-trabuco-13;product:new-balance-fresh-foam-x-hierro-v9;product:nike-pegasus-trail-5;product:adidas-terrex-agravic-3,guide_complete,Road vs Trail Running Shoes
P0,READY,explainer,running,running-gels-explained,/guides/running-gels-explained,published,complete,GENUINELY_UNIQUE,PUBLIC_NOINDEX,soft_gated_category,none,best|compare|related,product:maurten-gel-100;product:maurten-gel-100-caf-100;product:sis-go-isotonic-gel;product:sis-beta-fuel-gel;product:precision-pf30-gel;product:neversecond-c30-gel;product:gu-energy-gel;product:gu-roctane-gel,guide_complete,Running Gels Explained
P0,READY,explainer,running,running-jackets-explained,/guides/running-jackets-explained,published,complete,GENUINELY_UNIQUE,PUBLIC_NOINDEX,soft_gated_category,none,compare,product:brooks-cascadia-jacket,guide_complete,Running Jackets Explained
P0,READY,explainer,running,running-shoe-cushioning,/guides/running-shoe-cushioning,published,complete,GENUINELY_UNIQUE,INDEXABLE,,none,finder|best|compare|related,product:hoka-bondi-9;product:asics-novablast-6;product:hoka-clifton-10;product:nike-vaporfly-4;product:adidas-ultraboost-5;product:on-cloudsurfer-2;product:altra-paradigm-7;product:brooks-glycerin-gts-22,guide_complete,Running Shoe Cushioning Explained
P0,READY,explainer,running,running-shoe-drop,/guides/running-shoe-drop,published,complete,GENUINELY_UNIQUE,INDEXABLE,,none,finder|best|compare|related,product:asics-novablast-6;product:hoka-clifton-10;product:brooks-ghost-18;product:altra-escalante-4,guide_complete,Running Shoe Drop Explained
P0,READY,explainer,running,running-shoe-rotation,/guides/running-shoe-rotation,published,complete,GENUINELY_UNIQUE,INDEXABLE,,none,finder|best|compare|related,product:asics-novablast-6;product:saucony-endorphin-speed-5;product:nike-vaporfly-4;product:hoka-bondi-9,guide_complete,Running Shoe Rotation Explained
P0,READY,explainer,running,running-shoe-terminology,/guides/running-shoe-terminology,published,complete,GENUINELY_UNIQUE,INDEXABLE,,none,finder|best|compare|related,product:asics-novablast-6;product:nike-vaporfly-4,guide_complete,Running Shoe Terminology
P0,READY,explainer,running,running-watch-battery-life-explained,/guides/running-watch-battery-life-explained,published,complete,GENUINELY_UNIQUE,INDEXABLE,,none,best|compare,product:coros-pace-4;product:garmin-forerunner-970;product:garmin-enduro-3,guide_complete,Running Watch Battery Life Explained
P0,READY,explainer,running,shoe-jobs-by-session-type,/guides/shoe-jobs-by-session-type,published,complete,GENUINELY_UNIQUE,INDEXABLE,,none,best|compare,product:nike-pegasus-42;product:adidas-adizero-boston-13;product:nike-vaporfly-4,guide_complete,Shoe Jobs by Session Type
P0,READY,explainer,running,soft-flasks-vs-bladders-explained,/guides/soft-flasks-vs-bladders-explained,published,complete,GENUINELY_UNIQUE,INDEXABLE,,none,best|compare,product:hydrapak-softflask-speed-500;missing:prod-salomon-adv-skin-12;product:camelbak-crux-15,guide_complete,Soft Flasks vs Hydration Bladders Explained
P0,READY,explainer,running,stability-shoes-explained,/guides/stability-shoes-explained,published,complete,GENUINELY_UNIQUE,INDEXABLE,,none,finder|best|compare|related,product:asics-gel-kayano-32;product:brooks-adrenaline-gts-25;product:asics-gt-2000-14;product:nike-structure-plus;product:saucony-guide-18;product:hoka-arahi-7;product:hoka-gaviota-5;product:brooks-glycerin-gts-22,guide_complete,Stability Running Shoes Explained
P0,READY,explainer,running,trail-race-kit-essentials,/guides/trail-race-kit-essentials,published,complete,GENUINELY_UNIQUE,INDEXABLE,,none,compare,product:salomon-adv-skin-12;product:petzl-swift-rl;product:saucony-peregrine-15,guide_complete,Trail Race Kit Essentials
P0,READY,explainer,running,what-is-a-daily-trainer,/guides/what-is-a-daily-trainer,published,complete,GENUINELY_UNIQUE,INDEXABLE,,none,finder|best|compare|related,product:asics-novablast-6;product:brooks-ghost-18;product:nike-pegasus-42;product:nike-pegasus-41;product:asics-novablast-4;product:hoka-clifton-9;product:on-cloudsurfer-2;product:adidas-ultraboost-5,guide_complete,What Is a Daily Trainer?
P0,READY,explainer,running,when-to-use-a-massage-gun,/guides/when-to-use-a-massage-gun,published,complete,GENUINELY_UNIQUE,INDEXABLE,,none,compare,product:therabody-theragun-mini-2;product:oofos-ooriginal,guide_complete,When to Use a Massage Gun
P0,READY,explainer,running,winter-layering-for-runners,/guides/winter-layering-for-runners,published,complete,GENUINELY_UNIQUE,PUBLIC_NOINDEX,soft_gated_category,none,compare,product:brooks-cascadia-jacket,guide_complete,Winter Layering for Runners
P0,READY,alternatives,running,adidas-adizero-boston-12,/products/adidas-adizero-boston-12/alternatives,published,ELIGIBLE,N/A,INDEXABLE,,n/a,alts:5|types:3,source:adidas-adizero-boston-12;alt:saucony-endorphin-speed-5;alt:saucony-endorphin-speed-5;alt:saucony-endorphin-speed-4;alt:nike-pegasus-41;alt:saucony-endorphin-speed-4,alternatives_eligible,Adidas Adizero Boston 12 alternatives
P0,READY,alternatives,running,amazfit-active-2,/products/amazfit-active-2/alternatives,published,ELIGIBLE,N/A,INDEXABLE,,n/a,alts:4|types:2,source:amazfit-active-2;alt:suunto-run;alt:polar-pacer;alt:garmin-vivoactive-6;alt:suunto-run,alternatives_eligible,Amazfit Active 2 alternatives
P0,READY,alternatives,running,amazfit-t-rex-3-pro,/products/amazfit-t-rex-3-pro/alternatives,published,ELIGIBLE,N/A,INDEXABLE,,n/a,alts:4|types:2,source:amazfit-t-rex-3-pro;alt:garmin-instinct-3;alt:samsung-galaxy-watch-ultra;alt:suunto-vertical-2;alt:garmin-instinct-3,alternatives_eligible,Amazfit T-Rex 3 Pro alternatives
P0,READY,alternatives,running,apple-watch-series-10,/products/apple-watch-series-10/alternatives,published,ELIGIBLE,N/A,INDEXABLE,,n/a,alts:4|types:2,source:apple-watch-series-10;alt:garmin-vivoactive-6;alt:apple-watch-ultra-3;alt:coros-pace-4;alt:garmin-vivoactive-6,alternatives_eligible,Apple Watch Series 10 alternatives
P0,READY,alternatives,running,apple-watch-ultra-3,/products/apple-watch-ultra-3/alternatives,published,ELIGIBLE,N/A,INDEXABLE,,n/a,alts:6|types:2,source:apple-watch-ultra-3;alt:garmin-fenix-8;alt:garmin-forerunner-970;alt:samsung-galaxy-watch-ultra;alt:apple-watch-series-10;alt:apple-watch-ultra-2;alt:garmin-forerunner-970,alternatives_eligible,Apple Watch Ultra 3 alternatives
P0,READY,alternatives,running,asics-gel-cumulus-27,/products/asics-gel-cumulus-27/alternatives,published,ELIGIBLE,N/A,INDEXABLE,,n/a,alts:6|types:2,source:asics-gel-cumulus-27;alt:nike-pegasus-42;alt:brooks-ghost-18;alt:nike-pegasus-42;alt:asics-novablast-6;alt:saucony-ride-18;alt:puma-magnify-nitro-2,alternatives_eligible,ASICS GEL-Cumulus 27 alternatives
P0,READY,alternatives,running,asics-gel-kayano-32,/products/asics-gel-kayano-32/alternatives,published,ELIGIBLE,N/A,INDEXABLE,,n/a,alts:8|types:3,source:asics-gel-kayano-32;alt:brooks-adrenaline-gts-25;alt:asics-gt-2000-14;alt:brooks-glycerin-gts-22;alt:hoka-gaviota-5;alt:saucony-guide-18;alt:nike-structure-plus;alt:asics-gt-2000-14;alt:brooks-adrenaline-gts-25,alternatives_eligible,ASICS GEL-Kayano 32 alternatives
P0,READY,alternatives,running,asics-gel-nimbus-27,/products/asics-gel-nimbus-27/alternatives,published,ELIGIBLE,N/A,INDEXABLE,,n/a,alts:7|types:2,source:asics-gel-nimbus-27;alt:hoka-bondi-9;alt:hoka-clifton-10;alt:nike-vomero-18;alt:brooks-glycerin-22;alt:hoka-clifton-9;alt:asics-novablast-5;alt:brooks-ghost-16,alternatives_eligible,ASICS GEL-Nimbus 27 alternatives
P0,READY,alternatives,running,asics-gt-2000-14,/products/asics-gt-2000-14/alternatives,published,ELIGIBLE,N/A,INDEXABLE,,n/a,alts:6|types:2,source:asics-gt-2000-14;alt:asics-gel-kayano-32;alt:new-balance-fresh-foam-x-860-v14;alt:saucony-guide-18;alt:asics-gel-kayano-32;alt:nike-structure-26;alt:brooks-adrenaline-gts-25,alternatives_eligible,ASICS GT-2000 14 alternatives
P0,READY,alternatives,running,asics-metaspeed-sky-paris,/products/asics-metaspeed-sky-paris/alternatives,published,ELIGIBLE,N/A,INDEXABLE,,n/a,alts:5|types:2,source:asics-metaspeed-sky-paris;alt:nike-vaporfly-4;alt:nike-alphafly-3;alt:nike-vaporfly-4;alt:saucony-endorphin-pro-4;alt:mizuno-wave-rebellion-pro-3,alternatives_eligible,ASICS METASPEED Sky Paris alternatives
P0,READY,alternatives,running,asics-novablast-5,/products/asics-novablast-5/alternatives,published,ELIGIBLE,N/A,INDEXABLE,,n/a,alts:8|types:3,source:asics-novablast-5;alt:brooks-ghost-16;alt:hoka-clifton-9;alt:asics-gel-nimbus-27;alt:asics-novablast-4;alt:nike-pegasus-41;alt:brooks-ghost-16;alt:hoka-clifton-9;alt:asics-gel-nimbus-27,alternatives_eligible,ASICS Novablast 5 alternatives
P0,READY,alternatives,running,asics-novablast-6,/products/asics-novablast-6/alternatives,published,ELIGIBLE,N/A,INDEXABLE,,n/a,alts:23|types:10,source:asics-novablast-6;alt:brooks-ghost-18;alt:hoka-clifton-10;alt:brooks-ghost-18;alt:hoka-clifton-10;alt:saucony-ride-18;alt:asics-superblast-2;alt:asics-gel-cumulus-27;alt:asics-gel-kayano-32,alternatives_eligible,ASICS Novablast 6 alternatives
P0,READY,alternatives,running,balega-hidden-comfort,/products/balega-hidden-comfort/alternatives,published,ELIGIBLE,N/A,INDEXABLE,,n/a,alts:5|types:3,source:balega-hidden-comfort;alt:balega-blister-resist;alt:balega-blister-resist;alt:feetures-elite-light-cushion;alt:darn-tough-run-1-4;alt:balega-blister-resist,alternatives_eligible,Balega Hidden Comfort alternatives
P0,READY,alternatives,running,brooks-adrenaline-gts-25,/products/brooks-adrenaline-gts-25/alternatives,published,ELIGIBLE,N/A,INDEXABLE,,n/a,alts:10|types:3,source:brooks-adrenaline-gts-25;alt:asics-gel-kayano-32;alt:asics-gel-kayano-32;alt:asics-gt-2000-14;alt:brooks-ghost-18;alt:hoka-arahi-7;alt:new-balance-fresh-foam-x-860-v14;alt:asics-gt-2000-14;alt:nike-structure-26,alternatives_eligible,Brooks Adrenaline GTS 25 alternatives
P0,READY,alternatives,running,brooks-ghost-16,/products/brooks-ghost-16/alternatives,published,ELIGIBLE,N/A,INDEXABLE,,n/a,alts:6|types:3,source:brooks-ghost-16;alt:nike-pegasus-41;alt:asics-novablast-5;alt:brooks-ghost-18;alt:asics-novablast-5;alt:asics-gel-nimbus-27;alt:nike-pegasus-41,alternatives_eligible,Brooks Ghost 16 alternatives
P0,READY,alternatives,running,brooks-ghost-18,/products/brooks-ghost-18/alternatives,published,ELIGIBLE,N/A,INDEXABLE,,n/a,alts:20|types:8,source:brooks-ghost-18;alt:nike-pegasus-42;alt:asics-novablast-6;alt:asics-novablast-6;alt:nike-pegasus-42;alt:nike-vomero-18;alt:brooks-glycerin-22;alt:brooks-adrenaline-gts-25;alt:saucony-ride-18,alternatives_eligible,Brooks Ghost 18 alternatives
P0,READY,alternatives,running,camelbak-crux-15,/products/camelbak-crux-15/alternatives,published,ELIGIBLE,N/A,INDEXABLE,,n/a,alts:4|types:2,source:camelbak-crux-15;alt:osprey-hydraulics-lt-15;alt:hydrapak-contour-2l;alt:salomon-soft-reservoir-15;alt:hydrapak-shape-shift-15,alternatives_eligible,CamelBak Crux 1.5L Reservoir alternatives
P0,READY,alternatives,running,camelbak-zephyr-pro,/products/camelbak-zephyr-pro/alternatives,published,ELIGIBLE,N/A,INDEXABLE,,n/a,alts:5|types:2,source:camelbak-zephyr-pro;alt:camelbak-apex-pro;alt:nathan-pinnacle-12;alt:camelbak-zephyr;alt:ultimate-direction-adventure-vest;alt:camelbak-apex-pro,alternatives_eligible,CamelBak Zephyr Pro alternatives
P0,READY,alternatives,running,camelbak-zephyr,/products/camelbak-zephyr/alternatives,published,ELIGIBLE,N/A,INDEXABLE,,n/a,alts:5|types:2,source:camelbak-zephyr;alt:camelbak-zephyr-pro;alt:camelbak-circuit-run-vest;alt:ultimate-direction-adventure-vest;alt:nathan-vaporair-2;alt:camelbak-zephyr-pro,alternatives_eligible,CamelBak Zephyr alternatives
P0,READY,alternatives,running,coros-apex-4,/products/coros-apex-4/alternatives,published,ELIGIBLE,N/A,INDEXABLE,,n/a,alts:7|types:2,source:coros-apex-4;alt:garmin-fenix-8;alt:garmin-instinct-3;alt:garmin-epix-pro-gen-2;alt:suunto-vertical-2;alt:garmin-enduro-3;alt:polar-grit-x2;alt:garmin-fenix-8,alternatives_eligible,COROS Apex 4 alternatives
P0,READY,alternatives,running,coros-heart-rate-monitor,/products/coros-heart-rate-monitor/alternatives,published,ELIGIBLE,N/A,INDEXABLE,,n/a,alts:7|types:2,source:coros-heart-rate-monitor;alt:polar-verity-sense;alt:polar-h10;alt:garmin-hrm-fit;alt:wahoo-tickr-fit;alt:scosche-rhythm-plus-2;alt:scosche-rhythm24;alt:polar-verity-sense,alternatives_eligible,COROS Heart Rate Monitor alternatives
P0,READY,alternatives,running,coros-pace-3,/products/coros-pace-3/alternatives,published,ELIGIBLE,N/A,INDEXABLE,,n/a,alts:6|types:4,source:coros-pace-3;alt:coros-pace-pro;alt:garmin-forerunner-265;alt:garmin-forerunner-165;alt:garmin-forerunner-265;alt:garmin-forerunner-965;alt:garmin-forerunner-255,alternatives_eligible,COROS Pace 3 alternatives
P0,READY,alternatives,running,coros-pace-4,/products/coros-pace-4/alternatives,published,ELIGIBLE,N/A,INDEXABLE,,n/a,alts:10|types:3,source:coros-pace-4;alt:garmin-forerunner-165;alt:garmin-vivoactive-6;alt:garmin-forerunner-265s;alt:coros-pace-pro;alt:garmin-forerunner-570;alt:suunto-run;alt:polar-pacer;alt:apple-watch-series-10,alternatives_eligible,COROS Pace 4 alternatives
P0,READY,alternatives,running,coros-pace-pro,/products/coros-pace-pro/alternatives,published,ELIGIBLE,N/A,INDEXABLE,,n/a,alts:10|types:3,source:coros-pace-pro;alt:coros-pace-3;alt:garmin-forerunner-970;alt:garmin-forerunner-970;alt:garmin-forerunner-570;alt:garmin-forerunner-265;alt:suunto-race-s;alt:polar-pacer-pro;alt:apple-watch-ultra-2,alternatives_eligible,COROS Pace Pro alternatives
P0,READY,alternatives,running,coros-vertix-2s,/products/coros-vertix-2s/alternatives,published,ELIGIBLE,N/A,INDEXABLE,,n/a,alts:4|types:2,source:coros-vertix-2s;alt:garmin-enduro-3;alt:garmin-fenix-8;alt:suunto-vertical-2;alt:garmin-enduro-3,alternatives_eligible,COROS Vertix 2S alternatives
P0,READY,alternatives,running,feetures-elite-light-cushion,/products/feetures-elite-light-cushion/alternatives,published,ELIGIBLE,N/A,INDEXABLE,,n/a,alts:7|types:2,source:feetures-elite-light-cushion;alt:darn-tough-run-1-4;alt:swiftwick-aspire-four;alt:balega-hidden-comfort;alt:balega-blister-resist;alt:cep-run-compression-sock-3;alt:injinji-run-midweight;alt:darn-tough-run-1-4,alternatives_eligible,Feetures Elite Light Cushion alternatives
P0,READY,alternatives,running,flipbelt-classic,/products/flipbelt-classic/alternatives,published,ELIGIBLE,N/A,INDEXABLE,,n/a,alts:9|types:2,source:flipbelt-classic;alt:naked-running-band;alt:nathan-peak-hydration-waist-pack;alt:ultraspire-fitted-race-belt-2;alt:compressport-free-belt-pro;alt:salomon-pulse-belt;alt:amphipod-airflow-lite-belt;alt:spibelt-original;alt:nathan-mirage-pak,alternatives_eligible,FlipBelt Classic alternatives
P0,READY,alternatives,running,garmin-enduro-3,/products/garmin-enduro-3/alternatives,published,ELIGIBLE,N/A,INDEXABLE,,n/a,alts:7|types:3,source:garmin-enduro-3;alt:suunto-vertical-2;alt:garmin-fenix-8;alt:coros-vertix-2s;alt:garmin-instinct-3;alt:coros-apex-4;alt:suunto-vertical-2;alt:coros-vertix-2s,alternatives_eligible,Garmin Enduro 3 alternatives
P0,READY,alternatives,running,garmin-epix-pro-gen-2,/products/garmin-epix-pro-gen-2/alternatives,published,ELIGIBLE,N/A,INDEXABLE,,n/a,alts:4|types:2,source:garmin-epix-pro-gen-2;alt:garmin-fenix-8;alt:garmin-fenix-8;alt:suunto-vertical-2;alt:coros-apex-4,alternatives_eligible,Garmin Epix Pro (Gen 2) alternatives
P0,READY,alternatives,running,garmin-fenix-8,/products/garmin-fenix-8/alternatives,published,ELIGIBLE,N/A,INDEXABLE,,n/a,alts:11|types:3,source:garmin-fenix-8;alt:garmin-forerunner-970;alt:garmin-enduro-3;alt:coros-apex-4;alt:suunto-vertical-2;alt:garmin-epix-pro-gen-2;alt:coros-vertix-2s;alt:apple-watch-ultra-3;alt:samsung-galaxy-watch-ultra,alternatives_eligible,Garmin Fenix 8 AMOLED 47mm alternatives
P0,READY,alternatives,running,garmin-forerunner-265s,/products/garmin-forerunner-265s/alternatives,published,ELIGIBLE,N/A,INDEXABLE,,n/a,alts:6|types:4,source:garmin-forerunner-265s;alt:garmin-forerunner-265;alt:garmin-forerunner-570;alt:garmin-forerunner-265;alt:coros-pace-4;alt:garmin-forerunner-265;alt:garmin-forerunner-570,alternatives_eligible,Garmin Forerunner 265S alternatives
P0,READY,alternatives,running,garmin-forerunner-570,/products/garmin-forerunner-570/alternatives,published,ELIGIBLE,N/A,INDEXABLE,,n/a,alts:8|types:2,source:garmin-forerunner-570;alt:garmin-forerunner-970;alt:garmin-forerunner-970;alt:garmin-forerunner-265;alt:coros-pace-pro;alt:polar-pacer-pro;alt:suunto-race-s;alt:garmin-forerunner-265s;alt:coros-pace-4,alternatives_eligible,Garmin Forerunner 570 alternatives
P0,READY,alternatives,running,garmin-forerunner-965,/products/garmin-forerunner-965/alternatives,published,ELIGIBLE,N/A,INDEXABLE,,n/a,alts:5|types:3,source:garmin-forerunner-965;alt:coros-pace-pro;alt:coros-pace-3;alt:garmin-forerunner-255;alt:coros-pace-3;alt:garmin-forerunner-255,alternatives_eligible,Garmin Forerunner 965 alternatives
P0,READY,alternatives,running,garmin-forerunner-970,/products/garmin-forerunner-970/alternatives,published,ELIGIBLE,N/A,INDEXABLE,,n/a,alts:11|types:4,source:garmin-forerunner-970;alt:coros-pace-pro;alt:coros-pace-pro;alt:garmin-forerunner-570;alt:garmin-forerunner-965;alt:garmin-forerunner-255;alt:garmin-forerunner-570;alt:coros-apex-2-pro;alt:suunto-race,alternatives_eligible,Garmin Forerunner 970 alternatives
P0,READY,alternatives,running,garmin-hrm-200,/products/garmin-hrm-200/alternatives,published,ELIGIBLE,N/A,INDEXABLE,,n/a,alts:7|types:2,source:garmin-hrm-200;alt:polar-h9;alt:garmin-hrm-pro-plus;alt:polar-h10;alt:wahoo-trackr;alt:garmin-hrm-fit;alt:suunto-smart-heart-rate-belt;alt:polar-h9,alternatives_eligible,Garmin HRM 200 alternatives
P0,READY,alternatives,running,garmin-hrm-600,/products/garmin-hrm-600/alternatives,published,ELIGIBLE,N/A,INDEXABLE,,n/a,alts:6|types:4,source:garmin-hrm-600;alt:garmin-hrm-pro-plus;alt:polar-h10;alt:garmin-hrm-pro-plus;alt:wahoo-tickr-x;alt:garmin-hrm-pro-plus;alt:polar-h10,alternatives_eligible,Garmin HRM 600 alternatives
P0,READY,alternatives,running,garmin-hrm-fit,/products/garmin-hrm-fit/alternatives,published,ELIGIBLE,N/A,INDEXABLE,,n/a,alts:4|types:2,source:garmin-hrm-fit;alt:garmin-hrm-200;alt:polar-verity-sense;alt:coros-heart-rate-monitor;alt:garmin-hrm-200,alternatives_eligible,Garmin HRM-Fit alternatives
P0,READY,alternatives,running,garmin-hrm-pro-plus,/products/garmin-hrm-pro-plus/alternatives,published,ELIGIBLE,N/A,INDEXABLE,,n/a,alts:6|types:4,source:garmin-hrm-pro-plus;alt:polar-h10;alt:garmin-hrm-600;alt:polar-h10;alt:garmin-hrm-600;alt:garmin-hrm-200;alt:garmin-hrm-600,alternatives_eligible,Garmin HRM-Pro Plus alternatives
P0,READY,alternatives,running,garmin-instinct-3,/products/garmin-instinct-3/alternatives,published,ELIGIBLE,N/A,INDEXABLE,,n/a,alts:4|types:2,source:garmin-instinct-3;alt:amazfit-t-rex-3-pro;alt:garmin-enduro-3;alt:coros-apex-4;alt:amazfit-t-rex-3-pro,alternatives_eligible,Garmin Instinct 3 alternatives
P0,READY,alternatives,running,garmin-vivoactive-6,/products/garmin-vivoactive-6/alternatives,published,ELIGIBLE,N/A,INDEXABLE,,n/a,alts:6|types:2,source:garmin-vivoactive-6;alt:garmin-forerunner-165;alt:coros-pace-4;alt:suunto-run;alt:apple-watch-series-10;alt:amazfit-active-2;alt:garmin-forerunner-165,alternatives_eligible,Garmin Vivoactive 6 alternatives
P0,READY,alternatives,running,hoka-bondi-9,/products/hoka-bondi-9/alternatives,published,ELIGIBLE,N/A,INDEXABLE,,n/a,alts:13|types:3,source:hoka-bondi-9;alt:asics-gel-nimbus-27;alt:hoka-clifton-10;alt:nike-vomero-18;alt:brooks-ghost-18;alt:adidas-ultraboost-5;alt:altra-paradigm-7;alt:asics-superblast-2;alt:nike-vomero-18,alternatives_eligible,HOKA Bondi 9 alternatives
P0,READY,alternatives,running,hoka-clifton-10,/products/hoka-clifton-10/alternatives,published,ELIGIBLE,N/A,INDEXABLE,,n/a,alts:13|types:5,source:hoka-clifton-10;alt:asics-novablast-6;alt:brooks-ghost-18;alt:hoka-bondi-9;alt:asics-gel-nimbus-27;alt:hoka-clifton-pro;alt:new-balance-fresh-foam-x-1080-v14;alt:asics-novablast-4;alt:hoka-clifton-9,alternatives_eligible,HOKA Clifton 10 alternatives
P0,READY,alternatives,running,hoka-speedgoat-6,/products/hoka-speedgoat-6/alternatives,published,ELIGIBLE,N/A,INDEXABLE,,n/a,alts:10|types:3,source:hoka-speedgoat-6;alt:saucony-peregrine-15;alt:saucony-peregrine-15;alt:altra-lone-peak-8;alt:brooks-cascadia-18;alt:new-balance-fresh-foam-x-hierro-v9;alt:salomon-ultra-glide-2;alt:salomon-sense-ride-5;alt:altra-lone-peak-8,alternatives_eligible,HOKA Speedgoat 6 alternatives
P0,READY,alternatives,running,hydrapak-softflask-speed-500,/products/hydrapak-softflask-speed-500/alternatives,published,ELIGIBLE,N/A,INDEXABLE,,n/a,alts:9|types:2,source:hydrapak-softflask-speed-500;alt:hydrapak-skyflask-speed-500;alt:hydrapak-softflask-500;alt:salomon-soft-flask-500;alt:hydrapak-softflask-250;alt:hydrapak-tube-kit;alt:salomon-soft-flask-speed-500;alt:ultimate-direction-body-bottle-500;alt:nathan-softflask-18oz,alternatives_eligible,HydraPak SoftFlask Speed 500 alternatives
P0,READY,alternatives,running,nathan-peak-hydration-waist-pack,/products/nathan-peak-hydration-waist-pack/alternatives,published,ELIGIBLE,N/A,INDEXABLE,,n/a,alts:6|types:2,source:nathan-peak-hydration-waist-pack;alt:ultimate-direction-race-belt;alt:ultimate-direction-ultra-belt;alt:nathan-exoshot-2;alt:flipbelt-classic;alt:nathan-speeddraw-plus-insulated-18oz;alt:ultimate-direction-race-belt,alternatives_eligible,Nathan Peak Hydration Waist Pack alternatives
P0,READY,alternatives,running,nathan-vaporair-2,/products/nathan-vaporair-2/alternatives,published,ELIGIBLE,N/A,INDEXABLE,,n/a,alts:6|types:2,source:nathan-vaporair-2;alt:salomon-adv-skin-12;alt:nathan-vaporair-4;alt:osprey-duro-6;alt:ultimate-direction-adventure-vest;alt:camelbak-zephyr;alt:nathan-vaporair-4,alternatives_eligible,Nathan VaporAir 2 alternatives
P0,READY,alternatives,running,nathan-vaporair-4,/products/nathan-vaporair-4/alternatives,published,ELIGIBLE,N/A,INDEXABLE,,n/a,alts:7|types:2,source:nathan-vaporair-4;alt:salomon-adv-skin-5;alt:nathan-vaporair-2;alt:ultimate-direction-race-vest-6;alt:uswe-pace-8;alt:ultraspire-alpha-6;alt:black-diamond-distance-8;alt:salomon-adv-skin-5,alternatives_eligible,Nathan VaporAir 4.0 8L alternatives
P0,READY,alternatives,running,new-balance-fresh-foam-x-1080-v14,/products/new-balance-fresh-foam-x-1080-v14/alternatives,published,ELIGIBLE,N/A,INDEXABLE,,n/a,alts:6|types:2,source:new-balance-fresh-foam-x-1080-v14;alt:hoka-clifton-10;alt:saucony-triumph-22;alt:brooks-ghost-18;alt:asics-novablast-6;alt:new-balance-fresh-foam-x-1080-v13;alt:topo-athletic-phantom-3,alternatives_eligible,New Balance Fresh Foam X 1080 v14 alternatives
P0,READY,alternatives,running,nike-alphafly-3,/products/nike-alphafly-3/alternatives,published,ELIGIBLE,N/A,INDEXABLE,,n/a,alts:8|types:6,source:nike-alphafly-3;alt:nike-vaporfly-4;alt:nike-vaporfly-4;alt:asics-metaspeed-sky-paris;alt:saucony-endorphin-pro-4;alt:adidas-adizero-adios-pro-4;alt:nike-vaporfly-4;alt:asics-metaspeed-sky-paris;alt:saucony-endorphin-pro-4,alternatives_eligible,Nike Alphafly 3 alternatives
P0,READY,alternatives,running,nike-dri-fit-miler-men,/products/nike-dri-fit-miler-men/alternatives,published,ELIGIBLE,N/A,PUBLIC_NOINDEX,parent_product_not_indexable|decisionScore=100|soft_gated_category,n/a,alts:7|types:4,source:nike-dri-fit-miler-men;alt:patagonia-capilene-cool-daily-men;alt:nike-dri-fit-miler-women;alt:janji-run-tee-men;alt:adidas-own-the-run-tee-men;alt:tracksmith-van-cortlandt-tee-men;alt:patagonia-capilene-cool-daily-men;alt:nike-dri-fit-miler-women,alternatives_eligible,Nike Dri-FIT Miler Tee (Men) alternatives
P0,READY,alternatives,running,nike-pegasus-42,/products/nike-pegasus-42/alternatives,published,ELIGIBLE,N/A,INDEXABLE,,n/a,alts:10|types:6,source:nike-pegasus-42;alt:brooks-ghost-18;alt:nike-vomero-18;alt:new-balance-fuelcell-rebel-v5;alt:nike-structure-plus;alt:asics-gel-cumulus-27;alt:hoka-speedgoat-6;alt:asics-gel-cumulus-27;alt:asics-novablast-6,alternatives_eligible,Nike Pegasus 42 alternatives
P0,READY,alternatives,running,nike-vaporfly-4,/products/nike-vaporfly-4/alternatives,published,ELIGIBLE,N/A,INDEXABLE,,n/a,alts:10|types:4,source:nike-vaporfly-4;alt:nike-alphafly-3;alt:nike-alphafly-3;alt:asics-metaspeed-sky-paris;alt:saucony-endorphin-pro-4;alt:saucony-endorphin-speed-5;alt:asics-metaspeed-sky-paris;alt:adidas-adizero-adios-pro-4;alt:saucony-endorphin-pro-4,alternatives_eligible,Nike Vaporfly 4 alternatives
P0,READY,alternatives,running,osprey-duro-6,/products/osprey-duro-6/alternatives,published,ELIGIBLE,N/A,INDEXABLE,,n/a,alts:6|types:2,source:osprey-duro-6;alt:osprey-dyna-6;alt:osprey-duro-15;alt:camelbak-circuit-run-vest;alt:osprey-duro-lt;alt:nathan-vaporair-2;alt:osprey-dyna-6,alternatives_eligible,Osprey Duro 6 alternatives
P0,READY,alternatives,running,osprey-duro-lt,/products/osprey-duro-lt/alternatives,published,ELIGIBLE,N/A,INDEXABLE,,n/a,alts:7|types:2,source:osprey-duro-lt;alt:ultimate-direction-race-vest-6;alt:osprey-dyna-lt;alt:osprey-duro-6;alt:salomon-adv-skin-5;alt:compressport-ultrun-s-pack;alt:nnormal-race-vest;alt:ultimate-direction-race-vest-6,alternatives_eligible,Osprey Duro LT alternatives
P0,READY,alternatives,running,osprey-talon-velocity-20,/products/osprey-talon-velocity-20/alternatives,published,ELIGIBLE,N/A,INDEXABLE,,n/a,alts:9|types:2,source:osprey-talon-velocity-20;alt:osprey-tempest-velocity-20;alt:ultimate-direction-fastpack-20;alt:osprey-tempest-velocity-20;alt:osprey-duro-15;alt:black-diamond-distance-15;alt:salomon-adv-skin-12;alt:osprey-talon-velocity-30;alt:black-diamond-distance-22,alternatives_eligible,Osprey Talon Velocity 20 alternatives
P0,READY,alternatives,running,patagonia-capilene-cool-daily-men,/products/patagonia-capilene-cool-daily-men/alternatives,published,ELIGIBLE,N/A,PUBLIC_NOINDEX,parent_product_not_indexable|decisionScore=100|soft_gated_category,n/a,alts:6|types:2,source:patagonia-capilene-cool-daily-men;alt:patagonia-capilene-thermal-crew-men;alt:nike-dri-fit-miler-men;alt:nike-dri-fit-miler-women;alt:tracksmith-van-cortlandt-tee-men;alt:janji-run-tee-men;alt:adidas-own-the-run-tee-men,alternatives_eligible,Patagonia Capilene Cool Daily Shirt (Men) alternatives
P0,READY,alternatives,running,patagonia-houdini-men,/products/patagonia-houdini-men/alternatives,published,ELIGIBLE,N/A,PUBLIC_NOINDEX,parent_product_not_indexable|decisionScore=100|soft_gated_category,n/a,alts:6|types:2,source:patagonia-houdini-men;alt:brooks-canopy-jacket-men;alt:nike-impossibly-light-men;alt:craft-adv-essence-light-wind-men;alt:on-weather-jacket-men;alt:craft-adv-essence-light-wind-vest-men;alt:brooks-canopy-jacket-men,alternatives_eligible,Patagonia Houdini Jacket (Men) alternatives
P0,READY,alternatives,running,patagonia-strider-pro-men,/products/patagonia-strider-pro-men/alternatives,published,ELIGIBLE,N/A,PUBLIC_NOINDEX,parent_product_not_indexable|decisionScore=100|soft_gated_category,n/a,alts:4|types:2,source:patagonia-strider-pro-men;alt:rabbit-fuel-n-fly-men;alt:janji-multi-short-men;alt:nb-rc-essential-short-men;alt:rabbit-fuel-n-fly-men,alternatives_eligible,Patagonia Strider Pro Shorts (Men) alternatives
P0,READY,alternatives,running,polar-grit-x2,/products/polar-grit-x2/alternatives,published,ELIGIBLE,N/A,INDEXABLE,,n/a,alts:6|types:2,source:polar-grit-x2;alt:garmin-fenix-8;alt:suunto-vertical-2;alt:polar-vantage-v3;alt:suunto-race;alt:coros-apex-4;alt:garmin-fenix-8,alternatives_eligible,Polar Grit X2 alternatives
P0,READY,alternatives,running,polar-h10,/products/polar-h10/alternatives,published,ELIGIBLE,N/A,INDEXABLE,,n/a,alts:13|types:3,source:polar-h10;alt:garmin-hrm-pro-plus;alt:polar-h9;alt:garmin-hrm-600;alt:wahoo-tickr;alt:polar-verity-sense;alt:wahoo-tickr-x;alt:coros-heart-rate-monitor;alt:garmin-hrm-200,alternatives_eligible,Polar H10 alternatives
P0,READY,alternatives,running,polar-h9,/products/polar-h9/alternatives,published,ELIGIBLE,N/A,INDEXABLE,,n/a,alts:4|types:2,source:polar-h9;alt:wahoo-tickr;alt:garmin-hrm-200;alt:polar-h10;alt:polar-h10,alternatives_eligible,Polar H9 alternatives
P0,READY,alternatives,running,polar-pacer,/products/polar-pacer/alternatives,published,ELIGIBLE,N/A,INDEXABLE,,n/a,alts:5|types:2,source:polar-pacer;alt:suunto-run;alt:polar-pacer-pro;alt:coros-pace-4;alt:amazfit-active-2;alt:polar-pacer-pro,alternatives_eligible,Polar Pacer alternatives
P0,READY,alternatives,running,polar-verity-sense,/products/polar-verity-sense/alternatives,published,ELIGIBLE,N/A,INDEXABLE,,n/a,alts:7|types:2,source:polar-verity-sense;alt:coros-heart-rate-monitor;alt:polar-h10;alt:garmin-hrm-fit;alt:wahoo-tickr-fit;alt:scosche-rhythm-plus-2;alt:scosche-rhythm24;alt:scosche-rhythm24,alternatives_eligible,Polar Verity Sense alternatives
P0,READY,alternatives,running,salomon-adv-skin-12,/products/salomon-adv-skin-12/alternatives,published,ELIGIBLE,N/A,INDEXABLE,,n/a,alts:15|types:4,source:salomon-adv-skin-12;alt:nathan-vaporair-2;alt:nathan-vaporair-2;alt:ultimate-direction-adventure-vest;alt:salomon-adv-skin-5;alt:ultimate-direction-race-vest-6;alt:salomon-xa-15;alt:nathan-pinnacle-12;alt:ultimate-direction-fastpack-20,alternatives_eligible,Salomon ADV Skin 12 alternatives
P0,READY,alternatives,running,salomon-adv-skin-5,/products/salomon-adv-skin-5/alternatives,published,ELIGIBLE,N/A,INDEXABLE,,n/a,alts:12|types:2,source:salomon-adv-skin-5;alt:osprey-dyna-lt;alt:compressport-ultrun-s-pack;alt:ultimate-direction-race-vest-6;alt:nathan-vaporair-4;alt:ultraspire-alpha-6;alt:salomon-adv-skin-12;alt:osprey-duro-lt;alt:uswe-pace-8,alternatives_eligible,Salomon ADV Skin 5 alternatives
P0,READY,alternatives,running,salomon-bonatti-wp-men,/products/salomon-bonatti-wp-men/alternatives,published,ELIGIBLE,N/A,PUBLIC_NOINDEX,parent_product_not_indexable|decisionScore=100|soft_gated_category,n/a,alts:4|types:4,source:salomon-bonatti-wp-men;alt:janji-rainrunner-men;alt:salomon-bonatti-wp-women;alt:janji-rainrunner-men;alt:salomon-bonatti-wp-women,alternatives_eligible,Salomon Bonatti Waterproof Jacket (Men) alternatives
P0,READY,alternatives,running,samsung-galaxy-watch-ultra,/products/samsung-galaxy-watch-ultra/alternatives,published,ELIGIBLE,N/A,INDEXABLE,,n/a,alts:4|types:2,source:samsung-galaxy-watch-ultra;alt:apple-watch-ultra-3;alt:garmin-fenix-8;alt:amazfit-t-rex-3-pro;alt:apple-watch-ultra-3,alternatives_eligible,Samsung Galaxy Watch Ultra alternatives
P0,READY,alternatives,running,saucony-endorphin-pro-4,/products/saucony-endorphin-pro-4/alternatives,published,ELIGIBLE,N/A,INDEXABLE,,n/a,alts:7|types:2,source:saucony-endorphin-pro-4;alt:nike-vaporfly-4;alt:saucony-endorphin-pro-3;alt:asics-metaspeed-sky-paris;alt:nike-vaporfly-4;alt:new-balance-fuelcell-supercomp-elite-v4;alt:adidas-adizero-adios-pro-4;alt:mizuno-wave-rebellion-pro-3,alternatives_eligible,Saucony Endorphin Pro 4 alternatives
P0,READY,alternatives,running,saucony-endorphin-speed-4,/products/saucony-endorphin-speed-4/alternatives,published,ELIGIBLE,N/A,INDEXABLE,,n/a,alts:6|types:4,source:saucony-endorphin-speed-4;alt:adidas-adizero-boston-12;alt:asics-novablast-5;alt:saucony-endorphin-speed-5;alt:adidas-adizero-boston-12;alt:saucony-endorphin-speed-5;alt:new-balance-fuelcell-rebel-v4,alternatives_eligible,Saucony Endorphin Speed 4 alternatives
P0,READY,alternatives,running,saucony-endorphin-speed-5,/products/saucony-endorphin-speed-5/alternatives,published,ELIGIBLE,N/A,INDEXABLE,,n/a,alts:14|types:6,source:saucony-endorphin-speed-5;alt:adidas-adizero-boston-12;alt:adidas-adizero-boston-12;alt:hoka-mach-6;alt:saucony-endorphin-pro-4;alt:asics-novablast-6;alt:adidas-adizero-boston-13;alt:on-cloudmonster-hyper;alt:saucony-endorphin-speed-4,alternatives_eligible,Saucony Endorphin Speed 5 alternatives
P0,READY,alternatives,running,saucony-peregrine-15,/products/saucony-peregrine-15/alternatives,published,ELIGIBLE,N/A,INDEXABLE,,n/a,alts:6|types:2,source:saucony-peregrine-15;alt:hoka-speedgoat-6;alt:hoka-speedgoat-6;alt:asics-gel-trabuco-13;alt:salomon-pulsar-trail-2;alt:altra-lone-peak-8;alt:salomon-sense-ride-5,alternatives_eligible,Saucony Peregrine 15 alternatives
P0,READY,alternatives,running,saucony-ride-18,/products/saucony-ride-18/alternatives,published,ELIGIBLE,N/A,INDEXABLE,,n/a,alts:8|types:2,source:saucony-ride-18;alt:brooks-ghost-18;alt:altra-experience-flow;alt:asics-novablast-6;alt:brooks-ghost-18;alt:asics-gel-cumulus-27;alt:nike-pegasus-42;alt:puma-magnify-nitro-2;alt:mizuno-wave-rider-28,alternatives_eligible,Saucony Ride 18 alternatives
P0,READY,alternatives,running,suunto-run,/products/suunto-run/alternatives,published,ELIGIBLE,N/A,INDEXABLE,,n/a,alts:5|types:2,source:suunto-run;alt:garmin-vivoactive-6;alt:coros-pace-4;alt:amazfit-active-2;alt:polar-pacer;alt:garmin-forerunner-165,alternatives_eligible,Suunto Run alternatives
P0,READY,alternatives,running,suunto-smart-heart-rate-belt,/products/suunto-smart-heart-rate-belt/alternatives,published,ELIGIBLE,N/A,INDEXABLE,,n/a,alts:4|types:2,source:suunto-smart-heart-rate-belt;alt:polar-h10;alt:wahoo-trackr;alt:garmin-hrm-200;alt:polar-h10,alternatives_eligible,Suunto Smart Heart Rate Belt alternatives
P0,READY,alternatives,running,suunto-vertical-2,/products/suunto-vertical-2/alternatives,published,ELIGIBLE,N/A,INDEXABLE,,n/a,alts:8|types:2,source:suunto-vertical-2;alt:garmin-fenix-8;alt:garmin-enduro-3;alt:garmin-epix-pro-gen-2;alt:coros-apex-4;alt:coros-vertix-2s;alt:polar-grit-x2;alt:amazfit-t-rex-3-pro;alt:garmin-enduro-3,alternatives_eligible,Suunto Vertical 2 alternatives
P0,READY,alternatives,running,tracksmith-session-short-men,/products/tracksmith-session-short-men/alternatives,published,ELIGIBLE,N/A,PUBLIC_NOINDEX,parent_product_not_indexable|decisionScore=100|soft_gated_category,n/a,alts:12|types:4,source:tracksmith-session-short-men;alt:tracksmith-session-short-women;alt:janji-multi-short-men;alt:nike-dri-fit-stride-short;alt:rabbit-fuel-n-fly-men;alt:craft-adv-essence-short;alt:on-performance-short-men;alt:nike-aerobill-cap;alt:asics-core-split-short,alternatives_eligible,Tracksmith Session Short (Men) alternatives
P0,READY,alternatives,running,tracksmith-twilight-half-men,/products/tracksmith-twilight-half-men/alternatives,published,ELIGIBLE,N/A,PUBLIC_NOINDEX,parent_product_not_indexable|decisionScore=100|soft_gated_category,n/a,alts:4|types:2,source:tracksmith-twilight-half-men;alt:nike-fast-tight-men;alt:craft-adv-essence-tight-men;alt:brooks-method-tight-women;alt:nike-fast-tight-men,alternatives_eligible,Tracksmith Twilight Half Tights (Men) alternatives
P0,READY,alternatives,running,ultimate-direction-fastpack-20,/products/ultimate-direction-fastpack-20/alternatives,published,ELIGIBLE,N/A,INDEXABLE,,n/a,alts:11|types:2,source:ultimate-direction-fastpack-20;alt:salomon-adv-skin-12;alt:ultimate-direction-fastpack-her-20;alt:osprey-duro-15;alt:osprey-talon-velocity-20;alt:black-diamond-distance-15;alt:ultimate-direction-fastpack-her-20;alt:ultimate-direction-fastpack-30;alt:ultimate-direction-race-vest-6,alternatives_eligible,Ultimate Direction Fastpack 20 alternatives
P0,READY,alternatives,running,ultraspire-alpha-6,/products/ultraspire-alpha-6/alternatives,published,ELIGIBLE,N/A,INDEXABLE,,n/a,alts:5|types:2,source:ultraspire-alpha-6;alt:salomon-adv-skin-5;alt:ultimate-direction-race-vest-6;alt:ultraspire-spry-5;alt:nathan-vaporair-4;alt:ultraspire-spry-5,alternatives_eligible,UltrAspire Alpha 6.0 Race Vest alternatives
P0,READY,alternatives,running,wahoo-tickr-fit,/products/wahoo-tickr-fit/alternatives,published,ELIGIBLE,N/A,INDEXABLE,,n/a,alts:6|types:2,source:wahoo-tickr-fit;alt:coros-heart-rate-monitor;alt:wahoo-trackr;alt:polar-verity-sense;alt:scosche-rhythm24;alt:scosche-rhythm-plus-2;alt:coros-heart-rate-monitor,alternatives_eligible,Wahoo TICKR FIT alternatives
P0,READY,alternatives,running,wahoo-trackr,/products/wahoo-trackr/alternatives,published,ELIGIBLE,N/A,INDEXABLE,,n/a,alts:8|types:3,source:wahoo-trackr;alt:polar-h10;alt:wahoo-tickr;alt:wahoo-tickr-x;alt:garmin-hrm-200;alt:wahoo-tickr-fit;alt:suunto-smart-heart-rate-belt;alt:wahoo-tickr;alt:polar-h10,alternatives_eligible,Wahoo TRACKR Heart Rate alternatives
P0,READY,review,running,adidas-adizero-boston-12,/reviews/adidas-adizero-boston-12,published,LAUNCH_READY,GENUINELY_UNIQUE,INDEXABLE,,moderate (2),alts:2,product:adidas-adizero-boston-12,launch_ready_unique,adidas Adizero Boston 12 Review
P0,READY,review,running,amazfit-active-2,/reviews/amazfit-active-2,published,LAUNCH_READY,GENUINELY_UNIQUE,INDEXABLE,,moderate (2),alts:3,product:amazfit-active-2,launch_ready_unique,Amazfit Active 2 Review
P0,READY,review,running,amazfit-t-rex-3-pro,/reviews/amazfit-t-rex-3-pro,published,LAUNCH_READY,GENUINELY_UNIQUE,INDEXABLE,,moderate (2),alts:3,product:amazfit-t-rex-3-pro,launch_ready_unique,Amazfit T-Rex 3 Pro Review
P0,READY,review,running,apple-watch-series-10,/reviews/apple-watch-series-10,published,LAUNCH_READY,GENUINELY_UNIQUE,INDEXABLE,,moderate (2),alts:3,product:apple-watch-series-10,launch_ready_unique,Apple Watch Series 10 Review
P0,READY,review,running,apple-watch-ultra-3,/reviews/apple-watch-ultra-3,published,LAUNCH_READY,GENUINELY_UNIQUE,INDEXABLE,,moderate (2),alts:3|comps:1,product:apple-watch-ultra-3,launch_ready_unique,Apple Watch Ultra 3 Review
P0,READY,review,running,asics-gel-kayano-32,/reviews/asics-gel-kayano-32,published,LAUNCH_READY,GENUINELY_UNIQUE,INDEXABLE,,moderate (2),alts:3,product:asics-gel-kayano-32,launch_ready_unique,ASICS GEL-Kayano 32 Review
P0,READY,review,running,asics-novablast-5,/reviews/asics-novablast-5,published,LAUNCH_READY,GENUINELY_UNIQUE,INDEXABLE,,strong (4),alts:3|comps:2,product:asics-novablast-5,launch_ready_unique,ASICS Novablast 5 Review
P0,READY,review,running,asics-novablast-6,/reviews/asics-novablast-6,published,LAUNCH_READY,GENUINELY_UNIQUE,INDEXABLE,,moderate (3),alts:3|comps:3,product:asics-novablast-6,launch_ready_unique,ASICS Novablast 6 Review
P0,READY,review,running,asics-superblast-2,/reviews/asics-superblast-2,published,LAUNCH_READY,GENUINELY_UNIQUE,INDEXABLE,,moderate (3),alts:3,product:asics-superblast-2,launch_ready_unique,ASICS SUPERBLAST 2 Review
P0,READY,review,running,brooks-adrenaline-gts-25,/reviews/brooks-adrenaline-gts-25,published,LAUNCH_READY,GENUINELY_UNIQUE,INDEXABLE,,moderate (2),alts:3|comps:1,product:brooks-adrenaline-gts-25,launch_ready_unique,Brooks Adrenaline GTS 25 Review
P0,READY,review,running,brooks-ghost-18,/reviews/brooks-ghost-18,published,LAUNCH_READY,GENUINELY_UNIQUE,INDEXABLE,,moderate (2),alts:3,product:brooks-ghost-18,launch_ready_unique,Brooks Ghost 18 Review
P0,READY,review,running,brooks-glycerin-22,/reviews/brooks-glycerin-22,published,LAUNCH_READY,GENUINELY_UNIQUE,INDEXABLE,,moderate (2),alts:3,product:brooks-glycerin-22,launch_ready_unique,Brooks Glycerin 22 Review
P0,READY,review,running,coros-apex-4,/reviews/coros-apex-4,published,LAUNCH_READY,GENUINELY_UNIQUE,INDEXABLE,,moderate (2),alts:3|comps:1,product:coros-apex-4,launch_ready_unique,COROS Apex 4 Review
P0,READY,review,running,coros-pace-3,/reviews/coros-pace-3,published,LAUNCH_READY,GENUINELY_UNIQUE,INDEXABLE,,moderate (3),alts:3,product:coros-pace-3,launch_ready_unique,COROS Pace 3 Review
P0,READY,review,running,coros-pace-4,/reviews/coros-pace-4,published,LAUNCH_READY,GENUINELY_UNIQUE,INDEXABLE,,moderate (2),alts:3|comps:2,product:coros-pace-4,launch_ready_unique,COROS Pace 4 Review
P0,READY,review,running,coros-vertix-2s,/reviews/coros-vertix-2s,published,LAUNCH_READY,GENUINELY_UNIQUE,INDEXABLE,,moderate (2),alts:3,product:coros-vertix-2s,launch_ready_unique,COROS Vertix 2S Review
P0,READY,review,running,feetures-elite-light-cushion,/reviews/feetures-elite-light-cushion,published,LAUNCH_READY,GENUINELY_UNIQUE,INDEXABLE,,thin (1),alts:3|comps:1,product:feetures-elite-light-cushion,launch_ready_unique,Feetures Elite Light Cushion Review
P0,READY,review,running,garmin-enduro-3,/reviews/garmin-enduro-3,published,LAUNCH_READY,GENUINELY_UNIQUE,INDEXABLE,,moderate (2),alts:3|comps:1,product:garmin-enduro-3,launch_ready_unique,Garmin Enduro 3 Review
P0,READY,review,running,garmin-epix-pro-gen-2,/reviews/garmin-epix-pro-gen-2,published,LAUNCH_READY,GENUINELY_UNIQUE,INDEXABLE,,moderate (2),alts:3,product:garmin-epix-pro-gen-2,launch_ready_unique,Garmin Epix Pro (Gen 2) Review
P0,READY,review,running,garmin-fenix-8,/reviews/garmin-fenix-8,published,LAUNCH_READY,GENUINELY_UNIQUE,INDEXABLE,,moderate (2),alts:3|comps:2,product:garmin-fenix-8,launch_ready_unique,Garmin Fenix 8 Review
P0,READY,review,running,garmin-forerunner-265s,/reviews/garmin-forerunner-265s,published,LAUNCH_READY,GENUINELY_UNIQUE,INDEXABLE,,moderate (2),alts:3,product:garmin-forerunner-265s,launch_ready_unique,Garmin Forerunner 265S Review
P0,READY,review,running,garmin-forerunner-970,/reviews/garmin-forerunner-970,published,LAUNCH_READY,GENUINELY_UNIQUE,INDEXABLE,,moderate (3),alts:3,product:garmin-forerunner-970,launch_ready_unique,Garmin Forerunner 970 Review
P0,READY,review,running,garmin-hrm-600,/reviews/garmin-hrm-600,published,LAUNCH_READY,GENUINELY_UNIQUE,INDEXABLE,,moderate (2),alts:4|comps:2,product:garmin-hrm-600,launch_ready_unique,Garmin HRM 600 Review
P0,READY,review,running,garmin-instinct-3,/reviews/garmin-instinct-3,published,LAUNCH_READY,GENUINELY_UNIQUE,INDEXABLE,,moderate (2),alts:3,product:garmin-instinct-3,launch_ready_unique,Garmin Instinct 3 Review
P0,READY,review,running,garmin-vivoactive-6,/reviews/garmin-vivoactive-6,published,LAUNCH_READY,GENUINELY_UNIQUE,INDEXABLE,,moderate (2),alts:3|comps:1,product:garmin-vivoactive-6,launch_ready_unique,Garmin Vivoactive 6 Review
P0,READY,review,running,hoka-bondi-9,/reviews/hoka-bondi-9,published,LAUNCH_READY,GENUINELY_UNIQUE,INDEXABLE,,moderate (2),alts:3,product:hoka-bondi-9,launch_ready_unique,HOKA Bondi 9 Review
P0,READY,review,running,hoka-clifton-10,/reviews/hoka-clifton-10,published,LAUNCH_READY,GENUINELY_UNIQUE,INDEXABLE,,moderate (2),alts:3,product:hoka-clifton-10,launch_ready_unique,HOKA Clifton 10 Review
P0,READY,review,running,hoka-speedgoat-6,/reviews/hoka-speedgoat-6,published,LAUNCH_READY,GENUINELY_UNIQUE,INDEXABLE,,moderate (2),alts:3,product:hoka-speedgoat-6,launch_ready_unique,HOKA Speedgoat 6 Review
P0,READY,review,running,nathan-streak-reflective-vest,/reviews/nathan-streak-reflective-vest,published,LAUNCH_READY,GENUINELY_UNIQUE,INDEXABLE,,thin (1),alts:2|comps:1,product:nathan-streak-reflective-vest,launch_ready_unique,Nathan Streak Reflective Vest Review
P0,READY,review,running,nike-alphafly-3,/reviews/nike-alphafly-3,published,LAUNCH_READY,GENUINELY_UNIQUE,INDEXABLE,,moderate (2),alts:3,product:nike-alphafly-3,launch_ready_unique,Nike Alphafly 3 Review
P0,READY,review,running,nike-pegasus-42,/reviews/nike-pegasus-42,published,LAUNCH_READY,GENUINELY_UNIQUE,INDEXABLE,,moderate (2),alts:3,product:nike-pegasus-42,launch_ready_unique,Nike Pegasus 42 Review
P0,READY,review,running,nike-vaporfly-4,/reviews/nike-vaporfly-4,published,LAUNCH_READY,GENUINELY_UNIQUE,INDEXABLE,,moderate (2),alts:3,product:nike-vaporfly-4,launch_ready_unique,Nike Vaporfly 4 Review
P0,READY,review,running,nike-vomero-18,/reviews/nike-vomero-18,published,LAUNCH_READY,GENUINELY_UNIQUE,INDEXABLE,,moderate (2),alts:3,product:nike-vomero-18,launch_ready_unique,Nike Vomero 18 Review
P0,READY,review,running,polar-grit-x2,/reviews/polar-grit-x2,published,LAUNCH_READY,GENUINELY_UNIQUE,INDEXABLE,,moderate (2),alts:3|comps:1,product:polar-grit-x2,launch_ready_unique,Polar Grit X2 Review
P0,READY,review,running,polar-h10,/reviews/polar-h10,published,LAUNCH_READY,GENUINELY_UNIQUE,INDEXABLE,,moderate (2),alts:4|comps:3,product:polar-h10,launch_ready_unique,Polar H10 Review
P0,READY,review,running,polar-pacer,/reviews/polar-pacer,published,LAUNCH_READY,GENUINELY_UNIQUE,INDEXABLE,,moderate (2),alts:3,product:polar-pacer,launch_ready_unique,Polar Pacer Review
P0,READY,review,running,polar-verity-sense,/reviews/polar-verity-sense,published,LAUNCH_READY,GENUINELY_UNIQUE,INDEXABLE,,moderate (2),alts:4|comps:1,product:polar-verity-sense,launch_ready_unique,Polar Verity Sense Review
P0,READY,review,running,samsung-galaxy-watch-ultra,/reviews/samsung-galaxy-watch-ultra,published,LAUNCH_READY,GENUINELY_UNIQUE,INDEXABLE,,moderate (2),alts:3,product:samsung-galaxy-watch-ultra,launch_ready_unique,Samsung Galaxy Watch Ultra Review
P0,READY,review,running,saucony-endorphin-speed-5,/reviews/saucony-endorphin-speed-5,published,LAUNCH_READY,GENUINELY_UNIQUE,INDEXABLE,,moderate (3),alts:3,product:saucony-endorphin-speed-5,launch_ready_unique,Saucony Endorphin Speed 5 Review
P0,READY,review,running,saucony-peregrine-15,/reviews/saucony-peregrine-15,published,LAUNCH_READY,GENUINELY_UNIQUE,INDEXABLE,,moderate (2),alts:4|comps:1,product:saucony-peregrine-15,launch_ready_unique,Saucony Peregrine 15 Review
P0,READY,review,running,scosche-rhythm-plus-2,/reviews/scosche-rhythm-plus-2,published,LAUNCH_READY,GENUINELY_UNIQUE,INDEXABLE,,moderate (2),alts:4,product:scosche-rhythm-plus-2,launch_ready_unique,Scosche Rhythm+ 2.0 Review
P0,READY,review,running,suunto-run,/reviews/suunto-run,published,LAUNCH_READY,GENUINELY_UNIQUE,INDEXABLE,,moderate (2),alts:3,product:suunto-run,launch_ready_unique,Suunto Run Review
P0,READY,review,running,suunto-vertical-2,/reviews/suunto-vertical-2,published,LAUNCH_READY,GENUINELY_UNIQUE,INDEXABLE,,moderate (2),alts:3|comps:1,product:suunto-vertical-2,launch_ready_unique,Suunto Vertical 2 Review
P0,READY,category-decision,running,accessories,/running/accessories,published,CONFIGURED,N/A,N/A,,n/a,category_config,,category_decision_present,Running Accessories
P0,READY,category-decision,running,gps-watches,/running/gps-watches,published,CONFIGURED,N/A,N/A,,n/a,category_config,,category_decision_present,GPS Running Watches
P0,READY,category-decision,running,headphones,/running/headphones,published,CONFIGURED,N/A,N/A,,n/a,category_config,,category_decision_present,Running Headphones
P0,READY,category-decision,running,heart-rate-monitors,/running/heart-rate-monitors,published,CONFIGURED,N/A,N/A,,n/a,category_config,,category_decision_present,Heart Rate Monitors
P0,READY,category-decision,running,hydration,/running/hydration,published,CONFIGURED,N/A,N/A,,n/a,category_config,,category_decision_present,Running Hydration
P0,READY,category-decision,running,nutrition-fuel,/running/nutrition-fuel,published,CONFIGURED,N/A,N/A,,n/a,category_config,,category_decision_present,Running Fuel & Nutrition
P0,READY,category-decision,running,recovery,/running/recovery,published,CONFIGURED,N/A,N/A,,n/a,category_config,,category_decision_present,Running Recovery Gear
P0,READY,category-decision,running,running-belts,/running/running-belts,published,CONFIGURED,N/A,N/A,,n/a,category_config,,category_decision_present,Running Belts
P0,READY,category-decision,running,running-clothing,/running/running-clothing,published,CONFIGURED,N/A,N/A,,n/a,category_config,,category_decision_present,Running Clothing
P0,READY,category-decision,running,running-lights,/running/running-lights,published,CONFIGURED,N/A,N/A,,n/a,category_config,,category_decision_present,Running Lights & Headlamps
P0,READY,category-decision,running,running-packs-vests,/running/running-packs-vests,published,CONFIGURED,N/A,N/A,,n/a,category_config,,category_decision_present,Running Packs & Vests
P0,READY,category-decision,running,running-socks,/running/running-socks,published,CONFIGURED,N/A,N/A,,n/a,category_config,,category_decision_present,Running Socks
P0,READY,category-decision,running,safety-gear,/running/safety-gear,published,CONFIGURED,N/A,N/A,,n/a,category_config,,category_decision_present,Running Safety & Visibility
P0,READY,category-decision,running,running-shoes,/running/shoes,published,CONFIGURED,N/A,N/A,,n/a,category_config,,category_decision_present,Running Shoes
P0,READY,category-decision,running,sunglasses,/running/sunglasses,published,CONFIGURED,N/A,N/A,,n/a,category_config,,category_decision_present,Running Sunglasses
P0,READY,gear-setup,running,beginner-running-setup,/setups/beginner-running-setup,published,STRUCTURALLY_OK,N/A,INDEXABLE,,n/a,kit,product:brooks-ghost-18;product:feetures-elite-light-cushion;product:garmin-forerunner-165;product:flipbelt-classic,setup_complete,Beginner Running Setup
P0,READY,gear-setup,running,first-marathon-kit,/setups/first-marathon-kit,published,STRUCTURALLY_OK,N/A,INDEXABLE,,n/a,kit,product:asics-novablast-6;product:saucony-endorphin-speed-5;product:garmin-forerunner-570;product:garmin-hrm-pro-plus;product:feetures-elite-light-cushion,setup_complete,First Marathon Kit
P0,READY,gear-setup,running,half-marathon-kit,/setups/half-marathon-kit,published,STRUCTURALLY_OK,N/A,INDEXABLE,,n/a,kit,product:nike-pegasus-42;product:saucony-endorphin-speed-5;product:garmin-forerunner-570,setup_complete,Half Marathon Kit
P0,READY,gear-setup,running,marathon-race-day-kit,/setups/marathon-race-day-kit,published,STRUCTURALLY_OK,N/A,INDEXABLE,,n/a,kit,product:nike-vaporfly-4;product:garmin-forerunner-970;product:goodr-ogs;product:asics-core-split-short;product:feetures-elite-light-cushion;product:spibelt-original;product:garmin-hrm-pro-plus,setup_complete,Marathon Race-Day Kit
P0,READY,gear-setup,running,trail-running-starter-kit,/setups/trail-running-starter-kit,published,STRUCTURALLY_OK,N/A,INDEXABLE,,n/a,kit,product:hoka-speedgoat-6;product:salomon-adv-skin-12;product:salomon-soft-flask-500;product:coros-pace-pro;product:petzl-swift-rl,setup_complete,Trail Running Starter Kit
P1,NEEDS_UNIQUE_REWRITE,review,fitness,adidas-adipower-weightlifting-2,/reviews/adidas-adipower-weightlifting-2,published,DUPLICATIVE,DUPLICATIVE,HIDDEN_404,vertical_hold,moderate (2),alts:4,product:adidas-adipower-weightlifting-2,uniqueness_duplicative,adidas Adipower Weightlifting 2 Review
P1,NEEDS_UNIQUE_REWRITE,review,fitness,adidas-adipower-weightlifting-3,/reviews/adidas-adipower-weightlifting-3,published,DUPLICATIVE,DUPLICATIVE,HIDDEN_404,vertical_hold,moderate (3),alts:4|comps:1,product:adidas-adipower-weightlifting-3,uniqueness_duplicative,adidas Adipower Weightlifting 3 Review
P1,NEEDS_UNIQUE_REWRITE,review,padel,adidas-barricade-13,/reviews/adidas-barricade-13,published,DUPLICATIVE,DUPLICATIVE,HIDDEN_404,vertical_hold,thin (1),sparse,product:adidas-barricade-13,uniqueness_duplicative,Adidas Barricade 13 Review
P1,NEEDS_UNIQUE_REWRITE,review,padel,adidas-courtjam-control-3,/reviews/adidas-courtjam-control-3,published,DUPLICATIVE,DUPLICATIVE,HIDDEN_404,vertical_hold,thin (1),alts:4,product:adidas-courtjam-control-3,uniqueness_duplicative,Adidas CourtJam Control 3 Review
P1,NEEDS_UNIQUE_REWRITE,review,padel,adidas-courtquick-padel-women,/reviews/adidas-courtquick-padel-women,published,DUPLICATIVE,DUPLICATIVE,HIDDEN_404,vertical_hold,moderate (2),alts:4,product:adidas-courtquick-padel-women,uniqueness_duplicative,Adidas Courtquick Padel Women Review
P1,NEEDS_UNIQUE_REWRITE,review,padel,adidas-courtstabil-padel,/reviews/adidas-courtstabil-padel,published,DUPLICATIVE,DUPLICATIVE,HIDDEN_404,vertical_hold,moderate (2),alts:4,product:adidas-courtstabil-padel,uniqueness_duplicative,Adidas Courtquick Padel Review
P1,NEEDS_UNIQUE_REWRITE,review,padel,adidas-crazyquick-boost-padel,/reviews/adidas-crazyquick-boost-padel,published,DUPLICATIVE,DUPLICATIVE,HIDDEN_404,vertical_hold,moderate (2),alts:4,product:adidas-crazyquick-boost-padel,uniqueness_duplicative,Adidas Crazyquick Boost Padel Review
P1,NEEDS_UNIQUE_REWRITE,review,padel,adidas-crazyquick-boost-padel-women,/reviews/adidas-crazyquick-boost-padel-women,published,DUPLICATIVE,DUPLICATIVE,HIDDEN_404,vertical_hold,moderate (2),alts:4,product:adidas-crazyquick-boost-padel-women,uniqueness_duplicative,Adidas Crazyquick Boost Padel Women Review
P1,NEEDS_UNIQUE_REWRITE,review,fitness,adidas-dropset-2,/reviews/adidas-dropset-2,published,DUPLICATIVE,DUPLICATIVE,HIDDEN_404,vertical_hold,moderate (2),alts:4,product:adidas-dropset-2,uniqueness_duplicative,adidas Dropset 2 Review
P1,NEEDS_UNIQUE_REWRITE,review,fitness,adidas-dropset-3,/reviews/adidas-dropset-3,published,DUPLICATIVE,DUPLICATIVE,HIDDEN_404,vertical_hold,moderate (3),alts:4|comps:2,product:adidas-dropset-3,uniqueness_duplicative,adidas Dropset 3 Review
P1,NEEDS_UNIQUE_REWRITE,review,padel,adidas-metalbone-2026,/reviews/adidas-metalbone-2026,published,DUPLICATIVE,DUPLICATIVE,HIDDEN_404,vertical_hold,thin (1),alts:4|comps:1,product:adidas-metalbone-2026,uniqueness_duplicative,Adidas Metalbone 2026 Review
P1,NEEDS_UNIQUE_REWRITE,review,padel,adidas-metalbone-hrd-2026,/reviews/adidas-metalbone-hrd-2026,published,DUPLICATIVE,DUPLICATIVE,HIDDEN_404,vertical_hold,thin (1),alts:3,product:adidas-metalbone-hrd-2026,uniqueness_duplicative,Adidas Metalbone HRD 2026 Review
P1,NEEDS_UNIQUE_REWRITE,review,fitness,adidas-powerlift-5,/reviews/adidas-powerlift-5,published,DUPLICATIVE,DUPLICATIVE,HIDDEN_404,vertical_hold,moderate (2),alts:4|comps:1,product:adidas-powerlift-5,uniqueness_duplicative,adidas Powerlift 5 Review
P1,NEEDS_UNIQUE_REWRITE,review,fitness,adidas-rapidmove-adv,/reviews/adidas-rapidmove-adv,published,DUPLICATIVE,DUPLICATIVE,HIDDEN_404,vertical_hold,moderate (2),alts:4,product:adidas-rapidmove-adv,uniqueness_duplicative,adidas Rapidmove ADV Review
P1,NEEDS_UNIQUE_REWRITE,review,padel,adidas-solematch-control-2,/reviews/adidas-solematch-control-2,published,DUPLICATIVE,DUPLICATIVE,HIDDEN_404,vertical_hold,thin (1),alts:4,product:adidas-solematch-control-2,uniqueness_duplicative,Adidas Solematch Control 2 Review
P1,NEEDS_UNIQUE_REWRITE,review,fitness,adidas-the-total,/reviews/adidas-the-total,published,DUPLICATIVE,DUPLICATIVE,HIDDEN_404,vertical_hold,moderate (2),alts:4|comps:1,product:adidas-the-total,uniqueness_duplicative,adidas The Total Review
P1,NEEDS_UNIQUE_REWRITE,review,padel,asics-game-ff-padel,/reviews/asics-game-ff-padel,published,DUPLICATIVE,DUPLICATIVE,HIDDEN_404,vertical_hold,moderate (2),alts:4,product:asics-game-ff-padel,uniqueness_duplicative,ASICS Game FF Padel Review
P1,NEEDS_UNIQUE_REWRITE,review,padel,asics-gel-challenger-15,/reviews/asics-gel-challenger-15,published,DUPLICATIVE,DUPLICATIVE,HIDDEN_404,vertical_hold,thin (1),sparse,product:asics-gel-challenger-15,uniqueness_duplicative,ASICS Gel-Challenger 15 Review
P1,NEEDS_UNIQUE_REWRITE,review,padel,asics-gel-challenger-court,/reviews/asics-gel-challenger-court,published,DUPLICATIVE,DUPLICATIVE,HIDDEN_404,vertical_hold,thin (1),alts:4,product:asics-gel-challenger-court,uniqueness_duplicative,ASICS Gel-Challenger Court Review
P1,NEEDS_UNIQUE_REWRITE,review,padel,asics-gel-dedicate-8,/reviews/asics-gel-dedicate-8,published,DUPLICATIVE,DUPLICATIVE,HIDDEN_404,vertical_hold,thin (1),alts:4,product:asics-gel-dedicate-8,uniqueness_duplicative,ASICS Gel-Dedicate 8 Review
P1,NEEDS_UNIQUE_REWRITE,review,padel,asics-gel-dedicate-8-padel,/reviews/asics-gel-dedicate-8-padel,published,DUPLICATIVE,DUPLICATIVE,HIDDEN_404,vertical_hold,moderate (2),alts:4,product:asics-gel-dedicate-8-padel,uniqueness_duplicative,ASICS Gel-Dedicate 8 Padel Review
P1,NEEDS_UNIQUE_REWRITE,review,fitness,asics-gel-quantum-360-8,/reviews/asics-gel-quantum-360-8,published,DUPLICATIVE,DUPLICATIVE,HIDDEN_404,vertical_hold,moderate (2),alts:4,product:asics-gel-quantum-360-8,uniqueness_duplicative,ASICS GEL-Quantum 360 8 Review
P1,NEEDS_UNIQUE_REWRITE,review,tennis,asics-gel-resolution-9,/reviews/asics-gel-resolution-9,published,DUPLICATIVE,DUPLICATIVE,HIDDEN_404,vertical_hold,thin (1),sparse,product:asics-gel-resolution-9,uniqueness_duplicative,ASICS Gel-Resolution 9 Review
P1,NEEDS_UNIQUE_REWRITE,review,padel,asics-gel-resolution-9-clay,/reviews/asics-gel-resolution-9-clay,published,DUPLICATIVE,DUPLICATIVE,HIDDEN_404,vertical_hold,thin (1),alts:4,product:asics-gel-resolution-9-clay,uniqueness_duplicative,ASICS Gel-Resolution 9 Clay Review
P1,NEEDS_UNIQUE_REWRITE,review,padel,asics-gel-resolution-padel,/reviews/asics-gel-resolution-padel,published,DUPLICATIVE,DUPLICATIVE,HIDDEN_404,vertical_hold,thin (1),alts:4,product:asics-gel-resolution-padel,uniqueness_duplicative,ASICS Gel-Resolution Padel Review
P1,NEEDS_UNIQUE_REWRITE,review,padel,asics-solution-speed-ff-3,/reviews/asics-solution-speed-ff-3,published,DUPLICATIVE,DUPLICATIVE,HIDDEN_404,vertical_hold,thin (1),alts:4,product:asics-solution-speed-ff-3,uniqueness_duplicative,ASICS Solution Speed FF 3 Review
P1,NEEDS_UNIQUE_REWRITE,review,padel,asics-solution-swift-ff2-padel,/reviews/asics-solution-swift-ff2-padel,published,DUPLICATIVE,DUPLICATIVE,HIDDEN_404,vertical_hold,moderate (2),alts:4,product:asics-solution-swift-ff2-padel,uniqueness_duplicative,ASICS Solution Swift FF 2 Padel Review
P1,NEEDS_UNIQUE_REWRITE,review,fitness,assaultbike-classic,/reviews/assaultbike-classic,published,DUPLICATIVE,DUPLICATIVE,HIDDEN_404,vertical_hold,moderate (3),sparse,product:assaultbike-classic,uniqueness_duplicative,Assault Fitness AssaultBike Classic Review
P1,NEEDS_UNIQUE_REWRITE,review,fitness,assaultbike-elite,/reviews/assaultbike-elite,published,DUPLICATIVE,DUPLICATIVE,HIDDEN_404,vertical_hold,moderate (3),comps:1,product:assaultbike-elite,uniqueness_duplicative,Assault Fitness AssaultBike Elite Review
P1,NEEDS_UNIQUE_REWRITE,review,fitness,atx-cast-iron-plate-set,/reviews/atx-cast-iron-plate-set,published,DUPLICATIVE,DUPLICATIVE,HIDDEN_404,vertical_hold,moderate (2),alts:1,product:atx-cast-iron-plate-set,uniqueness_duplicative,ATX Cast Iron Olympic Plate Set Review
P1,NEEDS_UNIQUE_REWRITE,review,fitness,atx-fid-bench,/reviews/atx-fid-bench,published,DUPLICATIVE,DUPLICATIVE,HIDDEN_404,vertical_hold,moderate (2),alts:1,product:atx-fid-bench,uniqueness_duplicative,ATX Flat Incline Decline Bench Review
P1,NEEDS_UNIQUE_REWRITE,review,padel,babolat-counter-viper-2026,/reviews/babolat-counter-viper-2026,published,DUPLICATIVE,DUPLICATIVE,HIDDEN_404,vertical_hold,thin (1),alts:2,product:babolat-counter-viper-2026,uniqueness_duplicative,Babolat Counter Viper 2026 Review
P1,NEEDS_UNIQUE_REWRITE,review,padel,babolat-jet-mach-3,/reviews/babolat-jet-mach-3,published,DUPLICATIVE,DUPLICATIVE,HIDDEN_404,vertical_hold,thin (1),alts:4,product:babolat-jet-mach-3,uniqueness_duplicative,Babolat Jet Mach 3 Review
P1,NEEDS_UNIQUE_REWRITE,review,padel,babolat-jet-premura,/reviews/babolat-jet-premura,published,DUPLICATIVE,DUPLICATIVE,HIDDEN_404,vertical_hold,thin (1),alts:4,product:babolat-jet-premura,uniqueness_duplicative,Babolat Jet Premura Review
P1,NEEDS_UNIQUE_REWRITE,review,padel,babolat-movea-2,/reviews/babolat-movea-2,published,DUPLICATIVE,DUPLICATIVE,HIDDEN_404,vertical_hold,moderate (2),alts:4,product:babolat-movea-2,uniqueness_duplicative,Babolat Movea 2 Review
P1,NEEDS_UNIQUE_REWRITE,review,tennis,babolat-pure-aero-2023,/reviews/babolat-pure-aero-2023,published,DUPLICATIVE,DUPLICATIVE,HIDDEN_404,vertical_hold,thin (1),alts:2,product:babolat-pure-aero-2023,uniqueness_duplicative,Babolat Pure Aero 2023 Review
P1,NEEDS_UNIQUE_REWRITE,review,tennis,babolat-pure-aero-2026,/reviews/babolat-pure-aero-2026,published,DUPLICATIVE,DUPLICATIVE,HIDDEN_404,vertical_hold,thin (1),alts:4|comps:1,product:babolat-pure-aero-2026,uniqueness_duplicative,Babolat Pure Aero 100 Gen9 2026 Review
P1,NEEDS_UNIQUE_REWRITE,review,tennis,babolat-pure-drive-2025,/reviews/babolat-pure-drive-2025,published,DUPLICATIVE,DUPLICATIVE,HIDDEN_404,vertical_hold,thin (1),alts:2|comps:1,product:babolat-pure-drive-2025,uniqueness_duplicative,Babolat Pure Drive 2025 Review
P1,NEEDS_UNIQUE_REWRITE,review,tennis,babolat-pure-drive-gen11,/reviews/babolat-pure-drive-gen11,published,DUPLICATIVE,DUPLICATIVE,HIDDEN_404,vertical_hold,thin (1),alts:4|comps:1,product:babolat-pure-drive-gen11,uniqueness_duplicative,Babolat Pure Drive Gen11 100 Review
P1,NEEDS_UNIQUE_REWRITE,review,padel,babolat-sensa-women,/reviews/babolat-sensa-women,published,DUPLICATIVE,DUPLICATIVE,HIDDEN_404,vertical_hold,moderate (2),alts:4,product:babolat-sensa-women,uniqueness_duplicative,Babolat Sensa Women Review
P1,NEEDS_UNIQUE_REWRITE,review,padel,babolat-technical-viper-2026,/reviews/babolat-technical-viper-2026,published,DUPLICATIVE,DUPLICATIVE,HIDDEN_404,vertical_hold,moderate (2),alts:3|comps:2,product:babolat-technical-viper-2026,uniqueness_duplicative,Babolat Technical Viper 2026 Review
P1,NEEDS_UNIQUE_REWRITE,review,padel,black-crown-special-one-soft,/reviews/black-crown-special-one-soft,published,DUPLICATIVE,DUPLICATIVE,HIDDEN_404,vertical_hold,thin (1),alts:4,product:black-crown-special-one-soft,uniqueness_duplicative,Black Crown Special One Soft Review
P1,NEEDS_UNIQUE_REWRITE,review,fitness,blackroll-ball,/reviews/blackroll-ball,published,DUPLICATIVE,DUPLICATIVE,HIDDEN_404,vertical_hold,moderate (2),sparse,product:blackroll-ball,uniqueness_duplicative,BLACKROLL BALL Review
P1,NEEDS_UNIQUE_REWRITE,review,fitness,blackroll-duoball,/reviews/blackroll-duoball,published,DUPLICATIVE,DUPLICATIVE,HIDDEN_404,vertical_hold,moderate (2),sparse,product:blackroll-duoball,uniqueness_duplicative,BLACKROLL DUOBALL Review
P1,NEEDS_UNIQUE_REWRITE,review,fitness,blackroll-med,/reviews/blackroll-med,published,DUPLICATIVE,DUPLICATIVE,HIDDEN_404,vertical_hold,moderate (2),sparse,product:blackroll-med,uniqueness_duplicative,BLACKROLL MED Foam Roller Review
P1,NEEDS_UNIQUE_REWRITE,review,fitness,blackroll-standard,/reviews/blackroll-standard,published,DUPLICATIVE,DUPLICATIVE,HIDDEN_404,vertical_hold,moderate (2),sparse,product:blackroll-standard,uniqueness_duplicative,BLACKROLL STANDARD Foam Roller Review
P1,NEEDS_UNIQUE_REWRITE,review,fitness,bowflex-selecttech-1090,/reviews/bowflex-selecttech-1090,published,DUPLICATIVE,DUPLICATIVE,HIDDEN_404,vertical_hold,moderate (3),alts:4,product:bowflex-selecttech-1090,uniqueness_duplicative,Bowflex SelectTech 1090 Review
P1,NEEDS_UNIQUE_REWRITE,review,fitness,bowflex-selecttech-552,/reviews/bowflex-selecttech-552,published,DUPLICATIVE,DUPLICATIVE,HIDDEN_404,vertical_hold,moderate (3),alts:4,product:bowflex-selecttech-552,uniqueness_duplicative,Bowflex SelectTech 552 Review
P1,NEEDS_UNIQUE_REWRITE,review,padel,bullpadel-hack-03,/reviews/bullpadel-hack-03,published,DUPLICATIVE,DUPLICATIVE,HIDDEN_404,vertical_hold,thin (1),alts:3,product:bullpadel-hack-03,uniqueness_duplicative,Bullpadel Hack 03 Review
P1,NEEDS_UNIQUE_REWRITE,review,padel,bullpadel-hack-04-2026,/reviews/bullpadel-hack-04-2026,published,DUPLICATIVE,DUPLICATIVE,HIDDEN_404,vertical_hold,thin (1),alts:4|comps:1,product:bullpadel-hack-04-2026,uniqueness_duplicative,Bullpadel Hack 04 2026 Review
P1,NEEDS_UNIQUE_REWRITE,review,padel,bullpadel-hybrid-fly,/reviews/bullpadel-hybrid-fly,published,DUPLICATIVE,DUPLICATIVE,HIDDEN_404,vertical_hold,moderate (2),alts:4,product:bullpadel-hybrid-fly,uniqueness_duplicative,Bullpadel Hybrid Fly Review
P1,NEEDS_UNIQUE_REWRITE,review,padel,bullpadel-ionic-woman,/reviews/bullpadel-ionic-woman,published,DUPLICATIVE,DUPLICATIVE,HIDDEN_404,vertical_hold,moderate (2),alts:4,product:bullpadel-ionic-woman,uniqueness_duplicative,Bullpadel Ionic Woman Review
P1,NEEDS_UNIQUE_REWRITE,review,padel,bullpadel-vertex-04,/reviews/bullpadel-vertex-04,published,DUPLICATIVE,DUPLICATIVE,HIDDEN_404,vertical_hold,thin (1),alts:3|comps:1,product:bullpadel-vertex-04,uniqueness_duplicative,Bullpadel Vertex 04 Review
P1,NEEDS_UNIQUE_REWRITE,review,padel,bullpadel-vertex-05-2026,/reviews/bullpadel-vertex-05-2026,published,DUPLICATIVE,DUPLICATIVE,HIDDEN_404,vertical_hold,thin (1),alts:4|comps:2,product:bullpadel-vertex-05-2026,uniqueness_duplicative,Bullpadel Vertex 05 2026 Review
P1,NEEDS_UNIQUE_REWRITE,review,fitness,concept2-bikeerg,/reviews/concept2-bikeerg,published,DUPLICATIVE,DUPLICATIVE,HIDDEN_404,vertical_hold,moderate (2),alts:2,product:concept2-bikeerg,uniqueness_duplicative,Concept2 BikeErg Review
P1,NEEDS_UNIQUE_REWRITE,review,fitness,concept2-rowerg,/reviews/concept2-rowerg,published,DUPLICATIVE,DUPLICATIVE,HIDDEN_404,vertical_hold,moderate (2),comps:2,product:concept2-rowerg,uniqueness_duplicative,Concept2 RowErg Review
P1,NEEDS_UNIQUE_REWRITE,review,fitness,concept2-rowerg-dynamic,/reviews/concept2-rowerg-dynamic,published,DUPLICATIVE,DUPLICATIVE,HIDDEN_404,vertical_hold,moderate (2),sparse,product:concept2-rowerg-dynamic,uniqueness_duplicative,Concept2 RowErg Dynamic Review
P1,NEEDS_UNIQUE_REWRITE,review,fitness,concept2-skierg,/reviews/concept2-skierg,published,DUPLICATIVE,DUPLICATIVE,HIDDEN_404,vertical_hold,moderate (3),sparse,product:concept2-skierg,uniqueness_duplicative,Concept2 SkiErg Review
P1,NEEDS_UNIQUE_REWRITE,review,fitness,concept2-skierg-floor-stand,/reviews/concept2-skierg-floor-stand,published,DUPLICATIVE,DUPLICATIVE,HIDDEN_404,vertical_hold,moderate (3),sparse,product:concept2-skierg-floor-stand,uniqueness_duplicative,Concept2 SkiErg with Floor Stand Review
P1,NEEDS_UNIQUE_REWRITE,review,fitness,concept2-skierg-with-stand,/reviews/concept2-skierg-with-stand,published,DUPLICATIVE,DUPLICATIVE,HIDDEN_404,vertical_hold,moderate (2),alts:2,product:concept2-skierg-with-stand,uniqueness_duplicative,Concept2 SkiErg with Floor Stand Bundle Review
P1,NEEDS_UNIQUE_REWRITE,review,fitness,do-win-classic,/reviews/do-win-classic,published,DUPLICATIVE,DUPLICATIVE,HIDDEN_404,vertical_hold,moderate (2),alts:4,product:do-win-classic,uniqueness_duplicative,Do-Win Classic Weightlifting Shoe Review
P1,NEEDS_UNIQUE_REWRITE,review,padel,drop-shot-canyon-pro-2026,/reviews/drop-shot-canyon-pro-2026,published,DUPLICATIVE,DUPLICATIVE,HIDDEN_404,vertical_hold,thin (1),alts:2,product:drop-shot-canyon-pro-2026,uniqueness_duplicative,Drop Shot Canyon Pro 2026 Review
P1,NEEDS_UNIQUE_REWRITE,review,tennis,dunlop-cx-200,/reviews/dunlop-cx-200,published,DUPLICATIVE,DUPLICATIVE,HIDDEN_404,vertical_hold,thin (1),alts:2,product:dunlop-cx-200,uniqueness_duplicative,Dunlop CX 200 Review
P1,NEEDS_UNIQUE_REWRITE,review,fitness,eleiko-kettlebell,/reviews/eleiko-kettlebell,published,DUPLICATIVE,DUPLICATIVE,HIDDEN_404,vertical_hold,moderate (3),sparse,product:eleiko-kettlebell,uniqueness_duplicative,Eleiko Kettlebell Review
P1,NEEDS_UNIQUE_REWRITE,review,fitness,eleiko-performance-weightlifting-bar,/reviews/eleiko-performance-weightlifting-bar,published,DUPLICATIVE,DUPLICATIVE,HIDDEN_404,vertical_hold,moderate (3),sparse,product:eleiko-performance-weightlifting-bar,uniqueness_duplicative,Eleiko Performance Weightlifting Bar Review
P1,NEEDS_UNIQUE_REWRITE,review,fitness,eleiko-sport-bumper-set,/reviews/eleiko-sport-bumper-set,published,DUPLICATIVE,DUPLICATIVE,HIDDEN_404,vertical_hold,moderate (2),alts:1,product:eleiko-sport-bumper-set,uniqueness_duplicative,Eleiko Sport Bumper Plate Set Review
P1,NEEDS_UNIQUE_REWRITE,review,fitness,eleiko-sport-collars,/reviews/eleiko-sport-collars,published,DUPLICATIVE,DUPLICATIVE,HIDDEN_404,vertical_hold,moderate (2),sparse,product:eleiko-sport-collars,uniqueness_duplicative,Eleiko Sport Collars Review
P1,NEEDS_UNIQUE_REWRITE,review,fitness,eleiko-xf-bar,/reviews/eleiko-xf-bar,published,DUPLICATIVE,DUPLICATIVE,HIDDEN_404,vertical_hold,moderate (3),sparse,product:eleiko-xf-bar,uniqueness_duplicative,Eleiko XF Bar Review
P1,NEEDS_UNIQUE_REWRITE,review,fitness,gornation-gymnastic-rings,/reviews/gornation-gymnastic-rings,published,DUPLICATIVE,DUPLICATIVE,HIDDEN_404,vertical_hold,moderate (3),sparse,product:gornation-gymnastic-rings,uniqueness_duplicative,GORNATION Gymnastic Rings Review
P1,NEEDS_UNIQUE_REWRITE,review,fitness,gornation-parallettes-pro,/reviews/gornation-parallettes-pro,published,DUPLICATIVE,DUPLICATIVE,HIDDEN_404,vertical_hold,moderate (2),sparse,product:gornation-parallettes-pro,uniqueness_duplicative,GORNATION Parallettes Pro Review
P1,NEEDS_UNIQUE_REWRITE,review,fitness,gornation-premium-pull-up-bar,/reviews/gornation-premium-pull-up-bar,published,DUPLICATIVE,DUPLICATIVE,HIDDEN_404,vertical_hold,moderate (3),sparse,product:gornation-premium-pull-up-bar,uniqueness_duplicative,GORNATION Premium Pull-Up Bar Review
P1,NEEDS_UNIQUE_REWRITE,review,fitness,gravity-fitness-gymnastic-rings,/reviews/gravity-fitness-gymnastic-rings,published,DUPLICATIVE,DUPLICATIVE,HIDDEN_404,vertical_hold,moderate (3),sparse,product:gravity-fitness-gymnastic-rings,uniqueness_duplicative,Gravity Fitness Gymnastic Rings Review
P1,NEEDS_UNIQUE_REWRITE,review,fitness,gravity-fitness-parallettes,/reviews/gravity-fitness-parallettes,published,DUPLICATIVE,DUPLICATIVE,HIDDEN_404,vertical_hold,moderate (2),sparse,product:gravity-fitness-parallettes,uniqueness_duplicative,Gravity Fitness Parallettes Review
P1,NEEDS_UNIQUE_REWRITE,review,fitness,gravity-fitness-pull-up-station,/reviews/gravity-fitness-pull-up-station,published,DUPLICATIVE,DUPLICATIVE,HIDDEN_404,vertical_hold,moderate (3),sparse,product:gravity-fitness-pull-up-station,uniqueness_duplicative,Gravity Fitness Free-Standing Pull-Up Station Review
P1,NEEDS_UNIQUE_REWRITE,review,fitness,gravity-fitness-weighted-vest,/reviews/gravity-fitness-weighted-vest,published,DUPLICATIVE,DUPLICATIVE,HIDDEN_404,vertical_hold,moderate (3),sparse,product:gravity-fitness-weighted-vest,uniqueness_duplicative,Gravity Fitness Weighted Vest Review
P1,NEEDS_UNIQUE_REWRITE,review,padel,head-coello-pro-2026,/reviews/head-coello-pro-2026,published,DUPLICATIVE,DUPLICATIVE,HIDDEN_404,vertical_hold,moderate (2),alts:2|comps:1,product:head-coello-pro-2026,uniqueness_duplicative,Head Coello Pro 2026 Review
P1,NEEDS_UNIQUE_REWRITE,review,padel,head-extreme-motion-2026,/reviews/head-extreme-motion-2026,published,DUPLICATIVE,DUPLICATIVE,HIDDEN_404,vertical_hold,thin (1),alts:4,product:head-extreme-motion-2026,uniqueness_duplicative,Head Extreme Motion 2026 Review
P1,NEEDS_UNIQUE_REWRITE,review,padel,head-extreme-pro-padel-2026,/reviews/head-extreme-pro-padel-2026,published,DUPLICATIVE,DUPLICATIVE,HIDDEN_404,vertical_hold,thin (1),alts:2,product:head-extreme-pro-padel-2026,uniqueness_duplicative,Head Extreme Pro Padel 2026 Review
P1,NEEDS_UNIQUE_REWRITE,review,tennis,head-radical-mp-2023,/reviews/head-radical-mp-2023,published,DUPLICATIVE,DUPLICATIVE,HIDDEN_404,vertical_hold,thin (1),alts:2,product:head-radical-mp-2023,uniqueness_duplicative,Head Radical MP 2023 Review
P1,NEEDS_UNIQUE_REWRITE,review,padel,head-revolt-pro-court,/reviews/head-revolt-pro-court,published,DUPLICATIVE,DUPLICATIVE,HIDDEN_404,vertical_hold,thin (1),alts:4,product:head-revolt-pro-court,uniqueness_duplicative,Head Revolt Pro Court Review
P1,NEEDS_UNIQUE_REWRITE,review,tennis,head-speed-mp-2024,/reviews/head-speed-mp-2024,published,DUPLICATIVE,DUPLICATIVE,HIDDEN_404,vertical_hold,thin (1),alts:3,product:head-speed-mp-2024,uniqueness_duplicative,Head Speed MP 2024 Review
P1,NEEDS_UNIQUE_REWRITE,review,tennis,head-speed-mp-2026,/reviews/head-speed-mp-2026,published,DUPLICATIVE,DUPLICATIVE,HIDDEN_404,vertical_hold,thin (1),alts:4,product:head-speed-mp-2026,uniqueness_duplicative,Head Speed MP 2026 Review
P1,NEEDS_UNIQUE_REWRITE,review,padel,head-sprint-pro-4-padel,/reviews/head-sprint-pro-4-padel,published,DUPLICATIVE,DUPLICATIVE,HIDDEN_404,vertical_hold,moderate (2),alts:4,product:head-sprint-pro-4-padel,uniqueness_duplicative,Head Sprint Pro 4.0 Padel Review
P1,NEEDS_UNIQUE_REWRITE,review,fitness,hoka-transport,/reviews/hoka-transport,published,DUPLICATIVE,DUPLICATIVE,HIDDEN_404,vertical_hold,moderate (2),alts:4,product:hoka-transport,uniqueness_duplicative,HOKA Transport Review
P1,NEEDS_UNIQUE_REWRITE,review,fitness,horizon-t202-treadmill,/reviews/horizon-t202-treadmill,published,DUPLICATIVE,DUPLICATIVE,HIDDEN_404,vertical_hold,moderate (2),alts:2|comps:1,product:horizon-t202-treadmill,uniqueness_duplicative,Horizon Fitness T202 Treadmill Review
P1,NEEDS_UNIQUE_REWRITE,review,fitness,hydrow-wave,/reviews/hydrow-wave,published,DUPLICATIVE,DUPLICATIVE,HIDDEN_404,vertical_hold,moderate (2),alts:2|comps:1,product:hydrow-wave,uniqueness_duplicative,Hydrow Wave Review
P1,NEEDS_UNIQUE_REWRITE,review,fitness,inov8-f-lite-235-v3,/reviews/inov8-f-lite-235-v3,published,DUPLICATIVE,DUPLICATIVE,HIDDEN_404,vertical_hold,moderate (3),alts:4|comps:1,product:inov8-f-lite-235-v3,uniqueness_duplicative,Inov-8 F-Lite 235 v3 Review
P1,NEEDS_UNIQUE_REWRITE,review,fitness,inov8-f-lite-260,/reviews/inov8-f-lite-260,published,DUPLICATIVE,DUPLICATIVE,HIDDEN_404,vertical_hold,moderate (2),alts:4,product:inov8-f-lite-260,uniqueness_duplicative,Inov-8 F-Lite 260 Review
P1,NEEDS_UNIQUE_REWRITE,review,fitness,inov8-fastlift-360,/reviews/inov8-fastlift-360,published,DUPLICATIVE,DUPLICATIVE,HIDDEN_404,vertical_hold,moderate (3),alts:4,product:inov8-fastlift-360,uniqueness_duplicative,Inov-8 Fastlift 360 Review
P1,NEEDS_UNIQUE_REWRITE,review,fitness,inov8-fastlift-400,/reviews/inov8-fastlift-400,published,DUPLICATIVE,DUPLICATIVE,HIDDEN_404,vertical_hold,moderate (2),alts:4,product:inov8-fastlift-400,uniqueness_duplicative,Inov-8 Fastlift 400 Review
P1,NEEDS_UNIQUE_REWRITE,review,fitness,inov8-fastlift-power-g-380,/reviews/inov8-fastlift-power-g-380,published,DUPLICATIVE,DUPLICATIVE,HIDDEN_404,vertical_hold,moderate (2),alts:4,product:inov8-fastlift-power-g-380,uniqueness_duplicative,Inov-8 Fastlift Power G 380 Review
P1,NEEDS_UNIQUE_REWRITE,review,padel,joma-slam-lady,/reviews/joma-slam-lady,published,DUPLICATIVE,DUPLICATIVE,HIDDEN_404,vertical_hold,moderate (2),alts:4,product:joma-slam-lady,uniqueness_duplicative,Joma Slam Lady Review
P1,NEEDS_UNIQUE_REWRITE,review,padel,joma-spin-men,/reviews/joma-spin-men,published,DUPLICATIVE,DUPLICATIVE,HIDDEN_404,vertical_hold,moderate (2),alts:4,product:joma-spin-men,uniqueness_duplicative,Joma Spin Men Review
P1,NEEDS_UNIQUE_REWRITE,review,padel,joma-t-slam,/reviews/joma-t-slam,published,DUPLICATIVE,DUPLICATIVE,HIDDEN_404,vertical_hold,thin (1),alts:4,product:joma-t-slam,uniqueness_duplicative,Joma T.Slam Review
P1,NEEDS_UNIQUE_REWRITE,review,padel,k-swiss-hypercourt-express-2,/reviews/k-swiss-hypercourt-express-2,published,DUPLICATIVE,DUPLICATIVE,HIDDEN_404,vertical_hold,thin (1),alts:4,product:k-swiss-hypercourt-express-2,uniqueness_duplicative,K-Swiss Hypercourt Express 2 Review
P1,NEEDS_UNIQUE_REWRITE,review,padel,k-swiss-ultrashot-3,/reviews/k-swiss-ultrashot-3,published,DUPLICATIVE,DUPLICATIVE,HIDDEN_404,vertical_hold,thin (1),alts:4,product:k-swiss-ultrashot-3,uniqueness_duplicative,K-Swiss Ultrashot 3 Review
P1,NEEDS_UNIQUE_REWRITE,review,padel,kuikma-pr-soft-500,/reviews/kuikma-pr-soft-500,published,DUPLICATIVE,DUPLICATIVE,HIDDEN_404,vertical_hold,thin (1),alts:2,product:kuikma-pr-soft-500,uniqueness_duplicative,Kuikma PR Soft 500 Review
P1,NEEDS_UNIQUE_REWRITE,review,padel,kuikma-ps-990,/reviews/kuikma-ps-990,published,DUPLICATIVE,DUPLICATIVE,HIDDEN_404,vertical_hold,thin (1),alts:4,product:kuikma-ps-990,uniqueness_duplicative,Kuikma PS 990 Review
P1,NEEDS_UNIQUE_REWRITE,review,padel,lok-maxx-flow,/reviews/lok-maxx-flow,published,DUPLICATIVE,DUPLICATIVE,HIDDEN_404,vertical_hold,thin (1),alts:4,product:lok-maxx-flow,uniqueness_duplicative,Lok Maxx Flow Review
P1,NEEDS_UNIQUE_REWRITE,review,fitness,lululemon-strongfeel,/reviews/lululemon-strongfeel,published,DUPLICATIVE,DUPLICATIVE,HIDDEN_404,vertical_hold,moderate (2),alts:3,product:lululemon-strongfeel,uniqueness_duplicative,lululemon Strongfeel Training Shoe Review
P1,NEEDS_UNIQUE_REWRITE,review,fitness,mirafit-air-bike,/reviews/mirafit-air-bike,published,DUPLICATIVE,DUPLICATIVE,HIDDEN_404,vertical_hold,moderate (2),alts:2,product:mirafit-air-bike,uniqueness_duplicative,Mirafit Air Bike Review
P1,NEEDS_UNIQUE_REWRITE,review,fitness,mirafit-battle-rope,/reviews/mirafit-battle-rope,published,DUPLICATIVE,DUPLICATIVE,HIDDEN_404,vertical_hold,moderate (3),sparse,product:mirafit-battle-rope,uniqueness_duplicative,Mirafit Battle Rope Review
P1,NEEDS_UNIQUE_REWRITE,review,fitness,mirafit-bumper-plate-set,/reviews/mirafit-bumper-plate-set,published,DUPLICATIVE,DUPLICATIVE,HIDDEN_404,vertical_hold,moderate (2),alts:1,product:mirafit-bumper-plate-set,uniqueness_duplicative,Mirafit Bumper Plate Set Review
P1,NEEDS_UNIQUE_REWRITE,review,fitness,mirafit-cast-iron-kettlebell,/reviews/mirafit-cast-iron-kettlebell,published,DUPLICATIVE,DUPLICATIVE,HIDDEN_404,vertical_hold,moderate (3),sparse,product:mirafit-cast-iron-kettlebell,uniqueness_duplicative,Mirafit Cast Iron Kettlebell Review
P1,NEEDS_UNIQUE_REWRITE,review,fitness,mirafit-fid-adjustable-bench,/reviews/mirafit-fid-adjustable-bench,published,DUPLICATIVE,DUPLICATIVE,HIDDEN_404,vertical_hold,moderate (3),sparse,product:mirafit-fid-adjustable-bench,uniqueness_duplicative,Mirafit FID Adjustable Bench Review
P1,NEEDS_UNIQUE_REWRITE,review,fitness,mirafit-folding-rower,/reviews/mirafit-folding-rower,published,DUPLICATIVE,DUPLICATIVE,HIDDEN_404,vertical_hold,moderate (2),sparse,product:mirafit-folding-rower,uniqueness_duplicative,Mirafit Folding Rower Review
P1,NEEDS_UNIQUE_REWRITE,review,fitness,mirafit-gym-mats,/reviews/mirafit-gym-mats,published,DUPLICATIVE,DUPLICATIVE,HIDDEN_404,vertical_hold,moderate (3),sparse,product:mirafit-gym-mats,uniqueness_duplicative,Mirafit Gym Mats Review
P1,NEEDS_UNIQUE_REWRITE,review,fitness,mirafit-m3-power-rack,/reviews/mirafit-m3-power-rack,published,DUPLICATIVE,DUPLICATIVE,HIDDEN_404,vertical_hold,moderate (3),sparse,product:mirafit-m3-power-rack,uniqueness_duplicative,Mirafit M3 Power Rack Review
P1,NEEDS_UNIQUE_REWRITE,review,fitness,mirafit-m4-cage,/reviews/mirafit-m4-cage,published,DUPLICATIVE,DUPLICATIVE,HIDDEN_404,vertical_hold,moderate (3),sparse,product:mirafit-m4-cage,uniqueness_duplicative,Mirafit M4 Power Cage Review
P1,NEEDS_UNIQUE_REWRITE,review,fitness,mirafit-magnetic-rower,/reviews/mirafit-magnetic-rower,published,DUPLICATIVE,DUPLICATIVE,HIDDEN_404,vertical_hold,moderate (2),comps:1,product:mirafit-magnetic-rower,uniqueness_duplicative,Mirafit Magnetic Rower Review
P1,NEEDS_UNIQUE_REWRITE,review,fitness,mirafit-olympic-barbell,/reviews/mirafit-olympic-barbell,published,DUPLICATIVE,DUPLICATIVE,HIDDEN_404,vertical_hold,moderate (3),sparse,product:mirafit-olympic-barbell,uniqueness_duplicative,Mirafit Olympic Barbell Review
P1,NEEDS_UNIQUE_REWRITE,review,fitness,mirafit-wall-pull-up-bar,/reviews/mirafit-wall-pull-up-bar,published,DUPLICATIVE,DUPLICATIVE,HIDDEN_404,vertical_hold,moderate (3),sparse,product:mirafit-wall-pull-up-bar,uniqueness_duplicative,Mirafit Wall Pull-Up Bar Review
P1,NEEDS_UNIQUE_REWRITE,review,fitness,mirafit-weighted-vest,/reviews/mirafit-weighted-vest,published,DUPLICATIVE,DUPLICATIVE,HIDDEN_404,vertical_hold,moderate (3),sparse,product:mirafit-weighted-vest,uniqueness_duplicative,Mirafit Weighted Vest Review
P1,NEEDS_UNIQUE_REWRITE,review,fitness,nb-minimus-tr,/reviews/nb-minimus-tr,published,DUPLICATIVE,DUPLICATIVE,HIDDEN_404,vertical_hold,moderate (2),alts:4,product:nb-minimus-tr,uniqueness_duplicative,New Balance Minimus TR Review
P1,NEEDS_UNIQUE_REWRITE,review,padel,nike-court-vapor-pro-3,/reviews/nike-court-vapor-pro-3,published,DUPLICATIVE,DUPLICATIVE,HIDDEN_404,vertical_hold,thin (1),sparse,product:nike-court-vapor-pro-3,uniqueness_duplicative,Nike Court Air Zoom Vapor Pro 3 Review
P1,NEEDS_UNIQUE_REWRITE,review,fitness,nike-free-metcon-6,/reviews/nike-free-metcon-6,published,DUPLICATIVE,DUPLICATIVE,HIDDEN_404,vertical_hold,moderate (2),alts:2|comps:1,product:nike-free-metcon-6,uniqueness_duplicative,Nike Free Metcon 6 Review
P1,NEEDS_UNIQUE_REWRITE,review,fitness,nike-metcon-8,/reviews/nike-metcon-8,published,DUPLICATIVE,DUPLICATIVE,HIDDEN_404,vertical_hold,moderate (2),alts:3,product:nike-metcon-8,uniqueness_duplicative,Nike Metcon 8 Review
P1,NEEDS_UNIQUE_REWRITE,review,fitness,nike-metcon-9,/reviews/nike-metcon-9,published,DUPLICATIVE,DUPLICATIVE,HIDDEN_404,vertical_hold,moderate (3),alts:3|comps:3,product:nike-metcon-9,uniqueness_duplicative,Nike Metcon 9 Review
P1,NEEDS_UNIQUE_REWRITE,review,fitness,nike-romaleos-4,/reviews/nike-romaleos-4,published,DUPLICATIVE,DUPLICATIVE,HIDDEN_404,vertical_hold,moderate (2),alts:4,product:nike-romaleos-4,uniqueness_duplicative,Nike Romaleos 4 Review
P1,NEEDS_UNIQUE_REWRITE,review,fitness,nike-romaleos-5,/reviews/nike-romaleos-5,published,DUPLICATIVE,DUPLICATIVE,HIDDEN_404,vertical_hold,moderate (3),alts:4|comps:2,product:nike-romaleos-5,uniqueness_duplicative,Nike Romaleos 5 Review
P1,NEEDS_UNIQUE_REWRITE,review,fitness,nike-savaleos,/reviews/nike-savaleos,published,DUPLICATIVE,DUPLICATIVE,HIDDEN_404,vertical_hold,moderate (2),alts:4,product:nike-savaleos,uniqueness_duplicative,Nike Savaleos Review
P1,NEEDS_UNIQUE_REWRITE,review,fitness,nobull-outwork,/reviews/nobull-outwork,published,DUPLICATIVE,DUPLICATIVE,HIDDEN_404,vertical_hold,moderate (3),alts:4,product:nobull-outwork,uniqueness_duplicative,NOBULL Outwork Review
P1,NEEDS_UNIQUE_REWRITE,review,fitness,nobull-trainer,/reviews/nobull-trainer,published,DUPLICATIVE,DUPLICATIVE,HIDDEN_404,vertical_hold,moderate (3),alts:3|comps:1,product:nobull-trainer,uniqueness_duplicative,NOBULL Trainer Review
P1,NEEDS_UNIQUE_REWRITE,review,fitness,nobull-trainer-plus,/reviews/nobull-trainer-plus,published,DUPLICATIVE,DUPLICATIVE,HIDDEN_404,vertical_hold,moderate (2),alts:4,product:nobull-trainer-plus,uniqueness_duplicative,NOBULL Trainer+ Review
P1,NEEDS_UNIQUE_REWRITE,review,padel,nox-at10-genius-12k-alum-xtrem-2026,/reviews/nox-at10-genius-12k-alum-xtrem-2026,published,DUPLICATIVE,DUPLICATIVE,HIDDEN_404,vertical_hold,thin (1),alts:4|comps:2,product:nox-at10-genius-12k-alum-xtrem-2026,uniqueness_duplicative,Nox AT10 Genius 12K Alum Xtrem 2026 Review
P1,NEEDS_UNIQUE_REWRITE,review,padel,nox-at10-genius-18k-2026,/reviews/nox-at10-genius-18k-2026,published,DUPLICATIVE,DUPLICATIVE,HIDDEN_404,vertical_hold,thin (1),alts:3|comps:2,product:nox-at10-genius-18k-2026,uniqueness_duplicative,Nox AT10 Genius 18K 2026 Review
P1,NEEDS_UNIQUE_REWRITE,review,padel,nox-at10-lux,/reviews/nox-at10-lux,published,DUPLICATIVE,DUPLICATIVE,HIDDEN_404,vertical_hold,moderate (2),alts:4,product:nox-at10-lux,uniqueness_duplicative,Nox AT10 Lux Review
P1,NEEDS_UNIQUE_REWRITE,review,padel,nox-ml10-hexa,/reviews/nox-ml10-hexa,published,DUPLICATIVE,DUPLICATIVE,HIDDEN_404,vertical_hold,moderate (2),alts:4,product:nox-ml10-hexa,uniqueness_duplicative,Nox ML10 Hexa Review
P1,NEEDS_UNIQUE_REWRITE,review,padel,nox-ml10-pro-cup-2026,/reviews/nox-ml10-pro-cup-2026,published,DUPLICATIVE,DUPLICATIVE,HIDDEN_404,vertical_hold,thin (1),alts:2,product:nox-ml10-pro-cup-2026,uniqueness_duplicative,Nox ML10 Pro Cup 2026 Review
P1,NEEDS_UNIQUE_REWRITE,review,fitness,nuobell-50,/reviews/nuobell-50,published,DUPLICATIVE,DUPLICATIVE,HIDDEN_404,vertical_hold,moderate (3),alts:4,product:nuobell-50,uniqueness_duplicative,NÜOBELL 50 lb Adjustable Dumbbells Review
P1,NEEDS_UNIQUE_REWRITE,review,fitness,nuobell-80,/reviews/nuobell-80,published,DUPLICATIVE,DUPLICATIVE,HIDDEN_404,vertical_hold,moderate (3),alts:3|comps:1,product:nuobell-80,uniqueness_duplicative,NÜOBELL 80 lb Adjustable Dumbbells Review
P1,NEEDS_UNIQUE_REWRITE,review,padel,oxdog-sense-pro,/reviews/oxdog-sense-pro,published,DUPLICATIVE,DUPLICATIVE,HIDDEN_404,vertical_hold,thin (1),alts:4,product:oxdog-sense-pro,uniqueness_duplicative,Oxdog Sense Pro Review
P1,NEEDS_UNIQUE_REWRITE,review,fitness,powerblock-elite-exp-90,/reviews/powerblock-elite-exp-90,published,DUPLICATIVE,DUPLICATIVE,HIDDEN_404,vertical_hold,moderate (3),alts:3,product:powerblock-elite-exp-90,uniqueness_duplicative,PowerBlock Elite EXP 90 Review
P1,NEEDS_UNIQUE_REWRITE,review,fitness,powerblock-pro-series-100,/reviews/powerblock-pro-series-100,published,DUPLICATIVE,DUPLICATIVE,HIDDEN_404,vertical_hold,moderate (3),alts:2|comps:1,product:powerblock-pro-series-100,uniqueness_duplicative,PowerBlock Pro Series 100 Review
P1,NEEDS_UNIQUE_REWRITE,review,fitness,powerblock-pro-series-50,/reviews/powerblock-pro-series-50,published,DUPLICATIVE,DUPLICATIVE,HIDDEN_404,vertical_hold,moderate (3),alts:2,product:powerblock-pro-series-50,uniqueness_duplicative,PowerBlock Pro Series 50 Review
P1,NEEDS_UNIQUE_REWRITE,review,tennis,prince-textreme-tour-100p,/reviews/prince-textreme-tour-100p,published,DUPLICATIVE,DUPLICATIVE,HIDDEN_404,vertical_hold,thin (1),alts:2,product:prince-textreme-tour-100p,uniqueness_duplicative,Prince Textreme Tour 100P Review
P1,NEEDS_UNIQUE_REWRITE,review,fitness,pullup-and-dip-doorway-bar,/reviews/pullup-and-dip-doorway-bar,published,DUPLICATIVE,DUPLICATIVE,HIDDEN_404,vertical_hold,moderate (3),sparse,product:pullup-and-dip-doorway-bar,uniqueness_duplicative,PULLUP & DIP Doorway Pull-Up Bar Review
P1,NEEDS_UNIQUE_REWRITE,review,fitness,pullup-and-dip-parallettes,/reviews/pullup-and-dip-parallettes,published,DUPLICATIVE,DUPLICATIVE,HIDDEN_404,vertical_hold,moderate (2),sparse,product:pullup-and-dip-parallettes,uniqueness_duplicative,PULLUP & DIP Parallettes Review
P1,NEEDS_UNIQUE_REWRITE,review,fitness,pullup-and-dip-wall-bar,/reviews/pullup-and-dip-wall-bar,published,DUPLICATIVE,DUPLICATIVE,HIDDEN_404,vertical_hold,moderate (3),sparse,product:pullup-and-dip-wall-bar,uniqueness_duplicative,PULLUP & DIP Wall-Mounted Pull-Up Bar Review
P1,NEEDS_UNIQUE_REWRITE,review,fitness,puma-fuse-3,/reviews/puma-fuse-3,published,DUPLICATIVE,DUPLICATIVE,HIDDEN_404,vertical_hold,moderate (2),alts:2|comps:1,product:puma-fuse-3,uniqueness_duplicative,PUMA Fuse 3.0 Review
P1,NEEDS_UNIQUE_REWRITE,review,fitness,puma-fuse-fasted,/reviews/puma-fuse-fasted,published,DUPLICATIVE,DUPLICATIVE,HIDDEN_404,vertical_hold,moderate (2),alts:4,product:puma-fuse-fasted,uniqueness_duplicative,PUMA Fuse Fasted Review
P1,NEEDS_UNIQUE_REWRITE,review,fitness,reebok-legacy-lifter-iii,/reviews/reebok-legacy-lifter-iii,published,DUPLICATIVE,DUPLICATIVE,HIDDEN_404,vertical_hold,moderate (3),alts:4,product:reebok-legacy-lifter-iii,uniqueness_duplicative,Reebok Legacy Lifter III Review
P1,NEEDS_UNIQUE_REWRITE,review,fitness,reebok-lifter-pr-iii,/reviews/reebok-lifter-pr-iii,published,DUPLICATIVE,DUPLICATIVE,HIDDEN_404,vertical_hold,moderate (2),alts:4,product:reebok-lifter-pr-iii,uniqueness_duplicative,Reebok Lifter PR III Review
P1,NEEDS_UNIQUE_REWRITE,review,fitness,reebok-nano-court,/reviews/reebok-nano-court,published,DUPLICATIVE,DUPLICATIVE,HIDDEN_404,vertical_hold,moderate (2),alts:3,product:reebok-nano-court,uniqueness_duplicative,Reebok Nano Court Review
P1,NEEDS_UNIQUE_REWRITE,review,fitness,reebok-nano-x3,/reviews/reebok-nano-x3,published,DUPLICATIVE,DUPLICATIVE,HIDDEN_404,vertical_hold,moderate (2),alts:2,product:reebok-nano-x3,uniqueness_duplicative,Reebok Nano X3 Review
P1,NEEDS_UNIQUE_REWRITE,review,fitness,reebok-nano-x4,/reviews/reebok-nano-x4,published,DUPLICATIVE,DUPLICATIVE,HIDDEN_404,vertical_hold,moderate (3),alts:3|comps:3,product:reebok-nano-x4,uniqueness_duplicative,Reebok Nano X4 Review
P1,NEEDS_UNIQUE_REWRITE,review,fitness,rep-ab-5000-zero-gap,/reviews/rep-ab-5000-zero-gap,published,DUPLICATIVE,DUPLICATIVE,HIDDEN_404,vertical_hold,moderate (3),sparse,product:rep-ab-5000-zero-gap,uniqueness_duplicative,REP Fitness AB-5000 Zero Gap Bench Review
P1,NEEDS_UNIQUE_REWRITE,review,fitness,rep-ab-5200,/reviews/rep-ab-5200,published,DUPLICATIVE,DUPLICATIVE,HIDDEN_404,vertical_hold,moderate (2),alts:2,product:rep-ab-5200,uniqueness_duplicative,REP AB-5200 Adjustable Bench Review
P1,NEEDS_UNIQUE_REWRITE,review,fitness,rep-apollo-athlon-rack,/reviews/rep-apollo-athlon-rack,published,DUPLICATIVE,DUPLICATIVE,HIDDEN_404,vertical_hold,moderate (3),sparse,product:rep-apollo-athlon-rack,uniqueness_duplicative,REP Fitness Apollo Athlon Rack Review
P1,NEEDS_UNIQUE_REWRITE,review,fitness,rep-black-bumper-plate-set,/reviews/rep-black-bumper-plate-set,published,DUPLICATIVE,DUPLICATIVE,HIDDEN_404,vertical_hold,moderate (3),sparse,product:rep-black-bumper-plate-set,uniqueness_duplicative,REP Fitness Black Bumper Plate Set Review
P1,NEEDS_UNIQUE_REWRITE,review,fitness,rep-bumper-plate-storage,/reviews/rep-bumper-plate-storage,published,DUPLICATIVE,DUPLICATIVE,HIDDEN_404,vertical_hold,moderate (2),sparse,product:rep-bumper-plate-storage,uniqueness_duplicative,REP Fitness Plate Storage Tree Review
P1,NEEDS_UNIQUE_REWRITE,review,fitness,rep-colorado-bar,/reviews/rep-colorado-bar,published,DUPLICATIVE,DUPLICATIVE,HIDDEN_404,vertical_hold,moderate (3),sparse,product:rep-colorado-bar,uniqueness_duplicative,REP Fitness Colorado Bar Review
P1,NEEDS_UNIQUE_REWRITE,review,fitness,rep-fb-5000-flat-bench,/reviews/rep-fb-5000-flat-bench,published,DUPLICATIVE,DUPLICATIVE,HIDDEN_404,vertical_hold,moderate (3),sparse,product:rep-fb-5000-flat-bench,uniqueness_duplicative,REP Fitness FB-5000 Flat Bench Review
P1,NEEDS_UNIQUE_REWRITE,review,fitness,rep-fitness-kettlebell,/reviews/rep-fitness-kettlebell,published,DUPLICATIVE,DUPLICATIVE,HIDDEN_404,vertical_hold,moderate (3),sparse,product:rep-fitness-kettlebell,uniqueness_duplicative,REP Fitness Kettlebell Review
P1,NEEDS_UNIQUE_REWRITE,review,fitness,rep-pr-4000,/reviews/rep-pr-4000,published,DUPLICATIVE,DUPLICATIVE,HIDDEN_404,vertical_hold,moderate (3),comps:1,product:rep-pr-4000,uniqueness_duplicative,REP Fitness PR-4000 Power Rack Review
P1,NEEDS_UNIQUE_REWRITE,review,fitness,rep-pr-5000,/reviews/rep-pr-5000,published,DUPLICATIVE,DUPLICATIVE,HIDDEN_404,vertical_hold,moderate (3),sparse,product:rep-pr-5000,uniqueness_duplicative,REP Fitness PR-5000 Power Rack Review
P1,NEEDS_UNIQUE_REWRITE,review,fitness,rep-quickdraw-adjustable-dumbbells,/reviews/rep-quickdraw-adjustable-dumbbells,published,DUPLICATIVE,DUPLICATIVE,HIDDEN_404,vertical_hold,moderate (3),alts:4,product:rep-quickdraw-adjustable-dumbbells,uniqueness_duplicative,REP Fitness Quickdraw Adjustable Dumbbells Review
P1,NEEDS_UNIQUE_REWRITE,review,fitness,rep-slam-ball,/reviews/rep-slam-ball,published,DUPLICATIVE,DUPLICATIVE,HIDDEN_404,vertical_hold,moderate (3),sparse,product:rep-slam-ball,uniqueness_duplicative,REP Fitness Slam Ball Review
P1,NEEDS_UNIQUE_REWRITE,review,fitness,rogue-adjustable-bench-3-0,/reviews/rogue-adjustable-bench-3-0,published,DUPLICATIVE,DUPLICATIVE,HIDDEN_404,vertical_hold,moderate (3),sparse,product:rogue-adjustable-bench-3-0,uniqueness_duplicative,Rogue Adjustable Bench 3.0 Review
P1,NEEDS_UNIQUE_REWRITE,review,fitness,rogue-dog-sled,/reviews/rogue-dog-sled,published,DUPLICATIVE,DUPLICATIVE,HIDDEN_404,vertical_hold,moderate (3),sparse,product:rogue-dog-sled,uniqueness_duplicative,Rogue Dog Sled Review
P1,NEEDS_UNIQUE_REWRITE,review,fitness,rogue-echo-bike,/reviews/rogue-echo-bike,published,DUPLICATIVE,DUPLICATIVE,HIDDEN_404,vertical_hold,moderate (3),comps:1,product:rogue-echo-bike,uniqueness_duplicative,Rogue Echo Bike Review
P1,NEEDS_UNIQUE_REWRITE,review,fitness,rogue-echo-bumper-plate-set,/reviews/rogue-echo-bumper-plate-set,published,DUPLICATIVE,DUPLICATIVE,HIDDEN_404,vertical_hold,moderate (3),sparse,product:rogue-echo-bumper-plate-set,uniqueness_duplicative,Rogue Echo Bumper Plate Set Review
P1,NEEDS_UNIQUE_REWRITE,review,fitness,rogue-echo-kettlebell,/reviews/rogue-echo-kettlebell,published,DUPLICATIVE,DUPLICATIVE,HIDDEN_404,vertical_hold,moderate (3),sparse,product:rogue-echo-kettlebell,uniqueness_duplicative,Rogue Echo Kettlebell Review
P1,NEEDS_UNIQUE_REWRITE,review,fitness,rogue-flat-utility-bench,/reviews/rogue-flat-utility-bench,published,DUPLICATIVE,DUPLICATIVE,HIDDEN_404,vertical_hold,moderate (3),sparse,product:rogue-flat-utility-bench,uniqueness_duplicative,Rogue Flat Utility Bench Review
P1,NEEDS_UNIQUE_REWRITE,review,fitness,rogue-flogging-horse-stall-mat-note,/reviews/rogue-flogging-horse-stall-mat-note,published,DUPLICATIVE,DUPLICATIVE,HIDDEN_404,vertical_hold,moderate (3),sparse,product:rogue-flogging-horse-stall-mat-note,uniqueness_duplicative,Rogue Gym Flooring / Stall Mat Style Flooring Review
P1,NEEDS_UNIQUE_REWRITE,review,fitness,rogue-kettlebell,/reviews/rogue-kettlebell,published,DUPLICATIVE,DUPLICATIVE,HIDDEN_404,vertical_hold,moderate (3),sparse,product:rogue-kettlebell,uniqueness_duplicative,Rogue Kettlebell Review
P1,NEEDS_UNIQUE_REWRITE,review,fitness,rogue-monster-lite-pull-up-bar,/reviews/rogue-monster-lite-pull-up-bar,published,DUPLICATIVE,DUPLICATIVE,HIDDEN_404,vertical_hold,moderate (3),sparse,product:rogue-monster-lite-pull-up-bar,uniqueness_duplicative,Rogue Monster Lite Pull-Up Bar Review
P1,NEEDS_UNIQUE_REWRITE,review,fitness,rogue-ohio-bar,/reviews/rogue-ohio-bar,published,DUPLICATIVE,DUPLICATIVE,HIDDEN_404,vertical_hold,moderate (3),sparse,product:rogue-ohio-bar,uniqueness_duplicative,Rogue Ohio Bar Review
P1,NEEDS_UNIQUE_REWRITE,review,fitness,rogue-ohio-power-bar,/reviews/rogue-ohio-power-bar,published,DUPLICATIVE,DUPLICATIVE,HIDDEN_404,vertical_hold,moderate (3),sparse,product:rogue-ohio-power-bar,uniqueness_duplicative,Rogue Ohio Power Bar Review
P1,NEEDS_UNIQUE_REWRITE,review,fitness,rogue-plate-carrier-vest,/reviews/rogue-plate-carrier-vest,published,DUPLICATIVE,DUPLICATIVE,HIDDEN_404,vertical_hold,moderate (3),sparse,product:rogue-plate-carrier-vest,uniqueness_duplicative,Rogue Weighted Vest / Plate Carrier Review
P1,NEEDS_UNIQUE_REWRITE,review,fitness,rogue-plate-tree,/reviews/rogue-plate-tree,published,DUPLICATIVE,DUPLICATIVE,HIDDEN_404,vertical_hold,moderate (2),sparse,product:rogue-plate-tree,uniqueness_duplicative,Rogue Plate Tree Review
P1,NEEDS_UNIQUE_REWRITE,review,fitness,rogue-rm-4-monster-rack,/reviews/rogue-rm-4-monster-rack,published,DUPLICATIVE,DUPLICATIVE,HIDDEN_404,vertical_hold,moderate (3),sparse,product:rogue-rm-4-monster-rack,uniqueness_duplicative,Rogue RM-4 Monster Rack Review
P1,NEEDS_UNIQUE_REWRITE,review,fitness,rogue-rml-390f,/reviews/rogue-rml-390f,published,DUPLICATIVE,DUPLICATIVE,HIDDEN_404,vertical_hold,moderate (3),comps:1,product:rogue-rml-390f,uniqueness_duplicative,Rogue RML-390F Monster Lite Rack Review
P1,NEEDS_UNIQUE_REWRITE,review,fitness,rogue-sandbag,/reviews/rogue-sandbag,published,DUPLICATIVE,DUPLICATIVE,HIDDEN_404,vertical_hold,moderate (3),sparse,product:rogue-sandbag,uniqueness_duplicative,Rogue Sandbag Review
P1,NEEDS_UNIQUE_REWRITE,review,fitness,rogue-sm-2c-monster-lite,/reviews/rogue-sm-2c-monster-lite,published,DUPLICATIVE,DUPLICATIVE,HIDDEN_404,vertical_hold,moderate (3),sparse,product:rogue-sm-2c-monster-lite,uniqueness_duplicative,Rogue SM-2C Monster Lite Squat Stand Review
P1,NEEDS_UNIQUE_REWRITE,review,fitness,rogue-wall-ball,/reviews/rogue-wall-ball,published,DUPLICATIVE,DUPLICATIVE,HIDDEN_404,vertical_hold,moderate (3),sparse,product:rogue-wall-ball,uniqueness_duplicative,Rogue Wall Ball Review
P1,NEEDS_UNIQUE_REWRITE,review,fitness,rogue-wrist-wraps,/reviews/rogue-wrist-wraps,published,DUPLICATIVE,DUPLICATIVE,HIDDEN_404,vertical_hold,moderate (2),sparse,product:rogue-wrist-wraps,uniqueness_duplicative,Rogue Wrist Wraps Review
P1,NEEDS_UNIQUE_REWRITE,review,padel,royal-padel-m27-poly-2026,/reviews/royal-padel-m27-poly-2026,published,DUPLICATIVE,DUPLICATIVE,HIDDEN_404,vertical_hold,thin (1),alts:4,product:royal-padel-m27-poly-2026,uniqueness_duplicative,Royal Padel M27 Poly 2026 Review
P1,NEEDS_UNIQUE_REWRITE,review,fitness,salming-race-9,/reviews/salming-race-9,published,DUPLICATIVE,DUPLICATIVE,HIDDEN_404,vertical_hold,moderate (2),alts:4,product:salming-race-9,uniqueness_duplicative,Salming Race 9 Review
P1,NEEDS_UNIQUE_REWRITE,review,fitness,salming-rebel,/reviews/salming-rebel,published,DUPLICATIVE,DUPLICATIVE,HIDDEN_404,vertical_hold,moderate (2),alts:4,product:salming-rebel,uniqueness_duplicative,Salming Rebel Review
P1,NEEDS_UNIQUE_REWRITE,review,fitness,schwinn-airdyne-ad8,/reviews/schwinn-airdyne-ad8,published,DUPLICATIVE,DUPLICATIVE,HIDDEN_404,vertical_hold,moderate (2),alts:2,product:schwinn-airdyne-ad8,uniqueness_duplicative,Schwinn Airdyne AD8 Review
P1,NEEDS_UNIQUE_REWRITE,review,padel,siux-diablo-revolution-2026,/reviews/siux-diablo-revolution-2026,published,DUPLICATIVE,DUPLICATIVE,HIDDEN_404,vertical_hold,moderate (2),alts:2|comps:1,product:siux-diablo-revolution-2026,uniqueness_duplicative,Siux Diablo Revolution 2026 Review
P1,NEEDS_UNIQUE_REWRITE,review,fitness,skierg2-wall-mount,/reviews/skierg2-wall-mount,published,DUPLICATIVE,DUPLICATIVE,HIDDEN_404,vertical_hold,moderate (2),alts:2,product:skierg2-wall-mount,uniqueness_duplicative,SkiErg2 Wall-Mount Trainer Review
P1,NEEDS_UNIQUE_REWRITE,review,fitness,sole-f80-treadmill,/reviews/sole-f80-treadmill,published,DUPLICATIVE,DUPLICATIVE,HIDDEN_404,vertical_hold,moderate (2),alts:2|comps:1,product:sole-f80-treadmill,uniqueness_duplicative,Sole F80 Treadmill Review
P1,NEEDS_UNIQUE_REWRITE,review,padel,starvie-basalto-osiris-2026,/reviews/starvie-basalto-osiris-2026,published,DUPLICATIVE,DUPLICATIVE,HIDDEN_404,vertical_hold,thin (1),alts:2,product:starvie-basalto-osiris-2026,uniqueness_duplicative,StarVie Basalto Osiris 2026 Review
P1,NEEDS_UNIQUE_REWRITE,review,padel,starvie-titania-kepler-2026,/reviews/starvie-titania-kepler-2026,published,DUPLICATIVE,DUPLICATIVE,HIDDEN_404,vertical_hold,thin (1),alts:2,product:starvie-titania-kepler-2026,uniqueness_duplicative,StarVie Titania Kepler 2026 Review
P1,NEEDS_UNIQUE_REWRITE,review,tennis,tecnifibre-tf40-305,/reviews/tecnifibre-tf40-305,published,DUPLICATIVE,DUPLICATIVE,HIDDEN_404,vertical_hold,thin (1),alts:2,product:tecnifibre-tf40-305,uniqueness_duplicative,Tecnifibre TF40 305 16x19 Review
P1,NEEDS_UNIQUE_REWRITE,review,tennis,tecnifibre-tfight-300s-2025,/reviews/tecnifibre-tfight-300s-2025,published,DUPLICATIVE,DUPLICATIVE,HIDDEN_404,vertical_hold,thin (1),alts:3,product:tecnifibre-tfight-300s-2025,uniqueness_duplicative,Tecnifibre TFight 300S 2025 Review
P1,NEEDS_UNIQUE_REWRITE,review,padel,tecnifibre-wall-breaker-365,/reviews/tecnifibre-wall-breaker-365,published,DUPLICATIVE,DUPLICATIVE,HIDDEN_404,vertical_hold,thin (1),alts:4,product:tecnifibre-wall-breaker-365,uniqueness_duplicative,Tecnifibre Wall Breaker 365 Review
P1,NEEDS_UNIQUE_REWRITE,review,fitness,tyr-cxt-1,/reviews/tyr-cxt-1,published,DUPLICATIVE,DUPLICATIVE,HIDDEN_404,vertical_hold,moderate (3),alts:4|comps:1,product:tyr-cxt-1,uniqueness_duplicative,TYR CXT-1 Review
P1,NEEDS_UNIQUE_REWRITE,review,fitness,tyr-cxt-2,/reviews/tyr-cxt-2,published,DUPLICATIVE,DUPLICATIVE,HIDDEN_404,vertical_hold,moderate (3),alts:4|comps:2,product:tyr-cxt-2,uniqueness_duplicative,TYR CXT-2 Review
P1,NEEDS_UNIQUE_REWRITE,review,fitness,tyr-cxt1-trainer,/reviews/tyr-cxt1-trainer,published,DUPLICATIVE,DUPLICATIVE,HIDDEN_404,vertical_hold,moderate (2),alts:4,product:tyr-cxt1-trainer,uniqueness_duplicative,TYR CXT-1 Trainer Review
P1,NEEDS_UNIQUE_REWRITE,review,fitness,ua-charged-commit-4,/reviews/ua-charged-commit-4,published,DUPLICATIVE,DUPLICATIVE,HIDDEN_404,vertical_hold,moderate (2),alts:4,product:ua-charged-commit-4,uniqueness_duplicative,Under Armour Charged Commit 4 Review
P1,NEEDS_UNIQUE_REWRITE,review,fitness,ua-project-rock-bsr-4,/reviews/ua-project-rock-bsr-4,published,DUPLICATIVE,DUPLICATIVE,HIDDEN_404,vertical_hold,moderate (2),alts:3,product:ua-project-rock-bsr-4,uniqueness_duplicative,Under Armour Project Rock BSR 4 Review
P1,NEEDS_UNIQUE_REWRITE,review,fitness,ua-reign-lifter,/reviews/ua-reign-lifter,published,DUPLICATIVE,DUPLICATIVE,HIDDEN_404,vertical_hold,moderate (2),alts:4,product:ua-reign-lifter,uniqueness_duplicative,Under Armour Reign Lifter Review
P1,NEEDS_UNIQUE_REWRITE,review,fitness,ua-tribase-reign-6,/reviews/ua-tribase-reign-6,published,DUPLICATIVE,DUPLICATIVE,HIDDEN_404,vertical_hold,moderate (2),alts:3|comps:1,product:ua-tribase-reign-6,uniqueness_duplicative,Under Armour TriBase Reign 6 Review
P1,NEEDS_UNIQUE_REWRITE,review,padel,varlion-lw-carbon-difusor-2026,/reviews/varlion-lw-carbon-difusor-2026,published,DUPLICATIVE,DUPLICATIVE,HIDDEN_404,vertical_hold,thin (1),alts:2,product:varlion-lw-carbon-difusor-2026,uniqueness_duplicative,Varlion LW Carbon Difusor 2026 Review
P1,NEEDS_UNIQUE_REWRITE,review,fitness,vivobarefoot-primus-lite-iii,/reviews/vivobarefoot-primus-lite-iii,published,DUPLICATIVE,DUPLICATIVE,HIDDEN_404,vertical_hold,moderate (2),alts:4,product:vivobarefoot-primus-lite-iii,uniqueness_duplicative,Vivobarefoot Primus Lite III Review
P1,NEEDS_UNIQUE_REWRITE,review,fitness,waterrower-a1,/reviews/waterrower-a1,published,DUPLICATIVE,DUPLICATIVE,HIDDEN_404,vertical_hold,moderate (2),alts:2,product:waterrower-a1,uniqueness_duplicative,WaterRower A1 Home Review
P1,NEEDS_UNIQUE_REWRITE,review,padel,wilson-bela-pro-v2-2026,/reviews/wilson-bela-pro-v2-2026,published,DUPLICATIVE,DUPLICATIVE,HIDDEN_404,vertical_hold,moderate (2),alts:2|comps:1,product:wilson-bela-pro-v2-2026,uniqueness_duplicative,Wilson Bela Pro V2 2026 Review
P1,NEEDS_UNIQUE_REWRITE,review,tennis,wilson-blade-100-v9,/reviews/wilson-blade-100-v9,published,DUPLICATIVE,DUPLICATIVE,HIDDEN_404,vertical_hold,thin (1),alts:3,product:wilson-blade-100-v9,uniqueness_duplicative,Wilson Blade 100 v9 Review
P1,NEEDS_UNIQUE_REWRITE,review,tennis,wilson-blade-98-v8,/reviews/wilson-blade-98-v8,published,DUPLICATIVE,DUPLICATIVE,HIDDEN_404,vertical_hold,thin (1),alts:3|comps:1,product:wilson-blade-98-v8,uniqueness_duplicative,Wilson Blade 98 16x19 v8 Review
P1,NEEDS_UNIQUE_REWRITE,review,tennis,wilson-blade-98-v9,/reviews/wilson-blade-98-v9,published,DUPLICATIVE,DUPLICATIVE,HIDDEN_404,vertical_hold,thin (1),alts:4|comps:1,product:wilson-blade-98-v9,uniqueness_duplicative,Wilson Blade 98 16x19 v9 Review
P1,NEEDS_UNIQUE_REWRITE,review,padel,wilson-blade-pro-v2-padel-2026,/reviews/wilson-blade-pro-v2-padel-2026,published,DUPLICATIVE,DUPLICATIVE,HIDDEN_404,vertical_hold,thin (1),alts:2,product:wilson-blade-pro-v2-padel-2026,uniqueness_duplicative,Wilson Blade Pro V2 Padel 2026 Review
P1,NEEDS_UNIQUE_REWRITE,review,tennis,wilson-clash-100-v2,/reviews/wilson-clash-100-v2,published,DUPLICATIVE,DUPLICATIVE,HIDDEN_404,vertical_hold,thin (1),alts:2|comps:1,product:wilson-clash-100-v2,uniqueness_duplicative,Wilson Clash 100 v2 Review
P1,NEEDS_UNIQUE_REWRITE,review,tennis,wilson-clash-100-v3,/reviews/wilson-clash-100-v3,published,DUPLICATIVE,DUPLICATIVE,HIDDEN_404,vertical_hold,thin (1),alts:3|comps:1,product:wilson-clash-100-v3,uniqueness_duplicative,Wilson Clash 100 v3 Review
P1,NEEDS_UNIQUE_REWRITE,review,padel,wilson-rush-pro-5-padel,/reviews/wilson-rush-pro-5-padel,published,DUPLICATIVE,DUPLICATIVE,HIDDEN_404,vertical_hold,moderate (2),alts:4,product:wilson-rush-pro-5-padel,uniqueness_duplicative,Wilson Rush Pro 5 Padel Review
P1,NEEDS_UNIQUE_REWRITE,review,padel,wilson-rush-pro-ace,/reviews/wilson-rush-pro-ace,published,DUPLICATIVE,DUPLICATIVE,HIDDEN_404,vertical_hold,thin (1),alts:4,product:wilson-rush-pro-ace,uniqueness_duplicative,Wilson Rush Pro Ace Review
P1,NEEDS_UNIQUE_REWRITE,review,fitness,woodway-curve-trainer,/reviews/woodway-curve-trainer,published,DUPLICATIVE,DUPLICATIVE,HIDDEN_404,vertical_hold,moderate (2),alts:2,product:woodway-curve-trainer,uniqueness_duplicative,Woodway Curve Trainer Review
P1,NEEDS_UNIQUE_REWRITE,review,fitness,xebex-ski-erg,/reviews/xebex-ski-erg,published,DUPLICATIVE,DUPLICATIVE,HIDDEN_404,vertical_hold,moderate (2),alts:2,product:xebex-ski-erg,uniqueness_duplicative,Xebex Ski Erg Review
P1,NEEDS_UNIQUE_REWRITE,review,fitness,xero-prio,/reviews/xero-prio,published,DUPLICATIVE,DUPLICATIVE,HIDDEN_404,vertical_hold,moderate (2),alts:4,product:xero-prio,uniqueness_duplicative,Xero Shoes Prio Review
P1,NEEDS_UNIQUE_REWRITE,review,tennis,yonex-ezone-100-2025,/reviews/yonex-ezone-100-2025,published,DUPLICATIVE,DUPLICATIVE,HIDDEN_404,vertical_hold,thin (1),alts:3|comps:1,product:yonex-ezone-100-2025,uniqueness_duplicative,Yonex EZONE 100 8th Gen 2025 Review
P1,NEEDS_UNIQUE_REWRITE,review,tennis,yonex-ezone-98-2024,/reviews/yonex-ezone-98-2024,published,DUPLICATIVE,DUPLICATIVE,HIDDEN_404,vertical_hold,thin (1),alts:2|comps:1,product:yonex-ezone-98-2024,uniqueness_duplicative,Yonex EZONE 98 2024 Review
P1,NEEDS_UNIQUE_REWRITE,review,tennis,yonex-vcore-100-2023,/reviews/yonex-vcore-100-2023,published,DUPLICATIVE,DUPLICATIVE,HIDDEN_404,vertical_hold,thin (1),alts:2|comps:1,product:yonex-vcore-100-2023,uniqueness_duplicative,Yonex VCORE 100 2023 Review
P1,NEEDS_UNIQUE_REWRITE,review,tennis,yonex-vcore-98-2026,/reviews/yonex-vcore-98-2026,published,DUPLICATIVE,DUPLICATIVE,HIDDEN_404,vertical_hold,thin (1),alts:3,product:yonex-vcore-98-2026,uniqueness_duplicative,Yonex VCORE 98 8th Gen 2026 Review
P1,NEEDS_INTENT_DIFFERENTIATION,comparison,tennis,babolat-pure-drive-2025-vs-wilson-clash-100-v2,/compare/babolat-pure-drive-2025-vs-wilson-clash-100-v2,published,MEANINGFUL,NEEDS_DIFFERENTIATION,HIDDEN_404,vertical_hold,n/a,pairwise,product:babolat-pure-drive-2025;product:wilson-clash-100-v2,uniqueness_needs_diff;meaningful_comparison,Babolat Pure Drive 2025 vs Wilson Clash 100 v2
P1,NEEDS_INTENT_DIFFERENTIATION,comparison,padel,babolat-technical-viper-2026-vs-wilson-bela-pro-v2-2026,/compare/babolat-technical-viper-2026-vs-wilson-bela-pro-v2-2026,published,MEANINGFUL,NEEDS_DIFFERENTIATION,HIDDEN_404,vertical_hold,n/a,pairwise,product:babolat-technical-viper-2026;product:wilson-bela-pro-v2-2026,uniqueness_needs_diff;meaningful_comparison,Babolat Technical Viper 2026 vs Wilson Bela Pro V2 2026
P1,NEEDS_INTENT_DIFFERENTIATION,comparison,fitness,concept2-rowerg-vs-hydrow-wave,/compare/concept2-rowerg-vs-hydrow-wave,published,MEANINGFUL,NEEDS_DIFFERENTIATION,HIDDEN_404,vertical_hold,n/a,pairwise,product:concept2-rowerg;product:hydrow-wave,uniqueness_needs_diff;meaningful_comparison,Concept2 RowErg vs Hydrow Wave
P1,NEEDS_INTENT_DIFFERENTIATION,comparison,fitness,concept2-rowerg-vs-mirafit-magnetic-rower,/compare/concept2-rowerg-vs-mirafit-magnetic-rower,published,MEANINGFUL,NEEDS_DIFFERENTIATION,HIDDEN_404,vertical_hold,n/a,pairwise,product:concept2-rowerg;product:mirafit-magnetic-rower,uniqueness_needs_diff;meaningful_comparison,Concept2 RowErg vs Mirafit Magnetic Rower
P1,NEEDS_INTENT_DIFFERENTIATION,comparison,padel,nox-at10-genius-18k-2026-vs-babolat-technical-viper-2026,/compare/nox-at10-genius-18k-2026-vs-babolat-technical-viper-2026,published,MEANINGFUL,NEEDS_DIFFERENTIATION,HIDDEN_404,vertical_hold,n/a,pairwise,product:nox-at10-genius-18k-2026;product:babolat-technical-viper-2026,uniqueness_needs_diff;meaningful_comparison,Nox AT10 Genius 18K 2026 vs Babolat Technical Viper 2026
P1,NEEDS_INTENT_DIFFERENTIATION,comparison,padel,nox-at10-genius-18k-2026-vs-bullpadel-vertex-04-2026,/compare/nox-at10-genius-18k-2026-vs-bullpadel-vertex-04-2026,published,MEANINGFUL,NEEDS_DIFFERENTIATION,HIDDEN_404,vertical_hold,n/a,pairwise,product:nox-at10-genius-18k-2026;product:bullpadel-vertex-04,uniqueness_needs_diff;meaningful_comparison,Nox AT10 Genius 18K 2026 vs Bullpadel Vertex 04 2026
P1,NEEDS_INTENT_DIFFERENTIATION,comparison,tennis,yonex-ezone-100-2025-vs-wilson-clash-100-v3,/compare/yonex-ezone-100-2025-vs-wilson-clash-100-v3,published,MEANINGFUL,NEEDS_DIFFERENTIATION,HIDDEN_404,vertical_hold,n/a,pairwise,product:yonex-ezone-100-2025;product:wilson-clash-100-v3,uniqueness_needs_diff;meaningful_comparison,Yonex EZONE 100 2025 vs Wilson Clash 100 v3
P1,NEEDS_RELATIONSHIP_FIX,alternatives,fitness,adidas-adipower-weightlifting-2,/products/adidas-adipower-weightlifting-2/alternatives,published,INELIGIBLE,N/A,HIDDEN_404,parent_product_hidden|vertical_hold,n/a,alts:0|types:0,source:adidas-adipower-weightlifting-2,need ≥3 alternatives (have 0);need ≥2 distinct alternative types;need meaningful unique reasons on ≥3 alts;field_alts_without_graph,adidas Adipower Weightlifting 2 alternatives
P1,NEEDS_RELATIONSHIP_FIX,alternatives,fitness,adidas-adipower-weightlifting-3,/products/adidas-adipower-weightlifting-3/alternatives,published,INELIGIBLE,N/A,HIDDEN_404,parent_product_hidden|vertical_hold,n/a,alts:0|types:0,source:adidas-adipower-weightlifting-3,need ≥3 alternatives (have 0);need ≥2 distinct alternative types;need meaningful unique reasons on ≥3 alts;field_alts_without_graph,adidas Adipower Weightlifting 3 alternatives
P1,NEEDS_RELATIONSHIP_FIX,alternatives,padel,adidas-courtjam-control-3,/products/adidas-courtjam-control-3/alternatives,published,INELIGIBLE,N/A,HIDDEN_404,parent_product_hidden|vertical_hold,n/a,alts:0|types:0,source:adidas-courtjam-control-3,need ≥3 alternatives (have 0);need ≥2 distinct alternative types;need meaningful unique reasons on ≥3 alts;field_alts_without_graph,Adidas CourtJam Control 3 alternatives
P1,NEEDS_RELATIONSHIP_FIX,alternatives,padel,adidas-courtquick-padel-women,/products/adidas-courtquick-padel-women/alternatives,published,INELIGIBLE,N/A,HIDDEN_404,parent_product_hidden|vertical_hold,n/a,alts:0|types:0,source:adidas-courtquick-padel-women,need ≥3 alternatives (have 0);need ≥2 distinct alternative types;need meaningful unique reasons on ≥3 alts;field_alts_without_graph,Adidas Courtquick Padel Women alternatives
P1,NEEDS_RELATIONSHIP_FIX,alternatives,padel,adidas-courtstabil-padel,/products/adidas-courtstabil-padel/alternatives,published,INELIGIBLE,N/A,HIDDEN_404,parent_product_hidden|vertical_hold,n/a,alts:1|types:1,source:adidas-courtstabil-padel;alt:joma-t-slam,need ≥3 alternatives (have 1);need ≥2 distinct alternative types;need meaningful unique reasons on ≥3 alts,Adidas Courtquick Padel alternatives
P1,NEEDS_RELATIONSHIP_FIX,alternatives,padel,adidas-crazyquick-boost-padel-women,/products/adidas-crazyquick-boost-padel-women/alternatives,published,INELIGIBLE,N/A,HIDDEN_404,parent_product_hidden|vertical_hold,n/a,alts:0|types:0,source:adidas-crazyquick-boost-padel-women,need ≥3 alternatives (have 0);need ≥2 distinct alternative types;need meaningful unique reasons on ≥3 alts;field_alts_without_graph,Adidas Crazyquick Boost Padel Women alternatives
P1,NEEDS_RELATIONSHIP_FIX,alternatives,padel,adidas-crazyquick-boost-padel,/products/adidas-crazyquick-boost-padel/alternatives,published,INELIGIBLE,N/A,HIDDEN_404,parent_product_hidden|vertical_hold,n/a,alts:0|types:0,source:adidas-crazyquick-boost-padel,need ≥3 alternatives (have 0);need ≥2 distinct alternative types;need meaningful unique reasons on ≥3 alts;field_alts_without_graph,Adidas Crazyquick Boost Padel alternatives
P1,NEEDS_RELATIONSHIP_FIX,alternatives,fitness,adidas-dropset-2,/products/adidas-dropset-2/alternatives,published,INELIGIBLE,N/A,HIDDEN_404,parent_product_hidden|vertical_hold,n/a,alts:0|types:0,source:adidas-dropset-2,need ≥3 alternatives (have 0);need ≥2 distinct alternative types;need meaningful unique reasons on ≥3 alts;field_alts_without_graph,adidas Dropset 2 alternatives
P1,NEEDS_RELATIONSHIP_FIX,alternatives,fitness,adidas-dropset-3,/products/adidas-dropset-3/alternatives,published,INELIGIBLE,N/A,HIDDEN_404,parent_product_hidden|vertical_hold,n/a,alts:0|types:0,source:adidas-dropset-3,need ≥3 alternatives (have 0);need ≥2 distinct alternative types;need meaningful unique reasons on ≥3 alts;field_alts_without_graph,adidas Dropset 3 alternatives
P1,NEEDS_RELATIONSHIP_FIX,alternatives,padel,adidas-gamecourt-2,/products/adidas-gamecourt-2/alternatives,published,INELIGIBLE,N/A,HIDDEN_404,parent_product_hidden|vertical_hold,n/a,alts:0|types:0,source:adidas-gamecourt-2,need ≥3 alternatives (have 0);need ≥2 distinct alternative types;need meaningful unique reasons on ≥3 alts;field_alts_without_graph,Adidas Gamecourt 2 alternatives
P1,NEEDS_RELATIONSHIP_FIX,alternatives,padel,adidas-metalbone-2026,/products/adidas-metalbone-2026/alternatives,published,INELIGIBLE,N/A,HIDDEN_404,parent_product_hidden|vertical_hold,n/a,alts:1|types:1,source:adidas-metalbone-2026;alt:nox-at10-genius-12k-alum-xtrem-2026,need ≥3 alternatives (have 1);need ≥2 distinct alternative types;need meaningful unique reasons on ≥3 alts,Adidas Metalbone 2026 alternatives
P1,NEEDS_RELATIONSHIP_FIX,alternatives,padel,adidas-metalbone-hrd-2026,/products/adidas-metalbone-hrd-2026/alternatives,published,INELIGIBLE,N/A,HIDDEN_404,parent_product_hidden|vertical_hold,n/a,alts:1|types:1,source:adidas-metalbone-hrd-2026;alt:adidas-metalbone-2026,need ≥3 alternatives (have 1);need ≥2 distinct alternative types;need meaningful unique reasons on ≥3 alts,Adidas Metalbone HRD 2026 alternatives
P1,NEEDS_RELATIONSHIP_FIX,alternatives,fitness,adidas-powerlift-5,/products/adidas-powerlift-5/alternatives,published,INELIGIBLE,N/A,HIDDEN_404,parent_product_hidden|vertical_hold,n/a,alts:0|types:0,source:adidas-powerlift-5,need ≥3 alternatives (have 0);need ≥2 distinct alternative types;need meaningful unique reasons on ≥3 alts;field_alts_without_graph,adidas Powerlift 5 alternatives
P1,NEEDS_RELATIONSHIP_FIX,alternatives,fitness,adidas-rapidmove-adv,/products/adidas-rapidmove-adv/alternatives,published,INELIGIBLE,N/A,HIDDEN_404,parent_product_hidden|vertical_hold,n/a,alts:0|types:0,source:adidas-rapidmove-adv,need ≥3 alternatives (have 0);need ≥2 distinct alternative types;need meaningful unique reasons on ≥3 alts;field_alts_without_graph,adidas Rapidmove ADV alternatives
P1,NEEDS_RELATIONSHIP_FIX,alternatives,padel,adidas-solecourt-boost-padel,/products/adidas-solecourt-boost-padel/alternatives,draft,INELIGIBLE,N/A,HIDDEN_404,parent_product_hidden|vertical_hold,n/a,alts:0|types:0,source:adidas-solecourt-boost-padel,source product not published;need ≥3 alternatives (have 0);need ≥2 distinct alternative types;need meaningful unique reasons on ≥3 alts;field_alts_without_graph,Adidas Solecourt Boost Padel alternatives
P1,NEEDS_RELATIONSHIP_FIX,alternatives,padel,adidas-solematch-control-2,/products/adidas-solematch-control-2/alternatives,published,INELIGIBLE,N/A,HIDDEN_404,parent_product_hidden|vertical_hold,n/a,alts:0|types:0,source:adidas-solematch-control-2,need ≥3 alternatives (have 0);need ≥2 distinct alternative types;need meaningful unique reasons on ≥3 alts;field_alts_without_graph,Adidas Solematch Control 2 alternatives
P1,NEEDS_RELATIONSHIP_FIX,alternatives,fitness,adidas-the-total,/products/adidas-the-total/alternatives,published,INELIGIBLE,N/A,HIDDEN_404,parent_product_hidden|vertical_hold,n/a,alts:0|types:0,source:adidas-the-total,need ≥3 alternatives (have 0);need ≥2 distinct alternative types;need meaningful unique reasons on ≥3 alts;field_alts_without_graph,adidas The Total alternatives
P1,NEEDS_RELATIONSHIP_FIX,alternatives,padel,asics-game-ff-padel,/products/asics-game-ff-padel/alternatives,published,INELIGIBLE,N/A,HIDDEN_404,parent_product_hidden|vertical_hold,n/a,alts:0|types:0,source:asics-game-ff-padel,need ≥3 alternatives (have 0);need ≥2 distinct alternative types;need meaningful unique reasons on ≥3 alts;field_alts_without_graph,ASICS Game FF Padel alternatives
P1,NEEDS_RELATIONSHIP_FIX,alternatives,padel,asics-gel-challenger-court,/products/asics-gel-challenger-court/alternatives,published,INELIGIBLE,N/A,HIDDEN_404,parent_product_hidden|vertical_hold,n/a,alts:1|types:1,source:asics-gel-challenger-court;alt:asics-gel-resolution-padel,need ≥3 alternatives (have 1);need ≥2 distinct alternative types;need meaningful unique reasons on ≥3 alts,ASICS Gel-Challenger Court alternatives
P1,NEEDS_RELATIONSHIP_FIX,alternatives,padel,asics-gel-dedicate-8-padel,/products/asics-gel-dedicate-8-padel/alternatives,published,INELIGIBLE,N/A,HIDDEN_404,parent_product_hidden|vertical_hold,n/a,alts:0|types:0,source:asics-gel-dedicate-8-padel,need ≥3 alternatives (have 0);need ≥2 distinct alternative types;need meaningful unique reasons on ≥3 alts;field_alts_without_graph,ASICS Gel-Dedicate 8 Padel alternatives
P1,NEEDS_RELATIONSHIP_FIX,alternatives,padel,asics-gel-dedicate-8,/products/asics-gel-dedicate-8/alternatives,published,INELIGIBLE,N/A,HIDDEN_404,parent_product_hidden|vertical_hold,n/a,alts:0|types:0,source:asics-gel-dedicate-8,need ≥3 alternatives (have 0);need ≥2 distinct alternative types;need meaningful unique reasons on ≥3 alts;field_alts_without_graph,ASICS Gel-Dedicate 8 alternatives
P1,NEEDS_RELATIONSHIP_FIX,alternatives,fitness,asics-gel-quantum-360-8,/products/asics-gel-quantum-360-8/alternatives,published,INELIGIBLE,N/A,HIDDEN_404,parent_product_hidden|vertical_hold,n/a,alts:0|types:0,source:asics-gel-quantum-360-8,need ≥3 alternatives (have 0);need ≥2 distinct alternative types;need meaningful unique reasons on ≥3 alts;field_alts_without_graph,ASICS GEL-Quantum 360 8 alternatives
P1,NEEDS_RELATIONSHIP_FIX,alternatives,padel,asics-gel-resolution-9-clay,/products/asics-gel-resolution-9-clay/alternatives,published,INELIGIBLE,N/A,HIDDEN_404,parent_product_hidden|vertical_hold,n/a,alts:0|types:0,source:asics-gel-resolution-9-clay,need ≥3 alternatives (have 0);need ≥2 distinct alternative types;need meaningful unique reasons on ≥3 alts;field_alts_without_graph,ASICS Gel-Resolution 9 Clay alternatives
P1,NEEDS_RELATIONSHIP_FIX,alternatives,padel,asics-gel-resolution-padel-women,/products/asics-gel-resolution-padel-women/alternatives,published,INELIGIBLE,N/A,HIDDEN_404,parent_product_hidden|vertical_hold,n/a,alts:0|types:0,source:asics-gel-resolution-padel-women,need ≥3 alternatives (have 0);need ≥2 distinct alternative types;need meaningful unique reasons on ≥3 alts;field_alts_without_graph,ASICS Gel-Resolution Padel Women alternatives
P1,NEEDS_RELATIONSHIP_FIX,alternatives,padel,asics-gel-resolution-padel,/products/asics-gel-resolution-padel/alternatives,published,INELIGIBLE,N/A,HIDDEN_404,parent_product_hidden|vertical_hold,n/a,alts:1|types:1,source:asics-gel-resolution-padel;alt:asics-gel-challenger-court,need ≥3 alternatives (have 1);need ≥2 distinct alternative types;need meaningful unique reasons on ≥3 alts,ASICS Gel-Resolution Padel alternatives
P1,NEEDS_RELATIONSHIP_FIX,alternatives,padel,asics-solution-speed-ff-3,/products/asics-solution-speed-ff-3/alternatives,published,INELIGIBLE,N/A,HIDDEN_404,parent_product_hidden|vertical_hold,n/a,alts:0|types:0,source:asics-solution-speed-ff-3,need ≥3 alternatives (have 0);need ≥2 distinct alternative types;need meaningful unique reasons on ≥3 alts;field_alts_without_graph,ASICS Solution Speed FF 3 alternatives
P1,NEEDS_RELATIONSHIP_FIX,alternatives,padel,asics-solution-swift-ff-padel-women,/products/asics-solution-swift-ff-padel-women/alternatives,published,INELIGIBLE,N/A,HIDDEN_404,parent_product_hidden|vertical_hold,n/a,alts:0|types:0,source:asics-solution-swift-ff-padel-women,need ≥3 alternatives (have 0);need ≥2 distinct alternative types;need meaningful unique reasons on ≥3 alts;field_alts_without_graph,ASICS Solution Swift FF Padel Women alternatives
P1,NEEDS_RELATIONSHIP_FIX,alternatives,padel,asics-solution-swift-ff2-padel,/products/asics-solution-swift-ff2-padel/alternatives,published,INELIGIBLE,N/A,HIDDEN_404,parent_product_hidden|vertical_hold,n/a,alts:0|types:0,source:asics-solution-swift-ff2-padel,need ≥3 alternatives (have 0);need ≥2 distinct alternative types;need meaningful unique reasons on ≥3 alts;field_alts_without_graph,ASICS Solution Swift FF 2 Padel alternatives
P1,NEEDS_RELATIONSHIP_FIX,alternatives,padel,babolat-counter-viper-2026,/products/babolat-counter-viper-2026/alternatives,published,INELIGIBLE,N/A,HIDDEN_404,parent_product_hidden|vertical_hold,n/a,alts:1|types:1,source:babolat-counter-viper-2026;alt:babolat-technical-viper-2026,need ≥3 alternatives (have 1);need ≥2 distinct alternative types;need meaningful unique reasons on ≥3 alts,Babolat Counter Viper 2026 alternatives
P1,NEEDS_RELATIONSHIP_FIX,alternatives,padel,babolat-jet-mach-3,/products/babolat-jet-mach-3/alternatives,published,INELIGIBLE,N/A,HIDDEN_404,parent_product_hidden|vertical_hold,n/a,alts:0|types:0,source:babolat-jet-mach-3,need ≥3 alternatives (have 0);need ≥2 distinct alternative types;need meaningful unique reasons on ≥3 alts;field_alts_without_graph,Babolat Jet Mach 3 alternatives
P1,NEEDS_RELATIONSHIP_FIX,alternatives,padel,babolat-jet-premura-2,/products/babolat-jet-premura-2/alternatives,published,INELIGIBLE,N/A,HIDDEN_404,parent_product_hidden|vertical_hold,n/a,alts:0|types:0,source:babolat-jet-premura-2,need ≥3 alternatives (have 0);need ≥2 distinct alternative types;need meaningful unique reasons on ≥3 alts;field_alts_without_graph,Babolat Jet Premura 2 alternatives
P1,NEEDS_RELATIONSHIP_FIX,alternatives,padel,babolat-jet-premura,/products/babolat-jet-premura/alternatives,published,INELIGIBLE,N/A,HIDDEN_404,parent_product_hidden|vertical_hold,n/a,alts:1|types:1,source:babolat-jet-premura;alt:joma-t-slam,need ≥3 alternatives (have 1);need ≥2 distinct alternative types;need meaningful unique reasons on ≥3 alts,Babolat Jet Premura alternatives
P1,NEEDS_RELATIONSHIP_FIX,alternatives,padel,babolat-movea-2,/products/babolat-movea-2/alternatives,published,INELIGIBLE,N/A,HIDDEN_404,parent_product_hidden|vertical_hold,n/a,alts:0|types:0,source:babolat-movea-2,need ≥3 alternatives (have 0);need ≥2 distinct alternative types;need meaningful unique reasons on ≥3 alts;field_alts_without_graph,Babolat Movea 2 alternatives
P1,NEEDS_RELATIONSHIP_FIX,alternatives,padel,babolat-propulse-fury-3,/products/babolat-propulse-fury-3/alternatives,published,INELIGIBLE,N/A,HIDDEN_404,parent_product_hidden|vertical_hold,n/a,alts:0|types:0,source:babolat-propulse-fury-3,need ≥3 alternatives (have 0);need ≥2 distinct alternative types;need meaningful unique reasons on ≥3 alts;field_alts_without_graph,Babolat Propulse Fury 3 alternatives
P1,NEEDS_RELATIONSHIP_FIX,alternatives,tennis,babolat-pure-aero-2023,/products/babolat-pure-aero-2023/alternatives,published,INELIGIBLE,N/A,HIDDEN_404,parent_product_hidden|vertical_hold,n/a,alts:1|types:1,source:babolat-pure-aero-2023;alt:babolat-pure-aero-2026,need ≥3 alternatives (have 1);need ≥2 distinct alternative types;need meaningful unique reasons on ≥3 alts,Babolat Pure Aero 2023 alternatives
P1,NEEDS_RELATIONSHIP_FIX,alternatives,tennis,babolat-pure-aero-2026,/products/babolat-pure-aero-2026/alternatives,published,INELIGIBLE,N/A,HIDDEN_404,parent_product_hidden|vertical_hold,n/a,alts:2|types:2,source:babolat-pure-aero-2026;alt:yonex-vcore-100-2023;alt:yonex-vcore-100-2023,need ≥3 alternatives (have 2);need meaningful unique reasons on ≥3 alts,Babolat Pure Aero 100 Gen9 2026 alternatives
P1,NEEDS_RELATIONSHIP_FIX,alternatives,tennis,babolat-pure-drive-2025,/products/babolat-pure-drive-2025/alternatives,published,INELIGIBLE,N/A,HIDDEN_404,parent_product_hidden|vertical_hold,n/a,alts:1|types:1,source:babolat-pure-drive-2025;alt:babolat-pure-drive-gen11,need ≥3 alternatives (have 1);need ≥2 distinct alternative types;need meaningful unique reasons on ≥3 alts,Babolat Pure Drive 2025 alternatives
P1,NEEDS_RELATIONSHIP_FIX,alternatives,tennis,babolat-pure-drive-gen11,/products/babolat-pure-drive-gen11/alternatives,published,INELIGIBLE,N/A,HIDDEN_404,parent_product_hidden|vertical_hold,n/a,alts:0|types:0,source:babolat-pure-drive-gen11,need ≥3 alternatives (have 0);need ≥2 distinct alternative types;need meaningful unique reasons on ≥3 alts;field_alts_without_graph,Babolat Pure Drive Gen11 100 alternatives
P1,NEEDS_RELATIONSHIP_FIX,alternatives,padel,babolat-sensa-women,/products/babolat-sensa-women/alternatives,published,INELIGIBLE,N/A,HIDDEN_404,parent_product_hidden|vertical_hold,n/a,alts:0|types:0,source:babolat-sensa-women,need ≥3 alternatives (have 0);need ≥2 distinct alternative types;need meaningful unique reasons on ≥3 alts;field_alts_without_graph,Babolat Sensa Women alternatives
P1,NEEDS_RELATIONSHIP_FIX,alternatives,padel,babolat-technical-viper-2026,/products/babolat-technical-viper-2026/alternatives,published,INELIGIBLE,N/A,HIDDEN_404,parent_product_hidden|vertical_hold,n/a,alts:0|types:0,source:babolat-technical-viper-2026,need ≥3 alternatives (have 0);need ≥2 distinct alternative types;need meaningful unique reasons on ≥3 alts;field_alts_without_graph,Babolat Technical Viper 2026 alternatives
P1,NEEDS_RELATIONSHIP_FIX,alternatives,fitness,bear-komplex-valor,/products/bear-komplex-valor/alternatives,review,INELIGIBLE,N/A,HIDDEN_404,parent_product_hidden|vertical_hold,n/a,alts:0|types:0,source:bear-komplex-valor,source product not published;need ≥3 alternatives (have 0);need ≥2 distinct alternative types;need meaningful unique reasons on ≥3 alts;field_alts_without_graph,Bear KompleX Valor alternatives
P1,NEEDS_RELATIONSHIP_FIX,alternatives,padel,black-crown-special-one-soft,/products/black-crown-special-one-soft/alternatives,published,INELIGIBLE,N/A,HIDDEN_404,parent_product_hidden|vertical_hold,n/a,alts:1|types:1,source:black-crown-special-one-soft;alt:lok-maxx-flow,need ≥3 alternatives (have 1);need ≥2 distinct alternative types;need meaningful unique reasons on ≥3 alts,Black Crown Special One Soft alternatives
P1,NEEDS_RELATIONSHIP_FIX,alternatives,fitness,bowflex-selecttech-1090,/products/bowflex-selecttech-1090/alternatives,published,INELIGIBLE,N/A,HIDDEN_404,parent_product_hidden|vertical_hold,n/a,alts:0|types:0,source:bowflex-selecttech-1090,need ≥3 alternatives (have 0);need ≥2 distinct alternative types;need meaningful unique reasons on ≥3 alts;field_alts_without_graph,Bowflex SelectTech 1090 alternatives
P1,NEEDS_RELATIONSHIP_FIX,alternatives,fitness,bowflex-selecttech-552,/products/bowflex-selecttech-552/alternatives,published,INELIGIBLE,N/A,HIDDEN_404,parent_product_hidden|vertical_hold,n/a,alts:0|types:0,source:bowflex-selecttech-552,need ≥3 alternatives (have 0);need ≥2 distinct alternative types;need meaningful unique reasons on ≥3 alts;field_alts_without_graph,Bowflex SelectTech 552 alternatives
P1,NEEDS_RELATIONSHIP_FIX,alternatives,padel,bullpadel-hack-03,/products/bullpadel-hack-03/alternatives,published,INELIGIBLE,N/A,HIDDEN_404,parent_product_hidden|vertical_hold,n/a,alts:1|types:1,source:bullpadel-hack-03;alt:bullpadel-hack-04-2026,need ≥3 alternatives (have 1);need ≥2 distinct alternative types;need meaningful unique reasons on ≥3 alts,Bullpadel Hack 03 alternatives
P1,NEEDS_RELATIONSHIP_FIX,alternatives,padel,bullpadel-hack-04-2026,/products/bullpadel-hack-04-2026/alternatives,published,INELIGIBLE,N/A,HIDDEN_404,parent_product_hidden|vertical_hold,n/a,alts:2|types:2,source:bullpadel-hack-04-2026;alt:bullpadel-hack-03;alt:bullpadel-vertex-05-2026,need ≥3 alternatives (have 2);need meaningful unique reasons on ≥3 alts,Bullpadel Hack 04 2026 alternatives
P1,NEEDS_RELATIONSHIP_FIX,alternatives,padel,bullpadel-hack-hybrid,/products/bullpadel-hack-hybrid/alternatives,published,INELIGIBLE,N/A,HIDDEN_404,parent_product_hidden|vertical_hold,n/a,alts:0|types:0,source:bullpadel-hack-hybrid,need ≥3 alternatives (have 0);need ≥2 distinct alternative types;need meaningful unique reasons on ≥3 alts;field_alts_without_graph,Bullpadel Hack Hybrid alternatives
P1,NEEDS_RELATIONSHIP_FIX,alternatives,padel,bullpadel-hybrid-fly,/products/bullpadel-hybrid-fly/alternatives,published,INELIGIBLE,N/A,HIDDEN_404,parent_product_hidden|vertical_hold,n/a,alts:0|types:0,source:bullpadel-hybrid-fly,need ≥3 alternatives (have 0);need ≥2 distinct alternative types;need meaningful unique reasons on ≥3 alts;field_alts_without_graph,Bullpadel Hybrid Fly alternatives
P1,NEEDS_RELATIONSHIP_FIX,alternatives,padel,bullpadel-ionic-woman,/products/bullpadel-ionic-woman/alternatives,published,INELIGIBLE,N/A,HIDDEN_404,parent_product_hidden|vertical_hold,n/a,alts:0|types:0,source:bullpadel-ionic-woman,need ≥3 alternatives (have 0);need ≥2 distinct alternative types;need meaningful unique reasons on ≥3 alts;field_alts_without_graph,Bullpadel Ionic Woman alternatives
P1,NEEDS_RELATIONSHIP_FIX,alternatives,padel,bullpadel-vertex-04,/products/bullpadel-vertex-04/alternatives,published,INELIGIBLE,N/A,HIDDEN_404,parent_product_hidden|vertical_hold,n/a,alts:1|types:1,source:bullpadel-vertex-04;alt:bullpadel-vertex-05-2026,need ≥3 alternatives (have 1);need ≥2 distinct alternative types;need meaningful unique reasons on ≥3 alts,Bullpadel Vertex 04 alternatives
P1,NEEDS_RELATIONSHIP_FIX,alternatives,fitness,do-win-classic,/products/do-win-classic/alternatives,published,INELIGIBLE,N/A,HIDDEN_404,parent_product_hidden|vertical_hold,n/a,alts:0|types:0,source:do-win-classic,need ≥3 alternatives (have 0);need ≥2 distinct alternative types;need meaningful unique reasons on ≥3 alts;field_alts_without_graph,Do-Win Classic Weightlifting Shoe alternatives
P1,NEEDS_RELATIONSHIP_FIX,alternatives,fitness,domyos-mid-500,/products/domyos-mid-500/alternatives,review,INELIGIBLE,N/A,HIDDEN_404,parent_product_hidden|vertical_hold,n/a,alts:0|types:0,source:domyos-mid-500,source product not published;need ≥3 alternatives (have 0);need ≥2 distinct alternative types;need meaningful unique reasons on ≥3 alts;field_alts_without_graph,Domyos Mid 500 alternatives
P1,NEEDS_RELATIONSHIP_FIX,alternatives,padel,drop-shot-canyon-pro-2026,/products/drop-shot-canyon-pro-2026/alternatives,published,INELIGIBLE,N/A,HIDDEN_404,parent_product_hidden|vertical_hold,n/a,alts:1|types:1,source:drop-shot-canyon-pro-2026;alt:tecnifibre-wall-breaker-365,need ≥3 alternatives (have 1);need ≥2 distinct alternative types;need meaningful unique reasons on ≥3 alts,Drop Shot Canyon Pro 2026 alternatives
P1,NEEDS_RELATIONSHIP_FIX,alternatives,tennis,dunlop-cx-200,/products/dunlop-cx-200/alternatives,published,INELIGIBLE,N/A,HIDDEN_404,parent_product_hidden|vertical_hold,n/a,alts:1|types:1,source:dunlop-cx-200;alt:head-radical-mp-2023,need ≥3 alternatives (have 1);need ≥2 distinct alternative types;need meaningful unique reasons on ≥3 alts,Dunlop CX 200 alternatives
P1,NEEDS_RELATIONSHIP_FIX,alternatives,fitness,eleiko-sport-bumper-set,/products/eleiko-sport-bumper-set/alternatives,published,INELIGIBLE,N/A,HIDDEN_404,parent_product_hidden|vertical_hold,n/a,alts:0|types:0,source:eleiko-sport-bumper-set,need ≥3 alternatives (have 0);need ≥2 distinct alternative types;need meaningful unique reasons on ≥3 alts;field_alts_without_graph,Eleiko Sport Bumper Plate Set alternatives
P1,NEEDS_RELATIONSHIP_FIX,alternatives,padel,head-coello-pro-2026,/products/head-coello-pro-2026/alternatives,published,INELIGIBLE,N/A,HIDDEN_404,parent_product_hidden|vertical_hold,n/a,alts:1|types:1,source:head-coello-pro-2026;alt:babolat-technical-viper-2026,need ≥3 alternatives (have 1);need ≥2 distinct alternative types;need meaningful unique reasons on ≥3 alts,Head Coello Pro 2026 alternatives
P1,NEEDS_RELATIONSHIP_FIX,alternatives,padel,head-extreme-motion-2026,/products/head-extreme-motion-2026/alternatives,published,INELIGIBLE,N/A,HIDDEN_404,parent_product_hidden|vertical_hold,n/a,alts:1|types:1,source:head-extreme-motion-2026;alt:black-crown-special-one-soft,need ≥3 alternatives (have 1);need ≥2 distinct alternative types;need meaningful unique reasons on ≥3 alts,Head Extreme Motion 2026 alternatives
P1,NEEDS_RELATIONSHIP_FIX,alternatives,padel,head-extreme-pro-padel-2026,/products/head-extreme-pro-padel-2026/alternatives,published,INELIGIBLE,N/A,HIDDEN_404,parent_product_hidden|vertical_hold,n/a,alts:1|types:1,source:head-extreme-pro-padel-2026;alt:head-extreme-motion-2026,need ≥3 alternatives (have 1);need ≥2 distinct alternative types;need meaningful unique reasons on ≥3 alts,Head Extreme Pro Padel 2026 alternatives
P1,NEEDS_RELATIONSHIP_FIX,alternatives,tennis,head-radical-mp-2023,/products/head-radical-mp-2023/alternatives,published,INELIGIBLE,N/A,HIDDEN_404,parent_product_hidden|vertical_hold,n/a,alts:0|types:0,source:head-radical-mp-2023,need ≥3 alternatives (have 0);need ≥2 distinct alternative types;need meaningful unique reasons on ≥3 alts;field_alts_without_graph,Head Radical MP 2023 alternatives
P1,NEEDS_RELATIONSHIP_FIX,alternatives,padel,head-revolt-court-padel,/products/head-revolt-court-padel/alternatives,draft,INELIGIBLE,N/A,HIDDEN_404,parent_product_hidden|vertical_hold,n/a,alts:0|types:0,source:head-revolt-court-padel,source product not published;need ≥3 alternatives (have 0);need ≥2 distinct alternative types;need meaningful unique reasons on ≥3 alts;field_alts_without_graph,HEAD Revolt Court Padel alternatives
P1,NEEDS_RELATIONSHIP_FIX,alternatives,padel,head-revolt-pro-4-5,/products/head-revolt-pro-4-5/alternatives,published,INELIGIBLE,N/A,HIDDEN_404,parent_product_hidden|vertical_hold,n/a,alts:0|types:0,source:head-revolt-pro-4-5,need ≥3 alternatives (have 0);need ≥2 distinct alternative types;need meaningful unique reasons on ≥3 alts;field_alts_without_graph,HEAD Revolt Pro 4.5 alternatives
P1,NEEDS_RELATIONSHIP_FIX,alternatives,padel,head-revolt-pro-court,/products/head-revolt-pro-court/alternatives,published,INELIGIBLE,N/A,HIDDEN_404,parent_product_hidden|vertical_hold,n/a,alts:0|types:0,source:head-revolt-pro-court,need ≥3 alternatives (have 0);need ≥2 distinct alternative types;need meaningful unique reasons on ≥3 alts;field_alts_without_graph,Head Revolt Pro Court alternatives
P1,NEEDS_RELATIONSHIP_FIX,alternatives,tennis,head-speed-mp-2024,/products/head-speed-mp-2024/alternatives,published,INELIGIBLE,N/A,HIDDEN_404,parent_product_hidden|vertical_hold,n/a,alts:1|types:1,source:head-speed-mp-2024;alt:head-speed-mp-2026,need ≥3 alternatives (have 1);need ≥2 distinct alternative types;need meaningful unique reasons on ≥3 alts,Head Speed MP 2024 alternatives
P1,NEEDS_RELATIONSHIP_FIX,alternatives,tennis,head-speed-mp-2026,/products/head-speed-mp-2026/alternatives,published,INELIGIBLE,N/A,HIDDEN_404,parent_product_hidden|vertical_hold,n/a,alts:0|types:0,source:head-speed-mp-2026,need ≥3 alternatives (have 0);need ≥2 distinct alternative types;need meaningful unique reasons on ≥3 alts;field_alts_without_graph,Head Speed MP 2026 alternatives
P1,NEEDS_RELATIONSHIP_FIX,alternatives,padel,head-sprint-pro-3-5,/products/head-sprint-pro-3-5/alternatives,published,INELIGIBLE,N/A,HIDDEN_404,parent_product_hidden|vertical_hold,n/a,alts:0|types:0,source:head-sprint-pro-3-5,need ≥3 alternatives (have 0);need ≥2 distinct alternative types;need meaningful unique reasons on ≥3 alts;field_alts_without_graph,HEAD Sprint Pro 3.5 alternatives
P1,NEEDS_RELATIONSHIP_FIX,alternatives,padel,head-sprint-pro-4-padel,/products/head-sprint-pro-4-padel/alternatives,published,INELIGIBLE,N/A,HIDDEN_404,parent_product_hidden|vertical_hold,n/a,alts:0|types:0,source:head-sprint-pro-4-padel,need ≥3 alternatives (have 0);need ≥2 distinct alternative types;need meaningful unique reasons on ≥3 alts;field_alts_without_graph,Head Sprint Pro 4.0 Padel alternatives
P1,NEEDS_RELATIONSHIP_FIX,alternatives,fitness,hoka-transport,/products/hoka-transport/alternatives,published,INELIGIBLE,N/A,HIDDEN_404,parent_product_hidden|vertical_hold,n/a,alts:0|types:0,source:hoka-transport,need ≥3 alternatives (have 0);need ≥2 distinct alternative types;need meaningful unique reasons on ≥3 alts;field_alts_without_graph,HOKA Transport alternatives
P1,NEEDS_RELATIONSHIP_FIX,alternatives,fitness,inov8-f-lite-235-v3,/products/inov8-f-lite-235-v3/alternatives,published,INELIGIBLE,N/A,HIDDEN_404,parent_product_hidden|vertical_hold,n/a,alts:0|types:0,source:inov8-f-lite-235-v3,need ≥3 alternatives (have 0);need ≥2 distinct alternative types;need meaningful unique reasons on ≥3 alts;field_alts_without_graph,Inov-8 F-Lite 235 v3 alternatives
P1,NEEDS_RELATIONSHIP_FIX,alternatives,fitness,inov8-f-lite-260,/products/inov8-f-lite-260/alternatives,published,INELIGIBLE,N/A,HIDDEN_404,parent_product_hidden|vertical_hold,n/a,alts:0|types:0,source:inov8-f-lite-260,need ≥3 alternatives (have 0);need ≥2 distinct alternative types;need meaningful unique reasons on ≥3 alts;field_alts_without_graph,Inov-8 F-Lite 260 alternatives
P1,NEEDS_RELATIONSHIP_FIX,alternatives,fitness,inov8-fastlift-360,/products/inov8-fastlift-360/alternatives,published,INELIGIBLE,N/A,HIDDEN_404,parent_product_hidden|vertical_hold,n/a,alts:0|types:0,source:inov8-fastlift-360,need ≥3 alternatives (have 0);need ≥2 distinct alternative types;need meaningful unique reasons on ≥3 alts;field_alts_without_graph,Inov-8 Fastlift 360 alternatives
P1,NEEDS_RELATIONSHIP_FIX,alternatives,fitness,inov8-fastlift-400,/products/inov8-fastlift-400/alternatives,published,INELIGIBLE,N/A,HIDDEN_404,parent_product_hidden|vertical_hold,n/a,alts:0|types:0,source:inov8-fastlift-400,need ≥3 alternatives (have 0);need ≥2 distinct alternative types;need meaningful unique reasons on ≥3 alts;field_alts_without_graph,Inov-8 Fastlift 400 alternatives
P1,NEEDS_RELATIONSHIP_FIX,alternatives,fitness,inov8-fastlift-power-g-380,/products/inov8-fastlift-power-g-380/alternatives,published,INELIGIBLE,N/A,HIDDEN_404,parent_product_hidden|vertical_hold,n/a,alts:0|types:0,source:inov8-fastlift-power-g-380,need ≥3 alternatives (have 0);need ≥2 distinct alternative types;need meaningful unique reasons on ≥3 alts;field_alts_without_graph,Inov-8 Fastlift Power G 380 alternatives
P1,NEEDS_RELATIONSHIP_FIX,alternatives,padel,joma-slam-lady,/products/joma-slam-lady/alternatives,published,INELIGIBLE,N/A,HIDDEN_404,parent_product_hidden|vertical_hold,n/a,alts:0|types:0,source:joma-slam-lady,need ≥3 alternatives (have 0);need ≥2 distinct alternative types;need meaningful unique reasons on ≥3 alts;field_alts_without_graph,Joma Slam Lady alternatives
P1,NEEDS_RELATIONSHIP_FIX,alternatives,padel,joma-spin-lady,/products/joma-spin-lady/alternatives,published,INELIGIBLE,N/A,HIDDEN_404,parent_product_hidden|vertical_hold,n/a,alts:0|types:0,source:joma-spin-lady,need ≥3 alternatives (have 0);need ≥2 distinct alternative types;need meaningful unique reasons on ≥3 alts;field_alts_without_graph,Joma Spin Lady alternatives
P1,NEEDS_RELATIONSHIP_FIX,alternatives,padel,joma-spin-men,/products/joma-spin-men/alternatives,published,INELIGIBLE,N/A,HIDDEN_404,parent_product_hidden|vertical_hold,n/a,alts:0|types:0,source:joma-spin-men,need ≥3 alternatives (have 0);need ≥2 distinct alternative types;need meaningful unique reasons on ≥3 alts;field_alts_without_graph,Joma Spin Men alternatives
P1,NEEDS_RELATIONSHIP_FIX,alternatives,padel,joma-t-slam,/products/joma-t-slam/alternatives,published,INELIGIBLE,N/A,HIDDEN_404,parent_product_hidden|vertical_hold,n/a,alts:1|types:1,source:joma-t-slam;alt:babolat-jet-premura,need ≥3 alternatives (have 1);need ≥2 distinct alternative types;need meaningful unique reasons on ≥3 alts,Joma T.Slam alternatives
P1,NEEDS_RELATIONSHIP_FIX,alternatives,padel,k-swiss-hypercourt-express-2,/products/k-swiss-hypercourt-express-2/alternatives,published,INELIGIBLE,N/A,HIDDEN_404,parent_product_hidden|vertical_hold,n/a,alts:0|types:0,source:k-swiss-hypercourt-express-2,need ≥3 alternatives (have 0);need ≥2 distinct alternative types;need meaningful unique reasons on ≥3 alts;field_alts_without_graph,K-Swiss Hypercourt Express 2 alternatives
P1,NEEDS_RELATIONSHIP_FIX,alternatives,padel,k-swiss-ultrashot-3,/products/k-swiss-ultrashot-3/alternatives,published,INELIGIBLE,N/A,HIDDEN_404,parent_product_hidden|vertical_hold,n/a,alts:0|types:0,source:k-swiss-ultrashot-3,need ≥3 alternatives (have 0);need ≥2 distinct alternative types;need meaningful unique reasons on ≥3 alts;field_alts_without_graph,K-Swiss Ultrashot 3 alternatives
P1,NEEDS_RELATIONSHIP_FIX,alternatives,padel,kuikma-pr-soft-500,/products/kuikma-pr-soft-500/alternatives,published,INELIGIBLE,N/A,HIDDEN_404,parent_product_hidden|vertical_hold,n/a,alts:1|types:1,source:kuikma-pr-soft-500;alt:black-crown-special-one-soft,need ≥3 alternatives (have 1);need ≥2 distinct alternative types;need meaningful unique reasons on ≥3 alts,Kuikma PR Soft 500 alternatives
P1,NEEDS_RELATIONSHIP_FIX,alternatives,padel,kuikma-ps-560-women,/products/kuikma-ps-560-women/alternatives,draft,INELIGIBLE,N/A,HIDDEN_404,parent_product_hidden|vertical_hold,n/a,alts:0|types:0,source:kuikma-ps-560-women,source product not published;need ≥3 alternatives (have 0);need ≥2 distinct alternative types;need meaningful unique reasons on ≥3 alts;field_alts_without_graph,Kuikma PS 560 Women alternatives
P1,NEEDS_RELATIONSHIP_FIX,alternatives,padel,kuikma-ps-990,/products/kuikma-ps-990/alternatives,published,INELIGIBLE,N/A,HIDDEN_404,parent_product_hidden|vertical_hold,n/a,alts:0|types:0,source:kuikma-ps-990,need ≥3 alternatives (have 0);need ≥2 distinct alternative types;need meaningful unique reasons on ≥3 alts;field_alts_without_graph,Kuikma PS 990 alternatives
P1,NEEDS_RELATIONSHIP_FIX,alternatives,padel,lok-maxx-flow,/products/lok-maxx-flow/alternatives,published,INELIGIBLE,N/A,HIDDEN_404,parent_product_hidden|vertical_hold,n/a,alts:0|types:0,source:lok-maxx-flow,need ≥3 alternatives (have 0);need ≥2 distinct alternative types;need meaningful unique reasons on ≥3 alts;field_alts_without_graph,Lok Maxx Flow alternatives
P1,NEEDS_RELATIONSHIP_FIX,alternatives,padel,lok-padel-one,/products/lok-padel-one/alternatives,published,INELIGIBLE,N/A,HIDDEN_404,parent_product_hidden|vertical_hold,n/a,alts:0|types:0,source:lok-padel-one,need ≥3 alternatives (have 0);need ≥2 distinct alternative types;need meaningful unique reasons on ≥3 alts;field_alts_without_graph,LOK Padel One alternatives
P1,NEEDS_RELATIONSHIP_FIX,alternatives,fitness,lululemon-strongfeel,/products/lululemon-strongfeel/alternatives,published,INELIGIBLE,N/A,HIDDEN_404,parent_product_hidden|vertical_hold,n/a,alts:0|types:0,source:lululemon-strongfeel,need ≥3 alternatives (have 0);need ≥2 distinct alternative types;need meaningful unique reasons on ≥3 alts;field_alts_without_graph,lululemon Strongfeel Training Shoe alternatives
P1,NEEDS_RELATIONSHIP_FIX,alternatives,fitness,mirafit-bumper-plate-set,/products/mirafit-bumper-plate-set/alternatives,published,INELIGIBLE,N/A,HIDDEN_404,parent_product_hidden|vertical_hold,n/a,alts:0|types:0,source:mirafit-bumper-plate-set,need ≥3 alternatives (have 0);need ≥2 distinct alternative types;need meaningful unique reasons on ≥3 alts;field_alts_without_graph,Mirafit Bumper Plate Set alternatives
P1,NEEDS_RELATIONSHIP_FIX,alternatives,padel,mizuno-wave-exceed-tour-5,/products/mizuno-wave-exceed-tour-5/alternatives,published,INELIGIBLE,N/A,HIDDEN_404,parent_product_hidden|vertical_hold,n/a,alts:0|types:0,source:mizuno-wave-exceed-tour-5,need ≥3 alternatives (have 0);need ≥2 distinct alternative types;need meaningful unique reasons on ≥3 alts;field_alts_without_graph,Mizuno Wave Exceed Tour 5 alternatives
P1,NEEDS_RELATIONSHIP_FIX,alternatives,fitness,nb-minimus-tr,/products/nb-minimus-tr/alternatives,published,INELIGIBLE,N/A,HIDDEN_404,parent_product_hidden|vertical_hold,n/a,alts:0|types:0,source:nb-minimus-tr,need ≥3 alternatives (have 0);need ≥2 distinct alternative types;need meaningful unique reasons on ≥3 alts;field_alts_without_graph,New Balance Minimus TR alternatives
P1,NEEDS_RELATIONSHIP_FIX,alternatives,padel,new-balance-996-v5,/products/new-balance-996-v5/alternatives,published,INELIGIBLE,N/A,HIDDEN_404,parent_product_hidden|vertical_hold,n/a,alts:0|types:0,source:new-balance-996-v5,need ≥3 alternatives (have 0);need ≥2 distinct alternative types;need meaningful unique reasons on ≥3 alts;field_alts_without_graph,New Balance 996 v5 alternatives
P1,NEEDS_RELATIONSHIP_FIX,alternatives,padel,new-balance-fresh-foam-x-lav-v2,/products/new-balance-fresh-foam-x-lav-v2/alternatives,draft,INELIGIBLE,N/A,HIDDEN_404,parent_product_hidden|vertical_hold,n/a,alts:0|types:0,source:new-balance-fresh-foam-x-lav-v2,source product not published;need ≥3 alternatives (have 0);need ≥2 distinct alternative types;need meaningful unique reasons on ≥3 alts;field_alts_without_graph,New Balance Fresh Foam X Lav v2 alternatives
P1,NEEDS_RELATIONSHIP_FIX,alternatives,padel,nike-court-air-zoom-vapor-cage-4,/products/nike-court-air-zoom-vapor-cage-4/alternatives,published,INELIGIBLE,N/A,HIDDEN_404,parent_product_hidden|vertical_hold,n/a,alts:0|types:0,source:nike-court-air-zoom-vapor-cage-4,need ≥3 alternatives (have 0);need ≥2 distinct alternative types;need meaningful unique reasons on ≥3 alts;field_alts_without_graph,NikeCourt Air Zoom Vapor Cage 4 Rafa alternatives
P1,NEEDS_RELATIONSHIP_FIX,alternatives,padel,nike-court-lite-4,/products/nike-court-lite-4/alternatives,published,INELIGIBLE,N/A,HIDDEN_404,parent_product_hidden|vertical_hold,n/a,alts:0|types:0,source:nike-court-lite-4,need ≥3 alternatives (have 0);need ≥2 distinct alternative types;need meaningful unique reasons on ≥3 alts;field_alts_without_graph,NikeCourt Lite 4 alternatives
P1,NEEDS_RELATIONSHIP_FIX,alternatives,fitness,nike-free-metcon-6,/products/nike-free-metcon-6/alternatives,published,INELIGIBLE,N/A,HIDDEN_404,parent_product_hidden|vertical_hold,n/a,alts:0|types:0,source:nike-free-metcon-6,need ≥3 alternatives (have 0);need ≥2 distinct alternative types;need meaningful unique reasons on ≥3 alts;field_alts_without_graph,Nike Free Metcon 6 alternatives
P1,NEEDS_RELATIONSHIP_FIX,alternatives,fitness,nike-metcon-8,/products/nike-metcon-8/alternatives,published,INELIGIBLE,N/A,HIDDEN_404,parent_product_hidden|vertical_hold,n/a,alts:0|types:0,source:nike-metcon-8,need ≥3 alternatives (have 0);need ≥2 distinct alternative types;need meaningful unique reasons on ≥3 alts;field_alts_without_graph,Nike Metcon 8 alternatives
P1,NEEDS_RELATIONSHIP_FIX,alternatives,fitness,nike-metcon-9,/products/nike-metcon-9/alternatives,published,INELIGIBLE,N/A,HIDDEN_404,parent_product_hidden|vertical_hold,n/a,alts:0|types:0,source:nike-metcon-9,need ≥3 alternatives (have 0);need ≥2 distinct alternative types;need meaningful unique reasons on ≥3 alts;field_alts_without_graph,Nike Metcon 9 alternatives
P1,NEEDS_RELATIONSHIP_FIX,alternatives,fitness,nike-romaleos-4,/products/nike-romaleos-4/alternatives,published,INELIGIBLE,N/A,HIDDEN_404,parent_product_hidden|vertical_hold,n/a,alts:0|types:0,source:nike-romaleos-4,need ≥3 alternatives (have 0);need ≥2 distinct alternative types;need meaningful unique reasons on ≥3 alts;field_alts_without_graph,Nike Romaleos 4 alternatives
P1,NEEDS_RELATIONSHIP_FIX,alternatives,fitness,nike-romaleos-5,/products/nike-romaleos-5/alternatives,published,INELIGIBLE,N/A,HIDDEN_404,parent_product_hidden|vertical_hold,n/a,alts:0|types:0,source:nike-romaleos-5,need ≥3 alternatives (have 0);need ≥2 distinct alternative types;need meaningful unique reasons on ≥3 alts;field_alts_without_graph,Nike Romaleos 5 alternatives
P1,NEEDS_RELATIONSHIP_FIX,alternatives,fitness,nike-savaleos,/products/nike-savaleos/alternatives,published,INELIGIBLE,N/A,HIDDEN_404,parent_product_hidden|vertical_hold,n/a,alts:0|types:0,source:nike-savaleos,need ≥3 alternatives (have 0);need ≥2 distinct alternative types;need meaningful unique reasons on ≥3 alts;field_alts_without_graph,Nike Savaleos alternatives
P1,NEEDS_RELATIONSHIP_FIX,alternatives,padel,nike-zoom-gp-turbo-hc-2,/products/nike-zoom-gp-turbo-hc-2/alternatives,draft,INELIGIBLE,N/A,HIDDEN_404,parent_product_hidden|vertical_hold,n/a,alts:0|types:0,source:nike-zoom-gp-turbo-hc-2,source product not published;need ≥3 alternatives (have 0);need ≥2 distinct alternative types;need meaningful unique reasons on ≥3 alts;field_alts_without_graph,NikeCourt Air Zoom GP Turbo HC 2 alternatives
P1,NEEDS_RELATIONSHIP_FIX,alternatives,fitness,nobull-outwork,/products/nobull-outwork/alternatives,published,INELIGIBLE,N/A,HIDDEN_404,parent_product_hidden|vertical_hold,n/a,alts:0|types:0,source:nobull-outwork,need ≥3 alternatives (have 0);need ≥2 distinct alternative types;need meaningful unique reasons on ≥3 alts;field_alts_without_graph,NOBULL Outwork alternatives
P1,NEEDS_RELATIONSHIP_FIX,alternatives,fitness,nobull-trail,/products/nobull-trail/alternatives,review,INELIGIBLE,N/A,HIDDEN_404,parent_product_hidden|vertical_hold,n/a,alts:0|types:0,source:nobull-trail,source product not published;need ≥3 alternatives (have 0);need ≥2 distinct alternative types;need meaningful unique reasons on ≥3 alts;field_alts_without_graph,NOBULL Trail alternatives
P1,NEEDS_RELATIONSHIP_FIX,alternatives,fitness,nobull-trainer-plus,/products/nobull-trainer-plus/alternatives,published,INELIGIBLE,N/A,HIDDEN_404,parent_product_hidden|vertical_hold,n/a,alts:0|types:0,source:nobull-trainer-plus,need ≥3 alternatives (have 0);need ≥2 distinct alternative types;need meaningful unique reasons on ≥3 alts;field_alts_without_graph,NOBULL Trainer+ alternatives
P1,NEEDS_RELATIONSHIP_FIX,alternatives,fitness,nobull-trainer,/products/nobull-trainer/alternatives,published,INELIGIBLE,N/A,HIDDEN_404,parent_product_hidden|vertical_hold,n/a,alts:0|types:0,source:nobull-trainer,need ≥3 alternatives (have 0);need ≥2 distinct alternative types;need meaningful unique reasons on ≥3 alts;field_alts_without_graph,NOBULL Trainer alternatives
P1,NEEDS_RELATIONSHIP_FIX,alternatives,padel,nox-at10-genius-18k-2026,/products/nox-at10-genius-18k-2026/alternatives,published,INELIGIBLE,N/A,HIDDEN_404,parent_product_hidden|vertical_hold,n/a,alts:1|types:1,source:nox-at10-genius-18k-2026;alt:nox-at10-genius-12k-alum-xtrem-2026,need ≥3 alternatives (have 1);need ≥2 distinct alternative types;need meaningful unique reasons on ≥3 alts,Nox AT10 Genius 18K 2026 alternatives
P1,NEEDS_RELATIONSHIP_FIX,alternatives,padel,nox-at10-lux,/products/nox-at10-lux/alternatives,published,INELIGIBLE,N/A,HIDDEN_404,parent_product_hidden|vertical_hold,n/a,alts:0|types:0,source:nox-at10-lux,need ≥3 alternatives (have 0);need ≥2 distinct alternative types;need meaningful unique reasons on ≥3 alts;field_alts_without_graph,Nox AT10 Lux alternatives
P1,NEEDS_RELATIONSHIP_FIX,alternatives,padel,nox-at10-pro,/products/nox-at10-pro/alternatives,published,INELIGIBLE,N/A,HIDDEN_404,parent_product_hidden|vertical_hold,n/a,alts:0|types:0,source:nox-at10-pro,need ≥3 alternatives (have 0);need ≥2 distinct alternative types;need meaningful unique reasons on ≥3 alts;field_alts_without_graph,Nox AT10 Pro alternatives
P1,NEEDS_RELATIONSHIP_FIX,alternatives,padel,nox-ml10-hexa,/products/nox-ml10-hexa/alternatives,published,INELIGIBLE,N/A,HIDDEN_404,parent_product_hidden|vertical_hold,n/a,alts:0|types:0,source:nox-ml10-hexa,need ≥3 alternatives (have 0);need ≥2 distinct alternative types;need meaningful unique reasons on ≥3 alts;field_alts_without_graph,Nox ML10 Hexa alternatives
P1,NEEDS_RELATIONSHIP_FIX,alternatives,padel,nox-ml10-pro-cup-2026,/products/nox-ml10-pro-cup-2026/alternatives,published,INELIGIBLE,N/A,HIDDEN_404,parent_product_hidden|vertical_hold,n/a,alts:1|types:1,source:nox-ml10-pro-cup-2026;alt:siux-diablo-revolution-2026,need ≥3 alternatives (have 1);need ≥2 distinct alternative types;need meaningful unique reasons on ≥3 alts,Nox ML10 Pro Cup 2026 alternatives
P1,NEEDS_RELATIONSHIP_FIX,alternatives,fitness,nuobell-50,/products/nuobell-50/alternatives,published,INELIGIBLE,N/A,HIDDEN_404,parent_product_hidden|vertical_hold,n/a,alts:0|types:0,source:nuobell-50,need ≥3 alternatives (have 0);need ≥2 distinct alternative types;need meaningful unique reasons on ≥3 alts;field_alts_without_graph,NÜOBELL 50 lb Adjustable Dumbbells alternatives
P1,NEEDS_RELATIONSHIP_FIX,alternatives,fitness,nuobell-80,/products/nuobell-80/alternatives,published,INELIGIBLE,N/A,HIDDEN_404,parent_product_hidden|vertical_hold,n/a,alts:0|types:0,source:nuobell-80,need ≥3 alternatives (have 0);need ≥2 distinct alternative types;need meaningful unique reasons on ≥3 alts;field_alts_without_graph,NÜOBELL 80 lb Adjustable Dumbbells alternatives
P1,NEEDS_RELATIONSHIP_FIX,alternatives,padel,oxdog-hyper-court,/products/oxdog-hyper-court/alternatives,published,INELIGIBLE,N/A,HIDDEN_404,parent_product_hidden|vertical_hold,n/a,alts:0|types:0,source:oxdog-hyper-court,need ≥3 alternatives (have 0);need ≥2 distinct alternative types;need meaningful unique reasons on ≥3 alts;field_alts_without_graph,Oxdog Hyper Court alternatives
P1,NEEDS_RELATIONSHIP_FIX,alternatives,padel,oxdog-sense-pro,/products/oxdog-sense-pro/alternatives,published,INELIGIBLE,N/A,HIDDEN_404,parent_product_hidden|vertical_hold,n/a,alts:1|types:1,source:oxdog-sense-pro;alt:nox-ml10-pro-cup-2026,need ≥3 alternatives (have 1);need ≥2 distinct alternative types;need meaningful unique reasons on ≥3 alts,Oxdog Sense Pro alternatives
P1,NEEDS_RELATIONSHIP_FIX,alternatives,fitness,powerblock-elite-exp-90,/products/powerblock-elite-exp-90/alternatives,published,INELIGIBLE,N/A,HIDDEN_404,parent_product_hidden|vertical_hold,n/a,alts:0|types:0,source:powerblock-elite-exp-90,need ≥3 alternatives (have 0);need ≥2 distinct alternative types;need meaningful unique reasons on ≥3 alts;field_alts_without_graph,PowerBlock Elite EXP 90 alternatives
P1,NEEDS_RELATIONSHIP_FIX,alternatives,fitness,powerblock-pro-series-100,/products/powerblock-pro-series-100/alternatives,published,INELIGIBLE,N/A,HIDDEN_404,parent_product_hidden|vertical_hold,n/a,alts:0|types:0,source:powerblock-pro-series-100,need ≥3 alternatives (have 0);need ≥2 distinct alternative types;need meaningful unique reasons on ≥3 alts;field_alts_without_graph,PowerBlock Pro Series 100 alternatives
P1,NEEDS_RELATIONSHIP_FIX,alternatives,fitness,powerblock-pro-series-50,/products/powerblock-pro-series-50/alternatives,published,INELIGIBLE,N/A,HIDDEN_404,parent_product_hidden|vertical_hold,n/a,alts:0|types:0,source:powerblock-pro-series-50,need ≥3 alternatives (have 0);need ≥2 distinct alternative types;need meaningful unique reasons on ≥3 alts;field_alts_without_graph,PowerBlock Pro Series 50 alternatives
P1,NEEDS_RELATIONSHIP_FIX,alternatives,padel,prince-t22,/products/prince-t22/alternatives,published,INELIGIBLE,N/A,HIDDEN_404,parent_product_hidden|vertical_hold,n/a,alts:0|types:0,source:prince-t22,need ≥3 alternatives (have 0);need ≥2 distinct alternative types;need meaningful unique reasons on ≥3 alts;field_alts_without_graph,Prince T22 alternatives
P1,NEEDS_RELATIONSHIP_FIX,alternatives,tennis,prince-textreme-tour-100p,/products/prince-textreme-tour-100p/alternatives,published,INELIGIBLE,N/A,HIDDEN_404,parent_product_hidden|vertical_hold,n/a,alts:1|types:1,source:prince-textreme-tour-100p;alt:wilson-clash-100-v3,need ≥3 alternatives (have 1);need ≥2 distinct alternative types;need meaningful unique reasons on ≥3 alts,Prince Textreme Tour 100P alternatives
P1,NEEDS_RELATIONSHIP_FIX,alternatives,fitness,puma-fuse-3,/products/puma-fuse-3/alternatives,published,INELIGIBLE,N/A,HIDDEN_404,parent_product_hidden|vertical_hold,n/a,alts:0|types:0,source:puma-fuse-3,need ≥3 alternatives (have 0);need ≥2 distinct alternative types;need meaningful unique reasons on ≥3 alts;field_alts_without_graph,PUMA Fuse 3.0 alternatives
P1,NEEDS_RELATIONSHIP_FIX,alternatives,fitness,puma-fuse-fasted,/products/puma-fuse-fasted/alternatives,published,INELIGIBLE,N/A,HIDDEN_404,parent_product_hidden|vertical_hold,n/a,alts:0|types:0,source:puma-fuse-fasted,need ≥3 alternatives (have 0);need ≥2 distinct alternative types;need meaningful unique reasons on ≥3 alts;field_alts_without_graph,PUMA Fuse Fasted alternatives
P1,NEEDS_RELATIONSHIP_FIX,alternatives,fitness,reebok-legacy-lifter-iii,/products/reebok-legacy-lifter-iii/alternatives,published,INELIGIBLE,N/A,HIDDEN_404,parent_product_hidden|vertical_hold,n/a,alts:0|types:0,source:reebok-legacy-lifter-iii,need ≥3 alternatives (have 0);need ≥2 distinct alternative types;need meaningful unique reasons on ≥3 alts;field_alts_without_graph,Reebok Legacy Lifter III alternatives
P1,NEEDS_RELATIONSHIP_FIX,alternatives,fitness,reebok-lifter-pr-iii,/products/reebok-lifter-pr-iii/alternatives,published,INELIGIBLE,N/A,HIDDEN_404,parent_product_hidden|vertical_hold,n/a,alts:0|types:0,source:reebok-lifter-pr-iii,need ≥3 alternatives (have 0);need ≥2 distinct alternative types;need meaningful unique reasons on ≥3 alts;field_alts_without_graph,Reebok Lifter PR III alternatives
P1,NEEDS_RELATIONSHIP_FIX,alternatives,fitness,reebok-nano-court,/products/reebok-nano-court/alternatives,published,INELIGIBLE,N/A,HIDDEN_404,parent_product_hidden|vertical_hold,n/a,alts:0|types:0,source:reebok-nano-court,need ≥3 alternatives (have 0);need ≥2 distinct alternative types;need meaningful unique reasons on ≥3 alts;field_alts_without_graph,Reebok Nano Court alternatives
P1,NEEDS_RELATIONSHIP_FIX,alternatives,fitness,reebok-nano-x3,/products/reebok-nano-x3/alternatives,published,INELIGIBLE,N/A,HIDDEN_404,parent_product_hidden|vertical_hold,n/a,alts:0|types:0,source:reebok-nano-x3,need ≥3 alternatives (have 0);need ≥2 distinct alternative types;need meaningful unique reasons on ≥3 alts;field_alts_without_graph,Reebok Nano X3 alternatives
P1,NEEDS_RELATIONSHIP_FIX,alternatives,fitness,reebok-nano-x4,/products/reebok-nano-x4/alternatives,published,INELIGIBLE,N/A,HIDDEN_404,parent_product_hidden|vertical_hold,n/a,alts:0|types:0,source:reebok-nano-x4,need ≥3 alternatives (have 0);need ≥2 distinct alternative types;need meaningful unique reasons on ≥3 alts;field_alts_without_graph,Reebok Nano X4 alternatives
P1,NEEDS_RELATIONSHIP_FIX,alternatives,fitness,rep-ab-5200,/products/rep-ab-5200/alternatives,published,INELIGIBLE,N/A,HIDDEN_404,parent_product_hidden|vertical_hold,n/a,alts:0|types:0,source:rep-ab-5200,need ≥3 alternatives (have 0);need ≥2 distinct alternative types;need meaningful unique reasons on ≥3 alts;field_alts_without_graph,REP AB-5200 Adjustable Bench alternatives
P1,NEEDS_RELATIONSHIP_FIX,alternatives,fitness,rep-quickdraw-adjustable-dumbbells,/products/rep-quickdraw-adjustable-dumbbells/alternatives,published,INELIGIBLE,N/A,HIDDEN_404,parent_product_hidden|vertical_hold,n/a,alts:0|types:0,source:rep-quickdraw-adjustable-dumbbells,need ≥3 alternatives (have 0);need ≥2 distinct alternative types;need meaningful unique reasons on ≥3 alts;field_alts_without_graph,REP Fitness Quickdraw Adjustable Dumbbells alternatives
P1,NEEDS_RELATIONSHIP_FIX,alternatives,padel,royal-padel-m27-poly-2026,/products/royal-padel-m27-poly-2026/alternatives,published,INELIGIBLE,N/A,HIDDEN_404,parent_product_hidden|vertical_hold,n/a,alts:2|types:2,source:royal-padel-m27-poly-2026;alt:lok-maxx-flow;alt:oxdog-sense-pro,need ≥3 alternatives (have 2);need meaningful unique reasons on ≥3 alts,Royal Padel M27 Poly 2026 alternatives
P1,NEEDS_RELATIONSHIP_FIX,alternatives,fitness,salming-race-9,/products/salming-race-9/alternatives,published,INELIGIBLE,N/A,HIDDEN_404,parent_product_hidden|vertical_hold,n/a,alts:0|types:0,source:salming-race-9,need ≥3 alternatives (have 0);need ≥2 distinct alternative types;need meaningful unique reasons on ≥3 alts;field_alts_without_graph,Salming Race 9 alternatives
P1,NEEDS_RELATIONSHIP_FIX,alternatives,fitness,salming-rebel,/products/salming-rebel/alternatives,published,INELIGIBLE,N/A,HIDDEN_404,parent_product_hidden|vertical_hold,n/a,alts:0|types:0,source:salming-rebel,need ≥3 alternatives (have 0);need ≥2 distinct alternative types;need meaningful unique reasons on ≥3 alts;field_alts_without_graph,Salming Rebel alternatives
P1,NEEDS_RELATIONSHIP_FIX,alternatives,padel,siux-comodo-woman,/products/siux-comodo-woman/alternatives,draft,INELIGIBLE,N/A,HIDDEN_404,parent_product_hidden|vertical_hold,n/a,alts:0|types:0,source:siux-comodo-woman,source product not published;need ≥3 alternatives (have 0);need ≥2 distinct alternative types;need meaningful unique reasons on ≥3 alts;field_alts_without_graph,Siux Comodo Woman alternatives
P1,NEEDS_RELATIONSHIP_FIX,alternatives,padel,siux-diablo-pro-padel,/products/siux-diablo-pro-padel/alternatives,draft,INELIGIBLE,N/A,HIDDEN_404,parent_product_hidden|vertical_hold,n/a,alts:0|types:0,source:siux-diablo-pro-padel,source product not published;need ≥3 alternatives (have 0);need ≥2 distinct alternative types;need meaningful unique reasons on ≥3 alts;field_alts_without_graph,Siux Diablo Pro alternatives
P1,NEEDS_RELATIONSHIP_FIX,alternatives,padel,siux-diablo-revolution-2026,/products/siux-diablo-revolution-2026/alternatives,published,INELIGIBLE,N/A,HIDDEN_404,parent_product_hidden|vertical_hold,n/a,alts:0|types:0,source:siux-diablo-revolution-2026,need ≥3 alternatives (have 0);need ≥2 distinct alternative types;need meaningful unique reasons on ≥3 alts;field_alts_without_graph,Siux Diablo Pro 2026 alternatives
P1,NEEDS_RELATIONSHIP_FIX,alternatives,fitness,sole-f80-treadmill,/products/sole-f80-treadmill/alternatives,published,INELIGIBLE,N/A,HIDDEN_404,parent_product_hidden|vertical_hold,n/a,alts:3|types:1,source:sole-f80-treadmill;alt:assaultrunner-pro;alt:mirafit-folding-treadmill;alt:assaultrunner-elite,need ≥2 distinct alternative types,Sole F80 Treadmill alternatives
P1,NEEDS_RELATIONSHIP_FIX,alternatives,padel,starvie-absolute-padel,/products/starvie-absolute-padel/alternatives,draft,INELIGIBLE,N/A,HIDDEN_404,parent_product_hidden|vertical_hold,n/a,alts:0|types:0,source:starvie-absolute-padel,source product not published;need ≥3 alternatives (have 0);need ≥2 distinct alternative types;need meaningful unique reasons on ≥3 alts;field_alts_without_graph,StarVie Absolute Padel alternatives
P1,NEEDS_RELATIONSHIP_FIX,alternatives,padel,starvie-basalto-osiris-2026,/products/starvie-basalto-osiris-2026/alternatives,published,INELIGIBLE,N/A,HIDDEN_404,parent_product_hidden|vertical_hold,n/a,alts:0|types:0,source:starvie-basalto-osiris-2026,need ≥3 alternatives (have 0);need ≥2 distinct alternative types;need meaningful unique reasons on ≥3 alts;field_alts_without_graph,StarVie Basalto Osiris 2026 alternatives
P1,NEEDS_RELATIONSHIP_FIX,alternatives,padel,starvie-titania-kepler-2026,/products/starvie-titania-kepler-2026/alternatives,published,INELIGIBLE,N/A,HIDDEN_404,parent_product_hidden|vertical_hold,n/a,alts:1|types:1,source:starvie-titania-kepler-2026;alt:starvie-basalto-osiris-2026,need ≥3 alternatives (have 1);need ≥2 distinct alternative types;need meaningful unique reasons on ≥3 alts,StarVie Titania Kepler 2026 alternatives
P1,NEEDS_RELATIONSHIP_FIX,alternatives,tennis,tecnifibre-tf40-305,/products/tecnifibre-tf40-305/alternatives,published,INELIGIBLE,N/A,HIDDEN_404,parent_product_hidden|vertical_hold,n/a,alts:1|types:1,source:tecnifibre-tf40-305;alt:wilson-blade-98-v9,need ≥3 alternatives (have 1);need ≥2 distinct alternative types;need meaningful unique reasons on ≥3 alts,Tecnifibre TF40 305 16x19 alternatives
P1,NEEDS_RELATIONSHIP_FIX,alternatives,tennis,tecnifibre-tfight-300s-2025,/products/tecnifibre-tfight-300s-2025/alternatives,published,INELIGIBLE,N/A,HIDDEN_404,parent_product_hidden|vertical_hold,n/a,alts:0|types:0,source:tecnifibre-tfight-300s-2025,need ≥3 alternatives (have 0);need ≥2 distinct alternative types;need meaningful unique reasons on ≥3 alts;field_alts_without_graph,Tecnifibre TFight 300S 2025 alternatives
P1,NEEDS_RELATIONSHIP_FIX,alternatives,padel,tecnifibre-wall-breaker-365,/products/tecnifibre-wall-breaker-365/alternatives,published,INELIGIBLE,N/A,HIDDEN_404,parent_product_hidden|vertical_hold,n/a,alts:0|types:0,source:tecnifibre-wall-breaker-365,need ≥3 alternatives (have 0);need ≥2 distinct alternative types;need meaningful unique reasons on ≥3 alts;field_alts_without_graph,Tecnifibre Wall Breaker 365 alternatives
P1,NEEDS_RELATIONSHIP_FIX,alternatives,padel,tecnifibre-wall-shooter,/products/tecnifibre-wall-shooter/alternatives,published,INELIGIBLE,N/A,HIDDEN_404,parent_product_hidden|vertical_hold,n/a,alts:0|types:0,source:tecnifibre-wall-shooter,need ≥3 alternatives (have 0);need ≥2 distinct alternative types;need meaningful unique reasons on ≥3 alts;field_alts_without_graph,Tecnifibre Wall Shooter alternatives
P1,NEEDS_RELATIONSHIP_FIX,alternatives,fitness,tyr-cxt-1,/products/tyr-cxt-1/alternatives,published,INELIGIBLE,N/A,HIDDEN_404,parent_product_hidden|vertical_hold,n/a,alts:0|types:0,source:tyr-cxt-1,need ≥3 alternatives (have 0);need ≥2 distinct alternative types;need meaningful unique reasons on ≥3 alts;field_alts_without_graph,TYR CXT-1 alternatives
P1,NEEDS_RELATIONSHIP_FIX,alternatives,fitness,tyr-cxt-2,/products/tyr-cxt-2/alternatives,published,INELIGIBLE,N/A,HIDDEN_404,parent_product_hidden|vertical_hold,n/a,alts:0|types:0,source:tyr-cxt-2,need ≥3 alternatives (have 0);need ≥2 distinct alternative types;need meaningful unique reasons on ≥3 alts;field_alts_without_graph,TYR CXT-2 alternatives
P1,NEEDS_RELATIONSHIP_FIX,alternatives,fitness,tyr-cxt1-trainer,/products/tyr-cxt1-trainer/alternatives,published,INELIGIBLE,N/A,HIDDEN_404,parent_product_hidden|vertical_hold,n/a,alts:0|types:0,source:tyr-cxt1-trainer,need ≥3 alternatives (have 0);need ≥2 distinct alternative types;need meaningful unique reasons on ≥3 alts;field_alts_without_graph,TYR CXT-1 Trainer alternatives
P1,NEEDS_RELATIONSHIP_FIX,alternatives,fitness,ua-charged-commit-4,/products/ua-charged-commit-4/alternatives,published,INELIGIBLE,N/A,HIDDEN_404,parent_product_hidden|vertical_hold,n/a,alts:0|types:0,source:ua-charged-commit-4,need ≥3 alternatives (have 0);need ≥2 distinct alternative types;need meaningful unique reasons on ≥3 alts;field_alts_without_graph,Under Armour Charged Commit 4 alternatives
P1,NEEDS_RELATIONSHIP_FIX,alternatives,fitness,ua-project-rock-bsr-4,/products/ua-project-rock-bsr-4/alternatives,published,INELIGIBLE,N/A,HIDDEN_404,parent_product_hidden|vertical_hold,n/a,alts:0|types:0,source:ua-project-rock-bsr-4,need ≥3 alternatives (have 0);need ≥2 distinct alternative types;need meaningful unique reasons on ≥3 alts;field_alts_without_graph,Under Armour Project Rock BSR 4 alternatives
P1,NEEDS_RELATIONSHIP_FIX,alternatives,fitness,ua-reign-lifter,/products/ua-reign-lifter/alternatives,published,INELIGIBLE,N/A,HIDDEN_404,parent_product_hidden|vertical_hold,n/a,alts:0|types:0,source:ua-reign-lifter,need ≥3 alternatives (have 0);need ≥2 distinct alternative types;need meaningful unique reasons on ≥3 alts;field_alts_without_graph,Under Armour Reign Lifter alternatives
P1,NEEDS_RELATIONSHIP_FIX,alternatives,fitness,ua-tribase-reign-6,/products/ua-tribase-reign-6/alternatives,published,INELIGIBLE,N/A,HIDDEN_404,parent_product_hidden|vertical_hold,n/a,alts:0|types:0,source:ua-tribase-reign-6,need ≥3 alternatives (have 0);need ≥2 distinct alternative types;need meaningful unique reasons on ≥3 alts;field_alts_without_graph,Under Armour TriBase Reign 6 alternatives
P1,NEEDS_RELATIONSHIP_FIX,alternatives,padel,varlion-bourne-padel,/products/varlion-bourne-padel/alternatives,published,INELIGIBLE,N/A,HIDDEN_404,parent_product_hidden|vertical_hold,n/a,alts:0|types:0,source:varlion-bourne-padel,need ≥3 alternatives (have 0);need ≥2 distinct alternative types;need meaningful unique reasons on ≥3 alts;field_alts_without_graph,Varlion Bourne Padel alternatives
P1,NEEDS_RELATIONSHIP_FIX,alternatives,padel,varlion-lw-carbon-difusor-2026,/products/varlion-lw-carbon-difusor-2026/alternatives,published,INELIGIBLE,N/A,HIDDEN_404,parent_product_hidden|vertical_hold,n/a,alts:1|types:1,source:varlion-lw-carbon-difusor-2026;alt:nox-ml10-pro-cup-2026,need ≥3 alternatives (have 1);need ≥2 distinct alternative types;need meaningful unique reasons on ≥3 alts,Varlion LW Carbon Difusor 2026 alternatives
P1,NEEDS_RELATIONSHIP_FIX,alternatives,fitness,vivobarefoot-primus-lite-iii,/products/vivobarefoot-primus-lite-iii/alternatives,published,INELIGIBLE,N/A,HIDDEN_404,parent_product_hidden|vertical_hold,n/a,alts:0|types:0,source:vivobarefoot-primus-lite-iii,need ≥3 alternatives (have 0);need ≥2 distinct alternative types;need meaningful unique reasons on ≥3 alts;field_alts_without_graph,Vivobarefoot Primus Lite III alternatives
P1,NEEDS_RELATIONSHIP_FIX,alternatives,padel,wilson-bela-pro-padel,/products/wilson-bela-pro-padel/alternatives,published,INELIGIBLE,N/A,HIDDEN_404,parent_product_hidden|vertical_hold,n/a,alts:0|types:0,source:wilson-bela-pro-padel,need ≥3 alternatives (have 0);need ≥2 distinct alternative types;need meaningful unique reasons on ≥3 alts;field_alts_without_graph,Wilson Bela Pro Padel alternatives
P1,NEEDS_RELATIONSHIP_FIX,alternatives,padel,wilson-bela-pro-v2-2026,/products/wilson-bela-pro-v2-2026/alternatives,published,INELIGIBLE,N/A,HIDDEN_404,parent_product_hidden|vertical_hold,n/a,alts:1|types:1,source:wilson-bela-pro-v2-2026;alt:wilson-blade-pro-v2-padel-2026,need ≥3 alternatives (have 1);need ≥2 distinct alternative types;need meaningful unique reasons on ≥3 alts,Wilson Bela Pro V2 2026 alternatives
P1,NEEDS_RELATIONSHIP_FIX,alternatives,tennis,wilson-blade-100-v9,/products/wilson-blade-100-v9/alternatives,published,INELIGIBLE,N/A,HIDDEN_404,parent_product_hidden|vertical_hold,n/a,alts:0|types:0,source:wilson-blade-100-v9,need ≥3 alternatives (have 0);need ≥2 distinct alternative types;need meaningful unique reasons on ≥3 alts;field_alts_without_graph,Wilson Blade 100 v9 alternatives
P1,NEEDS_RELATIONSHIP_FIX,alternatives,tennis,wilson-blade-98-v8,/products/wilson-blade-98-v8/alternatives,published,INELIGIBLE,N/A,HIDDEN_404,parent_product_hidden|vertical_hold,n/a,alts:1|types:1,source:wilson-blade-98-v8;alt:wilson-blade-98-v9,need ≥3 alternatives (have 1);need ≥2 distinct alternative types;need meaningful unique reasons on ≥3 alts,Wilson Blade 98 16x19 v8 alternatives
P1,NEEDS_RELATIONSHIP_FIX,alternatives,padel,wilson-blade-pro-v2-padel-2026,/products/wilson-blade-pro-v2-padel-2026/alternatives,published,INELIGIBLE,N/A,HIDDEN_404,parent_product_hidden|vertical_hold,n/a,alts:0|types:0,source:wilson-blade-pro-v2-padel-2026,need ≥3 alternatives (have 0);need ≥2 distinct alternative types;need meaningful unique reasons on ≥3 alts;field_alts_without_graph,Wilson Blade Pro V2 Padel 2026 alternatives
P1,NEEDS_RELATIONSHIP_FIX,alternatives,tennis,wilson-clash-100-v2,/products/wilson-clash-100-v2/alternatives,published,INELIGIBLE,N/A,HIDDEN_404,parent_product_hidden|vertical_hold,n/a,alts:1|types:1,source:wilson-clash-100-v2;alt:wilson-clash-100-v3,need ≥3 alternatives (have 1);need ≥2 distinct alternative types;need meaningful unique reasons on ≥3 alts,Wilson Clash 100 v2 alternatives
P1,NEEDS_RELATIONSHIP_FIX,alternatives,tennis,wilson-clash-100-v3,/products/wilson-clash-100-v3/alternatives,published,INELIGIBLE,N/A,HIDDEN_404,parent_product_hidden|vertical_hold,n/a,alts:1|types:1,source:wilson-clash-100-v3;alt:wilson-clash-100-v2,need ≥3 alternatives (have 1);need ≥2 distinct alternative types;need meaningful unique reasons on ≥3 alts,Wilson Clash 100 v3 alternatives
P1,NEEDS_RELATIONSHIP_FIX,alternatives,padel,wilson-kaos-rapide-3-0,/products/wilson-kaos-rapide-3-0/alternatives,draft,INELIGIBLE,N/A,HIDDEN_404,parent_product_hidden|vertical_hold,n/a,alts:0|types:0,source:wilson-kaos-rapide-3-0,source product not published;need ≥3 alternatives (have 0);need ≥2 distinct alternative types;need meaningful unique reasons on ≥3 alts;field_alts_without_graph,Wilson Kaos Rapide 3.0 alternatives
P1,NEEDS_RELATIONSHIP_FIX,alternatives,padel,wilson-rush-pro-5-padel,/products/wilson-rush-pro-5-padel/alternatives,published,INELIGIBLE,N/A,HIDDEN_404,parent_product_hidden|vertical_hold,n/a,alts:0|types:0,source:wilson-rush-pro-5-padel,need ≥3 alternatives (have 0);need ≥2 distinct alternative types;need meaningful unique reasons on ≥3 alts;field_alts_without_graph,Wilson Rush Pro 5 Padel alternatives
P1,NEEDS_RELATIONSHIP_FIX,alternatives,padel,wilson-rush-pro-ace,/products/wilson-rush-pro-ace/alternatives,published,INELIGIBLE,N/A,HIDDEN_404,parent_product_hidden|vertical_hold,n/a,alts:0|types:0,source:wilson-rush-pro-ace,need ≥3 alternatives (have 0);need ≥2 distinct alternative types;need meaningful unique reasons on ≥3 alts;field_alts_without_graph,Wilson Rush Pro Ace alternatives
P1,NEEDS_RELATIONSHIP_FIX,alternatives,fitness,xero-prio,/products/xero-prio/alternatives,published,INELIGIBLE,N/A,HIDDEN_404,parent_product_hidden|vertical_hold,n/a,alts:0|types:0,source:xero-prio,need ≥3 alternatives (have 0);need ≥2 distinct alternative types;need meaningful unique reasons on ≥3 alts;field_alts_without_graph,Xero Shoes Prio alternatives
P1,NEEDS_RELATIONSHIP_FIX,alternatives,tennis,yonex-ezone-98-2024,/products/yonex-ezone-98-2024/alternatives,published,INELIGIBLE,N/A,HIDDEN_404,parent_product_hidden|vertical_hold,n/a,alts:1|types:1,source:yonex-ezone-98-2024;alt:wilson-blade-98-v9,need ≥3 alternatives (have 1);need ≥2 distinct alternative types;need meaningful unique reasons on ≥3 alts,Yonex EZONE 98 2024 alternatives
P1,NEEDS_RELATIONSHIP_FIX,alternatives,padel,yonex-power-cushion-eclipsion-5,/products/yonex-power-cushion-eclipsion-5/alternatives,published,INELIGIBLE,N/A,HIDDEN_404,parent_product_hidden|vertical_hold,n/a,alts:0|types:0,source:yonex-power-cushion-eclipsion-5,need ≥3 alternatives (have 0);need ≥2 distinct alternative types;need meaningful unique reasons on ≥3 alts;field_alts_without_graph,Yonex Power Cushion Eclipsion 5 alternatives
P1,NEEDS_RELATIONSHIP_FIX,alternatives,padel,yonex-power-cushion-sonicage-3,/products/yonex-power-cushion-sonicage-3/alternatives,published,INELIGIBLE,N/A,HIDDEN_404,parent_product_hidden|vertical_hold,n/a,alts:0|types:0,source:yonex-power-cushion-sonicage-3,need ≥3 alternatives (have 0);need ≥2 distinct alternative types;need meaningful unique reasons on ≥3 alts;field_alts_without_graph,Yonex Power Cushion Sonicage 3 alternatives
P1,NEEDS_RELATIONSHIP_FIX,alternatives,tennis,yonex-vcore-100-2023,/products/yonex-vcore-100-2023/alternatives,published,INELIGIBLE,N/A,HIDDEN_404,parent_product_hidden|vertical_hold,n/a,alts:0|types:0,source:yonex-vcore-100-2023,need ≥3 alternatives (have 0);need ≥2 distinct alternative types;need meaningful unique reasons on ≥3 alts;field_alts_without_graph,Yonex VCORE 100 2023 alternatives
P1,NEEDS_RELATIONSHIP_FIX,alternatives,tennis,yonex-vcore-98-2026,/products/yonex-vcore-98-2026/alternatives,published,INELIGIBLE,N/A,HIDDEN_404,parent_product_hidden|vertical_hold,n/a,alts:1|types:1,source:yonex-vcore-98-2026;alt:babolat-pure-aero-2026,need ≥3 alternatives (have 1);need ≥2 distinct alternative types;need meaningful unique reasons on ≥3 alts,Yonex VCORE 98 8th Gen 2026 alternatives
P1,NEEDS_RELATIONSHIP_FIX,alternatives,fitness,zeraus-classic,/products/zeraus-classic/alternatives,review,INELIGIBLE,N/A,HIDDEN_404,parent_product_hidden|vertical_hold,n/a,alts:0|types:0,source:zeraus-classic,source product not published;need ≥3 alternatives (have 0);need ≥2 distinct alternative types;need meaningful unique reasons on ≥3 alts;field_alts_without_graph,Zeraus Classic Weightlifting Shoe alternatives
P1,NEEDS_EVIDENCE,best-guide,fitness,adjustable-benches,/best/adjustable-benches,published,THIN,GENUINELY_UNIQUE,HIDDEN_404,vertical_hold,none,thin_links,product:rep-ab-5200;product:rogue-adjustable-bench-3-0;product:atx-fid-bench,no_evidence_or_methodology;quality_THIN,Best Adjustable Benches
P1,NEEDS_EVIDENCE,best-guide,fitness,adjustable-dumbbells,/best/adjustable-dumbbells,published,THIN,GENUINELY_UNIQUE,HIDDEN_404,vertical_hold,none,thin_links,product:nuobell-80;product:powerblock-pro-series-100;product:bowflex-selecttech-552;product:bowflex-selecttech-1090;product:rep-quickdraw-adjustable-dumbbells,no_evidence_or_methodology;quality_THIN,Best Adjustable Dumbbells
P1,NEEDS_EVIDENCE,best-guide,fitness,air-bikes,/best/air-bikes,published,THIN,GENUINELY_UNIQUE,HIDDEN_404,vertical_hold,none,thin_links,product:rogue-echo-bike;product:concept2-bikeerg;product:assaultbike-elite;product:mirafit-air-bike,no_evidence_or_methodology;quality_THIN,Best Air Bikes
P1,NEEDS_EVIDENCE,best-guide,fitness,home-gym-equipment,/best/home-gym-equipment,published,NEEDS_MINOR_WORK,GENUINELY_UNIQUE,HIDDEN_404,vertical_hold,none,thin_links,product:rep-pr-4000;product:nuobell-80;product:rep-ab-5000-zero-gap;product:rogue-ohio-bar;product:concept2-rowerg,no_evidence_or_methodology;quality_NEEDS_MINOR_WORK,Best Home Gym Equipment
P1,NEEDS_EVIDENCE,best-guide,fitness,hyrox-shoes,/best/hyrox-shoes,published,NEEDS_MINOR_WORK,GENUINELY_UNIQUE,HIDDEN_404,vertical_hold,none,thin_links,product:tyr-cxt-2;product:nobull-outwork;product:reebok-nano-x4;product:nike-metcon-9;product:tyr-cxt-1;product:salming-race-9;product:nobull-trainer-plus;product:puma-fuse-fasted;product:salming-rebel,no_evidence_or_methodology;quality_NEEDS_MINOR_WORK,Best HYROX Shoes
P1,NEEDS_EVIDENCE,best-guide,padel,padel-rackets,/best/padel-rackets,published,NEEDS_MINOR_WORK,GENUINELY_UNIQUE,HIDDEN_404,vertical_hold,none,thin_links,product:bullpadel-vertex-05-2026;product:nox-at10-genius-12k-alum-xtrem-2026;product:siux-diablo-revolution-2026;product:babolat-counter-viper-2026;product:bullpadel-hack-04-2026;product:head-coello-pro-2026;product:adidas-metalbone-hrd-2026,no_evidence_or_methodology;quality_NEEDS_MINOR_WORK,Best Padel Rackets
P1,NEEDS_EVIDENCE,best-guide,fitness,power-racks,/best/power-racks,published,THIN,GENUINELY_UNIQUE,HIDDEN_404,vertical_hold,none,thin_links,product:rep-pr-4000;product:rogue-rml-390f;product:mirafit-m3-power-rack;product:rogue-sm-2c-monster-lite;product:rep-apollo-athlon-rack,no_evidence_or_methodology;quality_THIN,Best Power Racks
P1,NEEDS_EVIDENCE,best-guide,fitness,rowing-machines,/best/rowing-machines,published,THIN,GENUINELY_UNIQUE,HIDDEN_404,vertical_hold,none,thin_links,product:concept2-rowerg;product:mirafit-magnetic-rower;product:mirafit-folding-rower;product:concept2-rowerg-dynamic,no_evidence_or_methodology;quality_THIN,Best Rowing Machines
P1,NEEDS_EVIDENCE,best-guide,tennis,tennis-rackets,/best/tennis-rackets,published,NEEDS_MINOR_WORK,GENUINELY_UNIQUE,HIDDEN_404,vertical_hold,none,thin_links,product:yonex-ezone-100-2025;product:wilson-blade-98-v9;product:babolat-pure-drive-gen11;product:babolat-pure-aero-2026;product:wilson-clash-100-v3;product:head-speed-mp-2026,no_evidence_or_methodology;quality_NEEDS_MINOR_WORK,Best Tennis Rackets
P1,NEEDS_EVIDENCE,best-guide,fitness,training-shoes,/best/training-shoes,published,THIN,GENUINELY_UNIQUE,HIDDEN_404,vertical_hold,none,thin_links,product:nike-metcon-9;product:reebok-nano-x4;product:adidas-dropset-3;product:inov8-f-lite-235-v3;product:nobull-trainer;product:ua-tribase-reign-6;product:nike-free-metcon-6;product:puma-fuse-3;product:nike-romaleos-5,no_evidence_or_methodology;quality_THIN,Best Training Shoes
P1,NEEDS_EVIDENCE,best-guide,fitness,treadmills-for-home,/best/treadmills-for-home,published,THIN,GENUINELY_UNIQUE,HIDDEN_404,vertical_hold,none,thin_links,product:sole-f80-treadmill;product:horizon-t202-treadmill;product:assaultrunner-pro;product:mirafit-folding-treadmill,no_evidence_or_methodology;quality_THIN,Best Treadmills for Home
P1,NEEDS_EVIDENCE,best-guide,fitness,weight-plates,/best/weight-plates,published,THIN,GENUINELY_UNIQUE,HIDDEN_404,vertical_hold,none,thin_links,product:eleiko-sport-bumper-set;product:rogue-echo-bumper-plate-set;product:mirafit-bumper-plate-set;product:atx-cast-iron-plate-set,no_evidence_or_methodology;quality_THIN,Best Weight Plates
P1,NEEDS_RESEARCH,best-guide,fitness,heart-rate-monitors-hyrox,/best/heart-rate-monitors-hyrox,published,NEEDS_MINOR_WORK,GENUINELY_UNIQUE,HIDDEN_404,vertical_hold,thin (1),methodology,product:wahoo-trackr;product:polar-h10;product:wahoo-tickr-fit;product:coros-heart-rate-monitor,quality_NEEDS_MINOR_WORK,Best HR Monitors for HYROX 2026
P1,NEEDS_RESEARCH,brand-hub,padel,adidas-padel,/brands/adidas-padel,published,SHALLOW,N/A,INDEXABLE,,n/a,products:6,product:adidas-courtstabil-padel;product:adidas-metalbone-hrd-2026;product:adidas-metalbone-2026;product:adidas-crazyquick-boost-padel;product:adidas-courtquick-padel-women;product:adidas-crazyquick-boost-padel-women,brand_copy_shallow,Adidas Padel
P1,NEEDS_RESEARCH,brand-hub,padel,asics-racket,/brands/asics-racket,published,SHALLOW,N/A,INDEXABLE,,n/a,products:5,product:asics-gel-resolution-9;product:asics-gel-challenger-15;product:asics-solution-speed-ff-3;product:asics-gel-dedicate-8;product:asics-gel-resolution-9-clay,brand_copy_shallow,ASICS Court
P1,NEEDS_RESEARCH,brand-hub,fitness,atx,/brands/atx,published,SHALLOW,N/A,INDEXABLE,,n/a,products:2,product:atx-cast-iron-plate-set;product:atx-fid-bench,brand_copy_shallow,ATX
P1,NEEDS_RESEARCH,brand-hub,padel,babolat,/brands/babolat,published,THIN,N/A,INDEXABLE,,n/a,products:14,product:babolat-technical-viper-2026;product:babolat-counter-viper-2026;product:babolat-jet-premura;product:babolat-movea-2;product:babolat-sensa-women;product:babolat-jet-premura-2;product:babolat-pure-drive-2025;product:babolat-pure-aero-2023,thin_brand_description,Babolat
P1,NEEDS_RESEARCH,brand-hub,padel,black-crown,/brands/black-crown,published,SHALLOW,N/A,HIDDEN_404,brand_hub_not_indexable,n/a,products:1,product:black-crown-special-one-soft,brand_copy_shallow,Black Crown
P1,NEEDS_RESEARCH,brand-hub,fitness,bowflex,/brands/bowflex,published,SHALLOW,N/A,INDEXABLE,,n/a,products:2,product:bowflex-selecttech-552;product:bowflex-selecttech-1090,brand_copy_shallow,Bowflex
P1,NEEDS_RESEARCH,brand-hub,padel,bullpadel,/brands/bullpadel,published,THIN,N/A,INDEXABLE,,n/a,products:7,product:bullpadel-vertex-04;product:bullpadel-hack-03;product:bullpadel-vertex-05-2026;product:bullpadel-hack-04-2026;product:bullpadel-hybrid-fly;product:bullpadel-ionic-woman;product:bullpadel-hack-hybrid,thin_brand_description,Bullpadel
P1,NEEDS_RESEARCH,brand-hub,fitness,concept2,/brands/concept2,published,SHALLOW,N/A,INDEXABLE,,n/a,products:6,product:concept2-rowerg;product:concept2-rowerg-dynamic;product:concept2-skierg;product:concept2-skierg-floor-stand;product:concept2-bikeerg;product:concept2-skierg-with-stand,brand_copy_shallow,Concept2
P1,NEEDS_RESEARCH,brand-hub,fitness,do-win,/brands/do-win,published,SHALLOW,N/A,HIDDEN_404,brand_hub_not_indexable,n/a,products:1,product:do-win-classic,brand_copy_shallow,Do-Win
P1,NEEDS_RESEARCH,brand-hub,padel,drop-shot,/brands/drop-shot,published,THIN,N/A,HIDDEN_404,brand_hub_not_indexable,n/a,products:1,product:drop-shot-canyon-pro-2026,thin_brand_description,Drop Shot
P1,NEEDS_RESEARCH,brand-hub,tennis,dunlop,/brands/dunlop,published,THIN,N/A,HIDDEN_404,brand_hub_not_indexable,n/a,products:1,product:dunlop-cx-200,thin_brand_description,Dunlop
P1,NEEDS_RESEARCH,brand-hub,fitness,eleiko,/brands/eleiko,published,SHALLOW,N/A,INDEXABLE,,n/a,products:5,product:eleiko-xf-bar;product:eleiko-performance-weightlifting-bar;product:eleiko-kettlebell;product:eleiko-sport-collars;product:eleiko-sport-bumper-set,brand_copy_shallow,Eleiko
P1,NEEDS_RESEARCH,brand-hub,fitness,gornation,/brands/gornation,published,SHALLOW,N/A,INDEXABLE,,n/a,products:3,product:gornation-premium-pull-up-bar;product:gornation-parallettes-pro;product:gornation-gymnastic-rings,brand_copy_shallow,GORNATION
P1,NEEDS_RESEARCH,brand-hub,fitness,gravity-fitness,/brands/gravity-fitness,published,SHALLOW,N/A,INDEXABLE,,n/a,products:4,product:gravity-fitness-pull-up-station;product:gravity-fitness-parallettes;product:gravity-fitness-gymnastic-rings;product:gravity-fitness-weighted-vest,brand_copy_shallow,Gravity Fitness
P1,NEEDS_RESEARCH,brand-hub,padel,head,/brands/head,published,THIN,N/A,INDEXABLE,,n/a,products:11,product:head-coello-pro-2026;product:head-padel-pro-s-balls;product:head-extreme-pro-padel-2026;product:head-extreme-motion-2026;product:head-revolt-pro-court;product:head-sprint-pro-4-padel;product:head-speed-mp-2024;product:head-radical-mp-2023,thin_brand_description,Head
P1,NEEDS_RESEARCH,brand-hub,fitness,horizon-fitness,/brands/horizon-fitness,published,THIN,N/A,HIDDEN_404,brand_hub_not_indexable,n/a,products:1,product:horizon-t202-treadmill,thin_brand_description,Horizon Fitness
P1,NEEDS_RESEARCH,brand-hub,fitness,hydrow,/brands/hydrow,published,SHALLOW,N/A,HIDDEN_404,brand_hub_not_indexable,n/a,products:1,product:hydrow-wave,brand_copy_shallow,Hydrow
P1,NEEDS_RESEARCH,brand-hub,padel,joma,/brands/joma,published,SHALLOW,N/A,INDEXABLE,,n/a,products:4,product:joma-t-slam;product:joma-slam-lady;product:joma-spin-men;product:joma-spin-lady,brand_copy_shallow,Joma
P1,NEEDS_RESEARCH,brand-hub,padel,k-swiss,/brands/k-swiss,published,SHALLOW,N/A,INDEXABLE,,n/a,products:2,product:k-swiss-hypercourt-express-2;product:k-swiss-ultrashot-3,brand_copy_shallow,K-Swiss
P1,NEEDS_RESEARCH,brand-hub,padel,kuikma,/brands/kuikma,published,SHALLOW,N/A,INDEXABLE,,n/a,products:2,product:kuikma-pr-soft-500;product:kuikma-ps-990,brand_copy_shallow,Kuikma
P1,NEEDS_RESEARCH,brand-hub,padel,lok,/brands/lok,published,SHALLOW,N/A,INDEXABLE,,n/a,products:2,product:lok-maxx-flow;product:lok-padel-one,brand_copy_shallow,Lok
P1,NEEDS_RESEARCH,brand-hub,fitness,lululemon,/brands/lululemon,published,SHALLOW,N/A,HIDDEN_404,brand_hub_not_indexable,n/a,products:1,product:lululemon-strongfeel,brand_copy_shallow,lululemon
P1,NEEDS_RESEARCH,brand-hub,tennis,luxilon,/brands/luxilon,published,SHALLOW,N/A,HIDDEN_404,brand_hub_not_indexable,n/a,products:1,product:luxilon-alu-power,brand_copy_shallow,Luxilon
P1,NEEDS_RESEARCH,brand-hub,fitness,nobull,/brands/nobull,published,SHALLOW,N/A,INDEXABLE,,n/a,products:3,product:nobull-trainer;product:nobull-outwork;product:nobull-trainer-plus,brand_copy_shallow,NOBULL
P1,NEEDS_RESEARCH,brand-hub,padel,nox,/brands/nox,published,THIN,N/A,INDEXABLE,,n/a,products:6,product:nox-at10-genius-18k-2026;product:nox-ml10-pro-cup-2026;product:nox-at10-genius-12k-alum-xtrem-2026;product:nox-at10-lux;product:nox-ml10-hexa;product:nox-at10-pro,thin_brand_description,Nox
P1,NEEDS_RESEARCH,brand-hub,fitness,nuobell,/brands/nuobell,published,SHALLOW,N/A,INDEXABLE,,n/a,products:2,product:nuobell-80;product:nuobell-50,brand_copy_shallow,NÜOBELL
P1,NEEDS_RESEARCH,brand-hub,padel,oxdog,/brands/oxdog,published,SHALLOW,N/A,INDEXABLE,,n/a,products:2,product:oxdog-sense-pro;product:oxdog-hyper-court,brand_copy_shallow,Oxdog
P1,NEEDS_RESEARCH,brand-hub,fitness,powerblock,/brands/powerblock,published,SHALLOW,N/A,INDEXABLE,,n/a,products:3,product:powerblock-pro-series-100;product:powerblock-pro-series-50;product:powerblock-elite-exp-90,brand_copy_shallow,PowerBlock
P1,NEEDS_RESEARCH,brand-hub,padel,prince,/brands/prince,published,THIN,N/A,INDEXABLE,,n/a,products:2,product:prince-textreme-tour-100p;product:prince-t22,thin_brand_description,Prince
P1,NEEDS_RESEARCH,brand-hub,fitness,pullup-and-dip,/brands/pullup-and-dip,published,SHALLOW,N/A,INDEXABLE,,n/a,products:3,product:pullup-and-dip-doorway-bar;product:pullup-and-dip-wall-bar;product:pullup-and-dip-parallettes,brand_copy_shallow,PULLUP & DIP
P1,NEEDS_RESEARCH,brand-hub,fitness,reebok,/brands/reebok,published,SHALLOW,N/A,INDEXABLE,,n/a,products:5,product:reebok-nano-x4;product:reebok-legacy-lifter-iii;product:reebok-nano-x3;product:reebok-nano-court;product:reebok-lifter-pr-iii,brand_copy_shallow,Reebok
P1,NEEDS_RESEARCH,brand-hub,fitness,rep-fitness,/brands/rep-fitness,published,SHALLOW,N/A,INDEXABLE,,n/a,products:12,product:rep-quickdraw-adjustable-dumbbells;product:rep-pr-4000;product:rep-pr-5000;product:rep-apollo-athlon-rack;product:rep-ab-5000-zero-gap;product:rep-fb-5000-flat-bench;product:rep-colorado-bar;product:rep-black-bumper-plate-set,brand_copy_shallow,REP Fitness
P1,NEEDS_RESEARCH,brand-hub,fitness,rogue,/brands/rogue,published,SHALLOW,N/A,INDEXABLE,,n/a,products:19,product:rogue-rml-390f;product:rogue-rm-4-monster-rack;product:rogue-sm-2c-monster-lite;product:rogue-adjustable-bench-3-0;product:rogue-flat-utility-bench;product:rogue-ohio-bar;product:rogue-ohio-power-bar;product:rogue-echo-bumper-plate-set,brand_copy_shallow,Rogue
P1,NEEDS_RESEARCH,brand-hub,padel,royal-padel,/brands/royal-padel,published,SHALLOW,N/A,HIDDEN_404,brand_hub_not_indexable,n/a,products:1,product:royal-padel-m27-poly-2026,brand_copy_shallow,Royal Padel
P1,NEEDS_RESEARCH,brand-hub,fitness,salming,/brands/salming,published,SHALLOW,N/A,INDEXABLE,,n/a,products:2,product:salming-race-9;product:salming-rebel,brand_copy_shallow,Salming
P1,NEEDS_RESEARCH,brand-hub,fitness,schwinn,/brands/schwinn,published,THIN,N/A,HIDDEN_404,brand_hub_not_indexable,n/a,products:1,product:schwinn-airdyne-ad8,thin_brand_description,Schwinn
P1,NEEDS_RESEARCH,brand-hub,padel,siux,/brands/siux,published,THIN,N/A,HIDDEN_404,brand_hub_not_indexable,n/a,products:1,product:siux-diablo-revolution-2026,thin_brand_description,Siux
P1,NEEDS_RESEARCH,brand-hub,fitness,sole-fitness,/brands/sole-fitness,published,THIN,N/A,HIDDEN_404,brand_hub_not_indexable,n/a,products:1,product:sole-f80-treadmill,thin_brand_description,Sole Fitness
P1,NEEDS_RESEARCH,brand-hub,tennis,solinco,/brands/solinco,published,THIN,N/A,HIDDEN_404,brand_hub_not_indexable,n/a,products:1,product:solinco-hyper-g,thin_brand_description,Solinco
P1,NEEDS_RESEARCH,brand-hub,padel,starvie,/brands/starvie,published,THIN,N/A,INDEXABLE,,n/a,products:2,product:starvie-titania-kepler-2026;product:starvie-basalto-osiris-2026,thin_brand_description,StarVie
P1,NEEDS_RESEARCH,brand-hub,tennis,tecnifibre,/brands/tecnifibre,published,THIN,N/A,INDEXABLE,,n/a,products:4,product:tecnifibre-tf40-305;product:tecnifibre-black-code-1-28;product:tecnifibre-tfight-300s-2025;product:tecnifibre-x-one-biphase,thin_brand_description,Tecnifibre
P1,NEEDS_RESEARCH,brand-hub,padel,tecnifibre-padel,/brands/tecnifibre-padel,published,SHALLOW,N/A,INDEXABLE,,n/a,products:2,product:tecnifibre-wall-breaker-365;product:tecnifibre-wall-shooter,brand_copy_shallow,Tecnifibre Padel
P1,NEEDS_RESEARCH,brand-hub,fitness,tyr,/brands/tyr,published,SHALLOW,N/A,INDEXABLE,,n/a,products:3,product:tyr-cxt-1;product:tyr-cxt-2;product:tyr-cxt1-trainer,brand_copy_shallow,TYR
P1,NEEDS_RESEARCH,brand-hub,fitness,under-armour,/brands/under-armour,published,SHALLOW,N/A,INDEXABLE,,n/a,products:4,product:ua-tribase-reign-6;product:ua-project-rock-bsr-4;product:ua-reign-lifter;product:ua-charged-commit-4,brand_copy_shallow,Under Armour
P1,NEEDS_RESEARCH,brand-hub,padel,varlion,/brands/varlion,published,SHALLOW,N/A,INDEXABLE,,n/a,products:2,product:varlion-lw-carbon-difusor-2026;product:varlion-bourne-padel,brand_copy_shallow,Varlion
P1,NEEDS_RESEARCH,brand-hub,fitness,vivobarefoot,/brands/vivobarefoot,published,SHALLOW,N/A,HIDDEN_404,brand_hub_not_indexable,n/a,products:1,product:vivobarefoot-primus-lite-iii,brand_copy_shallow,Vivobarefoot
P1,NEEDS_RESEARCH,brand-hub,fitness,waterrower,/brands/waterrower,published,THIN,N/A,HIDDEN_404,brand_hub_not_indexable,n/a,products:1,product:waterrower-a1,thin_brand_description,WaterRower
P1,NEEDS_RESEARCH,brand-hub,padel,wilson,/brands/wilson,published,THIN,N/A,INDEXABLE,,n/a,products:14,product:wilson-padel-overgrip-pack;product:wilson-bela-pro-v2-2026;product:wilson-blade-pro-v2-padel-2026;product:wilson-rush-pro-5-padel;product:wilson-bela-pro-padel;product:wilson-clash-100-v2;product:wilson-blade-98-v8;product:wilson-rush-pro-4-0,thin_brand_description,Wilson
P1,NEEDS_RESEARCH,brand-hub,fitness,woodway,/brands/woodway,published,THIN,N/A,HIDDEN_404,brand_hub_not_indexable,n/a,products:1,product:woodway-curve-trainer,thin_brand_description,Woodway
P1,NEEDS_RESEARCH,brand-hub,fitness,xebex,/brands/xebex,published,SHALLOW,N/A,INDEXABLE,,n/a,products:2,product:xebex-ski-erg;product:skierg2-wall-mount,brand_copy_shallow,Xebex Fitness
P1,NEEDS_RESEARCH,brand-hub,fitness,xero-shoes,/brands/xero-shoes,published,SHALLOW,N/A,HIDDEN_404,brand_hub_not_indexable,n/a,products:1,product:xero-prio,brand_copy_shallow,Xero Shoes
P1,NEEDS_RESEARCH,brand-hub,padel,yonex,/brands/yonex,published,THIN,N/A,INDEXABLE,,n/a,products:10,product:yonex-ezone-98-2024;product:yonex-vcore-100-2023;product:yonex-astrox-88d-pro;product:yonex-nanoflare-800-pro;product:yonex-astrox-99-pro;product:yonex-arcsaber-11-pro;product:yonex-ezone-100-2025;product:yonex-vcore-98-2026,thin_brand_description,Yonex
P1,NEEDS_RESEARCH,review,fitness,bear-komplex-valor,/reviews/bear-komplex-valor,review,BLOCKED,UNKNOWN,HIDDEN_404,vertical_hold,moderate (2),alts:4,product:bear-komplex-valor,not_ready_default,Bear KompleX Valor Review
P1,NEEDS_RESEARCH,review,fitness,domyos-mid-500,/reviews/domyos-mid-500,review,BLOCKED,UNKNOWN,HIDDEN_404,vertical_hold,moderate (2),alts:4,product:domyos-mid-500,not_ready_default,Domyos Mid 500 Review
P1,NEEDS_RESEARCH,review,fitness,nobull-trail,/reviews/nobull-trail,review,BLOCKED,UNKNOWN,HIDDEN_404,vertical_hold,moderate (2),alts:4,product:nobull-trail,not_ready_default,NOBULL Trail Review
P1,NEEDS_RESEARCH,review,fitness,zeraus-classic,/reviews/zeraus-classic,review,BLOCKED,UNKNOWN,HIDDEN_404,vertical_hold,moderate (2),alts:4,product:zeraus-classic,not_ready_default,Zeraus Classic Weightlifting Shoe Review
P1,READY,comparison,fitness,adidas-dropset-3-vs-adidas-the-total,/compare/adidas-dropset-3-vs-adidas-the-total,published,MEANINGFUL,GENUINELY_UNIQUE,HIDDEN_404,vertical_hold,n/a,pairwise,product:adidas-dropset-3;product:adidas-the-total,meaningful_comparison,adidas Dropset 3 vs adidas The Total
P1,READY,comparison,fitness,adidas-powerlift-5-vs-nike-romaleos-5,/compare/adidas-powerlift-5-vs-nike-romaleos-5,published,MEANINGFUL,GENUINELY_UNIQUE,HIDDEN_404,vertical_hold,n/a,pairwise,product:adidas-powerlift-5;product:nike-romaleos-5,meaningful_comparison,adidas Powerlift 5 vs Nike Romaleos 5
P1,READY,comparison,tennis,babolat-pure-aero-2026-vs-yonex-vcore-100-2023,/compare/babolat-pure-aero-2026-vs-yonex-vcore-100-2023,published,MEANINGFUL,GENUINELY_UNIQUE,HIDDEN_404,vertical_hold,n/a,pairwise,product:babolat-pure-aero-2026;product:yonex-vcore-100-2023,meaningful_comparison,Babolat Pure Aero 2026 vs Yonex VCORE 100
P1,READY,comparison,padel,bullpadel-vertex-05-vs-hack-04-2026,/compare/bullpadel-vertex-05-vs-hack-04-2026,published,MEANINGFUL,GENUINELY_UNIQUE,HIDDEN_404,vertical_hold,n/a,pairwise,product:bullpadel-vertex-05-2026;product:bullpadel-hack-04-2026,meaningful_comparison,Bullpadel Vertex 05 vs Hack 04 2026
P1,READY,comparison,padel,bullpadel-vertex-05-vs-nox-at10-12k-2026,/compare/bullpadel-vertex-05-vs-nox-at10-12k-2026,published,MEANINGFUL,GENUINELY_UNIQUE,HIDDEN_404,vertical_hold,n/a,pairwise,product:bullpadel-vertex-05-2026;product:nox-at10-genius-12k-alum-xtrem-2026,meaningful_comparison,Bullpadel Vertex 05 vs Nox AT10 12K Alum Xtrem 2026
P1,READY,comparison,padel,head-coello-pro-2026-vs-siux-diablo-revolution-2026,/compare/head-coello-pro-2026-vs-siux-diablo-revolution-2026,published,MEANINGFUL,GENUINELY_UNIQUE,HIDDEN_404,vertical_hold,n/a,pairwise,product:head-coello-pro-2026;product:siux-diablo-revolution-2026,meaningful_comparison,Head Coello Pro 2026 vs Siux Diablo Revolution 2026
P1,READY,comparison,fitness,inov8-f-lite-235-v3-vs-reebok-nano-x4,/compare/inov8-f-lite-235-v3-vs-reebok-nano-x4,published,MEANINGFUL,GENUINELY_UNIQUE,HIDDEN_404,vertical_hold,n/a,pairwise,product:inov8-f-lite-235-v3;product:reebok-nano-x4,meaningful_comparison,inov-8 F-Lite 235 V3 vs Reebok Nano X4
P1,READY,comparison,fitness,nike-free-metcon-6-vs-reebok-nano-x4,/compare/nike-free-metcon-6-vs-reebok-nano-x4,published,MEANINGFUL,TEMPLATE_SIMILAR_ACCEPTABLE,HIDDEN_404,vertical_hold,n/a,pairwise,product:nike-free-metcon-6;product:reebok-nano-x4,meaningful_comparison,Nike Free Metcon 6 vs Reebok Nano X4
P1,READY,comparison,fitness,nike-metcon-9-vs-adidas-dropset-3,/compare/nike-metcon-9-vs-adidas-dropset-3,published,MEANINGFUL,GENUINELY_UNIQUE,HIDDEN_404,vertical_hold,n/a,pairwise,product:nike-metcon-9;product:adidas-dropset-3,meaningful_comparison,Nike Metcon 9 vs adidas Dropset 3
P1,READY,comparison,fitness,nike-metcon-9-vs-reebok-nano-x4,/compare/nike-metcon-9-vs-reebok-nano-x4,published,MEANINGFUL,TEMPLATE_SIMILAR_ACCEPTABLE,HIDDEN_404,vertical_hold,n/a,pairwise,product:nike-metcon-9;product:reebok-nano-x4,meaningful_comparison,Nike Metcon 9 vs Reebok Nano X4
P1,READY,comparison,fitness,nike-romaleos-5-vs-adidas-adipower-3,/compare/nike-romaleos-5-vs-adidas-adipower-3,published,MEANINGFUL,GENUINELY_UNIQUE,HIDDEN_404,vertical_hold,n/a,pairwise,product:nike-romaleos-5;product:adidas-adipower-weightlifting-3,meaningful_comparison,Nike Romaleos 5 vs adidas Adipower Weightlifting 3
P1,READY,comparison,fitness,nobull-trainer-vs-nike-metcon-9,/compare/nobull-trainer-vs-nike-metcon-9,published,MEANINGFUL,GENUINELY_UNIQUE,HIDDEN_404,vertical_hold,n/a,pairwise,product:nobull-trainer;product:nike-metcon-9,meaningful_comparison,NOBULL Trainer vs Nike Metcon 9
P1,READY,comparison,padel,nox-at10-12k-vs-adidas-metalbone-2026,/compare/nox-at10-12k-vs-adidas-metalbone-2026,published,MEANINGFUL,GENUINELY_UNIQUE,HIDDEN_404,vertical_hold,n/a,pairwise,product:nox-at10-genius-12k-alum-xtrem-2026;product:adidas-metalbone-2026,meaningful_comparison,Nox AT10 12K Alum Xtrem vs Adidas Metalbone 2026
P1,READY,comparison,fitness,nuobell-80-vs-powerblock-pro-100,/compare/nuobell-80-vs-powerblock-pro-100,published,MEANINGFUL,GENUINELY_UNIQUE,HIDDEN_404,vertical_hold,n/a,pairwise,product:nuobell-80;product:powerblock-pro-series-100,meaningful_comparison,NÜOBELL 80 vs PowerBlock Pro Series 100
P1,READY,comparison,fitness,puma-fuse-3-vs-ua-tribase-reign-6,/compare/puma-fuse-3-vs-ua-tribase-reign-6,published,MEANINGFUL,GENUINELY_UNIQUE,HIDDEN_404,vertical_hold,n/a,pairwise,product:puma-fuse-3;product:ua-tribase-reign-6,meaningful_comparison,PUMA Fuse 3 vs Under Armour TriBase Reign 6
P1,READY,comparison,fitness,reebok-nano-x4-vs-tyr-cxt-2,/compare/reebok-nano-x4-vs-tyr-cxt-2,published,MEANINGFUL,GENUINELY_UNIQUE,HIDDEN_404,vertical_hold,n/a,pairwise,product:reebok-nano-x4;product:tyr-cxt-2,meaningful_comparison,Reebok Nano X4 vs TYR CXT-2
P1,READY,comparison,fitness,rogue-echo-bike-vs-assaultbike-elite,/compare/rogue-echo-bike-vs-assaultbike-elite,published,MEANINGFUL,GENUINELY_UNIQUE,HIDDEN_404,vertical_hold,n/a,pairwise,product:rogue-echo-bike;product:assaultbike-elite,meaningful_comparison,Rogue Echo Bike vs AssaultBike Elite
P1,READY,comparison,fitness,rogue-rml-390f-vs-rep-pr-4000,/compare/rogue-rml-390f-vs-rep-pr-4000,published,MEANINGFUL,GENUINELY_UNIQUE,HIDDEN_404,vertical_hold,n/a,pairwise,product:rogue-rml-390f;product:rep-pr-4000,meaningful_comparison,Rogue RML-390F vs REP PR-4000
P1,READY,comparison,fitness,sole-f80-vs-horizon-t202,/compare/sole-f80-vs-horizon-t202,published,MEANINGFUL,GENUINELY_UNIQUE,HIDDEN_404,vertical_hold,n/a,pairwise,product:sole-f80-treadmill;product:horizon-t202-treadmill,meaningful_comparison,Sole F80 vs Horizon T202
P1,READY,comparison,fitness,tyr-cxt-1-vs-tyr-cxt-2,/compare/tyr-cxt-1-vs-tyr-cxt-2,published,MEANINGFUL,GENUINELY_UNIQUE,HIDDEN_404,vertical_hold,n/a,pairwise,product:tyr-cxt-1;product:tyr-cxt-2,meaningful_comparison,TYR CXT-1 vs TYR CXT-2
P1,READY,comparison,tennis,wilson-blade-98-v8-vs-yonex-ezone-98-2024,/compare/wilson-blade-98-v8-vs-yonex-ezone-98-2024,published,MEANINGFUL,GENUINELY_UNIQUE,HIDDEN_404,vertical_hold,n/a,pairwise,product:wilson-blade-98-v8;product:yonex-ezone-98-2024,meaningful_comparison,Wilson Blade 98 v8 vs Yonex EZONE 98 2024
P1,READY,comparison,tennis,wilson-blade-98-v9-vs-babolat-pure-drive-gen11,/compare/wilson-blade-98-v9-vs-babolat-pure-drive-gen11,published,MEANINGFUL,GENUINELY_UNIQUE,HIDDEN_404,vertical_hold,n/a,pairwise,product:wilson-blade-98-v9;product:babolat-pure-drive-gen11,meaningful_comparison,Wilson Blade 98 v9 vs Babolat Pure Drive Gen11
P1,READY,explainer,fitness,adjustable-vs-fixed-dumbbells,/guides/adjustable-vs-fixed-dumbbells,published,complete,GENUINELY_UNIQUE,HIDDEN_404,vertical_hold,none,finder|compare,product:nuobell-80;product:powerblock-pro-series-100;product:bowflex-selecttech-552,guide_complete,Adjustable vs Fixed Dumbbells
P1,READY,explainer,fitness,bumper-plates-vs-iron-plates,/guides/bumper-plates-vs-iron-plates,published,complete,GENUINELY_UNIQUE,HIDDEN_404,vertical_hold,none,compare,product:eleiko-sport-bumper-set;product:atx-cast-iron-plate-set,guide_complete,Bumper Plates vs Iron Plates
P1,READY,explainer,fitness,how-much-space-do-you-need-for-a-home-gym,/guides/how-much-space-do-you-need-for-a-home-gym,published,complete,GENUINELY_UNIQUE,HIDDEN_404,vertical_hold,none,finder|compare,product:rogue-rml-390f;product:nuobell-80,guide_complete,How Much Space Do You Need for a Home Gym?
P1,READY,explainer,fitness,how-to-build-a-home-gym,/guides/how-to-build-a-home-gym,published,complete,GENUINELY_UNIQUE,HIDDEN_404,vertical_hold,none,finder|compare,product:rep-pr-4000;product:nuobell-80;product:rep-ab-5000-zero-gap,guide_complete,How to Build a Home Gym
P1,READY,explainer,fitness,how-to-build-a-hyrox-home-gym,/guides/how-to-build-a-hyrox-home-gym,published,complete,GENUINELY_UNIQUE,HIDDEN_404,vertical_hold,none,finder|best|compare,product:concept2-rowerg;product:concept2-skierg;product:rogue-dog-sled,guide_complete,How to Build a HYROX Home Gym
P1,READY,explainer,fitness,how-to-choose-a-home-treadmill,/guides/how-to-choose-a-home-treadmill,published,complete,GENUINELY_UNIQUE,HIDDEN_404,vertical_hold,none,finder|compare,product:sole-f80-treadmill;product:horizon-t202-treadmill;product:assaultrunner-pro,guide_complete,How to Choose a Home Treadmill
P1,READY,explainer,fitness,how-to-choose-a-hyrox-training-sled,/guides/how-to-choose-a-hyrox-training-sled,published,complete,GENUINELY_UNIQUE,HIDDEN_404,vertical_hold,none,finder|best|compare,product:rogue-dog-sled,guide_complete,How to Choose a HYROX Training Sled
P1,READY,explainer,fitness,how-to-choose-a-hyrox-watch,/guides/how-to-choose-a-hyrox-watch,published,complete,GENUINELY_UNIQUE,HIDDEN_404,vertical_hold,none,finder|best|compare,product:garmin-forerunner-965,guide_complete,How to Choose a HYROX Watch
P1,READY,explainer,padel,how-to-choose-a-padel-racket,/guides/how-to-choose-a-padel-racket,published,complete,GENUINELY_UNIQUE,HIDDEN_404,vertical_hold,none,finder|best|compare|related,product:bullpadel-vertex-05-2026;product:nox-at10-genius-12k-alum-xtrem-2026;product:nox-ml10-pro-cup-2026;product:head-coello-pro-2026,guide_complete,How to Choose a Padel Racket
P1,READY,explainer,fitness,how-to-choose-a-power-rack,/guides/how-to-choose-a-power-rack,published,complete,GENUINELY_UNIQUE,HIDDEN_404,vertical_hold,none,finder|compare,product:rogue-rml-390f;product:rep-pr-4000;product:mirafit-m3-power-rack,guide_complete,How to Choose a Power Rack
P1,READY,explainer,fitness,how-to-choose-a-rowing-machine,/guides/how-to-choose-a-rowing-machine,published,complete,GENUINELY_UNIQUE,HIDDEN_404,vertical_hold,none,finder|compare,product:concept2-rowerg;product:hydrow-wave;product:waterrower-a1,guide_complete,How to Choose a Rowing Machine
P1,READY,explainer,tennis,how-to-choose-a-tennis-racket,/guides/how-to-choose-a-tennis-racket,published,complete,GENUINELY_UNIQUE,HIDDEN_404,vertical_hold,none,finder|best|compare,product:wilson-clash-100-v3;product:babolat-pure-drive-gen11;product:wilson-blade-98-v9;product:babolat-pure-aero-2026;product:yonex-ezone-100-2025,guide_complete,How to Choose a Tennis Racket
P1,READY,explainer,fitness,how-to-choose-a-weight-bench,/guides/how-to-choose-a-weight-bench,published,complete,GENUINELY_UNIQUE,HIDDEN_404,vertical_hold,none,finder|compare,product:rep-ab-5200;product:atx-fid-bench,guide_complete,How to Choose a Weight Bench
P1,READY,explainer,fitness,how-to-choose-adjustable-dumbbells,/guides/how-to-choose-adjustable-dumbbells,published,complete,GENUINELY_UNIQUE,HIDDEN_404,vertical_hold,none,finder|compare,product:nuobell-80;product:powerblock-pro-series-100,guide_complete,How to Choose Adjustable Dumbbells
P1,READY,explainer,fitness,how-to-choose-hyrox-shoes,/guides/how-to-choose-hyrox-shoes,published,complete,GENUINELY_UNIQUE,HIDDEN_404,vertical_hold,none,finder|best|compare,product:tyr-cxt-2;product:reebok-nano-x4;product:nike-metcon-9;product:inov8-f-lite-235-v3,guide_complete,How to Choose HYROX Shoes
P1,READY,explainer,padel,how-to-choose-padel-shoes,/guides/how-to-choose-padel-shoes,published,complete,GENUINELY_UNIQUE,HIDDEN_404,vertical_hold,none,finder|best|compare,product:adidas-courtstabil-padel,guide_complete,How to Choose Padel Shoes
P1,READY,explainer,fitness,how-to-choose-training-shoes,/guides/how-to-choose-training-shoes,published,complete,GENUINELY_UNIQUE,HIDDEN_404,vertical_hold,none,finder|compare,product:nike-metcon-9;product:reebok-nano-x4;product:nike-romaleos-5,guide_complete,How to Choose Training Shoes
P1,READY,explainer,fitness,hyrox-equipment-standards,/guides/hyrox-equipment-standards,published,complete,GENUINELY_UNIQUE,HIDDEN_404,vertical_hold,none,finder|best|compare,product:tyr-cxt-2;product:concept2-rowerg;product:concept2-skierg;product:rogue-echo-bike;product:rogue-dog-sled;product:rogue-wall-ball;product:garmin-forerunner-965;product:garmin-hrm-pro-plus,guide_complete,HYROX Equipment Standards (Season 26/27)
P1,READY,explainer,fitness,hyrox-heart-rate-monitor,/guides/hyrox-heart-rate-monitor,published,complete,GENUINELY_UNIQUE,HIDDEN_404,vertical_hold,none,finder|best|compare,product:garmin-hrm-pro-plus;product:polar-h10,guide_complete,Chest Strap vs Wrist Heart Rate for HYROX
P1,READY,explainer,fitness,hyrox-home-training-setup,/guides/hyrox-home-training-setup,published,complete,GENUINELY_UNIQUE,HIDDEN_404,vertical_hold,none,finder|best|compare,product:concept2-rowerg;product:concept2-skierg;product:rogue-echo-bike;product:tyr-cxt-2,guide_complete,HYROX Home Training Setup
P1,READY,explainer,fitness,hyrox-race-day-gear-checklist,/guides/hyrox-race-day-gear-checklist,published,complete,GENUINELY_UNIQUE,HIDDEN_404,vertical_hold,none,finder|best|compare,product:tyr-cxt-2;product:garmin-forerunner-965,guide_complete,HYROX Race Day Gear Checklist
P1,READY,explainer,fitness,hyrox-race-shoes-vs-training-shoes,/guides/hyrox-race-shoes-vs-training-shoes,published,complete,GENUINELY_UNIQUE,HIDDEN_404,vertical_hold,none,finder|best|compare,product:tyr-cxt-2;product:nike-metcon-9;product:adidas-adizero-boston-12,guide_complete,HYROX Race Shoes vs Training Shoes
P1,READY,explainer,padel,padel-grips-overgrips-explained,/guides/padel-grips-overgrips-explained,published,complete,GENUINELY_UNIQUE,HIDDEN_404,vertical_hold,none,finder|best|compare,product:wilson-padel-overgrip-pack,guide_complete,Padel Grips & Overgrips Explained
P1,READY,explainer,fitness,power-rack-sizing-and-hole-spacing,/guides/power-rack-sizing-and-hole-spacing,published,complete,GENUINELY_UNIQUE,HIDDEN_404,vertical_hold,none,finder|compare,product:rogue-rml-390f;product:rep-pr-4000;product:mirafit-m3-power-rack,guide_complete,Power Rack Sizing & Hole Spacing
P1,READY,explainer,fitness,rowerg-vs-skierg-for-hyrox-training,/guides/rowerg-vs-skierg-for-hyrox-training,published,complete,GENUINELY_UNIQUE,HIDDEN_404,vertical_hold,none,finder|best|compare,product:concept2-rowerg;product:concept2-skierg,guide_complete,RowErg vs SkiErg for HYROX Training
P1,READY,explainer,fitness,what-gear-do-you-need-for-hyrox,/guides/what-gear-do-you-need-for-hyrox,published,complete,GENUINELY_UNIQUE,HIDDEN_404,vertical_hold,none,finder|best|compare,product:tyr-cxt-2;product:garmin-forerunner-965;product:concept2-rowerg,guide_complete,What Gear Do You Need for HYROX?
P1,READY,alternatives,padel,bullpadel-vertex-05-2026,/products/bullpadel-vertex-05-2026/alternatives,published,ELIGIBLE,N/A,HIDDEN_404,parent_product_hidden|vertical_hold,n/a,alts:5|types:3,source:bullpadel-vertex-05-2026;alt:bullpadel-hack-04-2026;alt:nox-at10-genius-12k-alum-xtrem-2026;alt:bullpadel-vertex-04;alt:bullpadel-hack-04-2026;alt:nox-at10-genius-12k-alum-xtrem-2026,alternatives_eligible,Bullpadel Vertex 05 2026 alternatives
P1,READY,alternatives,padel,nox-at10-genius-12k-alum-xtrem-2026,/products/nox-at10-genius-12k-alum-xtrem-2026/alternatives,published,ELIGIBLE,N/A,HIDDEN_404,parent_product_hidden|vertical_hold,n/a,alts:3|types:2,source:nox-at10-genius-12k-alum-xtrem-2026;alt:adidas-metalbone-2026;alt:adidas-metalbone-2026;alt:bullpadel-vertex-05-2026,alternatives_eligible,Nox AT10 Genius 12K Alum Xtrem 2026 alternatives
P1,READY,alternatives,tennis,wilson-blade-98-v9,/products/wilson-blade-98-v9/alternatives,published,ELIGIBLE,N/A,HIDDEN_404,parent_product_hidden|vertical_hold,n/a,alts:5|types:3,source:wilson-blade-98-v9;alt:babolat-pure-drive-gen11;alt:tecnifibre-tfight-300s-2025;alt:wilson-blade-100-v9;alt:babolat-pure-drive-gen11;alt:tecnifibre-tfight-300s-2025,alternatives_eligible,Wilson Blade 98 16x19 v9 alternatives
P1,READY,alternatives,tennis,yonex-ezone-100-2025,/products/yonex-ezone-100-2025/alternatives,published,ELIGIBLE,N/A,HIDDEN_404,parent_product_hidden|vertical_hold,n/a,alts:4|types:3,source:yonex-ezone-100-2025;alt:babolat-pure-drive-gen11;alt:wilson-clash-100-v3;alt:babolat-pure-drive-gen11;alt:wilson-clash-100-v3,alternatives_eligible,Yonex EZONE 100 8th Gen 2025 alternatives
P1,READY,review,padel,head-padel-pro-s-balls,/reviews/head-padel-pro-s-balls,published,LAUNCH_READY,GENUINELY_UNIQUE,HIDDEN_404,vertical_hold,moderate (2),sparse,product:head-padel-pro-s-balls,launch_ready_unique,Head Padel Pro S Balls Review
P1,READY,review,padel,wilson-padel-overgrip-pack,/reviews/wilson-padel-overgrip-pack,published,LAUNCH_READY,GENUINELY_UNIQUE,HIDDEN_404,vertical_hold,moderate (2),sparse,product:wilson-padel-overgrip-pack,launch_ready_unique,Wilson Padel Overgrip Pack Review
P1,READY,review,tennis,wilson-rush-pro-4-0,/reviews/wilson-rush-pro-4-0,published,LAUNCH_READY,GENUINELY_UNIQUE,HIDDEN_404,vertical_hold,thin (1),alts:1,product:wilson-rush-pro-4-0,launch_ready_unique,Wilson Rush Pro 4.0 Review
P1,READY,gear-setup,fitness,apartment-fitness-setup,/setups/apartment-fitness-setup,published,STRUCTURALLY_OK,N/A,HIDDEN_404,vertical_hold,n/a,kit,product:nuobell-50;product:pullup-and-dip-doorway-bar;product:mirafit-gym-mats;product:blackroll-ball,setup_complete,Apartment Fitness Setup
P1,READY,gear-setup,fitness,beginner-home-gym,/setups/beginner-home-gym,published,STRUCTURALLY_OK,N/A,HIDDEN_404,vertical_hold,n/a,kit,product:bowflex-selecttech-552;product:mirafit-fid-adjustable-bench;product:mirafit-gym-mats;product:blackroll-standard,setup_complete,Beginner Home Gym
P1,READY,gear-setup,fitness,budget-home-gym,/setups/budget-home-gym,published,STRUCTURALLY_OK,N/A,HIDDEN_404,vertical_hold,n/a,kit,product:nuobell-50;product:pullup-and-dip-doorway-bar;product:mirafit-gym-mats;product:atx-fid-bench,setup_complete,Budget Home Gym
P1,READY,gear-setup,fitness,first-hyrox-setup,/setups/first-hyrox-setup,published,STRUCTURALLY_OK,N/A,HIDDEN_404,vertical_hold,n/a,kit,product:reebok-nano-x4;product:garmin-forerunner-965;product:garmin-hrm-pro-plus,setup_complete,First HYROX Setup
P1,READY,gear-setup,fitness,garage-strength-gym,/setups/garage-strength-gym,published,STRUCTURALLY_OK,N/A,HIDDEN_404,vertical_hold,n/a,kit,product:rep-pr-4000;product:rep-ab-5000-zero-gap;product:rogue-ohio-bar;product:rep-black-bumper-plate-set;product:rogue-flogging-horse-stall-mat-note,setup_complete,Garage Strength Gym
P1,READY,gear-setup,fitness,hyrox-home-conditioning,/setups/hyrox-home-conditioning,published,STRUCTURALLY_OK,N/A,HIDDEN_404,vertical_hold,n/a,kit,product:concept2-rowerg;product:concept2-skierg;product:rogue-echo-bike;product:tyr-cxt-2;product:rogue-wall-ball,setup_complete,HYROX Home Conditioning
P1,READY,gear-setup,fitness,hyrox-home-training,/setups/hyrox-home-training,published,STRUCTURALLY_OK,N/A,HIDDEN_404,vertical_hold,n/a,kit,product:concept2-rowerg;product:concept2-skierg-with-stand;product:tyr-cxt-2;product:rogue-wall-ball,setup_complete,HYROX Home Training Setup
P1,READY,gear-setup,fitness,hyrox-race-day-kit,/setups/hyrox-race-day-kit,published,STRUCTURALLY_OK,N/A,HIDDEN_404,vertical_hold,n/a,kit,product:tyr-cxt-2;product:nobull-trainer;product:blackroll-ball,setup_complete,HYROX Race Day Kit
P1,READY,gear-setup,padel,padel-starter-kit,/setups/padel-starter-kit,published,STRUCTURALLY_OK,N/A,HIDDEN_404,vertical_hold,n/a,kit,product:head-coello-pro-2026;product:adidas-courtstabil-padel;product:head-padel-pro-s-balls;product:wilson-padel-overgrip-pack,setup_complete,Padel Starter Kit
P1,READY,gear-setup,tennis,tennis-starter-kit,/setups/tennis-starter-kit,published,STRUCTURALLY_OK,N/A,HIDDEN_404,vertical_hold,n/a,kit,product:wilson-clash-100-v2;product:asics-gel-resolution-9;product:babolat-rpm-blast-1-25,setup_complete,Tennis Starter Kit
P2,NEEDS_EVIDENCE,best-guide,calisthenics,pull-up-bars,/best/pull-up-bars,published,THIN,GENUINELY_UNIQUE,HIDDEN_404,vertical_hold,none,thin_links,product:pullup-and-dip-wall-bar;product:pullup-and-dip-doorway-bar;product:gravity-fitness-pull-up-station;product:gornation-premium-pull-up-bar;product:rogue-monster-lite-pull-up-bar,no_evidence_or_methodology;quality_THIN,Best Pull-Up Bars
P2,NEEDS_RESEARCH,brand-hub,pickleball,joola,/brands/joola,published,THIN,N/A,INDEXABLE,,n/a,products:2,product:joola-ben-johns-hyperion-cfs-16;product:joola-perseus-16,thin_brand_description,JOOLA
P2,NEEDS_RESEARCH,brand-hub,pickleball,selkirk,/brands/selkirk,published,THIN,N/A,HIDDEN_404,brand_hub_not_indexable,n/a,products:1,product:selkirk-ampsed-epic,thin_brand_description,Selkirk
P2,NEEDS_RESEARCH,brand-hub,badminton,victor,/brands/victor,published,THIN,N/A,HIDDEN_404,brand_hub_not_indexable,n/a,products:1,product:victor-thruster-k-falcon,thin_brand_description,Victor
P2,READY,explainer,calisthenics,pull-up-bar-mounting-guide,/guides/pull-up-bar-mounting-guide,published,complete,GENUINELY_UNIQUE,HIDDEN_404,vertical_hold,none,finder|compare,product:pullup-and-dip-doorway-bar;product:pullup-and-dip-wall-bar;product:gravity-fitness-pull-up-station,guide_complete,Pull-Up Bar Mounting Guide
P2,READY,gear-setup,calisthenics,calisthenics-home-setup,/setups/calisthenics-home-setup,published,STRUCTURALLY_OK,N/A,HIDDEN_404,vertical_hold,n/a,kit,product:pullup-and-dip-wall-bar;product:gornation-gymnastic-rings;product:gornation-parallettes-pro;product:gravity-fitness-weighted-vest,setup_complete,Calisthenics Home Setup